pool,problem,composition_model,partition,mechanism_id,mechanism_status,noise_model,variant,baseline_variant,n_pairs,baseline_failures,candidate_failures,completion_delta_mean,penalized_time_delta_mean_s,penalized_delta_ci_low_s,penalized_delta_ci_high_s,both_complete_n,completed_time_delta_mean_s,completed_time_delta_median_s,completed_regression_rate,completed_worst_regression_s,mean_completed_reduction_pct,ci_scope,precision_warning,completed_delta_ci_low_s,completed_delta_ci_high_s
broad,3,broad_joint,all,__design_mixture__,design_mixture_only_not_official_population,all,immediate,joint,64,0,0,0.0,2046.18850925,1812.6906833937503,2284.39102220625,64,2046.18850925,2030.5041364999997,1.0,4468.087615,-44.988680681421016,pointwise paired bootstrap; exploratory and not multiplicity-adjusted,,1825.9297919289063,2271.682880292968
broad,3,broad_joint,all,__design_mixture__,design_mixture_only_not_official_population,all,scan_then_clear,joint,64,0,0,0.0,563.49983559375,482.5433844050782,636.2560871882811,64,563.49983559375,616.4428134999998,0.921875,1217.7734950000004,-12.64727123317335,pointwise paired bootstrap; exploratory and not multiplicity-adjusted,,491.398177775,637.0327415230469
broad,3,broad_joint,all,__design_mixture__,design_mixture_only_not_official_population,correlated,immediate,joint,24,0,0,0.0,2134.985958083333,1730.245268903125,2544.9176359406247,24,2134.985958083333,2102.2770170000003,1.0,4070.400830999999,-46.89137312216718,pointwise paired bootstrap; exploratory and not multiplicity-adjusted,,1742.9697581875,2548.833349636458
broad,3,broad_joint,all,__design_mixture__,design_mixture_only_not_official_population,correlated,scan_then_clear,joint,24,0,0,0.0,651.4760400833334,574.3457022635416,727.1267907458334,24,651.4760400833334,647.5997074999998,1.0,983.7016050000002,-14.329335499812672,pointwise paired bootstrap; exploratory and not multiplicity-adjusted,,576.8375923270834,725.285810721875
broad,3,broad_joint,all,__design_mixture__,design_mixture_only_not_official_population,deterministic,immediate,joint,22,0,0,0.0,2051.6017298636366,1686.2471932931821,2430.934950703409,22,2051.6017298636366,2034.2735954999998,1.0,4318.631835,-45.540641875184065,pointwise paired bootstrap; exploratory and not multiplicity-adjusted,,1685.7126968602272,2429.6958552409087
broad,3,broad_joint,all,__design_mixture__,design_mixture_only_not_official_population,deterministic,scan_then_clear,joint,22,0,0,0.0,598.8793261363637,450.2855649159093,735.0809164829544,22,598.8793261363637,654.4294965000001,0.9545454545454546,1217.7734950000004,-13.648259421953798,pointwise paired bootstrap; exploratory and not multiplicity-adjusted,,457.1439030102274,735.4327735045454
broad,3,broad_joint,all,__design_mixture__,design_mixture_only_not_official_population,extreme,immediate,joint,18,0,0,0.0,1921.175752277778,1556.7019954083332,2381.849200095833,18,1921.175752277778,1749.7697265000002,1.0,4468.087615,-41.7771381902713,pointwise paired bootstrap; exploratory and not multiplicity-adjusted,very small stratum,1550.4552124444444,2357.6954751527783
broad,3,broad_joint,all,__design_mixture__,design_mixture_only_not_official_population,extreme,scan_then_clear,joint,18,0,0,0.0,402.9566300555555,259.7969377694444,551.0176147097222,18,402.9566300555555,497.1369344999998,0.7777777777777778,933.0519679999998,-9.18108886914482,pointwise paired bootstrap; exploratory and not multiplicity-adjusted,very small stratum,248.24715261249992,551.7265387930555
broad,3,broad_joint,development,__design_mixture__,design_mixture_only_not_official_population,all,immediate,joint,64,0,0,0.0,2046.18850925,1818.6022754937499,2283.257680078515,64,2046.18850925,2030.5041364999997,1.0,4468.087615,-44.988680681421016,pointwise paired bootstrap; exploratory and not multiplicity-adjusted,,1826.2608885308596,2275.0078429371097
broad,3,broad_joint,development,__design_mixture__,design_mixture_only_not_official_population,all,scan_then_clear,joint,64,0,0,0.0,563.49983559375,485.38724936875,637.8333213277343,64,563.49983559375,616.4428134999998,0.921875,1217.7734950000004,-12.64727123317335,pointwise paired bootstrap; exploratory and not multiplicity-adjusted,,488.1169619546875,634.5726428996095
broad,3,broad_joint,development,__design_mixture__,design_mixture_only_not_official_population,correlated,immediate,joint,24,0,0,0.0,2134.985958083333,1749.1076430760418,2547.729371192708,24,2134.985958083333,2102.2770170000003,1.0,4070.400830999999,-46.89137312216718,pointwise paired bootstrap; exploratory and not multiplicity-adjusted,,1745.573217945833,2541.9529443697907
broad,3,broad_joint,development,__design_mixture__,design_mixture_only_not_official_population,correlated,scan_then_clear,joint,24,0,0,0.0,651.4760400833334,580.4290851114583,731.7764450135419,24,651.4760400833334,647.5997074999998,1.0,983.7016050000002,-14.329335499812672,pointwise paired bootstrap; exploratory and not multiplicity-adjusted,,574.5220668354168,728.363771221875
broad,3,broad_joint,development,__design_mixture__,design_mixture_only_not_official_population,deterministic,immediate,joint,22,0,0,0.0,2051.6017298636366,1694.4460345511368,2451.7226576772728,22,2051.6017298636366,2034.2735954999998,1.0,4318.631835,-45.540641875184065,pointwise paired bootstrap; exploratory and not multiplicity-adjusted,,1679.3139685886365,2445.463530545455
broad,3,broad_joint,development,__design_mixture__,design_mixture_only_not_official_population,deterministic,scan_then_clear,joint,22,0,0,0.0,598.8793261363637,456.5429936124999,735.3276944318181,22,598.8793261363637,654.4294965000001,0.9545454545454546,1217.7734950000004,-13.648259421953798,pointwise paired bootstrap; exploratory and not multiplicity-adjusted,,459.66223013636375,739.0008469488637
broad,3,broad_joint,development,__design_mixture__,design_mixture_only_not_official_population,extreme,immediate,joint,18,0,0,0.0,1921.175752277778,1547.4722562444445,2366.561879065278,18,1921.175752277778,1749.7697265000002,1.0,4468.087615,-41.7771381902713,pointwise paired bootstrap; exploratory and not multiplicity-adjusted,very small stratum,1537.8645422347224,2357.7469768624997
broad,3,broad_joint,development,__design_mixture__,design_mixture_only_not_official_population,extreme,scan_then_clear,joint,18,0,0,0.0,402.9566300555555,252.7329898680555,541.6207004388889,18,402.9566300555555,497.1369344999998,0.7777777777777778,933.0519679999998,-9.18108886914482,pointwise paired bootstrap; exploratory and not multiplicity-adjusted,very small stratum,254.8671445680556,549.8888769944444
broad,3,broad_joint,all,assumption__radius_max__noise_correlated__scale_150,broad_or_stress_assumption,all,immediate,joint,2,0,0,0.0,2526.694853,1261.425076,3791.9646299999995,2,2526.694853,2526.694853,1.0,3791.9646299999995,-57.81588770790596,pointwise paired bootstrap; exploratory and not multiplicity-adjusted,very small stratum,1261.425076,3791.9646299999995
broad,3,broad_joint,all,assumption__radius_max__noise_correlated__scale_150,broad_or_stress_assumption,all,scan_then_clear,joint,2,0,0,0.0,759.6508179999998,661.6761409999999,857.6254949999998,2,759.6508179999998,759.6508179999998,1.0,857.6254949999998,-18.162078303282915,pointwise paired bootstrap; exploratory and not multiplicity-adjusted,very small stratum,661.6761409999999,857.6254949999998
broad,3,broad_joint,all,assumption__radius_max__noise_correlated__scale_150,broad_or_stress_assumption,correlated,immediate,joint,2,0,0,0.0,2526.694853,1261.425076,3791.9646299999995,2,2526.694853,2526.694853,1.0,3791.9646299999995,-57.81588770790596,pointwise paired bootstrap; exploratory and not multiplicity-adjusted,very small stratum,1261.425076,3791.9646299999995
broad,3,broad_joint,all,assumption__radius_max__noise_correlated__scale_150,broad_or_stress_assumption,correlated,scan_then_clear,joint,2,0,0,0.0,759.6508179999998,661.6761409999999,857.6254949999998,2,759.6508179999998,759.6508179999998,1.0,857.6254949999998,-18.162078303282915,pointwise paired bootstrap; exploratory and not multiplicity-adjusted,very small stratum,661.6761409999999,857.6254949999998
broad,3,broad_joint,development,assumption__radius_max__noise_correlated__scale_150,broad_or_stress_assumption,all,immediate,joint,2,0,0,0.0,2526.694853,1261.425076,3791.9646299999995,2,2526.694853,2526.694853,1.0,3791.9646299999995,-57.81588770790596,pointwise paired bootstrap; exploratory and not multiplicity-adjusted,very small stratum,1261.425076,3791.9646299999995
broad,3,broad_joint,development,assumption__radius_max__noise_correlated__scale_150,broad_or_stress_assumption,all,scan_then_clear,joint,2,0,0,0.0,759.6508179999998,661.6761409999999,857.6254949999998,2,759.6508179999998,759.6508179999998,1.0,857.6254949999998,-18.162078303282915,pointwise paired bootstrap; exploratory and not multiplicity-adjusted,very small stratum,661.6761409999999,857.6254949999998
broad,3,broad_joint,development,assumption__radius_max__noise_correlated__scale_150,broad_or_stress_assumption,correlated,immediate,joint,2,0,0,0.0,2526.694853,1261.425076,3791.9646299999995,2,2526.694853,2526.694853,1.0,3791.9646299999995,-57.81588770790596,pointwise paired bootstrap; exploratory and not multiplicity-adjusted,very small stratum,1261.425076,3791.9646299999995
broad,3,broad_joint,development,assumption__radius_max__noise_correlated__scale_150,broad_or_stress_assumption,correlated,scan_then_clear,joint,2,0,0,0.0,759.6508179999998,661.6761409999999,857.6254949999998,2,759.6508179999998,759.6508179999998,1.0,857.6254949999998,-18.162078303282915,pointwise paired bootstrap; exploratory and not multiplicity-adjusted,very small stratum,661.6761409999999,857.6254949999998
broad,3,broad_joint,all,assumption__radius_max__noise_correlated__scale_300,broad_or_stress_assumption,all,immediate,joint,2,0,0,0.0,3078.4965445000003,2973.5094450000006,3183.483644,2,3078.4965445000003,3078.4965445000003,1.0,3183.483644,-64.62769172568835,pointwise paired bootstrap; exploratory and not multiplicity-adjusted,very small stratum,2973.5094450000006,3183.483644
broad,3,broad_joint,all,assumption__radius_max__noise_correlated__scale_300,broad_or_stress_assumption,all,scan_then_clear,joint,2,0,0,0.0,931.6893760000003,879.6771470000003,983.7016050000002,2,931.6893760000003,931.6893760000003,1.0,983.7016050000002,-19.567330644040624,pointwise paired bootstrap; exploratory and not multiplicity-adjusted,very small stratum,879.6771470000003,983.7016050000002
broad,3,broad_joint,all,assumption__radius_max__noise_correlated__scale_300,broad_or_stress_assumption,correlated,immediate,joint,2,0,0,0.0,3078.4965445000003,2973.5094450000006,3183.483644,2,3078.4965445000003,3078.4965445000003,1.0,3183.483644,-64.62769172568835,pointwise paired bootstrap; exploratory and not multiplicity-adjusted,very small stratum,2973.5094450000006,3183.483644
broad,3,broad_joint,all,assumption__radius_max__noise_correlated__scale_300,broad_or_stress_assumption,correlated,scan_then_clear,joint,2,0,0,0.0,931.6893760000003,879.6771470000003,983.7016050000002,2,931.6893760000003,931.6893760000003,1.0,983.7016050000002,-19.567330644040624,pointwise paired bootstrap; exploratory and not multiplicity-adjusted,very small stratum,879.6771470000003,983.7016050000002
broad,3,broad_joint,development,assumption__radius_max__noise_correlated__scale_300,broad_or_stress_assumption,all,immediate,joint,2,0,0,0.0,3078.4965445000003,2973.5094450000006,3183.483644,2,3078.4965445000003,3078.4965445000003,1.0,3183.483644,-64.62769172568835,pointwise paired bootstrap; exploratory and not multiplicity-adjusted,very small stratum,2973.5094450000006,3183.483644
broad,3,broad_joint,development,assumption__radius_max__noise_correlated__scale_300,broad_or_stress_assumption,all,scan_then_clear,joint,2,0,0,0.0,931.6893760000003,879.6771470000003,983.7016050000002,2,931.6893760000003,931.6893760000003,1.0,983.7016050000002,-19.567330644040624,pointwise paired bootstrap; exploratory and not multiplicity-adjusted,very small stratum,879.6771470000003,983.7016050000002
broad,3,broad_joint,development,assumption__radius_max__noise_correlated__scale_300,broad_or_stress_assumption,correlated,immediate,joint,2,0,0,0.0,3078.4965445000003,2973.5094450000006,3183.483644,2,3078.4965445000003,3078.4965445000003,1.0,3183.483644,-64.62769172568835,pointwise paired bootstrap; exploratory and not multiplicity-adjusted,very small stratum,2973.5094450000006,3183.483644
broad,3,broad_joint,development,assumption__radius_max__noise_correlated__scale_300,broad_or_stress_assumption,correlated,scan_then_clear,joint,2,0,0,0.0,931.6893760000003,879.6771470000003,983.7016050000002,2,931.6893760000003,931.6893760000003,1.0,983.7016050000002,-19.567330644040624,pointwise paired bootstrap; exploratory and not multiplicity-adjusted,very small stratum,879.6771470000003,983.7016050000002
broad,3,broad_joint,all,assumption__radius_max__noise_correlated__scale_75,broad_or_stress_assumption,all,immediate,joint,3,0,0,0.0,3492.003925333333,2861.6576560000008,4070.400830999999,3,3492.003925333333,3543.953289,1.0,4070.400830999999,-76.48834007906476,pointwise paired bootstrap; exploratory and not multiplicity-adjusted,very small stratum,2861.6576560000008,4070.400830999999
broad,3,broad_joint,all,assumption__radius_max__noise_correlated__scale_75,broad_or_stress_assumption,all,scan_then_clear,joint,3,0,0,0.0,698.2573043333332,567.6127589999996,860.2715109999999,3,698.2573043333332,666.887643,1.0,860.2715109999999,-15.293806551941806,pointwise paired bootstrap; exploratory and not multiplicity-adjusted,very small stratum,567.6127589999996,860.2715109999999
broad,3,broad_joint,all,assumption__radius_max__noise_correlated__scale_75,broad_or_stress_assumption,correlated,immediate,joint,3,0,0,0.0,3492.003925333333,2861.6576560000008,4070.400830999999,3,3492.003925333333,3543.953289,1.0,4070.400830999999,-76.48834007906476,pointwise paired bootstrap; exploratory and not multiplicity-adjusted,very small stratum,2861.6576560000008,4070.400830999999
broad,3,broad_joint,all,assumption__radius_max__noise_correlated__scale_75,broad_or_stress_assumption,correlated,scan_then_clear,joint,3,0,0,0.0,698.2573043333332,567.6127589999996,860.2715109999999,3,698.2573043333332,666.887643,1.0,860.2715109999999,-15.293806551941806,pointwise paired bootstrap; exploratory and not multiplicity-adjusted,very small stratum,567.6127589999996,860.2715109999999
broad,3,broad_joint,development,assumption__radius_max__noise_correlated__scale_75,broad_or_stress_assumption,all,immediate,joint,3,0,0,0.0,3492.003925333333,2861.6576560000008,4070.400830999999,3,3492.003925333333,3543.953289,1.0,4070.400830999999,-76.48834007906476,pointwise paired bootstrap; exploratory and not multiplicity-adjusted,very small stratum,2861.6576560000008,4070.400830999999
broad,3,broad_joint,development,assumption__radius_max__noise_correlated__scale_75,broad_or_stress_assumption,all,scan_then_clear,joint,3,0,0,0.0,698.2573043333332,567.6127589999996,860.2715109999999,3,698.2573043333332,666.887643,1.0,860.2715109999999,-15.293806551941806,pointwise paired bootstrap; exploratory and not multiplicity-adjusted,very small stratum,567.6127589999996,860.2715109999999
broad,3,broad_joint,development,assumption__radius_max__noise_correlated__scale_75,broad_or_stress_assumption,correlated,immediate,joint,3,0,0,0.0,3492.003925333333,2861.6576560000008,4070.400830999999,3,3492.003925333333,3543.953289,1.0,4070.400830999999,-76.48834007906476,pointwise paired bootstrap; exploratory and not multiplicity-adjusted,very small stratum,2861.6576560000008,4070.400830999999
broad,3,broad_joint,development,assumption__radius_max__noise_correlated__scale_75,broad_or_stress_assumption,correlated,scan_then_clear,joint,3,0,0,0.0,698.2573043333332,567.6127589999996,860.2715109999999,3,698.2573043333332,666.887643,1.0,860.2715109999999,-15.293806551941806,pointwise paired bootstrap; exploratory and not multiplicity-adjusted,very small stratum,567.6127589999996,860.2715109999999
broad,3,broad_joint,all,assumption__radius_max__noise_deterministic__scale_150,broad_or_stress_assumption,all,immediate,joint,3,0,0,0.0,2559.704772333334,1767.4869500000004,3894.599830000001,3,2559.704772333334,2017.027537,1.0,3894.599830000001,-56.27482240516511,pointwise paired bootstrap; exploratory and not multiplicity-adjusted,very small stratum,1767.4869500000004,3894.599830000001
broad,3,broad_joint,all,assumption__radius_max__noise_deterministic__scale_150,broad_or_stress_assumption,all,scan_then_clear,joint,3,0,0,0.0,617.5476613333336,308.2398740000008,820.52142,3,617.5476613333336,723.8816900000002,1.0,820.52142,-13.701957232330052,pointwise paired bootstrap; exploratory and not multiplicity-adjusted,very small stratum,308.2398740000008,820.52142
broad,3,broad_joint,all,assumption__radius_max__noise_deterministic__scale_150,broad_or_stress_assumption,deterministic,immediate,joint,3,0,0,0.0,2559.704772333334,1767.4869500000004,3894.599830000001,3,2559.704772333334,2017.027537,1.0,3894.599830000001,-56.27482240516511,pointwise paired bootstrap; exploratory and not multiplicity-adjusted,very small stratum,1767.4869500000004,3894.599830000001
broad,3,broad_joint,all,assumption__radius_max__noise_deterministic__scale_150,broad_or_stress_assumption,deterministic,scan_then_clear,joint,3,0,0,0.0,617.5476613333336,308.2398740000008,820.52142,3,617.5476613333336,723.8816900000002,1.0,820.52142,-13.701957232330052,pointwise paired bootstrap; exploratory and not multiplicity-adjusted,very small stratum,308.2398740000008,820.52142
broad,3,broad_joint,development,assumption__radius_max__noise_deterministic__scale_150,broad_or_stress_assumption,all,immediate,joint,3,0,0,0.0,2559.704772333334,1767.4869500000004,3894.599830000001,3,2559.704772333334,2017.027537,1.0,3894.599830000001,-56.27482240516511,pointwise paired bootstrap; exploratory and not multiplicity-adjusted,very small stratum,1767.4869500000004,3894.599830000001
broad,3,broad_joint,development,assumption__radius_max__noise_deterministic__scale_150,broad_or_stress_assumption,all,scan_then_clear,joint,3,0,0,0.0,617.5476613333336,308.2398740000008,820.52142,3,617.5476613333336,723.8816900000002,1.0,820.52142,-13.701957232330052,pointwise paired bootstrap; exploratory and not multiplicity-adjusted,very small stratum,308.2398740000008,820.52142
broad,3,broad_joint,development,assumption__radius_max__noise_deterministic__scale_150,broad_or_stress_assumption,deterministic,immediate,joint,3,0,0,0.0,2559.704772333334,1767.4869500000004,3894.599830000001,3,2559.704772333334,2017.027537,1.0,3894.599830000001,-56.27482240516511,pointwise paired bootstrap; exploratory and not multiplicity-adjusted,very small stratum,1767.4869500000004,3894.599830000001
broad,3,broad_joint,development,assumption__radius_max__noise_deterministic__scale_150,broad_or_stress_assumption,deterministic,scan_then_clear,joint,3,0,0,0.0,617.5476613333336,308.2398740000008,820.52142,3,617.5476613333336,723.8816900000002,1.0,820.52142,-13.701957232330052,pointwise paired bootstrap; exploratory and not multiplicity-adjusted,very small stratum,308.2398740000008,820.52142
broad,3,broad_joint,all,assumption__radius_max__noise_deterministic__scale_300,broad_or_stress_assumption,all,immediate,joint,1,0,0,0.0,4318.631835,,,1,4318.631835,4318.631835,1.0,4318.631835,-86.69898148061776,pointwise paired bootstrap; exploratory and not multiplicity-adjusted,very small stratum,,
broad,3,broad_joint,all,assumption__radius_max__noise_deterministic__scale_300,broad_or_stress_assumption,all,scan_then_clear,joint,1,0,0,0.0,655.5622830000002,,,1,655.5622830000002,655.5622830000002,1.0,655.5622830000002,-13.160784342064321,pointwise paired bootstrap; exploratory and not multiplicity-adjusted,very small stratum,,
broad,3,broad_joint,all,assumption__radius_max__noise_deterministic__scale_300,broad_or_stress_assumption,deterministic,immediate,joint,1,0,0,0.0,4318.631835,,,1,4318.631835,4318.631835,1.0,4318.631835,-86.69898148061776,pointwise paired bootstrap; exploratory and not multiplicity-adjusted,very small stratum,,
broad,3,broad_joint,all,assumption__radius_max__noise_deterministic__scale_300,broad_or_stress_assumption,deterministic,scan_then_clear,joint,1,0,0,0.0,655.5622830000002,,,1,655.5622830000002,655.5622830000002,1.0,655.5622830000002,-13.160784342064321,pointwise paired bootstrap; exploratory and not multiplicity-adjusted,very small stratum,,
broad,3,broad_joint,development,assumption__radius_max__noise_deterministic__scale_300,broad_or_stress_assumption,all,immediate,joint,1,0,0,0.0,4318.631835,,,1,4318.631835,4318.631835,1.0,4318.631835,-86.69898148061776,pointwise paired bootstrap; exploratory and not multiplicity-adjusted,very small stratum,,
broad,3,broad_joint,development,assumption__radius_max__noise_deterministic__scale_300,broad_or_stress_assumption,all,scan_then_clear,joint,1,0,0,0.0,655.5622830000002,,,1,655.5622830000002,655.5622830000002,1.0,655.5622830000002,-13.160784342064321,pointwise paired bootstrap; exploratory and not multiplicity-adjusted,very small stratum,,
broad,3,broad_joint,development,assumption__radius_max__noise_deterministic__scale_300,broad_or_stress_assumption,deterministic,immediate,joint,1,0,0,0.0,4318.631835,,,1,4318.631835,4318.631835,1.0,4318.631835,-86.69898148061776,pointwise paired bootstrap; exploratory and not multiplicity-adjusted,very small stratum,,
broad,3,broad_joint,development,assumption__radius_max__noise_deterministic__scale_300,broad_or_stress_assumption,deterministic,scan_then_clear,joint,1,0,0,0.0,655.5622830000002,,,1,655.5622830000002,655.5622830000002,1.0,655.5622830000002,-13.160784342064321,pointwise paired bootstrap; exploratory and not multiplicity-adjusted,very small stratum,,
broad,3,broad_joint,all,assumption__radius_max__noise_deterministic__scale_75,broad_or_stress_assumption,all,immediate,joint,2,0,0,0.0,2762.189177,2390.5522209999995,3133.8261330000005,2,2762.189177,2762.189177,1.0,3133.8261330000005,-65.19980658727972,pointwise paired bootstrap; exploratory and not multiplicity-adjusted,very small stratum,2390.5522209999995,3133.8261330000005
broad,3,broad_joint,all,assumption__radius_max__noise_deterministic__scale_75,broad_or_stress_assumption,all,scan_then_clear,joint,2,0,0,0.0,720.0509585000002,653.2967100000001,786.8052070000003,2,720.0509585000002,720.0509585000002,1.0,786.8052070000003,-17.039395186118877,pointwise paired bootstrap; exploratory and not multiplicity-adjusted,very small stratum,653.2967100000001,786.8052070000003
broad,3,broad_joint,all,assumption__radius_max__noise_deterministic__scale_75,broad_or_stress_assumption,deterministic,immediate,joint,2,0,0,0.0,2762.189177,2390.5522209999995,3133.8261330000005,2,2762.189177,2762.189177,1.0,3133.8261330000005,-65.19980658727972,pointwise paired bootstrap; exploratory and not multiplicity-adjusted,very small stratum,2390.5522209999995,3133.8261330000005
broad,3,broad_joint,all,assumption__radius_max__noise_deterministic__scale_75,broad_or_stress_assumption,deterministic,scan_then_clear,joint,2,0,0,0.0,720.0509585000002,653.2967100000001,786.8052070000003,2,720.0509585000002,720.0509585000002,1.0,786.8052070000003,-17.039395186118877,pointwise paired bootstrap; exploratory and not multiplicity-adjusted,very small stratum,653.2967100000001,786.8052070000003
broad,3,broad_joint,development,assumption__radius_max__noise_deterministic__scale_75,broad_or_stress_assumption,all,immediate,joint,2,0,0,0.0,2762.189177,2390.5522209999995,3133.8261330000005,2,2762.189177,2762.189177,1.0,3133.8261330000005,-65.19980658727972,pointwise paired bootstrap; exploratory and not multiplicity-adjusted,very small stratum,2390.5522209999995,3133.8261330000005
broad,3,broad_joint,development,assumption__radius_max__noise_deterministic__scale_75,broad_or_stress_assumption,all,scan_then_clear,joint,2,0,0,0.0,720.0509585000002,653.2967100000001,786.8052070000003,2,720.0509585000002,720.0509585000002,1.0,786.8052070000003,-17.039395186118877,pointwise paired bootstrap; exploratory and not multiplicity-adjusted,very small stratum,653.2967100000001,786.8052070000003
broad,3,broad_joint,development,assumption__radius_max__noise_deterministic__scale_75,broad_or_stress_assumption,deterministic,immediate,joint,2,0,0,0.0,2762.189177,2390.5522209999995,3133.8261330000005,2,2762.189177,2762.189177,1.0,3133.8261330000005,-65.19980658727972,pointwise paired bootstrap; exploratory and not multiplicity-adjusted,very small stratum,2390.5522209999995,3133.8261330000005
broad,3,broad_joint,development,assumption__radius_max__noise_deterministic__scale_75,broad_or_stress_assumption,deterministic,scan_then_clear,joint,2,0,0,0.0,720.0509585000002,653.2967100000001,786.8052070000003,2,720.0509585000002,720.0509585000002,1.0,786.8052070000003,-17.039395186118877,pointwise paired bootstrap; exploratory and not multiplicity-adjusted,very small stratum,653.2967100000001,786.8052070000003
broad,3,broad_joint,all,assumption__radius_max__noise_extreme__scale_150,broad_or_stress_assumption,all,immediate,joint,2,0,0,0.0,2376.6109395,2317.8135979999997,2435.408281,2,2376.6109395,2376.6109395,1.0,2435.408281,-50.636519528228185,pointwise paired bootstrap; exploratory and not multiplicity-adjusted,very small stratum,2317.8135979999997,2435.408281
broad,3,broad_joint,all,assumption__radius_max__noise_extreme__scale_150,broad_or_stress_assumption,all,scan_then_clear,joint,2,0,0,0.0,574.104358,499.702139,648.5065770000001,2,574.104358,574.104358,1.0,648.5065770000001,-12.4091796249425,pointwise paired bootstrap; exploratory and not multiplicity-adjusted,very small stratum,499.702139,648.5065770000001
broad,3,broad_joint,all,assumption__radius_max__noise_extreme__scale_150,broad_or_stress_assumption,extreme,immediate,joint,2,0,0,0.0,2376.6109395,2317.8135979999997,2435.408281,2,2376.6109395,2376.6109395,1.0,2435.408281,-50.636519528228185,pointwise paired bootstrap; exploratory and not multiplicity-adjusted,very small stratum,2317.8135979999997,2435.408281
broad,3,broad_joint,all,assumption__radius_max__noise_extreme__scale_150,broad_or_stress_assumption,extreme,scan_then_clear,joint,2,0,0,0.0,574.104358,499.702139,648.5065770000001,2,574.104358,574.104358,1.0,648.5065770000001,-12.4091796249425,pointwise paired bootstrap; exploratory and not multiplicity-adjusted,very small stratum,499.702139,648.5065770000001
broad,3,broad_joint,development,assumption__radius_max__noise_extreme__scale_150,broad_or_stress_assumption,all,immediate,joint,2,0,0,0.0,2376.6109395,2317.8135979999997,2435.408281,2,2376.6109395,2376.6109395,1.0,2435.408281,-50.636519528228185,pointwise paired bootstrap; exploratory and not multiplicity-adjusted,very small stratum,2317.8135979999997,2435.408281
broad,3,broad_joint,development,assumption__radius_max__noise_extreme__scale_150,broad_or_stress_assumption,all,scan_then_clear,joint,2,0,0,0.0,574.104358,499.702139,648.5065770000001,2,574.104358,574.104358,1.0,648.5065770000001,-12.4091796249425,pointwise paired bootstrap; exploratory and not multiplicity-adjusted,very small stratum,499.702139,648.5065770000001
broad,3,broad_joint,development,assumption__radius_max__noise_extreme__scale_150,broad_or_stress_assumption,extreme,immediate,joint,2,0,0,0.0,2376.6109395,2317.8135979999997,2435.408281,2,2376.6109395,2376.6109395,1.0,2435.408281,-50.636519528228185,pointwise paired bootstrap; exploratory and not multiplicity-adjusted,very small stratum,2317.8135979999997,2435.408281
broad,3,broad_joint,development,assumption__radius_max__noise_extreme__scale_150,broad_or_stress_assumption,extreme,scan_then_clear,joint,2,0,0,0.0,574.104358,499.702139,648.5065770000001,2,574.104358,574.104358,1.0,648.5065770000001,-12.4091796249425,pointwise paired bootstrap; exploratory and not multiplicity-adjusted,very small stratum,499.702139,648.5065770000001
broad,3,broad_joint,all,assumption__radius_max__noise_extreme__scale_300,broad_or_stress_assumption,all,immediate,joint,1,0,0,0.0,4468.087615,,,1,4468.087615,4468.087615,1.0,4468.087615,-98.78933090655482,pointwise paired bootstrap; exploratory and not multiplicity-adjusted,very small stratum,,
broad,3,broad_joint,all,assumption__radius_max__noise_extreme__scale_300,broad_or_stress_assumption,all,scan_then_clear,joint,1,0,0,0.0,670.4876789999998,,,1,670.4876789999998,670.4876789999998,1.0,670.4876789999998,-14.8244696382255,pointwise paired bootstrap; exploratory and not multiplicity-adjusted,very small stratum,,
broad,3,broad_joint,all,assumption__radius_max__noise_extreme__scale_300,broad_or_stress_assumption,extreme,immediate,joint,1,0,0,0.0,4468.087615,,,1,4468.087615,4468.087615,1.0,4468.087615,-98.78933090655482,pointwise paired bootstrap; exploratory and not multiplicity-adjusted,very small stratum,,
broad,3,broad_joint,all,assumption__radius_max__noise_extreme__scale_300,broad_or_stress_assumption,extreme,scan_then_clear,joint,1,0,0,0.0,670.4876789999998,,,1,670.4876789999998,670.4876789999998,1.0,670.4876789999998,-14.8244696382255,pointwise paired bootstrap; exploratory and not multiplicity-adjusted,very small stratum,,
broad,3,broad_joint,development,assumption__radius_max__noise_extreme__scale_300,broad_or_stress_assumption,all,immediate,joint,1,0,0,0.0,4468.087615,,,1,4468.087615,4468.087615,1.0,4468.087615,-98.78933090655482,pointwise paired bootstrap; exploratory and not multiplicity-adjusted,very small stratum,,
broad,3,broad_joint,development,assumption__radius_max__noise_extreme__scale_300,broad_or_stress_assumption,all,scan_then_clear,joint,1,0,0,0.0,670.4876789999998,,,1,670.4876789999998,670.4876789999998,1.0,670.4876789999998,-14.8244696382255,pointwise paired bootstrap; exploratory and not multiplicity-adjusted,very small stratum,,
broad,3,broad_joint,development,assumption__radius_max__noise_extreme__scale_300,broad_or_stress_assumption,extreme,immediate,joint,1,0,0,0.0,4468.087615,,,1,4468.087615,4468.087615,1.0,4468.087615,-98.78933090655482,pointwise paired bootstrap; exploratory and not multiplicity-adjusted,very small stratum,,
broad,3,broad_joint,development,assumption__radius_max__noise_extreme__scale_300,broad_or_stress_assumption,extreme,scan_then_clear,joint,1,0,0,0.0,670.4876789999998,,,1,670.4876789999998,670.4876789999998,1.0,670.4876789999998,-14.8244696382255,pointwise paired bootstrap; exploratory and not multiplicity-adjusted,very small stratum,,
broad,3,broad_joint,all,assumption__radius_max__noise_extreme__scale_75,broad_or_stress_assumption,all,immediate,joint,3,0,0,0.0,2295.4244553333333,783.1701720000001,3204.5590809999994,3,2295.4244553333333,2898.544113,1.0,3204.5590809999994,-47.807793047587154,pointwise paired bootstrap; exploratory and not multiplicity-adjusted,very small stratum,783.1701720000001,3204.5590809999994
broad,3,broad_joint,all,assumption__radius_max__noise_extreme__scale_75,broad_or_stress_assumption,all,scan_then_clear,joint,3,0,0,0.0,332.28399699999983,186.33407499999976,619.219803,3,332.28399699999983,191.29811299999983,1.0,619.219803,-7.309933486944295,pointwise paired bootstrap; exploratory and not multiplicity-adjusted,very small stratum,186.33407499999976,619.219803
broad,3,broad_joint,all,assumption__radius_max__noise_extreme__scale_75,broad_or_stress_assumption,extreme,immediate,joint,3,0,0,0.0,2295.4244553333333,783.1701720000001,3204.5590809999994,3,2295.4244553333333,2898.544113,1.0,3204.5590809999994,-47.807793047587154,pointwise paired bootstrap; exploratory and not multiplicity-adjusted,very small stratum,783.1701720000001,3204.5590809999994
broad,3,broad_joint,all,assumption__radius_max__noise_extreme__scale_75,broad_or_stress_assumption,extreme,scan_then_clear,joint,3,0,0,0.0,332.28399699999983,186.33407499999976,619.219803,3,332.28399699999983,191.29811299999983,1.0,619.219803,-7.309933486944295,pointwise paired bootstrap; exploratory and not multiplicity-adjusted,very small stratum,186.33407499999976,619.219803
broad,3,broad_joint,development,assumption__radius_max__noise_extreme__scale_75,broad_or_stress_assumption,all,immediate,joint,3,0,0,0.0,2295.4244553333333,783.1701720000001,3204.5590809999994,3,2295.4244553333333,2898.544113,1.0,3204.5590809999994,-47.807793047587154,pointwise paired bootstrap; exploratory and not multiplicity-adjusted,very small stratum,783.1701720000001,3204.5590809999994
broad,3,broad_joint,development,assumption__radius_max__noise_extreme__scale_75,broad_or_stress_assumption,all,scan_then_clear,joint,3,0,0,0.0,332.28399699999983,186.33407499999976,619.219803,3,332.28399699999983,191.29811299999983,1.0,619.219803,-7.309933486944295,pointwise paired bootstrap; exploratory and not multiplicity-adjusted,very small stratum,186.33407499999976,619.219803
broad,3,broad_joint,development,assumption__radius_max__noise_extreme__scale_75,broad_or_stress_assumption,extreme,immediate,joint,3,0,0,0.0,2295.4244553333333,783.1701720000001,3204.5590809999994,3,2295.4244553333333,2898.544113,1.0,3204.5590809999994,-47.807793047587154,pointwise paired bootstrap; exploratory and not multiplicity-adjusted,very small stratum,783.1701720000001,3204.5590809999994
broad,3,broad_joint,development,assumption__radius_max__noise_extreme__scale_75,broad_or_stress_assumption,extreme,scan_then_clear,joint,3,0,0,0.0,332.28399699999983,186.33407499999976,619.219803,3,332.28399699999983,191.29811299999983,1.0,619.219803,-7.309933486944295,pointwise paired bootstrap; exploratory and not multiplicity-adjusted,very small stratum,186.33407499999976,619.219803
broad,3,broad_joint,all,assumption__radius_min__noise_correlated__scale_150,broad_or_stress_assumption,all,immediate,joint,3,0,0,0.0,1426.5098303333334,1126.342716,1767.2963909999999,3,1426.5098303333334,1385.8903840000003,1.0,1767.2963909999999,-31.703534091416554,pointwise paired bootstrap; exploratory and not multiplicity-adjusted,very small stratum,1126.342716,1767.2963909999999
broad,3,broad_joint,all,assumption__radius_min__noise_correlated__scale_150,broad_or_stress_assumption,all,scan_then_clear,joint,3,0,0,0.0,596.0482153333332,382.9947739999998,801.2834970000004,3,596.0482153333332,603.8663749999996,1.0,801.2834970000004,-13.332431105404568,pointwise paired bootstrap; exploratory and not multiplicity-adjusted,very small stratum,382.9947739999998,801.2834970000004
broad,3,broad_joint,all,assumption__radius_min__noise_correlated__scale_150,broad_or_stress_assumption,correlated,immediate,joint,3,0,0,0.0,1426.5098303333334,1126.342716,1767.2963909999999,3,1426.5098303333334,1385.8903840000003,1.0,1767.2963909999999,-31.703534091416554,pointwise paired bootstrap; exploratory and not multiplicity-adjusted,very small stratum,1126.342716,1767.2963909999999
broad,3,broad_joint,all,assumption__radius_min__noise_correlated__scale_150,broad_or_stress_assumption,correlated,scan_then_clear,joint,3,0,0,0.0,596.0482153333332,382.9947739999998,801.2834970000004,3,596.0482153333332,603.8663749999996,1.0,801.2834970000004,-13.332431105404568,pointwise paired bootstrap; exploratory and not multiplicity-adjusted,very small stratum,382.9947739999998,801.2834970000004
broad,3,broad_joint,development,assumption__radius_min__noise_correlated__scale_150,broad_or_stress_assumption,all,immediate,joint,3,0,0,0.0,1426.5098303333334,1126.342716,1767.2963909999999,3,1426.5098303333334,1385.8903840000003,1.0,1767.2963909999999,-31.703534091416554,pointwise paired bootstrap; exploratory and not multiplicity-adjusted,very small stratum,1126.342716,1767.2963909999999
broad,3,broad_joint,development,assumption__radius_min__noise_correlated__scale_150,broad_or_stress_assumption,all,scan_then_clear,joint,3,0,0,0.0,596.0482153333332,382.9947739999998,801.2834970000004,3,596.0482153333332,603.8663749999996,1.0,801.2834970000004,-13.332431105404568,pointwise paired bootstrap; exploratory and not multiplicity-adjusted,very small stratum,382.9947739999998,801.2834970000004
broad,3,broad_joint,development,assumption__radius_min__noise_correlated__scale_150,broad_or_stress_assumption,correlated,immediate,joint,3,0,0,0.0,1426.5098303333334,1126.342716,1767.2963909999999,3,1426.5098303333334,1385.8903840000003,1.0,1767.2963909999999,-31.703534091416554,pointwise paired bootstrap; exploratory and not multiplicity-adjusted,very small stratum,1126.342716,1767.2963909999999
broad,3,broad_joint,development,assumption__radius_min__noise_correlated__scale_150,broad_or_stress_assumption,correlated,scan_then_clear,joint,3,0,0,0.0,596.0482153333332,382.9947739999998,801.2834970000004,3,596.0482153333332,603.8663749999996,1.0,801.2834970000004,-13.332431105404568,pointwise paired bootstrap; exploratory and not multiplicity-adjusted,very small stratum,382.9947739999998,801.2834970000004
broad,3,broad_joint,all,assumption__radius_min__noise_correlated__scale_300,broad_or_stress_assumption,all,immediate,joint,3,0,0,0.0,1064.435784,508.8393699999997,2071.0140650000003,3,1064.435784,613.4539169999998,1.0,2071.0140650000003,-21.872565837238586,pointwise paired bootstrap; exploratory and not multiplicity-adjusted,very small stratum,508.8393699999997,2071.0140650000003
broad,3,broad_joint,all,assumption__radius_min__noise_correlated__scale_300,broad_or_stress_assumption,all,scan_then_clear,joint,3,0,0,0.0,561.6196833333333,328.30702699999983,854.9316900000003,3,561.6196833333333,501.62033299999985,1.0,854.9316900000003,-11.650646602062062,pointwise paired bootstrap; exploratory and not multiplicity-adjusted,very small stratum,328.30702699999983,854.9316900000003
broad,3,broad_joint,all,assumption__radius_min__noise_correlated__scale_300,broad_or_stress_assumption,correlated,immediate,joint,3,0,0,0.0,1064.435784,508.8393699999997,2071.0140650000003,3,1064.435784,613.4539169999998,1.0,2071.0140650000003,-21.872565837238586,pointwise paired bootstrap; exploratory and not multiplicity-adjusted,very small stratum,508.8393699999997,2071.0140650000003
broad,3,broad_joint,all,assumption__radius_min__noise_correlated__scale_300,broad_or_stress_assumption,correlated,scan_then_clear,joint,3,0,0,0.0,561.6196833333333,328.30702699999983,854.9316900000003,3,561.6196833333333,501.62033299999985,1.0,854.9316900000003,-11.650646602062062,pointwise paired bootstrap; exploratory and not multiplicity-adjusted,very small stratum,328.30702699999983,854.9316900000003
broad,3,broad_joint,development,assumption__radius_min__noise_correlated__scale_300,broad_or_stress_assumption,all,immediate,joint,3,0,0,0.0,1064.435784,508.8393699999997,2071.0140650000003,3,1064.435784,613.4539169999998,1.0,2071.0140650000003,-21.872565837238586,pointwise paired bootstrap; exploratory and not multiplicity-adjusted,very small stratum,508.8393699999997,2071.0140650000003
broad,3,broad_joint,development,assumption__radius_min__noise_correlated__scale_300,broad_or_stress_assumption,all,scan_then_clear,joint,3,0,0,0.0,561.6196833333333,328.30702699999983,854.9316900000003,3,561.6196833333333,501.62033299999985,1.0,854.9316900000003,-11.650646602062062,pointwise paired bootstrap; exploratory and not multiplicity-adjusted,very small stratum,328.30702699999983,854.9316900000003
broad,3,broad_joint,development,assumption__radius_min__noise_correlated__scale_300,broad_or_stress_assumption,correlated,immediate,joint,3,0,0,0.0,1064.435784,508.8393699999997,2071.0140650000003,3,1064.435784,613.4539169999998,1.0,2071.0140650000003,-21.872565837238586,pointwise paired bootstrap; exploratory and not multiplicity-adjusted,very small stratum,508.8393699999997,2071.0140650000003
broad,3,broad_joint,development,assumption__radius_min__noise_correlated__scale_300,broad_or_stress_assumption,correlated,scan_then_clear,joint,3,0,0,0.0,561.6196833333333,328.30702699999983,854.9316900000003,3,561.6196833333333,501.62033299999985,1.0,854.9316900000003,-11.650646602062062,pointwise paired bootstrap; exploratory and not multiplicity-adjusted,very small stratum,328.30702699999983,854.9316900000003
broad,3,broad_joint,all,assumption__radius_min__noise_correlated__scale_75,broad_or_stress_assumption,all,immediate,joint,3,0,0,0.0,1216.2780989999999,630.1465549999994,2145.0014899999996,3,1216.2780989999999,873.6862520000004,1.0,2145.0014899999996,-27.788536162467583,pointwise paired bootstrap; exploratory and not multiplicity-adjusted,very small stratum,630.1465549999994,2145.0014899999996
broad,3,broad_joint,all,assumption__radius_min__noise_correlated__scale_75,broad_or_stress_assumption,all,scan_then_clear,joint,3,0,0,0.0,666.701359,496.7843249999996,833.2601960000002,3,666.701359,670.0595560000002,1.0,833.2601960000002,-15.15590112801207,pointwise paired bootstrap; exploratory and not multiplicity-adjusted,very small stratum,496.7843249999996,833.2601960000002
broad,3,broad_joint,all,assumption__radius_min__noise_correlated__scale_75,broad_or_stress_assumption,correlated,immediate,joint,3,0,0,0.0,1216.2780989999999,630.1465549999994,2145.0014899999996,3,1216.2780989999999,873.6862520000004,1.0,2145.0014899999996,-27.788536162467583,pointwise paired bootstrap; exploratory and not multiplicity-adjusted,very small stratum,630.1465549999994,2145.0014899999996
broad,3,broad_joint,all,assumption__radius_min__noise_correlated__scale_75,broad_or_stress_assumption,correlated,scan_then_clear,joint,3,0,0,0.0,666.701359,496.7843249999996,833.2601960000002,3,666.701359,670.0595560000002,1.0,833.2601960000002,-15.15590112801207,pointwise paired bootstrap; exploratory and not multiplicity-adjusted,very small stratum,496.7843249999996,833.2601960000002
broad,3,broad_joint,development,assumption__radius_min__noise_correlated__scale_75,broad_or_stress_assumption,all,immediate,joint,3,0,0,0.0,1216.2780989999999,630.1465549999994,2145.0014899999996,3,1216.2780989999999,873.6862520000004,1.0,2145.0014899999996,-27.788536162467583,pointwise paired bootstrap; exploratory and not multiplicity-adjusted,very small stratum,630.1465549999994,2145.0014899999996
broad,3,broad_joint,development,assumption__radius_min__noise_correlated__scale_75,broad_or_stress_assumption,all,scan_then_clear,joint,3,0,0,0.0,666.701359,496.7843249999996,833.2601960000002,3,666.701359,670.0595560000002,1.0,833.2601960000002,-15.15590112801207,pointwise paired bootstrap; exploratory and not multiplicity-adjusted,very small stratum,496.7843249999996,833.2601960000002
broad,3,broad_joint,development,assumption__radius_min__noise_correlated__scale_75,broad_or_stress_assumption,correlated,immediate,joint,3,0,0,0.0,1216.2780989999999,630.1465549999994,2145.0014899999996,3,1216.2780989999999,873.6862520000004,1.0,2145.0014899999996,-27.788536162467583,pointwise paired bootstrap; exploratory and not multiplicity-adjusted,very small stratum,630.1465549999994,2145.0014899999996
broad,3,broad_joint,development,assumption__radius_min__noise_correlated__scale_75,broad_or_stress_assumption,correlated,scan_then_clear,joint,3,0,0,0.0,666.701359,496.7843249999996,833.2601960000002,3,666.701359,670.0595560000002,1.0,833.2601960000002,-15.15590112801207,pointwise paired bootstrap; exploratory and not multiplicity-adjusted,very small stratum,496.7843249999996,833.2601960000002
broad,3,broad_joint,all,assumption__radius_min__noise_deterministic__scale_150,broad_or_stress_assumption,all,immediate,joint,2,0,0,0.0,1356.5870850000001,811.9973520000003,1901.176818,2,1356.5870850000001,1356.5870850000001,1.0,1901.176818,-30.246570161366453,pointwise paired bootstrap; exploratory and not multiplicity-adjusted,very small stratum,811.9973520000003,1901.176818
broad,3,broad_joint,all,assumption__radius_min__noise_deterministic__scale_150,broad_or_stress_assumption,all,scan_then_clear,joint,2,0,0,0.0,489.87780450000037,-238.01788599999963,1217.7734950000004,2,489.87780450000037,489.87780450000037,0.5,1217.7734950000004,-11.773970544405316,pointwise paired bootstrap; exploratory and not multiplicity-adjusted,very small stratum,-238.01788599999963,1217.7734950000004
broad,3,broad_joint,all,assumption__radius_min__noise_deterministic__scale_150,broad_or_stress_assumption,deterministic,immediate,joint,2,0,0,0.0,1356.5870850000001,811.9973520000003,1901.176818,2,1356.5870850000001,1356.5870850000001,1.0,1901.176818,-30.246570161366453,pointwise paired bootstrap; exploratory and not multiplicity-adjusted,very small stratum,811.9973520000003,1901.176818
broad,3,broad_joint,all,assumption__radius_min__noise_deterministic__scale_150,broad_or_stress_assumption,deterministic,scan_then_clear,joint,2,0,0,0.0,489.87780450000037,-238.01788599999963,1217.7734950000004,2,489.87780450000037,489.87780450000037,0.5,1217.7734950000004,-11.773970544405316,pointwise paired bootstrap; exploratory and not multiplicity-adjusted,very small stratum,-238.01788599999963,1217.7734950000004
broad,3,broad_joint,development,assumption__radius_min__noise_deterministic__scale_150,broad_or_stress_assumption,all,immediate,joint,2,0,0,0.0,1356.5870850000001,811.9973520000003,1901.176818,2,1356.5870850000001,1356.5870850000001,1.0,1901.176818,-30.246570161366453,pointwise paired bootstrap; exploratory and not multiplicity-adjusted,very small stratum,811.9973520000003,1901.176818
broad,3,broad_joint,development,assumption__radius_min__noise_deterministic__scale_150,broad_or_stress_assumption,all,scan_then_clear,joint,2,0,0,0.0,489.87780450000037,-238.01788599999963,1217.7734950000004,2,489.87780450000037,489.87780450000037,0.5,1217.7734950000004,-11.773970544405316,pointwise paired bootstrap; exploratory and not multiplicity-adjusted,very small stratum,-238.01788599999963,1217.7734950000004
broad,3,broad_joint,development,assumption__radius_min__noise_deterministic__scale_150,broad_or_stress_assumption,deterministic,immediate,joint,2,0,0,0.0,1356.5870850000001,811.9973520000003,1901.176818,2,1356.5870850000001,1356.5870850000001,1.0,1901.176818,-30.246570161366453,pointwise paired bootstrap; exploratory and not multiplicity-adjusted,very small stratum,811.9973520000003,1901.176818
broad,3,broad_joint,development,assumption__radius_min__noise_deterministic__scale_150,broad_or_stress_assumption,deterministic,scan_then_clear,joint,2,0,0,0.0,489.87780450000037,-238.01788599999963,1217.7734950000004,2,489.87780450000037,489.87780450000037,0.5,1217.7734950000004,-11.773970544405316,pointwise paired bootstrap; exploratory and not multiplicity-adjusted,very small stratum,-238.01788599999963,1217.7734950000004
broad,3,broad_joint,all,assumption__radius_min__noise_deterministic__scale_300,broad_or_stress_assumption,all,immediate,joint,3,0,0,0.0,1699.3829143333335,764.1290480000007,2252.163861,3,1699.3829143333335,2081.855834,1.0,2252.163861,-38.56070491034129,pointwise paired bootstrap; exploratory and not multiplicity-adjusted,very small stratum,764.1290480000007,2252.163861
broad,3,broad_joint,all,assumption__radius_min__noise_deterministic__scale_300,broad_or_stress_assumption,all,scan_then_clear,joint,3,0,0,0.0,460.6599023333335,160.44060199999967,634.8821820000003,3,460.6599023333335,586.6569230000005,1.0,634.8821820000003,-10.624381887362086,pointwise paired bootstrap; exploratory and not multiplicity-adjusted,very small stratum,160.44060199999967,634.8821820000003
broad,3,broad_joint,all,assumption__radius_min__noise_deterministic__scale_300,broad_or_stress_assumption,deterministic,immediate,joint,3,0,0,0.0,1699.3829143333335,764.1290480000007,2252.163861,3,1699.3829143333335,2081.855834,1.0,2252.163861,-38.56070491034129,pointwise paired bootstrap; exploratory and not multiplicity-adjusted,very small stratum,764.1290480000007,2252.163861
broad,3,broad_joint,all,assumption__radius_min__noise_deterministic__scale_300,broad_or_stress_assumption,deterministic,scan_then_clear,joint,3,0,0,0.0,460.6599023333335,160.44060199999967,634.8821820000003,3,460.6599023333335,586.6569230000005,1.0,634.8821820000003,-10.624381887362086,pointwise paired bootstrap; exploratory and not multiplicity-adjusted,very small stratum,160.44060199999967,634.8821820000003
broad,3,broad_joint,development,assumption__radius_min__noise_deterministic__scale_300,broad_or_stress_assumption,all,immediate,joint,3,0,0,0.0,1699.3829143333335,764.1290480000007,2252.163861,3,1699.3829143333335,2081.855834,1.0,2252.163861,-38.56070491034129,pointwise paired bootstrap; exploratory and not multiplicity-adjusted,very small stratum,764.1290480000007,2252.163861
broad,3,broad_joint,development,assumption__radius_min__noise_deterministic__scale_300,broad_or_stress_assumption,all,scan_then_clear,joint,3,0,0,0.0,460.6599023333335,160.44060199999967,634.8821820000003,3,460.6599023333335,586.6569230000005,1.0,634.8821820000003,-10.624381887362086,pointwise paired bootstrap; exploratory and not multiplicity-adjusted,very small stratum,160.44060199999967,634.8821820000003
broad,3,broad_joint,development,assumption__radius_min__noise_deterministic__scale_300,broad_or_stress_assumption,deterministic,immediate,joint,3,0,0,0.0,1699.3829143333335,764.1290480000007,2252.163861,3,1699.3829143333335,2081.855834,1.0,2252.163861,-38.56070491034129,pointwise paired bootstrap; exploratory and not multiplicity-adjusted,very small stratum,764.1290480000007,2252.163861
broad,3,broad_joint,development,assumption__radius_min__noise_deterministic__scale_300,broad_or_stress_assumption,deterministic,scan_then_clear,joint,3,0,0,0.0,460.6599023333335,160.44060199999967,634.8821820000003,3,460.6599023333335,586.6569230000005,1.0,634.8821820000003,-10.624381887362086,pointwise paired bootstrap; exploratory and not multiplicity-adjusted,very small stratum,160.44060199999967,634.8821820000003
broad,3,broad_joint,all,assumption__radius_min__noise_deterministic__scale_75,broad_or_stress_assumption,all,immediate,joint,3,0,0,0.0,1162.3569703333335,664.0424940000003,1786.6654159999998,3,1162.3569703333335,1036.3630010000002,1.0,1786.6654159999998,-26.19269269962778,pointwise paired bootstrap; exploratory and not multiplicity-adjusted,very small stratum,664.0424940000003,1786.6654159999998
broad,3,broad_joint,all,assumption__radius_min__noise_deterministic__scale_75,broad_or_stress_assumption,all,scan_then_clear,joint,3,0,0,0.0,652.9105323333334,382.79682800000046,906.9663869999999,3,652.9105323333334,668.968382,1.0,906.9663869999999,-15.201945785479596,pointwise paired bootstrap; exploratory and not multiplicity-adjusted,very small stratum,382.79682800000046,906.9663869999999
broad,3,broad_joint,all,assumption__radius_min__noise_deterministic__scale_75,broad_or_stress_assumption,deterministic,immediate,joint,3,0,0,0.0,1162.3569703333335,664.0424940000003,1786.6654159999998,3,1162.3569703333335,1036.3630010000002,1.0,1786.6654159999998,-26.19269269962778,pointwise paired bootstrap; exploratory and not multiplicity-adjusted,very small stratum,664.0424940000003,1786.6654159999998
broad,3,broad_joint,all,assumption__radius_min__noise_deterministic__scale_75,broad_or_stress_assumption,deterministic,scan_then_clear,joint,3,0,0,0.0,652.9105323333334,382.79682800000046,906.9663869999999,3,652.9105323333334,668.968382,1.0,906.9663869999999,-15.201945785479596,pointwise paired bootstrap; exploratory and not multiplicity-adjusted,very small stratum,382.79682800000046,906.9663869999999
broad,3,broad_joint,development,assumption__radius_min__noise_deterministic__scale_75,broad_or_stress_assumption,all,immediate,joint,3,0,0,0.0,1162.3569703333335,664.0424940000003,1786.6654159999998,3,1162.3569703333335,1036.3630010000002,1.0,1786.6654159999998,-26.19269269962778,pointwise paired bootstrap; exploratory and not multiplicity-adjusted,very small stratum,664.0424940000003,1786.6654159999998
broad,3,broad_joint,development,assumption__radius_min__noise_deterministic__scale_75,broad_or_stress_assumption,all,scan_then_clear,joint,3,0,0,0.0,652.9105323333334,382.79682800000046,906.9663869999999,3,652.9105323333334,668.968382,1.0,906.9663869999999,-15.201945785479596,pointwise paired bootstrap; exploratory and not multiplicity-adjusted,very small stratum,382.79682800000046,906.9663869999999
broad,3,broad_joint,development,assumption__radius_min__noise_deterministic__scale_75,broad_or_stress_assumption,deterministic,immediate,joint,3,0,0,0.0,1162.3569703333335,664.0424940000003,1786.6654159999998,3,1162.3569703333335,1036.3630010000002,1.0,1786.6654159999998,-26.19269269962778,pointwise paired bootstrap; exploratory and not multiplicity-adjusted,very small stratum,664.0424940000003,1786.6654159999998
broad,3,broad_joint,development,assumption__radius_min__noise_deterministic__scale_75,broad_or_stress_assumption,deterministic,scan_then_clear,joint,3,0,0,0.0,652.9105323333334,382.79682800000046,906.9663869999999,3,652.9105323333334,668.968382,1.0,906.9663869999999,-15.201945785479596,pointwise paired bootstrap; exploratory and not multiplicity-adjusted,very small stratum,382.79682800000046,906.9663869999999
broad,3,broad_joint,all,assumption__radius_min__noise_extreme__scale_150,broad_or_stress_assumption,all,immediate,joint,3,0,0,0.0,1578.4582879999998,1274.3464809999996,2004.119968,3,1578.4582879999998,1456.9084149999999,1.0,2004.119968,-35.65244597411409,pointwise paired bootstrap; exploratory and not multiplicity-adjusted,very small stratum,1274.3464809999996,2004.119968
broad,3,broad_joint,all,assumption__radius_min__noise_extreme__scale_150,broad_or_stress_assumption,all,scan_then_clear,joint,3,0,0,0.0,671.4641046666666,494.57172999999966,933.0519679999998,3,671.4641046666666,586.7686160000003,1.0,933.0519679999998,-15.130348196665118,pointwise paired bootstrap; exploratory and not multiplicity-adjusted,very small stratum,494.57172999999966,933.0519679999998
broad,3,broad_joint,all,assumption__radius_min__noise_extreme__scale_150,broad_or_stress_assumption,extreme,immediate,joint,3,0,0,0.0,1578.4582879999998,1274.3464809999996,2004.119968,3,1578.4582879999998,1456.9084149999999,1.0,2004.119968,-35.65244597411409,pointwise paired bootstrap; exploratory and not multiplicity-adjusted,very small stratum,1274.3464809999996,2004.119968
broad,3,broad_joint,all,assumption__radius_min__noise_extreme__scale_150,broad_or_stress_assumption,extreme,scan_then_clear,joint,3,0,0,0.0,671.4641046666666,494.57172999999966,933.0519679999998,3,671.4641046666666,586.7686160000003,1.0,933.0519679999998,-15.130348196665118,pointwise paired bootstrap; exploratory and not multiplicity-adjusted,very small stratum,494.57172999999966,933.0519679999998
broad,3,broad_joint,development,assumption__radius_min__noise_extreme__scale_150,broad_or_stress_assumption,all,immediate,joint,3,0,0,0.0,1578.4582879999998,1274.3464809999996,2004.119968,3,1578.4582879999998,1456.9084149999999,1.0,2004.119968,-35.65244597411409,pointwise paired bootstrap; exploratory and not multiplicity-adjusted,very small stratum,1274.3464809999996,2004.119968
broad,3,broad_joint,development,assumption__radius_min__noise_extreme__scale_150,broad_or_stress_assumption,all,scan_then_clear,joint,3,0,0,0.0,671.4641046666666,494.57172999999966,933.0519679999998,3,671.4641046666666,586.7686160000003,1.0,933.0519679999998,-15.130348196665118,pointwise paired bootstrap; exploratory and not multiplicity-adjusted,very small stratum,494.57172999999966,933.0519679999998
broad,3,broad_joint,development,assumption__radius_min__noise_extreme__scale_150,broad_or_stress_assumption,extreme,immediate,joint,3,0,0,0.0,1578.4582879999998,1274.3464809999996,2004.119968,3,1578.4582879999998,1456.9084149999999,1.0,2004.119968,-35.65244597411409,pointwise paired bootstrap; exploratory and not multiplicity-adjusted,very small stratum,1274.3464809999996,2004.119968
broad,3,broad_joint,development,assumption__radius_min__noise_extreme__scale_150,broad_or_stress_assumption,extreme,scan_then_clear,joint,3,0,0,0.0,671.4641046666666,494.57172999999966,933.0519679999998,3,671.4641046666666,586.7686160000003,1.0,933.0519679999998,-15.130348196665118,pointwise paired bootstrap; exploratory and not multiplicity-adjusted,very small stratum,494.57172999999966,933.0519679999998
broad,3,broad_joint,all,assumption__radius_min__noise_extreme__scale_300,broad_or_stress_assumption,all,immediate,joint,2,0,0,0.0,1124.8626385000002,828.4416340000007,1421.2836429999998,2,1124.8626385000002,1124.8626385000002,1.0,1421.2836429999998,-23.078167365779862,pointwise paired bootstrap; exploratory and not multiplicity-adjusted,very small stratum,828.4416340000007,1421.2836429999998
broad,3,broad_joint,all,assumption__radius_min__noise_extreme__scale_300,broad_or_stress_assumption,all,scan_then_clear,joint,2,0,0,0.0,-72.84847549999995,-138.84116900000026,-6.8557819999996354,2,-72.84847549999995,-72.84847549999995,0.0,-6.8557819999996354,1.4364028572132435,pointwise paired bootstrap; exploratory and not multiplicity-adjusted,very small stratum,-138.84116900000026,-6.8557819999996354
broad,3,broad_joint,all,assumption__radius_min__noise_extreme__scale_300,broad_or_stress_assumption,extreme,immediate,joint,2,0,0,0.0,1124.8626385000002,828.4416340000007,1421.2836429999998,2,1124.8626385000002,1124.8626385000002,1.0,1421.2836429999998,-23.078167365779862,pointwise paired bootstrap; exploratory and not multiplicity-adjusted,very small stratum,828.4416340000007,1421.2836429999998
broad,3,broad_joint,all,assumption__radius_min__noise_extreme__scale_300,broad_or_stress_assumption,extreme,scan_then_clear,joint,2,0,0,0.0,-72.84847549999995,-138.84116900000026,-6.8557819999996354,2,-72.84847549999995,-72.84847549999995,0.0,-6.8557819999996354,1.4364028572132435,pointwise paired bootstrap; exploratory and not multiplicity-adjusted,very small stratum,-138.84116900000026,-6.8557819999996354
broad,3,broad_joint,development,assumption__radius_min__noise_extreme__scale_300,broad_or_stress_assumption,all,immediate,joint,2,0,0,0.0,1124.8626385000002,828.4416340000007,1421.2836429999998,2,1124.8626385000002,1124.8626385000002,1.0,1421.2836429999998,-23.078167365779862,pointwise paired bootstrap; exploratory and not multiplicity-adjusted,very small stratum,828.4416340000007,1421.2836429999998
broad,3,broad_joint,development,assumption__radius_min__noise_extreme__scale_300,broad_or_stress_assumption,all,scan_then_clear,joint,2,0,0,0.0,-72.84847549999995,-138.84116900000026,-6.8557819999996354,2,-72.84847549999995,-72.84847549999995,0.0,-6.8557819999996354,1.4364028572132435,pointwise paired bootstrap; exploratory and not multiplicity-adjusted,very small stratum,-138.84116900000026,-6.8557819999996354
broad,3,broad_joint,development,assumption__radius_min__noise_extreme__scale_300,broad_or_stress_assumption,extreme,immediate,joint,2,0,0,0.0,1124.8626385000002,828.4416340000007,1421.2836429999998,2,1124.8626385000002,1124.8626385000002,1.0,1421.2836429999998,-23.078167365779862,pointwise paired bootstrap; exploratory and not multiplicity-adjusted,very small stratum,828.4416340000007,1421.2836429999998
broad,3,broad_joint,development,assumption__radius_min__noise_extreme__scale_300,broad_or_stress_assumption,extreme,scan_then_clear,joint,2,0,0,0.0,-72.84847549999995,-138.84116900000026,-6.8557819999996354,2,-72.84847549999995,-72.84847549999995,0.0,-6.8557819999996354,1.4364028572132435,pointwise paired bootstrap; exploratory and not multiplicity-adjusted,very small stratum,-138.84116900000026,-6.8557819999996354
broad,3,broad_joint,all,assumption__radius_min__noise_extreme__scale_75,broad_or_stress_assumption,all,immediate,joint,2,0,0,0.0,1314.5870034999998,1023.6518999999998,1605.5221069999998,2,1314.5870034999998,1314.5870034999998,1.0,1605.5221069999998,-29.323982545910752,pointwise paired bootstrap; exploratory and not multiplicity-adjusted,very small stratum,1023.6518999999998,1605.5221069999998
broad,3,broad_joint,all,assumption__radius_min__noise_extreme__scale_75,broad_or_stress_assumption,all,scan_then_clear,joint,2,0,0,0.0,186.31255599999986,-63.20111700000052,435.82622900000024,2,186.31255599999986,186.31255599999986,0.5,435.82622900000024,-4.472891309148504,pointwise paired bootstrap; exploratory and not multiplicity-adjusted,very small stratum,-63.20111700000052,435.82622900000024
broad,3,broad_joint,all,assumption__radius_min__noise_extreme__scale_75,broad_or_stress_assumption,extreme,immediate,joint,2,0,0,0.0,1314.5870034999998,1023.6518999999998,1605.5221069999998,2,1314.5870034999998,1314.5870034999998,1.0,1605.5221069999998,-29.323982545910752,pointwise paired bootstrap; exploratory and not multiplicity-adjusted,very small stratum,1023.6518999999998,1605.5221069999998
broad,3,broad_joint,all,assumption__radius_min__noise_extreme__scale_75,broad_or_stress_assumption,extreme,scan_then_clear,joint,2,0,0,0.0,186.31255599999986,-63.20111700000052,435.82622900000024,2,186.31255599999986,186.31255599999986,0.5,435.82622900000024,-4.472891309148504,pointwise paired bootstrap; exploratory and not multiplicity-adjusted,very small stratum,-63.20111700000052,435.82622900000024
broad,3,broad_joint,development,assumption__radius_min__noise_extreme__scale_75,broad_or_stress_assumption,all,immediate,joint,2,0,0,0.0,1314.5870034999998,1023.6518999999998,1605.5221069999998,2,1314.5870034999998,1314.5870034999998,1.0,1605.5221069999998,-29.323982545910752,pointwise paired bootstrap; exploratory and not multiplicity-adjusted,very small stratum,1023.6518999999998,1605.5221069999998
broad,3,broad_joint,development,assumption__radius_min__noise_extreme__scale_75,broad_or_stress_assumption,all,scan_then_clear,joint,2,0,0,0.0,186.31255599999986,-63.20111700000052,435.82622900000024,2,186.31255599999986,186.31255599999986,0.5,435.82622900000024,-4.472891309148504,pointwise paired bootstrap; exploratory and not multiplicity-adjusted,very small stratum,-63.20111700000052,435.82622900000024
broad,3,broad_joint,development,assumption__radius_min__noise_extreme__scale_75,broad_or_stress_assumption,extreme,immediate,joint,2,0,0,0.0,1314.5870034999998,1023.6518999999998,1605.5221069999998,2,1314.5870034999998,1314.5870034999998,1.0,1605.5221069999998,-29.323982545910752,pointwise paired bootstrap; exploratory and not multiplicity-adjusted,very small stratum,1023.6518999999998,1605.5221069999998
broad,3,broad_joint,development,assumption__radius_min__noise_extreme__scale_75,broad_or_stress_assumption,extreme,scan_then_clear,joint,2,0,0,0.0,186.31255599999986,-63.20111700000052,435.82622900000024,2,186.31255599999986,186.31255599999986,0.5,435.82622900000024,-4.472891309148504,pointwise paired bootstrap; exploratory and not multiplicity-adjusted,very small stratum,-63.20111700000052,435.82622900000024
broad,3,broad_joint,all,assumption__radius_mixed__noise_correlated__scale_150,broad_or_stress_assumption,all,immediate,joint,3,0,0,0.0,2589.230415,2128.046134,2822.9737999999998,3,2589.230415,2816.671311,1.0,2822.9737999999998,-56.495080957957946,pointwise paired bootstrap; exploratory and not multiplicity-adjusted,very small stratum,2128.046134,2822.9737999999998
broad,3,broad_joint,all,assumption__radius_mixed__noise_correlated__scale_150,broad_or_stress_assumption,all,scan_then_clear,joint,3,0,0,0.0,665.6159646666669,433.5715460000001,949.6105240000006,3,665.6159646666669,613.6658239999997,1.0,949.6105240000006,-14.410910052536996,pointwise paired bootstrap; exploratory and not multiplicity-adjusted,very small stratum,433.5715460000001,949.6105240000006
broad,3,broad_joint,all,assumption__radius_mixed__noise_correlated__scale_150,broad_or_stress_assumption,correlated,immediate,joint,3,0,0,0.0,2589.230415,2128.046134,2822.9737999999998,3,2589.230415,2816.671311,1.0,2822.9737999999998,-56.495080957957946,pointwise paired bootstrap; exploratory and not multiplicity-adjusted,very small stratum,2128.046134,2822.9737999999998
broad,3,broad_joint,all,assumption__radius_mixed__noise_correlated__scale_150,broad_or_stress_assumption,correlated,scan_then_clear,joint,3,0,0,0.0,665.6159646666669,433.5715460000001,949.6105240000006,3,665.6159646666669,613.6658239999997,1.0,949.6105240000006,-14.410910052536996,pointwise paired bootstrap; exploratory and not multiplicity-adjusted,very small stratum,433.5715460000001,949.6105240000006
broad,3,broad_joint,development,assumption__radius_mixed__noise_correlated__scale_150,broad_or_stress_assumption,all,immediate,joint,3,0,0,0.0,2589.230415,2128.046134,2822.9737999999998,3,2589.230415,2816.671311,1.0,2822.9737999999998,-56.495080957957946,pointwise paired bootstrap; exploratory and not multiplicity-adjusted,very small stratum,2128.046134,2822.9737999999998
broad,3,broad_joint,development,assumption__radius_mixed__noise_correlated__scale_150,broad_or_stress_assumption,all,scan_then_clear,joint,3,0,0,0.0,665.6159646666669,433.5715460000001,949.6105240000006,3,665.6159646666669,613.6658239999997,1.0,949.6105240000006,-14.410910052536996,pointwise paired bootstrap; exploratory and not multiplicity-adjusted,very small stratum,433.5715460000001,949.6105240000006
broad,3,broad_joint,development,assumption__radius_mixed__noise_correlated__scale_150,broad_or_stress_assumption,correlated,immediate,joint,3,0,0,0.0,2589.230415,2128.046134,2822.9737999999998,3,2589.230415,2816.671311,1.0,2822.9737999999998,-56.495080957957946,pointwise paired bootstrap; exploratory and not multiplicity-adjusted,very small stratum,2128.046134,2822.9737999999998
broad,3,broad_joint,development,assumption__radius_mixed__noise_correlated__scale_150,broad_or_stress_assumption,correlated,scan_then_clear,joint,3,0,0,0.0,665.6159646666669,433.5715460000001,949.6105240000006,3,665.6159646666669,613.6658239999997,1.0,949.6105240000006,-14.410910052536996,pointwise paired bootstrap; exploratory and not multiplicity-adjusted,very small stratum,433.5715460000001,949.6105240000006
broad,3,broad_joint,all,assumption__radius_mixed__noise_correlated__scale_300,broad_or_stress_assumption,all,immediate,joint,2,0,0,0.0,2009.556199,1454.462974,2564.649424,2,2009.556199,2009.556199,1.0,2564.649424,-41.10883680358843,pointwise paired bootstrap; exploratory and not multiplicity-adjusted,very small stratum,1454.462974,2564.649424
broad,3,broad_joint,all,assumption__radius_mixed__noise_correlated__scale_300,broad_or_stress_assumption,all,scan_then_clear,joint,2,0,0,0.0,472.9445915000001,445.3985480000001,500.4906350000001,2,472.9445915000001,472.9445915000001,1.0,500.4906350000001,-9.619335775599964,pointwise paired bootstrap; exploratory and not multiplicity-adjusted,very small stratum,445.3985480000001,500.4906350000001
broad,3,broad_joint,all,assumption__radius_mixed__noise_correlated__scale_300,broad_or_stress_assumption,correlated,immediate,joint,2,0,0,0.0,2009.556199,1454.462974,2564.649424,2,2009.556199,2009.556199,1.0,2564.649424,-41.10883680358843,pointwise paired bootstrap; exploratory and not multiplicity-adjusted,very small stratum,1454.462974,2564.649424
broad,3,broad_joint,all,assumption__radius_mixed__noise_correlated__scale_300,broad_or_stress_assumption,correlated,scan_then_clear,joint,2,0,0,0.0,472.9445915000001,445.3985480000001,500.4906350000001,2,472.9445915000001,472.9445915000001,1.0,500.4906350000001,-9.619335775599964,pointwise paired bootstrap; exploratory and not multiplicity-adjusted,very small stratum,445.3985480000001,500.4906350000001
broad,3,broad_joint,development,assumption__radius_mixed__noise_correlated__scale_300,broad_or_stress_assumption,all,immediate,joint,2,0,0,0.0,2009.556199,1454.462974,2564.649424,2,2009.556199,2009.556199,1.0,2564.649424,-41.10883680358843,pointwise paired bootstrap; exploratory and not multiplicity-adjusted,very small stratum,1454.462974,2564.649424
broad,3,broad_joint,development,assumption__radius_mixed__noise_correlated__scale_300,broad_or_stress_assumption,all,scan_then_clear,joint,2,0,0,0.0,472.9445915000001,445.3985480000001,500.4906350000001,2,472.9445915000001,472.9445915000001,1.0,500.4906350000001,-9.619335775599964,pointwise paired bootstrap; exploratory and not multiplicity-adjusted,very small stratum,445.3985480000001,500.4906350000001
broad,3,broad_joint,development,assumption__radius_mixed__noise_correlated__scale_300,broad_or_stress_assumption,correlated,immediate,joint,2,0,0,0.0,2009.556199,1454.462974,2564.649424,2,2009.556199,2009.556199,1.0,2564.649424,-41.10883680358843,pointwise paired bootstrap; exploratory and not multiplicity-adjusted,very small stratum,1454.462974,2564.649424
broad,3,broad_joint,development,assumption__radius_mixed__noise_correlated__scale_300,broad_or_stress_assumption,correlated,scan_then_clear,joint,2,0,0,0.0,472.9445915000001,445.3985480000001,500.4906350000001,2,472.9445915000001,472.9445915000001,1.0,500.4906350000001,-9.619335775599964,pointwise paired bootstrap; exploratory and not multiplicity-adjusted,very small stratum,445.3985480000001,500.4906350000001
broad,3,broad_joint,all,assumption__radius_mixed__noise_correlated__scale_75,broad_or_stress_assumption,all,immediate,joint,3,0,0,0.0,2214.9312133333333,2043.9807359999995,2524.305004,3,2214.9312133333333,2076.5079,1.0,2524.305004,-51.74798369107021,pointwise paired bootstrap; exploratory and not multiplicity-adjusted,very small stratum,2043.9807359999995,2524.305004
broad,3,broad_joint,all,assumption__radius_mixed__noise_correlated__scale_75,broad_or_stress_assumption,all,scan_then_clear,joint,3,0,0,0.0,580.7092703333333,334.0359470000003,774.5685899999999,3,580.7092703333333,633.5232739999997,1.0,774.5685899999999,-13.225158743261538,pointwise paired bootstrap; exploratory and not multiplicity-adjusted,very small stratum,334.0359470000003,774.5685899999999
broad,3,broad_joint,all,assumption__radius_mixed__noise_correlated__scale_75,broad_or_stress_assumption,correlated,immediate,joint,3,0,0,0.0,2214.9312133333333,2043.9807359999995,2524.305004,3,2214.9312133333333,2076.5079,1.0,2524.305004,-51.74798369107021,pointwise paired bootstrap; exploratory and not multiplicity-adjusted,very small stratum,2043.9807359999995,2524.305004
broad,3,broad_joint,all,assumption__radius_mixed__noise_correlated__scale_75,broad_or_stress_assumption,correlated,scan_then_clear,joint,3,0,0,0.0,580.7092703333333,334.0359470000003,774.5685899999999,3,580.7092703333333,633.5232739999997,1.0,774.5685899999999,-13.225158743261538,pointwise paired bootstrap; exploratory and not multiplicity-adjusted,very small stratum,334.0359470000003,774.5685899999999
broad,3,broad_joint,development,assumption__radius_mixed__noise_correlated__scale_75,broad_or_stress_assumption,all,immediate,joint,3,0,0,0.0,2214.9312133333333,2043.9807359999995,2524.305004,3,2214.9312133333333,2076.5079,1.0,2524.305004,-51.74798369107021,pointwise paired bootstrap; exploratory and not multiplicity-adjusted,very small stratum,2043.9807359999995,2524.305004
broad,3,broad_joint,development,assumption__radius_mixed__noise_correlated__scale_75,broad_or_stress_assumption,all,scan_then_clear,joint,3,0,0,0.0,580.7092703333333,334.0359470000003,774.5685899999999,3,580.7092703333333,633.5232739999997,1.0,774.5685899999999,-13.225158743261538,pointwise paired bootstrap; exploratory and not multiplicity-adjusted,very small stratum,334.0359470000003,774.5685899999999
broad,3,broad_joint,development,assumption__radius_mixed__noise_correlated__scale_75,broad_or_stress_assumption,correlated,immediate,joint,3,0,0,0.0,2214.9312133333333,2043.9807359999995,2524.305004,3,2214.9312133333333,2076.5079,1.0,2524.305004,-51.74798369107021,pointwise paired bootstrap; exploratory and not multiplicity-adjusted,very small stratum,2043.9807359999995,2524.305004
broad,3,broad_joint,development,assumption__radius_mixed__noise_correlated__scale_75,broad_or_stress_assumption,correlated,scan_then_clear,joint,3,0,0,0.0,580.7092703333333,334.0359470000003,774.5685899999999,3,580.7092703333333,633.5232739999997,1.0,774.5685899999999,-13.225158743261538,pointwise paired bootstrap; exploratory and not multiplicity-adjusted,very small stratum,334.0359470000003,774.5685899999999
broad,3,broad_joint,all,assumption__radius_mixed__noise_deterministic__scale_150,broad_or_stress_assumption,all,immediate,joint,3,0,0,0.0,1856.2656783333332,1212.1638329999996,2305.1135480000003,3,1856.2656783333332,2051.5196539999997,1.0,2305.1135480000003,-41.266902384993756,pointwise paired bootstrap; exploratory and not multiplicity-adjusted,very small stratum,1212.1638329999996,2305.1135480000003
broad,3,broad_joint,all,assumption__radius_mixed__noise_deterministic__scale_150,broad_or_stress_assumption,all,scan_then_clear,joint,3,0,0,0.0,562.583838333333,82.13807699999961,884.1435009999996,3,562.583838333333,721.4699369999998,1.0,884.1435009999996,-12.967373855178776,pointwise paired bootstrap; exploratory and not multiplicity-adjusted,very small stratum,82.13807699999961,884.1435009999996
broad,3,broad_joint,all,assumption__radius_mixed__noise_deterministic__scale_150,broad_or_stress_assumption,deterministic,immediate,joint,3,0,0,0.0,1856.2656783333332,1212.1638329999996,2305.1135480000003,3,1856.2656783333332,2051.5196539999997,1.0,2305.1135480000003,-41.266902384993756,pointwise paired bootstrap; exploratory and not multiplicity-adjusted,very small stratum,1212.1638329999996,2305.1135480000003
broad,3,broad_joint,all,assumption__radius_mixed__noise_deterministic__scale_150,broad_or_stress_assumption,deterministic,scan_then_clear,joint,3,0,0,0.0,562.583838333333,82.13807699999961,884.1435009999996,3,562.583838333333,721.4699369999998,1.0,884.1435009999996,-12.967373855178776,pointwise paired bootstrap; exploratory and not multiplicity-adjusted,very small stratum,82.13807699999961,884.1435009999996
broad,3,broad_joint,development,assumption__radius_mixed__noise_deterministic__scale_150,broad_or_stress_assumption,all,immediate,joint,3,0,0,0.0,1856.2656783333332,1212.1638329999996,2305.1135480000003,3,1856.2656783333332,2051.5196539999997,1.0,2305.1135480000003,-41.266902384993756,pointwise paired bootstrap; exploratory and not multiplicity-adjusted,very small stratum,1212.1638329999996,2305.1135480000003
broad,3,broad_joint,development,assumption__radius_mixed__noise_deterministic__scale_150,broad_or_stress_assumption,all,scan_then_clear,joint,3,0,0,0.0,562.583838333333,82.13807699999961,884.1435009999996,3,562.583838333333,721.4699369999998,1.0,884.1435009999996,-12.967373855178776,pointwise paired bootstrap; exploratory and not multiplicity-adjusted,very small stratum,82.13807699999961,884.1435009999996
broad,3,broad_joint,development,assumption__radius_mixed__noise_deterministic__scale_150,broad_or_stress_assumption,deterministic,immediate,joint,3,0,0,0.0,1856.2656783333332,1212.1638329999996,2305.1135480000003,3,1856.2656783333332,2051.5196539999997,1.0,2305.1135480000003,-41.266902384993756,pointwise paired bootstrap; exploratory and not multiplicity-adjusted,very small stratum,1212.1638329999996,2305.1135480000003
broad,3,broad_joint,development,assumption__radius_mixed__noise_deterministic__scale_150,broad_or_stress_assumption,deterministic,scan_then_clear,joint,3,0,0,0.0,562.583838333333,82.13807699999961,884.1435009999996,3,562.583838333333,721.4699369999998,1.0,884.1435009999996,-12.967373855178776,pointwise paired bootstrap; exploratory and not multiplicity-adjusted,very small stratum,82.13807699999961,884.1435009999996
broad,3,broad_joint,all,assumption__radius_mixed__noise_deterministic__scale_300,broad_or_stress_assumption,all,immediate,joint,2,0,0,0.0,2649.4510474999997,2183.8082939999995,3115.093801,2,2649.4510474999997,2649.4510474999997,1.0,3115.093801,-62.50816297435823,pointwise paired bootstrap; exploratory and not multiplicity-adjusted,very small stratum,2183.8082939999995,3115.093801
broad,3,broad_joint,all,assumption__radius_mixed__noise_deterministic__scale_300,broad_or_stress_assumption,all,scan_then_clear,joint,2,0,0,0.0,880.8201899999999,604.9706829999996,1156.6696970000003,2,880.8201899999999,880.8201899999999,1.0,1156.6696970000003,-20.65027953163014,pointwise paired bootstrap; exploratory and not multiplicity-adjusted,very small stratum,604.9706829999996,1156.6696970000003
broad,3,broad_joint,all,assumption__radius_mixed__noise_deterministic__scale_300,broad_or_stress_assumption,deterministic,immediate,joint,2,0,0,0.0,2649.4510474999997,2183.8082939999995,3115.093801,2,2649.4510474999997,2649.4510474999997,1.0,3115.093801,-62.50816297435823,pointwise paired bootstrap; exploratory and not multiplicity-adjusted,very small stratum,2183.8082939999995,3115.093801
broad,3,broad_joint,all,assumption__radius_mixed__noise_deterministic__scale_300,broad_or_stress_assumption,deterministic,scan_then_clear,joint,2,0,0,0.0,880.8201899999999,604.9706829999996,1156.6696970000003,2,880.8201899999999,880.8201899999999,1.0,1156.6696970000003,-20.65027953163014,pointwise paired bootstrap; exploratory and not multiplicity-adjusted,very small stratum,604.9706829999996,1156.6696970000003
broad,3,broad_joint,development,assumption__radius_mixed__noise_deterministic__scale_300,broad_or_stress_assumption,all,immediate,joint,2,0,0,0.0,2649.4510474999997,2183.8082939999995,3115.093801,2,2649.4510474999997,2649.4510474999997,1.0,3115.093801,-62.50816297435823,pointwise paired bootstrap; exploratory and not multiplicity-adjusted,very small stratum,2183.8082939999995,3115.093801
broad,3,broad_joint,development,assumption__radius_mixed__noise_deterministic__scale_300,broad_or_stress_assumption,all,scan_then_clear,joint,2,0,0,0.0,880.8201899999999,604.9706829999996,1156.6696970000003,2,880.8201899999999,880.8201899999999,1.0,1156.6696970000003,-20.65027953163014,pointwise paired bootstrap; exploratory and not multiplicity-adjusted,very small stratum,604.9706829999996,1156.6696970000003
broad,3,broad_joint,development,assumption__radius_mixed__noise_deterministic__scale_300,broad_or_stress_assumption,deterministic,immediate,joint,2,0,0,0.0,2649.4510474999997,2183.8082939999995,3115.093801,2,2649.4510474999997,2649.4510474999997,1.0,3115.093801,-62.50816297435823,pointwise paired bootstrap; exploratory and not multiplicity-adjusted,very small stratum,2183.8082939999995,3115.093801
broad,3,broad_joint,development,assumption__radius_mixed__noise_deterministic__scale_300,broad_or_stress_assumption,deterministic,scan_then_clear,joint,2,0,0,0.0,880.8201899999999,604.9706829999996,1156.6696970000003,2,880.8201899999999,880.8201899999999,1.0,1156.6696970000003,-20.65027953163014,pointwise paired bootstrap; exploratory and not multiplicity-adjusted,very small stratum,604.9706829999996,1156.6696970000003
broad,3,broad_joint,all,assumption__radius_mixed__noise_deterministic__scale_75,broad_or_stress_assumption,all,immediate,joint,3,0,0,0.0,1815.6735323333335,1583.5158700000002,2198.1781710000005,3,1815.6735323333335,1665.326556,1.0,2198.1781710000005,-37.466897709013004,pointwise paired bootstrap; exploratory and not multiplicity-adjusted,very small stratum,1583.5158700000002,2198.1781710000005
broad,3,broad_joint,all,assumption__radius_mixed__noise_deterministic__scale_75,broad_or_stress_assumption,all,scan_then_clear,joint,3,0,0,0.0,485.7263943333334,153.557143,719.09022,3,485.7263943333334,584.5318200000002,1.0,719.09022,-10.228885378519676,pointwise paired bootstrap; exploratory and not multiplicity-adjusted,very small stratum,153.557143,719.09022
broad,3,broad_joint,all,assumption__radius_mixed__noise_deterministic__scale_75,broad_or_stress_assumption,deterministic,immediate,joint,3,0,0,0.0,1815.6735323333335,1583.5158700000002,2198.1781710000005,3,1815.6735323333335,1665.326556,1.0,2198.1781710000005,-37.466897709013004,pointwise paired bootstrap; exploratory and not multiplicity-adjusted,very small stratum,1583.5158700000002,2198.1781710000005
broad,3,broad_joint,all,assumption__radius_mixed__noise_deterministic__scale_75,broad_or_stress_assumption,deterministic,scan_then_clear,joint,3,0,0,0.0,485.7263943333334,153.557143,719.09022,3,485.7263943333334,584.5318200000002,1.0,719.09022,-10.228885378519676,pointwise paired bootstrap; exploratory and not multiplicity-adjusted,very small stratum,153.557143,719.09022
broad,3,broad_joint,development,assumption__radius_mixed__noise_deterministic__scale_75,broad_or_stress_assumption,all,immediate,joint,3,0,0,0.0,1815.6735323333335,1583.5158700000002,2198.1781710000005,3,1815.6735323333335,1665.326556,1.0,2198.1781710000005,-37.466897709013004,pointwise paired bootstrap; exploratory and not multiplicity-adjusted,very small stratum,1583.5158700000002,2198.1781710000005
broad,3,broad_joint,development,assumption__radius_mixed__noise_deterministic__scale_75,broad_or_stress_assumption,all,scan_then_clear,joint,3,0,0,0.0,485.7263943333334,153.557143,719.09022,3,485.7263943333334,584.5318200000002,1.0,719.09022,-10.228885378519676,pointwise paired bootstrap; exploratory and not multiplicity-adjusted,very small stratum,153.557143,719.09022
broad,3,broad_joint,development,assumption__radius_mixed__noise_deterministic__scale_75,broad_or_stress_assumption,deterministic,immediate,joint,3,0,0,0.0,1815.6735323333335,1583.5158700000002,2198.1781710000005,3,1815.6735323333335,1665.326556,1.0,2198.1781710000005,-37.466897709013004,pointwise paired bootstrap; exploratory and not multiplicity-adjusted,very small stratum,1583.5158700000002,2198.1781710000005
broad,3,broad_joint,development,assumption__radius_mixed__noise_deterministic__scale_75,broad_or_stress_assumption,deterministic,scan_then_clear,joint,3,0,0,0.0,485.7263943333334,153.557143,719.09022,3,485.7263943333334,584.5318200000002,1.0,719.09022,-10.228885378519676,pointwise paired bootstrap; exploratory and not multiplicity-adjusted,very small stratum,153.557143,719.09022
broad,3,broad_joint,all,assumption__radius_mixed__noise_extreme__scale_150,broad_or_stress_assumption,all,immediate,joint,2,0,0,0.0,1863.3125949999999,1756.4866010000005,1970.1385889999992,2,1863.3125949999999,1863.3125949999999,1.0,1970.1385889999992,-39.413753643732164,pointwise paired bootstrap; exploratory and not multiplicity-adjusted,very small stratum,1756.4866010000005,1970.1385889999992
broad,3,broad_joint,all,assumption__radius_mixed__noise_extreme__scale_150,broad_or_stress_assumption,all,scan_then_clear,joint,2,0,0,0.0,507.71317150000004,460.3441809999995,555.0821620000006,2,507.71317150000004,507.71317150000004,1.0,555.0821620000006,-10.824474864738216,pointwise paired bootstrap; exploratory and not multiplicity-adjusted,very small stratum,460.3441809999995,555.0821620000006
broad,3,broad_joint,all,assumption__radius_mixed__noise_extreme__scale_150,broad_or_stress_assumption,extreme,immediate,joint,2,0,0,0.0,1863.3125949999999,1756.4866010000005,1970.1385889999992,2,1863.3125949999999,1863.3125949999999,1.0,1970.1385889999992,-39.413753643732164,pointwise paired bootstrap; exploratory and not multiplicity-adjusted,very small stratum,1756.4866010000005,1970.1385889999992
broad,3,broad_joint,all,assumption__radius_mixed__noise_extreme__scale_150,broad_or_stress_assumption,extreme,scan_then_clear,joint,2,0,0,0.0,507.71317150000004,460.3441809999995,555.0821620000006,2,507.71317150000004,507.71317150000004,1.0,555.0821620000006,-10.824474864738216,pointwise paired bootstrap; exploratory and not multiplicity-adjusted,very small stratum,460.3441809999995,555.0821620000006
broad,3,broad_joint,development,assumption__radius_mixed__noise_extreme__scale_150,broad_or_stress_assumption,all,immediate,joint,2,0,0,0.0,1863.3125949999999,1756.4866010000005,1970.1385889999992,2,1863.3125949999999,1863.3125949999999,1.0,1970.1385889999992,-39.413753643732164,pointwise paired bootstrap; exploratory and not multiplicity-adjusted,very small stratum,1756.4866010000005,1970.1385889999992
broad,3,broad_joint,development,assumption__radius_mixed__noise_extreme__scale_150,broad_or_stress_assumption,all,scan_then_clear,joint,2,0,0,0.0,507.71317150000004,460.3441809999995,555.0821620000006,2,507.71317150000004,507.71317150000004,1.0,555.0821620000006,-10.824474864738216,pointwise paired bootstrap; exploratory and not multiplicity-adjusted,very small stratum,460.3441809999995,555.0821620000006
broad,3,broad_joint,development,assumption__radius_mixed__noise_extreme__scale_150,broad_or_stress_assumption,extreme,immediate,joint,2,0,0,0.0,1863.3125949999999,1756.4866010000005,1970.1385889999992,2,1863.3125949999999,1863.3125949999999,1.0,1970.1385889999992,-39.413753643732164,pointwise paired bootstrap; exploratory and not multiplicity-adjusted,very small stratum,1756.4866010000005,1970.1385889999992
broad,3,broad_joint,development,assumption__radius_mixed__noise_extreme__scale_150,broad_or_stress_assumption,extreme,scan_then_clear,joint,2,0,0,0.0,507.71317150000004,460.3441809999995,555.0821620000006,2,507.71317150000004,507.71317150000004,1.0,555.0821620000006,-10.824474864738216,pointwise paired bootstrap; exploratory and not multiplicity-adjusted,very small stratum,460.3441809999995,555.0821620000006
broad,3,broad_joint,all,assumption__radius_mixed__noise_extreme__scale_300,broad_or_stress_assumption,all,immediate,joint,2,0,0,0.0,1461.2155084999997,1179.3781649999996,1743.0528519999998,2,1461.2155084999997,1461.2155084999997,1.0,1743.0528519999998,-31.997833416436993,pointwise paired bootstrap; exploratory and not multiplicity-adjusted,very small stratum,1179.3781649999996,1743.0528519999998
broad,3,broad_joint,all,assumption__radius_mixed__noise_extreme__scale_300,broad_or_stress_assumption,all,scan_then_clear,joint,2,0,0,0.0,219.18843999999967,-197.4032160000006,635.780096,2,219.18843999999967,219.18843999999967,0.5,635.780096,-6.229969226092557,pointwise paired bootstrap; exploratory and not multiplicity-adjusted,very small stratum,-197.4032160000006,635.780096
broad,3,broad_joint,all,assumption__radius_mixed__noise_extreme__scale_300,broad_or_stress_assumption,extreme,immediate,joint,2,0,0,0.0,1461.2155084999997,1179.3781649999996,1743.0528519999998,2,1461.2155084999997,1461.2155084999997,1.0,1743.0528519999998,-31.997833416436993,pointwise paired bootstrap; exploratory and not multiplicity-adjusted,very small stratum,1179.3781649999996,1743.0528519999998
broad,3,broad_joint,all,assumption__radius_mixed__noise_extreme__scale_300,broad_or_stress_assumption,extreme,scan_then_clear,joint,2,0,0,0.0,219.18843999999967,-197.4032160000006,635.780096,2,219.18843999999967,219.18843999999967,0.5,635.780096,-6.229969226092557,pointwise paired bootstrap; exploratory and not multiplicity-adjusted,very small stratum,-197.4032160000006,635.780096
broad,3,broad_joint,development,assumption__radius_mixed__noise_extreme__scale_300,broad_or_stress_assumption,all,immediate,joint,2,0,0,0.0,1461.2155084999997,1179.3781649999996,1743.0528519999998,2,1461.2155084999997,1461.2155084999997,1.0,1743.0528519999998,-31.997833416436993,pointwise paired bootstrap; exploratory and not multiplicity-adjusted,very small stratum,1179.3781649999996,1743.0528519999998
broad,3,broad_joint,development,assumption__radius_mixed__noise_extreme__scale_300,broad_or_stress_assumption,all,scan_then_clear,joint,2,0,0,0.0,219.18843999999967,-197.4032160000006,635.780096,2,219.18843999999967,219.18843999999967,0.5,635.780096,-6.229969226092557,pointwise paired bootstrap; exploratory and not multiplicity-adjusted,very small stratum,-197.4032160000006,635.780096
broad,3,broad_joint,development,assumption__radius_mixed__noise_extreme__scale_300,broad_or_stress_assumption,extreme,immediate,joint,2,0,0,0.0,1461.2155084999997,1179.3781649999996,1743.0528519999998,2,1461.2155084999997,1461.2155084999997,1.0,1743.0528519999998,-31.997833416436993,pointwise paired bootstrap; exploratory and not multiplicity-adjusted,very small stratum,1179.3781649999996,1743.0528519999998
broad,3,broad_joint,development,assumption__radius_mixed__noise_extreme__scale_300,broad_or_stress_assumption,extreme,scan_then_clear,joint,2,0,0,0.0,219.18843999999967,-197.4032160000006,635.780096,2,219.18843999999967,219.18843999999967,0.5,635.780096,-6.229969226092557,pointwise paired bootstrap; exploratory and not multiplicity-adjusted,very small stratum,-197.4032160000006,635.780096
broad,3,broad_joint,all,assumption__radius_mixed__noise_extreme__scale_75,broad_or_stress_assumption,all,immediate,joint,1,0,0,0.0,2210.2503260000003,,,1,2210.2503260000003,2210.2503260000003,1.0,2210.2503260000003,-53.91792645304891,pointwise paired bootstrap; exploratory and not multiplicity-adjusted,very small stratum,,
broad,3,broad_joint,all,assumption__radius_mixed__noise_extreme__scale_75,broad_or_stress_assumption,all,scan_then_clear,joint,1,0,0,0.0,742.5472570000002,,,1,742.5472570000002,742.5472570000002,1.0,742.5472570000002,-18.114060620135934,pointwise paired bootstrap; exploratory and not multiplicity-adjusted,very small stratum,,
broad,3,broad_joint,all,assumption__radius_mixed__noise_extreme__scale_75,broad_or_stress_assumption,extreme,immediate,joint,1,0,0,0.0,2210.2503260000003,,,1,2210.2503260000003,2210.2503260000003,1.0,2210.2503260000003,-53.91792645304891,pointwise paired bootstrap; exploratory and not multiplicity-adjusted,very small stratum,,
broad,3,broad_joint,all,assumption__radius_mixed__noise_extreme__scale_75,broad_or_stress_assumption,extreme,scan_then_clear,joint,1,0,0,0.0,742.5472570000002,,,1,742.5472570000002,742.5472570000002,1.0,742.5472570000002,-18.114060620135934,pointwise paired bootstrap; exploratory and not multiplicity-adjusted,very small stratum,,
broad,3,broad_joint,development,assumption__radius_mixed__noise_extreme__scale_75,broad_or_stress_assumption,all,immediate,joint,1,0,0,0.0,2210.2503260000003,,,1,2210.2503260000003,2210.2503260000003,1.0,2210.2503260000003,-53.91792645304891,pointwise paired bootstrap; exploratory and not multiplicity-adjusted,very small stratum,,
broad,3,broad_joint,development,assumption__radius_mixed__noise_extreme__scale_75,broad_or_stress_assumption,all,scan_then_clear,joint,1,0,0,0.0,742.5472570000002,,,1,742.5472570000002,742.5472570000002,1.0,742.5472570000002,-18.114060620135934,pointwise paired bootstrap; exploratory and not multiplicity-adjusted,very small stratum,,
broad,3,broad_joint,development,assumption__radius_mixed__noise_extreme__scale_75,broad_or_stress_assumption,extreme,immediate,joint,1,0,0,0.0,2210.2503260000003,,,1,2210.2503260000003,2210.2503260000003,1.0,2210.2503260000003,-53.91792645304891,pointwise paired bootstrap; exploratory and not multiplicity-adjusted,very small stratum,,
broad,3,broad_joint,development,assumption__radius_mixed__noise_extreme__scale_75,broad_or_stress_assumption,extreme,scan_then_clear,joint,1,0,0,0.0,742.5472570000002,,,1,742.5472570000002,742.5472570000002,1.0,742.5472570000002,-18.114060620135934,pointwise paired bootstrap; exploratory and not multiplicity-adjusted,very small stratum,,
broad,4,broad_joint,all,__design_mixture__,design_mixture_only_not_official_population,all,immediate,joint,64,0,0,0.0,1926.71496875,1613.4067632445315,2241.550571674609,64,1926.71496875,2054.033467,0.921875,4663.076358,-18.665689679698755,pointwise paired bootstrap; exploratory and not multiplicity-adjusted,,1616.4923936234377,2231.301487594922
broad,4,broad_joint,all,__design_mixture__,design_mixture_only_not_official_population,all,scan_then_clear,joint,64,0,0,0.0,811.3829843593749,654.9171939480468,992.2933487253905,64,811.3829843593749,729.8714224999994,0.9375,4276.075701999999,-8.065597264231101,pointwise paired bootstrap; exploratory and not multiplicity-adjusted,,649.5338696933592,984.3321669980468
broad,4,broad_joint,all,__design_mixture__,design_mixture_only_not_official_population,correlated,immediate,joint,20,0,0,0.0,1981.8755460499997,1454.8608712450002,2527.2646554562493,20,1981.8755460499997,2016.6262824999994,0.85,4181.752044999999,-19.347921250246365,pointwise paired bootstrap; exploratory and not multiplicity-adjusted,,1489.4013272187503,2530.5430275762496
broad,4,broad_joint,all,__design_mixture__,design_mixture_only_not_official_population,correlated,scan_then_clear,joint,20,0,0,0.0,893.7581897499998,610.5858271875,1176.3576153749993,20,893.7581897499998,873.136818,0.9,2268.676931000001,-8.999542165135015,pointwise paired bootstrap; exploratory and not multiplicity-adjusted,,608.4843464174996,1176.0727019462495
broad,4,broad_joint,all,__design_mixture__,design_mixture_only_not_official_population,deterministic,immediate,joint,23,0,0,0.0,1861.7907957826087,1212.3046436141303,2410.257807164129,23,1861.7907957826087,2063.226607999999,0.9130434782608695,3952.406735999999,-18.28331578457746,pointwise paired bootstrap; exploratory and not multiplicity-adjusted,,1259.9389940369567,2430.706984541304
broad,4,broad_joint,all,__design_mixture__,design_mixture_only_not_official_population,deterministic,scan_then_clear,joint,23,0,0,0.0,910.1129522173912,587.3935334391305,1334.3997515521735,23,910.1129522173912,713.6257370000003,0.9565217391304348,4276.075701999999,-9.254506173818342,pointwise paired bootstrap; exploratory and not multiplicity-adjusted,,578.908666602174,1342.2681771989126
broad,4,broad_joint,all,__design_mixture__,design_mixture_only_not_official_population,extreme,immediate,joint,21,0,0,0.0,1945.288513142857,1533.2173699559526,2409.5229906761906,21,1945.288513142857,1646.5442349999994,1.0,4663.076358,-18.434735783357684,pointwise paired bootstrap; exploratory and not multiplicity-adjusted,,1517.6268696035713,2400.0350271833317
broad,4,broad_joint,all,__design_mixture__,design_mixture_only_not_official_population,extreme,scan_then_clear,joint,21,0,0,0.0,624.7975858571427,461.68007928333293,779.8457298988089,21,624.7975858571427,573.9749009999996,0.9523809523809523,1468.1764159999984,-5.87398760048897,pointwise paired bootstrap; exploratory and not multiplicity-adjusted,,468.892232339286,793.6579298880949
broad,4,broad_joint,development,__design_mixture__,design_mixture_only_not_official_population,all,immediate,joint,64,0,0,0.0,1926.71496875,1600.028800535938,2238.216765341406,64,1926.71496875,2054.033467,0.921875,4663.076358,-18.665689679698755,pointwise paired bootstrap; exploratory and not multiplicity-adjusted,,1626.7417119339843,2243.175016253906
broad,4,broad_joint,development,__design_mixture__,design_mixture_only_not_official_population,all,scan_then_clear,joint,64,0,0,0.0,811.3829843593749,651.240076117578,985.6915418765624,64,811.3829843593749,729.8714224999994,0.9375,4276.075701999999,-8.065597264231101,pointwise paired bootstrap; exploratory and not multiplicity-adjusted,,646.3709947398437,999.2124848503903
broad,4,broad_joint,development,__design_mixture__,design_mixture_only_not_official_population,correlated,immediate,joint,20,0,0,0.0,1981.8755460499997,1471.8432433700002,2483.2598559162493,20,1981.8755460499997,2016.6262824999994,0.85,4181.752044999999,-19.347921250246365,pointwise paired bootstrap; exploratory and not multiplicity-adjusted,,1470.50345695125,2492.1398309537494
broad,4,broad_joint,development,__design_mixture__,design_mixture_only_not_official_population,correlated,scan_then_clear,joint,20,0,0,0.0,893.7581897499998,602.5865680512501,1182.8298382524995,20,893.7581897499998,873.136818,0.9,2268.676931000001,-8.999542165135015,pointwise paired bootstrap; exploratory and not multiplicity-adjusted,,615.6029402074998,1162.5146904737494
broad,4,broad_joint,development,__design_mixture__,design_mixture_only_not_official_population,deterministic,immediate,joint,23,0,0,0.0,1861.7907957826087,1220.773654555435,2427.3251034413047,23,1861.7907957826087,2063.226607999999,0.9130434782608695,3952.406735999999,-18.28331578457746,pointwise paired bootstrap; exploratory and not multiplicity-adjusted,,1223.5478995304347,2416.255334520651
broad,4,broad_joint,development,__design_mixture__,design_mixture_only_not_official_population,deterministic,scan_then_clear,joint,23,0,0,0.0,910.1129522173912,570.1962469630433,1317.6274412402165,23,910.1129522173912,713.6257370000003,0.9565217391304348,4276.075701999999,-9.254506173818342,pointwise paired bootstrap; exploratory and not multiplicity-adjusted,,571.8630648163044,1329.8178922923912
broad,4,broad_joint,development,__design_mixture__,design_mixture_only_not_official_population,extreme,immediate,joint,21,0,0,0.0,1945.288513142857,1491.1505995928574,2391.871264089285,21,1945.288513142857,1646.5442349999994,1.0,4663.076358,-18.434735783357684,pointwise paired bootstrap; exploratory and not multiplicity-adjusted,,1516.1593143154766,2408.6610328892843
broad,4,broad_joint,development,__design_mixture__,design_mixture_only_not_official_population,extreme,scan_then_clear,joint,21,0,0,0.0,624.7975858571427,463.5345237166664,787.1876974809521,21,624.7975858571427,573.9749009999996,0.9523809523809523,1468.1764159999984,-5.87398760048897,pointwise paired bootstrap; exploratory and not multiplicity-adjusted,,468.04140675476174,779.3795641023804
broad,4,broad_joint,all,assumption__radius_max__noise_correlated__scale_150,broad_or_stress_assumption,all,immediate,joint,3,0,0,0.0,3318.0805613333323,2544.5263719999984,4181.752044999999,3,3318.0805613333323,3227.963266999999,1.0,4181.752044999999,-31.66144811658286,pointwise paired bootstrap; exploratory and not multiplicity-adjusted,very small stratum,2544.5263719999984,4181.752044999999
broad,4,broad_joint,all,assumption__radius_max__noise_correlated__scale_150,broad_or_stress_assumption,all,scan_then_clear,joint,3,0,0,0.0,1238.5600399999996,506.19803499999944,2059.296515,3,1238.5600399999996,1150.1855699999996,1.0,2059.296515,-12.087896679534106,pointwise paired bootstrap; exploratory and not multiplicity-adjusted,very small stratum,506.19803499999944,2059.296515
broad,4,broad_joint,all,assumption__radius_max__noise_correlated__scale_150,broad_or_stress_assumption,correlated,immediate,joint,3,0,0,0.0,3318.0805613333323,2544.5263719999984,4181.752044999999,3,3318.0805613333323,3227.963266999999,1.0,4181.752044999999,-31.66144811658286,pointwise paired bootstrap; exploratory and not multiplicity-adjusted,very small stratum,2544.5263719999984,4181.752044999999
broad,4,broad_joint,all,assumption__radius_max__noise_correlated__scale_150,broad_or_stress_assumption,correlated,scan_then_clear,joint,3,0,0,0.0,1238.5600399999996,506.19803499999944,2059.296515,3,1238.5600399999996,1150.1855699999996,1.0,2059.296515,-12.087896679534106,pointwise paired bootstrap; exploratory and not multiplicity-adjusted,very small stratum,506.19803499999944,2059.296515
broad,4,broad_joint,development,assumption__radius_max__noise_correlated__scale_150,broad_or_stress_assumption,all,immediate,joint,3,0,0,0.0,3318.0805613333323,2544.5263719999984,4181.752044999999,3,3318.0805613333323,3227.963266999999,1.0,4181.752044999999,-31.66144811658286,pointwise paired bootstrap; exploratory and not multiplicity-adjusted,very small stratum,2544.5263719999984,4181.752044999999
broad,4,broad_joint,development,assumption__radius_max__noise_correlated__scale_150,broad_or_stress_assumption,all,scan_then_clear,joint,3,0,0,0.0,1238.5600399999996,506.19803499999944,2059.296515,3,1238.5600399999996,1150.1855699999996,1.0,2059.296515,-12.087896679534106,pointwise paired bootstrap; exploratory and not multiplicity-adjusted,very small stratum,506.19803499999944,2059.296515
broad,4,broad_joint,development,assumption__radius_max__noise_correlated__scale_150,broad_or_stress_assumption,correlated,immediate,joint,3,0,0,0.0,3318.0805613333323,2544.5263719999984,4181.752044999999,3,3318.0805613333323,3227.963266999999,1.0,4181.752044999999,-31.66144811658286,pointwise paired bootstrap; exploratory and not multiplicity-adjusted,very small stratum,2544.5263719999984,4181.752044999999
broad,4,broad_joint,development,assumption__radius_max__noise_correlated__scale_150,broad_or_stress_assumption,correlated,scan_then_clear,joint,3,0,0,0.0,1238.5600399999996,506.19803499999944,2059.296515,3,1238.5600399999996,1150.1855699999996,1.0,2059.296515,-12.087896679534106,pointwise paired bootstrap; exploratory and not multiplicity-adjusted,very small stratum,506.19803499999944,2059.296515
broad,4,broad_joint,all,assumption__radius_max__noise_correlated__scale_300,broad_or_stress_assumption,all,immediate,joint,3,0,0,0.0,2260.251362333333,592.2307939999992,3824.279971,3,2260.251362333333,2364.2433220000003,1.0,3824.279971,-21.968754668542218,pointwise paired bootstrap; exploratory and not multiplicity-adjusted,very small stratum,592.2307939999992,3824.279971
broad,4,broad_joint,all,assumption__radius_max__noise_correlated__scale_300,broad_or_stress_assumption,all,scan_then_clear,joint,3,0,0,0.0,1210.3219736666663,757.776006,1448.481529999999,3,1210.3219736666663,1424.708385,1.0,1448.481529999999,-11.637431467556013,pointwise paired bootstrap; exploratory and not multiplicity-adjusted,very small stratum,757.776006,1448.481529999999
broad,4,broad_joint,all,assumption__radius_max__noise_correlated__scale_300,broad_or_stress_assumption,correlated,immediate,joint,3,0,0,0.0,2260.251362333333,592.2307939999992,3824.279971,3,2260.251362333333,2364.2433220000003,1.0,3824.279971,-21.968754668542218,pointwise paired bootstrap; exploratory and not multiplicity-adjusted,very small stratum,592.2307939999992,3824.279971
broad,4,broad_joint,all,assumption__radius_max__noise_correlated__scale_300,broad_or_stress_assumption,correlated,scan_then_clear,joint,3,0,0,0.0,1210.3219736666663,757.776006,1448.481529999999,3,1210.3219736666663,1424.708385,1.0,1448.481529999999,-11.637431467556013,pointwise paired bootstrap; exploratory and not multiplicity-adjusted,very small stratum,757.776006,1448.481529999999
broad,4,broad_joint,development,assumption__radius_max__noise_correlated__scale_300,broad_or_stress_assumption,all,immediate,joint,3,0,0,0.0,2260.251362333333,592.2307939999992,3824.279971,3,2260.251362333333,2364.2433220000003,1.0,3824.279971,-21.968754668542218,pointwise paired bootstrap; exploratory and not multiplicity-adjusted,very small stratum,592.2307939999992,3824.279971
broad,4,broad_joint,development,assumption__radius_max__noise_correlated__scale_300,broad_or_stress_assumption,all,scan_then_clear,joint,3,0,0,0.0,1210.3219736666663,757.776006,1448.481529999999,3,1210.3219736666663,1424.708385,1.0,1448.481529999999,-11.637431467556013,pointwise paired bootstrap; exploratory and not multiplicity-adjusted,very small stratum,757.776006,1448.481529999999
broad,4,broad_joint,development,assumption__radius_max__noise_correlated__scale_300,broad_or_stress_assumption,correlated,immediate,joint,3,0,0,0.0,2260.251362333333,592.2307939999992,3824.279971,3,2260.251362333333,2364.2433220000003,1.0,3824.279971,-21.968754668542218,pointwise paired bootstrap; exploratory and not multiplicity-adjusted,very small stratum,592.2307939999992,3824.279971
broad,4,broad_joint,development,assumption__radius_max__noise_correlated__scale_300,broad_or_stress_assumption,correlated,scan_then_clear,joint,3,0,0,0.0,1210.3219736666663,757.776006,1448.481529999999,3,1210.3219736666663,1424.708385,1.0,1448.481529999999,-11.637431467556013,pointwise paired bootstrap; exploratory and not multiplicity-adjusted,very small stratum,757.776006,1448.481529999999
broad,4,broad_joint,all,assumption__radius_max__noise_correlated__scale_75,broad_or_stress_assumption,all,immediate,joint,1,0,0,0.0,2855.1576999999997,,,1,2855.1576999999997,2855.1576999999997,1.0,2855.1576999999997,-28.3117627487292,pointwise paired bootstrap; exploratory and not multiplicity-adjusted,very small stratum,,
broad,4,broad_joint,all,assumption__radius_max__noise_correlated__scale_75,broad_or_stress_assumption,all,scan_then_clear,joint,1,0,0,0.0,728.025877,,,1,728.025877,728.025877,1.0,728.025877,-7.21910943993024,pointwise paired bootstrap; exploratory and not multiplicity-adjusted,very small stratum,,
broad,4,broad_joint,all,assumption__radius_max__noise_correlated__scale_75,broad_or_stress_assumption,correlated,immediate,joint,1,0,0,0.0,2855.1576999999997,,,1,2855.1576999999997,2855.1576999999997,1.0,2855.1576999999997,-28.3117627487292,pointwise paired bootstrap; exploratory and not multiplicity-adjusted,very small stratum,,
broad,4,broad_joint,all,assumption__radius_max__noise_correlated__scale_75,broad_or_stress_assumption,correlated,scan_then_clear,joint,1,0,0,0.0,728.025877,,,1,728.025877,728.025877,1.0,728.025877,-7.21910943993024,pointwise paired bootstrap; exploratory and not multiplicity-adjusted,very small stratum,,
broad,4,broad_joint,development,assumption__radius_max__noise_correlated__scale_75,broad_or_stress_assumption,all,immediate,joint,1,0,0,0.0,2855.1576999999997,,,1,2855.1576999999997,2855.1576999999997,1.0,2855.1576999999997,-28.3117627487292,pointwise paired bootstrap; exploratory and not multiplicity-adjusted,very small stratum,,
broad,4,broad_joint,development,assumption__radius_max__noise_correlated__scale_75,broad_or_stress_assumption,all,scan_then_clear,joint,1,0,0,0.0,728.025877,,,1,728.025877,728.025877,1.0,728.025877,-7.21910943993024,pointwise paired bootstrap; exploratory and not multiplicity-adjusted,very small stratum,,
broad,4,broad_joint,development,assumption__radius_max__noise_correlated__scale_75,broad_or_stress_assumption,correlated,immediate,joint,1,0,0,0.0,2855.1576999999997,,,1,2855.1576999999997,2855.1576999999997,1.0,2855.1576999999997,-28.3117627487292,pointwise paired bootstrap; exploratory and not multiplicity-adjusted,very small stratum,,
broad,4,broad_joint,development,assumption__radius_max__noise_correlated__scale_75,broad_or_stress_assumption,correlated,scan_then_clear,joint,1,0,0,0.0,728.025877,,,1,728.025877,728.025877,1.0,728.025877,-7.21910943993024,pointwise paired bootstrap; exploratory and not multiplicity-adjusted,very small stratum,,
broad,4,broad_joint,all,assumption__radius_max__noise_deterministic__scale_150,broad_or_stress_assumption,all,immediate,joint,3,0,0,0.0,2865.1751566666676,2427.6051190000017,3095.9893190000003,3,2865.1751566666676,3071.9310320000004,1.0,3095.9893190000003,-27.605588115090473,pointwise paired bootstrap; exploratory and not multiplicity-adjusted,very small stratum,2427.6051190000017,3095.9893190000003
broad,4,broad_joint,all,assumption__radius_max__noise_deterministic__scale_150,broad_or_stress_assumption,all,scan_then_clear,joint,3,0,0,0.0,690.7054393333334,585.8757690000002,772.6148119999998,3,690.7054393333334,713.6257370000003,1.0,772.6148119999998,-6.698881621646645,pointwise paired bootstrap; exploratory and not multiplicity-adjusted,very small stratum,585.8757690000002,772.6148119999998
broad,4,broad_joint,all,assumption__radius_max__noise_deterministic__scale_150,broad_or_stress_assumption,deterministic,immediate,joint,3,0,0,0.0,2865.1751566666676,2427.6051190000017,3095.9893190000003,3,2865.1751566666676,3071.9310320000004,1.0,3095.9893190000003,-27.605588115090473,pointwise paired bootstrap; exploratory and not multiplicity-adjusted,very small stratum,2427.6051190000017,3095.9893190000003
broad,4,broad_joint,all,assumption__radius_max__noise_deterministic__scale_150,broad_or_stress_assumption,deterministic,scan_then_clear,joint,3,0,0,0.0,690.7054393333334,585.8757690000002,772.6148119999998,3,690.7054393333334,713.6257370000003,1.0,772.6148119999998,-6.698881621646645,pointwise paired bootstrap; exploratory and not multiplicity-adjusted,very small stratum,585.8757690000002,772.6148119999998
broad,4,broad_joint,development,assumption__radius_max__noise_deterministic__scale_150,broad_or_stress_assumption,all,immediate,joint,3,0,0,0.0,2865.1751566666676,2427.6051190000017,3095.9893190000003,3,2865.1751566666676,3071.9310320000004,1.0,3095.9893190000003,-27.605588115090473,pointwise paired bootstrap; exploratory and not multiplicity-adjusted,very small stratum,2427.6051190000017,3095.9893190000003
broad,4,broad_joint,development,assumption__radius_max__noise_deterministic__scale_150,broad_or_stress_assumption,all,scan_then_clear,joint,3,0,0,0.0,690.7054393333334,585.8757690000002,772.6148119999998,3,690.7054393333334,713.6257370000003,1.0,772.6148119999998,-6.698881621646645,pointwise paired bootstrap; exploratory and not multiplicity-adjusted,very small stratum,585.8757690000002,772.6148119999998
broad,4,broad_joint,development,assumption__radius_max__noise_deterministic__scale_150,broad_or_stress_assumption,deterministic,immediate,joint,3,0,0,0.0,2865.1751566666676,2427.6051190000017,3095.9893190000003,3,2865.1751566666676,3071.9310320000004,1.0,3095.9893190000003,-27.605588115090473,pointwise paired bootstrap; exploratory and not multiplicity-adjusted,very small stratum,2427.6051190000017,3095.9893190000003
broad,4,broad_joint,development,assumption__radius_max__noise_deterministic__scale_150,broad_or_stress_assumption,deterministic,scan_then_clear,joint,3,0,0,0.0,690.7054393333334,585.8757690000002,772.6148119999998,3,690.7054393333334,713.6257370000003,1.0,772.6148119999998,-6.698881621646645,pointwise paired bootstrap; exploratory and not multiplicity-adjusted,very small stratum,585.8757690000002,772.6148119999998
broad,4,broad_joint,all,assumption__radius_max__noise_deterministic__scale_300,broad_or_stress_assumption,all,immediate,joint,3,0,0,0.0,1956.5579476666662,-1323.5312990000002,3952.406735999999,3,1956.5579476666662,3240.798406,0.6666666666666666,3952.406735999999,-19.21734323388517,pointwise paired bootstrap; exploratory and not multiplicity-adjusted,very small stratum,-1323.5312990000002,3952.406735999999
broad,4,broad_joint,all,assumption__radius_max__noise_deterministic__scale_300,broad_or_stress_assumption,all,scan_then_clear,joint,3,0,0,0.0,110.39899066666537,-552.7369310000013,658.0920639999986,3,110.39899066666537,225.8418389999988,0.6666666666666666,658.0920639999986,-1.316447638877547,pointwise paired bootstrap; exploratory and not multiplicity-adjusted,very small stratum,-552.7369310000013,658.0920639999986
broad,4,broad_joint,all,assumption__radius_max__noise_deterministic__scale_300,broad_or_stress_assumption,deterministic,immediate,joint,3,0,0,0.0,1956.5579476666662,-1323.5312990000002,3952.406735999999,3,1956.5579476666662,3240.798406,0.6666666666666666,3952.406735999999,-19.21734323388517,pointwise paired bootstrap; exploratory and not multiplicity-adjusted,very small stratum,-1323.5312990000002,3952.406735999999
broad,4,broad_joint,all,assumption__radius_max__noise_deterministic__scale_300,broad_or_stress_assumption,deterministic,scan_then_clear,joint,3,0,0,0.0,110.39899066666537,-552.7369310000013,658.0920639999986,3,110.39899066666537,225.8418389999988,0.6666666666666666,658.0920639999986,-1.316447638877547,pointwise paired bootstrap; exploratory and not multiplicity-adjusted,very small stratum,-552.7369310000013,658.0920639999986
broad,4,broad_joint,development,assumption__radius_max__noise_deterministic__scale_300,broad_or_stress_assumption,all,immediate,joint,3,0,0,0.0,1956.5579476666662,-1323.5312990000002,3952.406735999999,3,1956.5579476666662,3240.798406,0.6666666666666666,3952.406735999999,-19.21734323388517,pointwise paired bootstrap; exploratory and not multiplicity-adjusted,very small stratum,-1323.5312990000002,3952.406735999999
broad,4,broad_joint,development,assumption__radius_max__noise_deterministic__scale_300,broad_or_stress_assumption,all,scan_then_clear,joint,3,0,0,0.0,110.39899066666537,-552.7369310000013,658.0920639999986,3,110.39899066666537,225.8418389999988,0.6666666666666666,658.0920639999986,-1.316447638877547,pointwise paired bootstrap; exploratory and not multiplicity-adjusted,very small stratum,-552.7369310000013,658.0920639999986
broad,4,broad_joint,development,assumption__radius_max__noise_deterministic__scale_300,broad_or_stress_assumption,deterministic,immediate,joint,3,0,0,0.0,1956.5579476666662,-1323.5312990000002,3952.406735999999,3,1956.5579476666662,3240.798406,0.6666666666666666,3952.406735999999,-19.21734323388517,pointwise paired bootstrap; exploratory and not multiplicity-adjusted,very small stratum,-1323.5312990000002,3952.406735999999
broad,4,broad_joint,development,assumption__radius_max__noise_deterministic__scale_300,broad_or_stress_assumption,deterministic,scan_then_clear,joint,3,0,0,0.0,110.39899066666537,-552.7369310000013,658.0920639999986,3,110.39899066666537,225.8418389999988,0.6666666666666666,658.0920639999986,-1.316447638877547,pointwise paired bootstrap; exploratory and not multiplicity-adjusted,very small stratum,-552.7369310000013,658.0920639999986
broad,4,broad_joint,all,assumption__radius_max__noise_deterministic__scale_75,broad_or_stress_assumption,all,immediate,joint,3,0,0,0.0,2007.0973116666676,1515.5694830000011,2460.8821260000004,3,2007.0973116666676,2044.8403260000014,1.0,2460.8821260000004,-19.042256013775166,pointwise paired bootstrap; exploratory and not multiplicity-adjusted,very small stratum,1515.5694830000011,2460.8821260000004
broad,4,broad_joint,all,assumption__radius_max__noise_deterministic__scale_75,broad_or_stress_assumption,all,scan_then_clear,joint,3,0,0,0.0,273.7532533333342,219.956599000001,338.0721050000011,3,273.7532533333342,263.23105600000054,1.0,338.0721050000011,-2.6228953447800425,pointwise paired bootstrap; exploratory and not multiplicity-adjusted,very small stratum,219.956599000001,338.0721050000011
broad,4,broad_joint,all,assumption__radius_max__noise_deterministic__scale_75,broad_or_stress_assumption,deterministic,immediate,joint,3,0,0,0.0,2007.0973116666676,1515.5694830000011,2460.8821260000004,3,2007.0973116666676,2044.8403260000014,1.0,2460.8821260000004,-19.042256013775166,pointwise paired bootstrap; exploratory and not multiplicity-adjusted,very small stratum,1515.5694830000011,2460.8821260000004
broad,4,broad_joint,all,assumption__radius_max__noise_deterministic__scale_75,broad_or_stress_assumption,deterministic,scan_then_clear,joint,3,0,0,0.0,273.7532533333342,219.956599000001,338.0721050000011,3,273.7532533333342,263.23105600000054,1.0,338.0721050000011,-2.6228953447800425,pointwise paired bootstrap; exploratory and not multiplicity-adjusted,very small stratum,219.956599000001,338.0721050000011
broad,4,broad_joint,development,assumption__radius_max__noise_deterministic__scale_75,broad_or_stress_assumption,all,immediate,joint,3,0,0,0.0,2007.0973116666676,1515.5694830000011,2460.8821260000004,3,2007.0973116666676,2044.8403260000014,1.0,2460.8821260000004,-19.042256013775166,pointwise paired bootstrap; exploratory and not multiplicity-adjusted,very small stratum,1515.5694830000011,2460.8821260000004
broad,4,broad_joint,development,assumption__radius_max__noise_deterministic__scale_75,broad_or_stress_assumption,all,scan_then_clear,joint,3,0,0,0.0,273.7532533333342,219.956599000001,338.0721050000011,3,273.7532533333342,263.23105600000054,1.0,338.0721050000011,-2.6228953447800425,pointwise paired bootstrap; exploratory and not multiplicity-adjusted,very small stratum,219.956599000001,338.0721050000011
broad,4,broad_joint,development,assumption__radius_max__noise_deterministic__scale_75,broad_or_stress_assumption,deterministic,immediate,joint,3,0,0,0.0,2007.0973116666676,1515.5694830000011,2460.8821260000004,3,2007.0973116666676,2044.8403260000014,1.0,2460.8821260000004,-19.042256013775166,pointwise paired bootstrap; exploratory and not multiplicity-adjusted,very small stratum,1515.5694830000011,2460.8821260000004
broad,4,broad_joint,development,assumption__radius_max__noise_deterministic__scale_75,broad_or_stress_assumption,deterministic,scan_then_clear,joint,3,0,0,0.0,273.7532533333342,219.956599000001,338.0721050000011,3,273.7532533333342,263.23105600000054,1.0,338.0721050000011,-2.6228953447800425,pointwise paired bootstrap; exploratory and not multiplicity-adjusted,very small stratum,219.956599000001,338.0721050000011
broad,4,broad_joint,all,assumption__radius_max__noise_extreme__scale_150,broad_or_stress_assumption,all,immediate,joint,3,0,0,0.0,2387.130298333333,893.7564480000001,3611.0610429999997,3,2387.130298333333,2656.573403999999,1.0,3611.0610429999997,-21.930148950719403,pointwise paired bootstrap; exploratory and not multiplicity-adjusted,very small stratum,893.7564480000001,3611.0610429999997
broad,4,broad_joint,all,assumption__radius_max__noise_extreme__scale_150,broad_or_stress_assumption,all,scan_then_clear,joint,3,0,0,0.0,801.0501173333329,144.69496400000025,1468.1764159999984,3,801.0501173333329,790.2789720000001,1.0,1468.1764159999984,-7.358987920811317,pointwise paired bootstrap; exploratory and not multiplicity-adjusted,very small stratum,144.69496400000025,1468.1764159999984
broad,4,broad_joint,all,assumption__radius_max__noise_extreme__scale_150,broad_or_stress_assumption,extreme,immediate,joint,3,0,0,0.0,2387.130298333333,893.7564480000001,3611.0610429999997,3,2387.130298333333,2656.573403999999,1.0,3611.0610429999997,-21.930148950719403,pointwise paired bootstrap; exploratory and not multiplicity-adjusted,very small stratum,893.7564480000001,3611.0610429999997
broad,4,broad_joint,all,assumption__radius_max__noise_extreme__scale_150,broad_or_stress_assumption,extreme,scan_then_clear,joint,3,0,0,0.0,801.0501173333329,144.69496400000025,1468.1764159999984,3,801.0501173333329,790.2789720000001,1.0,1468.1764159999984,-7.358987920811317,pointwise paired bootstrap; exploratory and not multiplicity-adjusted,very small stratum,144.69496400000025,1468.1764159999984
broad,4,broad_joint,development,assumption__radius_max__noise_extreme__scale_150,broad_or_stress_assumption,all,immediate,joint,3,0,0,0.0,2387.130298333333,893.7564480000001,3611.0610429999997,3,2387.130298333333,2656.573403999999,1.0,3611.0610429999997,-21.930148950719403,pointwise paired bootstrap; exploratory and not multiplicity-adjusted,very small stratum,893.7564480000001,3611.0610429999997
broad,4,broad_joint,development,assumption__radius_max__noise_extreme__scale_150,broad_or_stress_assumption,all,scan_then_clear,joint,3,0,0,0.0,801.0501173333329,144.69496400000025,1468.1764159999984,3,801.0501173333329,790.2789720000001,1.0,1468.1764159999984,-7.358987920811317,pointwise paired bootstrap; exploratory and not multiplicity-adjusted,very small stratum,144.69496400000025,1468.1764159999984
broad,4,broad_joint,development,assumption__radius_max__noise_extreme__scale_150,broad_or_stress_assumption,extreme,immediate,joint,3,0,0,0.0,2387.130298333333,893.7564480000001,3611.0610429999997,3,2387.130298333333,2656.573403999999,1.0,3611.0610429999997,-21.930148950719403,pointwise paired bootstrap; exploratory and not multiplicity-adjusted,very small stratum,893.7564480000001,3611.0610429999997
broad,4,broad_joint,development,assumption__radius_max__noise_extreme__scale_150,broad_or_stress_assumption,extreme,scan_then_clear,joint,3,0,0,0.0,801.0501173333329,144.69496400000025,1468.1764159999984,3,801.0501173333329,790.2789720000001,1.0,1468.1764159999984,-7.358987920811317,pointwise paired bootstrap; exploratory and not multiplicity-adjusted,very small stratum,144.69496400000025,1468.1764159999984
broad,4,broad_joint,all,assumption__radius_max__noise_extreme__scale_300,broad_or_stress_assumption,all,immediate,joint,3,0,0,0.0,2617.008668,2334.853557999999,2887.1639400000004,3,2617.008668,2629.008506,1.0,2887.1639400000004,-24.720393936986117,pointwise paired bootstrap; exploratory and not multiplicity-adjusted,very small stratum,2334.853557999999,2887.1639400000004
broad,4,broad_joint,all,assumption__radius_max__noise_extreme__scale_300,broad_or_stress_assumption,all,scan_then_clear,joint,3,0,0,0.0,301.5694133333327,-40.79373500000111,655.0064239999992,3,301.5694133333327,290.495551,0.6666666666666666,655.0064239999992,-2.9443172016122268,pointwise paired bootstrap; exploratory and not multiplicity-adjusted,very small stratum,-40.79373500000111,655.0064239999992
broad,4,broad_joint,all,assumption__radius_max__noise_extreme__scale_300,broad_or_stress_assumption,extreme,immediate,joint,3,0,0,0.0,2617.008668,2334.853557999999,2887.1639400000004,3,2617.008668,2629.008506,1.0,2887.1639400000004,-24.720393936986117,pointwise paired bootstrap; exploratory and not multiplicity-adjusted,very small stratum,2334.853557999999,2887.1639400000004
broad,4,broad_joint,all,assumption__radius_max__noise_extreme__scale_300,broad_or_stress_assumption,extreme,scan_then_clear,joint,3,0,0,0.0,301.5694133333327,-40.79373500000111,655.0064239999992,3,301.5694133333327,290.495551,0.6666666666666666,655.0064239999992,-2.9443172016122268,pointwise paired bootstrap; exploratory and not multiplicity-adjusted,very small stratum,-40.79373500000111,655.0064239999992
broad,4,broad_joint,development,assumption__radius_max__noise_extreme__scale_300,broad_or_stress_assumption,all,immediate,joint,3,0,0,0.0,2617.008668,2334.853557999999,2887.1639400000004,3,2617.008668,2629.008506,1.0,2887.1639400000004,-24.720393936986117,pointwise paired bootstrap; exploratory and not multiplicity-adjusted,very small stratum,2334.853557999999,2887.1639400000004
broad,4,broad_joint,development,assumption__radius_max__noise_extreme__scale_300,broad_or_stress_assumption,all,scan_then_clear,joint,3,0,0,0.0,301.5694133333327,-40.79373500000111,655.0064239999992,3,301.5694133333327,290.495551,0.6666666666666666,655.0064239999992,-2.9443172016122268,pointwise paired bootstrap; exploratory and not multiplicity-adjusted,very small stratum,-40.79373500000111,655.0064239999992
broad,4,broad_joint,development,assumption__radius_max__noise_extreme__scale_300,broad_or_stress_assumption,extreme,immediate,joint,3,0,0,0.0,2617.008668,2334.853557999999,2887.1639400000004,3,2617.008668,2629.008506,1.0,2887.1639400000004,-24.720393936986117,pointwise paired bootstrap; exploratory and not multiplicity-adjusted,very small stratum,2334.853557999999,2887.1639400000004
broad,4,broad_joint,development,assumption__radius_max__noise_extreme__scale_300,broad_or_stress_assumption,extreme,scan_then_clear,joint,3,0,0,0.0,301.5694133333327,-40.79373500000111,655.0064239999992,3,301.5694133333327,290.495551,0.6666666666666666,655.0064239999992,-2.9443172016122268,pointwise paired bootstrap; exploratory and not multiplicity-adjusted,very small stratum,-40.79373500000111,655.0064239999992
broad,4,broad_joint,all,assumption__radius_max__noise_extreme__scale_75,broad_or_stress_assumption,all,immediate,joint,1,0,0,0.0,4663.076358,,,1,4663.076358,4663.076358,1.0,4663.076358,-45.71926370800751,pointwise paired bootstrap; exploratory and not multiplicity-adjusted,very small stratum,,
broad,4,broad_joint,all,assumption__radius_max__noise_extreme__scale_75,broad_or_stress_assumption,all,scan_then_clear,joint,1,0,0,0.0,524.0532309999999,,,1,524.0532309999999,524.0532309999999,1.0,524.0532309999999,-5.13809468807381,pointwise paired bootstrap; exploratory and not multiplicity-adjusted,very small stratum,,
broad,4,broad_joint,all,assumption__radius_max__noise_extreme__scale_75,broad_or_stress_assumption,extreme,immediate,joint,1,0,0,0.0,4663.076358,,,1,4663.076358,4663.076358,1.0,4663.076358,-45.71926370800751,pointwise paired bootstrap; exploratory and not multiplicity-adjusted,very small stratum,,
broad,4,broad_joint,all,assumption__radius_max__noise_extreme__scale_75,broad_or_stress_assumption,extreme,scan_then_clear,joint,1,0,0,0.0,524.0532309999999,,,1,524.0532309999999,524.0532309999999,1.0,524.0532309999999,-5.13809468807381,pointwise paired bootstrap; exploratory and not multiplicity-adjusted,very small stratum,,
broad,4,broad_joint,development,assumption__radius_max__noise_extreme__scale_75,broad_or_stress_assumption,all,immediate,joint,1,0,0,0.0,4663.076358,,,1,4663.076358,4663.076358,1.0,4663.076358,-45.71926370800751,pointwise paired bootstrap; exploratory and not multiplicity-adjusted,very small stratum,,
broad,4,broad_joint,development,assumption__radius_max__noise_extreme__scale_75,broad_or_stress_assumption,all,scan_then_clear,joint,1,0,0,0.0,524.0532309999999,,,1,524.0532309999999,524.0532309999999,1.0,524.0532309999999,-5.13809468807381,pointwise paired bootstrap; exploratory and not multiplicity-adjusted,very small stratum,,
broad,4,broad_joint,development,assumption__radius_max__noise_extreme__scale_75,broad_or_stress_assumption,extreme,immediate,joint,1,0,0,0.0,4663.076358,,,1,4663.076358,4663.076358,1.0,4663.076358,-45.71926370800751,pointwise paired bootstrap; exploratory and not multiplicity-adjusted,very small stratum,,
broad,4,broad_joint,development,assumption__radius_max__noise_extreme__scale_75,broad_or_stress_assumption,extreme,scan_then_clear,joint,1,0,0,0.0,524.0532309999999,,,1,524.0532309999999,524.0532309999999,1.0,524.0532309999999,-5.13809468807381,pointwise paired bootstrap; exploratory and not multiplicity-adjusted,very small stratum,,
broad,4,broad_joint,all,assumption__radius_min__noise_correlated__scale_150,broad_or_stress_assumption,all,immediate,joint,2,0,0,0.0,1543.7453235000003,1207.1679670000012,1880.3226799999993,2,1543.7453235000003,1543.7453235000003,1.0,1880.3226799999993,-14.722567964101522,pointwise paired bootstrap; exploratory and not multiplicity-adjusted,very small stratum,1207.1679670000012,1880.3226799999993
broad,4,broad_joint,all,assumption__radius_min__noise_correlated__scale_150,broad_or_stress_assumption,all,scan_then_clear,joint,2,0,0,0.0,804.8882999999996,737.6642169999996,872.1123829999997,2,804.8882999999996,804.8882999999996,1.0,872.1123829999997,-7.633515954399078,pointwise paired bootstrap; exploratory and not multiplicity-adjusted,very small stratum,737.6642169999996,872.1123829999997
broad,4,broad_joint,all,assumption__radius_min__noise_correlated__scale_150,broad_or_stress_assumption,correlated,immediate,joint,2,0,0,0.0,1543.7453235000003,1207.1679670000012,1880.3226799999993,2,1543.7453235000003,1543.7453235000003,1.0,1880.3226799999993,-14.722567964101522,pointwise paired bootstrap; exploratory and not multiplicity-adjusted,very small stratum,1207.1679670000012,1880.3226799999993
broad,4,broad_joint,all,assumption__radius_min__noise_correlated__scale_150,broad_or_stress_assumption,correlated,scan_then_clear,joint,2,0,0,0.0,804.8882999999996,737.6642169999996,872.1123829999997,2,804.8882999999996,804.8882999999996,1.0,872.1123829999997,-7.633515954399078,pointwise paired bootstrap; exploratory and not multiplicity-adjusted,very small stratum,737.6642169999996,872.1123829999997
broad,4,broad_joint,development,assumption__radius_min__noise_correlated__scale_150,broad_or_stress_assumption,all,immediate,joint,2,0,0,0.0,1543.7453235000003,1207.1679670000012,1880.3226799999993,2,1543.7453235000003,1543.7453235000003,1.0,1880.3226799999993,-14.722567964101522,pointwise paired bootstrap; exploratory and not multiplicity-adjusted,very small stratum,1207.1679670000012,1880.3226799999993
broad,4,broad_joint,development,assumption__radius_min__noise_correlated__scale_150,broad_or_stress_assumption,all,scan_then_clear,joint,2,0,0,0.0,804.8882999999996,737.6642169999996,872.1123829999997,2,804.8882999999996,804.8882999999996,1.0,872.1123829999997,-7.633515954399078,pointwise paired bootstrap; exploratory and not multiplicity-adjusted,very small stratum,737.6642169999996,872.1123829999997
broad,4,broad_joint,development,assumption__radius_min__noise_correlated__scale_150,broad_or_stress_assumption,correlated,immediate,joint,2,0,0,0.0,1543.7453235000003,1207.1679670000012,1880.3226799999993,2,1543.7453235000003,1543.7453235000003,1.0,1880.3226799999993,-14.722567964101522,pointwise paired bootstrap; exploratory and not multiplicity-adjusted,very small stratum,1207.1679670000012,1880.3226799999993
broad,4,broad_joint,development,assumption__radius_min__noise_correlated__scale_150,broad_or_stress_assumption,correlated,scan_then_clear,joint,2,0,0,0.0,804.8882999999996,737.6642169999996,872.1123829999997,2,804.8882999999996,804.8882999999996,1.0,872.1123829999997,-7.633515954399078,pointwise paired bootstrap; exploratory and not multiplicity-adjusted,very small stratum,737.6642169999996,872.1123829999997
broad,4,broad_joint,all,assumption__radius_min__noise_correlated__scale_300,broad_or_stress_assumption,all,immediate,joint,3,0,0,0.0,1469.9140573333332,-5.406379000000015,2629.376478,3,1469.9140573333332,1785.7720729999992,0.6666666666666666,2629.376478,-16.32537217215953,pointwise paired bootstrap; exploratory and not multiplicity-adjusted,very small stratum,-5.406379000000015,2629.376478
broad,4,broad_joint,all,assumption__radius_min__noise_correlated__scale_300,broad_or_stress_assumption,all,scan_then_clear,joint,3,0,0,0.0,1493.5045059999995,1060.7228309999991,2268.676931000001,3,1493.5045059999995,1151.1137559999988,1.0,2268.676931000001,-16.655002854565158,pointwise paired bootstrap; exploratory and not multiplicity-adjusted,very small stratum,1060.7228309999991,2268.676931000001
broad,4,broad_joint,all,assumption__radius_min__noise_correlated__scale_300,broad_or_stress_assumption,correlated,immediate,joint,3,0,0,0.0,1469.9140573333332,-5.406379000000015,2629.376478,3,1469.9140573333332,1785.7720729999992,0.6666666666666666,2629.376478,-16.32537217215953,pointwise paired bootstrap; exploratory and not multiplicity-adjusted,very small stratum,-5.406379000000015,2629.376478
broad,4,broad_joint,all,assumption__radius_min__noise_correlated__scale_300,broad_or_stress_assumption,correlated,scan_then_clear,joint,3,0,0,0.0,1493.5045059999995,1060.7228309999991,2268.676931000001,3,1493.5045059999995,1151.1137559999988,1.0,2268.676931000001,-16.655002854565158,pointwise paired bootstrap; exploratory and not multiplicity-adjusted,very small stratum,1060.7228309999991,2268.676931000001
broad,4,broad_joint,development,assumption__radius_min__noise_correlated__scale_300,broad_or_stress_assumption,all,immediate,joint,3,0,0,0.0,1469.9140573333332,-5.406379000000015,2629.376478,3,1469.9140573333332,1785.7720729999992,0.6666666666666666,2629.376478,-16.32537217215953,pointwise paired bootstrap; exploratory and not multiplicity-adjusted,very small stratum,-5.406379000000015,2629.376478
broad,4,broad_joint,development,assumption__radius_min__noise_correlated__scale_300,broad_or_stress_assumption,all,scan_then_clear,joint,3,0,0,0.0,1493.5045059999995,1060.7228309999991,2268.676931000001,3,1493.5045059999995,1151.1137559999988,1.0,2268.676931000001,-16.655002854565158,pointwise paired bootstrap; exploratory and not multiplicity-adjusted,very small stratum,1060.7228309999991,2268.676931000001
broad,4,broad_joint,development,assumption__radius_min__noise_correlated__scale_300,broad_or_stress_assumption,correlated,immediate,joint,3,0,0,0.0,1469.9140573333332,-5.406379000000015,2629.376478,3,1469.9140573333332,1785.7720729999992,0.6666666666666666,2629.376478,-16.32537217215953,pointwise paired bootstrap; exploratory and not multiplicity-adjusted,very small stratum,-5.406379000000015,2629.376478
broad,4,broad_joint,development,assumption__radius_min__noise_correlated__scale_300,broad_or_stress_assumption,correlated,scan_then_clear,joint,3,0,0,0.0,1493.5045059999995,1060.7228309999991,2268.676931000001,3,1493.5045059999995,1151.1137559999988,1.0,2268.676931000001,-16.655002854565158,pointwise paired bootstrap; exploratory and not multiplicity-adjusted,very small stratum,1060.7228309999991,2268.676931000001
broad,4,broad_joint,all,assumption__radius_min__noise_correlated__scale_75,broad_or_stress_assumption,all,immediate,joint,2,0,0,0.0,1953.3318925000003,1753.733900000001,2152.9298849999996,2,1953.3318925000003,1953.3318925000003,1.0,2152.9298849999996,-18.65230895792977,pointwise paired bootstrap; exploratory and not multiplicity-adjusted,very small stratum,1753.733900000001,2152.9298849999996
broad,4,broad_joint,all,assumption__radius_min__noise_correlated__scale_75,broad_or_stress_assumption,all,scan_then_clear,joint,2,0,0,0.0,883.3782215000001,627.8347920000015,1138.9216509999987,2,883.3782215000001,883.3782215000001,1.0,1138.9216509999987,-8.375127069705337,pointwise paired bootstrap; exploratory and not multiplicity-adjusted,very small stratum,627.8347920000015,1138.9216509999987
broad,4,broad_joint,all,assumption__radius_min__noise_correlated__scale_75,broad_or_stress_assumption,correlated,immediate,joint,2,0,0,0.0,1953.3318925000003,1753.733900000001,2152.9298849999996,2,1953.3318925000003,1953.3318925000003,1.0,2152.9298849999996,-18.65230895792977,pointwise paired bootstrap; exploratory and not multiplicity-adjusted,very small stratum,1753.733900000001,2152.9298849999996
broad,4,broad_joint,all,assumption__radius_min__noise_correlated__scale_75,broad_or_stress_assumption,correlated,scan_then_clear,joint,2,0,0,0.0,883.3782215000001,627.8347920000015,1138.9216509999987,2,883.3782215000001,883.3782215000001,1.0,1138.9216509999987,-8.375127069705337,pointwise paired bootstrap; exploratory and not multiplicity-adjusted,very small stratum,627.8347920000015,1138.9216509999987
broad,4,broad_joint,development,assumption__radius_min__noise_correlated__scale_75,broad_or_stress_assumption,all,immediate,joint,2,0,0,0.0,1953.3318925000003,1753.733900000001,2152.9298849999996,2,1953.3318925000003,1953.3318925000003,1.0,2152.9298849999996,-18.65230895792977,pointwise paired bootstrap; exploratory and not multiplicity-adjusted,very small stratum,1753.733900000001,2152.9298849999996
broad,4,broad_joint,development,assumption__radius_min__noise_correlated__scale_75,broad_or_stress_assumption,all,scan_then_clear,joint,2,0,0,0.0,883.3782215000001,627.8347920000015,1138.9216509999987,2,883.3782215000001,883.3782215000001,1.0,1138.9216509999987,-8.375127069705337,pointwise paired bootstrap; exploratory and not multiplicity-adjusted,very small stratum,627.8347920000015,1138.9216509999987
broad,4,broad_joint,development,assumption__radius_min__noise_correlated__scale_75,broad_or_stress_assumption,correlated,immediate,joint,2,0,0,0.0,1953.3318925000003,1753.733900000001,2152.9298849999996,2,1953.3318925000003,1953.3318925000003,1.0,2152.9298849999996,-18.65230895792977,pointwise paired bootstrap; exploratory and not multiplicity-adjusted,very small stratum,1753.733900000001,2152.9298849999996
broad,4,broad_joint,development,assumption__radius_min__noise_correlated__scale_75,broad_or_stress_assumption,correlated,scan_then_clear,joint,2,0,0,0.0,883.3782215000001,627.8347920000015,1138.9216509999987,2,883.3782215000001,883.3782215000001,1.0,1138.9216509999987,-8.375127069705337,pointwise paired bootstrap; exploratory and not multiplicity-adjusted,very small stratum,627.8347920000015,1138.9216509999987
broad,4,broad_joint,all,assumption__radius_min__noise_deterministic__scale_150,broad_or_stress_assumption,all,immediate,joint,1,0,0,0.0,464.9573099999998,,,1,464.9573099999998,464.9573099999998,1.0,464.9573099999998,-4.024429208387254,pointwise paired bootstrap; exploratory and not multiplicity-adjusted,very small stratum,,
broad,4,broad_joint,all,assumption__radius_min__noise_deterministic__scale_150,broad_or_stress_assumption,all,scan_then_clear,joint,1,0,0,0.0,762.157792,,,1,762.157792,762.157792,1.0,762.157792,-6.596842362849911,pointwise paired bootstrap; exploratory and not multiplicity-adjusted,very small stratum,,
broad,4,broad_joint,all,assumption__radius_min__noise_deterministic__scale_150,broad_or_stress_assumption,deterministic,immediate,joint,1,0,0,0.0,464.9573099999998,,,1,464.9573099999998,464.9573099999998,1.0,464.9573099999998,-4.024429208387254,pointwise paired bootstrap; exploratory and not multiplicity-adjusted,very small stratum,,
broad,4,broad_joint,all,assumption__radius_min__noise_deterministic__scale_150,broad_or_stress_assumption,deterministic,scan_then_clear,joint,1,0,0,0.0,762.157792,,,1,762.157792,762.157792,1.0,762.157792,-6.596842362849911,pointwise paired bootstrap; exploratory and not multiplicity-adjusted,very small stratum,,
broad,4,broad_joint,development,assumption__radius_min__noise_deterministic__scale_150,broad_or_stress_assumption,all,immediate,joint,1,0,0,0.0,464.9573099999998,,,1,464.9573099999998,464.9573099999998,1.0,464.9573099999998,-4.024429208387254,pointwise paired bootstrap; exploratory and not multiplicity-adjusted,very small stratum,,
broad,4,broad_joint,development,assumption__radius_min__noise_deterministic__scale_150,broad_or_stress_assumption,all,scan_then_clear,joint,1,0,0,0.0,762.157792,,,1,762.157792,762.157792,1.0,762.157792,-6.596842362849911,pointwise paired bootstrap; exploratory and not multiplicity-adjusted,very small stratum,,
broad,4,broad_joint,development,assumption__radius_min__noise_deterministic__scale_150,broad_or_stress_assumption,deterministic,immediate,joint,1,0,0,0.0,464.9573099999998,,,1,464.9573099999998,464.9573099999998,1.0,464.9573099999998,-4.024429208387254,pointwise paired bootstrap; exploratory and not multiplicity-adjusted,very small stratum,,
broad,4,broad_joint,development,assumption__radius_min__noise_deterministic__scale_150,broad_or_stress_assumption,deterministic,scan_then_clear,joint,1,0,0,0.0,762.157792,,,1,762.157792,762.157792,1.0,762.157792,-6.596842362849911,pointwise paired bootstrap; exploratory and not multiplicity-adjusted,very small stratum,,
broad,4,broad_joint,all,assumption__radius_min__noise_deterministic__scale_300,broad_or_stress_assumption,all,immediate,joint,3,0,0,0.0,142.83336133333373,-2541.877515,2288.9816730000002,3,142.83336133333373,681.395926000001,0.6666666666666666,2288.9816730000002,-2.3980508101589106,pointwise paired bootstrap; exploratory and not multiplicity-adjusted,very small stratum,-2541.877515,2288.9816730000002
broad,4,broad_joint,all,assumption__radius_min__noise_deterministic__scale_300,broad_or_stress_assumption,all,scan_then_clear,joint,3,0,0,0.0,1058.7831393333333,356.75112099999933,1766.5284420000007,3,1058.7831393333333,1053.0698549999997,1.0,1766.5284420000007,-10.143995142160014,pointwise paired bootstrap; exploratory and not multiplicity-adjusted,very small stratum,356.75112099999933,1766.5284420000007
broad,4,broad_joint,all,assumption__radius_min__noise_deterministic__scale_300,broad_or_stress_assumption,deterministic,immediate,joint,3,0,0,0.0,142.83336133333373,-2541.877515,2288.9816730000002,3,142.83336133333373,681.395926000001,0.6666666666666666,2288.9816730000002,-2.3980508101589106,pointwise paired bootstrap; exploratory and not multiplicity-adjusted,very small stratum,-2541.877515,2288.9816730000002
broad,4,broad_joint,all,assumption__radius_min__noise_deterministic__scale_300,broad_or_stress_assumption,deterministic,scan_then_clear,joint,3,0,0,0.0,1058.7831393333333,356.75112099999933,1766.5284420000007,3,1058.7831393333333,1053.0698549999997,1.0,1766.5284420000007,-10.143995142160014,pointwise paired bootstrap; exploratory and not multiplicity-adjusted,very small stratum,356.75112099999933,1766.5284420000007
broad,4,broad_joint,development,assumption__radius_min__noise_deterministic__scale_300,broad_or_stress_assumption,all,immediate,joint,3,0,0,0.0,142.83336133333373,-2541.877515,2288.9816730000002,3,142.83336133333373,681.395926000001,0.6666666666666666,2288.9816730000002,-2.3980508101589106,pointwise paired bootstrap; exploratory and not multiplicity-adjusted,very small stratum,-2541.877515,2288.9816730000002
broad,4,broad_joint,development,assumption__radius_min__noise_deterministic__scale_300,broad_or_stress_assumption,all,scan_then_clear,joint,3,0,0,0.0,1058.7831393333333,356.75112099999933,1766.5284420000007,3,1058.7831393333333,1053.0698549999997,1.0,1766.5284420000007,-10.143995142160014,pointwise paired bootstrap; exploratory and not multiplicity-adjusted,very small stratum,356.75112099999933,1766.5284420000007
broad,4,broad_joint,development,assumption__radius_min__noise_deterministic__scale_300,broad_or_stress_assumption,deterministic,immediate,joint,3,0,0,0.0,142.83336133333373,-2541.877515,2288.9816730000002,3,142.83336133333373,681.395926000001,0.6666666666666666,2288.9816730000002,-2.3980508101589106,pointwise paired bootstrap; exploratory and not multiplicity-adjusted,very small stratum,-2541.877515,2288.9816730000002
broad,4,broad_joint,development,assumption__radius_min__noise_deterministic__scale_300,broad_or_stress_assumption,deterministic,scan_then_clear,joint,3,0,0,0.0,1058.7831393333333,356.75112099999933,1766.5284420000007,3,1058.7831393333333,1053.0698549999997,1.0,1766.5284420000007,-10.143995142160014,pointwise paired bootstrap; exploratory and not multiplicity-adjusted,very small stratum,356.75112099999933,1766.5284420000007
broad,4,broad_joint,all,assumption__radius_min__noise_deterministic__scale_75,broad_or_stress_assumption,all,immediate,joint,2,0,0,0.0,1839.7793139999994,1616.3320199999998,2063.226607999999,2,1839.7793139999994,1839.7793139999994,1.0,2063.226607999999,-17.70449449646541,pointwise paired bootstrap; exploratory and not multiplicity-adjusted,very small stratum,1616.3320199999998,2063.226607999999
broad,4,broad_joint,all,assumption__radius_min__noise_deterministic__scale_75,broad_or_stress_assumption,all,scan_then_clear,joint,2,0,0,0.0,947.6637019999998,404.10932800000046,1491.2180759999992,2,947.6637019999998,947.6637019999998,1.0,1491.2180759999992,-8.746643408444408,pointwise paired bootstrap; exploratory and not multiplicity-adjusted,very small stratum,404.10932800000046,1491.2180759999992
broad,4,broad_joint,all,assumption__radius_min__noise_deterministic__scale_75,broad_or_stress_assumption,deterministic,immediate,joint,2,0,0,0.0,1839.7793139999994,1616.3320199999998,2063.226607999999,2,1839.7793139999994,1839.7793139999994,1.0,2063.226607999999,-17.70449449646541,pointwise paired bootstrap; exploratory and not multiplicity-adjusted,very small stratum,1616.3320199999998,2063.226607999999
broad,4,broad_joint,all,assumption__radius_min__noise_deterministic__scale_75,broad_or_stress_assumption,deterministic,scan_then_clear,joint,2,0,0,0.0,947.6637019999998,404.10932800000046,1491.2180759999992,2,947.6637019999998,947.6637019999998,1.0,1491.2180759999992,-8.746643408444408,pointwise paired bootstrap; exploratory and not multiplicity-adjusted,very small stratum,404.10932800000046,1491.2180759999992
broad,4,broad_joint,development,assumption__radius_min__noise_deterministic__scale_75,broad_or_stress_assumption,all,immediate,joint,2,0,0,0.0,1839.7793139999994,1616.3320199999998,2063.226607999999,2,1839.7793139999994,1839.7793139999994,1.0,2063.226607999999,-17.70449449646541,pointwise paired bootstrap; exploratory and not multiplicity-adjusted,very small stratum,1616.3320199999998,2063.226607999999
broad,4,broad_joint,development,assumption__radius_min__noise_deterministic__scale_75,broad_or_stress_assumption,all,scan_then_clear,joint,2,0,0,0.0,947.6637019999998,404.10932800000046,1491.2180759999992,2,947.6637019999998,947.6637019999998,1.0,1491.2180759999992,-8.746643408444408,pointwise paired bootstrap; exploratory and not multiplicity-adjusted,very small stratum,404.10932800000046,1491.2180759999992
broad,4,broad_joint,development,assumption__radius_min__noise_deterministic__scale_75,broad_or_stress_assumption,deterministic,immediate,joint,2,0,0,0.0,1839.7793139999994,1616.3320199999998,2063.226607999999,2,1839.7793139999994,1839.7793139999994,1.0,2063.226607999999,-17.70449449646541,pointwise paired bootstrap; exploratory and not multiplicity-adjusted,very small stratum,1616.3320199999998,2063.226607999999
broad,4,broad_joint,development,assumption__radius_min__noise_deterministic__scale_75,broad_or_stress_assumption,deterministic,scan_then_clear,joint,2,0,0,0.0,947.6637019999998,404.10932800000046,1491.2180759999992,2,947.6637019999998,947.6637019999998,1.0,1491.2180759999992,-8.746643408444408,pointwise paired bootstrap; exploratory and not multiplicity-adjusted,very small stratum,404.10932800000046,1491.2180759999992
broad,4,broad_joint,all,assumption__radius_min__noise_extreme__scale_150,broad_or_stress_assumption,all,immediate,joint,1,0,0,0.0,471.8957129999999,,,1,471.8957129999999,471.8957129999999,1.0,471.8957129999999,-4.099172703703622,pointwise paired bootstrap; exploratory and not multiplicity-adjusted,very small stratum,,
broad,4,broad_joint,all,assumption__radius_min__noise_extreme__scale_150,broad_or_stress_assumption,all,scan_then_clear,joint,1,0,0,0.0,452.34408600000097,,,1,452.34408600000097,452.34408600000097,1.0,452.34408600000097,-3.9293353996054803,pointwise paired bootstrap; exploratory and not multiplicity-adjusted,very small stratum,,
broad,4,broad_joint,all,assumption__radius_min__noise_extreme__scale_150,broad_or_stress_assumption,extreme,immediate,joint,1,0,0,0.0,471.8957129999999,,,1,471.8957129999999,471.8957129999999,1.0,471.8957129999999,-4.099172703703622,pointwise paired bootstrap; exploratory and not multiplicity-adjusted,very small stratum,,
broad,4,broad_joint,all,assumption__radius_min__noise_extreme__scale_150,broad_or_stress_assumption,extreme,scan_then_clear,joint,1,0,0,0.0,452.34408600000097,,,1,452.34408600000097,452.34408600000097,1.0,452.34408600000097,-3.9293353996054803,pointwise paired bootstrap; exploratory and not multiplicity-adjusted,very small stratum,,
broad,4,broad_joint,development,assumption__radius_min__noise_extreme__scale_150,broad_or_stress_assumption,all,immediate,joint,1,0,0,0.0,471.8957129999999,,,1,471.8957129999999,471.8957129999999,1.0,471.8957129999999,-4.099172703703622,pointwise paired bootstrap; exploratory and not multiplicity-adjusted,very small stratum,,
broad,4,broad_joint,development,assumption__radius_min__noise_extreme__scale_150,broad_or_stress_assumption,all,scan_then_clear,joint,1,0,0,0.0,452.34408600000097,,,1,452.34408600000097,452.34408600000097,1.0,452.34408600000097,-3.9293353996054803,pointwise paired bootstrap; exploratory and not multiplicity-adjusted,very small stratum,,
broad,4,broad_joint,development,assumption__radius_min__noise_extreme__scale_150,broad_or_stress_assumption,extreme,immediate,joint,1,0,0,0.0,471.8957129999999,,,1,471.8957129999999,471.8957129999999,1.0,471.8957129999999,-4.099172703703622,pointwise paired bootstrap; exploratory and not multiplicity-adjusted,very small stratum,,
broad,4,broad_joint,development,assumption__radius_min__noise_extreme__scale_150,broad_or_stress_assumption,extreme,scan_then_clear,joint,1,0,0,0.0,452.34408600000097,,,1,452.34408600000097,452.34408600000097,1.0,452.34408600000097,-3.9293353996054803,pointwise paired bootstrap; exploratory and not multiplicity-adjusted,very small stratum,,
broad,4,broad_joint,all,assumption__radius_min__noise_extreme__scale_300,broad_or_stress_assumption,all,immediate,joint,3,0,0,0.0,989.8810530000004,357.19633000000067,1646.5442349999994,3,989.8810530000004,965.902594000001,1.0,1646.5442349999994,-9.325455137009468,pointwise paired bootstrap; exploratory and not multiplicity-adjusted,very small stratum,357.19633000000067,1646.5442349999994
broad,4,broad_joint,all,assumption__radius_min__noise_extreme__scale_300,broad_or_stress_assumption,all,scan_then_clear,joint,3,0,0,0.0,503.64234899999974,212.8197339999988,806.1715860000004,3,503.64234899999974,491.93572700000004,1.0,806.1715860000004,-4.6774546990838495,pointwise paired bootstrap; exploratory and not multiplicity-adjusted,very small stratum,212.8197339999988,806.1715860000004
broad,4,broad_joint,all,assumption__radius_min__noise_extreme__scale_300,broad_or_stress_assumption,extreme,immediate,joint,3,0,0,0.0,989.8810530000004,357.19633000000067,1646.5442349999994,3,989.8810530000004,965.902594000001,1.0,1646.5442349999994,-9.325455137009468,pointwise paired bootstrap; exploratory and not multiplicity-adjusted,very small stratum,357.19633000000067,1646.5442349999994
broad,4,broad_joint,all,assumption__radius_min__noise_extreme__scale_300,broad_or_stress_assumption,extreme,scan_then_clear,joint,3,0,0,0.0,503.64234899999974,212.8197339999988,806.1715860000004,3,503.64234899999974,491.93572700000004,1.0,806.1715860000004,-4.6774546990838495,pointwise paired bootstrap; exploratory and not multiplicity-adjusted,very small stratum,212.8197339999988,806.1715860000004
broad,4,broad_joint,development,assumption__radius_min__noise_extreme__scale_300,broad_or_stress_assumption,all,immediate,joint,3,0,0,0.0,989.8810530000004,357.19633000000067,1646.5442349999994,3,989.8810530000004,965.902594000001,1.0,1646.5442349999994,-9.325455137009468,pointwise paired bootstrap; exploratory and not multiplicity-adjusted,very small stratum,357.19633000000067,1646.5442349999994
broad,4,broad_joint,development,assumption__radius_min__noise_extreme__scale_300,broad_or_stress_assumption,all,scan_then_clear,joint,3,0,0,0.0,503.64234899999974,212.8197339999988,806.1715860000004,3,503.64234899999974,491.93572700000004,1.0,806.1715860000004,-4.6774546990838495,pointwise paired bootstrap; exploratory and not multiplicity-adjusted,very small stratum,212.8197339999988,806.1715860000004
broad,4,broad_joint,development,assumption__radius_min__noise_extreme__scale_300,broad_or_stress_assumption,extreme,immediate,joint,3,0,0,0.0,989.8810530000004,357.19633000000067,1646.5442349999994,3,989.8810530000004,965.902594000001,1.0,1646.5442349999994,-9.325455137009468,pointwise paired bootstrap; exploratory and not multiplicity-adjusted,very small stratum,357.19633000000067,1646.5442349999994
broad,4,broad_joint,development,assumption__radius_min__noise_extreme__scale_300,broad_or_stress_assumption,extreme,scan_then_clear,joint,3,0,0,0.0,503.64234899999974,212.8197339999988,806.1715860000004,3,503.64234899999974,491.93572700000004,1.0,806.1715860000004,-4.6774546990838495,pointwise paired bootstrap; exploratory and not multiplicity-adjusted,very small stratum,212.8197339999988,806.1715860000004
broad,4,broad_joint,all,assumption__radius_min__noise_extreme__scale_75,broad_or_stress_assumption,all,immediate,joint,3,0,0,0.0,1194.730971666667,584.9692780000005,1582.073703,3,1194.730971666667,1417.149934000001,1.0,1582.073703,-10.987739588669193,pointwise paired bootstrap; exploratory and not multiplicity-adjusted,very small stratum,584.9692780000005,1582.073703
broad,4,broad_joint,all,assumption__radius_min__noise_extreme__scale_75,broad_or_stress_assumption,all,scan_then_clear,joint,3,0,0,0.0,787.0421783333337,431.1388189999998,1087.5083910000012,3,787.0421783333337,842.4793250000002,1.0,1087.5083910000012,-7.211346731576529,pointwise paired bootstrap; exploratory and not multiplicity-adjusted,very small stratum,431.1388189999998,1087.5083910000012
broad,4,broad_joint,all,assumption__radius_min__noise_extreme__scale_75,broad_or_stress_assumption,extreme,immediate,joint,3,0,0,0.0,1194.730971666667,584.9692780000005,1582.073703,3,1194.730971666667,1417.149934000001,1.0,1582.073703,-10.987739588669193,pointwise paired bootstrap; exploratory and not multiplicity-adjusted,very small stratum,584.9692780000005,1582.073703
broad,4,broad_joint,all,assumption__radius_min__noise_extreme__scale_75,broad_or_stress_assumption,extreme,scan_then_clear,joint,3,0,0,0.0,787.0421783333337,431.1388189999998,1087.5083910000012,3,787.0421783333337,842.4793250000002,1.0,1087.5083910000012,-7.211346731576529,pointwise paired bootstrap; exploratory and not multiplicity-adjusted,very small stratum,431.1388189999998,1087.5083910000012
broad,4,broad_joint,development,assumption__radius_min__noise_extreme__scale_75,broad_or_stress_assumption,all,immediate,joint,3,0,0,0.0,1194.730971666667,584.9692780000005,1582.073703,3,1194.730971666667,1417.149934000001,1.0,1582.073703,-10.987739588669193,pointwise paired bootstrap; exploratory and not multiplicity-adjusted,very small stratum,584.9692780000005,1582.073703
broad,4,broad_joint,development,assumption__radius_min__noise_extreme__scale_75,broad_or_stress_assumption,all,scan_then_clear,joint,3,0,0,0.0,787.0421783333337,431.1388189999998,1087.5083910000012,3,787.0421783333337,842.4793250000002,1.0,1087.5083910000012,-7.211346731576529,pointwise paired bootstrap; exploratory and not multiplicity-adjusted,very small stratum,431.1388189999998,1087.5083910000012
broad,4,broad_joint,development,assumption__radius_min__noise_extreme__scale_75,broad_or_stress_assumption,extreme,immediate,joint,3,0,0,0.0,1194.730971666667,584.9692780000005,1582.073703,3,1194.730971666667,1417.149934000001,1.0,1582.073703,-10.987739588669193,pointwise paired bootstrap; exploratory and not multiplicity-adjusted,very small stratum,584.9692780000005,1582.073703
broad,4,broad_joint,development,assumption__radius_min__noise_extreme__scale_75,broad_or_stress_assumption,extreme,scan_then_clear,joint,3,0,0,0.0,787.0421783333337,431.1388189999998,1087.5083910000012,3,787.0421783333337,842.4793250000002,1.0,1087.5083910000012,-7.211346731576529,pointwise paired bootstrap; exploratory and not multiplicity-adjusted,very small stratum,431.1388189999998,1087.5083910000012
broad,4,broad_joint,all,assumption__radius_mixed__noise_correlated__scale_150,broad_or_stress_assumption,all,immediate,joint,2,0,0,0.0,2283.8618670000005,1352.6132610000004,3215.1104730000006,2,2283.8618670000005,2283.8618670000005,1.0,3215.1104730000006,-21.29311627163111,pointwise paired bootstrap; exploratory and not multiplicity-adjusted,very small stratum,1352.6132610000004,3215.1104730000006
broad,4,broad_joint,all,assumption__radius_mixed__noise_correlated__scale_150,broad_or_stress_assumption,all,scan_then_clear,joint,2,0,0,0.0,573.253721,-112.06205399999999,1258.569496,2,573.253721,573.253721,0.5,1258.569496,-5.540518451767632,pointwise paired bootstrap; exploratory and not multiplicity-adjusted,very small stratum,-112.06205399999999,1258.569496
broad,4,broad_joint,all,assumption__radius_mixed__noise_correlated__scale_150,broad_or_stress_assumption,correlated,immediate,joint,2,0,0,0.0,2283.8618670000005,1352.6132610000004,3215.1104730000006,2,2283.8618670000005,2283.8618670000005,1.0,3215.1104730000006,-21.29311627163111,pointwise paired bootstrap; exploratory and not multiplicity-adjusted,very small stratum,1352.6132610000004,3215.1104730000006
broad,4,broad_joint,all,assumption__radius_mixed__noise_correlated__scale_150,broad_or_stress_assumption,correlated,scan_then_clear,joint,2,0,0,0.0,573.253721,-112.06205399999999,1258.569496,2,573.253721,573.253721,0.5,1258.569496,-5.540518451767632,pointwise paired bootstrap; exploratory and not multiplicity-adjusted,very small stratum,-112.06205399999999,1258.569496
broad,4,broad_joint,development,assumption__radius_mixed__noise_correlated__scale_150,broad_or_stress_assumption,all,immediate,joint,2,0,0,0.0,2283.8618670000005,1352.6132610000004,3215.1104730000006,2,2283.8618670000005,2283.8618670000005,1.0,3215.1104730000006,-21.29311627163111,pointwise paired bootstrap; exploratory and not multiplicity-adjusted,very small stratum,1352.6132610000004,3215.1104730000006
broad,4,broad_joint,development,assumption__radius_mixed__noise_correlated__scale_150,broad_or_stress_assumption,all,scan_then_clear,joint,2,0,0,0.0,573.253721,-112.06205399999999,1258.569496,2,573.253721,573.253721,0.5,1258.569496,-5.540518451767632,pointwise paired bootstrap; exploratory and not multiplicity-adjusted,very small stratum,-112.06205399999999,1258.569496
broad,4,broad_joint,development,assumption__radius_mixed__noise_correlated__scale_150,broad_or_stress_assumption,correlated,immediate,joint,2,0,0,0.0,2283.8618670000005,1352.6132610000004,3215.1104730000006,2,2283.8618670000005,2283.8618670000005,1.0,3215.1104730000006,-21.29311627163111,pointwise paired bootstrap; exploratory and not multiplicity-adjusted,very small stratum,1352.6132610000004,3215.1104730000006
broad,4,broad_joint,development,assumption__radius_mixed__noise_correlated__scale_150,broad_or_stress_assumption,correlated,scan_then_clear,joint,2,0,0,0.0,573.253721,-112.06205399999999,1258.569496,2,573.253721,573.253721,0.5,1258.569496,-5.540518451767632,pointwise paired bootstrap; exploratory and not multiplicity-adjusted,very small stratum,-112.06205399999999,1258.569496
broad,4,broad_joint,all,assumption__radius_mixed__noise_correlated__scale_300,broad_or_stress_assumption,all,immediate,joint,2,0,0,0.0,618.9586369999997,-36.765267999999196,1274.6825419999986,2,618.9586369999997,618.9586369999997,0.5,1274.6825419999986,-5.814074789128528,pointwise paired bootstrap; exploratory and not multiplicity-adjusted,very small stratum,-36.765267999999196,1274.6825419999986
broad,4,broad_joint,all,assumption__radius_mixed__noise_correlated__scale_300,broad_or_stress_assumption,all,scan_then_clear,joint,2,0,0,0.0,270.69781499999954,264.371165999999,277.0244640000001,2,270.69781499999954,270.69781499999954,1.0,277.0244640000001,-2.4709397105980777,pointwise paired bootstrap; exploratory and not multiplicity-adjusted,very small stratum,264.371165999999,277.0244640000001
broad,4,broad_joint,all,assumption__radius_mixed__noise_correlated__scale_300,broad_or_stress_assumption,correlated,immediate,joint,2,0,0,0.0,618.9586369999997,-36.765267999999196,1274.6825419999986,2,618.9586369999997,618.9586369999997,0.5,1274.6825419999986,-5.814074789128528,pointwise paired bootstrap; exploratory and not multiplicity-adjusted,very small stratum,-36.765267999999196,1274.6825419999986
broad,4,broad_joint,all,assumption__radius_mixed__noise_correlated__scale_300,broad_or_stress_assumption,correlated,scan_then_clear,joint,2,0,0,0.0,270.69781499999954,264.371165999999,277.0244640000001,2,270.69781499999954,270.69781499999954,1.0,277.0244640000001,-2.4709397105980777,pointwise paired bootstrap; exploratory and not multiplicity-adjusted,very small stratum,264.371165999999,277.0244640000001
broad,4,broad_joint,development,assumption__radius_mixed__noise_correlated__scale_300,broad_or_stress_assumption,all,immediate,joint,2,0,0,0.0,618.9586369999997,-36.765267999999196,1274.6825419999986,2,618.9586369999997,618.9586369999997,0.5,1274.6825419999986,-5.814074789128528,pointwise paired bootstrap; exploratory and not multiplicity-adjusted,very small stratum,-36.765267999999196,1274.6825419999986
broad,4,broad_joint,development,assumption__radius_mixed__noise_correlated__scale_300,broad_or_stress_assumption,all,scan_then_clear,joint,2,0,0,0.0,270.69781499999954,264.371165999999,277.0244640000001,2,270.69781499999954,270.69781499999954,1.0,277.0244640000001,-2.4709397105980777,pointwise paired bootstrap; exploratory and not multiplicity-adjusted,very small stratum,264.371165999999,277.0244640000001
broad,4,broad_joint,development,assumption__radius_mixed__noise_correlated__scale_300,broad_or_stress_assumption,correlated,immediate,joint,2,0,0,0.0,618.9586369999997,-36.765267999999196,1274.6825419999986,2,618.9586369999997,618.9586369999997,0.5,1274.6825419999986,-5.814074789128528,pointwise paired bootstrap; exploratory and not multiplicity-adjusted,very small stratum,-36.765267999999196,1274.6825419999986
broad,4,broad_joint,development,assumption__radius_mixed__noise_correlated__scale_300,broad_or_stress_assumption,correlated,scan_then_clear,joint,2,0,0,0.0,270.69781499999954,264.371165999999,277.0244640000001,2,270.69781499999954,270.69781499999954,1.0,277.0244640000001,-2.4709397105980777,pointwise paired bootstrap; exploratory and not multiplicity-adjusted,very small stratum,264.371165999999,277.0244640000001
broad,4,broad_joint,all,assumption__radius_mixed__noise_correlated__scale_75,broad_or_stress_assumption,all,immediate,joint,2,0,0,0.0,1418.9099189999997,-50.30559700000049,2888.125435,2,1418.9099189999997,1418.9099189999997,0.5,2888.125435,-13.907900709381206,pointwise paired bootstrap; exploratory and not multiplicity-adjusted,very small stratum,-50.30559700000049,2888.125435
broad,4,broad_joint,all,assumption__radius_mixed__noise_correlated__scale_75,broad_or_stress_assumption,all,scan_then_clear,joint,2,0,0,0.0,127.7711220000001,-618.619009,874.1612530000002,2,127.7711220000001,127.7711220000001,0.5,874.1612530000002,-1.7952692424320023,pointwise paired bootstrap; exploratory and not multiplicity-adjusted,very small stratum,-618.619009,874.1612530000002
broad,4,broad_joint,all,assumption__radius_mixed__noise_correlated__scale_75,broad_or_stress_assumption,correlated,immediate,joint,2,0,0,0.0,1418.9099189999997,-50.30559700000049,2888.125435,2,1418.9099189999997,1418.9099189999997,0.5,2888.125435,-13.907900709381206,pointwise paired bootstrap; exploratory and not multiplicity-adjusted,very small stratum,-50.30559700000049,2888.125435
broad,4,broad_joint,all,assumption__radius_mixed__noise_correlated__scale_75,broad_or_stress_assumption,correlated,scan_then_clear,joint,2,0,0,0.0,127.7711220000001,-618.619009,874.1612530000002,2,127.7711220000001,127.7711220000001,0.5,874.1612530000002,-1.7952692424320023,pointwise paired bootstrap; exploratory and not multiplicity-adjusted,very small stratum,-618.619009,874.1612530000002
broad,4,broad_joint,development,assumption__radius_mixed__noise_correlated__scale_75,broad_or_stress_assumption,all,immediate,joint,2,0,0,0.0,1418.9099189999997,-50.30559700000049,2888.125435,2,1418.9099189999997,1418.9099189999997,0.5,2888.125435,-13.907900709381206,pointwise paired bootstrap; exploratory and not multiplicity-adjusted,very small stratum,-50.30559700000049,2888.125435
broad,4,broad_joint,development,assumption__radius_mixed__noise_correlated__scale_75,broad_or_stress_assumption,all,scan_then_clear,joint,2,0,0,0.0,127.7711220000001,-618.619009,874.1612530000002,2,127.7711220000001,127.7711220000001,0.5,874.1612530000002,-1.7952692424320023,pointwise paired bootstrap; exploratory and not multiplicity-adjusted,very small stratum,-618.619009,874.1612530000002
broad,4,broad_joint,development,assumption__radius_mixed__noise_correlated__scale_75,broad_or_stress_assumption,correlated,immediate,joint,2,0,0,0.0,1418.9099189999997,-50.30559700000049,2888.125435,2,1418.9099189999997,1418.9099189999997,0.5,2888.125435,-13.907900709381206,pointwise paired bootstrap; exploratory and not multiplicity-adjusted,very small stratum,-50.30559700000049,2888.125435
broad,4,broad_joint,development,assumption__radius_mixed__noise_correlated__scale_75,broad_or_stress_assumption,correlated,scan_then_clear,joint,2,0,0,0.0,127.7711220000001,-618.619009,874.1612530000002,2,127.7711220000001,127.7711220000001,0.5,874.1612530000002,-1.7952692424320023,pointwise paired bootstrap; exploratory and not multiplicity-adjusted,very small stratum,-618.619009,874.1612530000002
broad,4,broad_joint,all,assumption__radius_mixed__noise_deterministic__scale_150,broad_or_stress_assumption,all,immediate,joint,3,0,0,0.0,2439.650072,1945.889851,2846.0751789999995,3,2439.650072,2526.985186,1.0,2846.0751789999995,-22.944379095621375,pointwise paired bootstrap; exploratory and not multiplicity-adjusted,very small stratum,1945.889851,2846.0751789999995
broad,4,broad_joint,all,assumption__radius_mixed__noise_deterministic__scale_150,broad_or_stress_assumption,all,scan_then_clear,joint,3,0,0,0.0,1510.3715363333329,807.1945209999994,1962.1528909999997,3,1510.3715363333329,1761.7671969999992,1.0,1962.1528909999997,-14.281898574899216,pointwise paired bootstrap; exploratory and not multiplicity-adjusted,very small stratum,807.1945209999994,1962.1528909999997
broad,4,broad_joint,all,assumption__radius_mixed__noise_deterministic__scale_150,broad_or_stress_assumption,deterministic,immediate,joint,3,0,0,0.0,2439.650072,1945.889851,2846.0751789999995,3,2439.650072,2526.985186,1.0,2846.0751789999995,-22.944379095621375,pointwise paired bootstrap; exploratory and not multiplicity-adjusted,very small stratum,1945.889851,2846.0751789999995
broad,4,broad_joint,all,assumption__radius_mixed__noise_deterministic__scale_150,broad_or_stress_assumption,deterministic,scan_then_clear,joint,3,0,0,0.0,1510.3715363333329,807.1945209999994,1962.1528909999997,3,1510.3715363333329,1761.7671969999992,1.0,1962.1528909999997,-14.281898574899216,pointwise paired bootstrap; exploratory and not multiplicity-adjusted,very small stratum,807.1945209999994,1962.1528909999997
broad,4,broad_joint,development,assumption__radius_mixed__noise_deterministic__scale_150,broad_or_stress_assumption,all,immediate,joint,3,0,0,0.0,2439.650072,1945.889851,2846.0751789999995,3,2439.650072,2526.985186,1.0,2846.0751789999995,-22.944379095621375,pointwise paired bootstrap; exploratory and not multiplicity-adjusted,very small stratum,1945.889851,2846.0751789999995
broad,4,broad_joint,development,assumption__radius_mixed__noise_deterministic__scale_150,broad_or_stress_assumption,all,scan_then_clear,joint,3,0,0,0.0,1510.3715363333329,807.1945209999994,1962.1528909999997,3,1510.3715363333329,1761.7671969999992,1.0,1962.1528909999997,-14.281898574899216,pointwise paired bootstrap; exploratory and not multiplicity-adjusted,very small stratum,807.1945209999994,1962.1528909999997
broad,4,broad_joint,development,assumption__radius_mixed__noise_deterministic__scale_150,broad_or_stress_assumption,deterministic,immediate,joint,3,0,0,0.0,2439.650072,1945.889851,2846.0751789999995,3,2439.650072,2526.985186,1.0,2846.0751789999995,-22.944379095621375,pointwise paired bootstrap; exploratory and not multiplicity-adjusted,very small stratum,1945.889851,2846.0751789999995
broad,4,broad_joint,development,assumption__radius_mixed__noise_deterministic__scale_150,broad_or_stress_assumption,deterministic,scan_then_clear,joint,3,0,0,0.0,1510.3715363333329,807.1945209999994,1962.1528909999997,3,1510.3715363333329,1761.7671969999992,1.0,1962.1528909999997,-14.281898574899216,pointwise paired bootstrap; exploratory and not multiplicity-adjusted,very small stratum,807.1945209999994,1962.1528909999997
broad,4,broad_joint,all,assumption__radius_mixed__noise_deterministic__scale_300,broad_or_stress_assumption,all,immediate,joint,3,0,0,0.0,2135.5466583333337,814.2960570000014,3761.4722989999996,3,2135.5466583333337,1830.8716189999996,1.0,3761.472299,-24.73055651842472,pointwise paired bootstrap; exploratory and not multiplicity-adjusted,very small stratum,814.2960570000014,3761.4722989999996
broad,4,broad_joint,all,assumption__radius_mixed__noise_deterministic__scale_300,broad_or_stress_assumption,all,scan_then_clear,joint,3,0,0,0.0,1852.6797066666668,557.5081980000014,4276.075701999999,3,1852.6797066666668,724.4552199999998,1.0,4276.075701999999,-23.006252438368744,pointwise paired bootstrap; exploratory and not multiplicity-adjusted,very small stratum,557.5081980000014,4276.075701999999
broad,4,broad_joint,all,assumption__radius_mixed__noise_deterministic__scale_300,broad_or_stress_assumption,deterministic,immediate,joint,3,0,0,0.0,2135.5466583333337,814.2960570000014,3761.4722989999996,3,2135.5466583333337,1830.8716189999996,1.0,3761.472299,-24.73055651842472,pointwise paired bootstrap; exploratory and not multiplicity-adjusted,very small stratum,814.2960570000014,3761.4722989999996
broad,4,broad_joint,all,assumption__radius_mixed__noise_deterministic__scale_300,broad_or_stress_assumption,deterministic,scan_then_clear,joint,3,0,0,0.0,1852.6797066666668,557.5081980000014,4276.075701999999,3,1852.6797066666668,724.4552199999998,1.0,4276.075701999999,-23.006252438368744,pointwise paired bootstrap; exploratory and not multiplicity-adjusted,very small stratum,557.5081980000014,4276.075701999999
broad,4,broad_joint,development,assumption__radius_mixed__noise_deterministic__scale_300,broad_or_stress_assumption,all,immediate,joint,3,0,0,0.0,2135.5466583333337,814.2960570000014,3761.4722989999996,3,2135.5466583333337,1830.8716189999996,1.0,3761.472299,-24.73055651842472,pointwise paired bootstrap; exploratory and not multiplicity-adjusted,very small stratum,814.2960570000014,3761.4722989999996
broad,4,broad_joint,development,assumption__radius_mixed__noise_deterministic__scale_300,broad_or_stress_assumption,all,scan_then_clear,joint,3,0,0,0.0,1852.6797066666668,557.5081980000014,4276.075701999999,3,1852.6797066666668,724.4552199999998,1.0,4276.075701999999,-23.006252438368744,pointwise paired bootstrap; exploratory and not multiplicity-adjusted,very small stratum,557.5081980000014,4276.075701999999
broad,4,broad_joint,development,assumption__radius_mixed__noise_deterministic__scale_300,broad_or_stress_assumption,deterministic,immediate,joint,3,0,0,0.0,2135.5466583333337,814.2960570000014,3761.4722989999996,3,2135.5466583333337,1830.8716189999996,1.0,3761.472299,-24.73055651842472,pointwise paired bootstrap; exploratory and not multiplicity-adjusted,very small stratum,814.2960570000014,3761.4722989999996
broad,4,broad_joint,development,assumption__radius_mixed__noise_deterministic__scale_300,broad_or_stress_assumption,deterministic,scan_then_clear,joint,3,0,0,0.0,1852.6797066666668,557.5081980000014,4276.075701999999,3,1852.6797066666668,724.4552199999998,1.0,4276.075701999999,-23.006252438368744,pointwise paired bootstrap; exploratory and not multiplicity-adjusted,very small stratum,557.5081980000014,4276.075701999999
broad,4,broad_joint,all,assumption__radius_mixed__noise_deterministic__scale_75,broad_or_stress_assumption,all,immediate,joint,2,0,0,0.0,2018.0454209999998,1487.8360069999999,2548.2548349999997,2,2018.0454209999998,2018.0454209999998,1.0,2548.2548349999997,-16.63416174154806,pointwise paired bootstrap; exploratory and not multiplicity-adjusted,very small stratum,1487.8360069999999,2548.2548349999997
broad,4,broad_joint,all,assumption__radius_mixed__noise_deterministic__scale_75,broad_or_stress_assumption,all,scan_then_clear,joint,2,0,0,0.0,892.5182540000005,691.2183729999997,1093.8181350000013,2,892.5182540000005,892.5182540000005,1.0,1093.8181350000013,-7.276200267943243,pointwise paired bootstrap; exploratory and not multiplicity-adjusted,very small stratum,691.2183729999997,1093.8181350000013
broad,4,broad_joint,all,assumption__radius_mixed__noise_deterministic__scale_75,broad_or_stress_assumption,deterministic,immediate,joint,2,0,0,0.0,2018.0454209999998,1487.8360069999999,2548.2548349999997,2,2018.0454209999998,2018.0454209999998,1.0,2548.2548349999997,-16.63416174154806,pointwise paired bootstrap; exploratory and not multiplicity-adjusted,very small stratum,1487.8360069999999,2548.2548349999997
broad,4,broad_joint,all,assumption__radius_mixed__noise_deterministic__scale_75,broad_or_stress_assumption,deterministic,scan_then_clear,joint,2,0,0,0.0,892.5182540000005,691.2183729999997,1093.8181350000013,2,892.5182540000005,892.5182540000005,1.0,1093.8181350000013,-7.276200267943243,pointwise paired bootstrap; exploratory and not multiplicity-adjusted,very small stratum,691.2183729999997,1093.8181350000013
broad,4,broad_joint,development,assumption__radius_mixed__noise_deterministic__scale_75,broad_or_stress_assumption,all,immediate,joint,2,0,0,0.0,2018.0454209999998,1487.8360069999999,2548.2548349999997,2,2018.0454209999998,2018.0454209999998,1.0,2548.2548349999997,-16.63416174154806,pointwise paired bootstrap; exploratory and not multiplicity-adjusted,very small stratum,1487.8360069999999,2548.2548349999997
broad,4,broad_joint,development,assumption__radius_mixed__noise_deterministic__scale_75,broad_or_stress_assumption,all,scan_then_clear,joint,2,0,0,0.0,892.5182540000005,691.2183729999997,1093.8181350000013,2,892.5182540000005,892.5182540000005,1.0,1093.8181350000013,-7.276200267943243,pointwise paired bootstrap; exploratory and not multiplicity-adjusted,very small stratum,691.2183729999997,1093.8181350000013
broad,4,broad_joint,development,assumption__radius_mixed__noise_deterministic__scale_75,broad_or_stress_assumption,deterministic,immediate,joint,2,0,0,0.0,2018.0454209999998,1487.8360069999999,2548.2548349999997,2,2018.0454209999998,2018.0454209999998,1.0,2548.2548349999997,-16.63416174154806,pointwise paired bootstrap; exploratory and not multiplicity-adjusted,very small stratum,1487.8360069999999,2548.2548349999997
broad,4,broad_joint,development,assumption__radius_mixed__noise_deterministic__scale_75,broad_or_stress_assumption,deterministic,scan_then_clear,joint,2,0,0,0.0,892.5182540000005,691.2183729999997,1093.8181350000013,2,892.5182540000005,892.5182540000005,1.0,1093.8181350000013,-7.276200267943243,pointwise paired bootstrap; exploratory and not multiplicity-adjusted,very small stratum,691.2183729999997,1093.8181350000013
broad,4,broad_joint,all,assumption__radius_mixed__noise_extreme__scale_150,broad_or_stress_assumption,all,immediate,joint,3,0,0,0.0,1891.931553333333,1530.4450519999991,2515.768024000001,3,1891.931553333333,1629.5815839999996,1.0,2515.768024000001,-17.921722468190755,pointwise paired bootstrap; exploratory and not multiplicity-adjusted,very small stratum,1530.4450519999991,2515.768024000001
broad,4,broad_joint,all,assumption__radius_mixed__noise_extreme__scale_150,broad_or_stress_assumption,all,scan_then_clear,joint,3,0,0,0.0,586.1480970000006,183.72636700000112,1000.7430230000009,3,586.1480970000006,573.9749009999996,1.0,1000.7430230000009,-5.4646314283826465,pointwise paired bootstrap; exploratory and not multiplicity-adjusted,very small stratum,183.72636700000112,1000.7430230000009
broad,4,broad_joint,all,assumption__radius_mixed__noise_extreme__scale_150,broad_or_stress_assumption,extreme,immediate,joint,3,0,0,0.0,1891.931553333333,1530.4450519999991,2515.768024000001,3,1891.931553333333,1629.5815839999996,1.0,2515.768024000001,-17.921722468190755,pointwise paired bootstrap; exploratory and not multiplicity-adjusted,very small stratum,1530.4450519999991,2515.768024000001
broad,4,broad_joint,all,assumption__radius_mixed__noise_extreme__scale_150,broad_or_stress_assumption,extreme,scan_then_clear,joint,3,0,0,0.0,586.1480970000006,183.72636700000112,1000.7430230000009,3,586.1480970000006,573.9749009999996,1.0,1000.7430230000009,-5.4646314283826465,pointwise paired bootstrap; exploratory and not multiplicity-adjusted,very small stratum,183.72636700000112,1000.7430230000009
broad,4,broad_joint,development,assumption__radius_mixed__noise_extreme__scale_150,broad_or_stress_assumption,all,immediate,joint,3,0,0,0.0,1891.931553333333,1530.4450519999991,2515.768024000001,3,1891.931553333333,1629.5815839999996,1.0,2515.768024000001,-17.921722468190755,pointwise paired bootstrap; exploratory and not multiplicity-adjusted,very small stratum,1530.4450519999991,2515.768024000001
broad,4,broad_joint,development,assumption__radius_mixed__noise_extreme__scale_150,broad_or_stress_assumption,all,scan_then_clear,joint,3,0,0,0.0,586.1480970000006,183.72636700000112,1000.7430230000009,3,586.1480970000006,573.9749009999996,1.0,1000.7430230000009,-5.4646314283826465,pointwise paired bootstrap; exploratory and not multiplicity-adjusted,very small stratum,183.72636700000112,1000.7430230000009
broad,4,broad_joint,development,assumption__radius_mixed__noise_extreme__scale_150,broad_or_stress_assumption,extreme,immediate,joint,3,0,0,0.0,1891.931553333333,1530.4450519999991,2515.768024000001,3,1891.931553333333,1629.5815839999996,1.0,2515.768024000001,-17.921722468190755,pointwise paired bootstrap; exploratory and not multiplicity-adjusted,very small stratum,1530.4450519999991,2515.768024000001
broad,4,broad_joint,development,assumption__radius_mixed__noise_extreme__scale_150,broad_or_stress_assumption,extreme,scan_then_clear,joint,3,0,0,0.0,586.1480970000006,183.72636700000112,1000.7430230000009,3,586.1480970000006,573.9749009999996,1.0,1000.7430230000009,-5.4646314283826465,pointwise paired bootstrap; exploratory and not multiplicity-adjusted,very small stratum,183.72636700000112,1000.7430230000009
broad,4,broad_joint,all,assumption__radius_mixed__noise_extreme__scale_300,broad_or_stress_assumption,all,immediate,joint,2,0,0,0.0,1961.3890505,1355.605361,2567.17274,2,1961.3890505,1961.3890505,1.0,2567.17274,-18.99640877802168,pointwise paired bootstrap; exploratory and not multiplicity-adjusted,very small stratum,1355.605361,2567.17274
broad,4,broad_joint,all,assumption__radius_mixed__noise_extreme__scale_300,broad_or_stress_assumption,all,scan_then_clear,joint,2,0,0,0.0,847.6968669999997,423.41115100000025,1271.982582999999,2,847.6968669999997,847.6968669999997,1.0,1271.982582999999,-8.243500224270885,pointwise paired bootstrap; exploratory and not multiplicity-adjusted,very small stratum,423.41115100000025,1271.982582999999
broad,4,broad_joint,all,assumption__radius_mixed__noise_extreme__scale_300,broad_or_stress_assumption,extreme,immediate,joint,2,0,0,0.0,1961.3890505,1355.605361,2567.17274,2,1961.3890505,1961.3890505,1.0,2567.17274,-18.99640877802168,pointwise paired bootstrap; exploratory and not multiplicity-adjusted,very small stratum,1355.605361,2567.17274
broad,4,broad_joint,all,assumption__radius_mixed__noise_extreme__scale_300,broad_or_stress_assumption,extreme,scan_then_clear,joint,2,0,0,0.0,847.6968669999997,423.41115100000025,1271.982582999999,2,847.6968669999997,847.6968669999997,1.0,1271.982582999999,-8.243500224270885,pointwise paired bootstrap; exploratory and not multiplicity-adjusted,very small stratum,423.41115100000025,1271.982582999999
broad,4,broad_joint,development,assumption__radius_mixed__noise_extreme__scale_300,broad_or_stress_assumption,all,immediate,joint,2,0,0,0.0,1961.3890505,1355.605361,2567.17274,2,1961.3890505,1961.3890505,1.0,2567.17274,-18.99640877802168,pointwise paired bootstrap; exploratory and not multiplicity-adjusted,very small stratum,1355.605361,2567.17274
broad,4,broad_joint,development,assumption__radius_mixed__noise_extreme__scale_300,broad_or_stress_assumption,all,scan_then_clear,joint,2,0,0,0.0,847.6968669999997,423.41115100000025,1271.982582999999,2,847.6968669999997,847.6968669999997,1.0,1271.982582999999,-8.243500224270885,pointwise paired bootstrap; exploratory and not multiplicity-adjusted,very small stratum,423.41115100000025,1271.982582999999
broad,4,broad_joint,development,assumption__radius_mixed__noise_extreme__scale_300,broad_or_stress_assumption,extreme,immediate,joint,2,0,0,0.0,1961.3890505,1355.605361,2567.17274,2,1961.3890505,1961.3890505,1.0,2567.17274,-18.99640877802168,pointwise paired bootstrap; exploratory and not multiplicity-adjusted,very small stratum,1355.605361,2567.17274
broad,4,broad_joint,development,assumption__radius_mixed__noise_extreme__scale_300,broad_or_stress_assumption,extreme,scan_then_clear,joint,2,0,0,0.0,847.6968669999997,423.41115100000025,1271.982582999999,2,847.6968669999997,847.6968669999997,1.0,1271.982582999999,-8.243500224270885,pointwise paired bootstrap; exploratory and not multiplicity-adjusted,very small stratum,423.41115100000025,1271.982582999999
broad,4,broad_joint,all,assumption__radius_mixed__noise_extreme__scale_75,broad_or_stress_assumption,all,immediate,joint,2,0,0,0.0,2275.6304855,2170.2963,2380.9646709999997,2,2275.6304855,2275.6304855,1.0,2380.9646709999997,-22.330908619016007,pointwise paired bootstrap; exploratory and not multiplicity-adjusted,very small stratum,2170.2963,2380.9646709999997
broad,4,broad_joint,all,assumption__radius_mixed__noise_extreme__scale_75,broad_or_stress_assumption,all,scan_then_clear,joint,2,0,0,0.0,755.3008934999989,731.7169679999988,778.884818999999,2,755.3008934999989,755.3008934999989,1.0,778.884818999999,-7.4145475648238,pointwise paired bootstrap; exploratory and not multiplicity-adjusted,very small stratum,731.7169679999988,778.884818999999
broad,4,broad_joint,all,assumption__radius_mixed__noise_extreme__scale_75,broad_or_stress_assumption,extreme,immediate,joint,2,0,0,0.0,2275.6304855,2170.2963,2380.9646709999997,2,2275.6304855,2275.6304855,1.0,2380.9646709999997,-22.330908619016007,pointwise paired bootstrap; exploratory and not multiplicity-adjusted,very small stratum,2170.2963,2380.9646709999997
broad,4,broad_joint,all,assumption__radius_mixed__noise_extreme__scale_75,broad_or_stress_assumption,extreme,scan_then_clear,joint,2,0,0,0.0,755.3008934999989,731.7169679999988,778.884818999999,2,755.3008934999989,755.3008934999989,1.0,778.884818999999,-7.4145475648238,pointwise paired bootstrap; exploratory and not multiplicity-adjusted,very small stratum,731.7169679999988,778.884818999999
broad,4,broad_joint,development,assumption__radius_mixed__noise_extreme__scale_75,broad_or_stress_assumption,all,immediate,joint,2,0,0,0.0,2275.6304855,2170.2963,2380.9646709999997,2,2275.6304855,2275.6304855,1.0,2380.9646709999997,-22.330908619016007,pointwise paired bootstrap; exploratory and not multiplicity-adjusted,very small stratum,2170.2963,2380.9646709999997
broad,4,broad_joint,development,assumption__radius_mixed__noise_extreme__scale_75,broad_or_stress_assumption,all,scan_then_clear,joint,2,0,0,0.0,755.3008934999989,731.7169679999988,778.884818999999,2,755.3008934999989,755.3008934999989,1.0,778.884818999999,-7.4145475648238,pointwise paired bootstrap; exploratory and not multiplicity-adjusted,very small stratum,731.7169679999988,778.884818999999
broad,4,broad_joint,development,assumption__radius_mixed__noise_extreme__scale_75,broad_or_stress_assumption,extreme,immediate,joint,2,0,0,0.0,2275.6304855,2170.2963,2380.9646709999997,2,2275.6304855,2275.6304855,1.0,2380.9646709999997,-22.330908619016007,pointwise paired bootstrap; exploratory and not multiplicity-adjusted,very small stratum,2170.2963,2380.9646709999997
broad,4,broad_joint,development,assumption__radius_mixed__noise_extreme__scale_75,broad_or_stress_assumption,extreme,scan_then_clear,joint,2,0,0,0.0,755.3008934999989,731.7169679999988,778.884818999999,2,755.3008934999989,755.3008934999989,1.0,778.884818999999,-7.4145475648238,pointwise paired bootstrap; exploratory and not multiplicity-adjusted,very small stratum,731.7169679999988,778.884818999999
calibrated,3,broad_joint,all,__design_mixture__,design_mixture_only_not_official_population,all,immediate,joint,32,0,0,0.0,2177.05995740625,1975.1323507898435,2380.7894079359376,32,2177.05995740625,2233.847567,1.0,3416.7379200000005,-48.509819219502916,pointwise paired bootstrap; exploratory and not multiplicity-adjusted,,1982.883410896094,2376.1088205335936
calibrated,3,broad_joint,all,__design_mixture__,design_mixture_only_not_official_population,all,scan_then_clear,joint,32,0,0,0.0,585.2255304375001,453.5556296898438,727.1428184921872,32,585.2255304375001,575.4556875000003,0.96875,1560.7629719999995,-13.362853468068352,pointwise paired bootstrap; exploratory and not multiplicity-adjusted,,449.8466360320313,726.08162030625
calibrated,3,broad_joint,all,__design_mixture__,design_mixture_only_not_official_population,correlated,immediate,joint,15,0,0,0.0,2198.8314473333335,1889.614050311667,2507.5816130383337,15,2198.8314473333335,2204.0069519999997,1.0,3416.7379200000005,-48.80302883245277,pointwise paired bootstrap; exploratory and not multiplicity-adjusted,very small stratum,1880.7528269000002,2496.4142767050002
calibrated,3,broad_joint,all,__design_mixture__,design_mixture_only_not_official_population,correlated,scan_then_clear,joint,15,0,0,0.0,653.8851896000001,505.3310387433336,795.4627606549998,15,653.8851896000001,626.4040690000006,1.0,1151.5667079999998,-14.64980765343152,pointwise paired bootstrap; exploratory and not multiplicity-adjusted,very small stratum,507.64789937666694,793.5449229816667
calibrated,3,broad_joint,all,__design_mixture__,design_mixture_only_not_official_population,extreme,immediate,joint,17,0,0,0.0,2157.849819235294,1887.3679100132354,2424.614306355882,17,2157.849819235294,2263.688182,1.0,3243.3693989999997,-48.2511048551354,pointwise paired bootstrap; exploratory and not multiplicity-adjusted,very small stratum,1893.081240735294,2428.388636475
calibrated,3,broad_joint,all,__design_mixture__,design_mixture_only_not_official_population,extreme,scan_then_clear,joint,17,0,0,0.0,524.6434782352941,308.0106906411763,739.9393717014705,17,524.6434782352941,441.94838700000037,0.9411764705882353,1560.7629719999995,-12.227305657453789,pointwise paired bootstrap; exploratory and not multiplicity-adjusted,very small stratum,314.9356075470587,754.7545545764702
calibrated,3,broad_joint,development,__design_mixture__,design_mixture_only_not_official_population,all,immediate,joint,32,0,0,0.0,2177.05995740625,1982.081098209375,2379.976332646094,32,2177.05995740625,2233.847567,1.0,3416.7379200000005,-48.509819219502916,pointwise paired bootstrap; exploratory and not multiplicity-adjusted,,1974.7480201859375,2376.8549972015626
calibrated,3,broad_joint,development,__design_mixture__,design_mixture_only_not_official_population,all,scan_then_clear,joint,32,0,0,0.0,585.2255304375001,447.1279194640626,731.3578039054688,32,585.2255304375001,575.4556875000003,0.96875,1560.7629719999995,-13.362853468068352,pointwise paired bootstrap; exploratory and not multiplicity-adjusted,,445.1700604640625,719.9761362156246
calibrated,3,broad_joint,development,__design_mixture__,design_mixture_only_not_official_population,correlated,immediate,joint,15,0,0,0.0,2198.8314473333335,1894.819181055,2498.884561775,15,2198.8314473333335,2204.0069519999997,1.0,3416.7379200000005,-48.80302883245277,pointwise paired bootstrap; exploratory and not multiplicity-adjusted,very small stratum,1905.9900032750002,2508.6894555866666
calibrated,3,broad_joint,development,__design_mixture__,design_mixture_only_not_official_population,correlated,scan_then_clear,joint,15,0,0,0.0,653.8851896000001,505.5072366083336,790.9605267066671,15,653.8851896000001,626.4040690000006,1.0,1151.5667079999998,-14.64980765343152,pointwise paired bootstrap; exploratory and not multiplicity-adjusted,very small stratum,507.9179571283335,795.00236928
calibrated,3,broad_joint,development,__design_mixture__,design_mixture_only_not_official_population,extreme,immediate,joint,17,0,0,0.0,2157.849819235294,1876.5348586352943,2426.0586715235295,17,2157.849819235294,2263.688182,1.0,3243.3693989999997,-48.2511048551354,pointwise paired bootstrap; exploratory and not multiplicity-adjusted,very small stratum,1876.81850405,2427.7218991588234
calibrated,3,broad_joint,development,__design_mixture__,design_mixture_only_not_official_population,extreme,scan_then_clear,joint,17,0,0,0.0,524.6434782352941,307.74124252794104,745.5647407779409,17,524.6434782352941,441.94838700000037,0.9411764705882353,1560.7629719999995,-12.227305657453789,pointwise paired bootstrap; exploratory and not multiplicity-adjusted,very small stratum,311.4585271441176,760.4574762073526
calibrated,3,broad_joint,all,mixed_correlated150_after_observable_screen,unresolved,all,immediate,joint,15,0,0,0.0,2198.8314473333335,1909.9884858216665,2512.680457176666,15,2198.8314473333335,2204.0069519999997,1.0,3416.7379200000005,-48.80302883245277,pointwise paired bootstrap; exploratory and not multiplicity-adjusted,very small stratum,1908.0167062299997,2500.1923130716664
calibrated,3,broad_joint,all,mixed_correlated150_after_observable_screen,unresolved,all,scan_then_clear,joint,15,0,0,0.0,653.8851896000001,505.33791997000026,792.0805795866665,15,653.8851896000001,626.4040690000006,1.0,1151.5667079999998,-14.64980765343152,pointwise paired bootstrap; exploratory and not multiplicity-adjusted,very small stratum,508.1154092933336,795.0014036050002
calibrated,3,broad_joint,all,mixed_correlated150_after_observable_screen,unresolved,correlated,immediate,joint,15,0,0,0.0,2198.8314473333335,1910.7058541283332,2508.3930215966666,15,2198.8314473333335,2204.0069519999997,1.0,3416.7379200000005,-48.80302883245277,pointwise paired bootstrap; exploratory and not multiplicity-adjusted,very small stratum,1912.1213056333338,2522.385115051667
calibrated,3,broad_joint,all,mixed_correlated150_after_observable_screen,unresolved,correlated,scan_then_clear,joint,15,0,0,0.0,653.8851896000001,500.6957789800001,795.3813423049999,15,653.8851896000001,626.4040690000006,1.0,1151.5667079999998,-14.64980765343152,pointwise paired bootstrap; exploratory and not multiplicity-adjusted,very small stratum,510.4002983433335,791.9493730166665
calibrated,3,broad_joint,development,mixed_correlated150_after_observable_screen,unresolved,all,immediate,joint,15,0,0,0.0,2198.8314473333335,1903.1096797983334,2513.2362249516664,15,2198.8314473333335,2204.0069519999997,1.0,3416.7379200000005,-48.80302883245277,pointwise paired bootstrap; exploratory and not multiplicity-adjusted,very small stratum,1913.0898711683335,2512.8107251050005
calibrated,3,broad_joint,development,mixed_correlated150_after_observable_screen,unresolved,all,scan_then_clear,joint,15,0,0,0.0,653.8851896000001,507.0527021450001,794.0661573666667,15,653.8851896000001,626.4040690000006,1.0,1151.5667079999998,-14.64980765343152,pointwise paired bootstrap; exploratory and not multiplicity-adjusted,very small stratum,504.27313775833346,794.8160118183333
calibrated,3,broad_joint,development,mixed_correlated150_after_observable_screen,unresolved,correlated,immediate,joint,15,0,0,0.0,2198.8314473333335,1902.517178346667,2526.7532003016668,15,2198.8314473333335,2204.0069519999997,1.0,3416.7379200000005,-48.80302883245277,pointwise paired bootstrap; exploratory and not multiplicity-adjusted,very small stratum,1899.4654090050003,2505.3553198883333
calibrated,3,broad_joint,development,mixed_correlated150_after_observable_screen,unresolved,correlated,scan_then_clear,joint,15,0,0,0.0,653.8851896000001,506.93253735333354,794.9144793466666,15,653.8851896000001,626.4040690000006,1.0,1151.5667079999998,-14.64980765343152,pointwise paired bootstrap; exploratory and not multiplicity-adjusted,very small stratum,505.22662909666695,797.0648679483335
calibrated,3,broad_joint,all,mixed_extreme150_after_observable_screen,unresolved,all,immediate,joint,17,0,0,0.0,2157.849819235294,1902.1317804970588,2423.2987148117645,17,2157.849819235294,2263.688182,1.0,3243.3693989999997,-48.2511048551354,pointwise paired bootstrap; exploratory and not multiplicity-adjusted,very small stratum,1895.2611154514702,2414.9322019749998
calibrated,3,broad_joint,all,mixed_extreme150_after_observable_screen,unresolved,all,scan_then_clear,joint,17,0,0,0.0,524.6434782352941,310.62759447941175,754.0227244485295,17,524.6434782352941,441.94838700000037,0.9411764705882353,1560.7629719999995,-12.227305657453789,pointwise paired bootstrap; exploratory and not multiplicity-adjusted,very small stratum,306.69651289117644,754.8919375073526
calibrated,3,broad_joint,all,mixed_extreme150_after_observable_screen,unresolved,extreme,immediate,joint,17,0,0,0.0,2157.849819235294,1898.6364208705882,2434.2910141352936,17,2157.849819235294,2263.688182,1.0,3243.3693989999997,-48.2511048551354,pointwise paired bootstrap; exploratory and not multiplicity-adjusted,very small stratum,1894.5825222823532,2419.035731686765
calibrated,3,broad_joint,all,mixed_extreme150_after_observable_screen,unresolved,extreme,scan_then_clear,joint,17,0,0,0.0,524.6434782352941,322.21461786911766,760.0910453279407,17,524.6434782352941,441.94838700000037,0.9411764705882353,1560.7629719999995,-12.227305657453789,pointwise paired bootstrap; exploratory and not multiplicity-adjusted,very small stratum,315.1439318249999,748.1973378735292
calibrated,3,broad_joint,development,mixed_extreme150_after_observable_screen,unresolved,all,immediate,joint,17,0,0,0.0,2157.849819235294,1887.2032672558823,2418.832650035294,17,2157.849819235294,2263.688182,1.0,3243.3693989999997,-48.2511048551354,pointwise paired bootstrap; exploratory and not multiplicity-adjusted,very small stratum,1884.992688460294,2429.296909058822
calibrated,3,broad_joint,development,mixed_extreme150_after_observable_screen,unresolved,all,scan_then_clear,joint,17,0,0,0.0,524.6434782352941,327.4260267794117,752.4958181426468,17,524.6434782352941,441.94838700000037,0.9411764705882353,1560.7629719999995,-12.227305657453789,pointwise paired bootstrap; exploratory and not multiplicity-adjusted,very small stratum,306.27141743529404,748.2583955499998
calibrated,3,broad_joint,development,mixed_extreme150_after_observable_screen,unresolved,extreme,immediate,joint,17,0,0,0.0,2157.849819235294,1884.7885504897056,2413.6609870676475,17,2157.849819235294,2263.688182,1.0,3243.3693989999997,-48.2511048551354,pointwise paired bootstrap; exploratory and not multiplicity-adjusted,very small stratum,1881.8087476588234,2442.2283676911766
calibrated,3,broad_joint,development,mixed_extreme150_after_observable_screen,unresolved,extreme,scan_then_clear,joint,17,0,0,0.0,524.6434782352941,298.4991035088235,742.4302140058822,17,524.6434782352941,441.94838700000037,0.9411764705882353,1560.7629719999995,-12.227305657453789,pointwise paired bootstrap; exploratory and not multiplicity-adjusted,very small stratum,316.7283093499999,751.3012509029412
calibrated,3,smoothed_joint,all,__design_mixture__,design_mixture_only_not_official_population,all,immediate,joint,32,0,0,0.0,2024.9157170937501,1779.5181023007815,2281.1929619156253,32,2024.9157170937501,2103.5104380000002,0.96875,3288.848175,-47.44632006899124,pointwise paired bootstrap; exploratory and not multiplicity-adjusted,,1757.161397125,2273.6382097007813
calibrated,3,smoothed_joint,all,__design_mixture__,design_mixture_only_not_official_population,all,scan_then_clear,joint,32,0,0,0.0,619.91152025,478.63669920000007,755.5600823242187,32,619.91152025,678.0315325000001,0.90625,1397.0607449999998,-14.735880487598155,pointwise paired bootstrap; exploratory and not multiplicity-adjusted,,486.1472748031252,761.8349203734374
calibrated,3,smoothed_joint,all,__design_mixture__,design_mixture_only_not_official_population,correlated,immediate,joint,17,0,0,0.0,1814.4532157058825,1467.3431701602942,2088.95434092647,17,1814.4532157058825,1999.3450679999996,0.9411764705882353,2718.603051,-42.36945301505726,pointwise paired bootstrap; exploratory and not multiplicity-adjusted,very small stratum,1494.1037207455881,2096.676247427941
calibrated,3,smoothed_joint,all,__design_mixture__,design_mixture_only_not_official_population,correlated,scan_then_clear,joint,17,0,0,0.0,487.74849305882367,329.8434957705887,620.0462882220586,17,487.74849305882367,634.1661939999999,0.8823529411764706,867.9416169999995,-11.581935787113562,pointwise paired bootstrap; exploratory and not multiplicity-adjusted,very small stratum,335.4583565926472,633.4402431470588
calibrated,3,smoothed_joint,all,__design_mixture__,design_mixture_only_not_official_population,extreme,immediate,joint,15,0,0,0.0,2263.439885333333,1901.3211899333337,2620.3286379316664,15,2263.439885333333,2275.860251,1.0,3288.848175,-53.20010273011643,pointwise paired bootstrap; exploratory and not multiplicity-adjusted,very small stratum,1874.5914926916669,2618.711285648332
calibrated,3,smoothed_joint,all,__design_mixture__,design_mixture_only_not_official_population,extreme,scan_then_clear,joint,15,0,0,0.0,769.6962843999999,548.7947632199998,981.7736593316667,15,769.6962843999999,744.9711359999992,0.9333333333333333,1397.0607449999998,-18.310351148147365,pointwise paired bootstrap; exploratory and not multiplicity-adjusted,very small stratum,541.9623747083332,966.5309669199999
calibrated,3,smoothed_joint,development,__design_mixture__,design_mixture_only_not_official_population,all,immediate,joint,32,0,0,0.0,2024.9157170937501,1776.2867895492188,2262.870718260156,32,2024.9157170937501,2103.5104380000002,0.96875,3288.848175,-47.44632006899124,pointwise paired bootstrap; exploratory and not multiplicity-adjusted,,1765.575080164844,2256.1581117523438
calibrated,3,smoothed_joint,development,__design_mixture__,design_mixture_only_not_official_population,all,scan_then_clear,joint,32,0,0,0.0,619.91152025,491.6848870460937,754.9434082554687,32,619.91152025,678.0315325000001,0.90625,1397.0607449999998,-14.735880487598155,pointwise paired bootstrap; exploratory and not multiplicity-adjusted,,483.25781666796894,758.1863172953124
calibrated,3,smoothed_joint,development,__design_mixture__,design_mixture_only_not_official_population,correlated,immediate,joint,17,0,0,0.0,1814.4532157058825,1468.156858370588,2081.721800630882,17,1814.4532157058825,1999.3450679999996,0.9411764705882353,2718.603051,-42.36945301505726,pointwise paired bootstrap; exploratory and not multiplicity-adjusted,very small stratum,1471.3928620029412,2088.9304672235294
calibrated,3,smoothed_joint,development,__design_mixture__,design_mixture_only_not_official_population,correlated,scan_then_clear,joint,17,0,0,0.0,487.74849305882367,332.36887585588255,624.6488785676471,17,487.74849305882367,634.1661939999999,0.8823529411764706,867.9416169999995,-11.581935787113562,pointwise paired bootstrap; exploratory and not multiplicity-adjusted,very small stratum,339.513798982353,623.6508647661766
calibrated,3,smoothed_joint,development,__design_mixture__,design_mixture_only_not_official_population,extreme,immediate,joint,15,0,0,0.0,2263.439885333333,1885.3994728250002,2599.745491206667,15,2263.439885333333,2275.860251,1.0,3288.848175,-53.20010273011643,pointwise paired bootstrap; exploratory and not multiplicity-adjusted,very small stratum,1914.0560901150002,2615.990125806666
calibrated,3,smoothed_joint,development,__design_mixture__,design_mixture_only_not_official_population,extreme,scan_then_clear,joint,15,0,0,0.0,769.6962843999999,544.629113325,976.1206827916659,15,769.6962843999999,744.9711359999992,0.9333333333333333,1397.0607449999998,-18.310351148147365,pointwise paired bootstrap; exploratory and not multiplicity-adjusted,very small stratum,536.5233706916665,971.914086713333
calibrated,3,smoothed_joint,all,mixed_correlated150_after_observable_screen,unresolved,all,immediate,joint,17,0,0,0.0,1814.4532157058825,1486.5808830014707,2089.3745750073526,17,1814.4532157058825,1999.3450679999996,0.9411764705882353,2718.603051,-42.36945301505726,pointwise paired bootstrap; exploratory and not multiplicity-adjusted,very small stratum,1478.9715426661767,2105.4108982514704
calibrated,3,smoothed_joint,all,mixed_correlated150_after_observable_screen,unresolved,all,scan_then_clear,joint,17,0,0,0.0,487.74849305882367,334.1704484897059,632.2335591117647,17,487.74849305882367,634.1661939999999,0.8823529411764706,867.9416169999995,-11.581935787113562,pointwise paired bootstrap; exploratory and not multiplicity-adjusted,very small stratum,336.68798699705906,630.6267145117648
calibrated,3,smoothed_joint,all,mixed_correlated150_after_observable_screen,unresolved,correlated,immediate,joint,17,0,0,0.0,1814.4532157058825,1461.1655671676472,2085.0169363647055,17,1814.4532157058825,1999.3450679999996,0.9411764705882353,2718.603051,-42.36945301505726,pointwise paired bootstrap; exploratory and not multiplicity-adjusted,very small stratum,1474.1537331382356,2102.4782732558824
calibrated,3,smoothed_joint,all,mixed_correlated150_after_observable_screen,unresolved,correlated,scan_then_clear,joint,17,0,0,0.0,487.74849305882367,341.62608303970603,624.3993598397058,17,487.74849305882367,634.1661939999999,0.8823529411764706,867.9416169999995,-11.581935787113562,pointwise paired bootstrap; exploratory and not multiplicity-adjusted,very small stratum,335.94535838676495,625.654026707353
calibrated,3,smoothed_joint,development,mixed_correlated150_after_observable_screen,unresolved,all,immediate,joint,17,0,0,0.0,1814.4532157058825,1479.8875590352943,2092.0632838397055,17,1814.4532157058825,1999.3450679999996,0.9411764705882353,2718.603051,-42.36945301505726,pointwise paired bootstrap; exploratory and not multiplicity-adjusted,very small stratum,1462.761189814706,2097.9373906499995
calibrated,3,smoothed_joint,development,mixed_correlated150_after_observable_screen,unresolved,all,scan_then_clear,joint,17,0,0,0.0,487.74849305882367,329.5861902279413,623.4267416073529,17,487.74849305882367,634.1661939999999,0.8823529411764706,867.9416169999995,-11.581935787113562,pointwise paired bootstrap; exploratory and not multiplicity-adjusted,very small stratum,335.30196091029427,623.0533383779413
calibrated,3,smoothed_joint,development,mixed_correlated150_after_observable_screen,unresolved,correlated,immediate,joint,17,0,0,0.0,1814.4532157058825,1459.975238929412,2095.272709497059,17,1814.4532157058825,1999.3450679999996,0.9411764705882353,2718.603051,-42.36945301505726,pointwise paired bootstrap; exploratory and not multiplicity-adjusted,very small stratum,1467.2424986676474,2086.879424057353
calibrated,3,smoothed_joint,development,mixed_correlated150_after_observable_screen,unresolved,correlated,scan_then_clear,joint,17,0,0,0.0,487.74849305882367,327.3311757720589,621.8421295441177,17,487.74849305882367,634.1661939999999,0.8823529411764706,867.9416169999995,-11.581935787113562,pointwise paired bootstrap; exploratory and not multiplicity-adjusted,very small stratum,335.5200251338236,625.3376123911764
calibrated,3,smoothed_joint,all,mixed_extreme150_after_observable_screen,unresolved,all,immediate,joint,15,0,0,0.0,2263.439885333333,1892.6257274000002,2605.7403272733327,15,2263.439885333333,2275.860251,1.0,3288.848175,-53.20010273011643,pointwise paired bootstrap; exploratory and not multiplicity-adjusted,very small stratum,1899.8493119733332,2618.19943789
calibrated,3,smoothed_joint,all,mixed_extreme150_after_observable_screen,unresolved,all,scan_then_clear,joint,15,0,0,0.0,769.6962843999999,556.4000287666664,975.5048101283331,15,769.6962843999999,744.9711359999992,0.9333333333333333,1397.0607449999998,-18.310351148147365,pointwise paired bootstrap; exploratory and not multiplicity-adjusted,very small stratum,560.0223130866666,964.2454206116666
calibrated,3,smoothed_joint,all,mixed_extreme150_after_observable_screen,unresolved,extreme,immediate,joint,15,0,0,0.0,2263.439885333333,1890.1126582966667,2605.2875134549995,15,2263.439885333333,2275.860251,1.0,3288.848175,-53.20010273011643,pointwise paired bootstrap; exploratory and not multiplicity-adjusted,very small stratum,1903.1492286250002,2608.1401407783324
calibrated,3,smoothed_joint,all,mixed_extreme150_after_observable_screen,unresolved,extreme,scan_then_clear,joint,15,0,0,0.0,769.6962843999999,546.1288035016668,968.7434161866664,15,769.6962843999999,744.9711359999992,0.9333333333333333,1397.0607449999998,-18.310351148147365,pointwise paired bootstrap; exploratory and not multiplicity-adjusted,very small stratum,544.8123416583334,980.7943785783334
calibrated,3,smoothed_joint,development,mixed_extreme150_after_observable_screen,unresolved,all,immediate,joint,15,0,0,0.0,2263.439885333333,1896.0223451333334,2601.276896598333,15,2263.439885333333,2275.860251,1.0,3288.848175,-53.20010273011643,pointwise paired bootstrap; exploratory and not multiplicity-adjusted,very small stratum,1909.1251307233333,2619.0740200616665
calibrated,3,smoothed_joint,development,mixed_extreme150_after_observable_screen,unresolved,all,scan_then_clear,joint,15,0,0,0.0,769.6962843999999,548.4835154616666,972.3968676100001,15,769.6962843999999,744.9711359999992,0.9333333333333333,1397.0607449999998,-18.310351148147365,pointwise paired bootstrap; exploratory and not multiplicity-adjusted,very small stratum,543.3308689983331,961.3672664883334
calibrated,3,smoothed_joint,development,mixed_extreme150_after_observable_screen,unresolved,extreme,immediate,joint,15,0,0,0.0,2263.439885333333,1878.9939266183335,2618.9280577533327,15,2263.439885333333,2275.860251,1.0,3288.848175,-53.20010273011643,pointwise paired bootstrap; exploratory and not multiplicity-adjusted,very small stratum,1905.341855671667,2614.9854529533327
calibrated,3,smoothed_joint,development,mixed_extreme150_after_observable_screen,unresolved,extreme,scan_then_clear,joint,15,0,0,0.0,769.6962843999999,556.901123025,976.6081113749999,15,769.6962843999999,744.9711359999992,0.9333333333333333,1397.0607449999998,-18.310351148147365,pointwise paired bootstrap; exploratory and not multiplicity-adjusted,very small stratum,545.4023178816664,962.3890111216663
calibrated,4,broad_joint,all,__design_mixture__,design_mixture_only_not_official_population,all,immediate,joint,32,0,0,0.0,1969.1749947499998,1650.8392017992187,2274.3853278179686,32,1969.1749947499998,1988.824419999999,1.0,3979.1172619999998,-18.816288706496128,pointwise paired bootstrap; exploratory and not multiplicity-adjusted,,1661.5769424656248,2271.664732599218
calibrated,4,broad_joint,all,__design_mixture__,design_mixture_only_not_official_population,all,scan_then_clear,joint,32,0,0,0.0,854.4950269999997,610.6001688960936,1098.7001570695309,32,854.4950269999997,907.5950894999996,0.875,2300.9797070000004,-8.301952870677349,pointwise paired bootstrap; exploratory and not multiplicity-adjusted,,601.3913148656248,1103.4913345078123
calibrated,4,broad_joint,all,__design_mixture__,design_mixture_only_not_official_population,correlated,immediate,joint,15,0,0,0.0,1983.7519416666662,1461.9148509349995,2502.6841453883317,15,1983.7519416666662,1989.731077999999,1.0,3979.1172619999998,-19.49772937390225,pointwise paired bootstrap; exploratory and not multiplicity-adjusted,very small stratum,1504.180958151666,2465.014363831666
calibrated,4,broad_joint,all,__design_mixture__,design_mixture_only_not_official_population,correlated,scan_then_clear,joint,15,0,0,0.0,716.9683343999998,349.8155041183331,1069.839266808333,15,716.9683343999998,624.1867219999986,0.8666666666666667,2161.4380839999994,-7.207651915081769,pointwise paired bootstrap; exploratory and not multiplicity-adjusted,very small stratum,373.9382670649998,1036.0959636483333
calibrated,4,broad_joint,all,__design_mixture__,design_mixture_only_not_official_population,extreme,immediate,joint,17,0,0,0.0,1956.3129827647058,1559.5226616558818,2320.065959644118,17,1956.3129827647058,1987.9177619999991,1.0,3206.476832999999,-18.21501752937308,pointwise paired bootstrap; exploratory and not multiplicity-adjusted,very small stratum,1538.0186409558823,2319.392329920588
calibrated,4,broad_joint,all,__design_mixture__,design_mixture_only_not_official_population,extreme,scan_then_clear,joint,17,0,0,0.0,975.8421087058823,614.8057852749998,1309.694210620588,17,975.8421087058823,974.6950699999998,0.8823529411764706,2300.9797070000004,-9.267512537379332,pointwise paired bootstrap; exploratory and not multiplicity-adjusted,very small stratum,621.6148649852939,1320.7990774485293
calibrated,4,broad_joint,development,__design_mixture__,design_mixture_only_not_official_population,all,immediate,joint,32,0,0,0.0,1969.1749947499998,1657.8766552312495,2278.9306911812496,32,1969.1749947499998,1988.824419999999,1.0,3979.1172619999998,-18.816288706496128,pointwise paired bootstrap; exploratory and not multiplicity-adjusted,,1662.7522124210936,2284.9272674867184
calibrated,4,broad_joint,development,__design_mixture__,design_mixture_only_not_official_population,all,scan_then_clear,joint,32,0,0,0.0,854.4950269999997,597.4239632789062,1094.452119520312,32,854.4950269999997,907.5950894999996,0.875,2300.9797070000004,-8.301952870677349,pointwise paired bootstrap; exploratory and not multiplicity-adjusted,,602.7202689804685,1103.5812577242189
calibrated,4,broad_joint,development,__design_mixture__,design_mixture_only_not_official_population,correlated,immediate,joint,15,0,0,0.0,1983.7519416666662,1507.2478167566662,2480.753004861666,15,1983.7519416666662,1989.731077999999,1.0,3979.1172619999998,-19.49772937390225,pointwise paired bootstrap; exploratory and not multiplicity-adjusted,very small stratum,1508.1322782049992,2487.9091883416663
calibrated,4,broad_joint,development,__design_mixture__,design_mixture_only_not_official_population,correlated,scan_then_clear,joint,15,0,0,0.0,716.9683343999998,358.63576643333295,1047.269912116666,15,716.9683343999998,624.1867219999986,0.8666666666666667,2161.4380839999994,-7.207651915081769,pointwise paired bootstrap; exploratory and not multiplicity-adjusted,very small stratum,375.42252626500016,1082.982093146666
calibrated,4,broad_joint,development,__design_mixture__,design_mixture_only_not_official_population,extreme,immediate,joint,17,0,0,0.0,1956.3129827647058,1595.4984864911762,2331.8851946397053,17,1956.3129827647058,1987.9177619999991,1.0,3206.476832999999,-18.21501752937308,pointwise paired bootstrap; exploratory and not multiplicity-adjusted,very small stratum,1560.5861341397056,2334.006212623529
calibrated,4,broad_joint,development,__design_mixture__,design_mixture_only_not_official_population,extreme,scan_then_clear,joint,17,0,0,0.0,975.8421087058823,619.304084039706,1311.5724120838233,17,975.8421087058823,974.6950699999998,0.8823529411764706,2300.9797070000004,-9.267512537379332,pointwise paired bootstrap; exploratory and not multiplicity-adjusted,very small stratum,633.5790399470587,1313.455756598529
calibrated,4,broad_joint,all,mixed_correlated150_after_observable_screen,unresolved,all,immediate,joint,15,0,0,0.0,1983.7519416666662,1502.844032761666,2493.8649979483325,15,1983.7519416666662,1989.731077999999,1.0,3979.1172619999998,-19.49772937390225,pointwise paired bootstrap; exploratory and not multiplicity-adjusted,very small stratum,1483.3642989866667,2493.0697059999993
calibrated,4,broad_joint,all,mixed_correlated150_after_observable_screen,unresolved,all,scan_then_clear,joint,15,0,0,0.0,716.9683343999998,343.0875359216667,1054.906592355,15,716.9683343999998,624.1867219999986,0.8666666666666667,2161.4380839999994,-7.207651915081769,pointwise paired bootstrap; exploratory and not multiplicity-adjusted,very small stratum,369.4332062683333,1071.7607663149995
calibrated,4,broad_joint,all,mixed_correlated150_after_observable_screen,unresolved,correlated,immediate,joint,15,0,0,0.0,1983.7519416666662,1451.9263894999997,2499.251651146666,15,1983.7519416666662,1989.731077999999,1.0,3979.1172619999998,-19.49772937390225,pointwise paired bootstrap; exploratory and not multiplicity-adjusted,very small stratum,1462.3940060816662,2491.820745583332
calibrated,4,broad_joint,all,mixed_correlated150_after_observable_screen,unresolved,correlated,scan_then_clear,joint,15,0,0,0.0,716.9683343999998,346.21621101833347,1029.2882073149995,15,716.9683343999998,624.1867219999986,0.8666666666666667,2161.4380839999994,-7.207651915081769,pointwise paired bootstrap; exploratory and not multiplicity-adjusted,very small stratum,342.6064025016667,1052.836497071666
calibrated,4,broad_joint,development,mixed_correlated150_after_observable_screen,unresolved,all,immediate,joint,15,0,0,0.0,1983.7519416666662,1476.998916448333,2482.829777376666,15,1983.7519416666662,1989.731077999999,1.0,3979.1172619999998,-19.49772937390225,pointwise paired bootstrap; exploratory and not multiplicity-adjusted,very small stratum,1481.3658042233328,2513.2242006166657
calibrated,4,broad_joint,development,mixed_correlated150_after_observable_screen,unresolved,all,scan_then_clear,joint,15,0,0,0.0,716.9683343999998,341.8392080866667,1065.4095813616657,15,716.9683343999998,624.1867219999986,0.8666666666666667,2161.4380839999994,-7.207651915081769,pointwise paired bootstrap; exploratory and not multiplicity-adjusted,very small stratum,345.0674838599995,1066.2948538616654
calibrated,4,broad_joint,development,mixed_correlated150_after_observable_screen,unresolved,correlated,immediate,joint,15,0,0,0.0,1983.7519416666662,1474.9169931949996,2509.7835397633326,15,1983.7519416666662,1989.731077999999,1.0,3979.1172619999998,-19.49772937390225,pointwise paired bootstrap; exploratory and not multiplicity-adjusted,very small stratum,1484.3971156249993,2498.914437759999
calibrated,4,broad_joint,development,mixed_correlated150_after_observable_screen,unresolved,correlated,scan_then_clear,joint,15,0,0,0.0,716.9683343999998,349.9740353716665,1047.696357285,15,716.9683343999998,624.1867219999986,0.8666666666666667,2161.4380839999994,-7.207651915081769,pointwise paired bootstrap; exploratory and not multiplicity-adjusted,very small stratum,360.6205257899999,1055.886505836666
calibrated,4,broad_joint,all,mixed_extreme150_after_observable_screen,unresolved,all,immediate,joint,17,0,0,0.0,1956.3129827647058,1555.5824954102939,2313.245126233824,17,1956.3129827647058,1987.9177619999991,1.0,3206.476832999999,-18.21501752937308,pointwise paired bootstrap; exploratory and not multiplicity-adjusted,very small stratum,1570.2758348367647,2322.294216047059
calibrated,4,broad_joint,all,mixed_extreme150_after_observable_screen,unresolved,all,scan_then_clear,joint,17,0,0,0.0,975.8421087058823,637.7551124382348,1308.9531561647054,17,975.8421087058823,974.6950699999998,0.8823529411764706,2300.9797070000004,-9.267512537379332,pointwise paired bootstrap; exploratory and not multiplicity-adjusted,very small stratum,639.5999339250001,1311.5583421794113
calibrated,4,broad_joint,all,mixed_extreme150_after_observable_screen,unresolved,extreme,immediate,joint,17,0,0,0.0,1956.3129827647058,1581.0299562088235,2308.271930770588,17,1956.3129827647058,1987.9177619999991,1.0,3206.476832999999,-18.21501752937308,pointwise paired bootstrap; exploratory and not multiplicity-adjusted,very small stratum,1544.841590563235,2303.4048530294112
calibrated,4,broad_joint,all,mixed_extreme150_after_observable_screen,unresolved,extreme,scan_then_clear,joint,17,0,0,0.0,975.8421087058823,632.9134833867645,1307.1415995235286,17,975.8421087058823,974.6950699999998,0.8823529411764706,2300.9797070000004,-9.267512537379332,pointwise paired bootstrap; exploratory and not multiplicity-adjusted,very small stratum,633.3972934573529,1292.6852231014705
calibrated,4,broad_joint,development,mixed_extreme150_after_observable_screen,unresolved,all,immediate,joint,17,0,0,0.0,1956.3129827647058,1574.745464255882,2325.534306694117,17,1956.3129827647058,1987.9177619999991,1.0,3206.476832999999,-18.21501752937308,pointwise paired bootstrap; exploratory and not multiplicity-adjusted,very small stratum,1556.9548179132353,2308.1879521088235
calibrated,4,broad_joint,development,mixed_extreme150_after_observable_screen,unresolved,all,scan_then_clear,joint,17,0,0,0.0,975.8421087058823,617.9830281838235,1327.9928845999991,17,975.8421087058823,974.6950699999998,0.8823529411764706,2300.9797070000004,-9.267512537379332,pointwise paired bootstrap; exploratory and not multiplicity-adjusted,very small stratum,646.3630539161762,1315.7015419176466
calibrated,4,broad_joint,development,mixed_extreme150_after_observable_screen,unresolved,extreme,immediate,joint,17,0,0,0.0,1956.3129827647058,1558.4204013279407,2319.1418473382346,17,1956.3129827647058,1987.9177619999991,1.0,3206.476832999999,-18.21501752937308,pointwise paired bootstrap; exploratory and not multiplicity-adjusted,very small stratum,1569.205067380882,2324.9769187426473
calibrated,4,broad_joint,development,mixed_extreme150_after_observable_screen,unresolved,extreme,scan_then_clear,joint,17,0,0,0.0,975.8421087058823,637.5515364367645,1303.745585710294,17,975.8421087058823,974.6950699999998,0.8823529411764706,2300.9797070000004,-9.267512537379332,pointwise paired bootstrap; exploratory and not multiplicity-adjusted,very small stratum,635.4483135911764,1291.9918988176464
calibrated,4,smoothed_joint,all,__design_mixture__,design_mixture_only_not_official_population,all,immediate,joint,32,0,0,0.0,1862.8275866875,1598.7384498179686,2136.8210527375,32,1862.8275866875,1816.906410999999,0.96875,3966.518526,-17.37210434348672,pointwise paired bootstrap; exploratory and not multiplicity-adjusted,,1593.4010327023439,2140.070611471875
calibrated,4,smoothed_joint,all,__design_mixture__,design_mixture_only_not_official_population,all,scan_then_clear,joint,32,0,0,0.0,846.51067034375,598.5532356132812,1097.1449110195315,32,846.51067034375,799.788998,0.90625,2352.6506370000006,-8.055304300958715,pointwise paired bootstrap; exploratory and not multiplicity-adjusted,,602.4544627687496,1079.7103050585938
calibrated,4,smoothed_joint,all,__design_mixture__,design_mixture_only_not_official_population,correlated,immediate,joint,16,0,0,0.0,1648.4197071249996,1242.4136428875,2013.924464351562,16,1648.4197071249996,1702.5797955000007,0.9375,2991.102164,-15.420186377408093,pointwise paired bootstrap; exploratory and not multiplicity-adjusted,very small stratum,1235.9002342406245,2026.8822041812496
calibrated,4,smoothed_joint,all,__design_mixture__,design_mixture_only_not_official_population,correlated,scan_then_clear,joint,16,0,0,0.0,717.1405753124998,325.0962900796871,1121.7884347234371,16,717.1405753124998,669.0928564999995,0.875,2352.6506370000006,-6.912759165308486,pointwise paired bootstrap; exploratory and not multiplicity-adjusted,very small stratum,282.3296662374998,1145.389493153125
calibrated,4,smoothed_joint,all,__design_mixture__,design_mixture_only_not_official_population,extreme,immediate,joint,16,0,0,0.0,2077.23546625,1741.6494786515623,2437.347489689062,16,2077.23546625,2063.5046604999998,1.0,3966.518526,-19.324022309565347,pointwise paired bootstrap; exploratory and not multiplicity-adjusted,very small stratum,1736.2628004359374,2423.35516111875
calibrated,4,smoothed_joint,all,__design_mixture__,design_mixture_only_not_official_population,extreme,scan_then_clear,joint,16,0,0,0.0,975.8807653750001,725.8631037546877,1227.09545785625,16,975.8807653750001,828.2368029999998,0.9375,1969.2450930000014,-9.197849436608946,pointwise paired bootstrap; exploratory and not multiplicity-adjusted,very small stratum,737.3844826343751,1222.3228385109376
calibrated,4,smoothed_joint,development,__design_mixture__,design_mixture_only_not_official_population,all,immediate,joint,32,0,0,0.0,1862.8275866875,1581.8782655039063,2145.3939343101565,32,1862.8275866875,1816.906410999999,0.96875,3966.518526,-17.37210434348672,pointwise paired bootstrap; exploratory and not multiplicity-adjusted,,1593.3087574570313,2133.6263505499996
calibrated,4,smoothed_joint,development,__design_mixture__,design_mixture_only_not_official_population,all,scan_then_clear,joint,32,0,0,0.0,846.51067034375,581.2244762101561,1092.018808694531,32,846.51067034375,799.788998,0.90625,2352.6506370000006,-8.055304300958715,pointwise paired bootstrap; exploratory and not multiplicity-adjusted,,604.64894305625,1086.6083321671874
calibrated,4,smoothed_joint,development,__design_mixture__,design_mixture_only_not_official_population,correlated,immediate,joint,16,0,0,0.0,1648.4197071249996,1239.0421044390625,2018.706281292187,16,1648.4197071249996,1702.5797955000007,0.9375,2991.102164,-15.420186377408093,pointwise paired bootstrap; exploratory and not multiplicity-adjusted,very small stratum,1203.86262618125,1999.735309373437
calibrated,4,smoothed_joint,development,__design_mixture__,design_mixture_only_not_official_population,correlated,scan_then_clear,joint,16,0,0,0.0,717.1405753124998,301.1355406828124,1131.4625317624998,16,717.1405753124998,669.0928564999995,0.875,2352.6506370000006,-6.912759165308486,pointwise paired bootstrap; exploratory and not multiplicity-adjusted,very small stratum,284.6541494812494,1122.7681032109372
calibrated,4,smoothed_joint,development,__design_mixture__,design_mixture_only_not_official_population,extreme,immediate,joint,16,0,0,0.0,2077.23546625,1739.0080601000004,2440.78758159375,16,2077.23546625,2063.5046604999998,1.0,3966.518526,-19.324022309565347,pointwise paired bootstrap; exploratory and not multiplicity-adjusted,very small stratum,1752.8132021062504,2463.4985893968746
calibrated,4,smoothed_joint,development,__design_mixture__,design_mixture_only_not_official_population,extreme,scan_then_clear,joint,16,0,0,0.0,975.8807653750001,732.3933288640627,1224.0035670453128,16,975.8807653750001,828.2368029999998,0.9375,1969.2450930000014,-9.197849436608946,pointwise paired bootstrap; exploratory and not multiplicity-adjusted,very small stratum,738.0051623468753,1240.2274560359378
calibrated,4,smoothed_joint,all,mixed_correlated150_after_observable_screen,unresolved,all,immediate,joint,16,0,0,0.0,1648.4197071249996,1240.9623060421873,2017.6751593578117,16,1648.4197071249996,1702.5797955000007,0.9375,2991.102164,-15.420186377408093,pointwise paired bootstrap; exploratory and not multiplicity-adjusted,very small stratum,1216.101504409375,2005.3987288171872
calibrated,4,smoothed_joint,all,mixed_correlated150_after_observable_screen,unresolved,all,scan_then_clear,joint,16,0,0,0.0,717.1405753124998,287.75343041718713,1158.2032628437496,16,717.1405753124998,669.0928564999995,0.875,2352.6506370000006,-6.912759165308486,pointwise paired bootstrap; exploratory and not multiplicity-adjusted,very small stratum,309.09418241874937,1115.5494064890624
calibrated,4,smoothed_joint,all,mixed_correlated150_after_observable_screen,unresolved,correlated,immediate,joint,16,0,0,0.0,1648.4197071249996,1237.593451298437,2017.5686583468746,16,1648.4197071249996,1702.5797955000007,0.9375,2991.102164,-15.420186377408093,pointwise paired bootstrap; exploratory and not multiplicity-adjusted,very small stratum,1231.5649971359376,2017.7722554156242
calibrated,4,smoothed_joint,all,mixed_correlated150_after_observable_screen,unresolved,correlated,scan_then_clear,joint,16,0,0,0.0,717.1405753124998,311.4311377078119,1151.349339189062,16,717.1405753124998,669.0928564999995,0.875,2352.6506370000006,-6.912759165308486,pointwise paired bootstrap; exploratory and not multiplicity-adjusted,very small stratum,315.6943885765621,1107.8023130734375
calibrated,4,smoothed_joint,development,mixed_correlated150_after_observable_screen,unresolved,all,immediate,joint,16,0,0,0.0,1648.4197071249996,1239.43798434375,2022.8391397234373,16,1648.4197071249996,1702.5797955000007,0.9375,2991.102164,-15.420186377408093,pointwise paired bootstrap; exploratory and not multiplicity-adjusted,very small stratum,1240.626693503125,2014.7148282171872
calibrated,4,smoothed_joint,development,mixed_correlated150_after_observable_screen,unresolved,all,scan_then_clear,joint,16,0,0,0.0,717.1405753124998,294.79469065312463,1119.0145634203122,16,717.1405753124998,669.0928564999995,0.875,2352.6506370000006,-6.912759165308486,pointwise paired bootstrap; exploratory and not multiplicity-adjusted,very small stratum,299.11096294687474,1115.0680959078122
calibrated,4,smoothed_joint,development,mixed_correlated150_after_observable_screen,unresolved,correlated,immediate,joint,16,0,0,0.0,1648.4197071249996,1233.5894681203126,2023.131960210937,16,1648.4197071249996,1702.5797955000007,0.9375,2991.102164,-15.420186377408093,pointwise paired bootstrap; exploratory and not multiplicity-adjusted,very small stratum,1245.1404208124995,2012.9977162234375
calibrated,4,smoothed_joint,development,mixed_correlated150_after_observable_screen,unresolved,correlated,scan_then_clear,joint,16,0,0,0.0,717.1405753124998,277.5970327390623,1130.019089084375,16,717.1405753124998,669.0928564999995,0.875,2352.6506370000006,-6.912759165308486,pointwise paired bootstrap; exploratory and not multiplicity-adjusted,very small stratum,307.6499243078119,1127.03798316875
calibrated,4,smoothed_joint,all,mixed_extreme150_after_observable_screen,unresolved,all,immediate,joint,16,0,0,0.0,2077.23546625,1748.4255367406254,2457.7299161640626,16,2077.23546625,2063.5046604999998,1.0,3966.518526,-19.324022309565347,pointwise paired bootstrap; exploratory and not multiplicity-adjusted,very small stratum,1751.5176883734375,2436.746520768749
calibrated,4,smoothed_joint,all,mixed_extreme150_after_observable_screen,unresolved,all,scan_then_clear,joint,16,0,0,0.0,975.8807653750001,732.3847987484376,1221.2214773156247,16,975.8807653750001,828.2368029999998,0.9375,1969.2450930000014,-9.197849436608946,pointwise paired bootstrap; exploratory and not multiplicity-adjusted,very small stratum,740.358180728125,1229.5482294296874
calibrated,4,smoothed_joint,all,mixed_extreme150_after_observable_screen,unresolved,extreme,immediate,joint,16,0,0,0.0,2077.23546625,1750.197052734375,2457.6657717000003,16,2077.23546625,2063.5046604999998,1.0,3966.518526,-19.324022309565347,pointwise paired bootstrap; exploratory and not multiplicity-adjusted,very small stratum,1755.4346394625002,2456.6438832671874
calibrated,4,smoothed_joint,all,mixed_extreme150_after_observable_screen,unresolved,extreme,scan_then_clear,joint,16,0,0,0.0,975.8807653750001,737.0075001265625,1215.6445691031251,16,975.8807653750001,828.2368029999998,0.9375,1969.2450930000014,-9.197849436608946,pointwise paired bootstrap; exploratory and not multiplicity-adjusted,very small stratum,737.6274946796876,1225.2213604796875
calibrated,4,smoothed_joint,development,mixed_extreme150_after_observable_screen,unresolved,all,immediate,joint,16,0,0,0.0,2077.23546625,1751.1997357812504,2428.81436849375,16,2077.23546625,2063.5046604999998,1.0,3966.518526,-19.324022309565347,pointwise paired bootstrap; exploratory and not multiplicity-adjusted,very small stratum,1747.55311046875,2453.9815440296875
calibrated,4,smoothed_joint,development,mixed_extreme150_after_observable_screen,unresolved,all,scan_then_clear,joint,16,0,0,0.0,975.8807653750001,736.6532311109376,1224.695207509375,16,975.8807653750001,828.2368029999998,0.9375,1969.2450930000014,-9.197849436608946,pointwise paired bootstrap; exploratory and not multiplicity-adjusted,very small stratum,726.9341069234374,1232.1285302140627
calibrated,4,smoothed_joint,development,mixed_extreme150_after_observable_screen,unresolved,extreme,immediate,joint,16,0,0,0.0,2077.23546625,1748.8772827687499,2448.946165776562,16,2077.23546625,2063.5046604999998,1.0,3966.518526,-19.324022309565347,pointwise paired bootstrap; exploratory and not multiplicity-adjusted,very small stratum,1752.1639931578127,2450.962803053125
calibrated,4,smoothed_joint,development,mixed_extreme150_after_observable_screen,unresolved,extreme,scan_then_clear,joint,16,0,0,0.0,975.8807653750001,728.8875769765627,1233.178675809375,16,975.8807653750001,828.2368029999998,0.9375,1969.2450930000014,-9.197849436608946,pointwise paired bootstrap; exploratory and not multiplicity-adjusted,very small stratum,734.2254951562503,1241.0815470906255
stress,3,stress_design,all,__design_mixture__,design_mixture_only_not_official_population,all,immediate,joint,32,0,0,0.0,934.2147101562501,617.8022163945315,1274.1064536718752,32,934.2147101562501,523.4162460000002,0.96875,3582.3646380000005,-20.65673758118504,pointwise paired bootstrap; exploratory and not multiplicity-adjusted,,616.2899883976563,1295.7357437671874
stress,3,stress_design,all,__design_mixture__,design_mixture_only_not_official_population,all,scan_then_clear,joint,32,0,0,0.0,14.477760875000115,-82.93418013749984,119.11087177499999,32,14.477760875000115,-38.491455499999574,0.5,1043.2955650000004,-0.8787836578598233,pointwise paired bootstrap; exploratory and not multiplicity-adjusted,,-79.93293718906239,119.37644746093754
stress,3,stress_design,all,__design_mixture__,design_mixture_only_not_official_population,correlated,immediate,joint,11,0,0,0.0,475.4662620909093,137.3926732500004,813.3879343863638,11,475.4662620909093,389.10455299999967,0.9090909090909091,1511.0909270000002,-9.421569379065943,pointwise paired bootstrap; exploratory and not multiplicity-adjusted,very small stratum,142.19777226590924,828.9890041113639
stress,3,stress_design,all,__design_mixture__,design_mixture_only_not_official_population,correlated,scan_then_clear,joint,11,0,0,0.0,-85.77694081818184,-218.9848318727271,68.93003233636337,11,-85.77694081818184,-158.39876600000025,0.36363636363636365,509.40611599999966,1.632756294397929,pointwise paired bootstrap; exploratory and not multiplicity-adjusted,very small stratum,-216.811267575,68.90894953181815
stress,3,stress_design,all,__design_mixture__,design_mixture_only_not_official_population,deterministic,immediate,joint,11,0,0,0.0,914.8098510909093,494.2105119409094,1365.9939730568174,11,914.8098510909093,650.5419200000006,1.0,2394.469392,-17.579875204130534,pointwise paired bootstrap; exploratory and not multiplicity-adjusted,very small stratum,508.8816261363639,1380.4542298727272
stress,3,stress_design,all,__design_mixture__,design_mixture_only_not_official_population,deterministic,scan_then_clear,joint,11,0,0,0.0,-115.737202181818,-195.71654777954527,-32.46881821818194,11,-115.737202181818,-126.34252500000002,0.2727272727272727,140.0087709999998,2.2210342215394006,pointwise paired bootstrap; exploratory and not multiplicity-adjusted,very small stratum,-198.4458932113634,-34.751822393181754
stress,3,stress_design,all,__design_mixture__,design_mixture_only_not_official_population,extreme,immediate,joint,10,0,0,0.0,1460.183348,701.7061285400001,2210.9012123,10,1460.183348,1249.5810340000003,1.0,3582.3646380000005,-36.39997121827601,pointwise paired bootstrap; exploratory and not multiplicity-adjusted,very small stratum,702.3435520250003,2218.2010149175
stress,3,stress_design,all,__design_mixture__,design_mixture_only_not_official_population,extreme,scan_then_clear,joint,10,0,0,0.0,267.9943921000002,96.66017385250015,472.8986472875002,10,267.9943921000002,124.89924050000013,0.9,1043.2955650000004,-7.051277272682498,pointwise paired bootstrap; exploratory and not multiplicity-adjusted,very small stratum,98.88198987500027,481.29002140750003
stress,3,stress_design,development,__design_mixture__,design_mixture_only_not_official_population,all,immediate,joint,32,0,0,0.0,934.2147101562501,612.6379847367189,1264.4732753671876,32,934.2147101562501,523.4162460000002,0.96875,3582.3646380000005,-20.65673758118504,pointwise paired bootstrap; exploratory and not multiplicity-adjusted,,616.9127687023439,1281.71502335
stress,3,stress_design,development,__design_mixture__,design_mixture_only_not_official_population,all,scan_then_clear,joint,32,0,0,0.0,14.477760875000115,-80.96217154921857,126.97675279453132,32,14.477760875000115,-38.491455499999574,0.5,1043.2955650000004,-0.8787836578598233,pointwise paired bootstrap; exploratory and not multiplicity-adjusted,,-80.99741130781234,116.4100857664064
stress,3,stress_design,development,__design_mixture__,design_mixture_only_not_official_population,correlated,immediate,joint,11,0,0,0.0,475.4662620909093,129.7426164227275,804.4328736386364,11,475.4662620909093,389.10455299999967,0.9090909090909091,1511.0909270000002,-9.421569379065943,pointwise paired bootstrap; exploratory and not multiplicity-adjusted,very small stratum,120.28533495227316,811.6571025818181
stress,3,stress_design,development,__design_mixture__,design_mixture_only_not_official_population,correlated,scan_then_clear,joint,11,0,0,0.0,-85.77694081818184,-217.3228482704542,72.54203547272722,11,-85.77694081818184,-158.39876600000025,0.36363636363636365,509.40611599999966,1.632756294397929,pointwise paired bootstrap; exploratory and not multiplicity-adjusted,very small stratum,-217.54232591363626,73.14258044090889
stress,3,stress_design,development,__design_mixture__,design_mixture_only_not_official_population,deterministic,immediate,joint,11,0,0,0.0,914.8098510909093,492.14973612954566,1390.7847203772728,11,914.8098510909093,650.5419200000006,1.0,2394.469392,-17.579875204130534,pointwise paired bootstrap; exploratory and not multiplicity-adjusted,very small stratum,519.6419949704547,1399.621801454545
stress,3,stress_design,development,__design_mixture__,design_mixture_only_not_official_population,deterministic,scan_then_clear,joint,11,0,0,0.0,-115.737202181818,-199.20492415909067,-29.689841795454456,11,-115.737202181818,-126.34252500000002,0.2727272727272727,140.0087709999998,2.2210342215394006,pointwise paired bootstrap; exploratory and not multiplicity-adjusted,very small stratum,-194.02996215909081,-27.556383265909016
stress,3,stress_design,development,__design_mixture__,design_mixture_only_not_official_population,extreme,immediate,joint,10,0,0,0.0,1460.183348,716.1457951100002,2230.6030985475,10,1460.183348,1249.5810340000003,1.0,3582.3646380000005,-36.39997121827601,pointwise paired bootstrap; exploratory and not multiplicity-adjusted,very small stratum,730.4355025925001,2227.24184451
stress,3,stress_design,development,__design_mixture__,design_mixture_only_not_official_population,extreme,scan_then_clear,joint,10,0,0,0.0,267.9943921000002,99.85231398750021,492.2982789074999,10,267.9943921000002,124.89924050000013,0.9,1043.2955650000004,-7.051277272682498,pointwise paired bootstrap; exploratory and not multiplicity-adjusted,very small stratum,101.72478569250012,488.67358506
stress,3,stress_design,all,assumption__radius_max__noise_correlated__scale_150,broad_or_stress_assumption,all,immediate,joint,1,0,0,0.0,936.0829120000008,,,1,936.0829120000008,936.0829120000008,1.0,936.0829120000008,-18.99386818957599,pointwise paired bootstrap; exploratory and not multiplicity-adjusted,very small stratum,,
stress,3,stress_design,all,assumption__radius_max__noise_correlated__scale_150,broad_or_stress_assumption,all,scan_then_clear,joint,1,0,0,0.0,129.90905199999997,,,1,129.90905199999997,129.90905199999997,1.0,129.90905199999997,-2.635958181363288,pointwise paired bootstrap; exploratory and not multiplicity-adjusted,very small stratum,,
stress,3,stress_design,all,assumption__radius_max__noise_correlated__scale_150,broad_or_stress_assumption,correlated,immediate,joint,1,0,0,0.0,936.0829120000008,,,1,936.0829120000008,936.0829120000008,1.0,936.0829120000008,-18.99386818957599,pointwise paired bootstrap; exploratory and not multiplicity-adjusted,very small stratum,,
stress,3,stress_design,all,assumption__radius_max__noise_correlated__scale_150,broad_or_stress_assumption,correlated,scan_then_clear,joint,1,0,0,0.0,129.90905199999997,,,1,129.90905199999997,129.90905199999997,1.0,129.90905199999997,-2.635958181363288,pointwise paired bootstrap; exploratory and not multiplicity-adjusted,very small stratum,,
stress,3,stress_design,development,assumption__radius_max__noise_correlated__scale_150,broad_or_stress_assumption,all,immediate,joint,1,0,0,0.0,936.0829120000008,,,1,936.0829120000008,936.0829120000008,1.0,936.0829120000008,-18.99386818957599,pointwise paired bootstrap; exploratory and not multiplicity-adjusted,very small stratum,,
stress,3,stress_design,development,assumption__radius_max__noise_correlated__scale_150,broad_or_stress_assumption,all,scan_then_clear,joint,1,0,0,0.0,129.90905199999997,,,1,129.90905199999997,129.90905199999997,1.0,129.90905199999997,-2.635958181363288,pointwise paired bootstrap; exploratory and not multiplicity-adjusted,very small stratum,,
stress,3,stress_design,development,assumption__radius_max__noise_correlated__scale_150,broad_or_stress_assumption,correlated,immediate,joint,1,0,0,0.0,936.0829120000008,,,1,936.0829120000008,936.0829120000008,1.0,936.0829120000008,-18.99386818957599,pointwise paired bootstrap; exploratory and not multiplicity-adjusted,very small stratum,,
stress,3,stress_design,development,assumption__radius_max__noise_correlated__scale_150,broad_or_stress_assumption,correlated,scan_then_clear,joint,1,0,0,0.0,129.90905199999997,,,1,129.90905199999997,129.90905199999997,1.0,129.90905199999997,-2.635958181363288,pointwise paired bootstrap; exploratory and not multiplicity-adjusted,very small stratum,,
stress,3,stress_design,all,assumption__radius_max__noise_correlated__scale_300,broad_or_stress_assumption,all,immediate,joint,1,0,0,0.0,26.783141000000796,,,1,26.783141000000796,26.783141000000796,1.0,26.783141000000796,-0.6232544863391303,pointwise paired bootstrap; exploratory and not multiplicity-adjusted,very small stratum,,
stress,3,stress_design,all,assumption__radius_max__noise_correlated__scale_300,broad_or_stress_assumption,all,scan_then_clear,joint,1,0,0,0.0,-310.40650999999934,,,1,-310.40650999999934,-310.40650999999934,0.0,-310.40650999999934,7.223284600800404,pointwise paired bootstrap; exploratory and not multiplicity-adjusted,very small stratum,,
stress,3,stress_design,all,assumption__radius_max__noise_correlated__scale_300,broad_or_stress_assumption,correlated,immediate,joint,1,0,0,0.0,26.783141000000796,,,1,26.783141000000796,26.783141000000796,1.0,26.783141000000796,-0.6232544863391303,pointwise paired bootstrap; exploratory and not multiplicity-adjusted,very small stratum,,
stress,3,stress_design,all,assumption__radius_max__noise_correlated__scale_300,broad_or_stress_assumption,correlated,scan_then_clear,joint,1,0,0,0.0,-310.40650999999934,,,1,-310.40650999999934,-310.40650999999934,0.0,-310.40650999999934,7.223284600800404,pointwise paired bootstrap; exploratory and not multiplicity-adjusted,very small stratum,,
stress,3,stress_design,development,assumption__radius_max__noise_correlated__scale_300,broad_or_stress_assumption,all,immediate,joint,1,0,0,0.0,26.783141000000796,,,1,26.783141000000796,26.783141000000796,1.0,26.783141000000796,-0.6232544863391303,pointwise paired bootstrap; exploratory and not multiplicity-adjusted,very small stratum,,
stress,3,stress_design,development,assumption__radius_max__noise_correlated__scale_300,broad_or_stress_assumption,all,scan_then_clear,joint,1,0,0,0.0,-310.40650999999934,,,1,-310.40650999999934,-310.40650999999934,0.0,-310.40650999999934,7.223284600800404,pointwise paired bootstrap; exploratory and not multiplicity-adjusted,very small stratum,,
stress,3,stress_design,development,assumption__radius_max__noise_correlated__scale_300,broad_or_stress_assumption,correlated,immediate,joint,1,0,0,0.0,26.783141000000796,,,1,26.783141000000796,26.783141000000796,1.0,26.783141000000796,-0.6232544863391303,pointwise paired bootstrap; exploratory and not multiplicity-adjusted,very small stratum,,
stress,3,stress_design,development,assumption__radius_max__noise_correlated__scale_300,broad_or_stress_assumption,correlated,scan_then_clear,joint,1,0,0,0.0,-310.40650999999934,,,1,-310.40650999999934,-310.40650999999934,0.0,-310.40650999999934,7.223284600800404,pointwise paired bootstrap; exploratory and not multiplicity-adjusted,very small stratum,,
stress,3,stress_design,all,assumption__radius_max__noise_correlated__scale_75,broad_or_stress_assumption,all,immediate,joint,1,0,0,0.0,1511.0909270000002,,,1,1511.0909270000002,1511.0909270000002,1.0,1511.0909270000002,-28.66955583467668,pointwise paired bootstrap; exploratory and not multiplicity-adjusted,very small stratum,,
stress,3,stress_design,all,assumption__radius_max__noise_correlated__scale_75,broad_or_stress_assumption,all,scan_then_clear,joint,1,0,0,0.0,-187.05379699999958,,,1,-187.05379699999958,-187.05379699999958,0.0,-187.05379699999958,3.5489256016026394,pointwise paired bootstrap; exploratory and not multiplicity-adjusted,very small stratum,,
stress,3,stress_design,all,assumption__radius_max__noise_correlated__scale_75,broad_or_stress_assumption,correlated,immediate,joint,1,0,0,0.0,1511.0909270000002,,,1,1511.0909270000002,1511.0909270000002,1.0,1511.0909270000002,-28.66955583467668,pointwise paired bootstrap; exploratory and not multiplicity-adjusted,very small stratum,,
stress,3,stress_design,all,assumption__radius_max__noise_correlated__scale_75,broad_or_stress_assumption,correlated,scan_then_clear,joint,1,0,0,0.0,-187.05379699999958,,,1,-187.05379699999958,-187.05379699999958,0.0,-187.05379699999958,3.5489256016026394,pointwise paired bootstrap; exploratory and not multiplicity-adjusted,very small stratum,,
stress,3,stress_design,development,assumption__radius_max__noise_correlated__scale_75,broad_or_stress_assumption,all,immediate,joint,1,0,0,0.0,1511.0909270000002,,,1,1511.0909270000002,1511.0909270000002,1.0,1511.0909270000002,-28.66955583467668,pointwise paired bootstrap; exploratory and not multiplicity-adjusted,very small stratum,,
stress,3,stress_design,development,assumption__radius_max__noise_correlated__scale_75,broad_or_stress_assumption,all,scan_then_clear,joint,1,0,0,0.0,-187.05379699999958,,,1,-187.05379699999958,-187.05379699999958,0.0,-187.05379699999958,3.5489256016026394,pointwise paired bootstrap; exploratory and not multiplicity-adjusted,very small stratum,,
stress,3,stress_design,development,assumption__radius_max__noise_correlated__scale_75,broad_or_stress_assumption,correlated,immediate,joint,1,0,0,0.0,1511.0909270000002,,,1,1511.0909270000002,1511.0909270000002,1.0,1511.0909270000002,-28.66955583467668,pointwise paired bootstrap; exploratory and not multiplicity-adjusted,very small stratum,,
stress,3,stress_design,development,assumption__radius_max__noise_correlated__scale_75,broad_or_stress_assumption,correlated,scan_then_clear,joint,1,0,0,0.0,-187.05379699999958,,,1,-187.05379699999958,-187.05379699999958,0.0,-187.05379699999958,3.5489256016026394,pointwise paired bootstrap; exploratory and not multiplicity-adjusted,very small stratum,,
stress,3,stress_design,all,assumption__radius_max__noise_deterministic__scale_150,broad_or_stress_assumption,all,immediate,joint,1,0,0,0.0,2394.469392,,,1,2394.469392,2394.469392,1.0,2394.469392,-44.79699003962236,pointwise paired bootstrap; exploratory and not multiplicity-adjusted,very small stratum,,
stress,3,stress_design,all,assumption__radius_max__noise_deterministic__scale_150,broad_or_stress_assumption,all,scan_then_clear,joint,1,0,0,0.0,-218.32358999999997,,,1,-218.32358999999997,-218.32358999999997,0.0,-218.32358999999997,4.084512301272547,pointwise paired bootstrap; exploratory and not multiplicity-adjusted,very small stratum,,
stress,3,stress_design,all,assumption__radius_max__noise_deterministic__scale_150,broad_or_stress_assumption,deterministic,immediate,joint,1,0,0,0.0,2394.469392,,,1,2394.469392,2394.469392,1.0,2394.469392,-44.79699003962236,pointwise paired bootstrap; exploratory and not multiplicity-adjusted,very small stratum,,
stress,3,stress_design,all,assumption__radius_max__noise_deterministic__scale_150,broad_or_stress_assumption,deterministic,scan_then_clear,joint,1,0,0,0.0,-218.32358999999997,,,1,-218.32358999999997,-218.32358999999997,0.0,-218.32358999999997,4.084512301272547,pointwise paired bootstrap; exploratory and not multiplicity-adjusted,very small stratum,,
stress,3,stress_design,development,assumption__radius_max__noise_deterministic__scale_150,broad_or_stress_assumption,all,immediate,joint,1,0,0,0.0,2394.469392,,,1,2394.469392,2394.469392,1.0,2394.469392,-44.79699003962236,pointwise paired bootstrap; exploratory and not multiplicity-adjusted,very small stratum,,
stress,3,stress_design,development,assumption__radius_max__noise_deterministic__scale_150,broad_or_stress_assumption,all,scan_then_clear,joint,1,0,0,0.0,-218.32358999999997,,,1,-218.32358999999997,-218.32358999999997,0.0,-218.32358999999997,4.084512301272547,pointwise paired bootstrap; exploratory and not multiplicity-adjusted,very small stratum,,
stress,3,stress_design,development,assumption__radius_max__noise_deterministic__scale_150,broad_or_stress_assumption,deterministic,immediate,joint,1,0,0,0.0,2394.469392,,,1,2394.469392,2394.469392,1.0,2394.469392,-44.79699003962236,pointwise paired bootstrap; exploratory and not multiplicity-adjusted,very small stratum,,
stress,3,stress_design,development,assumption__radius_max__noise_deterministic__scale_150,broad_or_stress_assumption,deterministic,scan_then_clear,joint,1,0,0,0.0,-218.32358999999997,,,1,-218.32358999999997,-218.32358999999997,0.0,-218.32358999999997,4.084512301272547,pointwise paired bootstrap; exploratory and not multiplicity-adjusted,very small stratum,,
stress,3,stress_design,all,assumption__radius_max__noise_deterministic__scale_300,broad_or_stress_assumption,all,immediate,joint,1,0,0,0.0,743.5704570000007,,,1,743.5704570000007,743.5704570000007,1.0,743.5704570000007,-14.853659661353527,pointwise paired bootstrap; exploratory and not multiplicity-adjusted,very small stratum,,
stress,3,stress_design,all,assumption__radius_max__noise_deterministic__scale_300,broad_or_stress_assumption,all,scan_then_clear,joint,1,0,0,0.0,-87.37764699999934,,,1,-87.37764699999934,-87.37764699999934,0.0,-87.37764699999934,1.7454671824702108,pointwise paired bootstrap; exploratory and not multiplicity-adjusted,very small stratum,,
stress,3,stress_design,all,assumption__radius_max__noise_deterministic__scale_300,broad_or_stress_assumption,deterministic,immediate,joint,1,0,0,0.0,743.5704570000007,,,1,743.5704570000007,743.5704570000007,1.0,743.5704570000007,-14.853659661353527,pointwise paired bootstrap; exploratory and not multiplicity-adjusted,very small stratum,,
stress,3,stress_design,all,assumption__radius_max__noise_deterministic__scale_300,broad_or_stress_assumption,deterministic,scan_then_clear,joint,1,0,0,0.0,-87.37764699999934,,,1,-87.37764699999934,-87.37764699999934,0.0,-87.37764699999934,1.7454671824702108,pointwise paired bootstrap; exploratory and not multiplicity-adjusted,very small stratum,,
stress,3,stress_design,development,assumption__radius_max__noise_deterministic__scale_300,broad_or_stress_assumption,all,immediate,joint,1,0,0,0.0,743.5704570000007,,,1,743.5704570000007,743.5704570000007,1.0,743.5704570000007,-14.853659661353527,pointwise paired bootstrap; exploratory and not multiplicity-adjusted,very small stratum,,
stress,3,stress_design,development,assumption__radius_max__noise_deterministic__scale_300,broad_or_stress_assumption,all,scan_then_clear,joint,1,0,0,0.0,-87.37764699999934,,,1,-87.37764699999934,-87.37764699999934,0.0,-87.37764699999934,1.7454671824702108,pointwise paired bootstrap; exploratory and not multiplicity-adjusted,very small stratum,,
stress,3,stress_design,development,assumption__radius_max__noise_deterministic__scale_300,broad_or_stress_assumption,deterministic,immediate,joint,1,0,0,0.0,743.5704570000007,,,1,743.5704570000007,743.5704570000007,1.0,743.5704570000007,-14.853659661353527,pointwise paired bootstrap; exploratory and not multiplicity-adjusted,very small stratum,,
stress,3,stress_design,development,assumption__radius_max__noise_deterministic__scale_300,broad_or_stress_assumption,deterministic,scan_then_clear,joint,1,0,0,0.0,-87.37764699999934,,,1,-87.37764699999934,-87.37764699999934,0.0,-87.37764699999934,1.7454671824702108,pointwise paired bootstrap; exploratory and not multiplicity-adjusted,very small stratum,,
stress,3,stress_design,all,assumption__radius_max__noise_deterministic__scale_75,broad_or_stress_assumption,all,immediate,joint,1,0,0,0.0,1717.129935,,,1,1717.129935,1717.129935,1.0,1717.129935,-32.733217729551384,pointwise paired bootstrap; exploratory and not multiplicity-adjusted,very small stratum,,
stress,3,stress_design,all,assumption__radius_max__noise_deterministic__scale_75,broad_or_stress_assumption,all,scan_then_clear,joint,1,0,0,0.0,-305.4206549999999,,,1,-305.4206549999999,-305.4206549999999,0.0,-305.4206549999999,5.822157424107335,pointwise paired bootstrap; exploratory and not multiplicity-adjusted,very small stratum,,
stress,3,stress_design,all,assumption__radius_max__noise_deterministic__scale_75,broad_or_stress_assumption,deterministic,immediate,joint,1,0,0,0.0,1717.129935,,,1,1717.129935,1717.129935,1.0,1717.129935,-32.733217729551384,pointwise paired bootstrap; exploratory and not multiplicity-adjusted,very small stratum,,
stress,3,stress_design,all,assumption__radius_max__noise_deterministic__scale_75,broad_or_stress_assumption,deterministic,scan_then_clear,joint,1,0,0,0.0,-305.4206549999999,,,1,-305.4206549999999,-305.4206549999999,0.0,-305.4206549999999,5.822157424107335,pointwise paired bootstrap; exploratory and not multiplicity-adjusted,very small stratum,,
stress,3,stress_design,development,assumption__radius_max__noise_deterministic__scale_75,broad_or_stress_assumption,all,immediate,joint,1,0,0,0.0,1717.129935,,,1,1717.129935,1717.129935,1.0,1717.129935,-32.733217729551384,pointwise paired bootstrap; exploratory and not multiplicity-adjusted,very small stratum,,
stress,3,stress_design,development,assumption__radius_max__noise_deterministic__scale_75,broad_or_stress_assumption,all,scan_then_clear,joint,1,0,0,0.0,-305.4206549999999,,,1,-305.4206549999999,-305.4206549999999,0.0,-305.4206549999999,5.822157424107335,pointwise paired bootstrap; exploratory and not multiplicity-adjusted,very small stratum,,
stress,3,stress_design,development,assumption__radius_max__noise_deterministic__scale_75,broad_or_stress_assumption,deterministic,immediate,joint,1,0,0,0.0,1717.129935,,,1,1717.129935,1717.129935,1.0,1717.129935,-32.733217729551384,pointwise paired bootstrap; exploratory and not multiplicity-adjusted,very small stratum,,
stress,3,stress_design,development,assumption__radius_max__noise_deterministic__scale_75,broad_or_stress_assumption,deterministic,scan_then_clear,joint,1,0,0,0.0,-305.4206549999999,,,1,-305.4206549999999,-305.4206549999999,0.0,-305.4206549999999,5.822157424107335,pointwise paired bootstrap; exploratory and not multiplicity-adjusted,very small stratum,,
stress,3,stress_design,all,assumption__radius_max__noise_extreme__scale_150,broad_or_stress_assumption,all,immediate,joint,1,0,0,0.0,121.74492800000007,,,1,121.74492800000007,121.74492800000007,1.0,121.74492800000007,-2.8145917635804754,pointwise paired bootstrap; exploratory and not multiplicity-adjusted,very small stratum,,
stress,3,stress_design,all,assumption__radius_max__noise_extreme__scale_150,broad_or_stress_assumption,all,scan_then_clear,joint,1,0,0,0.0,68.42107600000054,,,1,68.42107600000054,68.42107600000054,1.0,68.42107600000054,-1.5818104304510752,pointwise paired bootstrap; exploratory and not multiplicity-adjusted,very small stratum,,
stress,3,stress_design,all,assumption__radius_max__noise_extreme__scale_150,broad_or_stress_assumption,extreme,immediate,joint,1,0,0,0.0,121.74492800000007,,,1,121.74492800000007,121.74492800000007,1.0,121.74492800000007,-2.8145917635804754,pointwise paired bootstrap; exploratory and not multiplicity-adjusted,very small stratum,,
stress,3,stress_design,all,assumption__radius_max__noise_extreme__scale_150,broad_or_stress_assumption,extreme,scan_then_clear,joint,1,0,0,0.0,68.42107600000054,,,1,68.42107600000054,68.42107600000054,1.0,68.42107600000054,-1.5818104304510752,pointwise paired bootstrap; exploratory and not multiplicity-adjusted,very small stratum,,
stress,3,stress_design,development,assumption__radius_max__noise_extreme__scale_150,broad_or_stress_assumption,all,immediate,joint,1,0,0,0.0,121.74492800000007,,,1,121.74492800000007,121.74492800000007,1.0,121.74492800000007,-2.8145917635804754,pointwise paired bootstrap; exploratory and not multiplicity-adjusted,very small stratum,,
stress,3,stress_design,development,assumption__radius_max__noise_extreme__scale_150,broad_or_stress_assumption,all,scan_then_clear,joint,1,0,0,0.0,68.42107600000054,,,1,68.42107600000054,68.42107600000054,1.0,68.42107600000054,-1.5818104304510752,pointwise paired bootstrap; exploratory and not multiplicity-adjusted,very small stratum,,
stress,3,stress_design,development,assumption__radius_max__noise_extreme__scale_150,broad_or_stress_assumption,extreme,immediate,joint,1,0,0,0.0,121.74492800000007,,,1,121.74492800000007,121.74492800000007,1.0,121.74492800000007,-2.8145917635804754,pointwise paired bootstrap; exploratory and not multiplicity-adjusted,very small stratum,,
stress,3,stress_design,development,assumption__radius_max__noise_extreme__scale_150,broad_or_stress_assumption,extreme,scan_then_clear,joint,1,0,0,0.0,68.42107600000054,,,1,68.42107600000054,68.42107600000054,1.0,68.42107600000054,-1.5818104304510752,pointwise paired bootstrap; exploratory and not multiplicity-adjusted,very small stratum,,
stress,3,stress_design,all,assumption__radius_max__noise_extreme__scale_300,broad_or_stress_assumption,all,immediate,joint,1,0,0,0.0,2532.0890259999996,,,1,2532.0890259999996,2532.0890259999996,1.0,2532.0890259999996,-62.99700036396605,pointwise paired bootstrap; exploratory and not multiplicity-adjusted,very small stratum,,
stress,3,stress_design,all,assumption__radius_max__noise_extreme__scale_300,broad_or_stress_assumption,all,scan_then_clear,joint,1,0,0,0.0,390.5246189999998,,,1,390.5246189999998,390.5246189999998,1.0,390.5246189999998,-9.716040515425659,pointwise paired bootstrap; exploratory and not multiplicity-adjusted,very small stratum,,
stress,3,stress_design,all,assumption__radius_max__noise_extreme__scale_300,broad_or_stress_assumption,extreme,immediate,joint,1,0,0,0.0,2532.0890259999996,,,1,2532.0890259999996,2532.0890259999996,1.0,2532.0890259999996,-62.99700036396605,pointwise paired bootstrap; exploratory and not multiplicity-adjusted,very small stratum,,
stress,3,stress_design,all,assumption__radius_max__noise_extreme__scale_300,broad_or_stress_assumption,extreme,scan_then_clear,joint,1,0,0,0.0,390.5246189999998,,,1,390.5246189999998,390.5246189999998,1.0,390.5246189999998,-9.716040515425659,pointwise paired bootstrap; exploratory and not multiplicity-adjusted,very small stratum,,
stress,3,stress_design,development,assumption__radius_max__noise_extreme__scale_300,broad_or_stress_assumption,all,immediate,joint,1,0,0,0.0,2532.0890259999996,,,1,2532.0890259999996,2532.0890259999996,1.0,2532.0890259999996,-62.99700036396605,pointwise paired bootstrap; exploratory and not multiplicity-adjusted,very small stratum,,
stress,3,stress_design,development,assumption__radius_max__noise_extreme__scale_300,broad_or_stress_assumption,all,scan_then_clear,joint,1,0,0,0.0,390.5246189999998,,,1,390.5246189999998,390.5246189999998,1.0,390.5246189999998,-9.716040515425659,pointwise paired bootstrap; exploratory and not multiplicity-adjusted,very small stratum,,
stress,3,stress_design,development,assumption__radius_max__noise_extreme__scale_300,broad_or_stress_assumption,extreme,immediate,joint,1,0,0,0.0,2532.0890259999996,,,1,2532.0890259999996,2532.0890259999996,1.0,2532.0890259999996,-62.99700036396605,pointwise paired bootstrap; exploratory and not multiplicity-adjusted,very small stratum,,
stress,3,stress_design,development,assumption__radius_max__noise_extreme__scale_300,broad_or_stress_assumption,extreme,scan_then_clear,joint,1,0,0,0.0,390.5246189999998,,,1,390.5246189999998,390.5246189999998,1.0,390.5246189999998,-9.716040515425659,pointwise paired bootstrap; exploratory and not multiplicity-adjusted,very small stratum,,
stress,3,stress_design,all,assumption__radius_max__noise_extreme__scale_75,broad_or_stress_assumption,all,immediate,joint,2,0,0,0.0,2029.8661500000005,477.36766200000056,3582.3646380000005,2,2029.8661500000005,2029.8661500000005,1.0,3582.3646380000005,-49.62757157281884,pointwise paired bootstrap; exploratory and not multiplicity-adjusted,very small stratum,477.36766200000056,3582.3646380000005
stress,3,stress_design,all,assumption__radius_max__noise_extreme__scale_75,broad_or_stress_assumption,all,scan_then_clear,joint,2,0,0,0.0,223.89829550000036,121.89997800000037,325.89661300000034,2,223.89829550000036,223.89829550000036,1.0,325.89661300000034,-5.4225137984990335,pointwise paired bootstrap; exploratory and not multiplicity-adjusted,very small stratum,121.89997800000037,325.89661300000034
stress,3,stress_design,all,assumption__radius_max__noise_extreme__scale_75,broad_or_stress_assumption,extreme,immediate,joint,2,0,0,0.0,2029.8661500000005,477.36766200000056,3582.3646380000005,2,2029.8661500000005,2029.8661500000005,1.0,3582.3646380000005,-49.62757157281884,pointwise paired bootstrap; exploratory and not multiplicity-adjusted,very small stratum,477.36766200000056,3582.3646380000005
stress,3,stress_design,all,assumption__radius_max__noise_extreme__scale_75,broad_or_stress_assumption,extreme,scan_then_clear,joint,2,0,0,0.0,223.89829550000036,121.89997800000037,325.89661300000034,2,223.89829550000036,223.89829550000036,1.0,325.89661300000034,-5.4225137984990335,pointwise paired bootstrap; exploratory and not multiplicity-adjusted,very small stratum,121.89997800000037,325.89661300000034
stress,3,stress_design,development,assumption__radius_max__noise_extreme__scale_75,broad_or_stress_assumption,all,immediate,joint,2,0,0,0.0,2029.8661500000005,477.36766200000056,3582.3646380000005,2,2029.8661500000005,2029.8661500000005,1.0,3582.3646380000005,-49.62757157281884,pointwise paired bootstrap; exploratory and not multiplicity-adjusted,very small stratum,477.36766200000056,3582.3646380000005
stress,3,stress_design,development,assumption__radius_max__noise_extreme__scale_75,broad_or_stress_assumption,all,scan_then_clear,joint,2,0,0,0.0,223.89829550000036,121.89997800000037,325.89661300000034,2,223.89829550000036,223.89829550000036,1.0,325.89661300000034,-5.4225137984990335,pointwise paired bootstrap; exploratory and not multiplicity-adjusted,very small stratum,121.89997800000037,325.89661300000034
stress,3,stress_design,development,assumption__radius_max__noise_extreme__scale_75,broad_or_stress_assumption,extreme,immediate,joint,2,0,0,0.0,2029.8661500000005,477.36766200000056,3582.3646380000005,2,2029.8661500000005,2029.8661500000005,1.0,3582.3646380000005,-49.62757157281884,pointwise paired bootstrap; exploratory and not multiplicity-adjusted,very small stratum,477.36766200000056,3582.3646380000005
stress,3,stress_design,development,assumption__radius_max__noise_extreme__scale_75,broad_or_stress_assumption,extreme,scan_then_clear,joint,2,0,0,0.0,223.89829550000036,121.89997800000037,325.89661300000034,2,223.89829550000036,223.89829550000036,1.0,325.89661300000034,-5.4225137984990335,pointwise paired bootstrap; exploratory and not multiplicity-adjusted,very small stratum,121.89997800000037,325.89661300000034
stress,3,stress_design,all,assumption__radius_min__noise_correlated__scale_150,broad_or_stress_assumption,all,immediate,joint,2,0,0,0.0,-217.7518204999999,-746.8120789999998,311.308438,2,-217.7518204999999,-217.7518204999999,0.5,311.308438,6.581265318773555,pointwise paired bootstrap; exploratory and not multiplicity-adjusted,very small stratum,-746.8120789999998,311.308438
stress,3,stress_design,all,assumption__radius_min__noise_correlated__scale_150,broad_or_stress_assumption,all,scan_then_clear,joint,2,0,0,0.0,147.50459549999982,-214.396925,509.40611599999966,2,147.50459549999982,147.50459549999982,0.5,509.40611599999966,-4.469562456731972,pointwise paired bootstrap; exploratory and not multiplicity-adjusted,very small stratum,-214.396925,509.40611599999966
stress,3,stress_design,all,assumption__radius_min__noise_correlated__scale_150,broad_or_stress_assumption,correlated,immediate,joint,2,0,0,0.0,-217.7518204999999,-746.8120789999998,311.308438,2,-217.7518204999999,-217.7518204999999,0.5,311.308438,6.581265318773555,pointwise paired bootstrap; exploratory and not multiplicity-adjusted,very small stratum,-746.8120789999998,311.308438
stress,3,stress_design,all,assumption__radius_min__noise_correlated__scale_150,broad_or_stress_assumption,correlated,scan_then_clear,joint,2,0,0,0.0,147.50459549999982,-214.396925,509.40611599999966,2,147.50459549999982,147.50459549999982,0.5,509.40611599999966,-4.469562456731972,pointwise paired bootstrap; exploratory and not multiplicity-adjusted,very small stratum,-214.396925,509.40611599999966
stress,3,stress_design,development,assumption__radius_min__noise_correlated__scale_150,broad_or_stress_assumption,all,immediate,joint,2,0,0,0.0,-217.7518204999999,-746.8120789999998,311.308438,2,-217.7518204999999,-217.7518204999999,0.5,311.308438,6.581265318773555,pointwise paired bootstrap; exploratory and not multiplicity-adjusted,very small stratum,-746.8120789999998,311.308438
stress,3,stress_design,development,assumption__radius_min__noise_correlated__scale_150,broad_or_stress_assumption,all,scan_then_clear,joint,2,0,0,0.0,147.50459549999982,-214.396925,509.40611599999966,2,147.50459549999982,147.50459549999982,0.5,509.40611599999966,-4.469562456731972,pointwise paired bootstrap; exploratory and not multiplicity-adjusted,very small stratum,-214.396925,509.40611599999966
stress,3,stress_design,development,assumption__radius_min__noise_correlated__scale_150,broad_or_stress_assumption,correlated,immediate,joint,2,0,0,0.0,-217.7518204999999,-746.8120789999998,311.308438,2,-217.7518204999999,-217.7518204999999,0.5,311.308438,6.581265318773555,pointwise paired bootstrap; exploratory and not multiplicity-adjusted,very small stratum,-746.8120789999998,311.308438
stress,3,stress_design,development,assumption__radius_min__noise_correlated__scale_150,broad_or_stress_assumption,correlated,scan_then_clear,joint,2,0,0,0.0,147.50459549999982,-214.396925,509.40611599999966,2,147.50459549999982,147.50459549999982,0.5,509.40611599999966,-4.469562456731972,pointwise paired bootstrap; exploratory and not multiplicity-adjusted,very small stratum,-214.396925,509.40611599999966
stress,3,stress_design,all,assumption__radius_min__noise_correlated__scale_75,broad_or_stress_assumption,all,immediate,joint,2,0,0,0.0,258.03510550000055,248.88711500000045,267.18309600000066,2,258.03510550000055,258.03510550000055,1.0,267.18309600000066,-5.576110801946333,pointwise paired bootstrap; exploratory and not multiplicity-adjusted,very small stratum,248.88711500000045,267.18309600000066
stress,3,stress_design,all,assumption__radius_min__noise_correlated__scale_75,broad_or_stress_assumption,all,scan_then_clear,joint,2,0,0,0.0,-194.91713849999974,-420.58275899999944,30.748481999999967,2,-194.91713849999974,-194.91713849999974,0.5,30.748481999999967,4.505080357395038,pointwise paired bootstrap; exploratory and not multiplicity-adjusted,very small stratum,-420.58275899999944,30.748481999999967
stress,3,stress_design,all,assumption__radius_min__noise_correlated__scale_75,broad_or_stress_assumption,correlated,immediate,joint,2,0,0,0.0,258.03510550000055,248.88711500000045,267.18309600000066,2,258.03510550000055,258.03510550000055,1.0,267.18309600000066,-5.576110801946333,pointwise paired bootstrap; exploratory and not multiplicity-adjusted,very small stratum,248.88711500000045,267.18309600000066
stress,3,stress_design,all,assumption__radius_min__noise_correlated__scale_75,broad_or_stress_assumption,correlated,scan_then_clear,joint,2,0,0,0.0,-194.91713849999974,-420.58275899999944,30.748481999999967,2,-194.91713849999974,-194.91713849999974,0.5,30.748481999999967,4.505080357395038,pointwise paired bootstrap; exploratory and not multiplicity-adjusted,very small stratum,-420.58275899999944,30.748481999999967
stress,3,stress_design,development,assumption__radius_min__noise_correlated__scale_75,broad_or_stress_assumption,all,immediate,joint,2,0,0,0.0,258.03510550000055,248.88711500000045,267.18309600000066,2,258.03510550000055,258.03510550000055,1.0,267.18309600000066,-5.576110801946333,pointwise paired bootstrap; exploratory and not multiplicity-adjusted,very small stratum,248.88711500000045,267.18309600000066
stress,3,stress_design,development,assumption__radius_min__noise_correlated__scale_75,broad_or_stress_assumption,all,scan_then_clear,joint,2,0,0,0.0,-194.91713849999974,-420.58275899999944,30.748481999999967,2,-194.91713849999974,-194.91713849999974,0.5,30.748481999999967,4.505080357395038,pointwise paired bootstrap; exploratory and not multiplicity-adjusted,very small stratum,-420.58275899999944,30.748481999999967
stress,3,stress_design,development,assumption__radius_min__noise_correlated__scale_75,broad_or_stress_assumption,correlated,immediate,joint,2,0,0,0.0,258.03510550000055,248.88711500000045,267.18309600000066,2,258.03510550000055,258.03510550000055,1.0,267.18309600000066,-5.576110801946333,pointwise paired bootstrap; exploratory and not multiplicity-adjusted,very small stratum,248.88711500000045,267.18309600000066
stress,3,stress_design,development,assumption__radius_min__noise_correlated__scale_75,broad_or_stress_assumption,correlated,scan_then_clear,joint,2,0,0,0.0,-194.91713849999974,-420.58275899999944,30.748481999999967,2,-194.91713849999974,-194.91713849999974,0.5,30.748481999999967,4.505080357395038,pointwise paired bootstrap; exploratory and not multiplicity-adjusted,very small stratum,-420.58275899999944,30.748481999999967
stress,3,stress_design,all,assumption__radius_min__noise_deterministic__scale_150,broad_or_stress_assumption,all,immediate,joint,2,0,0,0.0,176.4134214999999,35.37173299999995,317.4551099999999,2,176.4134214999999,176.4134214999999,1.0,317.4551099999999,-3.583029258052316,pointwise paired bootstrap; exploratory and not multiplicity-adjusted,very small stratum,35.37173299999995,317.4551099999999
stress,3,stress_design,all,assumption__radius_min__noise_deterministic__scale_150,broad_or_stress_assumption,all,scan_then_clear,joint,2,0,0,0.0,-87.7599809999997,-185.23401999999987,9.714058000000477,2,-87.7599809999997,-87.7599809999997,0.5,9.714058000000477,1.7340110085738927,pointwise paired bootstrap; exploratory and not multiplicity-adjusted,very small stratum,-185.23401999999987,9.714058000000477
stress,3,stress_design,all,assumption__radius_min__noise_deterministic__scale_150,broad_or_stress_assumption,deterministic,immediate,joint,2,0,0,0.0,176.4134214999999,35.37173299999995,317.4551099999999,2,176.4134214999999,176.4134214999999,1.0,317.4551099999999,-3.583029258052316,pointwise paired bootstrap; exploratory and not multiplicity-adjusted,very small stratum,35.37173299999995,317.4551099999999
stress,3,stress_design,all,assumption__radius_min__noise_deterministic__scale_150,broad_or_stress_assumption,deterministic,scan_then_clear,joint,2,0,0,0.0,-87.7599809999997,-185.23401999999987,9.714058000000477,2,-87.7599809999997,-87.7599809999997,0.5,9.714058000000477,1.7340110085738927,pointwise paired bootstrap; exploratory and not multiplicity-adjusted,very small stratum,-185.23401999999987,9.714058000000477
stress,3,stress_design,development,assumption__radius_min__noise_deterministic__scale_150,broad_or_stress_assumption,all,immediate,joint,2,0,0,0.0,176.4134214999999,35.37173299999995,317.4551099999999,2,176.4134214999999,176.4134214999999,1.0,317.4551099999999,-3.583029258052316,pointwise paired bootstrap; exploratory and not multiplicity-adjusted,very small stratum,35.37173299999995,317.4551099999999
stress,3,stress_design,development,assumption__radius_min__noise_deterministic__scale_150,broad_or_stress_assumption,all,scan_then_clear,joint,2,0,0,0.0,-87.7599809999997,-185.23401999999987,9.714058000000477,2,-87.7599809999997,-87.7599809999997,0.5,9.714058000000477,1.7340110085738927,pointwise paired bootstrap; exploratory and not multiplicity-adjusted,very small stratum,-185.23401999999987,9.714058000000477
stress,3,stress_design,development,assumption__radius_min__noise_deterministic__scale_150,broad_or_stress_assumption,deterministic,immediate,joint,2,0,0,0.0,176.4134214999999,35.37173299999995,317.4551099999999,2,176.4134214999999,176.4134214999999,1.0,317.4551099999999,-3.583029258052316,pointwise paired bootstrap; exploratory and not multiplicity-adjusted,very small stratum,35.37173299999995,317.4551099999999
stress,3,stress_design,development,assumption__radius_min__noise_deterministic__scale_150,broad_or_stress_assumption,deterministic,scan_then_clear,joint,2,0,0,0.0,-87.7599809999997,-185.23401999999987,9.714058000000477,2,-87.7599809999997,-87.7599809999997,0.5,9.714058000000477,1.7340110085738927,pointwise paired bootstrap; exploratory and not multiplicity-adjusted,very small stratum,-185.23401999999987,9.714058000000477
stress,3,stress_design,all,assumption__radius_min__noise_deterministic__scale_300,broad_or_stress_assumption,all,immediate,joint,1,0,0,0.0,637.7268320000003,,,1,637.7268320000003,637.7268320000003,1.0,637.7268320000003,-12.219783523419787,pointwise paired bootstrap; exploratory and not multiplicity-adjusted,very small stratum,,
stress,3,stress_design,all,assumption__radius_min__noise_deterministic__scale_300,broad_or_stress_assumption,all,scan_then_clear,joint,1,0,0,0.0,-297.29112199999963,,,1,-297.29112199999963,-297.29112199999963,0.0,-297.29112199999963,5.696534898620317,pointwise paired bootstrap; exploratory and not multiplicity-adjusted,very small stratum,,
stress,3,stress_design,all,assumption__radius_min__noise_deterministic__scale_300,broad_or_stress_assumption,deterministic,immediate,joint,1,0,0,0.0,637.7268320000003,,,1,637.7268320000003,637.7268320000003,1.0,637.7268320000003,-12.219783523419787,pointwise paired bootstrap; exploratory and not multiplicity-adjusted,very small stratum,,
stress,3,stress_design,all,assumption__radius_min__noise_deterministic__scale_300,broad_or_stress_assumption,deterministic,scan_then_clear,joint,1,0,0,0.0,-297.29112199999963,,,1,-297.29112199999963,-297.29112199999963,0.0,-297.29112199999963,5.696534898620317,pointwise paired bootstrap; exploratory and not multiplicity-adjusted,very small stratum,,
stress,3,stress_design,development,assumption__radius_min__noise_deterministic__scale_300,broad_or_stress_assumption,all,immediate,joint,1,0,0,0.0,637.7268320000003,,,1,637.7268320000003,637.7268320000003,1.0,637.7268320000003,-12.219783523419787,pointwise paired bootstrap; exploratory and not multiplicity-adjusted,very small stratum,,
stress,3,stress_design,development,assumption__radius_min__noise_deterministic__scale_300,broad_or_stress_assumption,all,scan_then_clear,joint,1,0,0,0.0,-297.29112199999963,,,1,-297.29112199999963,-297.29112199999963,0.0,-297.29112199999963,5.696534898620317,pointwise paired bootstrap; exploratory and not multiplicity-adjusted,very small stratum,,
stress,3,stress_design,development,assumption__radius_min__noise_deterministic__scale_300,broad_or_stress_assumption,deterministic,immediate,joint,1,0,0,0.0,637.7268320000003,,,1,637.7268320000003,637.7268320000003,1.0,637.7268320000003,-12.219783523419787,pointwise paired bootstrap; exploratory and not multiplicity-adjusted,very small stratum,,
stress,3,stress_design,development,assumption__radius_min__noise_deterministic__scale_300,broad_or_stress_assumption,deterministic,scan_then_clear,joint,1,0,0,0.0,-297.29112199999963,,,1,-297.29112199999963,-297.29112199999963,0.0,-297.29112199999963,5.696534898620317,pointwise paired bootstrap; exploratory and not multiplicity-adjusted,very small stratum,,
stress,3,stress_design,all,assumption__radius_min__noise_deterministic__scale_75,broad_or_stress_assumption,all,immediate,joint,1,0,0,0.0,650.5419200000006,,,1,650.5419200000006,650.5419200000006,1.0,650.5419200000006,-12.851208516761034,pointwise paired bootstrap; exploratory and not multiplicity-adjusted,very small stratum,,
stress,3,stress_design,all,assumption__radius_min__noise_deterministic__scale_75,broad_or_stress_assumption,all,scan_then_clear,joint,1,0,0,0.0,-126.34252500000002,,,1,-126.34252500000002,-126.34252500000002,0.0,-126.34252500000002,2.495848589294742,pointwise paired bootstrap; exploratory and not multiplicity-adjusted,very small stratum,,
stress,3,stress_design,all,assumption__radius_min__noise_deterministic__scale_75,broad_or_stress_assumption,deterministic,immediate,joint,1,0,0,0.0,650.5419200000006,,,1,650.5419200000006,650.5419200000006,1.0,650.5419200000006,-12.851208516761034,pointwise paired bootstrap; exploratory and not multiplicity-adjusted,very small stratum,,
stress,3,stress_design,all,assumption__radius_min__noise_deterministic__scale_75,broad_or_stress_assumption,deterministic,scan_then_clear,joint,1,0,0,0.0,-126.34252500000002,,,1,-126.34252500000002,-126.34252500000002,0.0,-126.34252500000002,2.495848589294742,pointwise paired bootstrap; exploratory and not multiplicity-adjusted,very small stratum,,
stress,3,stress_design,development,assumption__radius_min__noise_deterministic__scale_75,broad_or_stress_assumption,all,immediate,joint,1,0,0,0.0,650.5419200000006,,,1,650.5419200000006,650.5419200000006,1.0,650.5419200000006,-12.851208516761034,pointwise paired bootstrap; exploratory and not multiplicity-adjusted,very small stratum,,
stress,3,stress_design,development,assumption__radius_min__noise_deterministic__scale_75,broad_or_stress_assumption,all,scan_then_clear,joint,1,0,0,0.0,-126.34252500000002,,,1,-126.34252500000002,-126.34252500000002,0.0,-126.34252500000002,2.495848589294742,pointwise paired bootstrap; exploratory and not multiplicity-adjusted,very small stratum,,
stress,3,stress_design,development,assumption__radius_min__noise_deterministic__scale_75,broad_or_stress_assumption,deterministic,immediate,joint,1,0,0,0.0,650.5419200000006,,,1,650.5419200000006,650.5419200000006,1.0,650.5419200000006,-12.851208516761034,pointwise paired bootstrap; exploratory and not multiplicity-adjusted,very small stratum,,
stress,3,stress_design,development,assumption__radius_min__noise_deterministic__scale_75,broad_or_stress_assumption,deterministic,scan_then_clear,joint,1,0,0,0.0,-126.34252500000002,,,1,-126.34252500000002,-126.34252500000002,0.0,-126.34252500000002,2.495848589294742,pointwise paired bootstrap; exploratory and not multiplicity-adjusted,very small stratum,,
stress,3,stress_design,all,assumption__radius_min__noise_extreme__scale_150,broad_or_stress_assumption,all,immediate,joint,2,0,0,0.0,1501.5676725,437.472354,2565.662991,2,1501.5676725,1501.5676725,1.0,2565.662991,-35.37816933183498,pointwise paired bootstrap; exploratory and not multiplicity-adjusted,very small stratum,437.472354,2565.662991
stress,3,stress_design,all,assumption__radius_min__noise_extreme__scale_150,broad_or_stress_assumption,all,scan_then_clear,joint,2,0,0,0.0,478.29929800000036,-86.69696899999963,1043.2955650000004,2,478.29929800000036,478.29929800000036,0.5,1043.2955650000004,-13.607720822154567,pointwise paired bootstrap; exploratory and not multiplicity-adjusted,very small stratum,-86.69696899999963,1043.2955650000004
stress,3,stress_design,all,assumption__radius_min__noise_extreme__scale_150,broad_or_stress_assumption,extreme,immediate,joint,2,0,0,0.0,1501.5676725,437.472354,2565.662991,2,1501.5676725,1501.5676725,1.0,2565.662991,-35.37816933183498,pointwise paired bootstrap; exploratory and not multiplicity-adjusted,very small stratum,437.472354,2565.662991
stress,3,stress_design,all,assumption__radius_min__noise_extreme__scale_150,broad_or_stress_assumption,extreme,scan_then_clear,joint,2,0,0,0.0,478.29929800000036,-86.69696899999963,1043.2955650000004,2,478.29929800000036,478.29929800000036,0.5,1043.2955650000004,-13.607720822154567,pointwise paired bootstrap; exploratory and not multiplicity-adjusted,very small stratum,-86.69696899999963,1043.2955650000004
stress,3,stress_design,development,assumption__radius_min__noise_extreme__scale_150,broad_or_stress_assumption,all,immediate,joint,2,0,0,0.0,1501.5676725,437.472354,2565.662991,2,1501.5676725,1501.5676725,1.0,2565.662991,-35.37816933183498,pointwise paired bootstrap; exploratory and not multiplicity-adjusted,very small stratum,437.472354,2565.662991
stress,3,stress_design,development,assumption__radius_min__noise_extreme__scale_150,broad_or_stress_assumption,all,scan_then_clear,joint,2,0,0,0.0,478.29929800000036,-86.69696899999963,1043.2955650000004,2,478.29929800000036,478.29929800000036,0.5,1043.2955650000004,-13.607720822154567,pointwise paired bootstrap; exploratory and not multiplicity-adjusted,very small stratum,-86.69696899999963,1043.2955650000004
stress,3,stress_design,development,assumption__radius_min__noise_extreme__scale_150,broad_or_stress_assumption,extreme,immediate,joint,2,0,0,0.0,1501.5676725,437.472354,2565.662991,2,1501.5676725,1501.5676725,1.0,2565.662991,-35.37816933183498,pointwise paired bootstrap; exploratory and not multiplicity-adjusted,very small stratum,437.472354,2565.662991
stress,3,stress_design,development,assumption__radius_min__noise_extreme__scale_150,broad_or_stress_assumption,extreme,scan_then_clear,joint,2,0,0,0.0,478.29929800000036,-86.69696899999963,1043.2955650000004,2,478.29929800000036,478.29929800000036,0.5,1043.2955650000004,-13.607720822154567,pointwise paired bootstrap; exploratory and not multiplicity-adjusted,very small stratum,-86.69696899999963,1043.2955650000004
stress,3,stress_design,all,assumption__radius_min__noise_extreme__scale_300,broad_or_stress_assumption,all,immediate,joint,1,0,0,0.0,64.19518400000015,,,1,64.19518400000015,64.19518400000015,1.0,64.19518400000015,-1.6242299573967298,pointwise paired bootstrap; exploratory and not multiplicity-adjusted,very small stratum,,
stress,3,stress_design,all,assumption__radius_min__noise_extreme__scale_300,broad_or_stress_assumption,all,scan_then_clear,joint,1,0,0,0.0,56.62633300000016,,,1,56.62633300000016,56.62633300000016,1.0,56.62633300000016,-1.4327272032762313,pointwise paired bootstrap; exploratory and not multiplicity-adjusted,very small stratum,,
stress,3,stress_design,all,assumption__radius_min__noise_extreme__scale_300,broad_or_stress_assumption,extreme,immediate,joint,1,0,0,0.0,64.19518400000015,,,1,64.19518400000015,64.19518400000015,1.0,64.19518400000015,-1.6242299573967298,pointwise paired bootstrap; exploratory and not multiplicity-adjusted,very small stratum,,
stress,3,stress_design,all,assumption__radius_min__noise_extreme__scale_300,broad_or_stress_assumption,extreme,scan_then_clear,joint,1,0,0,0.0,56.62633300000016,,,1,56.62633300000016,56.62633300000016,1.0,56.62633300000016,-1.4327272032762313,pointwise paired bootstrap; exploratory and not multiplicity-adjusted,very small stratum,,
stress,3,stress_design,development,assumption__radius_min__noise_extreme__scale_300,broad_or_stress_assumption,all,immediate,joint,1,0,0,0.0,64.19518400000015,,,1,64.19518400000015,64.19518400000015,1.0,64.19518400000015,-1.6242299573967298,pointwise paired bootstrap; exploratory and not multiplicity-adjusted,very small stratum,,
stress,3,stress_design,development,assumption__radius_min__noise_extreme__scale_300,broad_or_stress_assumption,all,scan_then_clear,joint,1,0,0,0.0,56.62633300000016,,,1,56.62633300000016,56.62633300000016,1.0,56.62633300000016,-1.4327272032762313,pointwise paired bootstrap; exploratory and not multiplicity-adjusted,very small stratum,,
stress,3,stress_design,development,assumption__radius_min__noise_extreme__scale_300,broad_or_stress_assumption,extreme,immediate,joint,1,0,0,0.0,64.19518400000015,,,1,64.19518400000015,64.19518400000015,1.0,64.19518400000015,-1.6242299573967298,pointwise paired bootstrap; exploratory and not multiplicity-adjusted,very small stratum,,
stress,3,stress_design,development,assumption__radius_min__noise_extreme__scale_300,broad_or_stress_assumption,extreme,scan_then_clear,joint,1,0,0,0.0,56.62633300000016,,,1,56.62633300000016,56.62633300000016,1.0,56.62633300000016,-1.4327272032762313,pointwise paired bootstrap; exploratory and not multiplicity-adjusted,very small stratum,,
stress,3,stress_design,all,assumption__radius_min__noise_extreme__scale_75,broad_or_stress_assumption,all,immediate,joint,2,0,0,0.0,1399.5711454999998,450.79238199999963,2348.349909,2,1399.5711454999998,1399.5711454999998,1.0,2348.349909,-36.91426094303366,pointwise paired bootstrap; exploratory and not multiplicity-adjusted,very small stratum,450.79238199999963,2348.349909
stress,3,stress_design,all,assumption__radius_min__noise_extreme__scale_75,broad_or_stress_assumption,all,scan_then_clear,joint,2,0,0,0.0,105.35078499999986,82.80306699999983,127.89850299999989,2,105.35078499999986,105.35078499999986,1.0,127.89850299999989,-2.6989277582314646,pointwise paired bootstrap; exploratory and not multiplicity-adjusted,very small stratum,82.80306699999983,127.89850299999989
stress,3,stress_design,all,assumption__radius_min__noise_extreme__scale_75,broad_or_stress_assumption,extreme,immediate,joint,2,0,0,0.0,1399.5711454999998,450.79238199999963,2348.349909,2,1399.5711454999998,1399.5711454999998,1.0,2348.349909,-36.91426094303366,pointwise paired bootstrap; exploratory and not multiplicity-adjusted,very small stratum,450.79238199999963,2348.349909
stress,3,stress_design,all,assumption__radius_min__noise_extreme__scale_75,broad_or_stress_assumption,extreme,scan_then_clear,joint,2,0,0,0.0,105.35078499999986,82.80306699999983,127.89850299999989,2,105.35078499999986,105.35078499999986,1.0,127.89850299999989,-2.6989277582314646,pointwise paired bootstrap; exploratory and not multiplicity-adjusted,very small stratum,82.80306699999983,127.89850299999989
stress,3,stress_design,development,assumption__radius_min__noise_extreme__scale_75,broad_or_stress_assumption,all,immediate,joint,2,0,0,0.0,1399.5711454999998,450.79238199999963,2348.349909,2,1399.5711454999998,1399.5711454999998,1.0,2348.349909,-36.91426094303366,pointwise paired bootstrap; exploratory and not multiplicity-adjusted,very small stratum,450.79238199999963,2348.349909
stress,3,stress_design,development,assumption__radius_min__noise_extreme__scale_75,broad_or_stress_assumption,all,scan_then_clear,joint,2,0,0,0.0,105.35078499999986,82.80306699999983,127.89850299999989,2,105.35078499999986,105.35078499999986,1.0,127.89850299999989,-2.6989277582314646,pointwise paired bootstrap; exploratory and not multiplicity-adjusted,very small stratum,82.80306699999983,127.89850299999989
stress,3,stress_design,development,assumption__radius_min__noise_extreme__scale_75,broad_or_stress_assumption,extreme,immediate,joint,2,0,0,0.0,1399.5711454999998,450.79238199999963,2348.349909,2,1399.5711454999998,1399.5711454999998,1.0,2348.349909,-36.91426094303366,pointwise paired bootstrap; exploratory and not multiplicity-adjusted,very small stratum,450.79238199999963,2348.349909
stress,3,stress_design,development,assumption__radius_min__noise_extreme__scale_75,broad_or_stress_assumption,extreme,scan_then_clear,joint,2,0,0,0.0,105.35078499999986,82.80306699999983,127.89850299999989,2,105.35078499999986,105.35078499999986,1.0,127.89850299999989,-2.6989277582314646,pointwise paired bootstrap; exploratory and not multiplicity-adjusted,very small stratum,82.80306699999983,127.89850299999989
stress,3,stress_design,all,assumption__radius_mixed__noise_correlated__scale_150,broad_or_stress_assumption,all,immediate,joint,1,0,0,0.0,569.4648299999999,,,1,569.4648299999999,569.4648299999999,1.0,569.4648299999999,-13.656623594292343,pointwise paired bootstrap; exploratory and not multiplicity-adjusted,very small stratum,,
stress,3,stress_design,all,assumption__radius_mixed__noise_correlated__scale_150,broad_or_stress_assumption,all,scan_then_clear,joint,1,0,0,0.0,-125.09429300000056,,,1,-125.09429300000056,-125.09429300000056,0.0,-125.09429300000056,2.9999493968664006,pointwise paired bootstrap; exploratory and not multiplicity-adjusted,very small stratum,,
stress,3,stress_design,all,assumption__radius_mixed__noise_correlated__scale_150,broad_or_stress_assumption,correlated,immediate,joint,1,0,0,0.0,569.4648299999999,,,1,569.4648299999999,569.4648299999999,1.0,569.4648299999999,-13.656623594292343,pointwise paired bootstrap; exploratory and not multiplicity-adjusted,very small stratum,,
stress,3,stress_design,all,assumption__radius_mixed__noise_correlated__scale_150,broad_or_stress_assumption,correlated,scan_then_clear,joint,1,0,0,0.0,-125.09429300000056,,,1,-125.09429300000056,-125.09429300000056,0.0,-125.09429300000056,2.9999493968664006,pointwise paired bootstrap; exploratory and not multiplicity-adjusted,very small stratum,,
stress,3,stress_design,development,assumption__radius_mixed__noise_correlated__scale_150,broad_or_stress_assumption,all,immediate,joint,1,0,0,0.0,569.4648299999999,,,1,569.4648299999999,569.4648299999999,1.0,569.4648299999999,-13.656623594292343,pointwise paired bootstrap; exploratory and not multiplicity-adjusted,very small stratum,,
stress,3,stress_design,development,assumption__radius_mixed__noise_correlated__scale_150,broad_or_stress_assumption,all,scan_then_clear,joint,1,0,0,0.0,-125.09429300000056,,,1,-125.09429300000056,-125.09429300000056,0.0,-125.09429300000056,2.9999493968664006,pointwise paired bootstrap; exploratory and not multiplicity-adjusted,very small stratum,,
stress,3,stress_design,development,assumption__radius_mixed__noise_correlated__scale_150,broad_or_stress_assumption,correlated,immediate,joint,1,0,0,0.0,569.4648299999999,,,1,569.4648299999999,569.4648299999999,1.0,569.4648299999999,-13.656623594292343,pointwise paired bootstrap; exploratory and not multiplicity-adjusted,very small stratum,,
stress,3,stress_design,development,assumption__radius_mixed__noise_correlated__scale_150,broad_or_stress_assumption,correlated,scan_then_clear,joint,1,0,0,0.0,-125.09429300000056,,,1,-125.09429300000056,-125.09429300000056,0.0,-125.09429300000056,2.9999493968664006,pointwise paired bootstrap; exploratory and not multiplicity-adjusted,very small stratum,,
stress,3,stress_design,all,assumption__radius_mixed__noise_correlated__scale_300,broad_or_stress_assumption,all,immediate,joint,1,0,0,0.0,1285.7337120000002,,,1,1285.7337120000002,1285.7337120000002,1.0,1285.7337120000002,-25.149436534411404,pointwise paired bootstrap; exploratory and not multiplicity-adjusted,very small stratum,,
stress,3,stress_design,all,assumption__radius_mixed__noise_correlated__scale_300,broad_or_stress_assumption,all,scan_then_clear,joint,1,0,0,0.0,-158.39876600000025,,,1,-158.39876600000025,-158.39876600000025,0.0,-158.39876600000025,3.0983396293229406,pointwise paired bootstrap; exploratory and not multiplicity-adjusted,very small stratum,,
stress,3,stress_design,all,assumption__radius_mixed__noise_correlated__scale_300,broad_or_stress_assumption,correlated,immediate,joint,1,0,0,0.0,1285.7337120000002,,,1,1285.7337120000002,1285.7337120000002,1.0,1285.7337120000002,-25.149436534411404,pointwise paired bootstrap; exploratory and not multiplicity-adjusted,very small stratum,,
stress,3,stress_design,all,assumption__radius_mixed__noise_correlated__scale_300,broad_or_stress_assumption,correlated,scan_then_clear,joint,1,0,0,0.0,-158.39876600000025,,,1,-158.39876600000025,-158.39876600000025,0.0,-158.39876600000025,3.0983396293229406,pointwise paired bootstrap; exploratory and not multiplicity-adjusted,very small stratum,,
stress,3,stress_design,development,assumption__radius_mixed__noise_correlated__scale_300,broad_or_stress_assumption,all,immediate,joint,1,0,0,0.0,1285.7337120000002,,,1,1285.7337120000002,1285.7337120000002,1.0,1285.7337120000002,-25.149436534411404,pointwise paired bootstrap; exploratory and not multiplicity-adjusted,very small stratum,,
stress,3,stress_design,development,assumption__radius_mixed__noise_correlated__scale_300,broad_or_stress_assumption,all,scan_then_clear,joint,1,0,0,0.0,-158.39876600000025,,,1,-158.39876600000025,-158.39876600000025,0.0,-158.39876600000025,3.0983396293229406,pointwise paired bootstrap; exploratory and not multiplicity-adjusted,very small stratum,,
stress,3,stress_design,development,assumption__radius_mixed__noise_correlated__scale_300,broad_or_stress_assumption,correlated,immediate,joint,1,0,0,0.0,1285.7337120000002,,,1,1285.7337120000002,1285.7337120000002,1.0,1285.7337120000002,-25.149436534411404,pointwise paired bootstrap; exploratory and not multiplicity-adjusted,very small stratum,,
stress,3,stress_design,development,assumption__radius_mixed__noise_correlated__scale_300,broad_or_stress_assumption,correlated,scan_then_clear,joint,1,0,0,0.0,-158.39876600000025,,,1,-158.39876600000025,-158.39876600000025,0.0,-158.39876600000025,3.0983396293229406,pointwise paired bootstrap; exploratory and not multiplicity-adjusted,very small stratum,,
stress,3,stress_design,all,assumption__radius_mixed__noise_correlated__scale_75,broad_or_stress_assumption,all,immediate,joint,2,0,0,0.0,410.2033954999995,389.10455299999967,431.3022379999993,2,410.2033954999995,410.2033954999995,1.0,431.3022379999993,-9.277416782042135,pointwise paired bootstrap; exploratory and not multiplicity-adjusted,very small stratum,389.10455299999967,431.3022379999993
stress,3,stress_design,all,assumption__radius_mixed__noise_correlated__scale_75,broad_or_stress_assumption,all,scan_then_clear,joint,2,0,0,0.0,-98.8384745000003,-234.5154790000006,36.83852999999999,2,-98.8384745000003,-98.8384745000003,0.5,36.83852999999999,1.8273711949109956,pointwise paired bootstrap; exploratory and not multiplicity-adjusted,very small stratum,-234.5154790000006,36.83852999999999
stress,3,stress_design,all,assumption__radius_mixed__noise_correlated__scale_75,broad_or_stress_assumption,correlated,immediate,joint,2,0,0,0.0,410.2033954999995,389.10455299999967,431.3022379999993,2,410.2033954999995,410.2033954999995,1.0,431.3022379999993,-9.277416782042135,pointwise paired bootstrap; exploratory and not multiplicity-adjusted,very small stratum,389.10455299999967,431.3022379999993
stress,3,stress_design,all,assumption__radius_mixed__noise_correlated__scale_75,broad_or_stress_assumption,correlated,scan_then_clear,joint,2,0,0,0.0,-98.8384745000003,-234.5154790000006,36.83852999999999,2,-98.8384745000003,-98.8384745000003,0.5,36.83852999999999,1.8273711949109956,pointwise paired bootstrap; exploratory and not multiplicity-adjusted,very small stratum,-234.5154790000006,36.83852999999999
stress,3,stress_design,development,assumption__radius_mixed__noise_correlated__scale_75,broad_or_stress_assumption,all,immediate,joint,2,0,0,0.0,410.2033954999995,389.10455299999967,431.3022379999993,2,410.2033954999995,410.2033954999995,1.0,431.3022379999993,-9.277416782042135,pointwise paired bootstrap; exploratory and not multiplicity-adjusted,very small stratum,389.10455299999967,431.3022379999993
stress,3,stress_design,development,assumption__radius_mixed__noise_correlated__scale_75,broad_or_stress_assumption,all,scan_then_clear,joint,2,0,0,0.0,-98.8384745000003,-234.5154790000006,36.83852999999999,2,-98.8384745000003,-98.8384745000003,0.5,36.83852999999999,1.8273711949109956,pointwise paired bootstrap; exploratory and not multiplicity-adjusted,very small stratum,-234.5154790000006,36.83852999999999
stress,3,stress_design,development,assumption__radius_mixed__noise_correlated__scale_75,broad_or_stress_assumption,correlated,immediate,joint,2,0,0,0.0,410.2033954999995,389.10455299999967,431.3022379999993,2,410.2033954999995,410.2033954999995,1.0,431.3022379999993,-9.277416782042135,pointwise paired bootstrap; exploratory and not multiplicity-adjusted,very small stratum,389.10455299999967,431.3022379999993
stress,3,stress_design,development,assumption__radius_mixed__noise_correlated__scale_75,broad_or_stress_assumption,correlated,scan_then_clear,joint,2,0,0,0.0,-98.8384745000003,-234.5154790000006,36.83852999999999,2,-98.8384745000003,-98.8384745000003,0.5,36.83852999999999,1.8273711949109956,pointwise paired bootstrap; exploratory and not multiplicity-adjusted,very small stratum,-234.5154790000006,36.83852999999999
stress,3,stress_design,all,assumption__radius_mixed__noise_deterministic__scale_150,broad_or_stress_assumption,all,immediate,joint,1,0,0,0.0,206.83670600000005,,,1,206.83670600000005,206.83670600000005,1.0,206.83670600000005,-4.196177576905193,pointwise paired bootstrap; exploratory and not multiplicity-adjusted,very small stratum,,
stress,3,stress_design,all,assumption__radius_mixed__noise_deterministic__scale_150,broad_or_stress_assumption,all,scan_then_clear,joint,1,0,0,0.0,-97.61432200000036,,,1,-97.61432200000036,-97.61432200000036,0.0,-97.61432200000036,1.9803401295764433,pointwise paired bootstrap; exploratory and not multiplicity-adjusted,very small stratum,,
stress,3,stress_design,all,assumption__radius_mixed__noise_deterministic__scale_150,broad_or_stress_assumption,deterministic,immediate,joint,1,0,0,0.0,206.83670600000005,,,1,206.83670600000005,206.83670600000005,1.0,206.83670600000005,-4.196177576905193,pointwise paired bootstrap; exploratory and not multiplicity-adjusted,very small stratum,,
stress,3,stress_design,all,assumption__radius_mixed__noise_deterministic__scale_150,broad_or_stress_assumption,deterministic,scan_then_clear,joint,1,0,0,0.0,-97.61432200000036,,,1,-97.61432200000036,-97.61432200000036,0.0,-97.61432200000036,1.9803401295764433,pointwise paired bootstrap; exploratory and not multiplicity-adjusted,very small stratum,,
stress,3,stress_design,development,assumption__radius_mixed__noise_deterministic__scale_150,broad_or_stress_assumption,all,immediate,joint,1,0,0,0.0,206.83670600000005,,,1,206.83670600000005,206.83670600000005,1.0,206.83670600000005,-4.196177576905193,pointwise paired bootstrap; exploratory and not multiplicity-adjusted,very small stratum,,
stress,3,stress_design,development,assumption__radius_mixed__noise_deterministic__scale_150,broad_or_stress_assumption,all,scan_then_clear,joint,1,0,0,0.0,-97.61432200000036,,,1,-97.61432200000036,-97.61432200000036,0.0,-97.61432200000036,1.9803401295764433,pointwise paired bootstrap; exploratory and not multiplicity-adjusted,very small stratum,,
stress,3,stress_design,development,assumption__radius_mixed__noise_deterministic__scale_150,broad_or_stress_assumption,deterministic,immediate,joint,1,0,0,0.0,206.83670600000005,,,1,206.83670600000005,206.83670600000005,1.0,206.83670600000005,-4.196177576905193,pointwise paired bootstrap; exploratory and not multiplicity-adjusted,very small stratum,,
stress,3,stress_design,development,assumption__radius_mixed__noise_deterministic__scale_150,broad_or_stress_assumption,deterministic,scan_then_clear,joint,1,0,0,0.0,-97.61432200000036,,,1,-97.61432200000036,-97.61432200000036,0.0,-97.61432200000036,1.9803401295764433,pointwise paired bootstrap; exploratory and not multiplicity-adjusted,very small stratum,,
stress,3,stress_design,all,assumption__radius_mixed__noise_deterministic__scale_300,broad_or_stress_assumption,all,immediate,joint,1,0,0,0.0,1962.4665730000006,,,1,1962.4665730000006,1962.4665730000006,1.0,1962.4665730000006,-37.22796661892177,pointwise paired bootstrap; exploratory and not multiplicity-adjusted,very small stratum,,
stress,3,stress_design,all,assumption__radius_mixed__noise_deterministic__scale_300,broad_or_stress_assumption,all,scan_then_clear,joint,1,0,0,0.0,-198.1804319999992,,,1,-198.1804319999992,-198.1804319999992,0.0,-198.1804319999992,3.7594803440351203,pointwise paired bootstrap; exploratory and not multiplicity-adjusted,very small stratum,,
stress,3,stress_design,all,assumption__radius_mixed__noise_deterministic__scale_300,broad_or_stress_assumption,deterministic,immediate,joint,1,0,0,0.0,1962.4665730000006,,,1,1962.4665730000006,1962.4665730000006,1.0,1962.4665730000006,-37.22796661892177,pointwise paired bootstrap; exploratory and not multiplicity-adjusted,very small stratum,,
stress,3,stress_design,all,assumption__radius_mixed__noise_deterministic__scale_300,broad_or_stress_assumption,deterministic,scan_then_clear,joint,1,0,0,0.0,-198.1804319999992,,,1,-198.1804319999992,-198.1804319999992,0.0,-198.1804319999992,3.7594803440351203,pointwise paired bootstrap; exploratory and not multiplicity-adjusted,very small stratum,,
stress,3,stress_design,development,assumption__radius_mixed__noise_deterministic__scale_300,broad_or_stress_assumption,all,immediate,joint,1,0,0,0.0,1962.4665730000006,,,1,1962.4665730000006,1962.4665730000006,1.0,1962.4665730000006,-37.22796661892177,pointwise paired bootstrap; exploratory and not multiplicity-adjusted,very small stratum,,
stress,3,stress_design,development,assumption__radius_mixed__noise_deterministic__scale_300,broad_or_stress_assumption,all,scan_then_clear,joint,1,0,0,0.0,-198.1804319999992,,,1,-198.1804319999992,-198.1804319999992,0.0,-198.1804319999992,3.7594803440351203,pointwise paired bootstrap; exploratory and not multiplicity-adjusted,very small stratum,,
stress,3,stress_design,development,assumption__radius_mixed__noise_deterministic__scale_300,broad_or_stress_assumption,deterministic,immediate,joint,1,0,0,0.0,1962.4665730000006,,,1,1962.4665730000006,1962.4665730000006,1.0,1962.4665730000006,-37.22796661892177,pointwise paired bootstrap; exploratory and not multiplicity-adjusted,very small stratum,,
stress,3,stress_design,development,assumption__radius_mixed__noise_deterministic__scale_300,broad_or_stress_assumption,deterministic,scan_then_clear,joint,1,0,0,0.0,-198.1804319999992,,,1,-198.1804319999992,-198.1804319999992,0.0,-198.1804319999992,3.7594803440351203,pointwise paired bootstrap; exploratory and not multiplicity-adjusted,very small stratum,,
stress,3,stress_design,all,assumption__radius_mixed__noise_deterministic__scale_75,broad_or_stress_assumption,all,immediate,joint,2,0,0,0.0,698.669852,222.55796499999997,1174.781739,2,698.669852,698.669852,1.0,1174.781739,-13.666782531398084,pointwise paired bootstrap; exploratory and not multiplicity-adjusted,very small stratum,222.55796499999997,1174.781739
stress,3,stress_design,all,assumption__radius_mixed__noise_deterministic__scale_75,broad_or_stress_assumption,all,scan_then_clear,joint,2,0,0,0.0,116.48051549999991,92.95226000000002,140.0087709999998,2,116.48051549999991,116.48051549999991,1.0,140.0087709999998,-2.3104932247955468,pointwise paired bootstrap; exploratory and not multiplicity-adjusted,very small stratum,92.95226000000002,140.0087709999998
stress,3,stress_design,all,assumption__radius_mixed__noise_deterministic__scale_75,broad_or_stress_assumption,deterministic,immediate,joint,2,0,0,0.0,698.669852,222.55796499999997,1174.781739,2,698.669852,698.669852,1.0,1174.781739,-13.666782531398084,pointwise paired bootstrap; exploratory and not multiplicity-adjusted,very small stratum,222.55796499999997,1174.781739
stress,3,stress_design,all,assumption__radius_mixed__noise_deterministic__scale_75,broad_or_stress_assumption,deterministic,scan_then_clear,joint,2,0,0,0.0,116.48051549999991,92.95226000000002,140.0087709999998,2,116.48051549999991,116.48051549999991,1.0,140.0087709999998,-2.3104932247955468,pointwise paired bootstrap; exploratory and not multiplicity-adjusted,very small stratum,92.95226000000002,140.0087709999998
stress,3,stress_design,development,assumption__radius_mixed__noise_deterministic__scale_75,broad_or_stress_assumption,all,immediate,joint,2,0,0,0.0,698.669852,222.55796499999997,1174.781739,2,698.669852,698.669852,1.0,1174.781739,-13.666782531398084,pointwise paired bootstrap; exploratory and not multiplicity-adjusted,very small stratum,222.55796499999997,1174.781739
stress,3,stress_design,development,assumption__radius_mixed__noise_deterministic__scale_75,broad_or_stress_assumption,all,scan_then_clear,joint,2,0,0,0.0,116.48051549999991,92.95226000000002,140.0087709999998,2,116.48051549999991,116.48051549999991,1.0,140.0087709999998,-2.3104932247955468,pointwise paired bootstrap; exploratory and not multiplicity-adjusted,very small stratum,92.95226000000002,140.0087709999998
stress,3,stress_design,development,assumption__radius_mixed__noise_deterministic__scale_75,broad_or_stress_assumption,deterministic,immediate,joint,2,0,0,0.0,698.669852,222.55796499999997,1174.781739,2,698.669852,698.669852,1.0,1174.781739,-13.666782531398084,pointwise paired bootstrap; exploratory and not multiplicity-adjusted,very small stratum,222.55796499999997,1174.781739
stress,3,stress_design,development,assumption__radius_mixed__noise_deterministic__scale_75,broad_or_stress_assumption,deterministic,scan_then_clear,joint,2,0,0,0.0,116.48051549999991,92.95226000000002,140.0087709999998,2,116.48051549999991,116.48051549999991,1.0,140.0087709999998,-2.3104932247955468,pointwise paired bootstrap; exploratory and not multiplicity-adjusted,very small stratum,92.95226000000002,140.0087709999998
stress,3,stress_design,all,assumption__radius_mixed__noise_extreme__scale_150,broad_or_stress_assumption,all,immediate,joint,1,0,0,0.0,2021.794406,,,1,2021.794406,2021.794406,1.0,2021.794406,-52.723886402441906,pointwise paired bootstrap; exploratory and not multiplicity-adjusted,very small stratum,,
stress,3,stress_design,all,assumption__radius_mixed__noise_extreme__scale_150,broad_or_stress_assumption,all,scan_then_clear,joint,1,0,0,0.0,549.2751360000002,,,1,549.2751360000002,549.2751360000002,1.0,549.2751360000002,-14.323869819901875,pointwise paired bootstrap; exploratory and not multiplicity-adjusted,very small stratum,,
stress,3,stress_design,all,assumption__radius_mixed__noise_extreme__scale_150,broad_or_stress_assumption,extreme,immediate,joint,1,0,0,0.0,2021.794406,,,1,2021.794406,2021.794406,1.0,2021.794406,-52.723886402441906,pointwise paired bootstrap; exploratory and not multiplicity-adjusted,very small stratum,,
stress,3,stress_design,all,assumption__radius_mixed__noise_extreme__scale_150,broad_or_stress_assumption,extreme,scan_then_clear,joint,1,0,0,0.0,549.2751360000002,,,1,549.2751360000002,549.2751360000002,1.0,549.2751360000002,-14.323869819901875,pointwise paired bootstrap; exploratory and not multiplicity-adjusted,very small stratum,,
stress,3,stress_design,development,assumption__radius_mixed__noise_extreme__scale_150,broad_or_stress_assumption,all,immediate,joint,1,0,0,0.0,2021.794406,,,1,2021.794406,2021.794406,1.0,2021.794406,-52.723886402441906,pointwise paired bootstrap; exploratory and not multiplicity-adjusted,very small stratum,,
stress,3,stress_design,development,assumption__radius_mixed__noise_extreme__scale_150,broad_or_stress_assumption,all,scan_then_clear,joint,1,0,0,0.0,549.2751360000002,,,1,549.2751360000002,549.2751360000002,1.0,549.2751360000002,-14.323869819901875,pointwise paired bootstrap; exploratory and not multiplicity-adjusted,very small stratum,,
stress,3,stress_design,development,assumption__radius_mixed__noise_extreme__scale_150,broad_or_stress_assumption,extreme,immediate,joint,1,0,0,0.0,2021.794406,,,1,2021.794406,2021.794406,1.0,2021.794406,-52.723886402441906,pointwise paired bootstrap; exploratory and not multiplicity-adjusted,very small stratum,,
stress,3,stress_design,development,assumption__radius_mixed__noise_extreme__scale_150,broad_or_stress_assumption,extreme,scan_then_clear,joint,1,0,0,0.0,549.2751360000002,,,1,549.2751360000002,549.2751360000002,1.0,549.2751360000002,-14.323869819901875,pointwise paired bootstrap; exploratory and not multiplicity-adjusted,very small stratum,,
stress,4,stress_design,all,__design_mixture__,design_mixture_only_not_official_population,all,immediate,joint,32,0,0,0.0,1458.4907514687502,1073.3218861531252,1841.0375498765625,32,1458.4907514687502,1694.3410805000003,0.875,3251.651946,-13.524103402070208,pointwise paired bootstrap; exploratory and not multiplicity-adjusted,,1076.9460160578126,1838.192925283594
stress,4,stress_design,all,__design_mixture__,design_mixture_only_not_official_population,all,scan_then_clear,joint,32,0,0,0.0,441.80159181249985,208.2237742164062,722.9435723195309,32,441.80159181249985,316.6829015000003,0.71875,3756.830363,-5.103738354550076,pointwise paired bootstrap; exploratory and not multiplicity-adjusted,,196.83180351562484,728.7279913656245
stress,4,stress_design,all,__design_mixture__,design_mixture_only_not_official_population,correlated,immediate,joint,9,0,0,0.0,1230.943125777778,648.3393959916668,1849.0816351500002,9,1230.943125777778,1354.2347930000014,0.8888888888888888,2855.872848000001,-11.160926270447204,pointwise paired bootstrap; exploratory and not multiplicity-adjusted,very small stratum,649.6967178777776,1834.2567156194445
stress,4,stress_design,all,__design_mixture__,design_mixture_only_not_official_population,correlated,scan_then_clear,joint,9,0,0,0.0,316.58930688888864,-20.10864244444484,780.463580194444,9,316.58930688888864,104.59784299999956,0.6666666666666666,1837.610385,-2.912870777607202,pointwise paired bootstrap; exploratory and not multiplicity-adjusted,very small stratum,-30.667278577778028,751.7097503666662
stress,4,stress_design,all,__design_mixture__,design_mixture_only_not_official_population,deterministic,immediate,joint,13,0,0,0.0,1986.5662122307695,1330.6387938423084,2530.6250848115387,13,1986.5662122307695,2378.641082,0.8461538461538461,3251.651946,-18.253760992139767,pointwise paired bootstrap; exploratory and not multiplicity-adjusted,very small stratum,1304.187042338462,2554.3317707749998
stress,4,stress_design,all,__design_mixture__,design_mixture_only_not_official_population,deterministic,scan_then_clear,joint,13,0,0,0.0,397.4343891538462,116.2841349019232,695.0887178884616,13,397.4343891538462,461.155804,0.7692307692307693,1240.5003730000008,-3.7322209347519033,pointwise paired bootstrap; exploratory and not multiplicity-adjusted,very small stratum,125.84934085961574,689.2054748230769
stress,4,stress_design,all,__design_mixture__,design_mixture_only_not_official_population,extreme,immediate,joint,10,0,0,0.0,976.7855155999999,399.26108211500014,1529.0035824725,10,976.7855155999999,862.3799094999995,0.9,2175.4732999999997,-9.502407953440482,pointwise paired bootstrap; exploratory and not multiplicity-adjusted,very small stratum,411.60225847250007,1535.5172614374999
stress,4,stress_design,all,__design_mixture__,design_mixture_only_not_official_population,extreme,scan_then_clear,joint,10,0,0,0.0,612.1700116999998,92.21323970250012,1370.6541079799997,10,612.1700116999998,358.45274549999885,0.7,3756.830363,-8.858491819536289,pointwise paired bootstrap; exploratory and not multiplicity-adjusted,very small stratum,88.98302847250004,1344.9739501225
stress,4,stress_design,development,__design_mixture__,design_mixture_only_not_official_population,all,immediate,joint,32,0,0,0.0,1458.4907514687502,1099.35147731875,1839.7415441140622,32,1458.4907514687502,1694.3410805000003,0.875,3251.651946,-13.524103402070208,pointwise paired bootstrap; exploratory and not multiplicity-adjusted,,1061.7803549273438,1843.8052499539062
stress,4,stress_design,development,__design_mixture__,design_mixture_only_not_official_population,all,scan_then_clear,joint,32,0,0,0.0,441.80159181249985,194.91415921015627,740.0327020085934,32,441.80159181249985,316.6829015000003,0.71875,3756.830363,-5.103738354550076,pointwise paired bootstrap; exploratory and not multiplicity-adjusted,,199.96058640312475,724.6188212054683
stress,4,stress_design,development,__design_mixture__,design_mixture_only_not_official_population,correlated,immediate,joint,9,0,0,0.0,1230.943125777778,645.3475721583334,1856.3590861583334,9,1230.943125777778,1354.2347930000014,0.8888888888888888,2855.872848000001,-11.160926270447204,pointwise paired bootstrap; exploratory and not multiplicity-adjusted,very small stratum,652.789028702778,1840.6884957472228
stress,4,stress_design,development,__design_mixture__,design_mixture_only_not_official_population,correlated,scan_then_clear,joint,9,0,0,0.0,316.58930688888864,-23.066904947222444,752.768531327777,9,316.58930688888864,104.59784299999956,0.6666666666666666,1837.610385,-2.912870777607202,pointwise paired bootstrap; exploratory and not multiplicity-adjusted,very small stratum,-8.25867775555556,749.8923134722213
stress,4,stress_design,development,__design_mixture__,design_mixture_only_not_official_population,deterministic,immediate,joint,13,0,0,0.0,1986.5662122307695,1282.848230601924,2570.1604128923077,13,1986.5662122307695,2378.641082,0.8461538461538461,3251.651946,-18.253760992139767,pointwise paired bootstrap; exploratory and not multiplicity-adjusted,very small stratum,1243.2138056230779,2548.6117420980772
stress,4,stress_design,development,__design_mixture__,design_mixture_only_not_official_population,deterministic,scan_then_clear,joint,13,0,0,0.0,397.4343891538462,121.4616974057696,677.3998687826921,13,397.4343891538462,461.155804,0.7692307692307693,1240.5003730000008,-3.7322209347519033,pointwise paired bootstrap; exploratory and not multiplicity-adjusted,very small stratum,91.5077007576924,674.3046879673075
stress,4,stress_design,development,__design_mixture__,design_mixture_only_not_official_population,extreme,immediate,joint,10,0,0,0.0,976.7855155999999,413.8182830700002,1514.0597742150003,10,976.7855155999999,862.3799094999995,0.9,2175.4732999999997,-9.502407953440482,pointwise paired bootstrap; exploratory and not multiplicity-adjusted,very small stratum,415.2527902525001,1509.6659763124997
stress,4,stress_design,development,__design_mixture__,design_mixture_only_not_official_population,extreme,scan_then_clear,joint,10,0,0,0.0,612.1700116999998,98.91416995750002,1377.906692044999,10,612.1700116999998,358.45274549999885,0.7,3756.830363,-8.858491819536289,pointwise paired bootstrap; exploratory and not multiplicity-adjusted,very small stratum,105.87089694000032,1377.0437951374997
stress,4,stress_design,all,assumption__radius_max__noise_correlated__scale_150,broad_or_stress_assumption,all,immediate,joint,1,0,0,0.0,-33.43872300000112,,,1,-33.43872300000112,-33.43872300000112,0.0,-33.43872300000112,0.27475794907625817,pointwise paired bootstrap; exploratory and not multiplicity-adjusted,very small stratum,,
stress,4,stress_design,all,assumption__radius_max__noise_correlated__scale_150,broad_or_stress_assumption,all,scan_then_clear,joint,1,0,0,0.0,-281.0570680000001,,,1,-281.0570680000001,-281.0570680000001,0.0,-281.0570680000001,2.309378368817011,pointwise paired bootstrap; exploratory and not multiplicity-adjusted,very small stratum,,
stress,4,stress_design,all,assumption__radius_max__noise_correlated__scale_150,broad_or_stress_assumption,correlated,immediate,joint,1,0,0,0.0,-33.43872300000112,,,1,-33.43872300000112,-33.43872300000112,0.0,-33.43872300000112,0.27475794907625817,pointwise paired bootstrap; exploratory and not multiplicity-adjusted,very small stratum,,
stress,4,stress_design,all,assumption__radius_max__noise_correlated__scale_150,broad_or_stress_assumption,correlated,scan_then_clear,joint,1,0,0,0.0,-281.0570680000001,,,1,-281.0570680000001,-281.0570680000001,0.0,-281.0570680000001,2.309378368817011,pointwise paired bootstrap; exploratory and not multiplicity-adjusted,very small stratum,,
stress,4,stress_design,development,assumption__radius_max__noise_correlated__scale_150,broad_or_stress_assumption,all,immediate,joint,1,0,0,0.0,-33.43872300000112,,,1,-33.43872300000112,-33.43872300000112,0.0,-33.43872300000112,0.27475794907625817,pointwise paired bootstrap; exploratory and not multiplicity-adjusted,very small stratum,,
stress,4,stress_design,development,assumption__radius_max__noise_correlated__scale_150,broad_or_stress_assumption,all,scan_then_clear,joint,1,0,0,0.0,-281.0570680000001,,,1,-281.0570680000001,-281.0570680000001,0.0,-281.0570680000001,2.309378368817011,pointwise paired bootstrap; exploratory and not multiplicity-adjusted,very small stratum,,
stress,4,stress_design,development,assumption__radius_max__noise_correlated__scale_150,broad_or_stress_assumption,correlated,immediate,joint,1,0,0,0.0,-33.43872300000112,,,1,-33.43872300000112,-33.43872300000112,0.0,-33.43872300000112,0.27475794907625817,pointwise paired bootstrap; exploratory and not multiplicity-adjusted,very small stratum,,
stress,4,stress_design,development,assumption__radius_max__noise_correlated__scale_150,broad_or_stress_assumption,correlated,scan_then_clear,joint,1,0,0,0.0,-281.0570680000001,,,1,-281.0570680000001,-281.0570680000001,0.0,-281.0570680000001,2.309378368817011,pointwise paired bootstrap; exploratory and not multiplicity-adjusted,very small stratum,,
stress,4,stress_design,all,assumption__radius_max__noise_correlated__scale_300,broad_or_stress_assumption,all,immediate,joint,1,0,0,0.0,924.0861110000005,,,1,924.0861110000005,924.0861110000005,1.0,924.0861110000005,-8.860989823223466,pointwise paired bootstrap; exploratory and not multiplicity-adjusted,very small stratum,,
stress,4,stress_design,all,assumption__radius_max__noise_correlated__scale_300,broad_or_stress_assumption,all,scan_then_clear,joint,1,0,0,0.0,299.7610850000001,,,1,299.7610850000001,299.7610850000001,1.0,299.7610850000001,-2.874385722245125,pointwise paired bootstrap; exploratory and not multiplicity-adjusted,very small stratum,,
stress,4,stress_design,all,assumption__radius_max__noise_correlated__scale_300,broad_or_stress_assumption,correlated,immediate,joint,1,0,0,0.0,924.0861110000005,,,1,924.0861110000005,924.0861110000005,1.0,924.0861110000005,-8.860989823223466,pointwise paired bootstrap; exploratory and not multiplicity-adjusted,very small stratum,,
stress,4,stress_design,all,assumption__radius_max__noise_correlated__scale_300,broad_or_stress_assumption,correlated,scan_then_clear,joint,1,0,0,0.0,299.7610850000001,,,1,299.7610850000001,299.7610850000001,1.0,299.7610850000001,-2.874385722245125,pointwise paired bootstrap; exploratory and not multiplicity-adjusted,very small stratum,,
stress,4,stress_design,development,assumption__radius_max__noise_correlated__scale_300,broad_or_stress_assumption,all,immediate,joint,1,0,0,0.0,924.0861110000005,,,1,924.0861110000005,924.0861110000005,1.0,924.0861110000005,-8.860989823223466,pointwise paired bootstrap; exploratory and not multiplicity-adjusted,very small stratum,,
stress,4,stress_design,development,assumption__radius_max__noise_correlated__scale_300,broad_or_stress_assumption,all,scan_then_clear,joint,1,0,0,0.0,299.7610850000001,,,1,299.7610850000001,299.7610850000001,1.0,299.7610850000001,-2.874385722245125,pointwise paired bootstrap; exploratory and not multiplicity-adjusted,very small stratum,,
stress,4,stress_design,development,assumption__radius_max__noise_correlated__scale_300,broad_or_stress_assumption,correlated,immediate,joint,1,0,0,0.0,924.0861110000005,,,1,924.0861110000005,924.0861110000005,1.0,924.0861110000005,-8.860989823223466,pointwise paired bootstrap; exploratory and not multiplicity-adjusted,very small stratum,,
stress,4,stress_design,development,assumption__radius_max__noise_correlated__scale_300,broad_or_stress_assumption,correlated,scan_then_clear,joint,1,0,0,0.0,299.7610850000001,,,1,299.7610850000001,299.7610850000001,1.0,299.7610850000001,-2.874385722245125,pointwise paired bootstrap; exploratory and not multiplicity-adjusted,very small stratum,,
stress,4,stress_design,all,assumption__radius_max__noise_correlated__scale_75,broad_or_stress_assumption,all,immediate,joint,1,0,0,0.0,257.91672599999947,,,1,257.91672599999947,257.91672599999947,1.0,257.91672599999947,-2.8563768832779926,pointwise paired bootstrap; exploratory and not multiplicity-adjusted,very small stratum,,
stress,4,stress_design,all,assumption__radius_max__noise_correlated__scale_75,broad_or_stress_assumption,all,scan_then_clear,joint,1,0,0,0.0,-73.19474900000023,,,1,-73.19474900000023,-73.19474900000023,0.0,-73.19474900000023,0.810617412307475,pointwise paired bootstrap; exploratory and not multiplicity-adjusted,very small stratum,,
stress,4,stress_design,all,assumption__radius_max__noise_correlated__scale_75,broad_or_stress_assumption,correlated,immediate,joint,1,0,0,0.0,257.91672599999947,,,1,257.91672599999947,257.91672599999947,1.0,257.91672599999947,-2.8563768832779926,pointwise paired bootstrap; exploratory and not multiplicity-adjusted,very small stratum,,
stress,4,stress_design,all,assumption__radius_max__noise_correlated__scale_75,broad_or_stress_assumption,correlated,scan_then_clear,joint,1,0,0,0.0,-73.19474900000023,,,1,-73.19474900000023,-73.19474900000023,0.0,-73.19474900000023,0.810617412307475,pointwise paired bootstrap; exploratory and not multiplicity-adjusted,very small stratum,,
stress,4,stress_design,development,assumption__radius_max__noise_correlated__scale_75,broad_or_stress_assumption,all,immediate,joint,1,0,0,0.0,257.91672599999947,,,1,257.91672599999947,257.91672599999947,1.0,257.91672599999947,-2.8563768832779926,pointwise paired bootstrap; exploratory and not multiplicity-adjusted,very small stratum,,
stress,4,stress_design,development,assumption__radius_max__noise_correlated__scale_75,broad_or_stress_assumption,all,scan_then_clear,joint,1,0,0,0.0,-73.19474900000023,,,1,-73.19474900000023,-73.19474900000023,0.0,-73.19474900000023,0.810617412307475,pointwise paired bootstrap; exploratory and not multiplicity-adjusted,very small stratum,,
stress,4,stress_design,development,assumption__radius_max__noise_correlated__scale_75,broad_or_stress_assumption,correlated,immediate,joint,1,0,0,0.0,257.91672599999947,,,1,257.91672599999947,257.91672599999947,1.0,257.91672599999947,-2.8563768832779926,pointwise paired bootstrap; exploratory and not multiplicity-adjusted,very small stratum,,
stress,4,stress_design,development,assumption__radius_max__noise_correlated__scale_75,broad_or_stress_assumption,correlated,scan_then_clear,joint,1,0,0,0.0,-73.19474900000023,,,1,-73.19474900000023,-73.19474900000023,0.0,-73.19474900000023,0.810617412307475,pointwise paired bootstrap; exploratory and not multiplicity-adjusted,very small stratum,,
stress,4,stress_design,all,assumption__radius_max__noise_deterministic__scale_150,broad_or_stress_assumption,all,immediate,joint,1,0,0,0.0,2199.0799640000005,,,1,2199.0799640000005,2199.0799640000005,1.0,2199.0799640000005,-20.234299876668032,pointwise paired bootstrap; exploratory and not multiplicity-adjusted,very small stratum,,
stress,4,stress_design,all,assumption__radius_max__noise_deterministic__scale_150,broad_or_stress_assumption,all,scan_then_clear,joint,1,0,0,0.0,461.155804,,,1,461.155804,461.155804,1.0,461.155804,-4.243213062170369,pointwise paired bootstrap; exploratory and not multiplicity-adjusted,very small stratum,,
stress,4,stress_design,all,assumption__radius_max__noise_deterministic__scale_150,broad_or_stress_assumption,deterministic,immediate,joint,1,0,0,0.0,2199.0799640000005,,,1,2199.0799640000005,2199.0799640000005,1.0,2199.0799640000005,-20.234299876668032,pointwise paired bootstrap; exploratory and not multiplicity-adjusted,very small stratum,,
stress,4,stress_design,all,assumption__radius_max__noise_deterministic__scale_150,broad_or_stress_assumption,deterministic,scan_then_clear,joint,1,0,0,0.0,461.155804,,,1,461.155804,461.155804,1.0,461.155804,-4.243213062170369,pointwise paired bootstrap; exploratory and not multiplicity-adjusted,very small stratum,,
stress,4,stress_design,development,assumption__radius_max__noise_deterministic__scale_150,broad_or_stress_assumption,all,immediate,joint,1,0,0,0.0,2199.0799640000005,,,1,2199.0799640000005,2199.0799640000005,1.0,2199.0799640000005,-20.234299876668032,pointwise paired bootstrap; exploratory and not multiplicity-adjusted,very small stratum,,
stress,4,stress_design,development,assumption__radius_max__noise_deterministic__scale_150,broad_or_stress_assumption,all,scan_then_clear,joint,1,0,0,0.0,461.155804,,,1,461.155804,461.155804,1.0,461.155804,-4.243213062170369,pointwise paired bootstrap; exploratory and not multiplicity-adjusted,very small stratum,,
stress,4,stress_design,development,assumption__radius_max__noise_deterministic__scale_150,broad_or_stress_assumption,deterministic,immediate,joint,1,0,0,0.0,2199.0799640000005,,,1,2199.0799640000005,2199.0799640000005,1.0,2199.0799640000005,-20.234299876668032,pointwise paired bootstrap; exploratory and not multiplicity-adjusted,very small stratum,,
stress,4,stress_design,development,assumption__radius_max__noise_deterministic__scale_150,broad_or_stress_assumption,deterministic,scan_then_clear,joint,1,0,0,0.0,461.155804,,,1,461.155804,461.155804,1.0,461.155804,-4.243213062170369,pointwise paired bootstrap; exploratory and not multiplicity-adjusted,very small stratum,,
stress,4,stress_design,all,assumption__radius_max__noise_deterministic__scale_300,broad_or_stress_assumption,all,immediate,joint,1,0,0,0.0,3251.651946,,,1,3251.651946,3251.651946,1.0,3251.651946,-27.98931600007693,pointwise paired bootstrap; exploratory and not multiplicity-adjusted,very small stratum,,
stress,4,stress_design,all,assumption__radius_max__noise_deterministic__scale_300,broad_or_stress_assumption,all,scan_then_clear,joint,1,0,0,0.0,-522.6980429999985,,,1,-522.6980429999985,-522.6980429999985,0.0,-522.6980429999985,4.49923944539812,pointwise paired bootstrap; exploratory and not multiplicity-adjusted,very small stratum,,
stress,4,stress_design,all,assumption__radius_max__noise_deterministic__scale_300,broad_or_stress_assumption,deterministic,immediate,joint,1,0,0,0.0,3251.651946,,,1,3251.651946,3251.651946,1.0,3251.651946,-27.98931600007693,pointwise paired bootstrap; exploratory and not multiplicity-adjusted,very small stratum,,
stress,4,stress_design,all,assumption__radius_max__noise_deterministic__scale_300,broad_or_stress_assumption,deterministic,scan_then_clear,joint,1,0,0,0.0,-522.6980429999985,,,1,-522.6980429999985,-522.6980429999985,0.0,-522.6980429999985,4.49923944539812,pointwise paired bootstrap; exploratory and not multiplicity-adjusted,very small stratum,,
stress,4,stress_design,development,assumption__radius_max__noise_deterministic__scale_300,broad_or_stress_assumption,all,immediate,joint,1,0,0,0.0,3251.651946,,,1,3251.651946,3251.651946,1.0,3251.651946,-27.98931600007693,pointwise paired bootstrap; exploratory and not multiplicity-adjusted,very small stratum,,
stress,4,stress_design,development,assumption__radius_max__noise_deterministic__scale_300,broad_or_stress_assumption,all,scan_then_clear,joint,1,0,0,0.0,-522.6980429999985,,,1,-522.6980429999985,-522.6980429999985,0.0,-522.6980429999985,4.49923944539812,pointwise paired bootstrap; exploratory and not multiplicity-adjusted,very small stratum,,
stress,4,stress_design,development,assumption__radius_max__noise_deterministic__scale_300,broad_or_stress_assumption,deterministic,immediate,joint,1,0,0,0.0,3251.651946,,,1,3251.651946,3251.651946,1.0,3251.651946,-27.98931600007693,pointwise paired bootstrap; exploratory and not multiplicity-adjusted,very small stratum,,
stress,4,stress_design,development,assumption__radius_max__noise_deterministic__scale_300,broad_or_stress_assumption,deterministic,scan_then_clear,joint,1,0,0,0.0,-522.6980429999985,,,1,-522.6980429999985,-522.6980429999985,0.0,-522.6980429999985,4.49923944539812,pointwise paired bootstrap; exploratory and not multiplicity-adjusted,very small stratum,,
stress,4,stress_design,all,assumption__radius_max__noise_deterministic__scale_75,broad_or_stress_assumption,all,immediate,joint,2,0,0,0.0,2689.8227115,2451.444765,2928.2006579999997,2,2689.8227115,2689.8227115,1.0,2928.2006579999997,-23.524863369723896,pointwise paired bootstrap; exploratory and not multiplicity-adjusted,very small stratum,2451.444765,2928.2006579999997
stress,4,stress_design,all,assumption__radius_max__noise_deterministic__scale_75,broad_or_stress_assumption,all,scan_then_clear,joint,2,0,0,0.0,-101.5985410000003,-311.44284700000026,108.24576499999966,2,-101.5985410000003,-101.5985410000003,0.5,108.24576499999966,0.8769446913357513,pointwise paired bootstrap; exploratory and not multiplicity-adjusted,very small stratum,-311.44284700000026,108.24576499999966
stress,4,stress_design,all,assumption__radius_max__noise_deterministic__scale_75,broad_or_stress_assumption,deterministic,immediate,joint,2,0,0,0.0,2689.8227115,2451.444765,2928.2006579999997,2,2689.8227115,2689.8227115,1.0,2928.2006579999997,-23.524863369723896,pointwise paired bootstrap; exploratory and not multiplicity-adjusted,very small stratum,2451.444765,2928.2006579999997
stress,4,stress_design,all,assumption__radius_max__noise_deterministic__scale_75,broad_or_stress_assumption,deterministic,scan_then_clear,joint,2,0,0,0.0,-101.5985410000003,-311.44284700000026,108.24576499999966,2,-101.5985410000003,-101.5985410000003,0.5,108.24576499999966,0.8769446913357513,pointwise paired bootstrap; exploratory and not multiplicity-adjusted,very small stratum,-311.44284700000026,108.24576499999966
stress,4,stress_design,development,assumption__radius_max__noise_deterministic__scale_75,broad_or_stress_assumption,all,immediate,joint,2,0,0,0.0,2689.8227115,2451.444765,2928.2006579999997,2,2689.8227115,2689.8227115,1.0,2928.2006579999997,-23.524863369723896,pointwise paired bootstrap; exploratory and not multiplicity-adjusted,very small stratum,2451.444765,2928.2006579999997
stress,4,stress_design,development,assumption__radius_max__noise_deterministic__scale_75,broad_or_stress_assumption,all,scan_then_clear,joint,2,0,0,0.0,-101.5985410000003,-311.44284700000026,108.24576499999966,2,-101.5985410000003,-101.5985410000003,0.5,108.24576499999966,0.8769446913357513,pointwise paired bootstrap; exploratory and not multiplicity-adjusted,very small stratum,-311.44284700000026,108.24576499999966
stress,4,stress_design,development,assumption__radius_max__noise_deterministic__scale_75,broad_or_stress_assumption,deterministic,immediate,joint,2,0,0,0.0,2689.8227115,2451.444765,2928.2006579999997,2,2689.8227115,2689.8227115,1.0,2928.2006579999997,-23.524863369723896,pointwise paired bootstrap; exploratory and not multiplicity-adjusted,very small stratum,2451.444765,2928.2006579999997
stress,4,stress_design,development,assumption__radius_max__noise_deterministic__scale_75,broad_or_stress_assumption,deterministic,scan_then_clear,joint,2,0,0,0.0,-101.5985410000003,-311.44284700000026,108.24576499999966,2,-101.5985410000003,-101.5985410000003,0.5,108.24576499999966,0.8769446913357513,pointwise paired bootstrap; exploratory and not multiplicity-adjusted,very small stratum,-311.44284700000026,108.24576499999966
stress,4,stress_design,all,assumption__radius_max__noise_extreme__scale_300,broad_or_stress_assumption,all,immediate,joint,1,0,0,0.0,-613.1923929999994,,,1,-613.1923929999994,-613.1923929999994,0.0,-613.1923929999994,10.44168626960212,pointwise paired bootstrap; exploratory and not multiplicity-adjusted,very small stratum,,
stress,4,stress_design,all,assumption__radius_max__noise_extreme__scale_300,broad_or_stress_assumption,all,scan_then_clear,joint,1,0,0,0.0,3756.830363,,,1,3756.830363,3756.830363,1.0,3756.830363,-63.972815818283465,pointwise paired bootstrap; exploratory and not multiplicity-adjusted,very small stratum,,
stress,4,stress_design,all,assumption__radius_max__noise_extreme__scale_300,broad_or_stress_assumption,extreme,immediate,joint,1,0,0,0.0,-613.1923929999994,,,1,-613.1923929999994,-613.1923929999994,0.0,-613.1923929999994,10.44168626960212,pointwise paired bootstrap; exploratory and not multiplicity-adjusted,very small stratum,,
stress,4,stress_design,all,assumption__radius_max__noise_extreme__scale_300,broad_or_stress_assumption,extreme,scan_then_clear,joint,1,0,0,0.0,3756.830363,,,1,3756.830363,3756.830363,1.0,3756.830363,-63.972815818283465,pointwise paired bootstrap; exploratory and not multiplicity-adjusted,very small stratum,,
stress,4,stress_design,development,assumption__radius_max__noise_extreme__scale_300,broad_or_stress_assumption,all,immediate,joint,1,0,0,0.0,-613.1923929999994,,,1,-613.1923929999994,-613.1923929999994,0.0,-613.1923929999994,10.44168626960212,pointwise paired bootstrap; exploratory and not multiplicity-adjusted,very small stratum,,
stress,4,stress_design,development,assumption__radius_max__noise_extreme__scale_300,broad_or_stress_assumption,all,scan_then_clear,joint,1,0,0,0.0,3756.830363,,,1,3756.830363,3756.830363,1.0,3756.830363,-63.972815818283465,pointwise paired bootstrap; exploratory and not multiplicity-adjusted,very small stratum,,
stress,4,stress_design,development,assumption__radius_max__noise_extreme__scale_300,broad_or_stress_assumption,extreme,immediate,joint,1,0,0,0.0,-613.1923929999994,,,1,-613.1923929999994,-613.1923929999994,0.0,-613.1923929999994,10.44168626960212,pointwise paired bootstrap; exploratory and not multiplicity-adjusted,very small stratum,,
stress,4,stress_design,development,assumption__radius_max__noise_extreme__scale_300,broad_or_stress_assumption,extreme,scan_then_clear,joint,1,0,0,0.0,3756.830363,,,1,3756.830363,3756.830363,1.0,3756.830363,-63.972815818283465,pointwise paired bootstrap; exploratory and not multiplicity-adjusted,very small stratum,,
stress,4,stress_design,all,assumption__radius_max__noise_extreme__scale_75,broad_or_stress_assumption,all,immediate,joint,2,0,0,0.0,1595.7806485,1016.0879970000005,2175.4732999999997,2,1595.7806485,1595.7806485,1.0,2175.4732999999997,-15.741720833364838,pointwise paired bootstrap; exploratory and not multiplicity-adjusted,very small stratum,1016.0879970000005,2175.4732999999997
stress,4,stress_design,all,assumption__radius_max__noise_extreme__scale_75,broad_or_stress_assumption,all,scan_then_clear,joint,2,0,0,0.0,-181.09196699999939,-318.15016599999944,-44.03376799999933,2,-181.09196699999939,-181.09196699999939,0.0,-44.03376799999933,1.7858231542054923,pointwise paired bootstrap; exploratory and not multiplicity-adjusted,very small stratum,-318.15016599999944,-44.03376799999933
stress,4,stress_design,all,assumption__radius_max__noise_extreme__scale_75,broad_or_stress_assumption,extreme,immediate,joint,2,0,0,0.0,1595.7806485,1016.0879970000005,2175.4732999999997,2,1595.7806485,1595.7806485,1.0,2175.4732999999997,-15.741720833364838,pointwise paired bootstrap; exploratory and not multiplicity-adjusted,very small stratum,1016.0879970000005,2175.4732999999997
stress,4,stress_design,all,assumption__radius_max__noise_extreme__scale_75,broad_or_stress_assumption,extreme,scan_then_clear,joint,2,0,0,0.0,-181.09196699999939,-318.15016599999944,-44.03376799999933,2,-181.09196699999939,-181.09196699999939,0.0,-44.03376799999933,1.7858231542054923,pointwise paired bootstrap; exploratory and not multiplicity-adjusted,very small stratum,-318.15016599999944,-44.03376799999933
stress,4,stress_design,development,assumption__radius_max__noise_extreme__scale_75,broad_or_stress_assumption,all,immediate,joint,2,0,0,0.0,1595.7806485,1016.0879970000005,2175.4732999999997,2,1595.7806485,1595.7806485,1.0,2175.4732999999997,-15.741720833364838,pointwise paired bootstrap; exploratory and not multiplicity-adjusted,very small stratum,1016.0879970000005,2175.4732999999997
stress,4,stress_design,development,assumption__radius_max__noise_extreme__scale_75,broad_or_stress_assumption,all,scan_then_clear,joint,2,0,0,0.0,-181.09196699999939,-318.15016599999944,-44.03376799999933,2,-181.09196699999939,-181.09196699999939,0.0,-44.03376799999933,1.7858231542054923,pointwise paired bootstrap; exploratory and not multiplicity-adjusted,very small stratum,-318.15016599999944,-44.03376799999933
stress,4,stress_design,development,assumption__radius_max__noise_extreme__scale_75,broad_or_stress_assumption,extreme,immediate,joint,2,0,0,0.0,1595.7806485,1016.0879970000005,2175.4732999999997,2,1595.7806485,1595.7806485,1.0,2175.4732999999997,-15.741720833364838,pointwise paired bootstrap; exploratory and not multiplicity-adjusted,very small stratum,1016.0879970000005,2175.4732999999997
stress,4,stress_design,development,assumption__radius_max__noise_extreme__scale_75,broad_or_stress_assumption,extreme,scan_then_clear,joint,2,0,0,0.0,-181.09196699999939,-318.15016599999944,-44.03376799999933,2,-181.09196699999939,-181.09196699999939,0.0,-44.03376799999933,1.7858231542054923,pointwise paired bootstrap; exploratory and not multiplicity-adjusted,very small stratum,-318.15016599999944,-44.03376799999933
stress,4,stress_design,all,assumption__radius_min__noise_correlated__scale_150,broad_or_stress_assumption,all,immediate,joint,1,0,0,0.0,1429.3885769999997,,,1,1429.3885769999997,1429.3885769999997,1.0,1429.3885769999997,-12.942546650456393,pointwise paired bootstrap; exploratory and not multiplicity-adjusted,very small stratum,,
stress,4,stress_design,all,assumption__radius_min__noise_correlated__scale_150,broad_or_stress_assumption,all,scan_then_clear,joint,1,0,0,0.0,415.7862269999987,,,1,415.7862269999987,415.7862269999987,1.0,415.7862269999987,-3.764779379207769,pointwise paired bootstrap; exploratory and not multiplicity-adjusted,very small stratum,,
stress,4,stress_design,all,assumption__radius_min__noise_correlated__scale_150,broad_or_stress_assumption,correlated,immediate,joint,1,0,0,0.0,1429.3885769999997,,,1,1429.3885769999997,1429.3885769999997,1.0,1429.3885769999997,-12.942546650456393,pointwise paired bootstrap; exploratory and not multiplicity-adjusted,very small stratum,,
stress,4,stress_design,all,assumption__radius_min__noise_correlated__scale_150,broad_or_stress_assumption,correlated,scan_then_clear,joint,1,0,0,0.0,415.7862269999987,,,1,415.7862269999987,415.7862269999987,1.0,415.7862269999987,-3.764779379207769,pointwise paired bootstrap; exploratory and not multiplicity-adjusted,very small stratum,,
stress,4,stress_design,development,assumption__radius_min__noise_correlated__scale_150,broad_or_stress_assumption,all,immediate,joint,1,0,0,0.0,1429.3885769999997,,,1,1429.3885769999997,1429.3885769999997,1.0,1429.3885769999997,-12.942546650456393,pointwise paired bootstrap; exploratory and not multiplicity-adjusted,very small stratum,,
stress,4,stress_design,development,assumption__radius_min__noise_correlated__scale_150,broad_or_stress_assumption,all,scan_then_clear,joint,1,0,0,0.0,415.7862269999987,,,1,415.7862269999987,415.7862269999987,1.0,415.7862269999987,-3.764779379207769,pointwise paired bootstrap; exploratory and not multiplicity-adjusted,very small stratum,,
stress,4,stress_design,development,assumption__radius_min__noise_correlated__scale_150,broad_or_stress_assumption,correlated,immediate,joint,1,0,0,0.0,1429.3885769999997,,,1,1429.3885769999997,1429.3885769999997,1.0,1429.3885769999997,-12.942546650456393,pointwise paired bootstrap; exploratory and not multiplicity-adjusted,very small stratum,,
stress,4,stress_design,development,assumption__radius_min__noise_correlated__scale_150,broad_or_stress_assumption,correlated,scan_then_clear,joint,1,0,0,0.0,415.7862269999987,,,1,415.7862269999987,415.7862269999987,1.0,415.7862269999987,-3.764779379207769,pointwise paired bootstrap; exploratory and not multiplicity-adjusted,very small stratum,,
stress,4,stress_design,all,assumption__radius_min__noise_correlated__scale_300,broad_or_stress_assumption,all,immediate,joint,1,0,0,0.0,2219.200465,,,1,2219.200465,2219.200465,1.0,2219.200465,-20.12924986087693,pointwise paired bootstrap; exploratory and not multiplicity-adjusted,very small stratum,,
stress,4,stress_design,all,assumption__radius_min__noise_correlated__scale_300,broad_or_stress_assumption,all,scan_then_clear,joint,1,0,0,0.0,104.59784299999956,,,1,104.59784299999956,104.59784299999956,1.0,104.59784299999956,-0.9487543598977066,pointwise paired bootstrap; exploratory and not multiplicity-adjusted,very small stratum,,
stress,4,stress_design,all,assumption__radius_min__noise_correlated__scale_300,broad_or_stress_assumption,correlated,immediate,joint,1,0,0,0.0,2219.200465,,,1,2219.200465,2219.200465,1.0,2219.200465,-20.12924986087693,pointwise paired bootstrap; exploratory and not multiplicity-adjusted,very small stratum,,
stress,4,stress_design,all,assumption__radius_min__noise_correlated__scale_300,broad_or_stress_assumption,correlated,scan_then_clear,joint,1,0,0,0.0,104.59784299999956,,,1,104.59784299999956,104.59784299999956,1.0,104.59784299999956,-0.9487543598977066,pointwise paired bootstrap; exploratory and not multiplicity-adjusted,very small stratum,,
stress,4,stress_design,development,assumption__radius_min__noise_correlated__scale_300,broad_or_stress_assumption,all,immediate,joint,1,0,0,0.0,2219.200465,,,1,2219.200465,2219.200465,1.0,2219.200465,-20.12924986087693,pointwise paired bootstrap; exploratory and not multiplicity-adjusted,very small stratum,,
stress,4,stress_design,development,assumption__radius_min__noise_correlated__scale_300,broad_or_stress_assumption,all,scan_then_clear,joint,1,0,0,0.0,104.59784299999956,,,1,104.59784299999956,104.59784299999956,1.0,104.59784299999956,-0.9487543598977066,pointwise paired bootstrap; exploratory and not multiplicity-adjusted,very small stratum,,
stress,4,stress_design,development,assumption__radius_min__noise_correlated__scale_300,broad_or_stress_assumption,correlated,immediate,joint,1,0,0,0.0,2219.200465,,,1,2219.200465,2219.200465,1.0,2219.200465,-20.12924986087693,pointwise paired bootstrap; exploratory and not multiplicity-adjusted,very small stratum,,
stress,4,stress_design,development,assumption__radius_min__noise_correlated__scale_300,broad_or_stress_assumption,correlated,scan_then_clear,joint,1,0,0,0.0,104.59784299999956,,,1,104.59784299999956,104.59784299999956,1.0,104.59784299999956,-0.9487543598977066,pointwise paired bootstrap; exploratory and not multiplicity-adjusted,very small stratum,,
stress,4,stress_design,all,assumption__radius_min__noise_correlated__scale_75,broad_or_stress_assumption,all,immediate,joint,1,0,0,0.0,1354.2347930000014,,,1,1354.2347930000014,1354.2347930000014,1.0,1354.2347930000014,-11.643385890985542,pointwise paired bootstrap; exploratory and not multiplicity-adjusted,very small stratum,,
stress,4,stress_design,all,assumption__radius_min__noise_correlated__scale_75,broad_or_stress_assumption,all,scan_then_clear,joint,1,0,0,0.0,746.5821649999998,,,1,746.5821649999998,746.5821649999998,1.0,746.5821649999998,-6.418934361570806,pointwise paired bootstrap; exploratory and not multiplicity-adjusted,very small stratum,,
stress,4,stress_design,all,assumption__radius_min__noise_correlated__scale_75,broad_or_stress_assumption,correlated,immediate,joint,1,0,0,0.0,1354.2347930000014,,,1,1354.2347930000014,1354.2347930000014,1.0,1354.2347930000014,-11.643385890985542,pointwise paired bootstrap; exploratory and not multiplicity-adjusted,very small stratum,,
stress,4,stress_design,all,assumption__radius_min__noise_correlated__scale_75,broad_or_stress_assumption,correlated,scan_then_clear,joint,1,0,0,0.0,746.5821649999998,,,1,746.5821649999998,746.5821649999998,1.0,746.5821649999998,-6.418934361570806,pointwise paired bootstrap; exploratory and not multiplicity-adjusted,very small stratum,,
stress,4,stress_design,development,assumption__radius_min__noise_correlated__scale_75,broad_or_stress_assumption,all,immediate,joint,1,0,0,0.0,1354.2347930000014,,,1,1354.2347930000014,1354.2347930000014,1.0,1354.2347930000014,-11.643385890985542,pointwise paired bootstrap; exploratory and not multiplicity-adjusted,very small stratum,,
stress,4,stress_design,development,assumption__radius_min__noise_correlated__scale_75,broad_or_stress_assumption,all,scan_then_clear,joint,1,0,0,0.0,746.5821649999998,,,1,746.5821649999998,746.5821649999998,1.0,746.5821649999998,-6.418934361570806,pointwise paired bootstrap; exploratory and not multiplicity-adjusted,very small stratum,,
stress,4,stress_design,development,assumption__radius_min__noise_correlated__scale_75,broad_or_stress_assumption,correlated,immediate,joint,1,0,0,0.0,1354.2347930000014,,,1,1354.2347930000014,1354.2347930000014,1.0,1354.2347930000014,-11.643385890985542,pointwise paired bootstrap; exploratory and not multiplicity-adjusted,very small stratum,,
stress,4,stress_design,development,assumption__radius_min__noise_correlated__scale_75,broad_or_stress_assumption,correlated,scan_then_clear,joint,1,0,0,0.0,746.5821649999998,,,1,746.5821649999998,746.5821649999998,1.0,746.5821649999998,-6.418934361570806,pointwise paired bootstrap; exploratory and not multiplicity-adjusted,very small stratum,,
stress,4,stress_design,all,assumption__radius_min__noise_deterministic__scale_150,broad_or_stress_assumption,all,immediate,joint,2,0,0,0.0,993.7869920000012,-799.9485919999988,2787.522576000001,2,993.7869920000012,993.7869920000012,0.5,2787.522576000001,-10.154579570904186,pointwise paired bootstrap; exploratory and not multiplicity-adjusted,very small stratum,-799.9485919999988,2787.522576000001
stress,4,stress_design,all,assumption__radius_min__noise_deterministic__scale_150,broad_or_stress_assumption,all,scan_then_clear,joint,2,0,0,0.0,361.5008910000006,-264.6394999999993,987.6412820000005,2,361.5008910000006,361.5008910000006,0.5,987.6412820000005,-3.6787838470647576,pointwise paired bootstrap; exploratory and not multiplicity-adjusted,very small stratum,-264.6394999999993,987.6412820000005
stress,4,stress_design,all,assumption__radius_min__noise_deterministic__scale_150,broad_or_stress_assumption,deterministic,immediate,joint,2,0,0,0.0,993.7869920000012,-799.9485919999988,2787.522576000001,2,993.7869920000012,993.7869920000012,0.5,2787.522576000001,-10.154579570904186,pointwise paired bootstrap; exploratory and not multiplicity-adjusted,very small stratum,-799.9485919999988,2787.522576000001
stress,4,stress_design,all,assumption__radius_min__noise_deterministic__scale_150,broad_or_stress_assumption,deterministic,scan_then_clear,joint,2,0,0,0.0,361.5008910000006,-264.6394999999993,987.6412820000005,2,361.5008910000006,361.5008910000006,0.5,987.6412820000005,-3.6787838470647576,pointwise paired bootstrap; exploratory and not multiplicity-adjusted,very small stratum,-264.6394999999993,987.6412820000005
stress,4,stress_design,development,assumption__radius_min__noise_deterministic__scale_150,broad_or_stress_assumption,all,immediate,joint,2,0,0,0.0,993.7869920000012,-799.9485919999988,2787.522576000001,2,993.7869920000012,993.7869920000012,0.5,2787.522576000001,-10.154579570904186,pointwise paired bootstrap; exploratory and not multiplicity-adjusted,very small stratum,-799.9485919999988,2787.522576000001
stress,4,stress_design,development,assumption__radius_min__noise_deterministic__scale_150,broad_or_stress_assumption,all,scan_then_clear,joint,2,0,0,0.0,361.5008910000006,-264.6394999999993,987.6412820000005,2,361.5008910000006,361.5008910000006,0.5,987.6412820000005,-3.6787838470647576,pointwise paired bootstrap; exploratory and not multiplicity-adjusted,very small stratum,-264.6394999999993,987.6412820000005
stress,4,stress_design,development,assumption__radius_min__noise_deterministic__scale_150,broad_or_stress_assumption,deterministic,immediate,joint,2,0,0,0.0,993.7869920000012,-799.9485919999988,2787.522576000001,2,993.7869920000012,993.7869920000012,0.5,2787.522576000001,-10.154579570904186,pointwise paired bootstrap; exploratory and not multiplicity-adjusted,very small stratum,-799.9485919999988,2787.522576000001
stress,4,stress_design,development,assumption__radius_min__noise_deterministic__scale_150,broad_or_stress_assumption,deterministic,scan_then_clear,joint,2,0,0,0.0,361.5008910000006,-264.6394999999993,987.6412820000005,2,361.5008910000006,361.5008910000006,0.5,987.6412820000005,-3.6787838470647576,pointwise paired bootstrap; exploratory and not multiplicity-adjusted,very small stratum,-264.6394999999993,987.6412820000005
stress,4,stress_design,all,assumption__radius_min__noise_deterministic__scale_300,broad_or_stress_assumption,all,immediate,joint,1,0,0,0.0,1870.0725669999993,,,1,1870.0725669999993,1870.0725669999993,1.0,1870.0725669999993,-17.02594493546709,pointwise paired bootstrap; exploratory and not multiplicity-adjusted,very small stratum,,
stress,4,stress_design,all,assumption__radius_min__noise_deterministic__scale_300,broad_or_stress_assumption,all,scan_then_clear,joint,1,0,0,0.0,622.334832999999,,,1,622.334832999999,622.334832999999,1.0,622.334832999999,-5.666003974957564,pointwise paired bootstrap; exploratory and not multiplicity-adjusted,very small stratum,,
stress,4,stress_design,all,assumption__radius_min__noise_deterministic__scale_300,broad_or_stress_assumption,deterministic,immediate,joint,1,0,0,0.0,1870.0725669999993,,,1,1870.0725669999993,1870.0725669999993,1.0,1870.0725669999993,-17.02594493546709,pointwise paired bootstrap; exploratory and not multiplicity-adjusted,very small stratum,,
stress,4,stress_design,all,assumption__radius_min__noise_deterministic__scale_300,broad_or_stress_assumption,deterministic,scan_then_clear,joint,1,0,0,0.0,622.334832999999,,,1,622.334832999999,622.334832999999,1.0,622.334832999999,-5.666003974957564,pointwise paired bootstrap; exploratory and not multiplicity-adjusted,very small stratum,,
stress,4,stress_design,development,assumption__radius_min__noise_deterministic__scale_300,broad_or_stress_assumption,all,immediate,joint,1,0,0,0.0,1870.0725669999993,,,1,1870.0725669999993,1870.0725669999993,1.0,1870.0725669999993,-17.02594493546709,pointwise paired bootstrap; exploratory and not multiplicity-adjusted,very small stratum,,
stress,4,stress_design,development,assumption__radius_min__noise_deterministic__scale_300,broad_or_stress_assumption,all,scan_then_clear,joint,1,0,0,0.0,622.334832999999,,,1,622.334832999999,622.334832999999,1.0,622.334832999999,-5.666003974957564,pointwise paired bootstrap; exploratory and not multiplicity-adjusted,very small stratum,,
stress,4,stress_design,development,assumption__radius_min__noise_deterministic__scale_300,broad_or_stress_assumption,deterministic,immediate,joint,1,0,0,0.0,1870.0725669999993,,,1,1870.0725669999993,1870.0725669999993,1.0,1870.0725669999993,-17.02594493546709,pointwise paired bootstrap; exploratory and not multiplicity-adjusted,very small stratum,,
stress,4,stress_design,development,assumption__radius_min__noise_deterministic__scale_300,broad_or_stress_assumption,deterministic,scan_then_clear,joint,1,0,0,0.0,622.334832999999,,,1,622.334832999999,622.334832999999,1.0,622.334832999999,-5.666003974957564,pointwise paired bootstrap; exploratory and not multiplicity-adjusted,very small stratum,,
stress,4,stress_design,all,assumption__radius_min__noise_deterministic__scale_75,broad_or_stress_assumption,all,immediate,joint,2,0,0,0.0,637.4056610000007,-282.9347609999986,1557.746083,2,637.4056610000007,637.4056610000007,0.5,1557.746083,-6.114034038072658,pointwise paired bootstrap; exploratory and not multiplicity-adjusted,very small stratum,-282.9347609999986,1557.746083
stress,4,stress_design,all,assumption__radius_min__noise_deterministic__scale_75,broad_or_stress_assumption,all,scan_then_clear,joint,2,0,0,0.0,868.3691155000006,496.2378580000004,1240.5003730000008,2,868.3691155000006,868.3691155000006,1.0,1240.5003730000008,-7.710491608446902,pointwise paired bootstrap; exploratory and not multiplicity-adjusted,very small stratum,496.2378580000004,1240.5003730000008
stress,4,stress_design,all,assumption__radius_min__noise_deterministic__scale_75,broad_or_stress_assumption,deterministic,immediate,joint,2,0,0,0.0,637.4056610000007,-282.9347609999986,1557.746083,2,637.4056610000007,637.4056610000007,0.5,1557.746083,-6.114034038072658,pointwise paired bootstrap; exploratory and not multiplicity-adjusted,very small stratum,-282.9347609999986,1557.746083
stress,4,stress_design,all,assumption__radius_min__noise_deterministic__scale_75,broad_or_stress_assumption,deterministic,scan_then_clear,joint,2,0,0,0.0,868.3691155000006,496.2378580000004,1240.5003730000008,2,868.3691155000006,868.3691155000006,1.0,1240.5003730000008,-7.710491608446902,pointwise paired bootstrap; exploratory and not multiplicity-adjusted,very small stratum,496.2378580000004,1240.5003730000008
stress,4,stress_design,development,assumption__radius_min__noise_deterministic__scale_75,broad_or_stress_assumption,all,immediate,joint,2,0,0,0.0,637.4056610000007,-282.9347609999986,1557.746083,2,637.4056610000007,637.4056610000007,0.5,1557.746083,-6.114034038072658,pointwise paired bootstrap; exploratory and not multiplicity-adjusted,very small stratum,-282.9347609999986,1557.746083
stress,4,stress_design,development,assumption__radius_min__noise_deterministic__scale_75,broad_or_stress_assumption,all,scan_then_clear,joint,2,0,0,0.0,868.3691155000006,496.2378580000004,1240.5003730000008,2,868.3691155000006,868.3691155000006,1.0,1240.5003730000008,-7.710491608446902,pointwise paired bootstrap; exploratory and not multiplicity-adjusted,very small stratum,496.2378580000004,1240.5003730000008
stress,4,stress_design,development,assumption__radius_min__noise_deterministic__scale_75,broad_or_stress_assumption,deterministic,immediate,joint,2,0,0,0.0,637.4056610000007,-282.9347609999986,1557.746083,2,637.4056610000007,637.4056610000007,0.5,1557.746083,-6.114034038072658,pointwise paired bootstrap; exploratory and not multiplicity-adjusted,very small stratum,-282.9347609999986,1557.746083
stress,4,stress_design,development,assumption__radius_min__noise_deterministic__scale_75,broad_or_stress_assumption,deterministic,scan_then_clear,joint,2,0,0,0.0,868.3691155000006,496.2378580000004,1240.5003730000008,2,868.3691155000006,868.3691155000006,1.0,1240.5003730000008,-7.710491608446902,pointwise paired bootstrap; exploratory and not multiplicity-adjusted,very small stratum,496.2378580000004,1240.5003730000008
stress,4,stress_design,all,assumption__radius_min__noise_extreme__scale_150,broad_or_stress_assumption,all,immediate,joint,1,0,0,0.0,1401.498520000001,,,1,1401.498520000001,1401.498520000001,1.0,1401.498520000001,-13.588742359627986,pointwise paired bootstrap; exploratory and not multiplicity-adjusted,very small stratum,,
stress,4,stress_design,all,assumption__radius_min__noise_extreme__scale_150,broad_or_stress_assumption,all,scan_then_clear,joint,1,0,0,0.0,-71.77438799999982,,,1,-71.77438799999982,-71.77438799999982,0.0,-71.77438799999982,0.6959148744245348,pointwise paired bootstrap; exploratory and not multiplicity-adjusted,very small stratum,,
stress,4,stress_design,all,assumption__radius_min__noise_extreme__scale_150,broad_or_stress_assumption,extreme,immediate,joint,1,0,0,0.0,1401.498520000001,,,1,1401.498520000001,1401.498520000001,1.0,1401.498520000001,-13.588742359627986,pointwise paired bootstrap; exploratory and not multiplicity-adjusted,very small stratum,,
stress,4,stress_design,all,assumption__radius_min__noise_extreme__scale_150,broad_or_stress_assumption,extreme,scan_then_clear,joint,1,0,0,0.0,-71.77438799999982,,,1,-71.77438799999982,-71.77438799999982,0.0,-71.77438799999982,0.6959148744245348,pointwise paired bootstrap; exploratory and not multiplicity-adjusted,very small stratum,,
stress,4,stress_design,development,assumption__radius_min__noise_extreme__scale_150,broad_or_stress_assumption,all,immediate,joint,1,0,0,0.0,1401.498520000001,,,1,1401.498520000001,1401.498520000001,1.0,1401.498520000001,-13.588742359627986,pointwise paired bootstrap; exploratory and not multiplicity-adjusted,very small stratum,,
stress,4,stress_design,development,assumption__radius_min__noise_extreme__scale_150,broad_or_stress_assumption,all,scan_then_clear,joint,1,0,0,0.0,-71.77438799999982,,,1,-71.77438799999982,-71.77438799999982,0.0,-71.77438799999982,0.6959148744245348,pointwise paired bootstrap; exploratory and not multiplicity-adjusted,very small stratum,,
stress,4,stress_design,development,assumption__radius_min__noise_extreme__scale_150,broad_or_stress_assumption,extreme,immediate,joint,1,0,0,0.0,1401.498520000001,,,1,1401.498520000001,1401.498520000001,1.0,1401.498520000001,-13.588742359627986,pointwise paired bootstrap; exploratory and not multiplicity-adjusted,very small stratum,,
stress,4,stress_design,development,assumption__radius_min__noise_extreme__scale_150,broad_or_stress_assumption,extreme,scan_then_clear,joint,1,0,0,0.0,-71.77438799999982,,,1,-71.77438799999982,-71.77438799999982,0.0,-71.77438799999982,0.6959148744245348,pointwise paired bootstrap; exploratory and not multiplicity-adjusted,very small stratum,,
stress,4,stress_design,all,assumption__radius_min__noise_extreme__scale_300,broad_or_stress_assumption,all,immediate,joint,1,0,0,0.0,341.9951869999986,,,1,341.9951869999986,341.9951869999986,1.0,341.9951869999986,-3.4401470679383914,pointwise paired bootstrap; exploratory and not multiplicity-adjusted,very small stratum,,
stress,4,stress_design,all,assumption__radius_min__noise_extreme__scale_300,broad_or_stress_assumption,all,scan_then_clear,joint,1,0,0,0.0,630.1006339999985,,,1,630.1006339999985,630.1006339999985,1.0,630.1006339999985,-6.3382144865133005,pointwise paired bootstrap; exploratory and not multiplicity-adjusted,very small stratum,,
stress,4,stress_design,all,assumption__radius_min__noise_extreme__scale_300,broad_or_stress_assumption,extreme,immediate,joint,1,0,0,0.0,341.9951869999986,,,1,341.9951869999986,341.9951869999986,1.0,341.9951869999986,-3.4401470679383914,pointwise paired bootstrap; exploratory and not multiplicity-adjusted,very small stratum,,
stress,4,stress_design,all,assumption__radius_min__noise_extreme__scale_300,broad_or_stress_assumption,extreme,scan_then_clear,joint,1,0,0,0.0,630.1006339999985,,,1,630.1006339999985,630.1006339999985,1.0,630.1006339999985,-6.3382144865133005,pointwise paired bootstrap; exploratory and not multiplicity-adjusted,very small stratum,,
stress,4,stress_design,development,assumption__radius_min__noise_extreme__scale_300,broad_or_stress_assumption,all,immediate,joint,1,0,0,0.0,341.9951869999986,,,1,341.9951869999986,341.9951869999986,1.0,341.9951869999986,-3.4401470679383914,pointwise paired bootstrap; exploratory and not multiplicity-adjusted,very small stratum,,
stress,4,stress_design,development,assumption__radius_min__noise_extreme__scale_300,broad_or_stress_assumption,all,scan_then_clear,joint,1,0,0,0.0,630.1006339999985,,,1,630.1006339999985,630.1006339999985,1.0,630.1006339999985,-6.3382144865133005,pointwise paired bootstrap; exploratory and not multiplicity-adjusted,very small stratum,,
stress,4,stress_design,development,assumption__radius_min__noise_extreme__scale_300,broad_or_stress_assumption,extreme,immediate,joint,1,0,0,0.0,341.9951869999986,,,1,341.9951869999986,341.9951869999986,1.0,341.9951869999986,-3.4401470679383914,pointwise paired bootstrap; exploratory and not multiplicity-adjusted,very small stratum,,
stress,4,stress_design,development,assumption__radius_min__noise_extreme__scale_300,broad_or_stress_assumption,extreme,scan_then_clear,joint,1,0,0,0.0,630.1006339999985,,,1,630.1006339999985,630.1006339999985,1.0,630.1006339999985,-6.3382144865133005,pointwise paired bootstrap; exploratory and not multiplicity-adjusted,very small stratum,,
stress,4,stress_design,all,assumption__radius_min__noise_extreme__scale_75,broad_or_stress_assumption,all,immediate,joint,1,0,0,0.0,708.6718219999984,,,1,708.6718219999984,708.6718219999984,1.0,708.6718219999984,-6.808846500725692,pointwise paired bootstrap; exploratory and not multiplicity-adjusted,very small stratum,,
stress,4,stress_design,all,assumption__radius_min__noise_extreme__scale_75,broad_or_stress_assumption,all,scan_then_clear,joint,1,0,0,0.0,487.3981699999986,,,1,487.3981699999986,487.3981699999986,1.0,487.3981699999986,-4.68287184736492,pointwise paired bootstrap; exploratory and not multiplicity-adjusted,very small stratum,,
stress,4,stress_design,all,assumption__radius_min__noise_extreme__scale_75,broad_or_stress_assumption,extreme,immediate,joint,1,0,0,0.0,708.6718219999984,,,1,708.6718219999984,708.6718219999984,1.0,708.6718219999984,-6.808846500725692,pointwise paired bootstrap; exploratory and not multiplicity-adjusted,very small stratum,,
stress,4,stress_design,all,assumption__radius_min__noise_extreme__scale_75,broad_or_stress_assumption,extreme,scan_then_clear,joint,1,0,0,0.0,487.3981699999986,,,1,487.3981699999986,487.3981699999986,1.0,487.3981699999986,-4.68287184736492,pointwise paired bootstrap; exploratory and not multiplicity-adjusted,very small stratum,,
stress,4,stress_design,development,assumption__radius_min__noise_extreme__scale_75,broad_or_stress_assumption,all,immediate,joint,1,0,0,0.0,708.6718219999984,,,1,708.6718219999984,708.6718219999984,1.0,708.6718219999984,-6.808846500725692,pointwise paired bootstrap; exploratory and not multiplicity-adjusted,very small stratum,,
stress,4,stress_design,development,assumption__radius_min__noise_extreme__scale_75,broad_or_stress_assumption,all,scan_then_clear,joint,1,0,0,0.0,487.3981699999986,,,1,487.3981699999986,487.3981699999986,1.0,487.3981699999986,-4.68287184736492,pointwise paired bootstrap; exploratory and not multiplicity-adjusted,very small stratum,,
stress,4,stress_design,development,assumption__radius_min__noise_extreme__scale_75,broad_or_stress_assumption,extreme,immediate,joint,1,0,0,0.0,708.6718219999984,,,1,708.6718219999984,708.6718219999984,1.0,708.6718219999984,-6.808846500725692,pointwise paired bootstrap; exploratory and not multiplicity-adjusted,very small stratum,,
stress,4,stress_design,development,assumption__radius_min__noise_extreme__scale_75,broad_or_stress_assumption,extreme,scan_then_clear,joint,1,0,0,0.0,487.3981699999986,,,1,487.3981699999986,487.3981699999986,1.0,487.3981699999986,-4.68287184736492,pointwise paired bootstrap; exploratory and not multiplicity-adjusted,very small stratum,,
stress,4,stress_design,all,assumption__radius_mixed__noise_correlated__scale_300,broad_or_stress_assumption,all,immediate,joint,1,0,0,0.0,1830.9360780000006,,,1,1830.9360780000006,1830.9360780000006,1.0,1830.9360780000006,-16.966950112407325,pointwise paired bootstrap; exploratory and not multiplicity-adjusted,very small stratum,,
stress,4,stress_design,all,assumption__radius_mixed__noise_correlated__scale_300,broad_or_stress_assumption,all,scan_then_clear,joint,1,0,0,0.0,1837.610385,,,1,1837.610385,1837.610385,1.0,1837.610385,-17.028799695942528,pointwise paired bootstrap; exploratory and not multiplicity-adjusted,very small stratum,,
stress,4,stress_design,all,assumption__radius_mixed__noise_correlated__scale_300,broad_or_stress_assumption,correlated,immediate,joint,1,0,0,0.0,1830.9360780000006,,,1,1830.9360780000006,1830.9360780000006,1.0,1830.9360780000006,-16.966950112407325,pointwise paired bootstrap; exploratory and not multiplicity-adjusted,very small stratum,,
stress,4,stress_design,all,assumption__radius_mixed__noise_correlated__scale_300,broad_or_stress_assumption,correlated,scan_then_clear,joint,1,0,0,0.0,1837.610385,,,1,1837.610385,1837.610385,1.0,1837.610385,-17.028799695942528,pointwise paired bootstrap; exploratory and not multiplicity-adjusted,very small stratum,,
stress,4,stress_design,development,assumption__radius_mixed__noise_correlated__scale_300,broad_or_stress_assumption,all,immediate,joint,1,0,0,0.0,1830.9360780000006,,,1,1830.9360780000006,1830.9360780000006,1.0,1830.9360780000006,-16.966950112407325,pointwise paired bootstrap; exploratory and not multiplicity-adjusted,very small stratum,,
stress,4,stress_design,development,assumption__radius_mixed__noise_correlated__scale_300,broad_or_stress_assumption,all,scan_then_clear,joint,1,0,0,0.0,1837.610385,,,1,1837.610385,1837.610385,1.0,1837.610385,-17.028799695942528,pointwise paired bootstrap; exploratory and not multiplicity-adjusted,very small stratum,,
stress,4,stress_design,development,assumption__radius_mixed__noise_correlated__scale_300,broad_or_stress_assumption,correlated,immediate,joint,1,0,0,0.0,1830.9360780000006,,,1,1830.9360780000006,1830.9360780000006,1.0,1830.9360780000006,-16.966950112407325,pointwise paired bootstrap; exploratory and not multiplicity-adjusted,very small stratum,,
stress,4,stress_design,development,assumption__radius_mixed__noise_correlated__scale_300,broad_or_stress_assumption,correlated,scan_then_clear,joint,1,0,0,0.0,1837.610385,,,1,1837.610385,1837.610385,1.0,1837.610385,-17.028799695942528,pointwise paired bootstrap; exploratory and not multiplicity-adjusted,very small stratum,,
stress,4,stress_design,all,assumption__radius_mixed__noise_correlated__scale_75,broad_or_stress_assumption,all,immediate,joint,2,0,0,0.0,1548.0820525000008,240.29125700000077,2855.872848000001,2,1548.0820525000008,1548.0820525000008,1.0,2855.872848000001,-13.661797580936724,pointwise paired bootstrap; exploratory and not multiplicity-adjusted,very small stratum,240.29125700000077,2855.872848000001
stress,4,stress_design,all,assumption__radius_mixed__noise_correlated__scale_75,broad_or_stress_assumption,all,scan_then_clear,joint,2,0,0,0.0,-100.39106300000003,-217.08066599999984,16.298539999999775,2,-100.39106300000003,-100.39106300000003,0.5,16.298539999999775,0.8499103696373155,pointwise paired bootstrap; exploratory and not multiplicity-adjusted,very small stratum,-217.08066599999984,16.298539999999775
stress,4,stress_design,all,assumption__radius_mixed__noise_correlated__scale_75,broad_or_stress_assumption,correlated,immediate,joint,2,0,0,0.0,1548.0820525000008,240.29125700000077,2855.872848000001,2,1548.0820525000008,1548.0820525000008,1.0,2855.872848000001,-13.661797580936724,pointwise paired bootstrap; exploratory and not multiplicity-adjusted,very small stratum,240.29125700000077,2855.872848000001
stress,4,stress_design,all,assumption__radius_mixed__noise_correlated__scale_75,broad_or_stress_assumption,correlated,scan_then_clear,joint,2,0,0,0.0,-100.39106300000003,-217.08066599999984,16.298539999999775,2,-100.39106300000003,-100.39106300000003,0.5,16.298539999999775,0.8499103696373155,pointwise paired bootstrap; exploratory and not multiplicity-adjusted,very small stratum,-217.08066599999984,16.298539999999775
stress,4,stress_design,development,assumption__radius_mixed__noise_correlated__scale_75,broad_or_stress_assumption,all,immediate,joint,2,0,0,0.0,1548.0820525000008,240.29125700000077,2855.872848000001,2,1548.0820525000008,1548.0820525000008,1.0,2855.872848000001,-13.661797580936724,pointwise paired bootstrap; exploratory and not multiplicity-adjusted,very small stratum,240.29125700000077,2855.872848000001
stress,4,stress_design,development,assumption__radius_mixed__noise_correlated__scale_75,broad_or_stress_assumption,all,scan_then_clear,joint,2,0,0,0.0,-100.39106300000003,-217.08066599999984,16.298539999999775,2,-100.39106300000003,-100.39106300000003,0.5,16.298539999999775,0.8499103696373155,pointwise paired bootstrap; exploratory and not multiplicity-adjusted,very small stratum,-217.08066599999984,16.298539999999775
stress,4,stress_design,development,assumption__radius_mixed__noise_correlated__scale_75,broad_or_stress_assumption,correlated,immediate,joint,2,0,0,0.0,1548.0820525000008,240.29125700000077,2855.872848000001,2,1548.0820525000008,1548.0820525000008,1.0,2855.872848000001,-13.661797580936724,pointwise paired bootstrap; exploratory and not multiplicity-adjusted,very small stratum,240.29125700000077,2855.872848000001
stress,4,stress_design,development,assumption__radius_mixed__noise_correlated__scale_75,broad_or_stress_assumption,correlated,scan_then_clear,joint,2,0,0,0.0,-100.39106300000003,-217.08066599999984,16.298539999999775,2,-100.39106300000003,-100.39106300000003,0.5,16.298539999999775,0.8499103696373155,pointwise paired bootstrap; exploratory and not multiplicity-adjusted,very small stratum,-217.08066599999984,16.298539999999775
stress,4,stress_design,all,assumption__radius_mixed__noise_deterministic__scale_150,broad_or_stress_assumption,all,immediate,joint,1,0,0,0.0,2365.8015720000003,,,1,2365.8015720000003,2365.8015720000003,1.0,2365.8015720000003,-21.892712786442132,pointwise paired bootstrap; exploratory and not multiplicity-adjusted,very small stratum,,
stress,4,stress_design,all,assumption__radius_mixed__noise_deterministic__scale_150,broad_or_stress_assumption,all,scan_then_clear,joint,1,0,0,0.0,188.317939999999,,,1,188.317939999999,188.317939999999,1.0,188.317939999999,-1.7426611858530037,pointwise paired bootstrap; exploratory and not multiplicity-adjusted,very small stratum,,
stress,4,stress_design,all,assumption__radius_mixed__noise_deterministic__scale_150,broad_or_stress_assumption,deterministic,immediate,joint,1,0,0,0.0,2365.8015720000003,,,1,2365.8015720000003,2365.8015720000003,1.0,2365.8015720000003,-21.892712786442132,pointwise paired bootstrap; exploratory and not multiplicity-adjusted,very small stratum,,
stress,4,stress_design,all,assumption__radius_mixed__noise_deterministic__scale_150,broad_or_stress_assumption,deterministic,scan_then_clear,joint,1,0,0,0.0,188.317939999999,,,1,188.317939999999,188.317939999999,1.0,188.317939999999,-1.7426611858530037,pointwise paired bootstrap; exploratory and not multiplicity-adjusted,very small stratum,,
stress,4,stress_design,development,assumption__radius_mixed__noise_deterministic__scale_150,broad_or_stress_assumption,all,immediate,joint,1,0,0,0.0,2365.8015720000003,,,1,2365.8015720000003,2365.8015720000003,1.0,2365.8015720000003,-21.892712786442132,pointwise paired bootstrap; exploratory and not multiplicity-adjusted,very small stratum,,
stress,4,stress_design,development,assumption__radius_mixed__noise_deterministic__scale_150,broad_or_stress_assumption,all,scan_then_clear,joint,1,0,0,0.0,188.317939999999,,,1,188.317939999999,188.317939999999,1.0,188.317939999999,-1.7426611858530037,pointwise paired bootstrap; exploratory and not multiplicity-adjusted,very small stratum,,
stress,4,stress_design,development,assumption__radius_mixed__noise_deterministic__scale_150,broad_or_stress_assumption,deterministic,immediate,joint,1,0,0,0.0,2365.8015720000003,,,1,2365.8015720000003,2365.8015720000003,1.0,2365.8015720000003,-21.892712786442132,pointwise paired bootstrap; exploratory and not multiplicity-adjusted,very small stratum,,
stress,4,stress_design,development,assumption__radius_mixed__noise_deterministic__scale_150,broad_or_stress_assumption,deterministic,scan_then_clear,joint,1,0,0,0.0,188.317939999999,,,1,188.317939999999,188.317939999999,1.0,188.317939999999,-1.7426611858530037,pointwise paired bootstrap; exploratory and not multiplicity-adjusted,very small stratum,,
stress,4,stress_design,all,assumption__radius_mixed__noise_deterministic__scale_300,broad_or_stress_assumption,all,immediate,joint,1,0,0,0.0,2378.641082,,,1,2378.641082,2378.641082,1.0,2378.641082,-21.58052024030982,pointwise paired bootstrap; exploratory and not multiplicity-adjusted,very small stratum,,
stress,4,stress_design,all,assumption__radius_mixed__noise_deterministic__scale_300,broad_or_stress_assumption,all,scan_then_clear,joint,1,0,0,0.0,917.8842100000002,,,1,917.8842100000002,917.8842100000002,1.0,917.8842100000002,-8.327619884337722,pointwise paired bootstrap; exploratory and not multiplicity-adjusted,very small stratum,,
stress,4,stress_design,all,assumption__radius_mixed__noise_deterministic__scale_300,broad_or_stress_assumption,deterministic,immediate,joint,1,0,0,0.0,2378.641082,,,1,2378.641082,2378.641082,1.0,2378.641082,-21.58052024030982,pointwise paired bootstrap; exploratory and not multiplicity-adjusted,very small stratum,,
stress,4,stress_design,all,assumption__radius_mixed__noise_deterministic__scale_300,broad_or_stress_assumption,deterministic,scan_then_clear,joint,1,0,0,0.0,917.8842100000002,,,1,917.8842100000002,917.8842100000002,1.0,917.8842100000002,-8.327619884337722,pointwise paired bootstrap; exploratory and not multiplicity-adjusted,very small stratum,,
stress,4,stress_design,development,assumption__radius_mixed__noise_deterministic__scale_300,broad_or_stress_assumption,all,immediate,joint,1,0,0,0.0,2378.641082,,,1,2378.641082,2378.641082,1.0,2378.641082,-21.58052024030982,pointwise paired bootstrap; exploratory and not multiplicity-adjusted,very small stratum,,
stress,4,stress_design,development,assumption__radius_mixed__noise_deterministic__scale_300,broad_or_stress_assumption,all,scan_then_clear,joint,1,0,0,0.0,917.8842100000002,,,1,917.8842100000002,917.8842100000002,1.0,917.8842100000002,-8.327619884337722,pointwise paired bootstrap; exploratory and not multiplicity-adjusted,very small stratum,,
stress,4,stress_design,development,assumption__radius_mixed__noise_deterministic__scale_300,broad_or_stress_assumption,deterministic,immediate,joint,1,0,0,0.0,2378.641082,,,1,2378.641082,2378.641082,1.0,2378.641082,-21.58052024030982,pointwise paired bootstrap; exploratory and not multiplicity-adjusted,very small stratum,,
stress,4,stress_design,development,assumption__radius_mixed__noise_deterministic__scale_300,broad_or_stress_assumption,deterministic,scan_then_clear,joint,1,0,0,0.0,917.8842100000002,,,1,917.8842100000002,917.8842100000002,1.0,917.8842100000002,-8.327619884337722,pointwise paired bootstrap; exploratory and not multiplicity-adjusted,very small stratum,,
stress,4,stress_design,all,assumption__radius_mixed__noise_deterministic__scale_75,broad_or_stress_assumption,all,immediate,joint,2,0,0,0.0,2559.0414494999995,2387.558191,2730.524707999999,2,2559.0414494999995,2559.0414494999995,1.0,2730.524707999999,-24.49457255072575,pointwise paired bootstrap; exploratory and not multiplicity-adjusted,very small stratum,2387.558191,2730.524707999999
stress,4,stress_design,all,assumption__radius_mixed__noise_deterministic__scale_75,broad_or_stress_assumption,all,scan_then_clear,joint,2,0,0,0.0,621.5546919999997,333.6047180000005,909.5046659999989,2,621.5546919999997,621.5546919999997,1.0,909.5046659999989,-6.006975980751193,pointwise paired bootstrap; exploratory and not multiplicity-adjusted,very small stratum,333.6047180000005,909.5046659999989
stress,4,stress_design,all,assumption__radius_mixed__noise_deterministic__scale_75,broad_or_stress_assumption,deterministic,immediate,joint,2,0,0,0.0,2559.0414494999995,2387.558191,2730.524707999999,2,2559.0414494999995,2559.0414494999995,1.0,2730.524707999999,-24.49457255072575,pointwise paired bootstrap; exploratory and not multiplicity-adjusted,very small stratum,2387.558191,2730.524707999999
stress,4,stress_design,all,assumption__radius_mixed__noise_deterministic__scale_75,broad_or_stress_assumption,deterministic,scan_then_clear,joint,2,0,0,0.0,621.5546919999997,333.6047180000005,909.5046659999989,2,621.5546919999997,621.5546919999997,1.0,909.5046659999989,-6.006975980751193,pointwise paired bootstrap; exploratory and not multiplicity-adjusted,very small stratum,333.6047180000005,909.5046659999989
stress,4,stress_design,development,assumption__radius_mixed__noise_deterministic__scale_75,broad_or_stress_assumption,all,immediate,joint,2,0,0,0.0,2559.0414494999995,2387.558191,2730.524707999999,2,2559.0414494999995,2559.0414494999995,1.0,2730.524707999999,-24.49457255072575,pointwise paired bootstrap; exploratory and not multiplicity-adjusted,very small stratum,2387.558191,2730.524707999999
stress,4,stress_design,development,assumption__radius_mixed__noise_deterministic__scale_75,broad_or_stress_assumption,all,scan_then_clear,joint,2,0,0,0.0,621.5546919999997,333.6047180000005,909.5046659999989,2,621.5546919999997,621.5546919999997,1.0,909.5046659999989,-6.006975980751193,pointwise paired bootstrap; exploratory and not multiplicity-adjusted,very small stratum,333.6047180000005,909.5046659999989
stress,4,stress_design,development,assumption__radius_mixed__noise_deterministic__scale_75,broad_or_stress_assumption,deterministic,immediate,joint,2,0,0,0.0,2559.0414494999995,2387.558191,2730.524707999999,2,2559.0414494999995,2559.0414494999995,1.0,2730.524707999999,-24.49457255072575,pointwise paired bootstrap; exploratory and not multiplicity-adjusted,very small stratum,2387.558191,2730.524707999999
stress,4,stress_design,development,assumption__radius_mixed__noise_deterministic__scale_75,broad_or_stress_assumption,deterministic,scan_then_clear,joint,2,0,0,0.0,621.5546919999997,333.6047180000005,909.5046659999989,2,621.5546919999997,621.5546919999997,1.0,909.5046659999989,-6.006975980751193,pointwise paired bootstrap; exploratory and not multiplicity-adjusted,very small stratum,333.6047180000005,909.5046659999989
stress,4,stress_design,all,assumption__radius_mixed__noise_extreme__scale_150,broad_or_stress_assumption,all,immediate,joint,1,0,0,0.0,2024.0029090000007,,,1,2024.0029090000007,2024.0029090000007,1.0,2024.0029090000007,-21.54829476778015,pointwise paired bootstrap; exploratory and not multiplicity-adjusted,very small stratum,,
stress,4,stress_design,all,assumption__radius_mixed__noise_extreme__scale_150,broad_or_stress_assumption,all,scan_then_clear,joint,1,0,0,0.0,656.7386220000008,,,1,656.7386220000008,656.7386220000008,1.0,656.7386220000008,-6.991885905556154,pointwise paired bootstrap; exploratory and not multiplicity-adjusted,very small stratum,,
stress,4,stress_design,all,assumption__radius_mixed__noise_extreme__scale_150,broad_or_stress_assumption,extreme,immediate,joint,1,0,0,0.0,2024.0029090000007,,,1,2024.0029090000007,2024.0029090000007,1.0,2024.0029090000007,-21.54829476778015,pointwise paired bootstrap; exploratory and not multiplicity-adjusted,very small stratum,,
stress,4,stress_design,all,assumption__radius_mixed__noise_extreme__scale_150,broad_or_stress_assumption,extreme,scan_then_clear,joint,1,0,0,0.0,656.7386220000008,,,1,656.7386220000008,656.7386220000008,1.0,656.7386220000008,-6.991885905556154,pointwise paired bootstrap; exploratory and not multiplicity-adjusted,very small stratum,,
stress,4,stress_design,development,assumption__radius_mixed__noise_extreme__scale_150,broad_or_stress_assumption,all,immediate,joint,1,0,0,0.0,2024.0029090000007,,,1,2024.0029090000007,2024.0029090000007,1.0,2024.0029090000007,-21.54829476778015,pointwise paired bootstrap; exploratory and not multiplicity-adjusted,very small stratum,,
stress,4,stress_design,development,assumption__radius_mixed__noise_extreme__scale_150,broad_or_stress_assumption,all,scan_then_clear,joint,1,0,0,0.0,656.7386220000008,,,1,656.7386220000008,656.7386220000008,1.0,656.7386220000008,-6.991885905556154,pointwise paired bootstrap; exploratory and not multiplicity-adjusted,very small stratum,,
stress,4,stress_design,development,assumption__radius_mixed__noise_extreme__scale_150,broad_or_stress_assumption,extreme,immediate,joint,1,0,0,0.0,2024.0029090000007,,,1,2024.0029090000007,2024.0029090000007,1.0,2024.0029090000007,-21.54829476778015,pointwise paired bootstrap; exploratory and not multiplicity-adjusted,very small stratum,,
stress,4,stress_design,development,assumption__radius_mixed__noise_extreme__scale_150,broad_or_stress_assumption,extreme,scan_then_clear,joint,1,0,0,0.0,656.7386220000008,,,1,656.7386220000008,656.7386220000008,1.0,656.7386220000008,-6.991885905556154,pointwise paired bootstrap; exploratory and not multiplicity-adjusted,very small stratum,,
stress,4,stress_design,all,assumption__radius_mixed__noise_extreme__scale_300,broad_or_stress_assumption,all,immediate,joint,1,0,0,0.0,246.52796200000012,,,1,246.52796200000012,246.52796200000012,1.0,246.52796200000012,-2.6763758262398363,pointwise paired bootstrap; exploratory and not multiplicity-adjusted,very small stratum,,
stress,4,stress_design,all,assumption__radius_mixed__noise_extreme__scale_300,broad_or_stress_assumption,all,scan_then_clear,joint,1,0,0,0.0,229.50732099999914,,,1,229.50732099999914,229.50732099999914,1.0,229.50732099999914,-2.4915950340329496,pointwise paired bootstrap; exploratory and not multiplicity-adjusted,very small stratum,,
stress,4,stress_design,all,assumption__radius_mixed__noise_extreme__scale_300,broad_or_stress_assumption,extreme,immediate,joint,1,0,0,0.0,246.52796200000012,,,1,246.52796200000012,246.52796200000012,1.0,246.52796200000012,-2.6763758262398363,pointwise paired bootstrap; exploratory and not multiplicity-adjusted,very small stratum,,
stress,4,stress_design,all,assumption__radius_mixed__noise_extreme__scale_300,broad_or_stress_assumption,extreme,scan_then_clear,joint,1,0,0,0.0,229.50732099999914,,,1,229.50732099999914,229.50732099999914,1.0,229.50732099999914,-2.4915950340329496,pointwise paired bootstrap; exploratory and not multiplicity-adjusted,very small stratum,,
stress,4,stress_design,development,assumption__radius_mixed__noise_extreme__scale_300,broad_or_stress_assumption,all,immediate,joint,1,0,0,0.0,246.52796200000012,,,1,246.52796200000012,246.52796200000012,1.0,246.52796200000012,-2.6763758262398363,pointwise paired bootstrap; exploratory and not multiplicity-adjusted,very small stratum,,
stress,4,stress_design,development,assumption__radius_mixed__noise_extreme__scale_300,broad_or_stress_assumption,all,scan_then_clear,joint,1,0,0,0.0,229.50732099999914,,,1,229.50732099999914,229.50732099999914,1.0,229.50732099999914,-2.4915950340329496,pointwise paired bootstrap; exploratory and not multiplicity-adjusted,very small stratum,,
stress,4,stress_design,development,assumption__radius_mixed__noise_extreme__scale_300,broad_or_stress_assumption,extreme,immediate,joint,1,0,0,0.0,246.52796200000012,,,1,246.52796200000012,246.52796200000012,1.0,246.52796200000012,-2.6763758262398363,pointwise paired bootstrap; exploratory and not multiplicity-adjusted,very small stratum,,
stress,4,stress_design,development,assumption__radius_mixed__noise_extreme__scale_300,broad_or_stress_assumption,extreme,scan_then_clear,joint,1,0,0,0.0,229.50732099999914,,,1,229.50732099999914,229.50732099999914,1.0,229.50732099999914,-2.4915950340329496,pointwise paired bootstrap; exploratory and not multiplicity-adjusted,very small stratum,,
stress,4,stress_design,all,assumption__radius_mixed__noise_extreme__scale_75,broad_or_stress_assumption,all,immediate,joint,2,0,0,0.0,1233.394926,307.2723679999999,2159.517484,2,1233.394926,1233.394926,1.0,2159.517484,-12.959958807482606,pointwise paired bootstrap; exploratory and not multiplicity-adjusted,very small stratum,307.2723679999999,2159.517484
stress,4,stress_design,all,assumption__radius_mixed__noise_extreme__scale_75,broad_or_stress_assumption,all,scan_then_clear,joint,2,0,0,0.0,397.54166449999957,27.270212999999785,767.8131159999994,2,397.54166449999957,397.54166449999957,1.0,767.8131159999994,-4.18754814322381,pointwise paired bootstrap; exploratory and not multiplicity-adjusted,very small stratum,27.270212999999785,767.8131159999994
stress,4,stress_design,all,assumption__radius_mixed__noise_extreme__scale_75,broad_or_stress_assumption,extreme,immediate,joint,2,0,0,0.0,1233.394926,307.2723679999999,2159.517484,2,1233.394926,1233.394926,1.0,2159.517484,-12.959958807482606,pointwise paired bootstrap; exploratory and not multiplicity-adjusted,very small stratum,307.2723679999999,2159.517484
stress,4,stress_design,all,assumption__radius_mixed__noise_extreme__scale_75,broad_or_stress_assumption,extreme,scan_then_clear,joint,2,0,0,0.0,397.54166449999957,27.270212999999785,767.8131159999994,2,397.54166449999957,397.54166449999957,1.0,767.8131159999994,-4.18754814322381,pointwise paired bootstrap; exploratory and not multiplicity-adjusted,very small stratum,27.270212999999785,767.8131159999994
stress,4,stress_design,development,assumption__radius_mixed__noise_extreme__scale_75,broad_or_stress_assumption,all,immediate,joint,2,0,0,0.0,1233.394926,307.2723679999999,2159.517484,2,1233.394926,1233.394926,1.0,2159.517484,-12.959958807482606,pointwise paired bootstrap; exploratory and not multiplicity-adjusted,very small stratum,307.2723679999999,2159.517484
stress,4,stress_design,development,assumption__radius_mixed__noise_extreme__scale_75,broad_or_stress_assumption,all,scan_then_clear,joint,2,0,0,0.0,397.54166449999957,27.270212999999785,767.8131159999994,2,397.54166449999957,397.54166449999957,1.0,767.8131159999994,-4.18754814322381,pointwise paired bootstrap; exploratory and not multiplicity-adjusted,very small stratum,27.270212999999785,767.8131159999994
stress,4,stress_design,development,assumption__radius_mixed__noise_extreme__scale_75,broad_or_stress_assumption,extreme,immediate,joint,2,0,0,0.0,1233.394926,307.2723679999999,2159.517484,2,1233.394926,1233.394926,1.0,2159.517484,-12.959958807482606,pointwise paired bootstrap; exploratory and not multiplicity-adjusted,very small stratum,307.2723679999999,2159.517484
stress,4,stress_design,development,assumption__radius_mixed__noise_extreme__scale_75,broad_or_stress_assumption,extreme,scan_then_clear,joint,2,0,0,0.0,397.54166449999957,27.270212999999785,767.8131159999994,2,397.54166449999957,397.54166449999957,1.0,767.8131159999994,-4.18754814322381,pointwise paired bootstrap; exploratory and not multiplicity-adjusted,very small stratum,27.270212999999785,767.8131159999994
