case_id,problem,pool,composition_model,partition,error_mode,variant,mechanism_id,mechanism_status,baseline_complete,candidate_complete,baseline_variant,both_complete,completion_delta,penalized_time_delta_s,completed_time_delta_s,completed_reduction_pct,baseline_total_virtual_time_s,candidate_total_virtual_time_s
stage3-round-broad-p3-0000-11dcbaa9d490a655,3,broad,broad_joint,development,deterministic,immediate,assumption__radius_min__noise_deterministic__scale_75,broad_or_stress_assumption,True,True,joint,True,0,664.0424940000003,664.0424940000003,-16.084268973420766,4128.521446,4792.56394
stage3-round-broad-p3-0000-11dcbaa9d490a655,3,broad,broad_joint,development,deterministic,scan_then_clear,assumption__radius_min__noise_deterministic__scale_75,broad_or_stress_assumption,True,True,joint,True,0,382.79682800000046,382.79682800000046,-9.272007739499108,4128.521446,4511.318274
stage3-round-broad-p3-0001-d0275d1ecb2d2ce7,3,broad,broad_joint,development,correlated,immediate,assumption__radius_min__noise_correlated__scale_75,broad_or_stress_assumption,True,True,joint,True,0,630.1465549999994,630.1465549999994,-13.176916502334524,4782.20041,5412.346965
stage3-round-broad-p3-0001-d0275d1ecb2d2ce7,3,broad,broad_joint,development,correlated,scan_then_clear,assumption__radius_min__noise_correlated__scale_75,broad_or_stress_assumption,True,True,joint,True,0,496.7843249999996,496.7843249999996,-10.388195441604248,4782.20041,5278.984735
stage3-round-broad-p3-0003-e836d912777fee7d,3,broad,broad_joint,development,deterministic,immediate,assumption__radius_max__noise_deterministic__scale_75,broad_or_stress_assumption,True,True,joint,True,0,2390.5522209999995,2390.5522209999995,-60.30140214318008,3964.339362,6354.891583
stage3-round-broad-p3-0003-e836d912777fee7d,3,broad,broad_joint,development,deterministic,scan_then_clear,assumption__radius_max__noise_deterministic__scale_75,broad_or_stress_assumption,True,True,joint,True,0,653.2967100000001,653.2967100000001,-16.479333637835015,3964.339362,4617.636072
stage3-round-broad-p3-0004-105a97f10a0ca770,3,broad,broad_joint,development,correlated,immediate,assumption__radius_max__noise_correlated__scale_75,broad_or_stress_assumption,True,True,joint,True,0,2861.6576560000003,2861.6576560000003,-62.24021280573582,4597.76329,7459.420946
stage3-round-broad-p3-0004-105a97f10a0ca770,3,broad,broad_joint,development,correlated,scan_then_clear,assumption__radius_max__noise_correlated__scale_75,broad_or_stress_assumption,True,True,joint,True,0,860.2715109999999,860.2715109999999,-18.710652479023118,4597.76329,5458.034801
stage3-round-broad-p3-0005-54f380fda6621168,3,broad,broad_joint,development,extreme,immediate,assumption__radius_max__noise_extreme__scale_75,broad_or_stress_assumption,True,True,joint,True,0,783.1701720000001,783.1701720000001,-17.74747667770377,4412.853648,5196.02382
stage3-round-broad-p3-0005-54f380fda6621168,3,broad,broad_joint,development,extreme,scan_then_clear,assumption__radius_max__noise_extreme__scale_75,broad_or_stress_assumption,True,True,joint,True,0,186.33407499999976,186.33407499999976,-4.222530132728294,4412.853648,4599.187723
stage3-round-broad-p3-0006-b1cebb9515c3d05a,3,broad,broad_joint,development,deterministic,immediate,assumption__radius_mixed__noise_deterministic__scale_75,broad_or_stress_assumption,True,True,joint,True,0,2198.1781710000005,2198.1781710000005,-42.841559170856335,5130.948111,7329.126282
stage3-round-broad-p3-0006-b1cebb9515c3d05a,3,broad,broad_joint,development,deterministic,scan_then_clear,assumption__radius_mixed__noise_deterministic__scale_75,broad_or_stress_assumption,True,True,joint,True,0,719.09022,719.09022,-14.014763050485271,5130.948111,5850.038331
stage3-round-broad-p3-0007-c3f6910dc5d88f83,3,broad,broad_joint,development,correlated,immediate,assumption__radius_mixed__noise_correlated__scale_75,broad_or_stress_assumption,True,True,joint,True,0,2524.305004,2524.305004,-61.99637324661591,4071.697862,6596.002866
stage3-round-broad-p3-0007-c3f6910dc5d88f83,3,broad,broad_joint,development,correlated,scan_then_clear,assumption__radius_mixed__noise_correlated__scale_75,broad_or_stress_assumption,True,True,joint,True,0,334.0359470000003,334.0359470000003,-8.20384906545898,4071.697862,4405.733809
stage3-round-broad-p3-0009-9c91f9b13de2f920,3,broad,broad_joint,development,deterministic,immediate,assumption__radius_min__noise_deterministic__scale_150,broad_or_stress_assumption,True,True,joint,True,0,1901.176818,1901.176818,-44.21303438676772,4300.036956,6201.213774
stage3-round-broad-p3-0009-9c91f9b13de2f920,3,broad,broad_joint,development,deterministic,scan_then_clear,assumption__radius_min__noise_deterministic__scale_150,broad_or_stress_assumption,True,True,joint,True,0,1217.7734950000004,1217.7734950000004,-28.320070442669014,4300.036956,5517.810451
stage3-round-broad-p3-0010-6ca0ee61d2ebc779,3,broad,broad_joint,development,correlated,immediate,assumption__radius_min__noise_correlated__scale_150,broad_or_stress_assumption,True,True,joint,True,0,1767.2963909999999,1767.2963909999999,-40.42312732930598,4371.993232,6139.289623
stage3-round-broad-p3-0010-6ca0ee61d2ebc779,3,broad,broad_joint,development,correlated,scan_then_clear,assumption__radius_min__noise_correlated__scale_150,broad_or_stress_assumption,True,True,joint,True,0,801.2834970000004,801.2834970000004,-18.327647241883938,4371.993232,5173.276729
stage3-round-broad-p3-0011-b6338a8ab9b79b3d,3,broad,broad_joint,development,extreme,immediate,assumption__radius_min__noise_extreme__scale_150,broad_or_stress_assumption,True,True,joint,True,0,2004.119968,2004.119968,-43.46156436075816,4611.246736,6615.366704
stage3-round-broad-p3-0011-b6338a8ab9b79b3d,3,broad,broad_joint,development,extreme,scan_then_clear,assumption__radius_min__noise_extreme__scale_150,broad_or_stress_assumption,True,True,joint,True,0,933.0519679999998,933.0519679999998,-20.234266813694084,4611.246736,5544.298704
stage3-round-broad-p3-0012-95f12fe15532c5d6,3,broad,broad_joint,development,deterministic,immediate,assumption__radius_max__noise_deterministic__scale_150,broad_or_stress_assumption,True,True,joint,True,0,2017.027537,2017.027537,-46.04943631042726,4380.13513,6397.162667
stage3-round-broad-p3-0012-95f12fe15532c5d6,3,broad,broad_joint,development,deterministic,scan_then_clear,assumption__radius_max__noise_deterministic__scale_150,broad_or_stress_assumption,True,True,joint,True,0,820.52142,820.52142,-18.73278781698226,4380.13513,5200.65655
stage3-round-broad-p3-0015-b78f659144bd0cc8,3,broad,broad_joint,development,deterministic,immediate,assumption__radius_mixed__noise_deterministic__scale_150,broad_or_stress_assumption,True,True,joint,True,0,2305.1135480000003,2305.1135480000003,-54.52813948502899,4227.383457,6532.497005
stage3-round-broad-p3-0015-b78f659144bd0cc8,3,broad,broad_joint,development,deterministic,scan_then_clear,assumption__radius_mixed__noise_deterministic__scale_150,broad_or_stress_assumption,True,True,joint,True,0,721.4699369999998,721.4699369999998,-17.066583723445742,4227.383457,4948.853394
stage3-round-broad-p3-0016-682edc99dac37223,3,broad,broad_joint,development,correlated,immediate,assumption__radius_mixed__noise_correlated__scale_150,broad_or_stress_assumption,True,True,joint,True,0,2822.9737999999998,2822.9737999999998,-61.39005181269948,4598.422247,7421.396047
stage3-round-broad-p3-0016-682edc99dac37223,3,broad,broad_joint,development,correlated,scan_then_clear,assumption__radius_mixed__noise_correlated__scale_150,broad_or_stress_assumption,True,True,joint,True,0,613.6658239999997,613.6658239999997,-13.345138637504501,4598.422247,5212.088071
stage3-round-broad-p3-0017-0ac4c1486cd45cce,3,broad,broad_joint,development,extreme,immediate,assumption__radius_mixed__noise_extreme__scale_150,broad_or_stress_assumption,True,True,joint,True,0,1756.4866010000005,1756.4866010000005,-39.21980673822905,4478.570261,6235.056862
stage3-round-broad-p3-0017-0ac4c1486cd45cce,3,broad,broad_joint,development,extreme,scan_then_clear,assumption__radius_mixed__noise_extreme__scale_150,broad_or_stress_assumption,True,True,joint,True,0,555.0821620000006,555.0821620000006,-12.394182287006451,4478.570261,5033.652423
stage3-round-broad-p3-0018-1a45d0d11ecea45a,3,broad,broad_joint,development,deterministic,immediate,assumption__radius_min__noise_deterministic__scale_300,broad_or_stress_assumption,True,True,joint,True,0,2252.163861,2252.163861,-56.0886625242784,4015.363818,6267.527679
stage3-round-broad-p3-0018-1a45d0d11ecea45a,3,broad,broad_joint,development,deterministic,scan_then_clear,assumption__radius_min__noise_deterministic__scale_300,broad_or_stress_assumption,True,True,joint,True,0,634.8821820000003,634.8821820000003,-15.811323974030996,4015.363818,4650.246
stage3-round-broad-p3-0019-a41e9fb762e3d43f,3,broad,broad_joint,development,correlated,immediate,assumption__radius_min__noise_correlated__scale_300,broad_or_stress_assumption,True,True,joint,True,0,508.8393699999997,508.8393699999997,-10.900398422030538,4668.080471,5176.919841
stage3-round-broad-p3-0019-a41e9fb762e3d43f,3,broad,broad_joint,development,correlated,scan_then_clear,assumption__radius_min__noise_correlated__scale_300,broad_or_stress_assumption,True,True,joint,True,0,501.62033299999985,501.62033299999985,-10.745751623526367,4668.080471,5169.700804
stage3-round-broad-p3-0020-3566a359d460da43,3,broad,broad_joint,development,extreme,immediate,assumption__radius_min__noise_extreme__scale_300,broad_or_stress_assumption,True,True,joint,True,0,1421.2836429999998,1421.2836429999998,-27.85809534064308,5101.869405,6523.153048
stage3-round-broad-p3-0020-3566a359d460da43,3,broad,broad_joint,development,extreme,scan_then_clear,assumption__radius_min__noise_extreme__scale_300,broad_or_stress_assumption,True,True,joint,True,0,-138.84116900000026,-138.84116900000026,2.721378341514021,5101.869405,4963.028236
stage3-round-broad-p3-0022-8fdd88eb07094d6e,3,broad,broad_joint,development,correlated,immediate,assumption__radius_max__noise_correlated__scale_300,broad_or_stress_assumption,True,True,joint,True,0,2973.5094450000006,2973.5094450000006,-62.722011974611405,4740.774971,7714.284416
stage3-round-broad-p3-0022-8fdd88eb07094d6e,3,broad,broad_joint,development,correlated,scan_then_clear,assumption__radius_max__noise_correlated__scale_300,broad_or_stress_assumption,True,True,joint,True,0,983.7016050000002,983.7016050000002,-20.749805907629955,4740.774971,5724.476576
stage3-round-broad-p3-0023-f4c2093f593214d3,3,broad,broad_joint,development,extreme,immediate,assumption__radius_max__noise_extreme__scale_300,broad_or_stress_assumption,True,True,joint,True,0,4468.087615,4468.087615,-98.78933090655482,4522.844293,8990.931908
stage3-round-broad-p3-0023-f4c2093f593214d3,3,broad,broad_joint,development,extreme,scan_then_clear,assumption__radius_max__noise_extreme__scale_300,broad_or_stress_assumption,True,True,joint,True,0,670.4876789999998,670.4876789999998,-14.8244696382255,4522.844293,5193.331972
stage3-round-broad-p3-0024-903f451e44e14480,3,broad,broad_joint,development,deterministic,immediate,assumption__radius_mixed__noise_deterministic__scale_300,broad_or_stress_assumption,True,True,joint,True,0,2183.8082939999995,2183.8082939999995,-54.296847570742585,4021.979897,6205.788191
stage3-round-broad-p3-0024-903f451e44e14480,3,broad,broad_joint,development,deterministic,scan_then_clear,assumption__radius_mixed__noise_deterministic__scale_300,broad_or_stress_assumption,True,True,joint,True,0,604.9706829999996,604.9706829999996,-15.041613794520652,4021.979897,4626.95058
stage3-round-broad-p3-0025-b87abde9e0431417,3,broad,broad_joint,development,correlated,immediate,assumption__radius_mixed__noise_correlated__scale_300,broad_or_stress_assumption,True,True,joint,True,0,2564.649424,2564.649424,-53.115902478380065,4828.402238,7393.051662
stage3-round-broad-p3-0025-b87abde9e0431417,3,broad,broad_joint,development,correlated,scan_then_clear,assumption__radius_mixed__noise_correlated__scale_300,broad_or_stress_assumption,True,True,joint,True,0,445.3985480000001,445.3985480000001,-9.22455350746609,4828.402238,5273.800786
stage3-round-broad-p3-0026-fd946d8b8a928675,3,broad,broad_joint,development,extreme,immediate,assumption__radius_mixed__noise_extreme__scale_300,broad_or_stress_assumption,True,True,joint,True,0,1179.3781649999996,1179.3781649999996,-30.21089382032197,3903.817517,5083.195682
stage3-round-broad-p3-0026-fd946d8b8a928675,3,broad,broad_joint,development,extreme,scan_then_clear,assumption__radius_mixed__noise_extreme__scale_300,broad_or_stress_assumption,True,True,joint,True,0,635.780096,635.780096,-16.28611207443383,3903.817517,4539.597613
stage3-round-broad-p3-0027-a8732b3d83539433,3,broad,broad_joint,development,deterministic,immediate,assumption__radius_min__noise_deterministic__scale_75,broad_or_stress_assumption,True,True,joint,True,0,1786.6654159999998,1786.6654159999998,-36.66160525629195,4873.396578,6660.061994
stage3-round-broad-p3-0027-a8732b3d83539433,3,broad,broad_joint,development,deterministic,scan_then_clear,assumption__radius_min__noise_deterministic__scale_75,broad_or_stress_assumption,True,True,joint,True,0,668.968382,668.968382,-13.726943237493282,4873.396578,5542.36496
stage3-round-broad-p3-0028-40753bf7d3dab007,3,broad,broad_joint,development,correlated,immediate,assumption__radius_min__noise_correlated__scale_75,broad_or_stress_assumption,True,True,joint,True,0,873.6862520000004,873.6862520000004,-20.645311216270464,4231.887051,5105.573303
stage3-round-broad-p3-0028-40753bf7d3dab007,3,broad,broad_joint,development,correlated,scan_then_clear,assumption__radius_min__noise_correlated__scale_75,broad_or_stress_assumption,True,True,joint,True,0,670.0595560000002,670.0595560000002,-15.833587898846789,4231.887051,4901.946607
stage3-round-broad-p3-0029-fe04e197ed4c7238,3,broad,broad_joint,development,extreme,immediate,assumption__radius_min__noise_extreme__scale_75,broad_or_stress_assumption,True,True,joint,True,0,1023.6518999999998,1023.6518999999998,-20.932082401829614,4890.349084,5914.000984
stage3-round-broad-p3-0029-fe04e197ed4c7238,3,broad,broad_joint,development,extreme,scan_then_clear,assumption__radius_min__noise_extreme__scale_75,broad_or_stress_assumption,True,True,joint,True,0,-63.20111700000052,-63.20111700000052,1.292364121955604,4890.349084,4827.147967
stage3-round-broad-p3-0031-0981374abfd5e624,3,broad,broad_joint,development,correlated,immediate,assumption__radius_max__noise_correlated__scale_75,broad_or_stress_assumption,True,True,joint,True,0,4070.400830999999,4070.400830999999,-88.18378472153027,4615.815531,8686.216362
stage3-round-broad-p3-0031-0981374abfd5e624,3,broad,broad_joint,development,correlated,scan_then_clear,assumption__radius_max__noise_correlated__scale_75,broad_or_stress_assumption,True,True,joint,True,0,567.6127589999996,567.6127589999996,-12.297128322999258,4615.815531,5183.42829
stage3-round-broad-p3-0032-f19126acac2b54c6,3,broad,broad_joint,development,extreme,immediate,assumption__radius_max__noise_extreme__scale_75,broad_or_stress_assumption,True,True,joint,True,0,3204.5590809999994,3204.5590809999994,-59.38218386907327,5396.499206,8601.058287
stage3-round-broad-p3-0032-f19126acac2b54c6,3,broad,broad_joint,development,extreme,scan_then_clear,assumption__radius_max__noise_extreme__scale_75,broad_or_stress_assumption,True,True,joint,True,0,191.29811299999983,191.29811299999983,-3.5448557610702225,5396.499206,5587.797319
stage3-round-broad-p3-0033-91cfb379cdf8e03d,3,broad,broad_joint,development,deterministic,immediate,assumption__radius_mixed__noise_deterministic__scale_75,broad_or_stress_assumption,True,True,joint,True,0,1583.5158700000002,1583.5158700000002,-37.04208847565442,4274.909799,5858.425669
stage3-round-broad-p3-0033-91cfb379cdf8e03d,3,broad,broad_joint,development,deterministic,scan_then_clear,assumption__radius_mixed__noise_deterministic__scale_75,broad_or_stress_assumption,True,True,joint,True,0,584.5318200000002,584.5318200000002,-13.673547454421977,4274.909799,4859.441619
stage3-round-broad-p3-0034-dba605902c2c1a6b,3,broad,broad_joint,development,correlated,immediate,assumption__radius_mixed__noise_correlated__scale_75,broad_or_stress_assumption,True,True,joint,True,0,2043.9807359999995,2043.9807359999995,-40.92397150882609,4994.580586,7038.561322
stage3-round-broad-p3-0034-dba605902c2c1a6b,3,broad,broad_joint,development,correlated,scan_then_clear,assumption__radius_mixed__noise_correlated__scale_75,broad_or_stress_assumption,True,True,joint,True,0,774.5685899999999,774.5685899999999,-15.508180850483125,4994.580586,5769.149176
stage3-round-broad-p3-0035-929869c2e0d1de6c,3,broad,broad_joint,development,extreme,immediate,assumption__radius_mixed__noise_extreme__scale_75,broad_or_stress_assumption,True,True,joint,True,0,2210.2503260000003,2210.2503260000003,-53.91792645304891,4099.286585,6309.536911
stage3-round-broad-p3-0035-929869c2e0d1de6c,3,broad,broad_joint,development,extreme,scan_then_clear,assumption__radius_mixed__noise_extreme__scale_75,broad_or_stress_assumption,True,True,joint,True,0,742.5472570000002,742.5472570000002,-18.114060620135934,4099.286585,4841.833842
stage3-round-broad-p3-0036-2e5ad1cb93f8be44,3,broad,broad_joint,development,deterministic,immediate,assumption__radius_min__noise_deterministic__scale_150,broad_or_stress_assumption,True,True,joint,True,0,811.9973520000003,811.9973520000003,-16.28010593596519,4987.666267,5799.663619
stage3-round-broad-p3-0036-2e5ad1cb93f8be44,3,broad,broad_joint,development,deterministic,scan_then_clear,assumption__radius_min__noise_deterministic__scale_150,broad_or_stress_assumption,True,True,joint,True,0,-238.01788599999963,-238.01788599999963,4.772129353858383,4987.666267,4749.648381
stage3-round-broad-p3-0037-e573ff1d2b9af958,3,broad,broad_joint,development,correlated,immediate,assumption__radius_min__noise_correlated__scale_150,broad_or_stress_assumption,True,True,joint,True,0,1126.342716,1126.342716,-25.239327071963338,4462.64955,5588.992266
stage3-round-broad-p3-0037-e573ff1d2b9af958,3,broad,broad_joint,development,correlated,scan_then_clear,assumption__radius_min__noise_correlated__scale_150,broad_or_stress_assumption,True,True,joint,True,0,603.8663749999996,603.8663749999996,-13.53156612981182,4462.64955,5066.515925
stage3-round-broad-p3-0038-cdcff086c2827c54,3,broad,broad_joint,development,extreme,immediate,assumption__radius_min__noise_extreme__scale_150,broad_or_stress_assumption,True,True,joint,True,0,1456.9084149999999,1456.9084149999999,-35.095276447769336,4151.294882,5608.203297
stage3-round-broad-p3-0038-cdcff086c2827c54,3,broad,broad_joint,development,extreme,scan_then_clear,assumption__radius_min__noise_extreme__scale_150,broad_or_stress_assumption,True,True,joint,True,0,586.7686160000003,586.7686160000003,-14.13459252302762,4151.294882,4738.063498
stage3-round-broad-p3-0039-eeefe0b0bbbc06bc,3,broad,broad_joint,development,deterministic,immediate,assumption__radius_max__noise_deterministic__scale_150,broad_or_stress_assumption,True,True,joint,True,0,3894.599830000001,3894.599830000001,-83.82726274619935,4645.982348,8540.582178
stage3-round-broad-p3-0039-eeefe0b0bbbc06bc,3,broad,broad_joint,development,deterministic,scan_then_clear,assumption__radius_max__noise_deterministic__scale_150,broad_or_stress_assumption,True,True,joint,True,0,723.8816900000002,723.8816900000002,-15.580810166263687,4645.982348,5369.864038
stage3-round-broad-p3-0040-9e113832b75d2bf3,3,broad,broad_joint,development,correlated,immediate,assumption__radius_max__noise_correlated__scale_150,broad_or_stress_assumption,True,True,joint,True,0,1261.425076,1261.425076,-31.94960716147813,3948.170848,5209.595924
stage3-round-broad-p3-0040-9e113832b75d2bf3,3,broad,broad_joint,development,correlated,scan_then_clear,assumption__radius_max__noise_correlated__scale_150,broad_or_stress_assumption,True,True,joint,True,0,857.6254949999998,857.6254949999998,-21.722096839716084,3948.170848,4805.796343
stage3-round-broad-p3-0041-4b66f980fc1c7372,3,broad,broad_joint,development,extreme,immediate,assumption__radius_max__noise_extreme__scale_150,broad_or_stress_assumption,True,True,joint,True,0,2435.408281,2435.408281,-47.13913871838286,5166.425071,7601.833352
stage3-round-broad-p3-0041-4b66f980fc1c7372,3,broad,broad_joint,development,extreme,scan_then_clear,assumption__radius_max__noise_extreme__scale_150,broad_or_stress_assumption,True,True,joint,True,0,499.702139,499.702139,-9.672106575297317,5166.425071,5666.12721
stage3-round-broad-p3-0042-4d34ab5aaa135a01,3,broad,broad_joint,development,deterministic,immediate,assumption__radius_mixed__noise_deterministic__scale_150,broad_or_stress_assumption,True,True,joint,True,0,2051.5196539999997,2051.5196539999997,-47.194716875749954,4346.926499,6398.446153
stage3-round-broad-p3-0042-4d34ab5aaa135a01,3,broad,broad_joint,development,deterministic,scan_then_clear,assumption__radius_mixed__noise_deterministic__scale_150,broad_or_stress_assumption,True,True,joint,True,0,884.1435009999996,884.1435009999996,-20.339508873761602,4346.926499,5231.07
stage3-round-broad-p3-0043-fa18dd5fe55f2968,3,broad,broad_joint,development,correlated,immediate,assumption__radius_mixed__noise_correlated__scale_150,broad_or_stress_assumption,True,True,joint,True,0,2816.671311,2816.671311,-58.952330553872486,4777.879491,7594.550802
stage3-round-broad-p3-0043-fa18dd5fe55f2968,3,broad,broad_joint,development,correlated,scan_then_clear,assumption__radius_mixed__noise_correlated__scale_150,broad_or_stress_assumption,True,True,joint,True,0,949.6105240000006,949.6105240000006,-19.875145988691507,4777.879491,5727.490015
stage3-round-broad-p3-0044-162e7f6ea35dc171,3,broad,broad_joint,development,extreme,immediate,assumption__radius_mixed__noise_extreme__scale_150,broad_or_stress_assumption,True,True,joint,True,0,1970.1385889999992,1970.1385889999992,-39.60770054923527,4974.130186,6944.268775
stage3-round-broad-p3-0044-162e7f6ea35dc171,3,broad,broad_joint,development,extreme,scan_then_clear,assumption__radius_mixed__noise_extreme__scale_150,broad_or_stress_assumption,True,True,joint,True,0,460.3441809999995,460.3441809999995,-9.25476744246998,4974.130186,5434.474367
stage3-round-broad-p3-0045-bb6b9e40df613752,3,broad,broad_joint,development,deterministic,immediate,assumption__radius_min__noise_deterministic__scale_300,broad_or_stress_assumption,True,True,joint,True,0,764.1290480000007,764.1290480000007,-16.605647491368874,4601.621517,5365.750565
stage3-round-broad-p3-0045-bb6b9e40df613752,3,broad,broad_joint,development,deterministic,scan_then_clear,assumption__radius_min__noise_deterministic__scale_300,broad_or_stress_assumption,True,True,joint,True,0,586.6569230000005,586.6569230000005,-12.74891732909116,4601.621517,5188.27844
stage3-round-broad-p3-0046-40a88dc85efcbb98,3,broad,broad_joint,development,correlated,immediate,assumption__radius_min__noise_correlated__scale_300,broad_or_stress_assumption,True,True,joint,True,0,2071.0140650000003,2071.0140650000003,-41.49151389786666,4991.416004,7062.430069
stage3-round-broad-p3-0046-40a88dc85efcbb98,3,broad,broad_joint,development,correlated,scan_then_clear,assumption__radius_min__noise_correlated__scale_300,broad_or_stress_assumption,True,True,joint,True,0,854.9316900000003,854.9316900000003,-17.12803920400301,4991.416004,5846.347694
stage3-round-broad-p3-0047-3a8967fc301b1ec3,3,broad,broad_joint,development,extreme,immediate,assumption__radius_min__noise_extreme__scale_300,broad_or_stress_assumption,True,True,joint,True,0,828.4416340000007,828.4416340000007,-18.298239390916645,4527.439041,5355.880675
stage3-round-broad-p3-0047-3a8967fc301b1ec3,3,broad,broad_joint,development,extreme,scan_then_clear,assumption__radius_min__noise_extreme__scale_300,broad_or_stress_assumption,True,True,joint,True,0,-6.8557819999996354,-6.8557819999996354,0.1514273729124658,4527.439041,4520.583259
stage3-round-broad-p3-0048-5bb00aa53c201958,3,broad,broad_joint,development,deterministic,immediate,assumption__radius_max__noise_deterministic__scale_300,broad_or_stress_assumption,True,True,joint,True,0,4318.631835,4318.631835,-86.69898148061776,4981.179434,9299.811269
stage3-round-broad-p3-0048-5bb00aa53c201958,3,broad,broad_joint,development,deterministic,scan_then_clear,assumption__radius_max__noise_deterministic__scale_300,broad_or_stress_assumption,True,True,joint,True,0,655.5622830000002,655.5622830000002,-13.160784342064321,4981.179434,5636.741717
stage3-round-broad-p3-0051-9b15d123e4f6af29,3,broad,broad_joint,development,deterministic,immediate,assumption__radius_mixed__noise_deterministic__scale_300,broad_or_stress_assumption,True,True,joint,True,0,3115.093801,3115.093801,-70.71947837797387,4404.859697,7519.953498
stage3-round-broad-p3-0051-9b15d123e4f6af29,3,broad,broad_joint,development,deterministic,scan_then_clear,assumption__radius_mixed__noise_deterministic__scale_300,broad_or_stress_assumption,True,True,joint,True,0,1156.6696970000003,1156.6696970000003,-26.25894526873963,4404.859697,5561.529394
stage3-round-broad-p3-0053-e5657ccaf4327b3f,3,broad,broad_joint,development,extreme,immediate,assumption__radius_mixed__noise_extreme__scale_300,broad_or_stress_assumption,True,True,joint,True,0,1743.0528519999998,1743.0528519999998,-33.784773012552016,5159.285372,6902.338224
stage3-round-broad-p3-0053-e5657ccaf4327b3f,3,broad,broad_joint,development,extreme,scan_then_clear,assumption__radius_mixed__noise_extreme__scale_300,broad_or_stress_assumption,True,True,joint,True,0,-197.4032160000006,-197.4032160000006,3.8261736222487173,5159.285372,4961.882156
stage3-round-broad-p3-0054-9b971ef00a800929,3,broad,broad_joint,development,deterministic,immediate,assumption__radius_min__noise_deterministic__scale_75,broad_or_stress_assumption,True,True,joint,True,0,1036.3630010000002,1036.3630010000002,-25.832203869170627,4011.903151,5048.266152
stage3-round-broad-p3-0054-9b971ef00a800929,3,broad,broad_joint,development,deterministic,scan_then_clear,assumption__radius_min__noise_deterministic__scale_75,broad_or_stress_assumption,True,True,joint,True,0,906.9663869999999,906.9663869999999,-22.6068863794464,4011.903151,4918.869538
stage3-round-broad-p3-0055-a9ded714fb066b4a,3,broad,broad_joint,development,correlated,immediate,assumption__radius_min__noise_correlated__scale_75,broad_or_stress_assumption,True,True,joint,True,0,2145.0014899999996,2145.0014899999996,-49.54338076879777,4329.542023,6474.543513
stage3-round-broad-p3-0055-a9ded714fb066b4a,3,broad,broad_joint,development,correlated,scan_then_clear,assumption__radius_min__noise_correlated__scale_75,broad_or_stress_assumption,True,True,joint,True,0,833.2601960000002,833.2601960000002,-19.245920043585176,4329.542023,5162.802219
stage3-round-broad-p3-0056-57d59ccd7fd00831,3,broad,broad_joint,development,extreme,immediate,assumption__radius_min__noise_extreme__scale_75,broad_or_stress_assumption,True,True,joint,True,0,1605.5221069999998,1605.5221069999998,-37.71588268999189,4256.885939,5862.408046
stage3-round-broad-p3-0056-57d59ccd7fd00831,3,broad,broad_joint,development,extreme,scan_then_clear,assumption__radius_min__noise_extreme__scale_75,broad_or_stress_assumption,True,True,joint,True,0,435.82622900000024,435.82622900000024,-10.238146740252612,4256.885939,4692.712168
stage3-round-broad-p3-0057-9aa8ca0dc7940d8f,3,broad,broad_joint,development,deterministic,immediate,assumption__radius_max__noise_deterministic__scale_75,broad_or_stress_assumption,True,True,joint,True,0,3133.8261330000005,3133.8261330000005,-70.09821103137936,4470.622127,7604.44826
stage3-round-broad-p3-0057-9aa8ca0dc7940d8f,3,broad,broad_joint,development,deterministic,scan_then_clear,assumption__radius_max__noise_deterministic__scale_75,broad_or_stress_assumption,True,True,joint,True,0,786.8052070000003,786.8052070000003,-17.59945673440274,4470.622127,5257.427334
stage3-round-broad-p3-0058-a16e517efa39a61e,3,broad,broad_joint,development,correlated,immediate,assumption__radius_max__noise_correlated__scale_75,broad_or_stress_assumption,True,True,joint,True,0,3543.953289,3543.953289,-79.04102270992817,4483.688555,8027.641844
stage3-round-broad-p3-0058-a16e517efa39a61e,3,broad,broad_joint,development,correlated,scan_then_clear,assumption__radius_max__noise_correlated__scale_75,broad_or_stress_assumption,True,True,joint,True,0,666.887643,666.887643,-14.87363885380304,4483.688555,5150.576198
stage3-round-broad-p3-0059-a2fe429dd68a6514,3,broad,broad_joint,development,extreme,immediate,assumption__radius_max__noise_extreme__scale_75,broad_or_stress_assumption,True,True,joint,True,0,2898.544113,2898.544113,-66.29371859598442,4372.275646,7270.819759
stage3-round-broad-p3-0059-a2fe429dd68a6514,3,broad,broad_joint,development,extreme,scan_then_clear,assumption__radius_max__noise_extreme__scale_75,broad_or_stress_assumption,True,True,joint,True,0,619.219803,619.219803,-14.162414567034366,4372.275646,4991.495449
stage3-round-broad-p3-0060-3b567031afa8c93e,3,broad,broad_joint,development,deterministic,immediate,assumption__radius_mixed__noise_deterministic__scale_75,broad_or_stress_assumption,True,True,joint,True,0,1665.326556,1665.326556,-32.51704548052825,5121.39566,6786.722216
stage3-round-broad-p3-0060-3b567031afa8c93e,3,broad,broad_joint,development,deterministic,scan_then_clear,assumption__radius_mixed__noise_deterministic__scale_75,broad_or_stress_assumption,True,True,joint,True,0,153.557143,153.557143,-2.998345630651782,5121.39566,5274.952803
stage3-round-broad-p3-0061-19e5df363007197f,3,broad,broad_joint,development,correlated,immediate,assumption__radius_mixed__noise_correlated__scale_75,broad_or_stress_assumption,True,True,joint,True,0,2076.5079,2076.5079,-52.323606317768636,3968.587118,6045.095018
stage3-round-broad-p3-0061-19e5df363007197f,3,broad,broad_joint,development,correlated,scan_then_clear,assumption__radius_mixed__noise_correlated__scale_75,broad_or_stress_assumption,True,True,joint,True,0,633.5232739999997,633.5232739999997,-15.963446313842509,3968.587118,4602.110392
stage3-round-broad-p3-0064-747adaefd14a7d74,3,broad,broad_joint,development,correlated,immediate,assumption__radius_min__noise_correlated__scale_150,broad_or_stress_assumption,True,True,joint,True,0,1385.8903840000003,1385.8903840000003,-29.448147872980343,4706.205599,6092.095983
stage3-round-broad-p3-0064-747adaefd14a7d74,3,broad,broad_joint,development,correlated,scan_then_clear,assumption__radius_min__noise_correlated__scale_150,broad_or_stress_assumption,True,True,joint,True,0,382.9947739999998,382.9947739999998,-8.138079944517948,4706.205599,5089.200373
stage3-round-broad-p3-0065-d59539446ca07df8,3,broad,broad_joint,development,extreme,immediate,assumption__radius_min__noise_extreme__scale_150,broad_or_stress_assumption,True,True,joint,True,0,1274.3464809999996,1274.3464809999996,-28.400497113814765,4487.056955,5761.403436
stage3-round-broad-p3-0065-d59539446ca07df8,3,broad,broad_joint,development,extreme,scan_then_clear,assumption__radius_min__noise_extreme__scale_150,broad_or_stress_assumption,True,True,joint,True,0,494.57172999999966,494.57172999999966,-11.02218525327365,4487.056955,4981.628685
stage3-round-broad-p3-0066-171c71b85aaab21b,3,broad,broad_joint,development,deterministic,immediate,assumption__radius_max__noise_deterministic__scale_150,broad_or_stress_assumption,True,True,joint,True,0,1767.4869500000004,1767.4869500000004,-38.94776815886871,4538.095592,6305.582542
stage3-round-broad-p3-0066-171c71b85aaab21b,3,broad,broad_joint,development,deterministic,scan_then_clear,assumption__radius_max__noise_deterministic__scale_150,broad_or_stress_assumption,True,True,joint,True,0,308.2398740000008,308.2398740000008,-6.792273713744213,4538.095592,4846.335466
stage3-round-broad-p3-0067-8d0fe9b02fbac663,3,broad,broad_joint,development,correlated,immediate,assumption__radius_max__noise_correlated__scale_150,broad_or_stress_assumption,True,True,joint,True,0,3791.9646299999995,3791.9646299999995,-83.68216825433379,4531.389075,8323.353705
stage3-round-broad-p3-0067-8d0fe9b02fbac663,3,broad,broad_joint,development,correlated,scan_then_clear,assumption__radius_max__noise_correlated__scale_150,broad_or_stress_assumption,True,True,joint,True,0,661.6761409999999,661.6761409999999,-14.602059766849747,4531.389075,5193.065216
stage3-round-broad-p3-0068-017bfff60f9f1b0f,3,broad,broad_joint,development,extreme,immediate,assumption__radius_max__noise_extreme__scale_150,broad_or_stress_assumption,True,True,joint,True,0,2317.8135979999997,2317.8135979999997,-54.13390033807351,4281.630519,6599.444117
stage3-round-broad-p3-0068-017bfff60f9f1b0f,3,broad,broad_joint,development,extreme,scan_then_clear,assumption__radius_max__noise_extreme__scale_150,broad_or_stress_assumption,True,True,joint,True,0,648.5065770000001,648.5065770000001,-15.146252674587684,4281.630519,4930.137096
stage3-round-broad-p3-0069-1d5f37fa35d53489,3,broad,broad_joint,development,deterministic,immediate,assumption__radius_mixed__noise_deterministic__scale_150,broad_or_stress_assumption,True,True,joint,True,0,1212.1638329999996,1212.1638329999996,-22.077850794202327,5490.406853,6702.570686
stage3-round-broad-p3-0069-1d5f37fa35d53489,3,broad,broad_joint,development,deterministic,scan_then_clear,assumption__radius_mixed__noise_deterministic__scale_150,broad_or_stress_assumption,True,True,joint,True,0,82.13807699999961,82.13807699999961,-1.4960289683289816,5490.406853,5572.54493
stage3-round-broad-p3-0070-d361b74886863210,3,broad,broad_joint,development,correlated,immediate,assumption__radius_mixed__noise_correlated__scale_150,broad_or_stress_assumption,True,True,joint,True,0,2128.046134,2128.046134,-49.14286050730186,4330.326139,6458.372273
stage3-round-broad-p3-0070-d361b74886863210,3,broad,broad_joint,development,correlated,scan_then_clear,assumption__radius_mixed__noise_correlated__scale_150,broad_or_stress_assumption,True,True,joint,True,0,433.5715460000001,433.5715460000001,-10.012445531414976,4330.326139,4763.897685
stage3-round-broad-p3-0072-dd2f86a818295ed5,3,broad,broad_joint,development,deterministic,immediate,assumption__radius_min__noise_deterministic__scale_300,broad_or_stress_assumption,True,True,joint,True,0,2081.855834,2081.855834,-42.987804715376605,4842.898696,6924.75453
stage3-round-broad-p3-0072-dd2f86a818295ed5,3,broad,broad_joint,development,deterministic,scan_then_clear,assumption__radius_min__noise_deterministic__scale_300,broad_or_stress_assumption,True,True,joint,True,0,160.44060199999967,160.44060199999967,-3.312904358964102,4842.898696,5003.339298
stage3-round-broad-p3-0073-8c6e795acf9e493f,3,broad,broad_joint,development,correlated,immediate,assumption__radius_min__noise_correlated__scale_300,broad_or_stress_assumption,True,True,joint,True,0,613.4539169999998,613.4539169999998,-13.225785191818556,4638.31756,5251.771477
stage3-round-broad-p3-0073-8c6e795acf9e493f,3,broad,broad_joint,development,correlated,scan_then_clear,assumption__radius_min__noise_correlated__scale_300,broad_or_stress_assumption,True,True,joint,True,0,328.30702699999983,328.30702699999983,-7.078148978656817,4638.31756,4966.624587
stage3-round-broad-p3-0076-18d1c6629e4134a2,3,broad,broad_joint,development,correlated,immediate,assumption__radius_max__noise_correlated__scale_300,broad_or_stress_assumption,True,True,joint,True,0,3183.483644,3183.483644,-66.53337147676528,4784.792313,7968.275957
stage3-round-broad-p3-0076-18d1c6629e4134a2,3,broad,broad_joint,development,correlated,scan_then_clear,assumption__radius_max__noise_correlated__scale_300,broad_or_stress_assumption,True,True,joint,True,0,879.6771470000003,879.6771470000003,-18.384855380451295,4784.792313,5664.46946
stage3-round-broad-p3-0079-2f4bf4a1f9458a0e,3,broad,broad_joint,development,correlated,immediate,assumption__radius_mixed__noise_correlated__scale_300,broad_or_stress_assumption,True,True,joint,True,0,1454.462974,1454.462974,-29.101771128796802,4997.850363,6452.313337
stage3-round-broad-p3-0079-2f4bf4a1f9458a0e,3,broad,broad_joint,development,correlated,scan_then_clear,assumption__radius_mixed__noise_correlated__scale_300,broad_or_stress_assumption,True,True,joint,True,0,500.4906350000001,500.4906350000001,-10.01411804373384,4997.850363,5498.340998
stage3-round-broad-p4-0000-6277e7fdcfe52f6a,4,broad,broad_joint,development,deterministic,immediate,assumption__radius_min__noise_deterministic__scale_75,broad_or_stress_assumption,True,True,joint,True,0,2063.226607999999,2063.226607999999,-20.880942665691272,9880.907395,11944.134003
stage3-round-broad-p4-0000-6277e7fdcfe52f6a,4,broad,broad_joint,development,deterministic,scan_then_clear,assumption__radius_min__noise_deterministic__scale_75,broad_or_stress_assumption,True,True,joint,True,0,404.10932800000046,404.10932800000046,-4.089799770864065,9880.907395,10285.016723
stage3-round-broad-p4-0001-49c7fd958dc12c57,4,broad,broad_joint,development,correlated,immediate,assumption__radius_min__noise_correlated__scale_75,broad_or_stress_assumption,True,True,joint,True,0,2152.9298849999996,2152.9298849999996,-19.85391679736302,10843.854676,12996.784561
stage3-round-broad-p4-0001-49c7fd958dc12c57,4,broad,broad_joint,development,correlated,scan_then_clear,assumption__radius_min__noise_correlated__scale_75,broad_or_stress_assumption,True,True,joint,True,0,1138.9216509999987,1138.9216509999987,-10.502922484941632,10843.854676,11982.776327
stage3-round-broad-p4-0002-4b4bb1ca74d390d4,4,broad,broad_joint,development,extreme,immediate,assumption__radius_min__noise_extreme__scale_75,broad_or_stress_assumption,True,True,joint,True,0,1582.073703,1582.073703,-13.718713334108239,11532.230935,13114.304638
stage3-round-broad-p4-0002-4b4bb1ca74d390d4,4,broad,broad_joint,development,extreme,scan_then_clear,assumption__radius_min__noise_extreme__scale_75,broad_or_stress_assumption,True,True,joint,True,0,1087.5083910000012,1087.5083910000012,-9.430164875552775,11532.230935,12619.739326
stage3-round-broad-p4-0003-46978f2b132a2182,4,broad,broad_joint,development,deterministic,immediate,assumption__radius_max__noise_deterministic__scale_75,broad_or_stress_assumption,True,True,joint,True,0,2044.8403260000014,2044.8403260000014,-18.957068050787584,10786.690856,12831.531182
stage3-round-broad-p4-0003-46978f2b132a2182,4,broad,broad_joint,development,deterministic,scan_then_clear,assumption__radius_max__noise_deterministic__scale_75,broad_or_stress_assumption,True,True,joint,True,0,219.956599000001,219.956599000001,-2.039148075497613,10786.690856,11006.647455
stage3-round-broad-p4-0005-a77bcedf6d76c558,4,broad,broad_joint,development,extreme,immediate,assumption__radius_max__noise_extreme__scale_75,broad_or_stress_assumption,True,True,joint,True,0,4663.076358,4663.076358,-45.71926370800751,10199.368887,14862.445245
stage3-round-broad-p4-0005-a77bcedf6d76c558,4,broad,broad_joint,development,extreme,scan_then_clear,assumption__radius_max__noise_extreme__scale_75,broad_or_stress_assumption,True,True,joint,True,0,524.0532309999999,524.0532309999999,-5.13809468807381,10199.368887,10723.422118
stage3-round-broad-p4-0006-751a218a472ee265,4,broad,broad_joint,development,deterministic,immediate,assumption__radius_mixed__noise_deterministic__scale_75,broad_or_stress_assumption,True,True,joint,True,0,1487.8360069999999,1487.8360069999999,-11.916464549107454,12485.548888,13973.384895
stage3-round-broad-p4-0006-751a218a472ee265,4,broad,broad_joint,development,deterministic,scan_then_clear,assumption__radius_mixed__noise_deterministic__scale_75,broad_or_stress_assumption,True,True,joint,True,0,1093.8181350000013,1093.8181350000013,-8.760673197565884,12485.548888,13579.367023
stage3-round-broad-p4-0007-cb90690edb405e06,4,broad,broad_joint,development,correlated,immediate,assumption__radius_mixed__noise_correlated__scale_75,broad_or_stress_assumption,True,True,joint,True,0,2888.125435,2888.125435,-28.21836678830729,10234.913511,13123.038946
stage3-round-broad-p4-0007-cb90690edb405e06,4,broad,broad_joint,development,correlated,scan_then_clear,assumption__radius_mixed__noise_correlated__scale_75,broad_or_stress_assumption,True,True,joint,True,0,874.1612530000002,874.1612530000002,-8.540973522252953,10234.913511,11109.074764
stage3-round-broad-p4-0010-d57b28c3ab2628d7,4,broad,broad_joint,development,correlated,immediate,assumption__radius_min__noise_correlated__scale_150,broad_or_stress_assumption,True,True,joint,True,0,1207.1679670000012,1207.1679670000012,-10.933609955909326,11040.891086,12248.059053
stage3-round-broad-p4-0010-d57b28c3ab2628d7,4,broad,broad_joint,development,correlated,scan_then_clear,assumption__radius_min__noise_correlated__scale_150,broad_or_stress_assumption,True,True,joint,True,0,737.6642169999996,737.6642169999996,-6.681201827408367,11040.891086,11778.555303
stage3-round-broad-p4-0012-daa6fcd0d3c825f0,4,broad,broad_joint,development,deterministic,immediate,assumption__radius_max__noise_deterministic__scale_150,broad_or_stress_assumption,True,True,joint,True,0,2427.6051190000017,2427.6051190000017,-23.229254052953106,10450.637431,12878.24255
stage3-round-broad-p4-0012-daa6fcd0d3c825f0,4,broad,broad_joint,development,deterministic,scan_then_clear,assumption__radius_max__noise_deterministic__scale_150,broad_or_stress_assumption,True,True,joint,True,0,713.6257370000003,713.6257370000003,-6.828537892656707,10450.637431,11164.263168
stage3-round-broad-p4-0013-901ee13983af4f41,4,broad,broad_joint,development,correlated,immediate,assumption__radius_max__noise_correlated__scale_150,broad_or_stress_assumption,True,True,joint,True,0,2544.5263719999984,2544.5263719999984,-21.355710752033673,11914.969263,14459.495635
stage3-round-broad-p4-0013-901ee13983af4f41,4,broad,broad_joint,development,correlated,scan_then_clear,assumption__radius_max__noise_correlated__scale_150,broad_or_stress_assumption,True,True,joint,True,0,506.19803499999944,506.19803499999944,-4.248420821125532,11914.969263,12421.167298
stage3-round-broad-p4-0014-a1693778dd37b72e,4,broad,broad_joint,development,extreme,immediate,assumption__radius_max__noise_extreme__scale_150,broad_or_stress_assumption,True,True,joint,True,0,2656.573403999999,2656.573403999999,-24.72382006640585,10744.995704,13401.569108
stage3-round-broad-p4-0014-a1693778dd37b72e,4,broad,broad_joint,development,extreme,scan_then_clear,assumption__radius_max__noise_extreme__scale_150,broad_or_stress_assumption,True,True,joint,True,0,1468.1764159999984,1468.1764159999984,-13.66381575614261,10744.995704,12213.17212
stage3-round-broad-p4-0015-af9688e025c6f3f7,4,broad,broad_joint,development,deterministic,immediate,assumption__radius_mixed__noise_deterministic__scale_150,broad_or_stress_assumption,True,True,joint,True,0,2526.985186,2526.985186,-23.201689739811655,10891.384267,13418.369453
stage3-round-broad-p4-0015-af9688e025c6f3f7,4,broad,broad_joint,development,deterministic,scan_then_clear,assumption__radius_mixed__noise_deterministic__scale_150,broad_or_stress_assumption,True,True,joint,True,0,1962.1528909999997,1962.1528909999997,-18.015642850332274,10891.384267,12853.537158
stage3-round-broad-p4-0016-267eeeb3ec58353a,4,broad,broad_joint,development,correlated,immediate,assumption__radius_mixed__noise_correlated__scale_150,broad_or_stress_assumption,True,True,joint,True,0,1352.6132610000004,1352.6132610000004,-11.784734939837252,11477.672327,12830.285588
stage3-round-broad-p4-0016-267eeeb3ec58353a,4,broad,broad_joint,development,correlated,scan_then_clear,assumption__radius_mixed__noise_correlated__scale_150,broad_or_stress_assumption,True,True,joint,True,0,-112.06205399999999,-112.06205399999999,0.9763482595367874,11477.672327,11365.610273
stage3-round-broad-p4-0017-c726165096c59535,4,broad,broad_joint,development,extreme,immediate,assumption__radius_mixed__noise_extreme__scale_150,broad_or_stress_assumption,True,True,joint,True,0,2515.768024000001,2515.768024000001,-24.71386733758745,10179.580515,12695.348539
stage3-round-broad-p4-0017-c726165096c59535,4,broad,broad_joint,development,extreme,scan_then_clear,assumption__radius_mixed__noise_extreme__scale_150,broad_or_stress_assumption,True,True,joint,True,0,183.72636700000112,183.72636700000112,-1.8048520440432032,10179.580515,10363.306882
stage3-round-broad-p4-0018-19d37a2dd5a41e18,4,broad,broad_joint,development,deterministic,immediate,assumption__radius_min__noise_deterministic__scale_300,broad_or_stress_assumption,True,True,joint,True,0,2288.9816730000002,2288.9816730000002,-24.35231291758874,9399.442594,11688.424267
stage3-round-broad-p4-0018-19d37a2dd5a41e18,4,broad,broad_joint,development,deterministic,scan_then_clear,assumption__radius_min__noise_deterministic__scale_300,broad_or_stress_assumption,True,True,joint,True,0,1053.0698549999997,1053.0698549999997,-11.203535150820665,9399.442594,10452.512449
stage3-round-broad-p4-0019-dc8d34d6c4ce0e1f,4,broad,broad_joint,development,correlated,immediate,assumption__radius_min__noise_correlated__scale_300,broad_or_stress_assumption,True,True,joint,True,0,-5.406379000000015,-5.406379000000015,0.050005914227739055,10811.479169,10806.07279
stage3-round-broad-p4-0019-dc8d34d6c4ce0e1f,4,broad,broad_joint,development,correlated,scan_then_clear,assumption__radius_min__noise_correlated__scale_300,broad_or_stress_assumption,True,True,joint,True,0,1060.7228309999991,1060.7228309999991,-9.811079635073744,10811.479169,11872.202
stage3-round-broad-p4-0020-c9ea9bae53aacb74,4,broad,broad_joint,development,extreme,immediate,assumption__radius_min__noise_extreme__scale_300,broad_or_stress_assumption,True,True,joint,True,0,1646.5442349999994,1646.5442349999994,-15.812149408191962,10413.158847,12059.703082
stage3-round-broad-p4-0020-c9ea9bae53aacb74,4,broad,broad_joint,development,extreme,scan_then_clear,assumption__radius_min__noise_extreme__scale_300,broad_or_stress_assumption,True,True,joint,True,0,212.8197339999988,212.8197339999988,-2.043757683205913,10413.158847,10625.978581
stage3-round-broad-p4-0021-5079ff9367fca702,4,broad,broad_joint,development,deterministic,immediate,assumption__radius_max__noise_deterministic__scale_300,broad_or_stress_assumption,True,True,joint,True,0,3240.798406,3240.798406,-31.018603769462732,10447.918385,13688.716791
stage3-round-broad-p4-0021-5079ff9367fca702,4,broad,broad_joint,development,deterministic,scan_then_clear,assumption__radius_max__noise_deterministic__scale_300,broad_or_stress_assumption,True,True,joint,True,0,658.0920639999986,658.0920639999986,-6.298786416103867,10447.918385,11106.010449
stage3-round-broad-p4-0022-a1e42603b01b4504,4,broad,broad_joint,development,correlated,immediate,assumption__radius_max__noise_correlated__scale_300,broad_or_stress_assumption,True,True,joint,True,0,592.2307939999992,592.2307939999992,-5.58025192845226,10612.97593,11205.206724
stage3-round-broad-p4-0022-a1e42603b01b4504,4,broad,broad_joint,development,correlated,scan_then_clear,assumption__radius_max__noise_correlated__scale_300,broad_or_stress_assumption,True,True,joint,True,0,757.776006,757.776006,-7.1400897448374785,10612.97593,11370.751936
stage3-round-broad-p4-0023-f6e68ce9c5fc52e4,4,broad,broad_joint,development,extreme,immediate,assumption__radius_max__noise_extreme__scale_300,broad_or_stress_assumption,True,True,joint,True,0,2629.008506,2629.008506,-26.403066710554562,9957.208891,12586.217397
stage3-round-broad-p4-0023-f6e68ce9c5fc52e4,4,broad,broad_joint,development,extreme,scan_then_clear,assumption__radius_max__noise_extreme__scale_300,broad_or_stress_assumption,True,True,joint,True,0,655.0064239999992,655.0064239999992,-6.578213143565145,9957.208891,10612.215315
stage3-round-broad-p4-0024-b7f00df924983288,4,broad,broad_joint,development,deterministic,immediate,assumption__radius_mixed__noise_deterministic__scale_300,broad_or_stress_assumption,True,True,joint,True,0,814.2960570000014,814.2960570000014,-6.907251890302658,11789.001906,12603.297963
stage3-round-broad-p4-0024-b7f00df924983288,4,broad,broad_joint,development,deterministic,scan_then_clear,assumption__radius_mixed__noise_deterministic__scale_300,broad_or_stress_assumption,True,True,joint,True,0,557.5081980000014,557.5081980000014,-4.729053421530606,11789.001906,12346.510104
stage3-round-broad-p4-0025-383201e45b58a0a8,4,broad,broad_joint,development,correlated,immediate,assumption__radius_mixed__noise_correlated__scale_300,broad_or_stress_assumption,True,True,joint,True,0,1274.6825419999986,1274.6825419999986,-11.954947295666981,10662.385291,11937.067833
stage3-round-broad-p4-0025-383201e45b58a0a8,4,broad,broad_joint,development,correlated,scan_then_clear,assumption__radius_mixed__noise_correlated__scale_300,broad_or_stress_assumption,True,True,joint,True,0,264.371165999999,264.371165999999,-2.4794748903245103,10662.385291,10926.756457
stage3-round-broad-p4-0026-5ad3326793cd2b17,4,broad,broad_joint,development,extreme,immediate,assumption__radius_mixed__noise_extreme__scale_300,broad_or_stress_assumption,True,True,joint,True,0,1355.605361,1355.605361,-12.764508489136789,10620.114062,11975.719423
stage3-round-broad-p4-0026-5ad3326793cd2b17,4,broad,broad_joint,development,extreme,scan_then_clear,assumption__radius_mixed__noise_extreme__scale_300,broad_or_stress_assumption,True,True,joint,True,0,423.41115100000025,423.41115100000025,-3.98687950551317,10620.114062,11043.525213
stage3-round-broad-p4-0028-e435afa2ddb2013e,4,broad,broad_joint,development,correlated,immediate,assumption__radius_min__noise_correlated__scale_75,broad_or_stress_assumption,True,True,joint,True,0,1753.733900000001,1753.733900000001,-17.450701118496518,10049.647221,11803.381121
stage3-round-broad-p4-0028-e435afa2ddb2013e,4,broad,broad_joint,development,correlated,scan_then_clear,assumption__radius_min__noise_correlated__scale_75,broad_or_stress_assumption,True,True,joint,True,0,627.8347920000015,627.8347920000015,-6.247331654469043,10049.647221,10677.482013
stage3-round-broad-p4-0029-dff4c8a01dd337af,4,broad,broad_joint,development,extreme,immediate,assumption__radius_min__noise_extreme__scale_75,broad_or_stress_assumption,True,True,joint,True,0,1417.149934000001,1417.149934000001,-13.889936810117396,10202.709727,11619.859661
stage3-round-broad-p4-0029-dff4c8a01dd337af,4,broad,broad_joint,development,extreme,scan_then_clear,assumption__radius_min__noise_extreme__scale_75,broad_or_stress_assumption,True,True,joint,True,0,842.4793250000002,842.4793250000002,-8.257407566643794,10202.709727,11045.189052
stage3-round-broad-p4-0030-ef578963614810f9,4,broad,broad_joint,development,deterministic,immediate,assumption__radius_max__noise_deterministic__scale_75,broad_or_stress_assumption,True,True,joint,True,0,2460.8821260000004,2460.8821260000004,-23.125136444840297,10641.589648,13102.471774
stage3-round-broad-p4-0030-ef578963614810f9,4,broad,broad_joint,development,deterministic,scan_then_clear,assumption__radius_max__noise_deterministic__scale_75,broad_or_stress_assumption,True,True,joint,True,0,263.23105600000054,263.23105600000054,-2.473606525971171,10641.589648,10904.820704
stage3-round-broad-p4-0031-b3185cdaa3b6ef26,4,broad,broad_joint,development,correlated,immediate,assumption__radius_max__noise_correlated__scale_75,broad_or_stress_assumption,True,True,joint,True,0,2855.1576999999997,2855.1576999999997,-28.3117627487292,10084.704811,12939.862511
stage3-round-broad-p4-0031-b3185cdaa3b6ef26,4,broad,broad_joint,development,correlated,scan_then_clear,assumption__radius_max__noise_correlated__scale_75,broad_or_stress_assumption,True,True,joint,True,0,728.025877,728.025877,-7.21910943993024,10084.704811,10812.730688
stage3-round-broad-p4-0033-edbc8c6f3f37972e,4,broad,broad_joint,development,deterministic,immediate,assumption__radius_mixed__noise_deterministic__scale_75,broad_or_stress_assumption,True,True,joint,True,0,2548.2548349999997,2548.2548349999997,-21.351858933988666,11934.580698,14482.835533
stage3-round-broad-p4-0033-edbc8c6f3f37972e,4,broad,broad_joint,development,deterministic,scan_then_clear,assumption__radius_mixed__noise_deterministic__scale_75,broad_or_stress_assumption,True,True,joint,True,0,691.2183729999997,691.2183729999997,-5.791727338320602,11934.580698,12625.799071
stage3-round-broad-p4-0035-2042c274acb30c4a,4,broad,broad_joint,development,extreme,immediate,assumption__radius_mixed__noise_extreme__scale_75,broad_or_stress_assumption,True,True,joint,True,0,2380.9646709999997,2380.9646709999997,-23.258625849103545,10236.910325,12617.874996
stage3-round-broad-p4-0035-2042c274acb30c4a,4,broad,broad_joint,development,extreme,scan_then_clear,assumption__radius_mixed__noise_extreme__scale_75,broad_or_stress_assumption,True,True,joint,True,0,731.7169679999988,731.7169679999988,-7.147830202371132,10236.910325,10968.627293
stage3-round-broad-p4-0036-cdbf40565b196c60,4,broad,broad_joint,development,deterministic,immediate,assumption__radius_min__noise_deterministic__scale_150,broad_or_stress_assumption,True,True,joint,True,0,464.9573099999998,464.9573099999998,-4.024429208387254,11553.372812,12018.330122
stage3-round-broad-p4-0036-cdbf40565b196c60,4,broad,broad_joint,development,deterministic,scan_then_clear,assumption__radius_min__noise_deterministic__scale_150,broad_or_stress_assumption,True,True,joint,True,0,762.157792,762.157792,-6.596842362849911,11553.372812,12315.530604
stage3-round-broad-p4-0037-55ee9894e26dac34,4,broad,broad_joint,development,correlated,immediate,assumption__radius_min__noise_correlated__scale_150,broad_or_stress_assumption,True,True,joint,True,0,1880.3226799999993,1880.3226799999993,-18.511525972293718,10157.577948,12037.900628
stage3-round-broad-p4-0037-55ee9894e26dac34,4,broad,broad_joint,development,correlated,scan_then_clear,assumption__radius_min__noise_correlated__scale_150,broad_or_stress_assumption,True,True,joint,True,0,872.1123829999997,872.1123829999997,-8.585830081389789,10157.577948,11029.690331
stage3-round-broad-p4-0038-2f22ad3fc4a53def,4,broad,broad_joint,development,extreme,immediate,assumption__radius_min__noise_extreme__scale_150,broad_or_stress_assumption,True,True,joint,True,0,471.8957129999999,471.8957129999999,-4.099172703703622,11511.974418,11983.870131
stage3-round-broad-p4-0038-2f22ad3fc4a53def,4,broad,broad_joint,development,extreme,scan_then_clear,assumption__radius_min__noise_extreme__scale_150,broad_or_stress_assumption,True,True,joint,True,0,452.34408600000097,452.34408600000097,-3.9293353996054803,11511.974418,11964.318504
stage3-round-broad-p4-0039-fca073bbe0554d17,4,broad,broad_joint,development,deterministic,immediate,assumption__radius_max__noise_deterministic__scale_150,broad_or_stress_assumption,True,True,joint,True,0,3071.9310320000004,3071.9310320000004,-27.231717622375257,11280.709776,14352.640808
stage3-round-broad-p4-0039-fca073bbe0554d17,4,broad,broad_joint,development,deterministic,scan_then_clear,assumption__radius_max__noise_deterministic__scale_150,broad_or_stress_assumption,True,True,joint,True,0,585.8757690000002,585.8757690000002,-5.193607322887306,11280.709776,11866.585545
stage3-round-broad-p4-0040-bcf15929834f2964,4,broad,broad_joint,development,correlated,immediate,assumption__radius_max__noise_correlated__scale_150,broad_or_stress_assumption,True,True,joint,True,0,3227.963266999999,3227.963266999999,-31.169141727023426,10356.278961,13584.242228
stage3-round-broad-p4-0040-bcf15929834f2964,4,broad,broad_joint,development,correlated,scan_then_clear,assumption__radius_max__noise_correlated__scale_150,broad_or_stress_assumption,True,True,joint,True,0,1150.1855699999996,1150.1855699999996,-11.106166358895937,10356.278961,11506.464531
stage3-round-broad-p4-0041-3266262bb8a59692,4,broad,broad_joint,development,extreme,immediate,assumption__radius_max__noise_extreme__scale_150,broad_or_stress_assumption,True,True,joint,True,0,893.7564480000001,893.7564480000001,-8.017053623905952,11148.190968,12041.947416
stage3-round-broad-p4-0041-3266262bb8a59692,4,broad,broad_joint,development,extreme,scan_then_clear,assumption__radius_max__noise_extreme__scale_150,broad_or_stress_assumption,True,True,joint,True,0,790.2789720000001,790.2789720000001,-7.0888539160159105,11148.190968,11938.46994
stage3-round-broad-p4-0042-7a8af35d68ee7a70,4,broad,broad_joint,development,deterministic,immediate,assumption__radius_mixed__noise_deterministic__scale_150,broad_or_stress_assumption,True,True,joint,True,0,2846.0751789999995,2846.0751789999995,-26.511250578907838,10735.348642,13581.423821
stage3-round-broad-p4-0042-7a8af35d68ee7a70,4,broad,broad_joint,development,deterministic,scan_then_clear,assumption__radius_mixed__noise_deterministic__scale_150,broad_or_stress_assumption,True,True,joint,True,0,807.1945209999994,807.1945209999994,-7.519034061381156,10735.348642,11542.543163
stage3-round-broad-p4-0043-c88a3d095b9f8e09,4,broad,broad_joint,development,correlated,immediate,assumption__radius_mixed__noise_correlated__scale_150,broad_or_stress_assumption,True,True,joint,True,0,3215.1104730000006,3215.1104730000006,-30.801497603424966,10438.162827,13653.2733
stage3-round-broad-p4-0043-c88a3d095b9f8e09,4,broad,broad_joint,development,correlated,scan_then_clear,assumption__radius_mixed__noise_correlated__scale_150,broad_or_stress_assumption,True,True,joint,True,0,1258.569496,1258.569496,-12.05738516307205,10438.162827,11696.732323
stage3-round-broad-p4-0044-cfd9c4b9844273eb,4,broad,broad_joint,development,extreme,immediate,assumption__radius_mixed__noise_extreme__scale_150,broad_or_stress_assumption,True,True,joint,True,0,1629.5815839999996,1629.5815839999996,-15.4501392461337,10547.358558,12176.940142
stage3-round-broad-p4-0044-cfd9c4b9844273eb,4,broad,broad_joint,development,extreme,scan_then_clear,assumption__radius_mixed__noise_extreme__scale_150,broad_or_stress_assumption,True,True,joint,True,0,1000.7430230000009,1000.7430230000009,-9.488091425895005,10547.358558,11548.101581
stage3-round-broad-p4-0045-d81c178a6c8d479b,4,broad,broad_joint,development,deterministic,immediate,assumption__radius_min__noise_deterministic__scale_300,broad_or_stress_assumption,True,True,joint,True,0,-2541.877515,-2541.877515,23.312991282198595,10903.26627,8361.388755
stage3-round-broad-p4-0045-d81c178a6c8d479b,4,broad,broad_joint,development,deterministic,scan_then_clear,assumption__radius_min__noise_deterministic__scale_300,broad_or_stress_assumption,True,True,joint,True,0,356.75112099999933,356.75112099999933,-3.2719655942145427,10903.26627,11260.017391
stage3-round-broad-p4-0046-bc3f41164ae50f0c,4,broad,broad_joint,development,correlated,immediate,assumption__radius_min__noise_correlated__scale_300,broad_or_stress_assumption,True,True,joint,True,0,1785.7720729999992,1785.7720729999992,-22.44795190911092,7955.167047,9740.93912
stage3-round-broad-p4-0046-bc3f41164ae50f0c,4,broad,broad_joint,development,correlated,scan_then_clear,assumption__radius_min__noise_correlated__scale_300,broad_or_stress_assumption,True,True,joint,True,0,2268.676931000001,2268.676931000001,-28.518281484177624,7955.167047,10223.843978
stage3-round-broad-p4-0047-c12570fbd75cf233,4,broad,broad_joint,development,extreme,immediate,assumption__radius_min__noise_extreme__scale_300,broad_or_stress_assumption,True,True,joint,True,0,965.902594000001,965.902594000001,-8.84926053648832,10915.065615,11880.968209
stage3-round-broad-p4-0047-c12570fbd75cf233,4,broad,broad_joint,development,extreme,scan_then_clear,assumption__radius_min__noise_extreme__scale_300,broad_or_stress_assumption,True,True,joint,True,0,491.93572700000004,491.93572700000004,-4.506942462388487,10915.065615,11407.001342
stage3-round-broad-p4-0048-c0b1d4cbe59f4cf4,4,broad,broad_joint,development,deterministic,immediate,assumption__radius_max__noise_deterministic__scale_300,broad_or_stress_assumption,True,True,joint,True,0,-1323.5312990000002,-1323.5312990000002,10.739178787482656,12324.325027,11000.793728
stage3-round-broad-p4-0048-c0b1d4cbe59f4cf4,4,broad,broad_joint,development,deterministic,scan_then_clear,assumption__radius_max__noise_deterministic__scale_300,broad_or_stress_assumption,True,True,joint,True,0,-552.7369310000013,-552.7369310000013,4.4849265967026275,12324.325027,11771.588096
stage3-round-broad-p4-0049-19ea670d894a0a02,4,broad,broad_joint,development,correlated,immediate,assumption__radius_max__noise_correlated__scale_300,broad_or_stress_assumption,True,True,joint,True,0,3824.279971,3824.279971,-38.33258361364727,9976.577654,13800.857625
stage3-round-broad-p4-0049-19ea670d894a0a02,4,broad,broad_joint,development,correlated,scan_then_clear,assumption__radius_max__noise_correlated__scale_300,broad_or_stress_assumption,True,True,joint,True,0,1448.481529999999,1448.481529999999,-14.518821786740126,9976.577654,11425.059184
stage3-round-broad-p4-0050-99a628d19d25e0d3,4,broad,broad_joint,development,extreme,immediate,assumption__radius_max__noise_extreme__scale_300,broad_or_stress_assumption,True,True,joint,True,0,2887.1639400000004,2887.1639400000004,-26.159767187667928,11036.657625,13923.821565
stage3-round-broad-p4-0050-99a628d19d25e0d3,4,broad,broad_joint,development,extreme,scan_then_clear,assumption__radius_max__noise_extreme__scale_300,broad_or_stress_assumption,True,True,joint,True,0,290.495551,290.495551,-2.6320971517860237,11036.657625,11327.153176
stage3-round-broad-p4-0051-85034419fae3c976,4,broad,broad_joint,development,deterministic,immediate,assumption__radius_mixed__noise_deterministic__scale_300,broad_or_stress_assumption,True,True,joint,True,0,1830.8716189999996,1830.8716189999996,-16.461335132718364,11122.254691,12953.12631
stage3-round-broad-p4-0051-85034419fae3c976,4,broad,broad_joint,development,deterministic,scan_then_clear,assumption__radius_mixed__noise_deterministic__scale_300,broad_or_stress_assumption,True,True,joint,True,0,724.4552199999998,724.4552199999998,-6.513564381745552,11122.254691,11846.709911
stage3-round-broad-p4-0052-a5d91fee727a0d6e,4,broad,broad_joint,development,correlated,immediate,assumption__radius_mixed__noise_correlated__scale_300,broad_or_stress_assumption,True,True,joint,True,0,-36.765267999999196,-36.765267999999196,0.32679771740992636,11250.160586,11213.395318
stage3-round-broad-p4-0052-a5d91fee727a0d6e,4,broad,broad_joint,development,correlated,scan_then_clear,assumption__radius_mixed__noise_correlated__scale_300,broad_or_stress_assumption,True,True,joint,True,0,277.0244640000001,277.0244640000001,-2.4624045308716456,11250.160586,11527.18505
stage3-round-broad-p4-0053-edcbcba5738ed48b,4,broad,broad_joint,development,extreme,immediate,assumption__radius_mixed__noise_extreme__scale_300,broad_or_stress_assumption,True,True,joint,True,0,2567.17274,2567.17274,-25.228309066906576,10175.762209,12742.934949
stage3-round-broad-p4-0053-edcbcba5738ed48b,4,broad,broad_joint,development,extreme,scan_then_clear,assumption__radius_mixed__noise_extreme__scale_300,broad_or_stress_assumption,True,True,joint,True,0,1271.982582999999,1271.982582999999,-12.500120943028602,10175.762209,11447.744792
stage3-round-broad-p4-0054-7753682e03fda7ce,4,broad,broad_joint,development,deterministic,immediate,assumption__radius_min__noise_deterministic__scale_75,broad_or_stress_assumption,True,True,joint,True,0,1616.3320199999998,1616.3320199999998,-14.52804632723955,11125.59792,12741.92994
stage3-round-broad-p4-0054-7753682e03fda7ce,4,broad,broad_joint,development,deterministic,scan_then_clear,assumption__radius_min__noise_deterministic__scale_75,broad_or_stress_assumption,True,True,joint,True,0,1491.2180759999992,1491.2180759999992,-13.40348704602475,11125.59792,12616.815996
stage3-round-broad-p4-0056-aa736b772e87816b,4,broad,broad_joint,development,extreme,immediate,assumption__radius_min__noise_extreme__scale_75,broad_or_stress_assumption,True,True,joint,True,0,584.9692780000005,584.9692780000005,-5.354568621781946,10924.676091,11509.645369
stage3-round-broad-p4-0056-aa736b772e87816b,4,broad,broad_joint,development,extreme,scan_then_clear,assumption__radius_min__noise_extreme__scale_75,broad_or_stress_assumption,True,True,joint,True,0,431.1388189999998,431.1388189999998,-3.946467752533019,10924.676091,11355.81491
stage3-round-broad-p4-0057-00241b115def3e99,4,broad,broad_joint,development,deterministic,immediate,assumption__radius_max__noise_deterministic__scale_75,broad_or_stress_assumption,True,True,joint,True,0,1515.5694830000011,1515.5694830000011,-15.044563545697619,10073.868068,11589.437551
stage3-round-broad-p4-0057-00241b115def3e99,4,broad,broad_joint,development,deterministic,scan_then_clear,assumption__radius_max__noise_deterministic__scale_75,broad_or_stress_assumption,True,True,joint,True,0,338.0721050000011,338.0721050000011,-3.355931432871343,10073.868068,10411.940173
stage3-round-broad-p4-0061-67a6c2d00a73d60c,4,broad,broad_joint,development,correlated,immediate,assumption__radius_mixed__noise_correlated__scale_75,broad_or_stress_assumption,True,True,joint,True,0,-50.30559700000049,-50.30559700000049,0.4025653695448773,12496.255467,12445.94987
stage3-round-broad-p4-0061-67a6c2d00a73d60c,4,broad,broad_joint,development,correlated,scan_then_clear,assumption__radius_mixed__noise_correlated__scale_75,broad_or_stress_assumption,True,True,joint,True,0,-618.619009,-618.619009,4.9504350373889485,12496.255467,11877.636458
stage3-round-broad-p4-0062-f33cdfffab706bb9,4,broad,broad_joint,development,extreme,immediate,assumption__radius_mixed__noise_extreme__scale_75,broad_or_stress_assumption,True,True,joint,True,0,2170.2963,2170.2963,-21.40319138892847,10140.059305,12310.355605
stage3-round-broad-p4-0062-f33cdfffab706bb9,4,broad,broad_joint,development,extreme,scan_then_clear,assumption__radius_mixed__noise_extreme__scale_75,broad_or_stress_assumption,True,True,joint,True,0,778.884818999999,778.884818999999,-7.681264927276468,10140.059305,10918.944124
stage3-round-broad-p4-0066-b46b29572de9f62f,4,broad,broad_joint,development,deterministic,immediate,assumption__radius_max__noise_deterministic__scale_150,broad_or_stress_assumption,True,True,joint,True,0,3095.9893190000003,3095.9893190000003,-32.35579266994306,9568.578185,12664.567504
stage3-round-broad-p4-0066-b46b29572de9f62f,4,broad,broad_joint,development,deterministic,scan_then_clear,assumption__radius_max__noise_deterministic__scale_150,broad_or_stress_assumption,True,True,joint,True,0,772.6148119999998,772.6148119999998,-8.074499649395923,9568.578185,10341.192997
stage3-round-broad-p4-0067-fa1c4861b29d5de6,4,broad,broad_joint,development,correlated,immediate,assumption__radius_max__noise_correlated__scale_150,broad_or_stress_assumption,True,True,joint,True,0,4181.752044999999,4181.752044999999,-42.45949187069148,9848.803791,14030.555836
stage3-round-broad-p4-0067-fa1c4861b29d5de6,4,broad,broad_joint,development,correlated,scan_then_clear,assumption__radius_max__noise_correlated__scale_150,broad_or_stress_assumption,True,True,joint,True,0,2059.296515,2059.296515,-20.909102858580848,9848.803791,11908.100306
stage3-round-broad-p4-0068-72113dabf30cd78e,4,broad,broad_joint,development,extreme,immediate,assumption__radius_max__noise_extreme__scale_150,broad_or_stress_assumption,True,True,joint,True,0,3611.0610429999997,3611.0610429999997,-33.04957316184641,10926.195704,14537.256747
stage3-round-broad-p4-0068-72113dabf30cd78e,4,broad,broad_joint,development,extreme,scan_then_clear,assumption__radius_max__noise_extreme__scale_150,broad_or_stress_assumption,True,True,joint,True,0,144.69496400000025,144.69496400000025,-1.3242940902754332,10926.195704,11070.890668
stage3-round-broad-p4-0069-e1480820ddc29f05,4,broad,broad_joint,development,deterministic,immediate,assumption__radius_mixed__noise_deterministic__scale_150,broad_or_stress_assumption,True,True,joint,True,0,1945.889851,1945.889851,-19.120196968144636,10177.143333,12123.033184
stage3-round-broad-p4-0069-e1480820ddc29f05,4,broad,broad_joint,development,deterministic,scan_then_clear,assumption__radius_mixed__noise_deterministic__scale_150,broad_or_stress_assumption,True,True,joint,True,0,1761.7671969999992,1761.7671969999992,-17.31101881298422,10177.143333,11938.91053
stage3-round-broad-p4-0071-94f7d382909f983c,4,broad,broad_joint,development,extreme,immediate,assumption__radius_mixed__noise_extreme__scale_150,broad_or_stress_assumption,True,True,joint,True,0,1530.4450519999991,1530.4450519999991,-13.601160820851122,11252.312006,12782.757058
stage3-round-broad-p4-0071-94f7d382909f983c,4,broad,broad_joint,development,extreme,scan_then_clear,assumption__radius_mixed__noise_extreme__scale_150,broad_or_stress_assumption,True,True,joint,True,0,573.9749009999996,573.9749009999996,-5.100950815209733,11252.312006,11826.286907
stage3-round-broad-p4-0072-36ab40f9f6273d9e,4,broad,broad_joint,development,deterministic,immediate,assumption__radius_min__noise_deterministic__scale_300,broad_or_stress_assumption,True,True,joint,True,0,681.395926000001,681.395926000001,-6.154830795086587,11070.912405,11752.308331
stage3-round-broad-p4-0072-36ab40f9f6273d9e,4,broad,broad_joint,development,deterministic,scan_then_clear,assumption__radius_min__noise_deterministic__scale_300,broad_or_stress_assumption,True,True,joint,True,0,1766.5284420000007,1766.5284420000007,-15.956484681444834,11070.912405,12837.440847
stage3-round-broad-p4-0073-b38821205d677d56,4,broad,broad_joint,development,correlated,immediate,assumption__radius_min__noise_correlated__scale_300,broad_or_stress_assumption,True,True,joint,True,0,2629.376478,2629.376478,-26.578170521595407,9892.992732,12522.36921
stage3-round-broad-p4-0073-b38821205d677d56,4,broad,broad_joint,development,correlated,scan_then_clear,assumption__radius_min__noise_correlated__scale_300,broad_or_stress_assumption,True,True,joint,True,0,1151.1137559999988,1151.1137559999988,-11.635647444444102,9892.992732,11044.106488
stage3-round-broad-p4-0074-3a39aa46c34c5edc,4,broad,broad_joint,development,extreme,immediate,assumption__radius_min__noise_extreme__scale_300,broad_or_stress_assumption,True,True,joint,True,0,357.19633000000067,357.19633000000067,-3.3149554663481213,10775.297998,11132.494328
stage3-round-broad-p4-0074-3a39aa46c34c5edc,4,broad,broad_joint,development,extreme,scan_then_clear,assumption__radius_min__noise_extreme__scale_300,broad_or_stress_assumption,True,True,joint,True,0,806.1715860000004,806.1715860000004,-7.481663951657148,10775.297998,11581.469584
stage3-round-broad-p4-0075-c428a923b96820dc,4,broad,broad_joint,development,deterministic,immediate,assumption__radius_max__noise_deterministic__scale_300,broad_or_stress_assumption,True,True,joint,True,0,3952.406735999999,3952.406735999999,-37.37260471967543,10575.679072,14528.085808
stage3-round-broad-p4-0075-c428a923b96820dc,4,broad,broad_joint,development,deterministic,scan_then_clear,assumption__radius_max__noise_deterministic__scale_300,broad_or_stress_assumption,True,True,joint,True,0,225.8418389999988,225.8418389999988,-2.135483097231402,10575.679072,10801.520911
stage3-round-broad-p4-0076-b47d15d22619b299,4,broad,broad_joint,development,correlated,immediate,assumption__radius_max__noise_correlated__scale_300,broad_or_stress_assumption,True,True,joint,True,0,2364.2433220000003,2364.2433220000003,-21.99342846352712,10749.771578,13114.0149
stage3-round-broad-p4-0076-b47d15d22619b299,4,broad,broad_joint,development,correlated,scan_then_clear,assumption__radius_max__noise_correlated__scale_300,broad_or_stress_assumption,True,True,joint,True,0,1424.708385,1424.708385,-13.253382871090434,10749.771578,12174.479963
stage3-round-broad-p4-0077-2c78d887b3fc2a40,4,broad,broad_joint,development,extreme,immediate,assumption__radius_max__noise_extreme__scale_300,broad_or_stress_assumption,True,True,joint,True,0,2334.853557999999,2334.853557999999,-21.598347912735864,10810.334047,13145.187605
stage3-round-broad-p4-0077-2c78d887b3fc2a40,4,broad,broad_joint,development,extreme,scan_then_clear,assumption__radius_max__noise_extreme__scale_300,broad_or_stress_assumption,True,True,joint,True,0,-40.79373500000111,-40.79373500000111,0.37735869051448845,10810.334047,10769.540312
stage3-round-broad-p4-0078-7f433840860850a5,4,broad,broad_joint,development,deterministic,immediate,assumption__radius_mixed__noise_deterministic__scale_300,broad_or_stress_assumption,True,True,joint,True,0,3761.472299,3761.472299,-50.82308253225313,7401.110109,11162.582408
stage3-round-broad-p4-0078-7f433840860850a5,4,broad,broad_joint,development,deterministic,scan_then_clear,assumption__radius_mixed__noise_deterministic__scale_300,broad_or_stress_assumption,True,True,joint,True,0,4276.075701999999,4276.075701999999,-57.776139511830074,7401.110109,11677.185811
stage3-round-calibrated-p3-0000-616aab6f8ae8312e,3,calibrated,smoothed_joint,development,correlated,immediate,mixed_correlated150_after_observable_screen,unresolved,True,True,joint,True,0,2192.2700630000004,2192.2700630000004,-61.434885361723126,3568.444948,5760.715011
stage3-round-calibrated-p3-0000-616aab6f8ae8312e,3,calibrated,smoothed_joint,development,correlated,scan_then_clear,mixed_correlated150_after_observable_screen,unresolved,True,True,joint,True,0,828.8740380000004,828.8740380000004,-23.22787797145527,3568.444948,4397.318986
stage3-round-calibrated-p3-0001-be8b6848a5648dfa,3,calibrated,broad_joint,development,correlated,immediate,mixed_correlated150_after_observable_screen,unresolved,True,True,joint,True,0,1387.0600769999996,1387.0600769999996,-35.49039213006009,3908.269235,5295.329312
stage3-round-calibrated-p3-0001-be8b6848a5648dfa,3,calibrated,broad_joint,development,correlated,scan_then_clear,mixed_correlated150_after_observable_screen,unresolved,True,True,joint,True,0,1151.5667079999998,1151.5667079999998,-29.464876618204624,3908.269235,5059.835943
stage3-round-calibrated-p3-0002-1adeff79dd4c27b1,3,calibrated,smoothed_joint,development,extreme,immediate,mixed_extreme150_after_observable_screen,unresolved,True,True,joint,True,0,2863.9009210000004,2863.9009210000004,-62.765340432440034,4562.870051,7426.770972
stage3-round-calibrated-p3-0002-1adeff79dd4c27b1,3,calibrated,smoothed_joint,development,extreme,scan_then_clear,mixed_extreme150_after_observable_screen,unresolved,True,True,joint,True,0,918.0001339999999,918.0001339999999,-20.11891909564268,4562.870051,5480.870185
stage3-round-calibrated-p3-0004-5995d8fefefd6eaf,3,calibrated,smoothed_joint,development,correlated,immediate,mixed_correlated150_after_observable_screen,unresolved,True,True,joint,True,0,1905.7480059999998,1905.7480059999998,-41.62058361450426,4578.859402,6484.607408
stage3-round-calibrated-p3-0004-5995d8fefefd6eaf,3,calibrated,smoothed_joint,development,correlated,scan_then_clear,mixed_correlated150_after_observable_screen,unresolved,True,True,joint,True,0,693.798871,693.798871,-15.15222045684468,4578.859402,5272.658273
stage3-round-calibrated-p3-0005-c27851c2b6b7705a,3,calibrated,broad_joint,development,correlated,immediate,mixed_correlated150_after_observable_screen,unresolved,True,True,joint,True,0,1244.4730140000001,1244.4730140000001,-29.62901737591417,4200.183213,5444.656227
stage3-round-calibrated-p3-0005-c27851c2b6b7705a,3,calibrated,broad_joint,development,correlated,scan_then_clear,mixed_correlated150_after_observable_screen,unresolved,True,True,joint,True,0,518.7685000000001,518.7685000000001,-12.351092171273818,4200.183213,4718.951713
stage3-round-calibrated-p3-0006-f82e30c8e3f7ecf9,3,calibrated,smoothed_joint,development,extreme,immediate,mixed_extreme150_after_observable_screen,unresolved,True,True,joint,True,0,2275.860251,2275.860251,-51.353588699415546,4431.745295,6707.605546
stage3-round-calibrated-p3-0006-f82e30c8e3f7ecf9,3,calibrated,smoothed_joint,development,extreme,scan_then_clear,mixed_extreme150_after_observable_screen,unresolved,True,True,joint,True,0,667.1374679999999,667.1374679999999,-15.053605827769035,4431.745295,5098.882763
stage3-round-calibrated-p3-0007-b6338bcd86c5db70,3,calibrated,broad_joint,development,extreme,immediate,mixed_extreme150_after_observable_screen,unresolved,True,True,joint,True,0,2616.7765529999997,2616.7765529999997,-52.97390403498213,4939.746467,7556.52302
stage3-round-calibrated-p3-0007-b6338bcd86c5db70,3,calibrated,broad_joint,development,extreme,scan_then_clear,mixed_extreme150_after_observable_screen,unresolved,True,True,joint,True,0,57.78031800000008,57.78031800000008,-1.1697020967776741,4939.746467,4997.526785
stage3-round-calibrated-p3-0008-cdbbf57c3a4d4a53,3,calibrated,smoothed_joint,development,correlated,immediate,mixed_correlated150_after_observable_screen,unresolved,True,True,joint,True,0,2094.8047160000006,2094.8047160000006,-51.579389673275195,4061.321255,6156.125971
stage3-round-calibrated-p3-0008-cdbbf57c3a4d4a53,3,calibrated,smoothed_joint,development,correlated,scan_then_clear,mixed_correlated150_after_observable_screen,unresolved,True,True,joint,True,0,698.4688740000001,698.4688740000001,-17.198070040386405,4061.321255,4759.790129
stage3-round-calibrated-p3-0009-a2fa12a454ea1d26,3,calibrated,broad_joint,development,correlated,immediate,mixed_correlated150_after_observable_screen,unresolved,True,True,joint,True,0,3188.3183770000005,3188.3183770000005,-66.41069280668897,4800.911182,7989.229559
stage3-round-calibrated-p3-0009-a2fa12a454ea1d26,3,calibrated,broad_joint,development,correlated,scan_then_clear,mixed_correlated150_after_observable_screen,unresolved,True,True,joint,True,0,1027.4636799999998,1027.4636799999998,-21.40143070865917,4800.911182,5828.374862
stage3-round-calibrated-p3-0010-72451c9b949a24d2,3,calibrated,smoothed_joint,development,extreme,immediate,mixed_extreme150_after_observable_screen,unresolved,True,True,joint,True,0,1800.559741,1800.559741,-46.753799852427726,3851.151664,5651.711405
stage3-round-calibrated-p3-0010-72451c9b949a24d2,3,calibrated,smoothed_joint,development,extreme,scan_then_clear,mixed_extreme150_after_observable_screen,unresolved,True,True,joint,True,0,468.15283100000033,468.15283100000033,-12.15617747221498,3851.151664,4319.304495
stage3-round-calibrated-p3-0011-add3c3cccd875779,3,calibrated,broad_joint,development,extreme,immediate,mixed_extreme150_after_observable_screen,unresolved,True,True,joint,True,0,1970.4000500000002,1970.4000500000002,-39.67965676289034,4965.768887,6936.168937
stage3-round-calibrated-p3-0011-add3c3cccd875779,3,calibrated,broad_joint,development,extreme,scan_then_clear,mixed_extreme150_after_observable_screen,unresolved,True,True,joint,True,0,153.61579699999947,153.61579699999947,-3.0934946932821177,4965.768887,5119.384684
stage3-round-calibrated-p3-0012-820fe45f62c481e3,3,calibrated,smoothed_joint,development,correlated,immediate,mixed_correlated150_after_observable_screen,unresolved,True,True,joint,True,0,2112.2161600000004,2112.2161600000004,-54.815293964335055,3853.333636,5965.549796
stage3-round-calibrated-p3-0012-820fe45f62c481e3,3,calibrated,smoothed_joint,development,correlated,scan_then_clear,mixed_correlated150_after_observable_screen,unresolved,True,True,joint,True,0,502.18611999999985,502.18611999999985,-13.032510741045002,3853.333636,4355.519756
stage3-round-calibrated-p3-0013-10e5fcb23c097ed9,3,calibrated,broad_joint,development,correlated,immediate,mixed_correlated150_after_observable_screen,unresolved,True,True,joint,True,0,2670.041958,2670.041958,-52.18734708944463,5116.263054,7786.305012
stage3-round-calibrated-p3-0013-10e5fcb23c097ed9,3,calibrated,broad_joint,development,correlated,scan_then_clear,mixed_correlated150_after_observable_screen,unresolved,True,True,joint,True,0,804.6258330000001,804.6258330000001,-15.726826875543995,5116.263054,5920.888887
stage3-round-calibrated-p3-0015-fd72c21ef4cdb2a8,3,calibrated,broad_joint,development,extreme,immediate,mixed_extreme150_after_observable_screen,unresolved,True,True,joint,True,0,1196.7492069999998,1196.7492069999998,-26.231887626081264,4562.192489,5758.941696
stage3-round-calibrated-p3-0015-fd72c21ef4cdb2a8,3,calibrated,broad_joint,development,extreme,scan_then_clear,mixed_extreme150_after_observable_screen,unresolved,True,True,joint,True,0,288.0394889999998,288.0394889999998,-6.313619815351894,4562.192489,4850.231978
stage3-round-calibrated-p3-0016-c8453db280a827fa,3,calibrated,smoothed_joint,development,correlated,immediate,mixed_correlated150_after_observable_screen,unresolved,True,True,joint,True,0,2147.175553,2147.175553,-45.206229476210254,4749.733782,6896.909335
stage3-round-calibrated-p3-0016-c8453db280a827fa,3,calibrated,smoothed_joint,development,correlated,scan_then_clear,mixed_correlated150_after_observable_screen,unresolved,True,True,joint,True,0,700.0608869999996,700.0608869999996,-14.738949994482018,4749.733782,5449.794669
stage3-round-calibrated-p3-0017-b16af29fa22a4222,3,calibrated,broad_joint,development,correlated,immediate,mixed_correlated150_after_observable_screen,unresolved,True,True,joint,True,0,2505.654195,2505.654195,-56.41094843422139,4441.787037,6947.441232
stage3-round-calibrated-p3-0017-b16af29fa22a4222,3,calibrated,broad_joint,development,correlated,scan_then_clear,mixed_correlated150_after_observable_screen,unresolved,True,True,joint,True,0,661.0568430000003,661.0568430000003,-14.882677568586912,4441.787037,5102.84388
stage3-round-calibrated-p3-0018-d9702c7593761278,3,calibrated,smoothed_joint,development,extreme,immediate,mixed_extreme150_after_observable_screen,unresolved,True,True,joint,True,0,3141.7034700000004,3141.7034700000004,-69.55238802184218,4517.031779,7658.735249
stage3-round-calibrated-p3-0018-d9702c7593761278,3,calibrated,smoothed_joint,development,extreme,scan_then_clear,mixed_extreme150_after_observable_screen,unresolved,True,True,joint,True,0,1314.2564430000002,1314.2564430000002,-29.095576637518278,4517.031779,5831.288222
stage3-round-calibrated-p3-0019-5c1e8501720bb90d,3,calibrated,broad_joint,development,extreme,immediate,mixed_extreme150_after_observable_screen,unresolved,True,True,joint,True,0,2772.428454,2772.428454,-65.83813790529271,4210.976407,6983.404861
stage3-round-calibrated-p3-0019-5c1e8501720bb90d,3,calibrated,broad_joint,development,extreme,scan_then_clear,mixed_extreme150_after_observable_screen,unresolved,True,True,joint,True,0,933.6874630000002,933.6874630000002,-22.17270705786693,4210.976407,5144.66387
stage3-round-calibrated-p3-0021-8797256668e696dd,3,calibrated,broad_joint,development,correlated,immediate,mixed_correlated150_after_observable_screen,unresolved,True,True,joint,True,0,2329.687669000001,2329.687669000001,-52.18629438188441,4464.17531,6793.862979
stage3-round-calibrated-p3-0021-8797256668e696dd,3,calibrated,broad_joint,development,correlated,scan_then_clear,mixed_correlated150_after_observable_screen,unresolved,True,True,joint,True,0,579.272508,579.272508,-12.976025083566892,4464.17531,5043.447818
stage3-round-calibrated-p3-0022-096afcc1eb0f4b0e,3,calibrated,smoothed_joint,development,extreme,immediate,mixed_extreme150_after_observable_screen,unresolved,True,True,joint,True,0,2371.6687629999997,2371.6687629999997,-55.39758971337489,4281.176808,6652.845571
stage3-round-calibrated-p3-0022-096afcc1eb0f4b0e,3,calibrated,smoothed_joint,development,extreme,scan_then_clear,mixed_extreme150_after_observable_screen,unresolved,True,True,joint,True,0,569.8354570000001,569.8354570000001,-13.310252824297747,4281.176808,4851.012265
stage3-round-calibrated-p3-0023-bf959baa593315bb,3,calibrated,broad_joint,development,extreme,immediate,mixed_extreme150_after_observable_screen,unresolved,True,True,joint,True,0,2741.895769999999,2741.895769999999,-66.50246504649576,4122.998701,6864.894471
stage3-round-calibrated-p3-0023-bf959baa593315bb,3,calibrated,broad_joint,development,extreme,scan_then_clear,mixed_extreme150_after_observable_screen,unresolved,True,True,joint,True,0,1224.3495809999995,1224.3495809999995,-29.69560918617421,4122.998701,5347.348282
stage3-round-calibrated-p3-0024-22419a73d38d63f5,3,calibrated,smoothed_joint,development,correlated,immediate,mixed_correlated150_after_observable_screen,unresolved,True,True,joint,True,0,1719.8215810000002,1719.8215810000002,-36.473510986527934,4715.261938,6435.083519
stage3-round-calibrated-p3-0024-22419a73d38d63f5,3,calibrated,smoothed_joint,development,correlated,scan_then_clear,mixed_correlated150_after_observable_screen,unresolved,True,True,joint,True,0,315.4869870000002,315.4869870000002,-6.69076270095433,4715.261938,5030.748925
stage3-round-calibrated-p3-0026-3107c8fcb07e9dc3,3,calibrated,smoothed_joint,development,extreme,immediate,mixed_extreme150_after_observable_screen,unresolved,True,True,joint,True,0,2215.316218,2215.316218,-47.94199628003,4620.825977,6836.142195
stage3-round-calibrated-p3-0026-3107c8fcb07e9dc3,3,calibrated,smoothed_joint,development,extreme,scan_then_clear,mixed_extreme150_after_observable_screen,unresolved,True,True,joint,True,0,997.6334149999993,997.6334149999993,-21.589936949923775,4620.825977,5618.459392
stage3-round-calibrated-p3-0027-d17020043de298d6,3,calibrated,broad_joint,development,extreme,immediate,mixed_extreme150_after_observable_screen,unresolved,True,True,joint,True,0,2297.38289,2297.38289,-46.494173563148024,4941.2275,7238.61039
stage3-round-calibrated-p3-0027-d17020043de298d6,3,calibrated,broad_joint,development,extreme,scan_then_clear,mixed_extreme150_after_observable_screen,unresolved,True,True,joint,True,0,493.9582650000002,493.9582650000002,-9.996671171282848,4941.2275,5435.185765
stage3-round-calibrated-p3-0029-8d7ebbd30597d2b0,3,calibrated,broad_joint,development,correlated,immediate,mixed_correlated150_after_observable_screen,unresolved,True,True,joint,True,0,1861.1998699999995,1861.1998699999995,-40.08967493985705,4642.591572,6503.791442
stage3-round-calibrated-p3-0029-8d7ebbd30597d2b0,3,calibrated,broad_joint,development,correlated,scan_then_clear,mixed_correlated150_after_observable_screen,unresolved,True,True,joint,True,0,715.5022229999995,715.5022229999995,-15.411698658035634,4642.591572,5358.093795
stage3-round-calibrated-p3-0030-c77a6567e38139a0,3,calibrated,smoothed_joint,development,extreme,immediate,mixed_extreme150_after_observable_screen,unresolved,True,True,joint,True,0,1089.835956,1089.835956,-23.39512881741914,4658.388353,5748.224309
stage3-round-calibrated-p3-0030-c77a6567e38139a0,3,calibrated,smoothed_joint,development,extreme,scan_then_clear,mixed_extreme150_after_observable_screen,unresolved,True,True,joint,True,0,-248.94382600000063,-248.94382600000063,5.343990391863334,4658.388353,4409.444527
stage3-round-calibrated-p3-0031-4fec995b37d8057c,3,calibrated,broad_joint,development,extreme,immediate,mixed_extreme150_after_observable_screen,unresolved,True,True,joint,True,0,1797.4143139999996,1797.4143139999996,-36.970015036120564,4861.816562,6659.230876
stage3-round-calibrated-p3-0031-4fec995b37d8057c,3,calibrated,broad_joint,development,extreme,scan_then_clear,mixed_extreme150_after_observable_screen,unresolved,True,True,joint,True,0,510.5108680000003,510.5108680000003,-10.500414021996585,4861.816562,5372.32743
stage3-round-calibrated-p3-0032-c6fc168899a6c72f,3,calibrated,smoothed_joint,development,correlated,immediate,mixed_correlated150_after_observable_screen,unresolved,True,True,joint,True,0,1827.2068269999995,1827.2068269999995,-45.43490545635862,4021.592669,5848.799496
stage3-round-calibrated-p3-0032-c6fc168899a6c72f,3,calibrated,smoothed_joint,development,correlated,scan_then_clear,mixed_correlated150_after_observable_screen,unresolved,True,True,joint,True,0,634.1661939999999,634.1661939999999,-15.769030983381272,4021.592669,4655.758863
stage3-round-calibrated-p3-0033-13ea86c5726dc628,3,calibrated,broad_joint,development,correlated,immediate,mixed_correlated150_after_observable_screen,unresolved,True,True,joint,True,0,2292.626483,2292.626483,-50.070923718144485,4578.758115,6871.384598
stage3-round-calibrated-p3-0033-13ea86c5726dc628,3,calibrated,broad_joint,development,correlated,scan_then_clear,mixed_correlated150_after_observable_screen,unresolved,True,True,joint,True,0,1038.1841620000005,1038.1841620000005,-22.67392458664527,4578.758115,5616.942277
stage3-round-calibrated-p3-0034-f26e20935c0e30eb,3,calibrated,smoothed_joint,development,extreme,immediate,mixed_extreme150_after_observable_screen,unresolved,True,True,joint,True,0,3288.848175,3288.848175,-76.42576103766348,4303.324076,7592.172251
stage3-round-calibrated-p3-0034-f26e20935c0e30eb,3,calibrated,smoothed_joint,development,extreme,scan_then_clear,mixed_extreme150_after_observable_screen,unresolved,True,True,joint,True,0,1397.0607449999998,1397.0607449999998,-32.46468823464924,4303.324076,5700.384821
stage3-round-calibrated-p3-0035-629238ec7a348460,3,calibrated,broad_joint,development,extreme,immediate,mixed_extreme150_after_observable_screen,unresolved,True,True,joint,True,0,1851.311106,1851.311106,-44.839126853659536,4128.784916,5980.096022
stage3-round-calibrated-p3-0035-629238ec7a348460,3,calibrated,broad_joint,development,extreme,scan_then_clear,mixed_extreme150_after_observable_screen,unresolved,True,True,joint,True,0,441.94838700000037,441.94838700000037,-10.704078705755483,4128.784916,4570.733303
stage3-round-calibrated-p3-0036-c7aca80e3db78349,3,calibrated,smoothed_joint,development,correlated,immediate,mixed_correlated150_after_observable_screen,unresolved,True,True,joint,True,0,1999.3450679999996,1999.3450679999996,-50.819799649790866,3934.185262,5933.53033
stage3-round-calibrated-p3-0036-c7aca80e3db78349,3,calibrated,smoothed_joint,development,correlated,scan_then_clear,mixed_correlated150_after_observable_screen,unresolved,True,True,joint,True,0,591.9550580000005,591.9550580000005,-15.046445924081153,3934.185262,4526.14032
stage3-round-calibrated-p3-0037-b34aa0941b07e4c0,3,calibrated,broad_joint,development,correlated,immediate,mixed_correlated150_after_observable_screen,unresolved,True,True,joint,True,0,1418.2286730000005,1418.2286730000005,-32.74057243646124,4331.716178,5749.944851
stage3-round-calibrated-p3-0037-b34aa0941b07e4c0,3,calibrated,broad_joint,development,correlated,scan_then_clear,mixed_correlated150_after_observable_screen,unresolved,True,True,joint,True,0,2.924502000000757,2.924502000000757,-0.0675137031104155,4331.716178,4334.64068
stage3-round-calibrated-p3-0038-ac4d4d7b24e59f33,3,calibrated,smoothed_joint,development,extreme,immediate,mixed_extreme150_after_observable_screen,unresolved,True,True,joint,True,0,2894.455744,2894.455744,-60.09528653763701,4816.443869,7710.899613
stage3-round-calibrated-p3-0038-ac4d4d7b24e59f33,3,calibrated,smoothed_joint,development,extreme,scan_then_clear,mixed_extreme150_after_observable_screen,unresolved,True,True,joint,True,0,725.1518510000005,725.1518510000005,-15.055752142515017,4816.443869,5541.59572
stage3-round-calibrated-p3-0039-87520cfa546207e4,3,calibrated,broad_joint,development,extreme,immediate,mixed_extreme150_after_observable_screen,unresolved,True,True,joint,True,0,2412.802044,2412.802044,-57.71688359666648,4180.409429,6593.211473
stage3-round-calibrated-p3-0039-87520cfa546207e4,3,calibrated,broad_joint,development,extreme,scan_then_clear,mixed_extreme150_after_observable_screen,unresolved,True,True,joint,True,0,1560.7629719999995,1560.7629719999995,-37.33517011929023,4180.409429,5741.172401
stage3-round-calibrated-p3-0040-df5fb08bf51b0ee0,3,calibrated,smoothed_joint,development,correlated,immediate,mixed_correlated150_after_observable_screen,unresolved,True,True,joint,True,0,2215.5566500000004,2215.5566500000004,-54.614779185320934,4056.697991,6272.254641
stage3-round-calibrated-p3-0040-df5fb08bf51b0ee0,3,calibrated,smoothed_joint,development,correlated,scan_then_clear,mixed_correlated150_after_observable_screen,unresolved,True,True,joint,True,0,68.42060899999979,68.42060899999979,-1.6866083980566102,4056.697991,4125.1186
stage3-round-calibrated-p3-0041-ca94fbe83bf3440f,3,calibrated,broad_joint,development,correlated,immediate,mixed_correlated150_after_observable_screen,unresolved,True,True,joint,True,0,2547.9744020000003,2547.9744020000003,-67.47500157889252,3776.175387,6324.149789
stage3-round-calibrated-p3-0041-ca94fbe83bf3440f,3,calibrated,broad_joint,development,correlated,scan_then_clear,mixed_correlated150_after_observable_screen,unresolved,True,True,joint,True,0,626.4040690000006,626.4040690000006,-16.588320318925923,3776.175387,4402.579456
stage3-round-calibrated-p3-0042-753518708985429e,3,calibrated,smoothed_joint,development,extreme,immediate,mixed_extreme150_after_observable_screen,unresolved,True,True,joint,True,0,2022.570991,2022.570991,-52.858968741769786,3826.353482,5848.924473
stage3-round-calibrated-p3-0042-753518708985429e,3,calibrated,smoothed_joint,development,extreme,scan_then_clear,mixed_extreme150_after_observable_screen,unresolved,True,True,joint,True,0,538.3971239999996,538.3971239999996,-14.070762843337317,3826.353482,4364.750606
stage3-round-calibrated-p3-0043-08e501c26fd919f6,3,calibrated,broad_joint,development,extreme,immediate,mixed_extreme150_after_observable_screen,unresolved,True,True,joint,True,0,2841.798127,2841.798127,-61.859311968006104,4593.969827,7435.767954
stage3-round-calibrated-p3-0043-08e501c26fd919f6,3,calibrated,broad_joint,development,extreme,scan_then_clear,mixed_extreme150_after_observable_screen,unresolved,True,True,joint,True,0,384.1426879999999,384.1426879999999,-8.36188966114426,4593.969827,4978.112515
stage3-round-calibrated-p3-0044-596e50ae268a0059,3,calibrated,smoothed_joint,development,correlated,immediate,mixed_correlated150_after_observable_screen,unresolved,True,True,joint,True,0,2186.852315,2186.852315,-43.06352108254052,5078.201364,7265.053679
stage3-round-calibrated-p3-0044-596e50ae268a0059,3,calibrated,smoothed_joint,development,correlated,scan_then_clear,mixed_correlated150_after_observable_screen,unresolved,True,True,joint,True,0,688.9255970000004,688.9255970000004,-13.56633082500193,5078.201364,5767.126961
stage3-round-calibrated-p3-0045-7d753ad5f2825ebc,3,calibrated,broad_joint,development,correlated,immediate,mixed_correlated150_after_observable_screen,unresolved,True,True,joint,True,0,1851.0614690000002,1851.0614690000002,-45.3705872735567,4079.87108,5930.932549
stage3-round-calibrated-p3-0045-7d753ad5f2825ebc,3,calibrated,broad_joint,development,correlated,scan_then_clear,mixed_correlated150_after_observable_screen,unresolved,True,True,joint,True,0,563.7702410000002,563.7702410000002,-13.818334696007115,4079.87108,4643.641321
stage3-round-calibrated-p3-0046-4e99b4afc559bd79,3,calibrated,smoothed_joint,development,extreme,immediate,mixed_extreme150_after_observable_screen,unresolved,True,True,joint,True,0,2637.9939749999994,2637.9939749999994,-60.372468562050535,4369.531407,7007.525382
stage3-round-calibrated-p3-0046-4e99b4afc559bd79,3,calibrated,smoothed_joint,development,extreme,scan_then_clear,mixed_extreme150_after_observable_screen,unresolved,True,True,joint,True,0,744.9711359999992,744.9711359999992,-17.049222596421977,4369.531407,5114.502543
stage3-round-calibrated-p3-0047-787f203877673440,3,calibrated,broad_joint,development,extreme,immediate,mixed_extreme150_after_observable_screen,unresolved,True,True,joint,True,0,1460.6573600000002,1460.6573600000002,-32.01030955347417,4563.084145,6023.741505
stage3-round-calibrated-p3-0047-787f203877673440,3,calibrated,broad_joint,development,extreme,scan_then_clear,mixed_extreme150_after_observable_screen,unresolved,True,True,joint,True,0,10.174238999999943,10.174238999999943,-0.22296847212752732,4563.084145,4573.258384
stage3-round-calibrated-p3-0048-e9cee4eedf48f3ee,3,calibrated,smoothed_joint,development,correlated,immediate,mixed_correlated150_after_observable_screen,unresolved,True,True,joint,True,0,-180.4100469999994,-180.4100469999994,3.4413195315416245,5242.46718,5062.057133
stage3-round-calibrated-p3-0048-e9cee4eedf48f3ee,3,calibrated,smoothed_joint,development,correlated,scan_then_clear,mixed_correlated150_after_observable_screen,unresolved,True,True,joint,True,0,-185.41023499999937,-185.41023499999937,3.536698059023412,5242.46718,5057.056945
stage3-round-calibrated-p3-0051-d8748a369d0e465d,3,calibrated,broad_joint,development,extreme,immediate,mixed_extreme150_after_observable_screen,unresolved,True,True,joint,True,0,1707.8737970000002,1707.8737970000002,-35.1152593232429,4863.622909,6571.496706
stage3-round-calibrated-p3-0051-d8748a369d0e465d,3,calibrated,broad_joint,development,extreme,scan_then_clear,mixed_extreme150_after_observable_screen,unresolved,True,True,joint,True,0,257.6457989999999,257.6457989999999,-5.297404914415414,4863.622909,5121.268708
stage3-round-calibrated-p3-0052-eac7f07b9d697b1b,3,calibrated,smoothed_joint,development,correlated,immediate,mixed_correlated150_after_observable_screen,unresolved,True,True,joint,True,0,1493.9342959999994,1493.9342959999994,-36.216138359822146,4125.051327,5618.985623
stage3-round-calibrated-p3-0052-eac7f07b9d697b1b,3,calibrated,smoothed_joint,development,correlated,scan_then_clear,mixed_correlated150_after_observable_screen,unresolved,True,True,joint,True,0,867.9416169999995,867.9416169999995,-21.040747088866453,4125.051327,4992.992944
stage3-round-calibrated-p3-0053-605ac4f5fafee21e,3,calibrated,broad_joint,development,correlated,immediate,mixed_correlated150_after_observable_screen,unresolved,True,True,joint,True,0,2204.0069519999997,2204.0069519999997,-42.21474320260381,5220.941275,7424.948227
stage3-round-calibrated-p3-0053-605ac4f5fafee21e,3,calibrated,broad_joint,development,correlated,scan_then_clear,mixed_correlated150_after_observable_screen,unresolved,True,True,joint,True,0,615.4336839999996,615.4336839999996,-11.787791733014648,5220.941275,5836.374959
stage3-round-calibrated-p3-0054-71e14413e147d28c,3,calibrated,smoothed_joint,development,extreme,immediate,mixed_extreme150_after_observable_screen,unresolved,True,True,joint,True,0,1594.3523260000002,1594.3523260000002,-39.69718609834324,4016.285492,5610.637818
stage3-round-calibrated-p3-0054-71e14413e147d28c,3,calibrated,smoothed_joint,development,extreme,scan_then_clear,mixed_extreme150_after_observable_screen,unresolved,True,True,joint,True,0,292.7136099999998,292.7136099999998,-7.288167402019931,4016.285492,4308.999102
stage3-round-calibrated-p3-0055-04952b1788eb6f29,3,calibrated,broad_joint,development,extreme,immediate,mixed_extreme150_after_observable_screen,unresolved,True,True,joint,True,0,2263.688182,2263.688182,-58.147868417594076,3892.985665,6156.673847
stage3-round-calibrated-p3-0055-04952b1788eb6f29,3,calibrated,broad_joint,development,extreme,scan_then_clear,mixed_extreme150_after_observable_screen,unresolved,True,True,joint,True,0,799.7545030000001,799.7545030000001,-20.543474130670862,3892.985665,4692.740168
stage3-round-calibrated-p3-0056-86b44b645abdf90d,3,calibrated,smoothed_joint,development,correlated,immediate,mixed_correlated150_after_observable_screen,unresolved,True,True,joint,True,0,1300.055209,1300.055209,-29.019630935917565,4479.916412,5779.971621
stage3-round-calibrated-p3-0056-86b44b645abdf90d,3,calibrated,smoothed_joint,development,correlated,scan_then_clear,mixed_correlated150_after_observable_screen,unresolved,True,True,joint,True,0,-30.577550999999403,-30.577550999999403,0.6825473555286372,4479.916412,4449.338861
stage3-round-calibrated-p3-0057-38453a2f5a4f7511,3,calibrated,broad_joint,development,correlated,immediate,mixed_correlated150_after_observable_screen,unresolved,True,True,joint,True,0,2130.4643180000003,2130.4643180000003,-44.275469690486325,4811.839,6942.303318
stage3-round-calibrated-p3-0057-38453a2f5a4f7511,3,calibrated,broad_joint,development,correlated,scan_then_clear,mixed_correlated150_after_observable_screen,unresolved,True,True,joint,True,0,210.14532099999997,210.14532099999997,-4.367255866208325,4811.839,5021.984321
stage3-round-calibrated-p3-0058-5fcb14410712aa5e,3,calibrated,smoothed_joint,development,extreme,immediate,mixed_extreme150_after_observable_screen,unresolved,True,True,joint,True,0,1976.7975139999999,1976.7975139999999,-56.92273060002066,3472.773518,5449.571032
stage3-round-calibrated-p3-0058-5fcb14410712aa5e,3,calibrated,smoothed_joint,development,extreme,scan_then_clear,mixed_extreme150_after_observable_screen,unresolved,True,True,joint,True,0,1094.328907,1094.328907,-31.511669313529936,3472.773518,4567.102425
stage3-round-calibrated-p3-0059-7c64df4875a3b53d,3,calibrated,broad_joint,development,extreme,immediate,mixed_extreme150_after_observable_screen,unresolved,True,True,joint,True,0,1608.0492629999999,1608.0492629999999,-33.84929719696412,4750.613443,6358.662706
stage3-round-calibrated-p3-0059-7c64df4875a3b53d,3,calibrated,broad_joint,development,extreme,scan_then_clear,mixed_extreme150_after_observable_screen,unresolved,True,True,joint,True,0,828.6030700000001,828.6030700000001,-17.442022592281038,4750.613443,5579.216513
stage3-round-calibrated-p3-0060-775080333ab60374,3,calibrated,smoothed_joint,development,correlated,immediate,mixed_correlated150_after_observable_screen,unresolved,True,True,joint,True,0,1702.000199,1702.000199,-40.93430225588274,4157.882522,5859.882721
stage3-round-calibrated-p3-0060-775080333ab60374,3,calibrated,smoothed_joint,development,correlated,scan_then_clear,mixed_correlated150_after_observable_screen,unresolved,True,True,joint,True,0,744.2684440000003,744.2684440000003,-17.90017972037355,4157.882522,4902.150966
stage3-round-calibrated-p3-0064-15a54c74a75bd629,3,calibrated,smoothed_joint,development,correlated,immediate,mixed_correlated150_after_observable_screen,unresolved,True,True,joint,True,0,2718.603051,2718.603051,-57.4075759473683,4735.617218,7454.220269
stage3-round-calibrated-p3-0064-15a54c74a75bd629,3,calibrated,smoothed_joint,development,correlated,scan_then_clear,mixed_correlated150_after_observable_screen,unresolved,True,True,joint,True,0,346.055018,346.055018,-7.307495561183678,4735.617218,5081.672236
stage3-round-calibrated-p3-0066-e1de637408e14015,3,calibrated,smoothed_joint,development,extreme,immediate,mixed_extreme150_after_observable_screen,unresolved,True,True,joint,True,0,2994.1040409999996,2994.1040409999996,-75.68859028456954,3955.819536,6949.923577
stage3-round-calibrated-p3-0066-e1de637408e14015,3,calibrated,smoothed_joint,development,extreme,scan_then_clear,mixed_extreme150_after_observable_screen,unresolved,True,True,joint,True,0,1296.5070750000004,1296.5070750000004,-32.77467698415251,3955.819536,5252.326611
stage3-round-calibrated-p3-0067-6cd543d89ac8177d,3,calibrated,broad_joint,development,extreme,immediate,mixed_extreme150_after_observable_screen,unresolved,True,True,joint,True,0,1417.8036519999996,1417.8036519999996,-29.85657409613594,4748.715132,6166.518784
stage3-round-calibrated-p3-0067-6cd543d89ac8177d,3,calibrated,broad_joint,development,extreme,scan_then_clear,mixed_extreme150_after_observable_screen,unresolved,True,True,joint,True,0,-252.65576800000053,-252.65576800000053,5.320507989570441,4748.715132,4496.059364
stage3-round-calibrated-p3-0068-84c5dafb3bcc3d61,3,calibrated,smoothed_joint,development,correlated,immediate,mixed_correlated150_after_observable_screen,unresolved,True,True,joint,True,0,2511.042128,2511.042128,-54.44814068766616,4611.805098,7122.847226
stage3-round-calibrated-p3-0068-84c5dafb3bcc3d61,3,calibrated,smoothed_joint,development,correlated,scan_then_clear,mixed_correlated150_after_observable_screen,unresolved,True,True,joint,True,0,173.69881600000008,173.69881600000008,-3.7663954202081955,4611.805098,4785.503914
stage3-round-calibrated-p3-0069-4b0e8743790df192,3,calibrated,broad_joint,development,correlated,immediate,mixed_correlated150_after_observable_screen,unresolved,True,True,joint,True,0,3416.7379200000005,3416.7379200000005,-76.92896118175956,4441.419548,7858.157468
stage3-round-calibrated-p3-0069-4b0e8743790df192,3,calibrated,broad_joint,development,correlated,scan_then_clear,mixed_correlated150_after_observable_screen,unresolved,True,True,joint,True,0,721.5207030000001,721.5207030000001,-16.24527237749709,4441.419548,5162.940251
stage3-round-calibrated-p3-0071-b966368fd9d82c14,3,calibrated,broad_joint,development,extreme,immediate,mixed_extreme150_after_observable_screen,unresolved,True,True,joint,True,0,3243.3693989999997,3243.3693989999997,-82.63967612868521,3924.712137,7168.081536
stage3-round-calibrated-p3-0071-b966368fd9d82c14,3,calibrated,broad_joint,development,extreme,scan_then_clear,mixed_extreme150_after_observable_screen,unresolved,True,True,joint,True,0,1060.4576220000004,1060.4576220000004,-27.020010257633842,3924.712137,4985.169759
stage3-round-calibrated-p3-0072-f3c7df429acce61e,3,calibrated,smoothed_joint,development,correlated,immediate,mixed_correlated150_after_observable_screen,unresolved,True,True,joint,True,0,899.482892,899.482892,-20.633334150271388,4359.36764,5258.850532
stage3-round-calibrated-p3-0072-f3c7df429acce61e,3,calibrated,smoothed_joint,development,correlated,scan_then_clear,mixed_correlated150_after_observable_screen,unresolved,True,True,joint,True,0,653.4050379999999,653.4050379999999,-14.988527969162057,4359.36764,5012.772678
stage3-round-calibrated-p3-0074-b42c1966dd829f69,3,calibrated,smoothed_joint,development,extreme,immediate,mixed_extreme150_after_observable_screen,unresolved,True,True,joint,True,0,783.6301940000003,783.6301940000003,-18.780717272742606,4172.525376,4956.15557
stage3-round-calibrated-p3-0074-b42c1966dd829f69,3,calibrated,smoothed_joint,development,extreme,scan_then_clear,mixed_extreme150_after_observable_screen,unresolved,True,True,joint,True,0,770.2418960000005,770.2418960000005,-18.459849290081358,4172.525376,4942.767272
stage3-round-calibrated-p3-0077-5121cabafbfb988c,3,calibrated,broad_joint,development,correlated,immediate,mixed_correlated150_after_observable_screen,unresolved,True,True,joint,True,0,1934.9363330000006,1934.9363330000006,-40.564806246816076,4769.987859,6704.924192
stage3-round-calibrated-p3-0077-5121cabafbfb988c,3,calibrated,broad_joint,development,correlated,scan_then_clear,mixed_correlated150_after_observable_screen,unresolved,True,True,joint,True,0,571.6388670000006,571.6388670000006,-11.984073836192978,4769.987859,5341.626726
stage3-round-calibrated-p3-0079-2603d9f8f4b14cb0,3,calibrated,broad_joint,development,extreme,immediate,mixed_extreme150_after_observable_screen,unresolved,True,True,joint,True,0,2483.0467590000007,2483.0467590000007,-49.544235427862546,5011.777329,7494.824088
stage3-round-calibrated-p3-0079-2603d9f8f4b14cb0,3,calibrated,broad_joint,development,extreme,scan_then_clear,mixed_extreme150_after_observable_screen,unresolved,True,True,joint,True,0,166.16383700000006,166.16383700000006,-3.315467270233946,5011.777329,5177.941166
stage3-round-calibrated-p4-0000-81e09e9a347ba46e,4,calibrated,smoothed_joint,development,correlated,immediate,mixed_correlated150_after_observable_screen,unresolved,True,True,joint,True,0,-455.1042550000002,-455.1042550000002,3.606839002136605,12617.814511,12162.710256
stage3-round-calibrated-p4-0000-81e09e9a347ba46e,4,calibrated,smoothed_joint,development,correlated,scan_then_clear,mixed_correlated150_after_observable_screen,unresolved,True,True,joint,True,0,108.47086599999966,108.47086599999966,-0.8596644522348665,12617.814511,12726.285377
stage3-round-calibrated-p4-0001-f619a86d736aef29,4,calibrated,broad_joint,development,correlated,immediate,mixed_correlated150_after_observable_screen,unresolved,True,True,joint,True,0,821.7101320000002,821.7101320000002,-7.145962094611889,11498.943335,12320.653467
stage3-round-calibrated-p4-0001-f619a86d736aef29,4,calibrated,broad_joint,development,correlated,scan_then_clear,mixed_correlated150_after_observable_screen,unresolved,True,True,joint,True,0,354.84511399999974,354.84511399999974,-3.0858932309018092,11498.943335,11853.788449
stage3-round-calibrated-p4-0002-9827e0e5fb9042f8,4,calibrated,smoothed_joint,development,extreme,immediate,mixed_extreme150_after_observable_screen,unresolved,True,True,joint,True,0,1936.6201729999993,1936.6201729999993,-16.482646320030902,11749.449302,13686.069475
stage3-round-calibrated-p4-0002-9827e0e5fb9042f8,4,calibrated,smoothed_joint,development,extreme,scan_then_clear,mixed_extreme150_after_observable_screen,unresolved,True,True,joint,True,0,788.0440799999997,788.0440799999997,-6.707072474161476,11749.449302,12537.493382
stage3-round-calibrated-p4-0003-d1e156aad77f3705,4,calibrated,broad_joint,development,extreme,immediate,mixed_extreme150_after_observable_screen,unresolved,True,True,joint,True,0,2691.800303,2691.800303,-24.627796968342047,10929.927295,13621.727598
stage3-round-calibrated-p4-0003-d1e156aad77f3705,4,calibrated,broad_joint,development,extreme,scan_then_clear,mixed_extreme150_after_observable_screen,unresolved,True,True,joint,True,0,701.3731480000006,701.3731480000006,-6.416997378572229,10929.927295,11631.300443
stage3-round-calibrated-p4-0005-dc19e1b93ead6ac2,4,calibrated,broad_joint,development,correlated,immediate,mixed_correlated150_after_observable_screen,unresolved,True,True,joint,True,0,1234.3937499999993,1234.3937499999993,-10.624236766585483,11618.658141,12853.051891
stage3-round-calibrated-p4-0005-dc19e1b93ead6ac2,4,calibrated,broad_joint,development,correlated,scan_then_clear,mixed_correlated150_after_observable_screen,unresolved,True,True,joint,True,0,-28.065726000000723,-28.065726000000723,0.2415573783082764,11618.658141,11590.592415
stage3-round-calibrated-p4-0006-cd7a25d78b221379,4,calibrated,smoothed_joint,development,extreme,immediate,mixed_extreme150_after_observable_screen,unresolved,True,True,joint,True,0,2449.6771180000014,2449.6771180000014,-25.21487378035361,9715.206744,12164.883862
stage3-round-calibrated-p4-0006-cd7a25d78b221379,4,calibrated,smoothed_joint,development,extreme,scan_then_clear,mixed_extreme150_after_observable_screen,unresolved,True,True,joint,True,0,1969.2450930000014,1969.2450930000014,-20.26971885303609,9715.206744,11684.451837
stage3-round-calibrated-p4-0007-11e13d30509eb669,4,calibrated,broad_joint,development,extreme,immediate,mixed_extreme150_after_observable_screen,unresolved,True,True,joint,True,0,1987.9177619999991,1987.9177619999991,-18.971707684616998,10478.328019,12466.245781
stage3-round-calibrated-p4-0007-11e13d30509eb669,4,calibrated,broad_joint,development,extreme,scan_then_clear,mixed_extreme150_after_observable_screen,unresolved,True,True,joint,True,0,562.1597779999993,562.1597779999993,-5.3649759482682144,10478.328019,11040.487797
stage3-round-calibrated-p4-0008-d39582c629caa348,4,calibrated,smoothed_joint,development,correlated,immediate,mixed_correlated150_after_observable_screen,unresolved,True,True,joint,True,0,890.9332959999992,890.9332959999992,-8.118626314278492,10973.941422,11864.874718
stage3-round-calibrated-p4-0008-d39582c629caa348,4,calibrated,smoothed_joint,development,correlated,scan_then_clear,mixed_correlated150_after_observable_screen,unresolved,True,True,joint,True,0,851.3171189999994,851.3171189999994,-7.757624050127715,10973.941422,11825.258541
stage3-round-calibrated-p4-0009-e98cd10a2e791bad,4,calibrated,broad_joint,development,correlated,immediate,mixed_correlated150_after_observable_screen,unresolved,True,True,joint,True,0,2542.2067929999994,2542.2067929999994,-23.82162654155207,10671.843875,13214.050668
stage3-round-calibrated-p4-0009-e98cd10a2e791bad,4,calibrated,broad_joint,development,correlated,scan_then_clear,mixed_correlated150_after_observable_screen,unresolved,True,True,joint,True,0,1193.1430929999988,1193.1430929999988,-11.180289994637864,10671.843875,11864.986968
stage3-round-calibrated-p4-0010-c871357802efa9b3,4,calibrated,smoothed_joint,development,extreme,immediate,mixed_extreme150_after_observable_screen,unresolved,True,True,joint,True,0,2277.7278349999997,2277.7278349999997,-20.82568671447396,10937.107939,13214.835774
stage3-round-calibrated-p4-0010-c871357802efa9b3,4,calibrated,smoothed_joint,development,extreme,scan_then_clear,mixed_extreme150_after_observable_screen,unresolved,True,True,joint,True,0,629.4192160000002,629.4192160000002,-5.75489626243507,10937.107939,11566.527155
stage3-round-calibrated-p4-0011-0e71437b6480ac46,4,calibrated,broad_joint,development,extreme,immediate,mixed_extreme150_after_observable_screen,unresolved,True,True,joint,True,0,1790.0427289999989,1790.0427289999989,-15.319388374370423,11684.818514,13474.861243
stage3-round-calibrated-p4-0011-0e71437b6480ac46,4,calibrated,broad_joint,development,extreme,scan_then_clear,mixed_extreme150_after_observable_screen,unresolved,True,True,joint,True,0,-660.4368880000002,-660.4368880000002,5.652093673587716,11684.818514,11024.381626
stage3-round-calibrated-p4-0012-789b95926e7a900c,4,calibrated,smoothed_joint,development,correlated,immediate,mixed_correlated150_after_observable_screen,unresolved,True,True,joint,True,0,2991.102164,2991.102164,-30.17593481685772,9912.210449,12903.312613
stage3-round-calibrated-p4-0012-789b95926e7a900c,4,calibrated,smoothed_joint,development,correlated,scan_then_clear,mixed_correlated150_after_observable_screen,unresolved,True,True,joint,True,0,1153.7432040000003,1153.7432040000003,-11.639615703643544,9912.210449,11065.953653
stage3-round-calibrated-p4-0013-ad6cbf68d693a677,4,calibrated,broad_joint,development,correlated,immediate,mixed_correlated150_after_observable_screen,unresolved,True,True,joint,True,0,129.84928899999977,129.84928899999977,-1.0336828594993783,12561.811179,12691.660468
stage3-round-calibrated-p4-0013-ad6cbf68d693a677,4,calibrated,broad_joint,development,correlated,scan_then_clear,mixed_correlated150_after_observable_screen,unresolved,True,True,joint,True,0,-1022.1820929999994,-1022.1820929999994,8.137219055710815,12561.811179,11539.629086
stage3-round-calibrated-p4-0014-5f53bf0e3822f778,4,calibrated,smoothed_joint,development,extreme,immediate,mixed_extreme150_after_observable_screen,unresolved,True,True,joint,True,0,1279.7832629999994,1279.7832629999994,-9.910673676731314,12913.181331,14192.964594
stage3-round-calibrated-p4-0014-5f53bf0e3822f778,4,calibrated,smoothed_joint,development,extreme,scan_then_clear,mixed_extreme150_after_observable_screen,unresolved,True,True,joint,True,0,1064.4947730000004,1064.4947730000004,-8.243474212234,12913.181331,13977.676104
stage3-round-calibrated-p4-0015-9d5c91fff62d1ca7,4,calibrated,broad_joint,development,extreme,immediate,mixed_extreme150_after_observable_screen,unresolved,True,True,joint,True,0,1598.5005140000012,1598.5005140000012,-13.627148145060069,11730.264447,13328.764961
stage3-round-calibrated-p4-0015-9d5c91fff62d1ca7,4,calibrated,broad_joint,development,extreme,scan_then_clear,mixed_extreme150_after_observable_screen,unresolved,True,True,joint,True,0,372.4098720000002,372.4098720000002,-3.1747781448801313,11730.264447,12102.674319
stage3-round-calibrated-p4-0017-ddf253acc4cbd499,4,calibrated,broad_joint,development,correlated,immediate,mixed_correlated150_after_observable_screen,unresolved,True,True,joint,True,0,1812.5724320000008,1812.5724320000008,-18.489415125880214,9803.297831,11615.870263
stage3-round-calibrated-p4-0017-ddf253acc4cbd499,4,calibrated,broad_joint,development,correlated,scan_then_clear,mixed_correlated150_after_observable_screen,unresolved,True,True,joint,True,0,1360.7533870000007,1360.7533870000007,-13.88056764629781,9803.297831,11164.051218
stage3-round-calibrated-p4-0018-16691437227b1c3e,4,calibrated,smoothed_joint,development,extreme,immediate,mixed_extreme150_after_observable_screen,unresolved,True,True,joint,True,0,2798.939091,2798.939091,-24.827398174330266,11273.590053,14072.529144
stage3-round-calibrated-p4-0018-16691437227b1c3e,4,calibrated,smoothed_joint,development,extreme,scan_then_clear,mixed_extreme150_after_observable_screen,unresolved,True,True,joint,True,0,844.9396899999992,844.9396899999992,-7.494859100142226,11273.590053,12118.529743
stage3-round-calibrated-p4-0019-2cfe5084266d79b6,4,calibrated,broad_joint,development,extreme,immediate,mixed_extreme150_after_observable_screen,unresolved,True,True,joint,True,0,3027.0141280000007,3027.0141280000007,-28.5534162673547,10601.23279,13628.246918
stage3-round-calibrated-p4-0019-2cfe5084266d79b6,4,calibrated,broad_joint,development,extreme,scan_then_clear,mixed_extreme150_after_observable_screen,unresolved,True,True,joint,True,0,905.3418750000001,905.3418750000001,-8.539967878584807,10601.23279,11506.574665
stage3-round-calibrated-p4-0020-869990e971cdc956,4,calibrated,smoothed_joint,development,correlated,immediate,mixed_correlated150_after_observable_screen,unresolved,True,True,joint,True,0,1859.407165999999,1859.407165999999,-16.82571420292114,11050.985079,12910.392245
stage3-round-calibrated-p4-0020-869990e971cdc956,4,calibrated,smoothed_joint,development,correlated,scan_then_clear,mixed_correlated150_after_observable_screen,unresolved,True,True,joint,True,0,995.5174029999998,995.5174029999998,-9.008404190969044,11050.985079,12046.502482
stage3-round-calibrated-p4-0021-82d77ce370fc184b,4,calibrated,broad_joint,development,correlated,immediate,mixed_correlated150_after_observable_screen,unresolved,True,True,joint,True,0,938.2935949999992,938.2935949999992,-8.80416804084281,10657.379444,11595.673039
stage3-round-calibrated-p4-0021-82d77ce370fc184b,4,calibrated,broad_joint,development,correlated,scan_then_clear,mixed_correlated150_after_observable_screen,unresolved,True,True,joint,True,0,621.4206570000006,621.4206570000006,-5.830895486693535,10657.379444,11278.800101
stage3-round-calibrated-p4-0022-4f173ffcfa7924c8,4,calibrated,smoothed_joint,development,extreme,immediate,mixed_extreme150_after_observable_screen,unresolved,True,True,joint,True,0,1906.414972999999,1906.414972999999,-15.829185779080708,12043.670468,13950.085441
stage3-round-calibrated-p4-0022-4f173ffcfa7924c8,4,calibrated,smoothed_joint,development,extreme,scan_then_clear,mixed_extreme150_after_observable_screen,unresolved,True,True,joint,True,0,-28.96897600000011,-28.96897600000011,0.2405327850589287,12043.670468,12014.701492
stage3-round-calibrated-p4-0023-6be56a701fc6e00f,4,calibrated,broad_joint,development,extreme,immediate,mixed_extreme150_after_observable_screen,unresolved,True,True,joint,True,0,2241.574405000001,2241.574405000001,-21.583556334941484,10385.565614,12627.140019
stage3-round-calibrated-p4-0023-6be56a701fc6e00f,4,calibrated,broad_joint,development,extreme,scan_then_clear,mixed_extreme150_after_observable_screen,unresolved,True,True,joint,True,0,997.3590110000005,997.3590110000005,-9.60331914571447,10385.565614,11382.924625
stage3-round-calibrated-p4-0024-0b91eabfecdeb0dd,4,calibrated,smoothed_joint,development,correlated,immediate,mixed_correlated150_after_observable_screen,unresolved,True,True,joint,True,0,1774.405655999999,1774.405655999999,-16.133453105595553,10998.300515,12772.706171
stage3-round-calibrated-p4-0024-0b91eabfecdeb0dd,4,calibrated,smoothed_joint,development,correlated,scan_then_clear,mixed_correlated150_after_observable_screen,unresolved,True,True,joint,True,0,281.0408469999984,281.0408469999984,-2.5553115830641437,10998.300515,11279.341362
stage3-round-calibrated-p4-0025-e786dbc7306786c0,4,calibrated,broad_joint,development,correlated,immediate,mixed_correlated150_after_observable_screen,unresolved,True,True,joint,True,0,1989.731077999999,1989.731077999999,-18.927516520739413,10512.372692,12502.10377
stage3-round-calibrated-p4-0025-e786dbc7306786c0,4,calibrated,broad_joint,development,correlated,scan_then_clear,mixed_correlated150_after_observable_screen,unresolved,True,True,joint,True,0,624.1867219999986,624.1867219999986,-5.9376388213006335,10512.372692,11136.559414
stage3-round-calibrated-p4-0027-1ddc8be342d66a0f,4,calibrated,broad_joint,development,extreme,immediate,mixed_extreme150_after_observable_screen,unresolved,True,True,joint,True,0,64.60052199999882,64.60052199999882,-0.6762121787394165,9553.291708,9617.89223
stage3-round-calibrated-p4-0027-1ddc8be342d66a0f,4,calibrated,broad_joint,development,extreme,scan_then_clear,mixed_extreme150_after_observable_screen,unresolved,True,True,joint,True,0,1671.105212999999,1671.105212999999,-17.492454580870827,9553.291708,11224.396921
stage3-round-calibrated-p4-0028-c5324a0516179430,4,calibrated,smoothed_joint,development,correlated,immediate,mixed_correlated150_after_observable_screen,unresolved,True,True,joint,True,0,2068.689617,2068.689617,-19.94732176793891,10370.76376,12439.453377
stage3-round-calibrated-p4-0028-c5324a0516179430,4,calibrated,smoothed_joint,development,correlated,scan_then_clear,mixed_correlated150_after_observable_screen,unresolved,True,True,joint,True,0,215.3034179999995,215.3034179999995,-2.076061348831646,10370.76376,10586.067178
stage3-round-calibrated-p4-0031-1efea84902da3a1c,4,calibrated,broad_joint,development,extreme,immediate,mixed_extreme150_after_observable_screen,unresolved,True,True,joint,True,0,2572.4786939999995,2572.4786939999995,-26.131769579199894,9844.257528,12416.736222
stage3-round-calibrated-p4-0031-1efea84902da3a1c,4,calibrated,broad_joint,development,extreme,scan_then_clear,mixed_extreme150_after_observable_screen,unresolved,True,True,joint,True,0,728.070169999999,728.070169999999,-7.3958870735466915,9844.257528,10572.327698
stage3-round-calibrated-p4-0032-8d8b8103d309cf50,4,calibrated,smoothed_joint,development,correlated,immediate,mixed_correlated150_after_observable_screen,unresolved,True,True,joint,True,0,1437.8627719999986,1437.8627719999986,-13.966754175787177,10294.895678,11732.75845
stage3-round-calibrated-p4-0032-8d8b8103d309cf50,4,calibrated,smoothed_joint,development,correlated,scan_then_clear,mixed_correlated150_after_observable_screen,unresolved,True,True,joint,True,0,568.3715589999993,568.3715589999993,-5.520906445070625,10294.895678,10863.267237
stage3-round-calibrated-p4-0034-5a91233dcd07b1f8,4,calibrated,smoothed_joint,development,extreme,immediate,mixed_extreme150_after_observable_screen,unresolved,True,True,joint,True,0,1273.4405339999994,1273.4405339999994,-12.75155865126223,9986.548067,11259.988601
stage3-round-calibrated-p4-0034-5a91233dcd07b1f8,4,calibrated,smoothed_joint,development,extreme,scan_then_clear,mixed_extreme150_after_observable_screen,unresolved,True,True,joint,True,0,811.5339160000003,811.5339160000003,-8.126270564717649,9986.548067,10798.081983
stage3-round-calibrated-p4-0035-d5f6d1e9b46ce7e2,4,calibrated,broad_joint,development,extreme,immediate,mixed_extreme150_after_observable_screen,unresolved,True,True,joint,True,0,621.338244999999,621.338244999999,-4.86490395370079,12771.850193,13393.188438
stage3-round-calibrated-p4-0035-d5f6d1e9b46ce7e2,4,calibrated,broad_joint,development,extreme,scan_then_clear,mixed_extreme150_after_observable_screen,unresolved,True,True,joint,True,0,1300.9291699999994,1300.9291699999994,-10.185910031367367,12771.850193,14072.779363
stage3-round-calibrated-p4-0036-f538a71f9ec4e05e,4,calibrated,smoothed_joint,development,correlated,immediate,mixed_correlated150_after_observable_screen,unresolved,True,True,joint,True,0,1709.1939310000016,1709.1939310000016,-16.813032664178298,10165.887173,11875.081104
stage3-round-calibrated-p4-0036-f538a71f9ec4e05e,4,calibrated,smoothed_joint,development,correlated,scan_then_clear,mixed_correlated150_after_observable_screen,unresolved,True,True,joint,True,0,1979.8496220000015,1979.8496220000015,-19.475423918321326,10165.887173,12145.736795
stage3-round-calibrated-p4-0037-476adecb78151877,4,calibrated,broad_joint,development,correlated,immediate,mixed_correlated150_after_observable_screen,unresolved,True,True,joint,True,0,992.4280399999989,992.4280399999989,-8.972899934387838,11060.282041,12052.710081
stage3-round-calibrated-p4-0037-476adecb78151877,4,calibrated,broad_joint,development,correlated,scan_then_clear,mixed_correlated150_after_observable_screen,unresolved,True,True,joint,True,0,549.5918490000004,549.5918490000004,-4.969058175575329,11060.282041,11609.87389
stage3-round-calibrated-p4-0038-64544d277b1b4722,4,calibrated,smoothed_joint,development,extreme,immediate,mixed_extreme150_after_observable_screen,unresolved,True,True,joint,True,0,1504.185966000001,1504.185966000001,-14.668336946008502,10254.645578,11758.831544
stage3-round-calibrated-p4-0038-64544d277b1b4722,4,calibrated,smoothed_joint,development,extreme,scan_then_clear,mixed_extreme150_after_observable_screen,unresolved,True,True,joint,True,0,1590.5228160000006,1590.5228160000006,-15.51026609259182,10254.645578,11845.168394
stage3-round-calibrated-p4-0039-d96bfdcbe70f4168,4,calibrated,broad_joint,development,extreme,immediate,mixed_extreme150_after_observable_screen,unresolved,True,True,joint,True,0,1387.920137000001,1387.920137000001,-13.720608843700786,10115.587091,11503.507228
stage3-round-calibrated-p4-0039-d96bfdcbe70f4168,4,calibrated,broad_joint,development,extreme,scan_then_clear,mixed_extreme150_after_observable_screen,unresolved,True,True,joint,True,0,974.6950699999998,974.6950699999998,-9.635575881376194,10115.587091,11090.282161
stage3-round-calibrated-p4-0042-03808217a7ac2fe7,4,calibrated,smoothed_joint,development,extreme,immediate,mixed_extreme150_after_observable_screen,unresolved,True,True,joint,True,0,1192.369748000001,1192.369748000001,-11.592597300927338,10285.613457,11477.983205
stage3-round-calibrated-p4-0042-03808217a7ac2fe7,4,calibrated,smoothed_joint,development,extreme,scan_then_clear,mixed_extreme150_after_observable_screen,unresolved,True,True,joint,True,0,1434.779359,1434.779359,-13.949380510926584,10285.613457,11720.392816
stage3-round-calibrated-p4-0043-d978297a2bed0d8f,4,calibrated,broad_joint,development,extreme,immediate,mixed_extreme150_after_observable_screen,unresolved,True,True,joint,True,0,1816.358592999999,1816.358592999999,-17.995231503875495,10093.555021,11909.913614
stage3-round-calibrated-p4-0043-d978297a2bed0d8f,4,calibrated,broad_joint,development,extreme,scan_then_clear,mixed_extreme150_after_observable_screen,unresolved,True,True,joint,True,0,2045.4922449999995,2045.4922449999995,-20.26533011158388,10093.555021,12139.047266
stage3-round-calibrated-p4-0044-c91742c70a7b2ebb,4,calibrated,smoothed_joint,development,correlated,immediate,mixed_correlated150_after_observable_screen,unresolved,True,True,joint,True,0,1631.6118869999991,1631.6118869999991,-13.164623562648629,12393.912209,14025.524096
stage3-round-calibrated-p4-0044-c91742c70a7b2ebb,4,calibrated,smoothed_joint,development,correlated,scan_then_clear,mixed_correlated150_after_observable_screen,unresolved,True,True,joint,True,0,-68.08296300000075,-68.08296300000075,0.5493258452368367,12393.912209,12325.829246
stage3-round-calibrated-p4-0046-b8795460d642bb5f,4,calibrated,smoothed_joint,development,extreme,immediate,mixed_extreme150_after_observable_screen,unresolved,True,True,joint,True,0,2532.977537999999,2532.977537999999,-24.422707980309454,10371.403286,12904.380824
stage3-round-calibrated-p4-0046-b8795460d642bb5f,4,calibrated,smoothed_joint,development,extreme,scan_then_clear,mixed_extreme150_after_observable_screen,unresolved,True,True,joint,True,0,734.872793999999,734.872793999999,-7.085567629907694,10371.403286,11106.27608
stage3-round-calibrated-p4-0047-f40a712062c15aba,4,calibrated,broad_joint,development,extreme,immediate,mixed_extreme150_after_observable_screen,unresolved,True,True,joint,True,0,1486.043009000001,1486.043009000001,-13.201056615961082,11257.000498,12743.043507
stage3-round-calibrated-p4-0047-f40a712062c15aba,4,calibrated,broad_joint,development,extreme,scan_then_clear,mixed_extreme150_after_observable_screen,unresolved,True,True,joint,True,0,2300.9797070000004,2300.9797070000004,-20.440433554291918,11257.000498,13557.980205
stage3-round-calibrated-p4-0048-2d96380dd0e72aa7,4,calibrated,smoothed_joint,development,correlated,immediate,mixed_correlated150_after_observable_screen,unresolved,True,True,joint,True,0,496.2374770000006,496.2374770000006,-3.9325464717431426,12618.731414,13114.968891
stage3-round-calibrated-p4-0048-2d96380dd0e72aa7,4,calibrated,smoothed_joint,development,correlated,scan_then_clear,mixed_correlated150_after_observable_screen,unresolved,True,True,joint,True,0,-1283.9399030000004,-1283.9399030000004,10.174873058757065,12618.731414,11334.791511
stage3-round-calibrated-p4-0049-6c03284cd754072e,4,calibrated,broad_joint,development,correlated,immediate,mixed_correlated150_after_observable_screen,unresolved,True,True,joint,True,0,1703.8530929999997,1703.8530929999997,-14.952142464761511,11395.377599,13099.230692
stage3-round-calibrated-p4-0049-6c03284cd754072e,4,calibrated,broad_joint,development,correlated,scan_then_clear,mixed_correlated150_after_observable_screen,unresolved,True,True,joint,True,0,1236.171945,1236.171945,-10.848012137030723,11395.377599,12631.549544
stage3-round-calibrated-p4-0051-f089b7522106fe35,4,calibrated,broad_joint,development,extreme,immediate,mixed_extreme150_after_observable_screen,unresolved,True,True,joint,True,0,1548.9545799999996,1548.9545799999996,-12.899205551592326,12008.139368,13557.093948
stage3-round-calibrated-p4-0051-f089b7522106fe35,4,calibrated,broad_joint,development,extreme,scan_then_clear,mixed_extreme150_after_observable_screen,unresolved,True,True,joint,True,0,-183.96904499999982,-183.96904499999982,1.5320362244483223,12008.139368,11824.170323
stage3-round-calibrated-p4-0052-73779999ac7324a8,4,calibrated,smoothed_joint,development,correlated,immediate,mixed_correlated150_after_observable_screen,unresolved,True,True,joint,True,0,1584.69326,1584.69326,-14.573186714484097,10874.033875,12458.727135
stage3-round-calibrated-p4-0052-73779999ac7324a8,4,calibrated,smoothed_joint,development,correlated,scan_then_clear,mixed_correlated150_after_observable_screen,unresolved,True,True,joint,True,0,2352.6506370000006,2352.6506370000006,-21.635491153001404,10874.033875,13226.684512
stage3-round-calibrated-p4-0053-0a5be7f4519d468c,4,calibrated,broad_joint,development,correlated,immediate,mixed_correlated150_after_observable_screen,unresolved,True,True,joint,True,0,2434.6098939999993,2434.6098939999993,-23.475697963612916,10370.766815,12805.376709
stage3-round-calibrated-p4-0053-0a5be7f4519d468c,4,calibrated,broad_joint,development,correlated,scan_then_clear,mixed_correlated150_after_observable_screen,unresolved,True,True,joint,True,0,826.1713849999996,826.1713849999996,-7.9663480988218485,10370.766815,11196.9382
stage3-round-calibrated-p4-0055-b5daa4e04df44e1c,4,calibrated,broad_joint,development,extreme,immediate,mixed_extreme150_after_observable_screen,unresolved,True,True,joint,True,0,2263.307616,2263.307616,-20.166624160835504,11223.036627,13486.344243
stage3-round-calibrated-p4-0055-b5daa4e04df44e1c,4,calibrated,broad_joint,development,extreme,scan_then_clear,mixed_extreme150_after_observable_screen,unresolved,True,True,joint,True,0,1218.8373080000001,1218.8373080000001,-10.860138378839135,11223.036627,12441.873935
stage3-round-calibrated-p4-0056-b0e70e83c14655ef,4,calibrated,smoothed_joint,development,correlated,immediate,mixed_correlated150_after_observable_screen,unresolved,True,True,joint,True,0,1950.7727599999998,1950.7727599999998,-18.39139728716461,10606.985046,12557.757806
stage3-round-calibrated-p4-0056-b0e70e83c14655ef,4,calibrated,smoothed_joint,development,correlated,scan_then_clear,mixed_correlated150_after_observable_screen,unresolved,True,True,joint,True,0,769.8141539999997,769.8141539999997,-7.257615153236256,10606.985046,11376.7992
stage3-round-calibrated-p4-0057-b49a95b683a206e8,4,calibrated,broad_joint,development,correlated,immediate,mixed_correlated150_after_observable_screen,unresolved,True,True,joint,True,0,2719.6575289999982,2719.6575289999982,-28.024219869171354,9704.668111,12424.32564
stage3-round-calibrated-p4-0057-b49a95b683a206e8,4,calibrated,broad_joint,development,correlated,scan_then_clear,mixed_correlated150_after_observable_screen,unresolved,True,True,joint,True,0,544.4553459999988,544.4553459999988,-5.610241790575735,9704.668111,10249.123457
stage3-round-calibrated-p4-0058-21214e6527864dd3,4,calibrated,smoothed_joint,development,extreme,immediate,mixed_extreme150_after_observable_screen,unresolved,True,True,joint,True,0,2278.433194000001,2278.433194000001,-21.236348958754405,10728.930846,13007.36404
stage3-round-calibrated-p4-0058-21214e6527864dd3,4,calibrated,smoothed_joint,development,extreme,scan_then_clear,mixed_extreme150_after_observable_screen,unresolved,True,True,joint,True,0,1359.0323910000006,1359.0323910000006,-12.666988076511652,10728.930846,12087.963237
stage3-round-calibrated-p4-0059-6e93b8e58e3c0828,4,calibrated,broad_joint,development,extreme,immediate,mixed_extreme150_after_observable_screen,unresolved,True,True,joint,True,0,3206.476832999999,3206.476832999999,-28.230883965284676,11358.046163,14564.522996
stage3-round-calibrated-p4-0059-6e93b8e58e3c0828,4,calibrated,broad_joint,development,extreme,scan_then_clear,mixed_extreme150_after_observable_screen,unresolved,True,True,joint,True,0,909.8483039999992,909.8483039999992,-8.010605793837353,11358.046163,12267.894467
stage3-round-calibrated-p4-0060-13bcc86f7b9cfc45,4,calibrated,smoothed_joint,development,correlated,immediate,mixed_correlated150_after_observable_screen,unresolved,True,True,joint,True,0,2544.9297370000004,2544.9297370000004,-25.088491217606403,10143.813412,12688.743149
stage3-round-calibrated-p4-0060-13bcc86f7b9cfc45,4,calibrated,smoothed_joint,development,correlated,scan_then_clear,mixed_correlated150_after_observable_screen,unresolved,True,True,joint,True,0,1851.1781870000013,1851.1781870000013,-18.24933199983826,10143.813412,11994.991599
stage3-round-calibrated-p4-0061-4d9524c88740654c,4,calibrated,broad_joint,development,correlated,immediate,mixed_correlated150_after_observable_screen,unresolved,True,True,joint,True,0,3979.1172619999998,3979.1172619999998,-45.49521591462,8746.232284,12725.349546
stage3-round-calibrated-p4-0061-4d9524c88740654c,4,calibrated,broad_joint,development,correlated,scan_then_clear,mixed_correlated150_after_observable_screen,unresolved,True,True,joint,True,0,2161.4380839999994,2161.4380839999994,-24.712790763104316,8746.232284,10907.670368
stage3-round-calibrated-p4-0062-b84565d0467af997,4,calibrated,smoothed_joint,development,extreme,immediate,mixed_extreme150_after_observable_screen,unresolved,True,True,joint,True,0,3966.518526,3966.518526,-36.583808057683214,10842.278966,14808.797492
stage3-round-calibrated-p4-0062-b84565d0467af997,4,calibrated,smoothed_joint,development,extreme,scan_then_clear,mixed_extreme150_after_observable_screen,unresolved,True,True,joint,True,0,716.3851369999993,716.3851369999993,-6.607329872681669,10842.278966,11558.664103
stage3-round-calibrated-p4-0063-6b0c0e4a49aebb0c,4,calibrated,broad_joint,development,extreme,immediate,mixed_extreme150_after_observable_screen,unresolved,True,True,joint,True,0,2759.737531999999,2759.737531999999,-28.486578065852925,9687.852032,12447.589564
stage3-round-calibrated-p4-0063-6b0c0e4a49aebb0c,4,calibrated,broad_joint,development,extreme,scan_then_clear,mixed_extreme150_after_observable_screen,unresolved,True,True,joint,True,0,1680.506981999999,1680.506981999999,-17.34653849428239,9687.852032,11368.359014
stage3-round-calibrated-p4-0064-b373cf753365ddbe,4,calibrated,smoothed_joint,development,correlated,immediate,mixed_correlated150_after_observable_screen,unresolved,True,True,joint,True,0,1576.1525779999993,1576.1525779999993,-14.79976822598973,10649.846362,12225.99894
stage3-round-calibrated-p4-0064-b373cf753365ddbe,4,calibrated,smoothed_joint,development,correlated,scan_then_clear,mixed_correlated150_after_observable_screen,unresolved,True,True,joint,True,0,443.8610979999994,443.8610979999994,-4.167769965055571,10649.846362,11093.70746
stage3-round-calibrated-p4-0066-b6be899cdf4474a1,4,calibrated,smoothed_joint,development,extreme,immediate,mixed_extreme150_after_observable_screen,unresolved,True,True,joint,True,0,1427.2016469999999,1427.2016469999999,-12.916873694014743,11049.125979,12476.327626
stage3-round-calibrated-p4-0066-b6be899cdf4474a1,4,calibrated,smoothed_joint,development,extreme,scan_then_clear,mixed_extreme150_after_observable_screen,unresolved,True,True,joint,True,0,591.9020270000001,591.9020270000001,-5.357003152330517,11049.125979,11641.028006
stage3-round-calibrated-p4-0069-f2d232d9b1138018,4,calibrated,broad_joint,development,correlated,immediate,mixed_correlated150_after_observable_screen,unresolved,True,True,joint,True,0,2366.539903000001,2366.539903000001,-23.76092326396797,9959.79776,12326.337663
stage3-round-calibrated-p4-0069-f2d232d9b1138018,4,calibrated,broad_joint,development,correlated,scan_then_clear,mixed_correlated150_after_observable_screen,unresolved,True,True,joint,True,0,302.5990890000012,302.5990890000012,-3.0382051552822014,9959.79776,10262.396849
stage3-round-calibrated-p4-0070-9f19acb0e55aca80,4,calibrated,smoothed_joint,development,extreme,immediate,mixed_extreme150_after_observable_screen,unresolved,True,True,joint,True,0,2190.389148,2190.389148,-22.018677837704406,9947.868642,12138.25779
stage3-round-calibrated-p4-0070-9f19acb0e55aca80,4,calibrated,smoothed_joint,development,extreme,scan_then_clear,mixed_extreme150_after_observable_screen,unresolved,True,True,joint,True,0,881.8469120000009,881.8469120000009,-8.864681910623895,9947.868642,10829.715554
stage3-round-calibrated-p4-0072-8eae4fe0fb61db6b,4,calibrated,smoothed_joint,development,correlated,immediate,mixed_correlated150_after_observable_screen,unresolved,True,True,joint,True,0,1695.9656599999998,1695.9656599999998,-14.968483241576648,11330.243904,13026.209564
stage3-round-calibrated-p4-0072-8eae4fe0fb61db6b,4,calibrated,smoothed_joint,development,correlated,scan_then_clear,mixed_correlated150_after_observable_screen,unresolved,True,True,joint,True,0,875.2947069999991,875.2947069999991,-7.725294481003956,11330.243904,12205.538611
stage3-round-calibrated-p4-0073-73fb549911a3af85,4,calibrated,broad_joint,development,correlated,immediate,mixed_correlated150_after_observable_screen,unresolved,True,True,joint,True,0,2715.415053999999,2715.415053999999,-24.81471045289673,10942.763403,13658.178457
stage3-round-calibrated-p4-0073-73fb549911a3af85,4,calibrated,broad_joint,development,correlated,scan_then_clear,mixed_correlated150_after_observable_screen,unresolved,True,True,joint,True,0,1119.6683299999986,1119.6683299999986,-10.232043669088535,10942.763403,12062.431733
stage3-round-calibrated-p4-0074-911cc8d7a34d7f43,4,calibrated,smoothed_joint,development,extreme,immediate,mixed_extreme150_after_observable_screen,unresolved,True,True,joint,True,0,2765.2560700000013,2765.2560700000013,-26.404795109815,10472.55265,13237.80872
stage3-round-calibrated-p4-0074-911cc8d7a34d7f43,4,calibrated,smoothed_joint,development,extreme,scan_then_clear,mixed_extreme150_after_observable_screen,unresolved,True,True,joint,True,0,466.44234400000096,466.44234400000096,-4.4539508139880395,10472.55265,10938.994994
stage3-round-calibrated-p4-0076-5e632d2793b047a6,4,calibrated,smoothed_joint,development,correlated,immediate,mixed_correlated150_after_observable_screen,unresolved,True,True,joint,True,0,2617.8616079999993,2617.8616079999993,-23.43048727189556,11172.885897,13790.747505
stage3-round-calibrated-p4-0076-5e632d2793b047a6,4,calibrated,smoothed_joint,development,correlated,scan_then_clear,mixed_correlated150_after_observable_screen,unresolved,True,True,joint,True,0,379.8592499999995,379.8592499999995,-3.399831104531323,11172.885897,11552.745147
stage3-round-calibrated-p4-0077-acc06fb71a44b6fd,4,calibrated,broad_joint,development,correlated,immediate,mixed_correlated150_after_observable_screen,unresolved,True,True,joint,True,0,3375.9012810000004,3375.9012810000004,-34.12352279540414,9893.179263,13269.080544
stage3-round-calibrated-p4-0077-acc06fb71a44b6fd,4,calibrated,broad_joint,development,correlated,scan_then_clear,mixed_correlated150_after_observable_screen,unresolved,True,True,joint,True,0,910.3278339999997,910.3278339999997,-9.201570190935291,9893.179263,10803.507097
stage3-round-calibrated-p4-0078-6979f047d6c31b14,4,calibrated,smoothed_joint,development,extreme,immediate,mixed_extreme150_after_observable_screen,unresolved,True,True,joint,True,0,1455.8326359999992,1455.8326359999992,-13.498187971565477,10785.393114,12241.22575
stage3-round-calibrated-p4-0078-6979f047d6c31b14,4,calibrated,smoothed_joint,development,extreme,scan_then_clear,mixed_extreme150_after_observable_screen,unresolved,True,True,joint,True,0,1759.6006739999993,1759.6006739999993,-16.314664244513686,10785.393114,12544.993788
stage3-round-calibrated-p4-0079-342ed3916bdef7a2,4,calibrated,broad_joint,development,extreme,immediate,mixed_extreme150_after_observable_screen,unresolved,True,True,joint,True,0,2193.255105,2193.255105,-20.59920980591372,10647.27786,12840.532965
stage3-round-calibrated-p4-0079-342ed3916bdef7a2,4,calibrated,broad_joint,development,extreme,scan_then_clear,mixed_extreme150_after_observable_screen,unresolved,True,True,joint,True,0,1064.6139280000007,1064.6139280000007,-9.998930637469064,10647.27786,11711.891788
stage3-round-stress-p3-0000-eb25c8476c67ffaf,3,stress,stress_design,development,deterministic,immediate,assumption__radius_min__noise_deterministic__scale_75,broad_or_stress_assumption,True,True,joint,True,0,650.5419200000006,650.5419200000006,-12.851208516761034,5062.106954,5712.648874
stage3-round-stress-p3-0000-eb25c8476c67ffaf,3,stress,stress_design,development,deterministic,scan_then_clear,assumption__radius_min__noise_deterministic__scale_75,broad_or_stress_assumption,True,True,joint,True,0,-126.34252500000002,-126.34252500000002,2.495848589294742,5062.106954,4935.764429
stage3-round-stress-p3-0001-1188bf8ecbfc196d,3,stress,stress_design,development,correlated,immediate,assumption__radius_min__noise_correlated__scale_75,broad_or_stress_assumption,True,True,joint,True,0,267.18309600000066,267.18309600000066,-5.449197145596779,4903.164427,5170.347523
stage3-round-stress-p3-0001-1188bf8ecbfc196d,3,stress,stress_design,development,correlated,scan_then_clear,assumption__radius_min__noise_correlated__scale_75,broad_or_stress_assumption,True,True,joint,True,0,30.748481999999967,30.748481999999967,-0.6271150490217889,4903.164427,4933.912909
stage3-round-stress-p3-0002-9ff4e5b66f12f18e,3,stress,stress_design,development,extreme,immediate,assumption__radius_min__noise_extreme__scale_75,broad_or_stress_assumption,True,True,joint,True,0,450.79238199999963,450.79238199999963,-10.655626477661846,4230.557283,4681.349665
stage3-round-stress-p3-0002-9ff4e5b66f12f18e,3,stress,stress_design,development,extreme,scan_then_clear,assumption__radius_min__noise_extreme__scale_75,broad_or_stress_assumption,True,True,joint,True,0,82.80306699999983,82.80306699999983,-1.957261454247039,4230.557283,4313.36035
stage3-round-stress-p3-0005-ada1a92a350d18f4,3,stress,stress_design,development,extreme,immediate,assumption__radius_max__noise_extreme__scale_75,broad_or_stress_assumption,True,True,joint,True,0,3582.3646380000005,3582.3646380000005,-88.2107817988996,4061.141467,7643.506105
stage3-round-stress-p3-0005-ada1a92a350d18f4,3,stress,stress_design,development,extreme,scan_then_clear,assumption__radius_max__noise_extreme__scale_75,broad_or_stress_assumption,True,True,joint,True,0,325.89661300000034,325.89661300000034,-8.024754016775066,4061.141467,4387.03808
stage3-round-stress-p3-0006-cd93e1ef9c389764,3,stress,stress_design,development,deterministic,immediate,assumption__radius_mixed__noise_deterministic__scale_75,broad_or_stress_assumption,True,True,joint,True,0,222.55796499999997,222.55796499999997,-4.469862913021743,4979.078091,5201.636056
stage3-round-stress-p3-0006-cd93e1ef9c389764,3,stress,stress_design,development,deterministic,scan_then_clear,assumption__radius_mixed__noise_deterministic__scale_75,broad_or_stress_assumption,True,True,joint,True,0,140.0087709999998,140.0087709999998,-2.811941657494277,4979.078091,5119.086862
stage3-round-stress-p3-0007-8cb689a604d542d4,3,stress,stress_design,development,correlated,immediate,assumption__radius_mixed__noise_correlated__scale_75,broad_or_stress_assumption,True,True,joint,True,0,431.3022379999993,431.3022379999993,-8.476364809290038,5088.292537,5519.594775
stage3-round-stress-p3-0007-8cb689a604d542d4,3,stress,stress_design,development,correlated,scan_then_clear,assumption__radius_mixed__noise_correlated__scale_75,broad_or_stress_assumption,True,True,joint,True,0,-234.5154790000006,-234.5154790000006,4.608922881196376,5088.292537,4853.777058
stage3-round-stress-p3-0009-44ad5722837e1d92,3,stress,stress_design,development,deterministic,immediate,assumption__radius_min__noise_deterministic__scale_150,broad_or_stress_assumption,True,True,joint,True,0,35.37173299999995,35.37173299999995,-0.7000256866956291,5052.919296,5088.291029
stage3-round-stress-p3-0009-44ad5722837e1d92,3,stress,stress_design,development,deterministic,scan_then_clear,assumption__radius_min__noise_deterministic__scale_150,broad_or_stress_assumption,True,True,joint,True,0,-185.23401999999987,-185.23401999999987,3.6658812292259473,5052.919296,4867.685276
stage3-round-stress-p3-0010-466f6bdfebfb31b2,3,stress,stress_design,development,correlated,immediate,assumption__radius_min__noise_correlated__scale_150,broad_or_stress_assumption,True,True,joint,True,0,-746.8120789999998,-746.8120789999998,19.10241254403895,3909.517069,3162.70499
stage3-round-stress-p3-0010-466f6bdfebfb31b2,3,stress,stress_design,development,correlated,scan_then_clear,assumption__radius_min__noise_correlated__scale_150,broad_or_stress_assumption,True,True,joint,True,0,509.40611599999966,509.40611599999966,-13.029898757554182,3909.517069,4418.923185
stage3-round-stress-p3-0011-b680d76011d596f0,3,stress,stress_design,development,extreme,immediate,assumption__radius_min__noise_extreme__scale_150,broad_or_stress_assumption,True,True,joint,True,0,2565.662991,2565.662991,-58.51530151490173,4384.601847,6950.264838
stage3-round-stress-p3-0011-b680d76011d596f0,3,stress,stress_design,development,extreme,scan_then_clear,assumption__radius_min__noise_extreme__scale_150,broad_or_stress_assumption,True,True,joint,True,0,-86.69696899999963,-86.69696899999963,1.9773053979648982,4384.601847,4297.904878
stage3-round-stress-p3-0012-0adb29311dec7242,3,stress,stress_design,development,deterministic,immediate,assumption__radius_max__noise_deterministic__scale_150,broad_or_stress_assumption,True,True,joint,True,0,2394.469392,2394.469392,-44.79699003962236,5345.156873,7739.626265
stage3-round-stress-p3-0012-0adb29311dec7242,3,stress,stress_design,development,deterministic,scan_then_clear,assumption__radius_max__noise_deterministic__scale_150,broad_or_stress_assumption,True,True,joint,True,0,-218.32358999999997,-218.32358999999997,4.084512301272547,5345.156873,5126.833283
stage3-round-stress-p3-0013-c2aca088b62bac57,3,stress,stress_design,development,correlated,immediate,assumption__radius_max__noise_correlated__scale_150,broad_or_stress_assumption,True,True,joint,True,0,936.0829120000008,936.0829120000008,-18.99386818957599,4928.342677,5864.425589
stage3-round-stress-p3-0013-c2aca088b62bac57,3,stress,stress_design,development,correlated,scan_then_clear,assumption__radius_max__noise_correlated__scale_150,broad_or_stress_assumption,True,True,joint,True,0,129.90905199999997,129.90905199999997,-2.635958181363288,4928.342677,5058.251729
stage3-round-stress-p3-0014-87b73d9f25cfae7e,3,stress,stress_design,development,extreme,immediate,assumption__radius_max__noise_extreme__scale_150,broad_or_stress_assumption,True,True,joint,True,0,121.74492800000007,121.74492800000007,-2.8145917635804754,4325.491518,4447.236446
stage3-round-stress-p3-0014-87b73d9f25cfae7e,3,stress,stress_design,development,extreme,scan_then_clear,assumption__radius_max__noise_extreme__scale_150,broad_or_stress_assumption,True,True,joint,True,0,68.42107600000054,68.42107600000054,-1.5818104304510752,4325.491518,4393.912594
stage3-round-stress-p3-0015-40012244ba3d6bb0,3,stress,stress_design,development,deterministic,immediate,assumption__radius_mixed__noise_deterministic__scale_150,broad_or_stress_assumption,True,True,joint,True,0,206.83670600000005,206.83670600000005,-4.196177576905193,4929.169517,5136.006223
stage3-round-stress-p3-0015-40012244ba3d6bb0,3,stress,stress_design,development,deterministic,scan_then_clear,assumption__radius_mixed__noise_deterministic__scale_150,broad_or_stress_assumption,True,True,joint,True,0,-97.61432200000036,-97.61432200000036,1.9803401295764433,4929.169517,4831.555195
stage3-round-stress-p3-0016-5c187dcdf9efce39,3,stress,stress_design,development,correlated,immediate,assumption__radius_mixed__noise_correlated__scale_150,broad_or_stress_assumption,True,True,joint,True,0,569.4648299999999,569.4648299999999,-13.656623594292343,4169.880103,4739.344933
stage3-round-stress-p3-0016-5c187dcdf9efce39,3,stress,stress_design,development,correlated,scan_then_clear,assumption__radius_mixed__noise_correlated__scale_150,broad_or_stress_assumption,True,True,joint,True,0,-125.09429300000056,-125.09429300000056,2.9999493968664006,4169.880103,4044.78581
stage3-round-stress-p3-0017-9e2ff01b26f69590,3,stress,stress_design,development,extreme,immediate,assumption__radius_mixed__noise_extreme__scale_150,broad_or_stress_assumption,True,True,joint,True,0,2021.794406,2021.794406,-52.723886402441906,3834.683943,5856.478349
stage3-round-stress-p3-0017-9e2ff01b26f69590,3,stress,stress_design,development,extreme,scan_then_clear,assumption__radius_mixed__noise_extreme__scale_150,broad_or_stress_assumption,True,True,joint,True,0,549.2751360000002,549.2751360000002,-14.323869819901875,3834.683943,4383.959079
stage3-round-stress-p3-0018-0998279f654d6540,3,stress,stress_design,development,deterministic,immediate,assumption__radius_min__noise_deterministic__scale_300,broad_or_stress_assumption,True,True,joint,True,0,637.7268320000003,637.7268320000003,-12.219783523419787,5218.806297,5856.533129
stage3-round-stress-p3-0018-0998279f654d6540,3,stress,stress_design,development,deterministic,scan_then_clear,assumption__radius_min__noise_deterministic__scale_300,broad_or_stress_assumption,True,True,joint,True,0,-297.29112199999963,-297.29112199999963,5.696534898620317,5218.806297,4921.515175
stage3-round-stress-p3-0020-f055735d3c9f1a41,3,stress,stress_design,development,extreme,immediate,assumption__radius_min__noise_extreme__scale_300,broad_or_stress_assumption,True,True,joint,True,0,64.19518400000015,64.19518400000015,-1.6242299573967298,3952.345769,4016.540953
stage3-round-stress-p3-0020-f055735d3c9f1a41,3,stress,stress_design,development,extreme,scan_then_clear,assumption__radius_min__noise_extreme__scale_300,broad_or_stress_assumption,True,True,joint,True,0,56.62633300000016,56.62633300000016,-1.4327272032762313,3952.345769,4008.972102
stage3-round-stress-p3-0021-29a11de908d9c30d,3,stress,stress_design,development,deterministic,immediate,assumption__radius_max__noise_deterministic__scale_300,broad_or_stress_assumption,True,True,joint,True,0,743.5704570000007,743.5704570000007,-14.853659661353527,5005.974783,5749.54524
stage3-round-stress-p3-0021-29a11de908d9c30d,3,stress,stress_design,development,deterministic,scan_then_clear,assumption__radius_max__noise_deterministic__scale_300,broad_or_stress_assumption,True,True,joint,True,0,-87.37764699999934,-87.37764699999934,1.7454671824702108,5005.974783,4918.597136
stage3-round-stress-p3-0022-d084df49d65d3358,3,stress,stress_design,development,correlated,immediate,assumption__radius_max__noise_correlated__scale_300,broad_or_stress_assumption,True,True,joint,True,0,26.783141000000796,26.783141000000796,-0.6232544863391303,4297.304165,4324.087306
stage3-round-stress-p3-0022-d084df49d65d3358,3,stress,stress_design,development,correlated,scan_then_clear,assumption__radius_max__noise_correlated__scale_300,broad_or_stress_assumption,True,True,joint,True,0,-310.40650999999934,-310.40650999999934,7.223284600800404,4297.304165,3986.897655
stage3-round-stress-p3-0023-f4465425ed9bb474,3,stress,stress_design,development,extreme,immediate,assumption__radius_max__noise_extreme__scale_300,broad_or_stress_assumption,True,True,joint,True,0,2532.0890259999996,2532.0890259999996,-62.99700036396605,4019.380306,6551.469332
stage3-round-stress-p3-0023-f4465425ed9bb474,3,stress,stress_design,development,extreme,scan_then_clear,assumption__radius_max__noise_extreme__scale_300,broad_or_stress_assumption,True,True,joint,True,0,390.5246189999998,390.5246189999998,-9.716040515425659,4019.380306,4409.904925
stage3-round-stress-p3-0024-97eda124048bd7db,3,stress,stress_design,development,deterministic,immediate,assumption__radius_mixed__noise_deterministic__scale_300,broad_or_stress_assumption,True,True,joint,True,0,1962.4665730000006,1962.4665730000006,-37.22796661892177,5271.484723,7233.951296
stage3-round-stress-p3-0024-97eda124048bd7db,3,stress,stress_design,development,deterministic,scan_then_clear,assumption__radius_mixed__noise_deterministic__scale_300,broad_or_stress_assumption,True,True,joint,True,0,-198.1804319999992,-198.1804319999992,3.7594803440351203,5271.484723,5073.304291
stage3-round-stress-p3-0025-6e1c9a7fd215cc5e,3,stress,stress_design,development,correlated,immediate,assumption__radius_mixed__noise_correlated__scale_300,broad_or_stress_assumption,True,True,joint,True,0,1285.7337120000002,1285.7337120000002,-25.149436534411404,5112.375819,6398.109531
stage3-round-stress-p3-0025-6e1c9a7fd215cc5e,3,stress,stress_design,development,correlated,scan_then_clear,assumption__radius_mixed__noise_correlated__scale_300,broad_or_stress_assumption,True,True,joint,True,0,-158.39876600000025,-158.39876600000025,3.0983396293229406,5112.375819,4953.977053
stage3-round-stress-p3-0028-2335f25ff369fcd7,3,stress,stress_design,development,correlated,immediate,assumption__radius_min__noise_correlated__scale_75,broad_or_stress_assumption,True,True,joint,True,0,248.88711500000045,248.88711500000045,-5.703024458295887,4364.12498,4613.012095
stage3-round-stress-p3-0028-2335f25ff369fcd7,3,stress,stress_design,development,correlated,scan_then_clear,assumption__radius_min__noise_correlated__scale_75,broad_or_stress_assumption,True,True,joint,True,0,-420.58275899999944,-420.58275899999944,9.637275763811866,4364.12498,3943.542221
stage3-round-stress-p3-0029-dfed1cf7d50a8b3b,3,stress,stress_design,development,extreme,immediate,assumption__radius_min__noise_extreme__scale_75,broad_or_stress_assumption,True,True,joint,True,0,2348.349909,2348.349909,-63.17289540840548,3717.337782,6065.687691
stage3-round-stress-p3-0029-dfed1cf7d50a8b3b,3,stress,stress_design,development,extreme,scan_then_clear,assumption__radius_min__noise_extreme__scale_75,broad_or_stress_assumption,True,True,joint,True,0,127.89850299999989,127.89850299999989,-3.4405940622158906,3717.337782,3845.236285
stage3-round-stress-p3-0030-9ad2a65941a4e182,3,stress,stress_design,development,deterministic,immediate,assumption__radius_max__noise_deterministic__scale_75,broad_or_stress_assumption,True,True,joint,True,0,1717.129935,1717.129935,-32.733217729551384,5245.832992,6962.962927
stage3-round-stress-p3-0030-9ad2a65941a4e182,3,stress,stress_design,development,deterministic,scan_then_clear,assumption__radius_max__noise_deterministic__scale_75,broad_or_stress_assumption,True,True,joint,True,0,-305.4206549999999,-305.4206549999999,5.822157424107335,5245.832992,4940.412337
stage3-round-stress-p3-0031-c68a18d43e43f2f8,3,stress,stress_design,development,correlated,immediate,assumption__radius_max__noise_correlated__scale_75,broad_or_stress_assumption,True,True,joint,True,0,1511.0909270000002,1511.0909270000002,-28.66955583467668,5270.716211,6781.807138
stage3-round-stress-p3-0031-c68a18d43e43f2f8,3,stress,stress_design,development,correlated,scan_then_clear,assumption__radius_max__noise_correlated__scale_75,broad_or_stress_assumption,True,True,joint,True,0,-187.05379699999958,-187.05379699999958,3.5489256016026394,5270.716211,5083.662414
stage3-round-stress-p3-0032-7971fb4d528b84ae,3,stress,stress_design,development,extreme,immediate,assumption__radius_max__noise_extreme__scale_75,broad_or_stress_assumption,True,True,joint,True,0,477.36766200000056,477.36766200000056,-11.044361346738064,4322.274933,4799.642595
stage3-round-stress-p3-0032-7971fb4d528b84ae,3,stress,stress_design,development,extreme,scan_then_clear,assumption__radius_max__noise_extreme__scale_75,broad_or_stress_assumption,True,True,joint,True,0,121.89997800000037,121.89997800000037,-2.820273580223,4322.274933,4444.174911
stage3-round-stress-p3-0033-3724780d62bb6232,3,stress,stress_design,development,deterministic,immediate,assumption__radius_mixed__noise_deterministic__scale_75,broad_or_stress_assumption,True,True,joint,True,0,1174.781739,1174.781739,-22.863702149774426,5138.195605,6312.977344
stage3-round-stress-p3-0033-3724780d62bb6232,3,stress,stress_design,development,deterministic,scan_then_clear,assumption__radius_mixed__noise_deterministic__scale_75,broad_or_stress_assumption,True,True,joint,True,0,92.95226000000002,92.95226000000002,-1.8090447920968167,5138.195605,5231.147865
stage3-round-stress-p3-0034-c8aed7b63eb7af95,3,stress,stress_design,development,correlated,immediate,assumption__radius_mixed__noise_correlated__scale_75,broad_or_stress_assumption,True,True,joint,True,0,389.10455299999967,389.10455299999967,-10.078468754794233,3860.7507,4249.855253
stage3-round-stress-p3-0034-c8aed7b63eb7af95,3,stress,stress_design,development,correlated,scan_then_clear,assumption__radius_mixed__noise_correlated__scale_75,broad_or_stress_assumption,True,True,joint,True,0,36.83852999999999,36.83852999999999,-0.9541804913743845,3860.7507,3897.58923
stage3-round-stress-p3-0036-f946c44bc138600d,3,stress,stress_design,development,deterministic,immediate,assumption__radius_min__noise_deterministic__scale_150,broad_or_stress_assumption,True,True,joint,True,0,317.4551099999999,317.4551099999999,-6.466032829409003,4909.580857,5227.035967
stage3-round-stress-p3-0036-f946c44bc138600d,3,stress,stress_design,development,deterministic,scan_then_clear,assumption__radius_min__noise_deterministic__scale_150,broad_or_stress_assumption,True,True,joint,True,0,9.714058000000477,9.714058000000477,-0.1978592120781621,4909.580857,4919.294915
stage3-round-stress-p3-0037-7ee37f869906b766,3,stress,stress_design,development,correlated,immediate,assumption__radius_min__noise_correlated__scale_150,broad_or_stress_assumption,True,True,joint,True,0,311.308438,311.308438,-5.939881906491839,5240.986991,5552.295429
stage3-round-stress-p3-0037-7ee37f869906b766,3,stress,stress_design,development,correlated,scan_then_clear,assumption__radius_min__noise_correlated__scale_150,broad_or_stress_assumption,True,True,joint,True,0,-214.396925,-214.396925,4.090773844090238,5240.986991,5026.590066
stage3-round-stress-p3-0038-4017f61399b51741,3,stress,stress_design,development,extreme,immediate,assumption__radius_min__noise_extreme__scale_150,broad_or_stress_assumption,True,True,joint,True,0,437.472354,437.472354,-12.241037148768243,3573.817714,4011.290068
stage3-round-stress-p3-0038-4017f61399b51741,3,stress,stress_design,development,extreme,scan_then_clear,assumption__radius_min__noise_extreme__scale_150,broad_or_stress_assumption,True,True,joint,True,0,1043.2955650000004,1043.2955650000004,-29.192747042274032,3573.817714,4617.113279
stage3-round-stress-p4-0000-32050ea48d26e86f,4,stress,stress_design,development,deterministic,immediate,assumption__radius_min__noise_deterministic__scale_75,broad_or_stress_assumption,True,True,joint,True,0,-282.9347609999986,-282.9347609999986,2.4507072239877927,11545.024972,11262.090211
stage3-round-stress-p4-0000-32050ea48d26e86f,4,stress,stress_design,development,deterministic,scan_then_clear,assumption__radius_min__noise_deterministic__scale_75,broad_or_stress_assumption,True,True,joint,True,0,1240.5003730000008,1240.5003730000008,-10.74489120645967,11545.024972,12785.525345
stage3-round-stress-p4-0001-59b52bbd0e0fc581,4,stress,stress_design,development,correlated,immediate,assumption__radius_min__noise_correlated__scale_75,broad_or_stress_assumption,True,True,joint,True,0,1354.2347930000014,1354.2347930000014,-11.643385890985542,11630.936273,12985.171066
stage3-round-stress-p4-0001-59b52bbd0e0fc581,4,stress,stress_design,development,correlated,scan_then_clear,assumption__radius_min__noise_correlated__scale_75,broad_or_stress_assumption,True,True,joint,True,0,746.5821649999998,746.5821649999998,-6.418934361570806,11630.936273,12377.518438
stage3-round-stress-p4-0003-cd02e11530bf5889,4,stress,stress_design,development,deterministic,immediate,assumption__radius_max__noise_deterministic__scale_75,broad_or_stress_assumption,True,True,joint,True,0,2928.2006579999997,2928.2006579999997,-25.751432313765616,11371.020541,14299.221199
stage3-round-stress-p4-0003-cd02e11530bf5889,4,stress,stress_design,development,deterministic,scan_then_clear,assumption__radius_max__noise_deterministic__scale_75,broad_or_stress_assumption,True,True,joint,True,0,108.24576499999966,108.24576499999966,-0.951944151447995,11371.020541,11479.266306
stage3-round-stress-p4-0004-c354b4cecaed4eea,4,stress,stress_design,development,correlated,immediate,assumption__radius_max__noise_correlated__scale_75,broad_or_stress_assumption,True,True,joint,True,0,257.91672599999947,257.91672599999947,-2.8563768832779926,9029.506138,9287.422864
stage3-round-stress-p4-0004-c354b4cecaed4eea,4,stress,stress_design,development,correlated,scan_then_clear,assumption__radius_max__noise_correlated__scale_75,broad_or_stress_assumption,True,True,joint,True,0,-73.19474900000023,-73.19474900000023,0.810617412307475,9029.506138,8956.311389
stage3-round-stress-p4-0005-fb3ad8995c6b6324,4,stress,stress_design,development,extreme,immediate,assumption__radius_max__noise_extreme__scale_75,broad_or_stress_assumption,True,True,joint,True,0,2175.4732999999997,2175.4732999999997,-21.448980783927322,10142.548599,12318.021899
stage3-round-stress-p4-0005-fb3ad8995c6b6324,4,stress,stress_design,development,extreme,scan_then_clear,assumption__radius_max__noise_extreme__scale_75,broad_or_stress_assumption,True,True,joint,True,0,-318.15016599999944,-318.15016599999944,3.1367871979570037,10142.548599,9824.398433
stage3-round-stress-p4-0006-20b0f53808df3a62,4,stress,stress_design,development,deterministic,immediate,assumption__radius_mixed__noise_deterministic__scale_75,broad_or_stress_assumption,True,True,joint,True,0,2387.558191,2387.558191,-22.257465795915184,10726.999259,13114.55745
stage3-round-stress-p4-0006-20b0f53808df3a62,4,stress,stress_design,development,deterministic,scan_then_clear,assumption__radius_mixed__noise_deterministic__scale_75,broad_or_stress_assumption,True,True,joint,True,0,333.6047180000005,333.6047180000005,-3.1099537712758267,10726.999259,11060.603977
stage3-round-stress-p4-0007-5262d8eda0bd300a,4,stress,stress_design,development,correlated,immediate,assumption__radius_mixed__noise_correlated__scale_75,broad_or_stress_assumption,True,True,joint,True,0,2855.872848000001,2855.872848000001,-24.70193093679815,11561.334437,14417.207285
stage3-round-stress-p4-0007-5262d8eda0bd300a,4,stress,stress_design,development,correlated,scan_then_clear,assumption__radius_mixed__noise_correlated__scale_75,broad_or_stress_assumption,True,True,joint,True,0,-217.08066599999984,-217.08066599999984,1.8776436853627527,11561.334437,11344.253771
stage3-round-stress-p4-0008-62e97b018e2dc3c8,4,stress,stress_design,development,extreme,immediate,assumption__radius_mixed__noise_extreme__scale_75,broad_or_stress_assumption,True,True,joint,True,0,307.2723679999999,307.2723679999999,-3.151024024580072,9751.508259,10058.780627
stage3-round-stress-p4-0008-62e97b018e2dc3c8,4,stress,stress_design,development,extreme,scan_then_clear,assumption__radius_mixed__noise_extreme__scale_75,broad_or_stress_assumption,True,True,joint,True,0,27.270212999999785,27.270212999999785,-0.2796512321550994,9751.508259,9778.778472
stage3-round-stress-p4-0009-59ba09158629a85f,4,stress,stress_design,development,deterministic,immediate,assumption__radius_min__noise_deterministic__scale_150,broad_or_stress_assumption,True,True,joint,True,0,-799.9485919999988,-799.9485919999988,6.89190681221071,11607.072089,10807.123497
stage3-round-stress-p4-0009-59ba09158629a85f,4,stress,stress_design,development,deterministic,scan_then_clear,assumption__radius_min__noise_deterministic__scale_150,broad_or_stress_assumption,True,True,joint,True,0,-264.6394999999993,-264.6394999999993,2.2799849778722203,11607.072089,11342.432589
stage3-round-stress-p4-0012-df2cd637f0d62dbe,4,stress,stress_design,development,deterministic,immediate,assumption__radius_max__noise_deterministic__scale_150,broad_or_stress_assumption,True,True,joint,True,0,2199.0799640000005,2199.0799640000005,-20.234299876668032,10868.080326,13067.16029
stage3-round-stress-p4-0012-df2cd637f0d62dbe,4,stress,stress_design,development,deterministic,scan_then_clear,assumption__radius_max__noise_deterministic__scale_150,broad_or_stress_assumption,True,True,joint,True,0,461.155804,461.155804,-4.243213062170369,10868.080326,11329.23613
stage3-round-stress-p4-0013-32a565f5bd6da37b,4,stress,stress_design,development,correlated,immediate,assumption__radius_max__noise_correlated__scale_150,broad_or_stress_assumption,True,True,joint,True,0,-33.43872300000112,-33.43872300000112,0.27475794907625817,12170.247708,12136.808985
stage3-round-stress-p4-0013-32a565f5bd6da37b,4,stress,stress_design,development,correlated,scan_then_clear,assumption__radius_max__noise_correlated__scale_150,broad_or_stress_assumption,True,True,joint,True,0,-281.0570680000001,-281.0570680000001,2.309378368817011,12170.247708,11889.19064
stage3-round-stress-p4-0015-a4eac84ea3c82f83,4,stress,stress_design,development,deterministic,immediate,assumption__radius_mixed__noise_deterministic__scale_150,broad_or_stress_assumption,True,True,joint,True,0,2365.8015720000003,2365.8015720000003,-21.892712786442132,10806.342709,13172.144281
stage3-round-stress-p4-0015-a4eac84ea3c82f83,4,stress,stress_design,development,deterministic,scan_then_clear,assumption__radius_mixed__noise_deterministic__scale_150,broad_or_stress_assumption,True,True,joint,True,0,188.317939999999,188.317939999999,-1.7426611858530037,10806.342709,10994.660649
stage3-round-stress-p4-0017-eccd45bbbedbe211,4,stress,stress_design,development,extreme,immediate,assumption__radius_mixed__noise_extreme__scale_150,broad_or_stress_assumption,True,True,joint,True,0,2024.0029090000007,2024.0029090000007,-21.54829476778015,9392.868117,11416.871026
stage3-round-stress-p4-0017-eccd45bbbedbe211,4,stress,stress_design,development,extreme,scan_then_clear,assumption__radius_mixed__noise_extreme__scale_150,broad_or_stress_assumption,True,True,joint,True,0,656.7386220000008,656.7386220000008,-6.991885905556154,9392.868117,10049.606739
stage3-round-stress-p4-0018-596cf7bb755cef4c,4,stress,stress_design,development,deterministic,immediate,assumption__radius_min__noise_deterministic__scale_300,broad_or_stress_assumption,True,True,joint,True,0,1870.0725669999993,1870.0725669999993,-17.02594493546709,10983.663897,12853.736464
stage3-round-stress-p4-0018-596cf7bb755cef4c,4,stress,stress_design,development,deterministic,scan_then_clear,assumption__radius_min__noise_deterministic__scale_300,broad_or_stress_assumption,True,True,joint,True,0,622.334832999999,622.334832999999,-5.666003974957564,10983.663897,11605.99873
stage3-round-stress-p4-0019-886dc43dccbb69a5,4,stress,stress_design,development,correlated,immediate,assumption__radius_min__noise_correlated__scale_300,broad_or_stress_assumption,True,True,joint,True,0,2219.200465,2219.200465,-20.12924986087693,11024.754923,13243.955388
stage3-round-stress-p4-0019-886dc43dccbb69a5,4,stress,stress_design,development,correlated,scan_then_clear,assumption__radius_min__noise_correlated__scale_300,broad_or_stress_assumption,True,True,joint,True,0,104.59784299999956,104.59784299999956,-0.9487543598977066,11024.754923,11129.352766
stage3-round-stress-p4-0020-6bb81fe6048b3a1b,4,stress,stress_design,development,extreme,immediate,assumption__radius_min__noise_extreme__scale_300,broad_or_stress_assumption,True,True,joint,True,0,341.9951869999986,341.9951869999986,-3.4401470679383914,9941.295539,10283.290726
stage3-round-stress-p4-0020-6bb81fe6048b3a1b,4,stress,stress_design,development,extreme,scan_then_clear,assumption__radius_min__noise_extreme__scale_300,broad_or_stress_assumption,True,True,joint,True,0,630.1006339999985,630.1006339999985,-6.3382144865133005,9941.295539,10571.396173
stage3-round-stress-p4-0021-49abcc7a8bf7c0ac,4,stress,stress_design,development,deterministic,immediate,assumption__radius_max__noise_deterministic__scale_300,broad_or_stress_assumption,True,True,joint,True,0,3251.651946,3251.651946,-27.98931600007693,11617.475561,14869.127507
stage3-round-stress-p4-0021-49abcc7a8bf7c0ac,4,stress,stress_design,development,deterministic,scan_then_clear,assumption__radius_max__noise_deterministic__scale_300,broad_or_stress_assumption,True,True,joint,True,0,-522.6980429999985,-522.6980429999985,4.49923944539812,11617.475561,11094.777518
stage3-round-stress-p4-0022-33085648a9413ea9,4,stress,stress_design,development,correlated,immediate,assumption__radius_max__noise_correlated__scale_300,broad_or_stress_assumption,True,True,joint,True,0,924.0861110000005,924.0861110000005,-8.860989823223466,10428.700737,11352.786848
stage3-round-stress-p4-0022-33085648a9413ea9,4,stress,stress_design,development,correlated,scan_then_clear,assumption__radius_max__noise_correlated__scale_300,broad_or_stress_assumption,True,True,joint,True,0,299.7610850000001,299.7610850000001,-2.874385722245125,10428.700737,10728.461822
stage3-round-stress-p4-0023-8d1bb79650e3bc6d,4,stress,stress_design,development,extreme,immediate,assumption__radius_max__noise_extreme__scale_300,broad_or_stress_assumption,True,True,joint,True,0,-613.1923929999994,-613.1923929999994,10.44168626960212,5872.541821,5259.349428
stage3-round-stress-p4-0023-8d1bb79650e3bc6d,4,stress,stress_design,development,extreme,scan_then_clear,assumption__radius_max__noise_extreme__scale_300,broad_or_stress_assumption,True,True,joint,True,0,3756.830363,3756.830363,-63.972815818283465,5872.541821,9629.372184
stage3-round-stress-p4-0024-6e5860338a33a512,4,stress,stress_design,development,deterministic,immediate,assumption__radius_mixed__noise_deterministic__scale_300,broad_or_stress_assumption,True,True,joint,True,0,2378.641082,2378.641082,-21.58052024030982,11022.167471,13400.808553
stage3-round-stress-p4-0024-6e5860338a33a512,4,stress,stress_design,development,deterministic,scan_then_clear,assumption__radius_mixed__noise_deterministic__scale_300,broad_or_stress_assumption,True,True,joint,True,0,917.8842100000002,917.8842100000002,-8.327619884337722,11022.167471,11940.051681
stage3-round-stress-p4-0025-7d2126b3b18ce725,4,stress,stress_design,development,correlated,immediate,assumption__radius_mixed__noise_correlated__scale_300,broad_or_stress_assumption,True,True,joint,True,0,1830.9360780000006,1830.9360780000006,-16.966950112407325,10791.191498,12622.127576
stage3-round-stress-p4-0025-7d2126b3b18ce725,4,stress,stress_design,development,correlated,scan_then_clear,assumption__radius_mixed__noise_correlated__scale_300,broad_or_stress_assumption,True,True,joint,True,0,1837.610385,1837.610385,-17.028799695942528,10791.191498,12628.801883
stage3-round-stress-p4-0026-4063735142f95e47,4,stress,stress_design,development,extreme,immediate,assumption__radius_mixed__noise_extreme__scale_300,broad_or_stress_assumption,True,True,joint,True,0,246.52796200000012,246.52796200000012,-2.6763758262398363,9211.260974,9457.788936
stage3-round-stress-p4-0026-4063735142f95e47,4,stress,stress_design,development,extreme,scan_then_clear,assumption__radius_mixed__noise_extreme__scale_300,broad_or_stress_assumption,True,True,joint,True,0,229.50732099999914,229.50732099999914,-2.4915950340329496,9211.260974,9440.768295
stage3-round-stress-p4-0027-351dfd1ca7bede45,4,stress,stress_design,development,deterministic,immediate,assumption__radius_min__noise_deterministic__scale_75,broad_or_stress_assumption,True,True,joint,True,0,1557.746083,1557.746083,-14.67877530013311,10612.23468,12169.980763
stage3-round-stress-p4-0027-351dfd1ca7bede45,4,stress,stress_design,development,deterministic,scan_then_clear,assumption__radius_min__noise_deterministic__scale_75,broad_or_stress_assumption,True,True,joint,True,0,496.2378580000004,496.2378580000004,-4.676092010434134,10612.23468,11108.472538
stage3-round-stress-p4-0029-de66f5133f0521c9,4,stress,stress_design,development,extreme,immediate,assumption__radius_min__noise_extreme__scale_75,broad_or_stress_assumption,True,True,joint,True,0,708.6718219999984,708.6718219999984,-6.808846500725692,10408.103956,11116.775778
stage3-round-stress-p4-0029-de66f5133f0521c9,4,stress,stress_design,development,extreme,scan_then_clear,assumption__radius_min__noise_extreme__scale_75,broad_or_stress_assumption,True,True,joint,True,0,487.3981699999986,487.3981699999986,-4.68287184736492,10408.103956,10895.502126
stage3-round-stress-p4-0030-2bdec612319db1c9,4,stress,stress_design,development,deterministic,immediate,assumption__radius_max__noise_deterministic__scale_75,broad_or_stress_assumption,True,True,joint,True,0,2451.444765,2451.444765,-21.298294425682172,11510.052007,13961.496772
stage3-round-stress-p4-0030-2bdec612319db1c9,4,stress,stress_design,development,deterministic,scan_then_clear,assumption__radius_max__noise_deterministic__scale_75,broad_or_stress_assumption,True,True,joint,True,0,-311.44284700000026,-311.44284700000026,2.7058335341194977,11510.052007,11198.60916
stage3-round-stress-p4-0032-de680eea9d20be37,4,stress,stress_design,development,extreme,immediate,assumption__radius_max__noise_extreme__scale_75,broad_or_stress_assumption,True,True,joint,True,0,1016.0879970000005,1016.0879970000005,-10.034460882802355,10125.984932,11142.072929
stage3-round-stress-p4-0032-de680eea9d20be37,4,stress,stress_design,development,extreme,scan_then_clear,assumption__radius_max__noise_extreme__scale_75,broad_or_stress_assumption,True,True,joint,True,0,-44.03376799999933,-44.03376799999933,0.4348591104539808,10125.984932,10081.951164
stage3-round-stress-p4-0033-2a985bf59d65336e,4,stress,stress_design,development,deterministic,immediate,assumption__radius_mixed__noise_deterministic__scale_75,broad_or_stress_assumption,True,True,joint,True,0,2730.524707999999,2730.524707999999,-26.731679305536318,10214.564812,12945.08952
stage3-round-stress-p4-0033-2a985bf59d65336e,4,stress,stress_design,development,deterministic,scan_then_clear,assumption__radius_mixed__noise_deterministic__scale_75,broad_or_stress_assumption,True,True,joint,True,0,909.5046659999989,909.5046659999989,-8.90399819022656,10214.564812,11124.069478
stage3-round-stress-p4-0034-3d9be34ebb01a5c8,4,stress,stress_design,development,correlated,immediate,assumption__radius_mixed__noise_correlated__scale_75,broad_or_stress_assumption,True,True,joint,True,0,240.29125700000077,240.29125700000077,-2.621664225075298,9165.60003,9405.891287
stage3-round-stress-p4-0034-3d9be34ebb01a5c8,4,stress,stress_design,development,correlated,scan_then_clear,assumption__radius_mixed__noise_correlated__scale_75,broad_or_stress_assumption,True,True,joint,True,0,16.298539999999775,16.298539999999775,-0.1778229460881218,9165.60003,9181.89857
stage3-round-stress-p4-0035-a8e5cb4b7e0c3acf,4,stress,stress_design,development,extreme,immediate,assumption__radius_mixed__noise_extreme__scale_75,broad_or_stress_assumption,True,True,joint,True,0,2159.517484,2159.517484,-22.76889359038514,9484.50778,11644.025264
stage3-round-stress-p4-0035-a8e5cb4b7e0c3acf,4,stress,stress_design,development,extreme,scan_then_clear,assumption__radius_mixed__noise_extreme__scale_75,broad_or_stress_assumption,True,True,joint,True,0,767.8131159999994,767.8131159999994,-8.09544505429252,9484.50778,10252.320896
stage3-round-stress-p4-0036-c66db38a967a63cf,4,stress,stress_design,development,deterministic,immediate,assumption__radius_min__noise_deterministic__scale_150,broad_or_stress_assumption,True,True,joint,True,0,2787.522576000001,2787.522576000001,-27.201065954019082,10247.843157,13035.365733
stage3-round-stress-p4-0036-c66db38a967a63cf,4,stress,stress_design,development,deterministic,scan_then_clear,assumption__radius_min__noise_deterministic__scale_150,broad_or_stress_assumption,True,True,joint,True,0,987.6412820000005,987.6412820000005,-9.637552672001735,10247.843157,11235.484439
stage3-round-stress-p4-0037-7d5c7a1db5c596ce,4,stress,stress_design,development,correlated,immediate,assumption__radius_min__noise_correlated__scale_150,broad_or_stress_assumption,True,True,joint,True,0,1429.3885769999997,1429.3885769999997,-12.942546650456393,11044.106045,12473.494622
stage3-round-stress-p4-0037-7d5c7a1db5c596ce,4,stress,stress_design,development,correlated,scan_then_clear,assumption__radius_min__noise_correlated__scale_150,broad_or_stress_assumption,True,True,joint,True,0,415.7862269999987,415.7862269999987,-3.764779379207769,11044.106045,11459.892272
stage3-round-stress-p4-0038-4589d5d9139f62a6,4,stress,stress_design,development,extreme,immediate,assumption__radius_min__noise_extreme__scale_150,broad_or_stress_assumption,True,True,joint,True,0,1401.498520000001,1401.498520000001,-13.588742359627986,10313.673502,11715.172022
stage3-round-stress-p4-0038-4589d5d9139f62a6,4,stress,stress_design,development,extreme,scan_then_clear,assumption__radius_min__noise_extreme__scale_150,broad_or_stress_assumption,True,True,joint,True,0,-71.77438799999982,-71.77438799999982,0.6959148744245348,10313.673502,10241.899114
