case_id,problem,pool,composition_model,partition,error_mode,variant,mechanism_id,mechanism_status,baseline_complete,candidate_complete,baseline_variant,both_complete,completion_delta,penalized_time_delta_s,completed_time_delta_s,completed_reduction_pct,baseline_total_virtual_time_s,candidate_total_virtual_time_s,walk_distance_m_delta,measures_delta,failed_clear_attempts_delta,failed_clear_cost_s_delta,fallback_targets_delta,movement_s_delta,measurement_s_delta,switch_s_delta,optical_s_delta,laser_s_delta,post_clear_stop_tail_s_delta
p4-refinement-confirmation-round-broad-p4-0000-5515b9494d1e51a0,4,broad,broad_joint,confirmation,deterministic,combined_cover,assumption__radius_min__noise_deterministic__scale_75,broad_or_stress_assumption,True,True,current,True,0,-1346.316021999999,-1346.316021999999,13.652075616411878,9861.621484,8515.305462,-5601.580120063951,-32,-13,-39.0,-1,-1120.31602401279,-160.0,-27.0,-39.0,0.0,-1944.229683999999
p4-refinement-confirmation-round-broad-p4-0000-5515b9494d1e51a0,4,broad,broad_joint,confirmation,deterministic,coverage,assumption__radius_min__noise_deterministic__scale_75,broad_or_stress_assumption,True,True,current,True,0,-1335.2384549999988,-1335.2384549999988,13.539745539477034,9861.621484,8526.383029,-5591.192291645639,-32,-10,-30.0,-1,-1118.2384583291278,-160.0,-27.0,-30.0,0.0,-1944.229683999999
p4-refinement-confirmation-round-broad-p4-0001-f1122e9b1984bacb,4,broad,broad_joint,confirmation,correlated,combined_cover,assumption__radius_min__noise_correlated__scale_75,broad_or_stress_assumption,True,True,current,True,0,-2374.722439000001,-2374.722439000001,21.095061637711293,11257.243424,8882.520985,-11748.612184264675,43,-96,-288.0,0,-2349.722436852935,215.0,48.0,-288.0,0.0,0.0
p4-refinement-confirmation-round-broad-p4-0001-f1122e9b1984bacb,4,broad,broad_joint,confirmation,correlated,coverage,assumption__radius_min__noise_correlated__scale_75,broad_or_stress_assumption,True,True,current,True,0,-2196.0769330000003,-2196.0769330000003,19.50812335032261,11257.243424,9061.166491,-11065.38467451882,43,-82,-246.0,0,-2213.0769349037637,215.0,48.0,-246.0,0.0,0.0
p4-refinement-confirmation-round-broad-p4-0002-0b6165c26f6086d7,4,broad,broad_joint,confirmation,extreme,combined_cover,assumption__radius_min__noise_extreme__scale_75,broad_or_stress_assumption,True,True,current,True,0,-1805.874801,-1805.874801,17.813206239946272,10137.842546,8331.967745,-7769.374000930089,-52,18,54.0,0,-1553.8748001860176,-260.0,-46.0,54.0,0.0,0.0
p4-refinement-confirmation-round-broad-p4-0002-0b6165c26f6086d7,4,broad,broad_joint,confirmation,extreme,coverage,assumption__radius_min__noise_extreme__scale_75,broad_or_stress_assumption,True,True,current,True,0,-909.786732999999,-909.786732999999,8.974165152712553,10137.842546,9228.055813,-4593.93367334974,-52,105,315.0,1,-918.7867346699477,-260.0,-46.0,315.0,0.0,0.0
p4-refinement-confirmation-round-broad-p4-0003-85db4eebd8afde07,4,broad,broad_joint,confirmation,deterministic,combined_cover,assumption__radius_max__noise_deterministic__scale_75,broad_or_stress_assumption,True,True,current,True,0,-1670.340812999999,-1670.340812999999,17.087046490980672,9775.480004,8105.139191,-6441.704061246532,-57,-16,-48.0,-1,-1288.3408122493065,-285.0,-49.0,-48.0,0.0,-72.3620239999982
p4-refinement-confirmation-round-broad-p4-0003-85db4eebd8afde07,4,broad,broad_joint,confirmation,deterministic,coverage,assumption__radius_max__noise_deterministic__scale_75,broad_or_stress_assumption,True,True,current,True,0,-1703.4610359999988,-1703.4610359999988,17.42585566440691,9775.480004,8072.018968,-6562.305172561097,-57,-19,-57.0,-1,-1312.4610345122192,-285.0,-49.0,-57.0,0.0,-75.91624199999842
p4-refinement-confirmation-round-broad-p4-0004-035173714216c534,4,broad,broad_joint,confirmation,correlated,combined_cover,assumption__radius_max__noise_correlated__scale_75,broad_or_stress_assumption,True,True,current,True,0,-1776.9339330000003,-1776.9339330000003,16.732486651344452,10619.664429,8842.730496,-7619.669656752711,-30,-27,-81.0,-2,-1523.9339313505416,-150.0,-22.0,-81.0,0.0,0.0
p4-refinement-confirmation-round-broad-p4-0004-035173714216c534,4,broad,broad_joint,confirmation,correlated,coverage,assumption__radius_max__noise_correlated__scale_75,broad_or_stress_assumption,True,True,current,True,0,-1614.1419939999996,-1614.1419939999996,15.199557432268085,10619.664429,9005.522435,-7090.709969994619,-30,-8,-24.0,-2,-1418.1419939989237,-150.0,-22.0,-24.0,0.0,0.0
p4-refinement-confirmation-round-broad-p4-0005-b5be563ae5491713,4,broad,broad_joint,confirmation,extreme,combined_cover,assumption__radius_max__noise_extreme__scale_75,broad_or_stress_assumption,True,True,current,True,0,-874.5163369999991,-874.5163369999991,8.770023317473871,9971.653499,9097.137162,-3667.581678224524,-39,29,87.0,-1,-733.5163356449048,-195.0,-33.0,87.0,0.0,0.0
p4-refinement-confirmation-round-broad-p4-0005-b5be563ae5491713,4,broad,broad_joint,confirmation,extreme,coverage,assumption__radius_max__noise_extreme__scale_75,broad_or_stress_assumption,True,True,current,True,0,-668.0574180000003,-668.0574180000003,6.699565102888863,9971.653499,9303.596081,-3040.287085370539,-39,56,168.0,-1,-608.0574170741074,-195.0,-33.0,168.0,0.0,0.0
p4-refinement-confirmation-round-broad-p4-0006-3c1c94476dd8f736,4,broad,broad_joint,confirmation,deterministic,combined_cover,assumption__radius_mixed__noise_deterministic__scale_75,broad_or_stress_assumption,True,True,current,True,0,-2084.540128999999,-2084.540128999999,18.674384166410846,11162.56424,9078.024111,-7682.700658367052,-47,-90,-270.0,-2,-1536.5401316734105,-235.0,-43.0,-270.0,0.0,0.0
p4-refinement-confirmation-round-broad-p4-0006-3c1c94476dd8f736,4,broad,broad_joint,confirmation,deterministic,coverage,assumption__radius_mixed__noise_deterministic__scale_75,broad_or_stress_assumption,True,True,current,True,0,-2176.308509999999,-2176.308509999999,19.49649259084577,11162.56424,8986.25573,-7931.542571867241,-47,-104,-312.0,-2,-1586.308514373448,-235.0,-43.0,-312.0,0.0,0.0
p4-refinement-confirmation-round-broad-p4-0007-3d3ceaa677d45fd5,4,broad,broad_joint,confirmation,correlated,combined_cover,assumption__radius_mixed__noise_correlated__scale_75,broad_or_stress_assumption,True,True,current,True,0,-915.2668439999998,-915.2668439999998,8.738252557791562,10474.254869,9558.988025,-3161.3342265215833,-48,-1,-3.0,-1,-632.266845304317,-240.0,-40.0,-3.0,0.0,-3152.251024
p4-refinement-confirmation-round-broad-p4-0007-3d3ceaa677d45fd5,4,broad,broad_joint,confirmation,correlated,coverage,assumption__radius_mixed__noise_correlated__scale_75,broad_or_stress_assumption,True,True,current,True,0,-875.7749500000009,-875.7749500000009,8.36121481626323,10474.254869,9598.479919,-3008.874761975334,-48,2,6.0,-1,-601.7749523950679,-240.0,-40.0,6.0,0.0,-3152.251024
p4-refinement-confirmation-round-broad-p4-0008-5012bfbf43606200,4,broad,broad_joint,confirmation,extreme,combined_cover,assumption__radius_mixed__noise_extreme__scale_75,broad_or_stress_assumption,True,True,current,True,0,-3907.385606,-3907.385606,30.74281810638618,12709.913556,8802.52795,-15501.928038299826,-38,-195,-585.0,-5,-3100.385607659966,-190.0,-32.0,-585.0,0.0,0.0
p4-refinement-confirmation-round-broad-p4-0008-5012bfbf43606200,4,broad,broad_joint,confirmation,extreme,coverage,assumption__radius_mixed__noise_extreme__scale_75,broad_or_stress_assumption,True,True,current,True,0,-3826.175111999999,-3826.175111999999,30.103864161953858,12709.913556,8883.738444,-15245.875576219674,-38,-185,-555.0,-5,-3049.1751152439356,-190.0,-32.0,-555.0,0.0,0.0
p4-refinement-confirmation-round-broad-p4-0009-6f41f00367a4252b,4,broad,broad_joint,confirmation,deterministic,combined_cover,assumption__radius_min__noise_deterministic__scale_150,broad_or_stress_assumption,True,True,current,True,0,-2993.986363,-2993.986363,25.651237428110953,11671.898369,8677.912006,-12034.931822060833,-67,-64,-192.0,-6,-2406.986364412166,-335.0,-60.0,-192.0,0.0,0.0
p4-refinement-confirmation-round-broad-p4-0009-6f41f00367a4252b,4,broad,broad_joint,confirmation,deterministic,coverage,assumption__radius_min__noise_deterministic__scale_150,broad_or_stress_assumption,True,True,current,True,0,-3123.934053000001,-3123.934053000001,26.764575514956668,11671.898369,8547.964316,-12279.67027717513,-67,-91,-273.0,-6,-2455.9340554350256,-335.0,-60.0,-273.0,0.0,0.0
p4-refinement-confirmation-round-broad-p4-0010-8ec60680b9c33935,4,broad,broad_joint,confirmation,correlated,combined_cover,assumption__radius_min__noise_correlated__scale_150,broad_or_stress_assumption,True,True,current,True,0,-4175.778888000001,-4175.778888000001,33.29069380431236,12543.381981,8367.603093,-16538.894454642475,-73,-145,-435.0,-2,-3307.7788909284955,-365.0,-68.0,-435.0,0.0,179.98588999999993
p4-refinement-confirmation-round-broad-p4-0010-8ec60680b9c33935,4,broad,broad_joint,confirmation,correlated,coverage,assumption__radius_min__noise_correlated__scale_150,broad_or_stress_assumption,True,True,current,True,0,-4134.714723000001,-4134.714723000001,32.96331666581653,12543.381981,8408.667258,-16423.57361994055,-73,-139,-417.0,-2,-3284.7147239881106,-365.0,-68.0,-417.0,0.0,180.33333200000015
p4-refinement-confirmation-round-broad-p4-0011-bed3743daf56a07f,4,broad,broad_joint,confirmation,extreme,combined_cover,assumption__radius_min__noise_extreme__scale_150,broad_or_stress_assumption,True,True,current,True,0,-829.0968509999984,-829.0968509999984,8.292047299549223,9998.699007,9169.602156,-3910.4842648539925,-33,48,144.0,-2,-782.096852970798,-165.0,-26.0,144.0,0.0,0.0
p4-refinement-confirmation-round-broad-p4-0011-bed3743daf56a07f,4,broad,broad_joint,confirmation,extreme,coverage,assumption__radius_min__noise_extreme__scale_150,broad_or_stress_assumption,True,True,current,True,0,-1083.686189,-1083.686189,10.838271941592811,9998.699007,8915.012818,-4508.430958279623,-33,3,9.0,-2,-901.6861916559246,-165.0,-26.0,9.0,0.0,0.0
p4-refinement-confirmation-round-broad-p4-0012-4008889595285539,4,broad,broad_joint,confirmation,deterministic,combined_cover,assumption__radius_max__noise_deterministic__scale_150,broad_or_stress_assumption,True,True,current,True,0,-1201.5430369999995,-1201.5430369999995,11.435673522719071,10506.972192,9305.429155,-5877.715202670341,-22,34,102.0,-3,-1175.5430405340676,-110.0,-18.0,102.0,0.0,-1824.1684219999988
p4-refinement-confirmation-round-broad-p4-0012-4008889595285539,4,broad,broad_joint,confirmation,deterministic,coverage,assumption__radius_max__noise_deterministic__scale_150,broad_or_stress_assumption,True,True,current,True,0,-1275.5500629999988,-1275.5500629999988,12.140034633109638,10506.972192,9231.422129,-6157.750321794578,-22,28,84.0,-3,-1231.5500643589148,-110.0,-18.0,84.0,0.0,-1824.1684219999988
p4-refinement-confirmation-round-broad-p4-0013-b580bd91edb7ff4b,4,broad,broad_joint,confirmation,correlated,combined_cover,assumption__radius_max__noise_correlated__scale_150,broad_or_stress_assumption,True,True,current,True,0,-4907.012035,-4907.012035,35.27754208213003,13909.733347,9002.721312,-17560.06017625016,-51,-365,-1095.0,-2,-3512.0120352500326,-255.0,-45.0,-1095.0,0.0,-2082.7320090000003
p4-refinement-confirmation-round-broad-p4-0013-b580bd91edb7ff4b,4,broad,broad_joint,confirmation,correlated,coverage,assumption__radius_max__noise_correlated__scale_150,broad_or_stress_assumption,True,True,current,True,0,-4228.030022999999,-4228.030022999999,30.396197522448446,13909.733347,9681.703324,-15080.150119775979,-51,-304,-912.0,-2,-3016.030023955196,-255.0,-45.0,-912.0,0.0,-2087.128227000001
p4-refinement-confirmation-round-broad-p4-0014-9f06c6b5e645e498,4,broad,broad_joint,confirmation,extreme,combined_cover,assumption__radius_max__noise_extreme__scale_150,broad_or_stress_assumption,True,True,current,True,0,-1561.1641789999994,-1561.1641789999994,13.682630617280582,11409.824782,9848.660603,-6975.820902019441,-27,-3,-9.0,-4,-1395.1641804038882,-135.0,-22.0,-9.0,0.0,-3311.049604
p4-refinement-confirmation-round-broad-p4-0014-9f06c6b5e645e498,4,broad,broad_joint,confirmation,extreme,coverage,assumption__radius_max__noise_extreme__scale_150,broad_or_stress_assumption,True,True,current,True,0,-1653.4952560000002,-1653.4952560000002,14.491854937233867,11409.824782,9756.329526,-7107.4762886437165,-27,-25,-75.0,-4,-1421.495257728744,-135.0,-22.0,-75.0,0.0,-3311.049604
p4-refinement-confirmation-round-broad-p4-0015-533e8529077a66c3,4,broad,broad_joint,confirmation,deterministic,combined_cover,assumption__radius_mixed__noise_deterministic__scale_150,broad_or_stress_assumption,True,True,current,True,0,-1150.4999650000009,-1150.4999650000009,11.756962243708195,9785.690735,8635.19077,-4432.49983591622,-72,53,159.0,1,-886.4999671832438,-360.0,-63.0,159.0,0.0,-2319.356195000001
p4-refinement-confirmation-round-broad-p4-0015-533e8529077a66c3,4,broad,broad_joint,confirmation,deterministic,coverage,assumption__radius_mixed__noise_deterministic__scale_150,broad_or_stress_assumption,True,True,current,True,0,-1403.4379410000001,-1403.4379410000001,14.341736102290586,9785.690735,8382.252794,-5187.189716788918,-72,19,57.0,1,-1037.4379433577833,-360.0,-63.0,57.0,0.0,-2319.3561950000003
p4-refinement-confirmation-round-broad-p4-0016-f42aa00d650bb50e,4,broad,broad_joint,confirmation,correlated,combined_cover,assumption__radius_mixed__noise_correlated__scale_150,broad_or_stress_assumption,True,True,current,True,0,-1733.3610770000014,-1733.3610770000014,15.17169503587704,11424.966511,9691.605434,-5906.805385653861,-58,-70,-210.0,-2,-1181.3610771307722,-290.0,-52.0,-210.0,0.0,0.0
p4-refinement-confirmation-round-broad-p4-0016-f42aa00d650bb50e,4,broad,broad_joint,confirmation,correlated,coverage,assumption__radius_mixed__noise_correlated__scale_150,broad_or_stress_assumption,True,True,current,True,0,-1622.973908,-1622.973908,14.20550254075051,11424.966511,9801.992603,-5504.869533081983,-58,-60,-180.0,-2,-1100.9739066163966,-290.0,-52.0,-180.0,0.0,0.0
p4-refinement-confirmation-round-broad-p4-0017-9c6ebbf76270698d,4,broad,broad_joint,confirmation,extreme,combined_cover,assumption__radius_mixed__noise_extreme__scale_150,broad_or_stress_assumption,True,True,current,True,0,-1820.702698000001,-1820.702698000001,16.852741495810463,10803.599512,8982.896814,-4183.513484736432,-120,-89,-267.0,0,-836.7026969472863,-600.0,-117.0,-267.0,0.0,-1399.5439340000012
p4-refinement-confirmation-round-broad-p4-0017-9c6ebbf76270698d,4,broad,broad_joint,confirmation,extreme,coverage,assumption__radius_mixed__noise_extreme__scale_150,broad_or_stress_assumption,True,True,current,True,0,-1473.1063940000004,-1473.1063940000004,13.635329524791814,10803.599512,9330.493118,-3015.5319668417724,-120,-51,-153.0,0,-603.1063933683545,-600.0,-117.0,-153.0,0.0,-1399.5439340000012
p4-refinement-confirmation-round-broad-p4-0018-3f0c81dda4dd3d33,4,broad,broad_joint,confirmation,deterministic,combined_cover,assumption__radius_min__noise_deterministic__scale_300,broad_or_stress_assumption,True,True,current,True,0,-822.9373729999988,-822.9373729999988,7.712240219138327,10670.536052,9847.598679,-4544.686866134907,-13,53,159.0,1,-908.9373732269814,-65.0,-8.0,159.0,0.0,-1063.9723999999987
p4-refinement-confirmation-round-broad-p4-0018-3f0c81dda4dd3d33,4,broad,broad_joint,confirmation,deterministic,coverage,assumption__radius_min__noise_deterministic__scale_300,broad_or_stress_assumption,True,True,current,True,0,-570.4183329999996,-570.4183329999996,5.345732681284414,10670.536052,10100.117719,-3552.091660826547,-13,71,213.0,1,-710.41833216531,-65.0,-8.0,213.0,0.0,-1063.9723999999987
p4-refinement-confirmation-round-broad-p4-0019-4dd1deb6621dff36,4,broad,broad_joint,confirmation,correlated,combined_cover,assumption__radius_min__noise_correlated__scale_300,broad_or_stress_assumption,True,True,current,True,0,-1628.3704190000008,-1628.3704190000008,15.143071672168151,10753.237218,9124.866799,-7721.85210108757,-30,29,87.0,0,-1544.370420217514,-150.0,-21.0,87.0,0.0,0.0
p4-refinement-confirmation-round-broad-p4-0019-4dd1deb6621dff36,4,broad,broad_joint,confirmation,correlated,coverage,assumption__radius_min__noise_correlated__scale_300,broad_or_stress_assumption,True,True,current,True,0,-1597.9057809999995,-1597.9057809999995,14.859765004767512,10753.237218,9155.331437,-7539.528918356853,-30,27,81.0,0,-1507.905783671371,-150.0,-21.0,81.0,0.0,0.0
p4-refinement-confirmation-round-broad-p4-0020-7d56df245fc638bc,4,broad,broad_joint,confirmation,extreme,combined_cover,assumption__radius_min__noise_extreme__scale_300,broad_or_stress_assumption,True,True,current,True,0,-4684.92771,-4684.92771,34.78588126355976,13467.900021,8782.972311,-17919.638563372,-16,-336,-1008.0,-1,-3583.9277126744,-80.0,-13.0,-1008.0,0.0,0.0
p4-refinement-confirmation-round-broad-p4-0020-7d56df245fc638bc,4,broad,broad_joint,confirmation,extreme,coverage,assumption__radius_min__noise_extreme__scale_300,broad_or_stress_assumption,True,True,current,True,0,-4676.622372,-4676.622372,34.72421360945593,13467.900021,8791.277649,-17908.111874812712,-16,-334,-1002.0,-1,-3581.6223749625433,-80.0,-13.0,-1002.0,0.0,0.0
p4-refinement-confirmation-round-broad-p4-0021-56266577914d4254,4,broad,broad_joint,confirmation,deterministic,combined_cover,assumption__radius_max__noise_deterministic__scale_300,broad_or_stress_assumption,True,True,current,True,0,-2645.511606,-2645.511606,24.268801468273534,10900.874563,8255.362957,-11067.558017629519,-69,-8,-24.0,-1,-2213.5116035259043,-345.0,-63.0,-24.0,0.0,131.57658899999933
p4-refinement-confirmation-round-broad-p4-0021-56266577914d4254,4,broad,broad_joint,confirmation,deterministic,coverage,assumption__radius_max__noise_deterministic__scale_300,broad_or_stress_assumption,True,True,current,True,0,-2291.9249309999996,-2291.9249309999996,21.025147273772916,10900.874563,8608.949632,-9824.624640120153,-69,27,81.0,-1,-1964.924928024031,-345.0,-63.0,81.0,0.0,129.77781399999913
p4-refinement-confirmation-round-broad-p4-0022-b5f454ba9ffc62d6,4,broad,broad_joint,confirmation,correlated,combined_cover,assumption__radius_max__noise_correlated__scale_300,broad_or_stress_assumption,True,True,current,True,0,-1041.6226269999988,-1041.6226269999988,10.49966317583401,9920.533731,8878.911104,-4853.113133490377,-8,-9,-27.0,-2,-970.6226266980757,-40.0,-4.0,-27.0,0.0,-2780.7562229999994
p4-refinement-confirmation-round-broad-p4-0022-b5f454ba9ffc62d6,4,broad,broad_joint,confirmation,correlated,coverage,assumption__radius_max__noise_correlated__scale_300,broad_or_stress_assumption,True,True,current,True,0,-727.9939909999994,-727.9939909999994,7.3382542788513545,9920.533731,9192.53974,-3689.9699645290093,-8,18,54.0,-2,-737.9939929058028,-40.0,-4.0,54.0,0.0,-2779.799534999999
p4-refinement-confirmation-round-broad-p4-0023-c92c1593873c7c23,4,broad,broad_joint,confirmation,extreme,combined_cover,assumption__radius_max__noise_extreme__scale_300,broad_or_stress_assumption,True,True,current,True,0,-552.0476610000005,-552.0476610000005,5.493990652439622,10048.20896,9496.161299,-2215.2382878522476,-45,52,156.0,3,-443.0476575704488,-225.0,-40.0,156.0,0.0,-68.63699500000075
p4-refinement-confirmation-round-broad-p4-0023-c92c1593873c7c23,4,broad,broad_joint,confirmation,extreme,coverage,assumption__radius_max__noise_extreme__scale_300,broad_or_stress_assumption,True,True,current,True,0,-68.9886060000008,-68.9886060000008,0.6865761477954058,10048.20896,9979.220354,-414.9430464385732,-45,93,279.0,3,-82.9886092877141,-225.0,-40.0,279.0,0.0,-66.75808499999948
p4-refinement-confirmation-round-broad-p4-0024-8f8cb87bb3ecf352,4,broad,broad_joint,confirmation,deterministic,combined_cover,assumption__radius_mixed__noise_deterministic__scale_300,broad_or_stress_assumption,True,True,current,True,0,-1846.9855819999993,-1846.9855819999993,18.17576583982999,10161.80335,8314.817768,-7189.927911617022,-60,-18,-54.0,4,-1437.9855823234047,-300.0,-55.0,-54.0,0.0,10.787085000000843
p4-refinement-confirmation-round-broad-p4-0024-8f8cb87bb3ecf352,4,broad,broad_joint,confirmation,deterministic,coverage,assumption__radius_mixed__noise_deterministic__scale_300,broad_or_stress_assumption,True,True,current,True,0,-1693.5764089999993,-1693.5764089999993,16.666100992792774,10161.80335,8468.226941,-6722.882058872077,-60,2,6.0,4,-1344.5764117744156,-300.0,-55.0,6.0,0.0,9.751851000000897
p4-refinement-confirmation-round-broad-p4-0025-ade1545982fb72e7,4,broad,broad_joint,confirmation,correlated,combined_cover,assumption__radius_mixed__noise_correlated__scale_300,broad_or_stress_assumption,True,True,current,True,0,-1675.5021689999994,-1675.5021689999994,15.119439584774385,11081.774292,9406.272123,-8027.510869177517,-11,-3,-9.0,3,-1605.5021738355026,-55.0,-6.0,-9.0,0.0,0.0
p4-refinement-confirmation-round-broad-p4-0025-ade1545982fb72e7,4,broad,broad_joint,confirmation,correlated,coverage,assumption__radius_mixed__noise_correlated__scale_300,broad_or_stress_assumption,True,True,current,True,0,-1547.6250810000001,-1547.6250810000001,13.965499027689456,11081.774292,9534.149211,-7583.125424675818,-11,10,30.0,3,-1516.6250849351627,-55.0,-6.0,30.0,0.0,0.0
p4-refinement-confirmation-round-broad-p4-0026-3e1b8a984f7a9094,4,broad,broad_joint,confirmation,extreme,combined_cover,assumption__radius_mixed__noise_extreme__scale_300,broad_or_stress_assumption,True,True,current,True,0,-2087.284912000001,-2087.284912000001,17.74972665257382,11759.532712,9672.2478,-9346.42457487501,-17,-42,-126.0,2,-1869.2849149750018,-85.0,-7.0,-126.0,0.0,0.0
p4-refinement-confirmation-round-broad-p4-0026-3e1b8a984f7a9094,4,broad,broad_joint,confirmation,extreme,coverage,assumption__radius_mixed__noise_extreme__scale_300,broad_or_stress_assumption,True,True,current,True,0,-1691.3305230000005,-1691.3305230000005,14.382633769742265,11759.532712,10068.202189,-7846.652630567805,-17,-10,-30.0,2,-1569.330526113561,-85.0,-7.0,-30.0,0.0,0.0
p4-refinement-confirmation-round-broad-p4-0027-bf0003a0cb84df5a,4,broad,broad_joint,confirmation,deterministic,combined_cover,assumption__radius_min__noise_deterministic__scale_75,broad_or_stress_assumption,True,True,current,True,0,-1397.9464829999997,-1397.9464829999997,12.441873919957215,11235.819395,9837.872912,-4564.7324321266715,-76,-11,-33.0,-1,-912.9464864253341,-380.0,-72.0,-33.0,0.0,-1317.909377
p4-refinement-confirmation-round-broad-p4-0027-bf0003a0cb84df5a,4,broad,broad_joint,confirmation,deterministic,coverage,assumption__radius_min__noise_deterministic__scale_75,broad_or_stress_assumption,True,True,current,True,0,-390.68967599999996,-390.68967599999996,3.4771800993335558,11235.819395,10845.129719,-1163.448397458218,-76,98,294.0,-1,-232.6896794916429,-380.0,-72.0,294.0,0.0,-1317.909377
p4-refinement-confirmation-round-broad-p4-0028-14754bad73385920,4,broad,broad_joint,confirmation,correlated,combined_cover,assumption__radius_min__noise_correlated__scale_75,broad_or_stress_assumption,True,True,current,True,0,-1465.4565109999994,-1465.4565109999994,15.291946271232238,9583.191603,8117.735092,-5637.282571184634,-45,-25,-75.0,2,-1127.4565142369265,-225.0,-38.0,-75.0,0.0,-797.1990639999985
p4-refinement-confirmation-round-broad-p4-0028-14754bad73385920,4,broad,broad_joint,confirmation,correlated,coverage,assumption__radius_min__noise_correlated__scale_75,broad_or_stress_assumption,True,True,current,True,0,-1437.0471929999994,-1437.0471929999994,14.995496829575385,9583.191603,8146.14441,-5675.235977758348,-45,-13,-39.0,2,-1135.0471955516696,-225.0,-38.0,-39.0,0.0,-796.4492059999984
p4-refinement-confirmation-round-broad-p4-0029-b2d0d030faa9fce3,4,broad,broad_joint,confirmation,extreme,combined_cover,assumption__radius_min__noise_extreme__scale_75,broad_or_stress_assumption,True,True,current,True,0,-492.95480399999906,-492.95480399999906,4.828945324989765,10208.332686,9715.377882,-2174.774037623858,-76,130,390.0,2,-434.95480752477124,-380.0,-68.0,390.0,0.0,0.0
p4-refinement-confirmation-round-broad-p4-0029-b2d0d030faa9fce3,4,broad,broad_joint,confirmation,extreme,coverage,assumption__radius_min__noise_extreme__scale_75,broad_or_stress_assumption,True,True,current,True,0,-592.8437759999997,-592.8437759999997,5.807449602549128,10208.332686,9615.48891,-2314.218889825155,-76,106,318.0,2,-462.8437779650312,-380.0,-68.0,318.0,0.0,0.0
p4-refinement-confirmation-round-broad-p4-0030-20b478ed3f6d5a7f,4,broad,broad_joint,confirmation,deterministic,combined_cover,assumption__radius_max__noise_deterministic__scale_75,broad_or_stress_assumption,True,True,current,True,0,-1064.0336709999992,-1064.0336709999992,10.997583605950249,9675.158736,8611.125065,-3665.168345590959,-57,2,6.0,0,-733.0336691181919,-285.0,-52.0,6.0,0.0,-2357.9241759999995
p4-refinement-confirmation-round-broad-p4-0030-20b478ed3f6d5a7f,4,broad,broad_joint,confirmation,deterministic,coverage,assumption__radius_max__noise_deterministic__scale_75,broad_or_stress_assumption,True,True,current,True,0,-1068.684138999999,-1068.684138999999,11.04564967005208,9675.158736,8606.474597,-3673.4207108691116,-57,1,3.0,0,-734.6841421738227,-285.0,-52.0,3.0,0.0,-2360.492267999999
p4-refinement-confirmation-round-broad-p4-0031-3a3f41fef04def3c,4,broad,broad_joint,confirmation,correlated,combined_cover,assumption__radius_max__noise_correlated__scale_75,broad_or_stress_assumption,True,True,current,True,0,-2411.4119329999994,-2411.4119329999994,23.12807252954508,10426.34197,8014.930037,-10532.05966626828,-35,-34,-102.0,-1,-2106.4119332536566,-175.0,-28.0,-102.0,0.0,1342.5704210000004
p4-refinement-confirmation-round-broad-p4-0031-3a3f41fef04def3c,4,broad,broad_joint,confirmation,correlated,coverage,assumption__radius_max__noise_correlated__scale_75,broad_or_stress_assumption,True,True,current,True,0,-2294.8440139999993,-2294.8440139999993,22.010058950713656,10426.34197,8131.497956,-10144.220076194888,-35,-21,-63.0,-1,-2028.8440152389785,-175.0,-28.0,-63.0,0.0,1349.0941309999998
p4-refinement-confirmation-round-broad-p4-0032-80ef56fe93cf2e58,4,broad,broad_joint,confirmation,extreme,combined_cover,assumption__radius_max__noise_extreme__scale_75,broad_or_stress_assumption,True,True,current,True,0,-2142.353421,-2142.353421,20.128587483992337,10643.337108,8500.983687,-8676.767108845102,-54,-29,-87.0,0,-1735.3534217690203,-270.0,-50.0,-87.0,0.0,-3685.7272949999997
p4-refinement-confirmation-round-broad-p4-0032-80ef56fe93cf2e58,4,broad,broad_joint,confirmation,extreme,coverage,assumption__radius_max__noise_extreme__scale_75,broad_or_stress_assumption,True,True,current,True,0,-1880.441965,-1880.441965,17.667785450360086,10643.337108,8762.895143,-7802.2098262310465,-54,0,0.0,0,-1560.4419652462093,-270.0,-50.0,0.0,0.0,-3685.7272949999997
p4-refinement-confirmation-round-broad-p4-0033-f58641ce5542567a,4,broad,broad_joint,confirmation,deterministic,combined_cover,assumption__radius_mixed__noise_deterministic__scale_75,broad_or_stress_assumption,True,True,current,True,0,-1803.9877480000014,-1803.9877480000014,17.545683454322752,10281.661314,8477.673566,-7849.938731999391,-37,-6,-18.0,-1,-1569.9877463998782,-185.0,-31.0,-18.0,0.0,0.0
p4-refinement-confirmation-round-broad-p4-0033-f58641ce5542567a,4,broad,broad_joint,confirmation,deterministic,coverage,assumption__radius_mixed__noise_deterministic__scale_75,broad_or_stress_assumption,True,True,current,True,0,-1787.7673080000004,-1787.7673080000004,17.38792256817185,10281.661314,8493.894006,-7828.8365358572155,-37,-2,-6.0,-1,-1565.7673071714435,-185.0,-31.0,-6.0,0.0,0.0
p4-refinement-confirmation-round-broad-p4-0034-5aa7d9eb9b0412c0,4,broad,broad_joint,confirmation,correlated,combined_cover,assumption__radius_mixed__noise_correlated__scale_75,broad_or_stress_assumption,True,True,current,True,0,-1607.5484319999996,-1607.5484319999996,15.130408553325136,10624.620124,9017.071692,-5037.742159366237,-59,-84,-252.0,2,-1007.548431873247,-295.0,-53.0,-252.0,0.0,0.0
p4-refinement-confirmation-round-broad-p4-0034-5aa7d9eb9b0412c0,4,broad,broad_joint,confirmation,correlated,coverage,assumption__radius_mixed__noise_correlated__scale_75,broad_or_stress_assumption,True,True,current,True,0,-1549.3069189999987,-1549.3069189999987,14.582233537933867,10624.620124,9075.313205,-4851.5346105708595,-59,-77,-231.0,2,-970.3069221141714,-295.0,-53.0,-231.0,0.0,0.0
p4-refinement-confirmation-round-broad-p4-0035-8b28189634ec57f6,4,broad,broad_joint,confirmation,extreme,combined_cover,assumption__radius_mixed__noise_extreme__scale_75,broad_or_stress_assumption,True,True,current,True,0,-1879.3004610000007,-1879.3004610000007,18.486435912921515,10165.834398,8286.533937,-7736.502313058943,-41,-31,-93.0,1,-1547.300462611789,-205.0,-34.0,-93.0,0.0,0.0
p4-refinement-confirmation-round-broad-p4-0035-8b28189634ec57f6,4,broad,broad_joint,confirmation,extreme,coverage,assumption__radius_mixed__noise_extreme__scale_75,broad_or_stress_assumption,True,True,current,True,0,-1779.2623570000014,-1779.2623570000014,17.502374004341924,10165.834398,8386.572041,-7276.311792151791,-41,-28,-84.0,1,-1455.2623584303583,-205.0,-35.0,-84.0,0.0,0.0
p4-refinement-confirmation-round-broad-p4-0036-751eecd27215fb16,4,broad,broad_joint,confirmation,deterministic,combined_cover,assumption__radius_min__noise_deterministic__scale_150,broad_or_stress_assumption,True,True,current,True,0,-1968.3071789999995,-1968.3071789999995,19.95259966691393,9864.91591,7896.608731,-7981.535895071705,-54,-18,-54.0,2,-1596.3071790143413,-270.0,-48.0,-54.0,0.0,975.9237890000004
p4-refinement-confirmation-round-broad-p4-0036-751eecd27215fb16,4,broad,broad_joint,confirmation,deterministic,coverage,assumption__radius_min__noise_deterministic__scale_150,broad_or_stress_assumption,True,True,current,True,0,-1918.5751709999995,-1918.5751709999995,19.448469591668314,9864.91591,7946.340739,-7837.875856169947,-54,-11,-33.0,2,-1567.5751712339897,-270.0,-48.0,-33.0,0.0,975.8902459999999
p4-refinement-confirmation-round-broad-p4-0037-934d1a62e39cf2d6,4,broad,broad_joint,confirmation,correlated,combined_cover,assumption__radius_min__noise_correlated__scale_150,broad_or_stress_assumption,True,True,current,True,0,-2623.599422000001,-2623.599422000001,25.55055295206392,10268.268663,7644.669241,-11247.997110980283,-48,-32,-96.0,4,-2249.5994221960564,-240.0,-38.0,-96.0,0.0,0.0
p4-refinement-confirmation-round-broad-p4-0037-934d1a62e39cf2d6,4,broad,broad_joint,confirmation,correlated,coverage,assumption__radius_min__noise_correlated__scale_150,broad_or_stress_assumption,True,True,current,True,0,-2418.0605670000004,-2418.0605670000004,23.54886345848234,10268.268663,7850.208096,-10595.302831797824,-48,-7,-21.0,4,-2119.0605663595643,-240.0,-38.0,-21.0,0.0,0.0
p4-refinement-confirmation-round-broad-p4-0038-588cfc0d87da7bc6,4,broad,broad_joint,confirmation,extreme,combined_cover,assumption__radius_min__noise_extreme__scale_150,broad_or_stress_assumption,True,True,current,True,0,-960.7986870000004,-960.7986870000004,9.125773154654489,10528.408615,9567.609928,-5158.993425234927,-24,70,210.0,2,-1031.7986850469852,-120.0,-19.0,210.0,0.0,0.0
p4-refinement-confirmation-round-broad-p4-0038-588cfc0d87da7bc6,4,broad,broad_joint,confirmation,extreme,coverage,assumption__radius_min__noise_extreme__scale_150,broad_or_stress_assumption,True,True,current,True,0,-1070.3554980000008,-1070.3554980000008,10.16635597211764,10528.408615,9458.053117,-5481.777491316854,-24,55,165.0,2,-1096.3554982633705,-120.0,-19.0,165.0,0.0,0.0
p4-refinement-confirmation-round-broad-p4-0039-d018f065ee364f01,4,broad,broad_joint,confirmation,deterministic,combined_cover,assumption__radius_max__noise_deterministic__scale_150,broad_or_stress_assumption,True,True,current,True,0,-2174.7642689999993,-2174.7642689999993,20.57112682405441,10571.925824,8397.161555,-8248.821357514142,-47,-82,-246.0,-1,-1649.7642715028278,-235.0,-44.0,-246.0,0.0,0.0
p4-refinement-confirmation-round-broad-p4-0039-d018f065ee364f01,4,broad,broad_joint,confirmation,deterministic,coverage,assumption__radius_max__noise_deterministic__scale_150,broad_or_stress_assumption,True,True,current,True,0,-2052.5294780000004,-2052.5294780000004,19.414906159674548,10571.925824,8519.396346,-7802.647401343849,-47,-71,-213.0,-1,-1560.5294802687695,-235.0,-44.0,-213.0,0.0,0.0
p4-refinement-confirmation-round-broad-p4-0040-4bfcfae46248dadf,4,broad,broad_joint,confirmation,correlated,combined_cover,assumption__radius_max__noise_correlated__scale_150,broad_or_stress_assumption,True,True,current,True,0,-57.36555600000065,-57.36555600000065,0.5889312966632784,9740.619377,9683.253821,328.17222908279655,-33,24,72.0,3,65.63444581655949,-165.0,-30.0,72.0,0.0,-909.4106640000009
p4-refinement-confirmation-round-broad-p4-0040-4bfcfae46248dadf,4,broad,broad_joint,confirmation,correlated,coverage,assumption__radius_max__noise_correlated__scale_150,broad_or_stress_assumption,True,True,current,True,0,-12.040338000000702,-12.040338000000702,0.12360957280017432,9740.619377,9728.579039,479.79831833070784,-33,29,87.0,3,95.95966366614175,-165.0,-30.0,87.0,0.0,-909.4106640000009
p4-refinement-confirmation-round-broad-p4-0041-d0535d40d176c5cc,4,broad,broad_joint,confirmation,extreme,combined_cover,assumption__radius_max__noise_extreme__scale_150,broad_or_stress_assumption,True,True,current,True,0,-2413.8355850000007,-2413.8355850000007,18.98680140560329,12713.229224,10299.393639,-9849.177952236241,-58,-35,-105.0,0,-1969.8355904472483,-290.0,-49.0,-105.0,0.0,0.0
p4-refinement-confirmation-round-broad-p4-0041-d0535d40d176c5cc,4,broad,broad_joint,confirmation,extreme,coverage,assumption__radius_max__noise_extreme__scale_150,broad_or_stress_assumption,True,True,current,True,0,-2218.0325470000007,-2218.0325470000007,17.446649532699407,12713.229224,10495.196677,-8810.16273963698,-58,-39,-117.0,0,-1762.032547927396,-290.0,-49.0,-117.0,0.0,0.0
p4-refinement-confirmation-round-broad-p4-0042-709d6306a2563a48,4,broad,broad_joint,confirmation,deterministic,combined_cover,assumption__radius_mixed__noise_deterministic__scale_150,broad_or_stress_assumption,True,True,current,True,0,-1401.297290999999,-1401.297290999999,12.911792225861774,10852.848826,9451.551535,-5931.486455833248,3,-79,-237.0,0,-1186.2972911666493,15.0,7.0,-237.0,0.0,-1209.3344770000003
p4-refinement-confirmation-round-broad-p4-0042-709d6306a2563a48,4,broad,broad_joint,confirmation,deterministic,coverage,assumption__radius_mixed__noise_deterministic__scale_150,broad_or_stress_assumption,True,True,current,True,0,-1290.3731150000003,-1290.3731150000003,11.88971795044886,10852.848826,9562.475711,-5571.865571442635,3,-66,-198.0,0,-1114.3731142885263,15.0,7.0,-198.0,0.0,-1209.3344770000003
p4-refinement-confirmation-round-broad-p4-0043-b5331a24d8364962,4,broad,broad_joint,confirmation,correlated,combined_cover,assumption__radius_mixed__noise_correlated__scale_150,broad_or_stress_assumption,True,True,current,True,0,-3004.814453000001,-3004.814453000001,25.766055896422614,11661.910791,8657.096338,-12984.072274910464,-36,-67,-201.0,-1,-2596.8144549820936,-180.0,-27.0,-201.0,0.0,1006.5611969999991
p4-refinement-confirmation-round-broad-p4-0043-b5331a24d8364962,4,broad,broad_joint,confirmation,correlated,coverage,assumption__radius_mixed__noise_correlated__scale_150,broad_or_stress_assumption,True,True,current,True,0,-2332.994133,-2332.994133,20.005247637466688,11661.910791,9328.916658,-10614.97067995085,-36,-1,-3.0,-1,-2122.9941359901704,-180.0,-27.0,-3.0,0.0,1002.9919740000005
p4-refinement-confirmation-round-broad-p4-0044-207ba831694dbc7f,4,broad,broad_joint,confirmation,extreme,combined_cover,assumption__radius_mixed__noise_extreme__scale_150,broad_or_stress_assumption,True,True,current,True,0,-1374.170994,-1374.170994,12.529427630400214,10967.548036,9593.377042,-6155.854980228949,-31,12,36.0,2,-1231.1709960457893,-155.0,-24.0,36.0,0.0,0.0
p4-refinement-confirmation-round-broad-p4-0044-207ba831694dbc7f,4,broad,broad_joint,confirmation,extreme,coverage,assumption__radius_mixed__noise_extreme__scale_150,broad_or_stress_assumption,True,True,current,True,0,-1058.6006080000006,-1058.6006080000006,9.652117360464148,10967.548036,9908.947428,-4938.003050962419,-31,36,108.0,2,-987.6006101924831,-155.0,-24.0,108.0,0.0,0.0
p4-refinement-confirmation-round-broad-p4-0045-987a585bdf5d0d2a,4,broad,broad_joint,confirmation,deterministic,combined_cover,assumption__radius_min__noise_deterministic__scale_300,broad_or_stress_assumption,True,True,current,True,0,-375.35870700000123,-375.35870700000123,3.541276924972139,10599.529914,10224.171207,-3351.7935256405035,19,60,180.0,1,-670.3587051281011,95.0,20.0,180.0,0.0,0.0
p4-refinement-confirmation-round-broad-p4-0045-987a585bdf5d0d2a,4,broad,broad_joint,confirmation,deterministic,coverage,assumption__radius_min__noise_deterministic__scale_300,broad_or_stress_assumption,True,True,current,True,0,-497.5689710000006,-497.5689710000006,4.69425507581053,10599.529914,10101.960943,-3452.844852855873,19,26,78.0,1,-690.5689705711748,95.0,20.0,78.0,0.0,0.0
p4-refinement-confirmation-round-broad-p4-0046-9dd4abca08fa17b3,4,broad,broad_joint,confirmation,correlated,combined_cover,assumption__radius_min__noise_correlated__scale_300,broad_or_stress_assumption,True,True,current,True,0,-3832.164079,-3832.164079,29.172167032169106,13136.370962,9304.206883,-14710.820418213858,-68,-163,-489.0,1,-2942.1640836427723,-340.0,-61.0,-489.0,0.0,0.0
p4-refinement-confirmation-round-broad-p4-0046-9dd4abca08fa17b3,4,broad,broad_joint,confirmation,correlated,coverage,assumption__radius_min__noise_correlated__scale_300,broad_or_stress_assumption,True,True,current,True,0,-3012.087568000001,-3012.087568000001,22.929373543980773,13136.370962,10124.283394,-11375.437862749706,-68,-112,-336.0,2,-2275.087572549942,-340.0,-61.0,-336.0,0.0,0.0
p4-refinement-confirmation-round-broad-p4-0047-02641fefa60f42f2,4,broad,broad_joint,confirmation,extreme,combined_cover,assumption__radius_min__noise_extreme__scale_300,broad_or_stress_assumption,True,True,current,True,0,-1387.7680540000001,-1387.7680540000001,13.582847270579137,10217.062935,8829.294881,-3463.8402667387927,-86,-62,-186.0,3,-692.7680533477587,-430.0,-79.0,-186.0,0.0,0.0
p4-refinement-confirmation-round-broad-p4-0047-02641fefa60f42f2,4,broad,broad_joint,confirmation,extreme,coverage,assumption__radius_min__noise_extreme__scale_300,broad_or_stress_assumption,True,True,current,True,0,-1231.9253960000005,-1231.9253960000005,12.057529681841002,10217.062935,8985.137539,-2939.626980916546,-86,-45,-135.0,3,-587.9253961833092,-430.0,-79.0,-135.0,0.0,0.0
p4-refinement-confirmation-round-broad-p4-0048-6e49a29e6e6d48a6,4,broad,broad_joint,confirmation,deterministic,combined_cover,assumption__radius_max__noise_deterministic__scale_300,broad_or_stress_assumption,True,True,current,True,0,-2087.2519460000003,-2087.2519460000003,19.130720249067792,10910.472365,8823.220419,-9056.259709025057,-48,2,6.0,0,-1811.2519418050115,-240.0,-42.0,6.0,0.0,1002.8005479999993
p4-refinement-confirmation-round-broad-p4-0048-6e49a29e6e6d48a6,4,broad,broad_joint,confirmation,deterministic,coverage,assumption__radius_max__noise_deterministic__scale_300,broad_or_stress_assumption,True,True,current,True,0,-2075.4408110000004,-2075.4408110000004,19.02246522027647,10910.472365,8835.031554,-9042.204062120865,-48,5,15.0,0,-1808.4408124241736,-240.0,-42.0,15.0,0.0,1004.5413729999991
p4-refinement-confirmation-round-broad-p4-0049-0276482870baa35e,4,broad,broad_joint,confirmation,correlated,combined_cover,assumption__radius_max__noise_correlated__scale_300,broad_or_stress_assumption,True,True,current,True,0,-2446.6905739999993,-2446.6905739999993,23.27040238953445,10514.173898,8067.483324,-10558.452890973895,-47,-20,-60.0,-1,-2111.69057819478,-235.0,-40.0,-60.0,0.0,1091.8048399999998
p4-refinement-confirmation-round-broad-p4-0049-0276482870baa35e,4,broad,broad_joint,confirmation,correlated,coverage,assumption__radius_max__noise_correlated__scale_300,broad_or_stress_assumption,True,True,current,True,0,-2466.380616999999,-2466.380616999999,23.45767381181657,10514.173898,8047.793281,-10641.903104980778,-47,-21,-63.0,-1,-2128.3806209961567,-235.0,-40.0,-63.0,0.0,1091.8048399999998
p4-refinement-confirmation-round-broad-p4-0050-f063734687b3673d,4,broad,broad_joint,confirmation,extreme,combined_cover,assumption__radius_max__noise_extreme__scale_300,broad_or_stress_assumption,True,True,current,True,0,-1369.0302479999991,-1369.0302479999991,13.958540091997973,9807.832617,8438.802369,-4910.151243153436,-54,-23,-69.0,0,-982.0302486306873,-270.0,-48.0,-69.0,0.0,-2046.5763819999993
p4-refinement-confirmation-round-broad-p4-0050-f063734687b3673d,4,broad,broad_joint,confirmation,extreme,coverage,assumption__radius_max__noise_extreme__scale_300,broad_or_stress_assumption,True,True,current,True,0,-1251.3953399999991,-1251.3953399999991,12.759142502401039,9807.832617,8556.437277,-4516.976695455771,-54,-10,-30.0,0,-903.3953390911538,-270.0,-48.0,-30.0,0.0,-2044.1721099999995
p4-refinement-confirmation-round-broad-p4-0051-934e1e06d4c63f8b,4,broad,broad_joint,confirmation,deterministic,combined_cover,assumption__radius_mixed__noise_deterministic__scale_300,broad_or_stress_assumption,True,True,current,True,0,-2254.4945000000007,-2254.4945000000007,20.025123569774255,11258.330028,9003.835528,-8932.472513055778,-64,-30,-90.0,0,-1786.4945026111563,-320.0,-58.0,-90.0,0.0,0.0
p4-refinement-confirmation-round-broad-p4-0051-934e1e06d4c63f8b,4,broad,broad_joint,confirmation,deterministic,coverage,assumption__radius_mixed__noise_deterministic__scale_300,broad_or_stress_assumption,True,True,current,True,0,-1558.8256409999995,-1558.8256409999995,13.845975709746707,11258.330028,9699.504387,-6139.128216207391,-64,16,48.0,0,-1227.8256432414792,-320.0,-59.0,48.0,0.0,0.0
p4-refinement-confirmation-round-broad-p4-0052-cf2d7c90b3ef06ed,4,broad,broad_joint,confirmation,correlated,combined_cover,assumption__radius_mixed__noise_correlated__scale_300,broad_or_stress_assumption,True,True,current,True,0,-1000.8883420000002,-1000.8883420000002,9.210486207515205,10866.835034,9865.946692,-5359.441691710468,-25,70,210.0,0,-1071.8883383420944,-125.0,-14.0,210.0,0.0,0.0
p4-refinement-confirmation-round-broad-p4-0052-cf2d7c90b3ef06ed,4,broad,broad_joint,confirmation,correlated,coverage,assumption__radius_mixed__noise_correlated__scale_300,broad_or_stress_assumption,True,True,current,True,0,-232.70477199999914,-232.70477199999914,2.1414217780238287,10866.835034,10634.130262,-2673.5238510374475,-25,147,441.0,0,-534.7047702074906,-125.0,-14.0,441.0,0.0,0.0
p4-refinement-confirmation-round-broad-p4-0053-952f42d63a0923e1,4,broad,broad_joint,confirmation,extreme,combined_cover,assumption__radius_mixed__noise_extreme__scale_300,broad_or_stress_assumption,True,True,current,True,0,-1800.7504719999997,-1800.7504719999997,17.93522896842437,10040.298204,8239.547732,-7033.752360270966,-53,-28,-84.0,0,-1406.7504720541929,-265.0,-45.0,-84.0,0.0,-1835.612297999999
p4-refinement-confirmation-round-broad-p4-0053-952f42d63a0923e1,4,broad,broad_joint,confirmation,extreme,coverage,assumption__radius_mixed__noise_extreme__scale_300,broad_or_stress_assumption,True,True,current,True,0,-1724.531226000001,-1724.531226000001,17.176095679239456,10040.298204,8315.766978,-6772.656123415945,-53,-20,-60.0,0,-1354.531224683189,-265.0,-45.0,-60.0,0.0,-1834.0663710000008
p4-refinement-confirmation-round-broad-p4-0054-c45939b15eab6847,4,broad,broad_joint,confirmation,deterministic,combined_cover,assumption__radius_min__noise_deterministic__scale_75,broad_or_stress_assumption,True,True,current,True,0,-2816.65279,-2816.65279,24.550938649817233,11472.688805,8656.036015,-11218.263961509365,-37,-119,-357.0,-7,-2243.652792301873,-185.0,-31.0,-357.0,0.0,0.0
p4-refinement-confirmation-round-broad-p4-0054-c45939b15eab6847,4,broad,broad_joint,confirmation,deterministic,coverage,assumption__radius_min__noise_deterministic__scale_75,broad_or_stress_assumption,True,True,current,True,0,-2525.531783999999,-2525.531783999999,22.013425334951364,11472.688805,8947.157021,-10227.658926896358,-37,-88,-264.0,-7,-2045.5317853792722,-185.0,-31.0,-264.0,0.0,0.0
p4-refinement-confirmation-round-broad-p4-0055-0db9e26b70fc2672,4,broad,broad_joint,confirmation,correlated,combined_cover,assumption__radius_min__noise_correlated__scale_75,broad_or_stress_assumption,True,True,current,True,0,-1295.6755059999996,-1295.6755059999996,12.283054866319004,10548.479349,9252.803843,-5233.37752717056,-38,-10,-30.0,3,-1046.675505434112,-190.0,-29.0,-30.0,0.0,0.0
p4-refinement-confirmation-round-broad-p4-0055-0db9e26b70fc2672,4,broad,broad_joint,confirmation,correlated,coverage,assumption__radius_min__noise_correlated__scale_75,broad_or_stress_assumption,True,True,current,True,0,-450.1339189999999,-450.1339189999999,4.2672872942835385,10548.479349,10098.34543,-2460.6695999910226,-38,87,261.0,3,-492.1339199982049,-190.0,-29.0,261.0,0.0,0.0
p4-refinement-confirmation-round-broad-p4-0056-ada5f9a6610ea7d9,4,broad,broad_joint,confirmation,extreme,combined_cover,assumption__radius_min__noise_extreme__scale_75,broad_or_stress_assumption,True,True,current,True,0,-459.8511490000001,-459.8511490000001,4.122964992185298,11153.409012,10693.557863,-2394.255768189003,-50,104,312.0,2,-478.85115363779914,-250.0,-43.0,312.0,0.0,0.0
p4-refinement-confirmation-round-broad-p4-0056-ada5f9a6610ea7d9,4,broad,broad_joint,confirmation,extreme,coverage,assumption__radius_min__noise_extreme__scale_75,broad_or_stress_assumption,True,True,current,True,0,-733.7672550000007,-733.7672550000007,6.578860814756612,11153.409012,10419.641757,-2863.836290145853,-50,44,132.0,2,-572.7672580291692,-250.0,-43.0,132.0,0.0,0.0
p4-refinement-confirmation-round-broad-p4-0057-d774c857910e5ecb,4,broad,broad_joint,confirmation,deterministic,combined_cover,assumption__radius_max__noise_deterministic__scale_75,broad_or_stress_assumption,True,True,current,True,0,-255.09722900000088,-255.09722900000088,2.64849016809632,9631.798225,9376.700996,-390.48613735647086,-49,37,111.0,1,-78.0972274712949,-245.0,-43.0,111.0,0.0,-3103.3145060000006
p4-refinement-confirmation-round-broad-p4-0057-d774c857910e5ecb,4,broad,broad_joint,confirmation,deterministic,coverage,assumption__radius_max__noise_deterministic__scale_75,broad_or_stress_assumption,True,True,current,True,0,-421.77802800000063,-421.77802800000063,4.379016442695472,9631.798225,9210.020197,-818.8901400092946,-49,10,30.0,1,-163.77802800185964,-245.0,-43.0,30.0,0.0,-3103.3145060000006
p4-refinement-confirmation-round-broad-p4-0058-6f17ea06cf2b9fb0,4,broad,broad_joint,confirmation,correlated,combined_cover,assumption__radius_max__noise_correlated__scale_75,broad_or_stress_assumption,True,True,current,True,0,-1720.1901610000004,-1720.1901610000004,15.876947531279592,10834.514365,9114.324204,-6510.950801687264,-56,-30,-90.0,-1,-1302.1901603374536,-280.0,-48.0,-90.0,0.0,46.67617100000007
p4-refinement-confirmation-round-broad-p4-0058-6f17ea06cf2b9fb0,4,broad,broad_joint,confirmation,correlated,coverage,assumption__radius_max__noise_correlated__scale_75,broad_or_stress_assumption,True,True,current,True,0,-2324.6703080000007,-2324.6703080000007,21.456156036948506,10834.514365,8509.844057,-8423.351548983024,-56,-104,-312.0,-1,-1684.6703097966056,-280.0,-48.0,-312.0,0.0,44.1405079999995
p4-refinement-confirmation-round-broad-p4-0059-1a75c1b75c6f8bf2,4,broad,broad_joint,confirmation,extreme,combined_cover,assumption__radius_max__noise_extreme__scale_75,broad_or_stress_assumption,True,True,current,True,0,-919.639161000001,-919.639161000001,8.270112590871827,11120.031933,10200.392772,-3023.1957978280625,-12,-82,-246.0,-2,-604.6391595656114,-60.0,-9.0,-246.0,0.0,-1883.609937000001
p4-refinement-confirmation-round-broad-p4-0059-1a75c1b75c6f8bf2,4,broad,broad_joint,confirmation,extreme,coverage,assumption__radius_max__noise_extreme__scale_75,broad_or_stress_assumption,True,True,current,True,0,-1022.5342890000011,-1022.5342890000011,9.195425832955664,11120.031933,10097.497644,-3147.671457554694,-12,-108,-324.0,-2,-629.5342915109377,-60.0,-9.0,-324.0,0.0,-1883.609937000001
p4-refinement-confirmation-round-broad-p4-0060-07b765d556019e3c,4,broad,broad_joint,confirmation,deterministic,combined_cover,assumption__radius_mixed__noise_deterministic__scale_75,broad_or_stress_assumption,True,True,current,True,0,444.41885999999977,444.41885999999977,-4.786901983024868,9284.060162,9728.479022,927.0942796993477,71,-56,-168.0,-3,185.4188559398699,355.0,72.0,-168.0,0.0,0.0
p4-refinement-confirmation-round-broad-p4-0060-07b765d556019e3c,4,broad,broad_joint,confirmation,deterministic,coverage,assumption__radius_mixed__noise_deterministic__scale_75,broad_or_stress_assumption,True,True,current,True,0,538.535976000001,538.535976000001,-5.800651510254625,9284.060162,9822.596138,1202.6798591600382,71,-43,-129.0,-3,240.53597183200782,355.0,72.0,-129.0,0.0,0.0
p4-refinement-confirmation-round-broad-p4-0061-691c0701c08783ae,4,broad,broad_joint,confirmation,correlated,combined_cover,assumption__radius_mixed__noise_correlated__scale_75,broad_or_stress_assumption,True,True,current,True,0,-1140.2794809999996,-1140.2794809999996,10.251627805126587,11122.911431,9982.63195,-3936.397421579277,-77,33,99.0,2,-787.2794843158554,-385.0,-67.0,99.0,0.0,0.0
p4-refinement-confirmation-round-broad-p4-0061-691c0701c08783ae,4,broad,broad_joint,confirmation,correlated,coverage,assumption__radius_mixed__noise_correlated__scale_75,broad_or_stress_assumption,True,True,current,True,0,-246.06494999999995,-246.06494999999995,2.212235092641366,11122.911431,10876.846481,-1025.3247746777633,-77,137,411.0,2,-205.06495493555303,-385.0,-67.0,411.0,0.0,0.0
p4-refinement-confirmation-round-broad-p4-0062-74cae9d18811cca6,4,broad,broad_joint,confirmation,extreme,combined_cover,assumption__radius_mixed__noise_extreme__scale_75,broad_or_stress_assumption,True,True,current,True,0,-1285.3463229999998,-1285.3463229999998,13.11340840500951,9801.771464,8516.425141,-6611.7316117744485,-24,58,174.0,-1,-1322.3463223548888,-120.0,-17.0,174.0,0.0,-1178.1379589999997
p4-refinement-confirmation-round-broad-p4-0062-74cae9d18811cca6,4,broad,broad_joint,confirmation,extreme,coverage,assumption__radius_mixed__noise_extreme__scale_75,broad_or_stress_assumption,True,True,current,True,0,-1624.3743709999999,-1624.3743709999999,16.5722530561543,9801.771464,8177.397093,-7571.871840862463,-24,9,27.0,-1,-1514.3743681724918,-120.0,-17.0,27.0,0.0,-1180.71281
p4-refinement-confirmation-round-broad-p4-0063-18a4a18b30595653,4,broad,broad_joint,confirmation,deterministic,combined_cover,assumption__radius_min__noise_deterministic__scale_150,broad_or_stress_assumption,True,True,current,True,0,-1077.2091759999985,-1077.2091759999985,9.566645507917269,11260.051134,10182.841958,-3686.0458975163638,-44,-28,-84.0,2,-737.2091795032729,-220.0,-36.0,-84.0,0.0,0.0
p4-refinement-confirmation-round-broad-p4-0063-18a4a18b30595653,4,broad,broad_joint,confirmation,deterministic,coverage,assumption__radius_min__noise_deterministic__scale_150,broad_or_stress_assumption,True,True,current,True,0,-48.840259999999034,-48.840259999999034,0.43374811906959,11260.051134,11211.210874,-29.201316226368363,-44,71,213.0,2,-5.8402632452744,-220.0,-36.0,213.0,0.0,0.0
p4-refinement-confirmation-round-broad-p4-0064-ad8a156b6af44bb8,4,broad,broad_joint,confirmation,correlated,combined_cover,assumption__radius_min__noise_correlated__scale_150,broad_or_stress_assumption,True,True,current,True,0,-863.0682230000002,-863.0682230000002,8.314290976888824,10380.539067,9517.470844,-3845.3411359401944,-52,71,213.0,1,-769.0682271880387,-260.0,-47.0,213.0,0.0,0.0
p4-refinement-confirmation-round-broad-p4-0064-ad8a156b6af44bb8,4,broad,broad_joint,confirmation,correlated,coverage,assumption__radius_min__noise_correlated__scale_150,broad_or_stress_assumption,True,True,current,True,0,-1196.6823179999992,-1196.6823179999992,11.52813269403593,10380.539067,9183.856749,-4988.411591347918,-52,36,108.0,0,-997.6823182695834,-260.0,-47.0,108.0,0.0,0.0
p4-refinement-confirmation-round-broad-p4-0065-97896e7ed3bc4ba2,4,broad,broad_joint,confirmation,extreme,combined_cover,assumption__radius_min__noise_extreme__scale_150,broad_or_stress_assumption,True,True,current,True,0,-2456.760678999999,-2456.760678999999,19.00386628763044,12927.688723,10470.928044,-10078.803383198967,-10,-128,-384.0,1,-2015.760676639793,-50.0,-7.0,-384.0,0.0,0.0
p4-refinement-confirmation-round-broad-p4-0065-97896e7ed3bc4ba2,4,broad,broad_joint,confirmation,extreme,coverage,assumption__radius_min__noise_extreme__scale_150,broad_or_stress_assumption,True,True,current,True,0,-2858.8408229999986,-2858.8408229999986,22.11409080351508,12927.688723,10068.8479,-11189.204117255424,-10,-188,-564.0,1,-2237.8408234510844,-50.0,-7.0,-564.0,0.0,0.0
p4-refinement-confirmation-round-broad-p4-0066-f5296da295b97f7b,4,broad,broad_joint,confirmation,deterministic,combined_cover,assumption__radius_max__noise_deterministic__scale_150,broad_or_stress_assumption,True,True,current,True,0,-916.8117660000007,-916.8117660000007,9.175856691314083,9991.565876,9074.75411,-3554.0588214048694,-48,25,75.0,1,-710.8117642809739,-240.0,-41.0,75.0,0.0,0.0
p4-refinement-confirmation-round-broad-p4-0066-f5296da295b97f7b,4,broad,broad_joint,confirmation,deterministic,coverage,assumption__radius_max__noise_deterministic__scale_150,broad_or_stress_assumption,True,True,current,True,0,-987.0732029999999,-987.0732029999999,9.879064155208898,9991.565876,9004.492673,-3800.366018863351,-48,18,54.0,1,-760.0732037726702,-240.0,-41.0,54.0,0.0,0.0
p4-refinement-confirmation-round-broad-p4-0067-d408f1e515bebe29,4,broad,broad_joint,confirmation,correlated,combined_cover,assumption__radius_max__noise_correlated__scale_150,broad_or_stress_assumption,True,True,current,True,0,-2145.647043000001,-2145.647043000001,21.23992324024403,10101.952906,7956.305863,-8713.235234016967,-58,-20,-60.0,-2,-1742.647046803393,-290.0,-53.0,-60.0,0.0,-1009.3651470000004
p4-refinement-confirmation-round-broad-p4-0067-d408f1e515bebe29,4,broad,broad_joint,confirmation,correlated,coverage,assumption__radius_max__noise_correlated__scale_150,broad_or_stress_assumption,True,True,current,True,0,-1827.8223630000011,-1827.8223630000011,18.09375256455983,10101.952906,8274.130543,-7649.111827426284,-58,15,45.0,-2,-1529.8223654852563,-290.0,-53.0,45.0,0.0,-1012.0295350000006
p4-refinement-confirmation-round-broad-p4-0068-577d0f819279ca91,4,broad,broad_joint,confirmation,extreme,combined_cover,assumption__radius_max__noise_extreme__scale_150,broad_or_stress_assumption,True,True,current,True,0,-2909.0995000000003,-2909.0995000000003,24.05704310121075,12092.506497,9183.406997,-10795.497487233995,-71,-110,-330.0,2,-2159.0994974467994,-355.0,-65.0,-330.0,0.0,167.34359100000074
p4-refinement-confirmation-round-broad-p4-0068-577d0f819279ca91,4,broad,broad_joint,confirmation,extreme,coverage,assumption__radius_max__noise_extreme__scale_150,broad_or_stress_assumption,True,True,current,True,0,-2366.457144,-2366.457144,19.56961647766812,12092.506497,9726.049353,-8482.285714449965,-71,-83,-249.0,2,-1696.4571428899935,-355.0,-66.0,-249.0,0.0,170.2512139999999
p4-refinement-confirmation-round-broad-p4-0069-78cd0c589e89e59c,4,broad,broad_joint,confirmation,deterministic,combined_cover,assumption__radius_mixed__noise_deterministic__scale_150,broad_or_stress_assumption,True,True,current,True,0,-1759.9620969999996,-1759.9620969999996,16.209331418027567,10857.709375,9097.747278,-7734.810496828955,-11,-52,-156.0,0,-1546.962099365791,-55.0,-2.0,-156.0,0.0,-926.0136949999996
p4-refinement-confirmation-round-broad-p4-0069-78cd0c589e89e59c,4,broad,broad_joint,confirmation,deterministic,coverage,assumption__radius_mixed__noise_deterministic__scale_150,broad_or_stress_assumption,True,True,current,True,0,-981.8241010000002,-981.8241010000002,9.042644881070968,10857.709375,9875.885274,-4534.120509460445,-11,-6,-18.0,0,-906.824101892089,-55.0,-2.0,-18.0,0.0,-925.2133680000006
p4-refinement-confirmation-round-broad-p4-0070-ea6ff37e9b5c7f15,4,broad,broad_joint,confirmation,correlated,combined_cover,assumption__radius_mixed__noise_correlated__scale_150,broad_or_stress_assumption,True,True,current,True,0,-2635.5220360000003,-2635.5220360000003,20.355455298775066,12947.497353,10311.975317,-9562.61018459023,-60,-122,-366.0,0,-1912.5220369180452,-300.0,-57.0,-366.0,0.0,0.0
p4-refinement-confirmation-round-broad-p4-0070-ea6ff37e9b5c7f15,4,broad,broad_joint,confirmation,correlated,coverage,assumption__radius_mixed__noise_correlated__scale_150,broad_or_stress_assumption,True,True,current,True,0,-2270.822515,-2270.822515,17.538698430193836,12947.497353,10676.674838,-7979.112572954167,-60,-106,-318.0,1,-1595.8225145908327,-300.0,-57.0,-318.0,0.0,0.0
p4-refinement-confirmation-round-broad-p4-0071-5f20c369c9daafee,4,broad,broad_joint,confirmation,extreme,combined_cover,assumption__radius_mixed__noise_extreme__scale_150,broad_or_stress_assumption,True,True,current,True,0,-1822.3577100000002,-1822.3577100000002,15.057514922494779,12102.645884,10280.288174,-7541.788545726995,-32,-43,-129.0,1,-1508.357709145399,-160.0,-25.0,-129.0,0.0,0.0
p4-refinement-confirmation-round-broad-p4-0071-5f20c369c9daafee,4,broad,broad_joint,confirmation,extreme,coverage,assumption__radius_mixed__noise_extreme__scale_150,broad_or_stress_assumption,True,True,current,True,0,-606.4709320000002,-606.4709320000002,5.011060703690999,12102.645884,11496.174952,-3487.3546729283116,-32,92,276.0,1,-697.4709345856627,-160.0,-25.0,276.0,0.0,0.0
p4-refinement-confirmation-round-broad-p4-0072-1f448f9e9e86e49a,4,broad,broad_joint,confirmation,deterministic,combined_cover,assumption__radius_min__noise_deterministic__scale_300,broad_or_stress_assumption,True,True,current,True,0,-1090.1649159999997,-1090.1649159999997,10.471152742110302,10411.126099,9320.961183,-5340.824587991068,-18,27,81.0,0,-1068.1649175982138,-90.0,-13.0,81.0,0.0,0.0
p4-refinement-confirmation-round-broad-p4-0072-1f448f9e9e86e49a,4,broad,broad_joint,confirmation,deterministic,coverage,assumption__radius_min__noise_deterministic__scale_300,broad_or_stress_assumption,True,True,current,True,0,-1518.6727339999998,-1518.6727339999998,14.5870170004556,10411.126099,8892.453365,-6703.363682520714,-18,-25,-75.0,0,-1340.6727365041434,-90.0,-13.0,-75.0,0.0,0.0
p4-refinement-confirmation-round-broad-p4-0073-6acf28779d0386eb,4,broad,broad_joint,confirmation,correlated,combined_cover,assumption__radius_min__noise_correlated__scale_300,broad_or_stress_assumption,True,True,current,True,0,-1220.5986599999997,-1220.5986599999997,12.114817025433334,10075.254603,8854.655943,-5942.993286384073,2,-17,-51.0,0,-1188.5986572768152,10.0,9.0,-51.0,0.0,-1844.0056749999985
p4-refinement-confirmation-round-broad-p4-0073-6acf28779d0386eb,4,broad,broad_joint,confirmation,correlated,coverage,assumption__radius_min__noise_correlated__scale_300,broad_or_stress_assumption,True,True,current,True,0,-1135.4587620000002,-1135.4587620000002,11.269777357903264,10075.254603,8939.795841,-5667.2937922474375,2,-7,-21.0,0,-1133.4587584494875,10.0,9.0,-21.0,0.0,-1844.0056749999985
p4-refinement-confirmation-round-broad-p4-0074-2611acb334f1095f,4,broad,broad_joint,confirmation,extreme,combined_cover,assumption__radius_min__noise_extreme__scale_300,broad_or_stress_assumption,True,True,current,True,0,-1143.7918499999996,-1143.7918499999996,11.913032782040586,9601.181084,8457.389234,-6463.959247152154,21,6,18.0,1,-1292.7918494304313,105.0,26.0,18.0,0.0,-3328.358806
p4-refinement-confirmation-round-broad-p4-0074-2611acb334f1095f,4,broad,broad_joint,confirmation,extreme,coverage,assumption__radius_min__noise_extreme__scale_300,broad_or_stress_assumption,True,True,current,True,0,-935.9436800000003,-935.9436800000003,9.748214014624873,9601.181084,8665.237404,-5769.718386064073,21,29,87.0,1,-1153.9436772128147,105.0,26.0,87.0,0.0,-3328.1824640000013
p4-refinement-confirmation-round-broad-p4-0075-f313041e17b2b227,4,broad,broad_joint,confirmation,deterministic,combined_cover,assumption__radius_max__noise_deterministic__scale_300,broad_or_stress_assumption,True,True,current,True,0,-2115.169412000001,-2115.169412000001,18.96460500053679,11153.247916,9038.078504,-9495.84706579979,-28,-18,-54.0,0,-1899.169413159957,-140.0,-22.0,-54.0,0.0,-1911.7303330000004
p4-refinement-confirmation-round-broad-p4-0075-f313041e17b2b227,4,broad,broad_joint,confirmation,deterministic,coverage,assumption__radius_max__noise_deterministic__scale_300,broad_or_stress_assumption,True,True,current,True,0,-2118.723127000001,-2118.723127000001,18.996467602594635,11153.247916,9034.524789,-9513.615649240943,-28,-18,-54.0,0,-1902.7231298481875,-140.0,-22.0,-54.0,0.0,-1911.7303330000004
p4-refinement-confirmation-round-broad-p4-0076-5a28c038b9e74b18,4,broad,broad_joint,confirmation,correlated,combined_cover,assumption__radius_max__noise_correlated__scale_300,broad_or_stress_assumption,True,True,current,True,0,-1606.1702779999996,-1606.1702779999996,14.722296764000221,10909.780612,9303.610334,-6530.851378327789,-26,-50,-150.0,0,-1306.1702756655568,-130.0,-20.0,-150.0,0.0,-968.1342260000001
p4-refinement-confirmation-round-broad-p4-0076-5a28c038b9e74b18,4,broad,broad_joint,confirmation,correlated,coverage,assumption__radius_max__noise_correlated__scale_300,broad_or_stress_assumption,True,True,current,True,0,-1493.2850350000008,-1493.2850350000008,13.687580787440318,10909.780612,9416.495577,-6206.42515899735,-26,-34,-102.0,0,-1241.285031799469,-130.0,-20.0,-102.0,0.0,-968.1342260000001
p4-refinement-confirmation-round-broad-p4-0077-634da5ed88acfaf6,4,broad,broad_joint,confirmation,extreme,combined_cover,assumption__radius_max__noise_extreme__scale_300,broad_or_stress_assumption,True,True,current,True,0,-2471.8618509999997,-2471.8618509999997,21.013488133725943,11763.215299,9291.353448,-10764.309255398388,-36,-36,-108.0,3,-2152.8618510796787,-180.0,-31.0,-108.0,0.0,0.0
p4-refinement-confirmation-round-broad-p4-0077-634da5ed88acfaf6,4,broad,broad_joint,confirmation,extreme,coverage,assumption__radius_max__noise_extreme__scale_300,broad_or_stress_assumption,True,True,current,True,0,-2454.2095179999997,-2454.2095179999997,20.863424290199248,11763.215299,9309.005781,-10736.04761415015,-36,-32,-96.0,3,-2147.2095228300304,-180.0,-31.0,-96.0,0.0,0.0
p4-refinement-confirmation-round-broad-p4-0078-b80022243b2ebf8a,4,broad,broad_joint,confirmation,deterministic,combined_cover,assumption__radius_mixed__noise_deterministic__scale_300,broad_or_stress_assumption,True,True,current,True,0,-2541.10837,-2541.10837,21.070673696451,12059.929391,9518.821021,-9870.541850435482,-30,-132,-396.0,-3,-1974.1083700870959,-150.0,-21.0,-396.0,0.0,0.0
p4-refinement-confirmation-round-broad-p4-0078-b80022243b2ebf8a,4,broad,broad_joint,confirmation,deterministic,coverage,assumption__radius_mixed__noise_deterministic__scale_300,broad_or_stress_assumption,True,True,current,True,0,-2630.646917,-2630.646917,21.81312038993513,12059.929391,9429.282474,-10018.234593270477,-30,-152,-456.0,-3,-2003.6469186540953,-150.0,-21.0,-456.0,0.0,0.0
p4-refinement-confirmation-round-broad-p4-0079-f5f15ba920f97836,4,broad,broad_joint,confirmation,correlated,combined_cover,assumption__radius_mixed__noise_correlated__scale_300,broad_or_stress_assumption,True,True,current,True,0,-1038.5898269999998,-1038.5898269999998,10.430357608811484,9957.375058,8918.785231,-4472.949135238872,-73,97,291.0,2,-894.5898270477737,-365.0,-70.0,291.0,0.0,2152.0075179999994
p4-refinement-confirmation-round-broad-p4-0079-f5f15ba920f97836,4,broad,broad_joint,confirmation,correlated,coverage,assumption__radius_mixed__noise_correlated__scale_300,broad_or_stress_assumption,True,True,current,True,0,-998.6502970000001,-998.6502970000001,10.029252601042279,9957.375058,8958.724761,-4093.251487429734,-73,85,255.0,2,-818.6502974859468,-365.0,-70.0,255.0,0.0,2154.7553159999998
p4-refinement-confirmation-round-broad-p4-0080-70cc95fbfa1bd124,4,broad,broad_joint,confirmation,extreme,combined_cover,assumption__radius_mixed__noise_extreme__scale_300,broad_or_stress_assumption,True,True,current,True,0,-686.3523420000001,-686.3523420000001,6.778753146739486,10125.052899,9438.700557,-2841.761713600048,-35,29,87.0,0,-568.3523427200098,-175.0,-30.0,87.0,0.0,-3225.0665010000002
p4-refinement-confirmation-round-broad-p4-0080-70cc95fbfa1bd124,4,broad,broad_joint,confirmation,extreme,coverage,assumption__radius_mixed__noise_extreme__scale_300,broad_or_stress_assumption,True,True,current,True,0,-291.87370999999985,-291.87370999999985,2.8826882477703077,10125.052899,9833.179189,-1544.3685701419745,-35,74,222.0,0,-308.8737140283947,-175.0,-30.0,222.0,0.0,-3225.0665010000002
p4-refinement-confirmation-round-broad-p4-0081-fb3548227ad65e56,4,broad,broad_joint,confirmation,deterministic,combined_cover,assumption__radius_min__noise_deterministic__scale_75,broad_or_stress_assumption,True,True,current,True,0,-1492.7896090000004,-1492.7896090000004,16.1151727950506,9263.255368,7770.465759,-7188.948054123415,-10,-1,-3.0,0,-1437.7896108246832,-50.0,-2.0,-3.0,0.0,-2755.8739750000004
p4-refinement-confirmation-round-broad-p4-0081-fb3548227ad65e56,4,broad,broad_joint,confirmation,deterministic,coverage,assumption__radius_min__noise_deterministic__scale_75,broad_or_stress_assumption,True,True,current,True,0,-1392.5889290000005,-1392.5889290000005,15.033472291077189,9263.255368,7870.666439,-6882.944650153357,-10,12,36.0,0,-1376.5889300306717,-50.0,-2.0,36.0,0.0,-2755.8739750000004
p4-refinement-confirmation-round-broad-p4-0082-d6b35fb95140fff1,4,broad,broad_joint,confirmation,correlated,combined_cover,assumption__radius_min__noise_correlated__scale_75,broad_or_stress_assumption,True,True,current,True,0,230.07480899999973,230.07480899999973,-2.5512998087847443,9017.944822,9248.019631,1450.3740387927464,-62,103,309.0,1,290.07480775854947,-310.0,-59.0,309.0,0.0,0.0
p4-refinement-confirmation-round-broad-p4-0082-d6b35fb95140fff1,4,broad,broad_joint,confirmation,correlated,coverage,assumption__radius_min__noise_correlated__scale_75,broad_or_stress_assumption,True,True,current,True,0,-9.075111000000106,-9.075111000000106,0.10063391581040333,9017.944822,9008.869711,899.6244319667094,-62,60,180.0,1,179.9248863933426,-310.0,-59.0,180.0,0.0,0.0
p4-refinement-confirmation-round-broad-p4-0083-614ec3aa19bb88cd,4,broad,broad_joint,confirmation,extreme,combined_cover,assumption__radius_min__noise_extreme__scale_75,broad_or_stress_assumption,True,True,current,True,0,-2591.3287630000013,-2591.3287630000013,23.22014681004396,11159.829368,8568.500605,-10141.643820762118,-38,-114,-342.0,-2,-2028.328764152424,-190.0,-31.0,-342.0,0.0,-3212.6851080000006
p4-refinement-confirmation-round-broad-p4-0083-614ec3aa19bb88cd,4,broad,broad_joint,confirmation,extreme,coverage,assumption__radius_min__noise_extreme__scale_75,broad_or_stress_assumption,True,True,current,True,0,-2228.2736810000006,-2228.2736810000006,19.966915331066023,11159.829368,8931.555687,-8971.368398828272,-38,-71,-213.0,-2,-1794.2736797656544,-190.0,-31.0,-213.0,0.0,-3212.6851080000006
p4-refinement-confirmation-round-broad-p4-0084-e2cbaa0a44a4abd0,4,broad,broad_joint,confirmation,deterministic,combined_cover,assumption__radius_max__noise_deterministic__scale_75,broad_or_stress_assumption,True,True,current,True,0,-533.6745790000004,-533.6745790000004,5.424465520604865,9838.288712,9304.614133,-1808.3728863862998,-45,30,90.0,4,-361.67457727726014,-225.0,-37.0,90.0,0.0,-958.4613399999998
p4-refinement-confirmation-round-broad-p4-0084-e2cbaa0a44a4abd0,4,broad,broad_joint,confirmation,deterministic,coverage,assumption__radius_max__noise_deterministic__scale_75,broad_or_stress_assumption,True,True,current,True,0,-536.4570199999998,-536.4570199999998,5.452747278555367,9838.288712,9301.831692,-1642.285098331704,-45,18,54.0,4,-328.4570196663408,-225.0,-37.0,54.0,0.0,-958.4613399999998
p4-refinement-confirmation-round-broad-p4-0085-ea63d23b59c38544,4,broad,broad_joint,confirmation,correlated,combined_cover,assumption__radius_max__noise_correlated__scale_75,broad_or_stress_assumption,True,True,current,True,0,-353.18331600000056,-353.18331600000056,3.1431948254496125,11236.44367,10883.260354,1009.0834254696456,-37,-111,-333.0,-1,201.81668509392875,-185.0,-37.0,-333.0,0.0,0.0
p4-refinement-confirmation-round-broad-p4-0085-ea63d23b59c38544,4,broad,broad_joint,confirmation,correlated,coverage,assumption__radius_max__noise_correlated__scale_75,broad_or_stress_assumption,True,True,current,True,0,-754.711107000001,-754.711107000001,6.716636768402017,11236.44367,10481.732563,-98.5555070210903,-37,-171,-513.0,-1,-19.711101404218425,-185.0,-37.0,-513.0,0.0,0.0
p4-refinement-confirmation-round-broad-p4-0086-94f021d132ecad90,4,broad,broad_joint,confirmation,extreme,combined_cover,assumption__radius_max__noise_extreme__scale_75,broad_or_stress_assumption,True,True,current,True,0,-1373.7542240000002,-1373.7542240000002,11.286191565783282,12171.991021,10798.236797,-6223.771107082524,-26,7,21.0,-1,-1244.754221416506,-130.0,-20.0,21.0,0.0,0.0
p4-refinement-confirmation-round-broad-p4-0086-94f021d132ecad90,4,broad,broad_joint,confirmation,extreme,coverage,assumption__radius_max__noise_extreme__scale_75,broad_or_stress_assumption,True,True,current,True,0,-1990.6017869999996,-1990.6017869999996,16.353953790843825,12171.991021,10181.389234,-8108.0089153325025,-26,-73,-219.0,-1,-1621.6017830665005,-130.0,-20.0,-219.0,0.0,0.0
p4-refinement-confirmation-round-broad-p4-0087-17dc97b60a81a15c,4,broad,broad_joint,confirmation,deterministic,combined_cover,assumption__radius_mixed__noise_deterministic__scale_75,broad_or_stress_assumption,True,True,current,True,0,-565.7404079999997,-565.7404079999997,6.0391936190501365,9367.813713,8802.073305,-2523.70206062503,-13,4,12.0,-1,-504.7404121250056,-65.0,-8.0,12.0,0.0,-4.131344000000354
p4-refinement-confirmation-round-broad-p4-0087-17dc97b60a81a15c,4,broad,broad_joint,confirmation,deterministic,coverage,assumption__radius_mixed__noise_deterministic__scale_75,broad_or_stress_assumption,True,True,current,True,0,-724.1086560000003,-724.1086560000003,7.729750806158034,9367.813713,8643.705057,-3285.543291625225,-13,2,6.0,-1,-657.1086583250444,-65.0,-8.0,6.0,0.0,-7.042881000001216
p4-refinement-confirmation-round-broad-p4-0088-8719d6a7574e73ee,4,broad,broad_joint,confirmation,correlated,combined_cover,assumption__radius_mixed__noise_correlated__scale_75,broad_or_stress_assumption,True,True,current,True,0,-2096.089956,-2096.089956,19.802691404932975,10584.874112,8488.784156,-8790.44979086997,-23,-69,-207.0,-1,-1758.089958173994,-115.0,-16.0,-207.0,0.0,15.14647800000057
p4-refinement-confirmation-round-broad-p4-0088-8719d6a7574e73ee,4,broad,broad_joint,confirmation,correlated,coverage,assumption__radius_mixed__noise_correlated__scale_75,broad_or_stress_assumption,True,True,current,True,0,-1784.6111619999992,-1784.6111619999992,16.860013100928597,10584.874112,8800.26295,-7728.055817224595,-23,-36,-108.0,-1,-1545.611163444919,-115.0,-16.0,-108.0,0.0,15.14647800000148
p4-refinement-confirmation-round-broad-p4-0089-a18edfabaad9eda7,4,broad,broad_joint,confirmation,extreme,combined_cover,assumption__radius_mixed__noise_extreme__scale_75,broad_or_stress_assumption,True,True,current,True,0,2846.0953039999995,2846.0953039999995,-40.99040803930193,6943.320255,9789.415559,10925.476522968711,85,52,156.0,-1,2185.095304593742,425.0,80.0,156.0,0.0,0.0
p4-refinement-confirmation-round-broad-p4-0089-a18edfabaad9eda7,4,broad,broad_joint,confirmation,extreme,coverage,assumption__radius_mixed__noise_extreme__scale_75,broad_or_stress_assumption,True,True,current,True,0,3021.7747549999995,3021.7747549999995,-43.52060172975558,6943.320255,9965.09501,11578.873759988426,85,67,201.0,-1,2315.7747519976847,425.0,80.0,201.0,0.0,0.0
p4-refinement-confirmation-round-broad-p4-0090-afb03110518fa96a,4,broad,broad_joint,confirmation,deterministic,combined_cover,assumption__radius_min__noise_deterministic__scale_150,broad_or_stress_assumption,True,True,current,True,0,-687.4216410000008,-687.4216410000008,6.472080755923113,10621.339055,9933.917414,-3512.10820072535,-32,68,204.0,3,-702.4216401450703,-160.0,-29.0,204.0,0.0,0.0
p4-refinement-confirmation-round-broad-p4-0090-afb03110518fa96a,4,broad,broad_joint,confirmation,deterministic,coverage,assumption__radius_min__noise_deterministic__scale_150,broad_or_stress_assumption,True,True,current,True,0,-620.2274040000011,-620.2274040000011,5.839446427501331,10621.339055,10001.111651,-2996.137007302328,-32,56,168.0,3,-599.2274014604664,-160.0,-29.0,168.0,0.0,0.0
p4-refinement-confirmation-round-broad-p4-0091-c48be10c204308dc,4,broad,broad_joint,confirmation,correlated,combined_cover,assumption__radius_min__noise_correlated__scale_150,broad_or_stress_assumption,True,True,current,True,0,-2167.9638480000012,-2167.9638480000012,20.271103324389628,10694.848787,8526.884939,-8914.819241441819,-54,-22,-66.0,1,-1782.9638482883638,-270.0,-49.0,-66.0,0.0,1143.9163739999995
p4-refinement-confirmation-round-broad-p4-0091-c48be10c204308dc,4,broad,broad_joint,confirmation,correlated,coverage,assumption__radius_min__noise_correlated__scale_150,broad_or_stress_assumption,True,True,current,True,0,-2262.123877,-2262.123877,21.151527450763943,10694.848787,8432.72491,-9415.619385617512,-54,-20,-60.0,0,-1883.123877123502,-270.0,-49.0,-60.0,0.0,1143.9163740000013
p4-refinement-confirmation-round-broad-p4-0092-c9e469ee1cc27d36,4,broad,broad_joint,confirmation,extreme,combined_cover,assumption__radius_min__noise_extreme__scale_150,broad_or_stress_assumption,True,True,current,True,0,-1742.104327000001,-1742.104327000001,16.622858104908314,10480.173241,8738.068914,-9025.521620509717,17,-15,-45.0,2,-1805.1043241019424,85.0,23.0,-45.0,0.0,0.0
p4-refinement-confirmation-round-broad-p4-0092-c9e469ee1cc27d36,4,broad,broad_joint,confirmation,extreme,coverage,assumption__radius_min__noise_extreme__scale_150,broad_or_stress_assumption,True,True,current,True,0,-1716.4413779999995,-1716.4413779999995,16.377986685229832,10480.173241,8763.731863,-8762.206886368178,17,-24,-72.0,2,-1752.4413772736352,85.0,23.0,-72.0,0.0,0.0
p4-refinement-confirmation-round-broad-p4-0093-872d5e2c68154f72,4,broad,broad_joint,confirmation,deterministic,combined_cover,assumption__radius_max__noise_deterministic__scale_150,broad_or_stress_assumption,True,True,current,True,0,-1541.114936,-1541.114936,14.451551678977928,10664.010137,9122.895201,-7440.574669486596,-33,46,138.0,-2,-1488.1149338973191,-165.0,-26.0,138.0,0.0,1030.3615959999997
p4-refinement-confirmation-round-broad-p4-0093-872d5e2c68154f72,4,broad,broad_joint,confirmation,deterministic,coverage,assumption__radius_max__noise_deterministic__scale_150,broad_or_stress_assumption,True,True,current,True,0,-1210.7085709999992,-1210.7085709999992,11.353220368755162,10664.010137,9453.301566,-6283.542865418116,-33,79,237.0,-2,-1256.7085730836234,-165.0,-26.0,237.0,0.0,1032.7663250000005
p4-refinement-confirmation-round-broad-p4-0094-49354d695320b47f,4,broad,broad_joint,confirmation,correlated,combined_cover,assumption__radius_max__noise_correlated__scale_150,broad_or_stress_assumption,True,True,current,True,0,-3127.0456060000006,-3127.0456060000006,28.49026110156573,10975.840463,7848.794857,-14710.2280444176,-30,-5,-15.0,-1,-2942.045608883521,-150.0,-20.0,-15.0,0.0,0.0
p4-refinement-confirmation-round-broad-p4-0094-49354d695320b47f,4,broad,broad_joint,confirmation,correlated,coverage,assumption__radius_max__noise_correlated__scale_150,broad_or_stress_assumption,True,True,current,True,0,-3131.255494000001,-3131.255494000001,28.52861705265842,10975.840463,7844.584969,-14746.277482009471,-30,-4,-12.0,-1,-2949.2554964018946,-150.0,-20.0,-12.0,0.0,0.0
p4-refinement-confirmation-round-broad-p4-0095-7aafda0fa4eb6d76,4,broad,broad_joint,confirmation,extreme,combined_cover,assumption__radius_max__noise_extreme__scale_150,broad_or_stress_assumption,True,True,current,True,0,-451.8013459999984,-451.8013459999984,4.353284134003861,10378.402422,9926.601076,-1709.0067228078624,-50,61,183.0,0,-341.8013445615725,-250.0,-43.0,183.0,0.0,-1434.2448799999984
p4-refinement-confirmation-round-broad-p4-0095-7aafda0fa4eb6d76,4,broad,broad_joint,confirmation,extreme,coverage,assumption__radius_max__noise_extreme__scale_150,broad_or_stress_assumption,True,True,current,True,0,-364.44563500000004,-364.44563500000004,3.511577410290557,10378.402422,10013.956787,-1212.2281837634,-50,57,171.0,0,-242.44563675268,-250.0,-43.0,171.0,0.0,-1434.2448799999984
p4-refinement-confirmation-round-broad-p4-0096-13a137b2efdcfa8f,4,broad,broad_joint,confirmation,deterministic,combined_cover,assumption__radius_mixed__noise_deterministic__scale_150,broad_or_stress_assumption,True,True,current,True,0,-1013.293928000001,-1013.293928000001,9.81750989033069,10321.292663,9307.998735,-3376.469647084916,-59,4,12.0,0,-675.2939294169837,-295.0,-55.0,12.0,0.0,-952.9505879999997
p4-refinement-confirmation-round-broad-p4-0096-13a137b2efdcfa8f,4,broad,broad_joint,confirmation,deterministic,coverage,assumption__radius_mixed__noise_deterministic__scale_150,broad_or_stress_assumption,True,True,current,True,0,-909.8691049999998,-909.8691049999998,8.815456888086496,10321.292663,9411.423558,-3039.34553612116,-59,16,48.0,0,-607.8691072242327,-295.0,-55.0,48.0,0.0,-952.9505879999997
p4-refinement-confirmation-round-broad-p4-0097-dac46bd787b2a213,4,broad,broad_joint,confirmation,correlated,combined_cover,assumption__radius_mixed__noise_correlated__scale_150,broad_or_stress_assumption,True,True,current,True,0,-2050.847853000001,-2050.847853000001,18.889390962838736,10857.141223,8806.29337,-7959.239262072639,-54,-47,-141.0,2,-1591.8478524145276,-270.0,-48.0,-141.0,0.0,0.0
p4-refinement-confirmation-round-broad-p4-0097-dac46bd787b2a213,4,broad,broad_joint,confirmation,correlated,coverage,assumption__radius_mixed__noise_correlated__scale_150,broad_or_stress_assumption,True,True,current,True,0,-1925.2401420000006,-1925.2401420000006,17.732477661076476,10857.141223,8931.901081,-7616.200728089847,-54,-28,-84.0,2,-1523.2401456179687,-270.0,-48.0,-84.0,0.0,0.0
p4-refinement-confirmation-round-broad-p4-0098-e4b9fad837e3108a,4,broad,broad_joint,confirmation,extreme,combined_cover,assumption__radius_mixed__noise_extreme__scale_150,broad_or_stress_assumption,True,True,current,True,0,-343.43743299999915,-343.43743299999915,3.4793313228887848,9870.788411,9527.350978,-2622.1871598588114,-13,84,252.0,3,-524.4374319717617,-65.0,-6.0,252.0,0.0,-3379.9514739999995
p4-refinement-confirmation-round-broad-p4-0098-e4b9fad837e3108a,4,broad,broad_joint,confirmation,extreme,coverage,assumption__radius_mixed__noise_extreme__scale_150,broad_or_stress_assumption,True,True,current,True,0,279.10551099999975,279.10551099999975,-2.8275908608167994,9870.788411,10149.893922,-124.47245225816732,-13,125,375.0,3,-24.89449045163292,-65.0,-6.0,375.0,0.0,-3379.9514739999995
p4-refinement-confirmation-round-broad-p4-0099-52ba21f62449a6ef,4,broad,broad_joint,confirmation,deterministic,combined_cover,assumption__radius_min__noise_deterministic__scale_300,broad_or_stress_assumption,True,True,current,True,0,441.52763699999923,441.52763699999923,-4.81854642021814,9163.087755,9604.615392,3622.638179948379,-1,-91,-273.0,-3,724.5276359896761,-5.0,-5.0,-273.0,0.0,0.0
p4-refinement-confirmation-round-broad-p4-0099-52ba21f62449a6ef,4,broad,broad_joint,confirmation,deterministic,coverage,assumption__radius_min__noise_deterministic__scale_300,broad_or_stress_assumption,True,True,current,True,0,512.3251039999996,512.3251039999996,-5.591184082248261,9163.087755,9675.412859,3961.625493432148,-1,-90,-270.0,-3,792.3250986864296,-5.0,-5.0,-270.0,0.0,0.0
p4-refinement-confirmation-round-broad-p4-0100-a2c1c5711dac2389,4,broad,broad_joint,confirmation,correlated,combined_cover,assumption__radius_min__noise_correlated__scale_300,broad_or_stress_assumption,True,True,current,True,0,-1236.9801769999995,-1236.9801769999995,11.548164977284564,10711.486885,9474.506708,-7079.900883087925,-8,73,219.0,2,-1415.9801766175851,-40.0,0.0,219.0,0.0,0.0
p4-refinement-confirmation-round-broad-p4-0100-a2c1c5711dac2389,4,broad,broad_joint,confirmation,correlated,coverage,assumption__radius_min__noise_correlated__scale_300,broad_or_stress_assumption,True,True,current,True,0,-1149.144760000001,-1149.144760000001,10.728153545230253,10711.486885,9562.342125,-6610.723774225298,-8,71,213.0,2,-1322.1447548450597,-40.0,0.0,213.0,0.0,0.0
p4-refinement-confirmation-round-broad-p4-0101-32890d478034a04f,4,broad,broad_joint,confirmation,extreme,combined_cover,assumption__radius_min__noise_extreme__scale_300,broad_or_stress_assumption,True,True,current,True,0,-1082.6628889999993,-1082.6628889999993,11.045039345256933,9802.254706,8719.591817,-5718.31443524281,-13,44,132.0,-1,-1143.662887048562,-65.0,-6.0,132.0,0.0,-3446.448141
p4-refinement-confirmation-round-broad-p4-0101-32890d478034a04f,4,broad,broad_joint,confirmation,extreme,coverage,assumption__radius_min__noise_extreme__scale_300,broad_or_stress_assumption,True,True,current,True,0,-633.5493499999993,-633.5493499999993,6.463302260572776,9802.254706,9168.705356,-4162.746737880174,-13,90,270.0,-1,-832.549347576035,-65.0,-6.0,270.0,0.0,-3446.448141
p4-refinement-confirmation-round-broad-p4-0102-17bd6ad187fd77d9,4,broad,broad_joint,confirmation,deterministic,combined_cover,assumption__radius_max__noise_deterministic__scale_300,broad_or_stress_assumption,True,True,current,True,0,-1629.288120000001,-1629.288120000001,16.826677440558452,9682.767889,8053.479769,-7011.440623874281,-39,0,0.0,2,-1402.2881247748564,-195.0,-32.0,0.0,0.0,0.0
p4-refinement-confirmation-round-broad-p4-0102-17bd6ad187fd77d9,4,broad,broad_joint,confirmation,deterministic,coverage,assumption__radius_max__noise_deterministic__scale_300,broad_or_stress_assumption,True,True,current,True,0,-1612.831271000001,-1612.831271000001,16.65671726812991,9682.767889,8069.936618,-6914.156379187145,-39,-1,-3.0,2,-1382.8312758374295,-195.0,-32.0,-3.0,0.0,0.0
p4-refinement-confirmation-round-broad-p4-0103-8f85eb1f58d121ed,4,broad,broad_joint,confirmation,correlated,combined_cover,assumption__radius_max__noise_correlated__scale_300,broad_or_stress_assumption,True,True,current,True,0,-1639.6973789999993,-1639.6973789999993,16.561347380314025,9900.748661,8261.051282,-7338.486898668019,-38,17,51.0,-4,-1467.697379733604,-190.0,-33.0,51.0,0.0,-2137.6724799999993
p4-refinement-confirmation-round-broad-p4-0103-8f85eb1f58d121ed,4,broad,broad_joint,confirmation,correlated,coverage,assumption__radius_max__noise_correlated__scale_300,broad_or_stress_assumption,True,True,current,True,0,-1697.9112079999995,-1697.9112079999995,17.149321391100806,9900.748661,8202.837453,-7829.556035325939,-38,30,90.0,-4,-1565.9112070651872,-190.0,-32.0,90.0,0.0,-2138.7886
p4-refinement-confirmation-round-broad-p4-0104-b114089bc39e5d1d,4,broad,broad_joint,confirmation,extreme,combined_cover,assumption__radius_max__noise_extreme__scale_300,broad_or_stress_assumption,True,True,current,True,0,-413.5654990000003,-413.5654990000003,4.155233722889788,9952.881753,9539.316254,-1737.8274903861966,-63,102,306.0,-1,-347.5654980772397,-315.0,-57.0,306.0,0.0,-1339.7933959999991
p4-refinement-confirmation-round-broad-p4-0104-b114089bc39e5d1d,4,broad,broad_joint,confirmation,extreme,coverage,assumption__radius_max__noise_extreme__scale_300,broad_or_stress_assumption,True,True,current,True,0,334.98768200000086,334.98768200000086,-3.365735576020772,9952.881753,10287.869435,1119.9384123303826,-63,161,483.0,-1,223.98768246607688,-315.0,-57.0,483.0,0.0,-1339.7933959999991
p4-refinement-confirmation-round-broad-p4-0105-4c7d20a63ceaffca,4,broad,broad_joint,confirmation,deterministic,combined_cover,assumption__radius_mixed__noise_deterministic__scale_300,broad_or_stress_assumption,True,True,current,True,0,-1368.990256000001,-1368.990256000001,13.500958669908536,10139.948499,8770.958243,-5934.951278574234,-35,8,24.0,4,-1186.990255714847,-175.0,-31.0,24.0,0.0,-1292.2008889999997
p4-refinement-confirmation-round-broad-p4-0105-4c7d20a63ceaffca,4,broad,broad_joint,confirmation,deterministic,coverage,assumption__radius_mixed__noise_deterministic__scale_300,broad_or_stress_assumption,True,True,current,True,0,-1398.9221909999997,-1398.9221909999997,13.796146904868019,10139.948499,8741.026308,-6039.610963038118,-35,5,15.0,4,-1207.9221926076234,-175.0,-31.0,15.0,0.0,-1292.2008889999997
p4-refinement-confirmation-round-broad-p4-0106-f90383d51046e4fd,4,broad,broad_joint,confirmation,correlated,combined_cover,assumption__radius_mixed__noise_correlated__scale_300,broad_or_stress_assumption,True,True,current,True,0,-1835.8463940000001,-1835.8463940000001,16.525241124678914,11109.34709,9273.500696,-8304.231976764175,-53,46,138.0,-3,-1660.8463953528353,-265.0,-48.0,138.0,0.0,1144.0332319999989
p4-refinement-confirmation-round-broad-p4-0106-f90383d51046e4fd,4,broad,broad_joint,confirmation,correlated,coverage,assumption__radius_mixed__noise_correlated__scale_300,broad_or_stress_assumption,True,True,current,True,0,-1633.972416999999,-1633.972416999999,14.70808683681157,11109.34709,9475.374673,-7399.862087863694,-53,53,159.0,-3,-1479.9724175727397,-265.0,-48.0,159.0,0.0,1142.552764
p4-refinement-confirmation-round-broad-p4-0107-b0268ca3b4791f0f,4,broad,broad_joint,confirmation,extreme,combined_cover,assumption__radius_mixed__noise_extreme__scale_300,broad_or_stress_assumption,True,True,current,True,0,-2576.1510990000006,-2576.1510990000006,23.195008665752027,11106.489056,8530.337957,-9560.755507801005,-31,-161,-483.0,-1,-1912.151101560201,-155.0,-26.0,-483.0,0.0,-955.2993729999998
p4-refinement-confirmation-round-broad-p4-0107-b0268ca3b4791f0f,4,broad,broad_joint,confirmation,extreme,coverage,assumption__radius_mixed__noise_extreme__scale_300,broad_or_stress_assumption,True,True,current,True,0,-1719.6928160000007,-1719.6928160000007,15.483676320474832,11106.489056,9386.79624,-6508.464095639269,-31,-79,-237.0,-1,-1301.692819127854,-155.0,-26.0,-237.0,0.0,-955.2993729999998
p4-refinement-confirmation-round-broad-p4-0108-2eefeb90ede362f1,4,broad,broad_joint,confirmation,deterministic,combined_cover,assumption__radius_min__noise_deterministic__scale_75,broad_or_stress_assumption,True,True,current,True,0,-1120.568945000001,-1120.568945000001,9.008304012658352,12439.288721,11318.719776,-4852.844723192284,-35,19,57.0,-1,-970.5689446384567,-175.0,-32.0,57.0,0.0,0.0
p4-refinement-confirmation-round-broad-p4-0108-2eefeb90ede362f1,4,broad,broad_joint,confirmation,deterministic,coverage,assumption__radius_min__noise_deterministic__scale_75,broad_or_stress_assumption,True,True,current,True,0,-839.6962320000002,-839.6962320000002,6.750355674134531,12439.288721,11599.592489,-3808.481167544189,-35,43,129.0,-1,-761.6962335088374,-175.0,-32.0,129.0,0.0,0.0
p4-refinement-confirmation-round-broad-p4-0109-d10cb2a8a5d286a4,4,broad,broad_joint,confirmation,correlated,combined_cover,assumption__radius_min__noise_correlated__scale_75,broad_or_stress_assumption,True,True,current,True,0,-1370.3351480000001,-1370.3351480000001,14.176346340287296,9666.349249,8296.014101,-5921.675738972754,-40,16,48.0,2,-1184.3351477945507,-200.0,-34.0,48.0,0.0,438.3645010000009
p4-refinement-confirmation-round-broad-p4-0109-d10cb2a8a5d286a4,4,broad,broad_joint,confirmation,correlated,coverage,assumption__radius_min__noise_correlated__scale_75,broad_or_stress_assumption,True,True,current,True,0,-1284.153067000001,-1284.153067000001,13.284778295516777,9666.349249,8382.196182,-5640.7653348233,-40,26,78.0,2,-1128.15306696466,-200.0,-34.0,78.0,0.0,434.1873879999994
p4-refinement-confirmation-round-broad-p4-0110-9da08e888308b6b0,4,broad,broad_joint,confirmation,extreme,combined_cover,assumption__radius_min__noise_extreme__scale_75,broad_or_stress_assumption,True,True,current,True,0,-923.7305639999995,-923.7305639999995,8.23836488713006,11212.547352,10288.816788,-2073.652830829378,-43,-85,-255.0,-2,-414.73056616587564,-215.0,-39.0,-255.0,0.0,-928.2664519999998
p4-refinement-confirmation-round-broad-p4-0110-9da08e888308b6b0,4,broad,broad_joint,confirmation,extreme,coverage,assumption__radius_min__noise_extreme__scale_75,broad_or_stress_assumption,True,True,current,True,0,-932.2337239999997,-932.2337239999997,8.31420099941621,11212.547352,10280.313628,-2086.1686378146915,-43,-87,-261.0,-2,-417.23372756293793,-215.0,-39.0,-261.0,0.0,-928.2664519999998
p4-refinement-confirmation-round-broad-p4-0111-2bc8614e973675d6,4,broad,broad_joint,confirmation,deterministic,combined_cover,assumption__radius_max__noise_deterministic__scale_75,broad_or_stress_assumption,True,True,current,True,0,-849.1759610000008,-849.1759610000008,7.279289270199979,11665.643849,10816.467888,-3800.879795558467,-26,21,63.0,1,-760.1759591116934,-130.0,-22.0,63.0,0.0,0.0
p4-refinement-confirmation-round-broad-p4-0111-2bc8614e973675d6,4,broad,broad_joint,confirmation,deterministic,coverage,assumption__radius_max__noise_deterministic__scale_75,broad_or_stress_assumption,True,True,current,True,0,-1090.4183809999995,-1090.4183809999995,9.347262741039982,11665.643849,10575.225468,-4227.09191368438,-26,-31,-93.0,1,-845.4183827368761,-130.0,-22.0,-93.0,0.0,0.0
p4-refinement-confirmation-round-broad-p4-0112-296c6b7a9fbb3190,4,broad,broad_joint,confirmation,correlated,combined_cover,assumption__radius_max__noise_correlated__scale_75,broad_or_stress_assumption,True,True,current,True,0,-2897.185082,-2897.185082,23.798604102790993,12173.760568,9276.575486,-11885.925392561454,5,-186,-558.0,-3,-2377.1850785122897,25.0,13.0,-558.0,0.0,-1899.306149
p4-refinement-confirmation-round-broad-p4-0112-296c6b7a9fbb3190,4,broad,broad_joint,confirmation,correlated,coverage,assumption__radius_max__noise_correlated__scale_75,broad_or_stress_assumption,True,True,current,True,0,-2933.953836999999,-2933.953836999999,24.100636944611864,12173.760568,9239.806731,-11994.769164215024,5,-191,-573.0,-3,-2398.9538328430044,25.0,13.0,-573.0,0.0,-1899.306149
p4-refinement-confirmation-round-broad-p4-0113-abab8fd3b826395a,4,broad,broad_joint,confirmation,extreme,combined_cover,assumption__radius_max__noise_extreme__scale_75,broad_or_stress_assumption,True,True,current,True,0,-2022.682479000001,-2022.682479000001,19.338457951675345,10459.378323,8436.695844,-9018.412396948224,-55,35,105.0,0,-1803.682479389644,-275.0,-49.0,105.0,0.0,1174.7512639999995
p4-refinement-confirmation-round-broad-p4-0113-abab8fd3b826395a,4,broad,broad_joint,confirmation,extreme,coverage,assumption__radius_max__noise_extreme__scale_75,broad_or_stress_assumption,True,True,current,True,0,-1664.6496000000006,-1664.6496000000006,15.91537803293207,10459.378323,8794.728723,-7693.248009185765,-55,66,198.0,0,-1538.6496018371527,-275.0,-49.0,198.0,0.0,1174.7512640000004
p4-refinement-confirmation-round-broad-p4-0114-0e16ec9dcceb7e5a,4,broad,broad_joint,confirmation,deterministic,combined_cover,assumption__radius_mixed__noise_deterministic__scale_75,broad_or_stress_assumption,True,True,current,True,0,-974.565462999999,-974.565462999999,10.299947298091654,9461.849025,8487.283562,-4222.827311543355,-22,-1,-3.0,3,-844.5654623086712,-110.0,-17.0,-3.0,0.0,0.0
p4-refinement-confirmation-round-broad-p4-0114-0e16ec9dcceb7e5a,4,broad,broad_joint,confirmation,deterministic,coverage,assumption__radius_mixed__noise_deterministic__scale_75,broad_or_stress_assumption,True,True,current,True,0,-586.4644509999998,-586.4644509999998,6.198201318267175,9461.849025,8875.384574,-2717.322260608962,-22,28,84.0,3,-543.4644521217924,-110.0,-17.0,84.0,0.0,0.0
p4-refinement-confirmation-round-broad-p4-0115-067559969a2ec27d,4,broad,broad_joint,confirmation,correlated,combined_cover,assumption__radius_mixed__noise_correlated__scale_75,broad_or_stress_assumption,True,True,current,True,0,-738.853767999999,-738.853767999999,7.067370526387761,10454.436558,9715.58279,-3139.2688338551598,-33,28,84.0,-1,-627.8537667710325,-165.0,-30.0,84.0,0.0,-2937.2651289999985
p4-refinement-confirmation-round-broad-p4-0115-067559969a2ec27d,4,broad,broad_joint,confirmation,correlated,coverage,assumption__radius_mixed__noise_correlated__scale_75,broad_or_stress_assumption,True,True,current,True,0,-832.7894639999995,-832.7894639999995,7.965895238636539,10454.436558,9621.647094,-3353.9473108229504,-33,11,33.0,-1,-670.7894621645901,-165.0,-30.0,33.0,0.0,-2937.2651289999985
p4-refinement-confirmation-round-broad-p4-0116-9e31a2f52e1c7494,4,broad,broad_joint,confirmation,extreme,combined_cover,assumption__radius_mixed__noise_extreme__scale_75,broad_or_stress_assumption,True,True,current,True,0,-1731.6007649999992,-1731.6007649999992,15.181670876651609,11405.86421,9674.263445,-8383.003820969578,-16,12,36.0,1,-1676.600764193915,-80.0,-11.0,36.0,0.0,0.0
p4-refinement-confirmation-round-broad-p4-0116-9e31a2f52e1c7494,4,broad,broad_joint,confirmation,extreme,coverage,assumption__radius_mixed__noise_extreme__scale_75,broad_or_stress_assumption,True,True,current,True,0,-1487.5973099999992,-1487.5973099999992,13.0423901478308,11405.86421,9918.2669,-7492.9865471537705,-16,34,102.0,1,-1498.5973094307537,-80.0,-11.0,102.0,0.0,0.0
p4-refinement-confirmation-round-broad-p4-0117-45d5f458828b0537,4,broad,broad_joint,confirmation,deterministic,combined_cover,assumption__radius_min__noise_deterministic__scale_150,broad_or_stress_assumption,True,True,current,True,0,-1204.2745579999992,-1204.2745579999992,10.913027891562573,11035.200954,9830.926396,-4806.372784606676,-66,48,144.0,2,-961.2745569213348,-330.0,-57.0,144.0,0.0,0.0
p4-refinement-confirmation-round-broad-p4-0117-45d5f458828b0537,4,broad,broad_joint,confirmation,deterministic,coverage,assumption__radius_min__noise_deterministic__scale_150,broad_or_stress_assumption,True,True,current,True,0,-1546.3034979999993,-1546.3034979999993,14.012463429037066,11035.200954,9488.897456,-5871.517476713685,-66,5,15.0,2,-1174.3034953427368,-330.0,-57.0,15.0,0.0,0.0
p4-refinement-confirmation-round-broad-p4-0118-132d603a763b593d,4,broad,broad_joint,confirmation,correlated,combined_cover,assumption__radius_min__noise_correlated__scale_150,broad_or_stress_assumption,True,True,current,True,0,-1541.3041520000006,-1541.3041520000006,14.161391589154935,10883.846706,9342.542554,-7591.5207772008725,-25,41,123.0,2,-1518.3041554401743,-125.0,-21.0,123.0,0.0,204.12654699999985
p4-refinement-confirmation-round-broad-p4-0118-132d603a763b593d,4,broad,broad_joint,confirmation,correlated,coverage,assumption__radius_min__noise_correlated__scale_150,broad_or_stress_assumption,True,True,current,True,0,-1709.3203059999996,-1709.3203059999996,15.705111916522059,10883.846706,9174.5264,-8116.60155257571,-25,20,60.0,2,-1623.3203105151415,-125.0,-21.0,60.0,0.0,204.9383880000005
p4-refinement-confirmation-round-broad-p4-0119-66fe1a9f87b7b391,4,broad,broad_joint,confirmation,extreme,combined_cover,assumption__radius_min__noise_extreme__scale_150,broad_or_stress_assumption,True,True,current,True,0,-1994.6814520000007,-1994.6814520000007,19.226485355817477,10374.654624,8379.973172,-6803.407242446938,-91,-32,-96.0,1,-1360.6814484893875,-455.0,-83.0,-96.0,0.0,-372.135354
p4-refinement-confirmation-round-broad-p4-0119-66fe1a9f87b7b391,4,broad,broad_joint,confirmation,extreme,coverage,assumption__radius_min__noise_extreme__scale_150,broad_or_stress_assumption,True,True,current,True,0,-1445.4622350000009,-1445.4622350000009,13.932629927324708,10374.654624,8929.192389,-4987.31115710445,-91,30,90.0,1,-997.46223142089,-455.0,-83.0,90.0,0.0,-375.0703760000006
p4-refinement-confirmation-round-broad-p4-0120-bbc0e68738b3531e,4,broad,broad_joint,confirmation,deterministic,combined_cover,assumption__radius_max__noise_deterministic__scale_150,broad_or_stress_assumption,True,True,current,True,0,-2357.2480099999993,-2357.2480099999993,21.05982114094339,11193.105555,8835.857545,-10316.240071482323,-31,-39,-117.0,0,-2063.248014296465,-155.0,-22.0,-117.0,0.0,-3158.04471
p4-refinement-confirmation-round-broad-p4-0120-bbc0e68738b3531e,4,broad,broad_joint,confirmation,deterministic,coverage,assumption__radius_max__noise_deterministic__scale_150,broad_or_stress_assumption,True,True,current,True,0,-2536.7414499999995,-2536.7414499999995,22.663428282125224,11193.105555,8656.364105,-11168.707262732103,-31,-42,-126.0,-1,-2233.741452546421,-155.0,-22.0,-126.0,0.0,-2076.5188229999994
p4-refinement-confirmation-round-broad-p4-0121-8ba26f6a4216b0d2,4,broad,broad_joint,confirmation,correlated,combined_cover,assumption__radius_max__noise_correlated__scale_150,broad_or_stress_assumption,True,True,current,True,0,-2504.320818,-2504.320818,20.99498595211791,11928.185252,9423.864434,-11026.60408349146,17,-135,-405.0,-1,-2205.320816698292,85.0,21.0,-405.0,0.0,-763.1031370000001
p4-refinement-confirmation-round-broad-p4-0121-8ba26f6a4216b0d2,4,broad,broad_joint,confirmation,correlated,coverage,assumption__radius_max__noise_correlated__scale_150,broad_or_stress_assumption,True,True,current,True,0,-2557.6893519999994,-2557.6893519999994,21.442401320612888,11928.185252,9370.4959,-11008.446751376927,17,-154,-462.0,-1,-2201.6893502753856,85.0,21.0,-462.0,0.0,-758.2059419999987
p4-refinement-confirmation-round-broad-p4-0122-7389ed0f02bdd2ed,4,broad,broad_joint,confirmation,extreme,combined_cover,assumption__radius_max__noise_extreme__scale_150,broad_or_stress_assumption,True,True,current,True,0,-1411.8601600000002,-1411.8601600000002,13.367028862452587,10562.258633,9150.398473,-5854.300795789139,-33,-16,-48.0,-1,-1170.860159157828,-165.0,-28.0,-48.0,0.0,-2021.903088
p4-refinement-confirmation-round-broad-p4-0122-7389ed0f02bdd2ed,4,broad,broad_joint,confirmation,extreme,coverage,assumption__radius_max__noise_extreme__scale_150,broad_or_stress_assumption,True,True,current,True,0,-1383.2495849999996,-1383.2495849999996,13.096153323478266,10562.258633,9179.009048,-5741.247928838326,-33,-14,-42.0,-1,-1148.2495857676658,-165.0,-28.0,-42.0,0.0,-2021.3671689999992
p4-refinement-confirmation-round-broad-p4-0123-f9aadb57e2729459,4,broad,broad_joint,confirmation,deterministic,combined_cover,assumption__radius_mixed__noise_deterministic__scale_150,broad_or_stress_assumption,True,True,current,True,0,-1540.5260089999992,-1540.5260089999992,13.193260517570746,11676.613275,10136.087266,-6382.630036233582,-25,-40,-120.0,-1,-1276.5260072467172,-125.0,-19.0,-120.0,0.0,0.0
p4-refinement-confirmation-round-broad-p4-0123-f9aadb57e2729459,4,broad,broad_joint,confirmation,deterministic,coverage,assumption__radius_mixed__noise_deterministic__scale_150,broad_or_stress_assumption,True,True,current,True,0,-1395.0936669999992,-1395.0936669999992,11.947759458531861,11676.613275,10281.519608,-5760.468335359612,-25,-33,-99.0,-1,-1152.093667071923,-125.0,-19.0,-99.0,0.0,0.0
p4-refinement-confirmation-round-broad-p4-0124-479b908a8276a244,4,broad,broad_joint,confirmation,correlated,combined_cover,assumption__radius_mixed__noise_correlated__scale_150,broad_or_stress_assumption,True,True,current,True,0,-1340.6649159999997,-1340.6649159999997,11.775472033758348,11385.232899,10044.567983,-4873.3245910244805,-67,11,33.0,-1,-974.664918204895,-335.0,-64.0,33.0,0.0,0.0
p4-refinement-confirmation-round-broad-p4-0124-479b908a8276a244,4,broad,broad_joint,confirmation,correlated,coverage,assumption__radius_mixed__noise_correlated__scale_150,broad_or_stress_assumption,True,True,current,True,0,-1494.046088000001,-1494.046088000001,13.122666011788196,11385.232899,9891.186811,-5400.230435475736,-67,-5,-15.0,-1,-1080.0460870951465,-335.0,-64.0,-15.0,0.0,0.0
p4-refinement-confirmation-round-broad-p4-0125-df7433fd6c57179b,4,broad,broad_joint,confirmation,extreme,combined_cover,assumption__radius_mixed__noise_extreme__scale_150,broad_or_stress_assumption,True,True,current,True,0,-2184.612118000001,-2184.612118000001,20.070014932684455,10884.95512,8700.343002,-9073.060594822906,-71,16,48.0,-1,-1814.612118964581,-355.0,-63.0,48.0,0.0,355.7866959999992
p4-refinement-confirmation-round-broad-p4-0125-df7433fd6c57179b,4,broad,broad_joint,confirmation,extreme,coverage,assumption__radius_mixed__noise_extreme__scale_150,broad_or_stress_assumption,True,True,current,True,0,-2172.2073419999997,-2172.2073419999997,19.956052349805184,10884.95512,8712.747778,-9026.036721517477,-71,17,51.0,-1,-1805.2073443034951,-355.0,-63.0,51.0,0.0,356.1294140000009
p4-refinement-confirmation-round-broad-p4-0126-446dabff27067716,4,broad,broad_joint,confirmation,deterministic,combined_cover,assumption__radius_min__noise_deterministic__scale_300,broad_or_stress_assumption,True,True,current,True,0,-2121.1198320000003,-2121.1198320000003,21.03088584348694,10085.736986,7964.617154,-9510.599149327445,-21,-33,-99.0,-3,-1902.119829865489,-105.0,-15.0,-99.0,0.0,-44.806343999999626
p4-refinement-confirmation-round-broad-p4-0126-446dabff27067716,4,broad,broad_joint,confirmation,deterministic,coverage,assumption__radius_min__noise_deterministic__scale_300,broad_or_stress_assumption,True,True,current,True,0,-1983.0247920000002,-1983.0247920000002,19.661674647600215,10085.736986,8102.712194,-9075.123950693152,-21,-16,-48.0,-3,-1815.0247901386301,-105.0,-15.0,-48.0,0.0,-44.806343999999626
p4-refinement-confirmation-round-broad-p4-0127-7e13f27bb541cd4c,4,broad,broad_joint,confirmation,correlated,combined_cover,assumption__radius_min__noise_correlated__scale_300,broad_or_stress_assumption,True,True,current,True,0,-1767.3832789999997,-1767.3832789999997,16.196802839328267,10911.926857,9144.543578,-6556.916394163316,-63,-28,-84.0,0,-1311.3832788326636,-315.0,-57.0,-84.0,0.0,0.0
p4-refinement-confirmation-round-broad-p4-0127-7e13f27bb541cd4c,4,broad,broad_joint,confirmation,correlated,coverage,assumption__radius_min__noise_correlated__scale_300,broad_or_stress_assumption,True,True,current,True,0,-1593.612731000001,-1593.612731000001,14.604320134144764,10911.926857,9318.314126,-6003.063668787559,-63,-7,-21.0,0,-1200.6127337575117,-315.0,-57.0,-21.0,0.0,0.0
p4-refinement-confirmation-round-broad-p4-0128-0b6040b5823d6f39,4,broad,broad_joint,confirmation,extreme,combined_cover,assumption__radius_min__noise_extreme__scale_300,broad_or_stress_assumption,True,True,current,True,0,-896.8032120000007,-896.8032120000007,9.280924511918945,9662.865061,8766.061849,-3184.0160778868303,-45,2,6.0,-3,-636.8032155773662,-225.0,-41.0,6.0,0.0,-997.5235470000007
p4-refinement-confirmation-round-broad-p4-0128-0b6040b5823d6f39,4,broad,broad_joint,confirmation,extreme,coverage,assumption__radius_min__noise_extreme__scale_300,broad_or_stress_assumption,True,True,current,True,0,-739.4964230000005,-739.4964230000005,7.65297267768604,9662.865061,8923.368638,-2412.482133113721,-45,3,9.0,-3,-482.49642662274437,-225.0,-41.0,9.0,0.0,-997.5235470000007
p4-refinement-confirmation-round-broad-p4-0129-713869c0ccc5aba5,4,broad,broad_joint,confirmation,deterministic,combined_cover,assumption__radius_max__noise_deterministic__scale_300,broad_or_stress_assumption,True,True,current,True,0,-2367.7331780000004,-2367.7331780000004,21.552652671120615,10985.808634,8618.075456,-9353.665891220706,-48,-72,-216.0,-1,-1870.7331782441415,-240.0,-41.0,-216.0,0.0,-2351.496080000001
p4-refinement-confirmation-round-broad-p4-0129-713869c0ccc5aba5,4,broad,broad_joint,confirmation,deterministic,coverage,assumption__radius_max__noise_deterministic__scale_300,broad_or_stress_assumption,True,True,current,True,0,-2221.615294000001,-2221.615294000001,20.222592328108824,10985.808634,8764.19334,-8863.076464565238,-48,-56,-168.0,-1,-1772.6152929130476,-240.0,-41.0,-168.0,0.0,-2346.973721000001
p4-refinement-confirmation-round-broad-p4-0130-555c5ee17aa69e2c,4,broad,broad_joint,confirmation,correlated,combined_cover,assumption__radius_max__noise_correlated__scale_300,broad_or_stress_assumption,True,True,current,True,0,-406.07426400000077,-406.07426400000077,3.9480186415858447,10285.520431,9879.446167,439.6286734290188,-93,19,57.0,3,87.92573468580304,-465.0,-86.0,57.0,0.0,0.0
p4-refinement-confirmation-round-broad-p4-0130-555c5ee17aa69e2c,4,broad,broad_joint,confirmation,correlated,coverage,assumption__radius_max__noise_correlated__scale_300,broad_or_stress_assumption,True,True,current,True,0,-416.766173,-416.766173,4.051969716028071,10285.520431,9868.754258,386.1691453955209,-93,19,57.0,3,77.233829079104,-465.0,-86.0,57.0,0.0,0.0
p4-refinement-confirmation-round-broad-p4-0131-e4861fd804ea0534,4,broad,broad_joint,confirmation,extreme,combined_cover,assumption__radius_max__noise_extreme__scale_300,broad_or_stress_assumption,True,True,current,True,0,-1895.7245279999988,-1895.7245279999988,17.505803053609878,10829.120619,8933.396091,-8358.622651810656,-41,5,15.0,0,-1671.7245303621312,-205.0,-34.0,15.0,0.0,1501.9538420000008
p4-refinement-confirmation-round-broad-p4-0131-e4861fd804ea0534,4,broad,broad_joint,confirmation,extreme,coverage,assumption__radius_max__noise_extreme__scale_300,broad_or_stress_assumption,True,True,current,True,0,-2055.9034519999987,-2055.9034519999987,18.98495292769071,10829.120619,8773.217167,-8784.517265419214,-41,-20,-60.0,0,-1756.9034530838426,-205.0,-34.0,-60.0,0.0,1502.9233120000008
p4-refinement-confirmation-round-broad-p4-0132-4fd7dfd31a7b3745,4,broad,broad_joint,confirmation,deterministic,combined_cover,assumption__radius_mixed__noise_deterministic__scale_300,broad_or_stress_assumption,True,True,current,True,0,-1618.3236159999997,-1618.3236159999997,16.08257660286531,10062.589198,8444.265582,-5746.618100780106,-73,-12,-36.0,-1,-1149.3236201560212,-365.0,-68.0,-36.0,0.0,-1302.5211559999989
p4-refinement-confirmation-round-broad-p4-0132-4fd7dfd31a7b3745,4,broad,broad_joint,confirmation,deterministic,coverage,assumption__radius_mixed__noise_deterministic__scale_300,broad_or_stress_assumption,True,True,current,True,0,-1533.1147839999994,-1533.1147839999994,15.235788263171026,10062.589198,8529.474414,-5485.57394292314,-73,-1,-3.0,-1,-1097.1147885846285,-365.0,-68.0,-3.0,0.0,-1302.5211559999989
p4-refinement-confirmation-round-broad-p4-0133-b4dc7b35e1247c4b,4,broad,broad_joint,confirmation,correlated,combined_cover,assumption__radius_mixed__noise_correlated__scale_300,broad_or_stress_assumption,True,True,current,True,0,-1342.4307989999998,-1342.4307989999998,12.315885048980679,10899.994549,9557.56375,-5672.154007955367,-29,-13,-39.0,-1,-1134.4308015910738,-145.0,-24.0,-39.0,0.0,0.0
p4-refinement-confirmation-round-broad-p4-0133-b4dc7b35e1247c4b,4,broad,broad_joint,confirmation,correlated,coverage,assumption__radius_mixed__noise_correlated__scale_300,broad_or_stress_assumption,True,True,current,True,0,-1342.9846159999997,-1342.9846159999997,12.320965941429847,10899.994549,9557.009933,-5644.923099899366,-29,-15,-45.0,-1,-1128.984619979874,-145.0,-24.0,-45.0,0.0,0.0
p4-refinement-confirmation-round-broad-p4-0134-41896b5b3b66c1fb,4,broad,broad_joint,confirmation,extreme,combined_cover,assumption__radius_mixed__noise_extreme__scale_300,broad_or_stress_assumption,True,True,current,True,0,-905.0679259999997,-905.0679259999997,8.667512993673638,10442.071753,9537.003827,-4085.339622807318,-28,25,75.0,2,-817.0679245614629,-140.0,-23.0,75.0,0.0,0.0
p4-refinement-confirmation-round-broad-p4-0134-41896b5b3b66c1fb,4,broad,broad_joint,confirmation,extreme,coverage,assumption__radius_mixed__noise_extreme__scale_300,broad_or_stress_assumption,True,True,current,True,0,-1078.3156359999994,-1078.3156359999994,10.32664457309633,10442.071753,9363.756117,-4636.57816929464,-28,4,12.0,2,-927.3156338589279,-140.0,-23.0,12.0,0.0,0.0
p4-refinement-confirmation-round-broad-p4-0135-61d537cc237b0e58,4,broad,broad_joint,confirmation,deterministic,combined_cover,assumption__radius_min__noise_deterministic__scale_75,broad_or_stress_assumption,True,True,current,True,0,1581.8602589999991,1581.8602589999991,-22.809897043448615,6934.973253,8516.833512,7674.3012882550975,17,-16,-48.0,-1,1534.8602576510202,85.0,10.0,-48.0,0.0,0.0
p4-refinement-confirmation-round-broad-p4-0135-61d537cc237b0e58,4,broad,broad_joint,confirmation,deterministic,coverage,assumption__radius_min__noise_deterministic__scale_75,broad_or_stress_assumption,True,True,current,True,0,1612.5343639999992,1612.5343639999992,-23.25220740112347,6934.973253,8547.507617,7722.671806591636,17,-9,-27.0,-1,1544.5343613183277,85.0,10.0,-27.0,0.0,0.0
p4-refinement-confirmation-round-broad-p4-0136-367e576d6145c17b,4,broad,broad_joint,confirmation,correlated,combined_cover,assumption__radius_min__noise_correlated__scale_75,broad_or_stress_assumption,True,True,current,True,0,-1534.7499019999996,-1534.7499019999996,13.96310559547108,10991.465269,9456.715367,-4463.749498422796,-114,12,36.0,1,-892.7498996845588,-570.0,-108.0,36.0,0.0,0.0
p4-refinement-confirmation-round-broad-p4-0136-367e576d6145c17b,4,broad,broad_joint,confirmation,correlated,coverage,assumption__radius_min__noise_correlated__scale_75,broad_or_stress_assumption,True,True,current,True,0,-1094.659705,-1094.659705,9.959179037642464,10991.465269,9896.805564,-2878.2985249642807,-114,53,159.0,1,-575.659704992856,-570.0,-108.0,159.0,0.0,0.0
p4-refinement-confirmation-round-broad-p4-0137-14490578495b47cf,4,broad,broad_joint,confirmation,extreme,combined_cover,assumption__radius_min__noise_extreme__scale_75,broad_or_stress_assumption,True,True,current,True,0,-1289.1085390000007,-1289.1085390000007,11.600593548198862,11112.436046,9823.327507,-4535.542686069137,-94,59,177.0,1,-907.1085372138277,-470.0,-89.0,177.0,0.0,0.0
p4-refinement-confirmation-round-broad-p4-0137-14490578495b47cf,4,broad,broad_joint,confirmation,extreme,coverage,assumption__radius_min__noise_extreme__scale_75,broad_or_stress_assumption,True,True,current,True,0,682.9092169999985,682.9092169999985,-6.145450144082643,11112.436046,11795.345263,2114.5460964076265,-94,273,819.0,1,422.9092192815242,-470.0,-89.0,819.0,0.0,0.0
p4-refinement-confirmation-round-broad-p4-0138-81a3b220c87494bd,4,broad,broad_joint,confirmation,deterministic,combined_cover,assumption__radius_max__noise_deterministic__scale_75,broad_or_stress_assumption,True,True,current,True,0,-2386.496865000001,-2386.496865000001,21.134343039261886,11292.032407,8905.535542,-9547.484321739335,-75,-12,-36.0,-1,-1909.496864347866,-375.0,-66.0,-36.0,0.0,-2224.972893000001
p4-refinement-confirmation-round-broad-p4-0138-81a3b220c87494bd,4,broad,broad_joint,confirmation,deterministic,coverage,assumption__radius_max__noise_deterministic__scale_75,broad_or_stress_assumption,True,True,current,True,0,-2287.498993000001,-2287.498993000001,20.25763751423496,11292.032407,9004.533414,-9202.494978509458,-75,-2,-6.0,-1,-1840.4989957018906,-375.0,-66.0,-6.0,0.0,-2225.121556000001
p4-refinement-confirmation-round-broad-p4-0139-3e3f3353a3666de3,4,broad,broad_joint,confirmation,correlated,combined_cover,assumption__radius_max__noise_correlated__scale_75,broad_or_stress_assumption,True,True,current,True,0,-1527.057640000001,-1527.057640000001,12.990065934441024,11755.580362,10228.522722,-6430.288195942565,-17,-48,-144.0,1,-1286.0576391885133,-85.0,-12.0,-144.0,0.0,-1961.2673020000002
p4-refinement-confirmation-round-broad-p4-0139-3e3f3353a3666de3,4,broad,broad_joint,confirmation,correlated,coverage,assumption__radius_max__noise_correlated__scale_75,broad_or_stress_assumption,True,True,current,True,0,-1739.9652400000014,-1739.9652400000014,14.801185364054435,11755.580362,10015.615122,-7059.826192525259,-17,-77,-231.0,1,-1411.9652385050522,-85.0,-12.0,-231.0,0.0,-1961.2673020000002
p4-refinement-confirmation-round-broad-p4-0140-566ef65b1088db1d,4,broad,broad_joint,confirmation,extreme,combined_cover,assumption__radius_max__noise_extreme__scale_75,broad_or_stress_assumption,True,True,current,True,0,-626.3727770000005,-626.3727770000005,6.178891083197631,10137.300829,9510.928052,-1886.8638776907828,-52,19,57.0,1,-377.372775538156,-260.0,-46.0,57.0,0.0,-1195.9086819999993
p4-refinement-confirmation-round-broad-p4-0140-566ef65b1088db1d,4,broad,broad_joint,confirmation,extreme,coverage,assumption__radius_max__noise_extreme__scale_75,broad_or_stress_assumption,True,True,current,True,0,-988.7909479999998,-988.7909479999998,9.75398643760619,10137.300829,9148.509881,-2873.954741920781,-52,-36,-108.0,1,-574.7909483841559,-260.0,-46.0,-108.0,0.0,-1195.9086819999993
p4-refinement-confirmation-round-broad-p4-0141-f404011fec77dab9,4,broad,broad_joint,confirmation,deterministic,combined_cover,assumption__radius_mixed__noise_deterministic__scale_75,broad_or_stress_assumption,True,True,current,True,0,356.419613,356.419613,-3.6556218270387717,9749.903843,10106.323456,1287.0980621075796,-9,51,153.0,1,257.4196124215159,-45.0,-9.0,153.0,0.0,-976.4261010000009
p4-refinement-confirmation-round-broad-p4-0141-f404011fec77dab9,4,broad,broad_joint,confirmation,deterministic,coverage,assumption__radius_mixed__noise_deterministic__scale_75,broad_or_stress_assumption,True,True,current,True,0,609.9336739999999,609.9336739999999,-6.255791685965245,9749.903843,10359.837517,2264.6683646415186,-9,70,210.0,1,452.9336729283041,-45.0,-8.0,210.0,0.0,-976.4261010000009
p4-refinement-confirmation-round-broad-p4-0142-bce4504ca901f1cd,4,broad,broad_joint,confirmation,correlated,combined_cover,assumption__radius_mixed__noise_correlated__scale_75,broad_or_stress_assumption,True,True,current,True,0,-1850.184671000001,-1850.184671000001,16.792444698764513,11017.958994,9167.774323,-7725.92337183161,-85,66,198.0,-1,-1545.1846743663218,-425.0,-78.0,198.0,0.0,1170.692191
p4-refinement-confirmation-round-broad-p4-0142-bce4504ca901f1cd,4,broad,broad_joint,confirmation,correlated,coverage,assumption__radius_mixed__noise_correlated__scale_75,broad_or_stress_assumption,True,True,current,True,0,-1844.3311009999998,-1844.3311009999998,16.739317163953494,11017.958994,9173.627893,-7696.65551537359,-85,66,198.0,-1,-1539.3311030747172,-425.0,-78.0,198.0,0.0,1169.2237140000007
p4-refinement-confirmation-round-broad-p4-0143-6f64bd5e66440888,4,broad,broad_joint,confirmation,extreme,combined_cover,assumption__radius_mixed__noise_extreme__scale_75,broad_or_stress_assumption,True,True,current,True,0,-895.0903350000008,-895.0903350000008,8.221834560440273,10886.747093,9991.656758,-3150.45168031058,-30,-30,-90.0,-1,-630.090336062116,-150.0,-25.0,-90.0,0.0,-3117.338192
p4-refinement-confirmation-round-broad-p4-0143-6f64bd5e66440888,4,broad,broad_joint,confirmation,extreme,coverage,assumption__radius_mixed__noise_extreme__scale_75,broad_or_stress_assumption,True,True,current,True,0,-585.9502589999993,-585.9502589999993,5.382234509486821,10886.747093,10300.796834,-1994.75131035527,-30,-4,-12.0,0,-398.95026207105366,-150.0,-25.0,-12.0,0.0,-3117.338192
p4-refinement-confirmation-round-broad-p4-0144-ec6f2dc212a5b506,4,broad,broad_joint,confirmation,deterministic,combined_cover,assumption__radius_min__noise_deterministic__scale_150,broad_or_stress_assumption,True,True,current,True,0,-729.7822350000006,-729.7822350000006,6.782261624151705,10760.160481,10030.378246,-2663.9111711219302,-42,17,51.0,-2,-532.7822342243862,-210.0,-38.0,51.0,0.0,-1207.39307
p4-refinement-confirmation-round-broad-p4-0144-ec6f2dc212a5b506,4,broad,broad_joint,confirmation,deterministic,coverage,assumption__radius_min__noise_deterministic__scale_150,broad_or_stress_assumption,True,True,current,True,0,-1163.5460790000016,-1163.5460790000016,10.813463991123177,10760.160481,9596.614402,-3962.730386421281,-42,-41,-123.0,-2,-792.5460772842562,-210.0,-38.0,-123.0,0.0,-1207.39307
p4-refinement-confirmation-round-broad-p4-0145-9185bca265f056b3,4,broad,broad_joint,confirmation,correlated,combined_cover,assumption__radius_min__noise_correlated__scale_150,broad_or_stress_assumption,True,True,current,True,0,-945.7449919999999,-945.7449919999999,8.900842065039127,10625.342918,9679.597926,-4248.724961246538,-13,-7,-21.0,3,-849.744992249307,-65.0,-10.0,-21.0,0.0,0.0
p4-refinement-confirmation-round-broad-p4-0145-9185bca265f056b3,4,broad,broad_joint,confirmation,correlated,coverage,assumption__radius_min__noise_correlated__scale_150,broad_or_stress_assumption,True,True,current,True,0,-1278.3487839999998,-1278.3487839999998,12.031129666736652,10625.342918,9346.994134,-5326.743918966342,-13,-46,-138.0,3,-1065.348783793268,-65.0,-10.0,-138.0,0.0,0.0
p4-refinement-confirmation-round-broad-p4-0146-3cdbdff7dcf17ff4,4,broad,broad_joint,confirmation,extreme,combined_cover,assumption__radius_min__noise_extreme__scale_150,broad_or_stress_assumption,True,True,current,True,0,-646.8189810000003,-646.8189810000003,6.586853603298903,9819.847532,9173.028551,-3424.094893239271,-11,33,99.0,-4,-684.8189786478542,-55.0,-6.0,99.0,0.0,-1734.567787
p4-refinement-confirmation-round-broad-p4-0146-3cdbdff7dcf17ff4,4,broad,broad_joint,confirmation,extreme,coverage,assumption__radius_min__noise_extreme__scale_150,broad_or_stress_assumption,True,True,current,True,0,-795.0145639999992,-795.0145639999992,8.095997024488211,9819.847532,9024.832968,-3790.0728212104223,-11,8,24.0,-4,-758.0145642420848,-55.0,-6.0,24.0,0.0,-1734.567787
p4-refinement-confirmation-round-broad-p4-0147-c0672398d58943ff,4,broad,broad_joint,confirmation,deterministic,combined_cover,assumption__radius_max__noise_deterministic__scale_150,broad_or_stress_assumption,True,True,current,True,0,-1483.276770999999,-1483.276770999999,14.590950624639701,10165.730864,8682.454093,-5986.383867901772,-48,-2,-6.0,1,-1197.2767735803554,-240.0,-40.0,-6.0,0.0,-3036.9874769999988
p4-refinement-confirmation-round-broad-p4-0147-c0672398d58943ff,4,broad,broad_joint,confirmation,deterministic,coverage,assumption__radius_max__noise_deterministic__scale_150,broad_or_stress_assumption,True,True,current,True,0,-1455.2363099999984,-1455.2363099999984,14.315117422136767,10165.730864,8710.494554,-5891.181572651243,-48,1,3.0,1,-1178.2363145302497,-240.0,-40.0,3.0,0.0,-3036.9874769999988
p4-refinement-confirmation-round-broad-p4-0148-265b68ae72fa21c5,4,broad,broad_joint,confirmation,correlated,combined_cover,assumption__radius_max__noise_correlated__scale_150,broad_or_stress_assumption,True,True,current,True,0,-1516.2324509999999,-1516.2324509999999,15.938242044160384,9513.172449,7996.939998,-5836.162241342263,-52,-14,-42.0,-3,-1167.2324482684526,-260.0,-47.0,-42.0,0.0,-1854.7197820000001
p4-refinement-confirmation-round-broad-p4-0148-265b68ae72fa21c5,4,broad,broad_joint,confirmation,correlated,coverage,assumption__radius_max__noise_correlated__scale_150,broad_or_stress_assumption,True,True,current,True,0,-1458.1813139999995,-1458.1813139999995,15.328023556992072,9513.172449,8054.991135,-5605.906553511635,-52,-10,-30.0,-3,-1121.1813107023272,-260.0,-47.0,-30.0,0.0,-1854.7197819999992
p4-refinement-confirmation-round-broad-p4-0149-7b782d0f8bd1c373,4,broad,broad_joint,confirmation,extreme,combined_cover,assumption__radius_max__noise_extreme__scale_150,broad_or_stress_assumption,True,True,current,True,0,-2039.736289999999,-2039.736289999999,19.745753102892643,10329.999972,8290.263682,-7853.681432324214,-57,-45,-135.0,0,-1570.7362864648421,-285.0,-49.0,-135.0,0.0,53.91577700000016
p4-refinement-confirmation-round-broad-p4-0149-7b782d0f8bd1c373,4,broad,broad_joint,confirmation,extreme,coverage,assumption__radius_max__noise_extreme__scale_150,broad_or_stress_assumption,True,True,current,True,0,-2000.5190380000004,-2000.5190380000004,19.36610884242508,10329.999972,8329.480934,-7717.595173593552,-57,-41,-123.0,0,-1543.51903471871,-285.0,-49.0,-123.0,0.0,48.44149499999912
p4-refinement-confirmation-round-broad-p4-0150-aaebce36340b4947,4,broad,broad_joint,confirmation,deterministic,combined_cover,assumption__radius_mixed__noise_deterministic__scale_150,broad_or_stress_assumption,True,True,current,True,0,-2464.0547810000007,-2464.0547810000007,20.69674838235718,11905.516439,9441.461658,-10290.273899145031,-53,-31,-93.0,0,-2058.0547798290054,-265.0,-48.0,-93.0,0.0,0.0
p4-refinement-confirmation-round-broad-p4-0150-aaebce36340b4947,4,broad,broad_joint,confirmation,deterministic,coverage,assumption__radius_mixed__noise_deterministic__scale_150,broad_or_stress_assumption,True,True,current,True,0,-1833.1059650000007,-1833.1059650000007,15.397114223412652,11905.516439,10072.410474,-7870.5298170988535,-53,18,54.0,0,-1574.10596341977,-265.0,-48.0,54.0,0.0,0.0
p4-refinement-confirmation-round-broad-p4-0151-22fef7324bcb657b,4,broad,broad_joint,confirmation,correlated,combined_cover,assumption__radius_mixed__noise_correlated__scale_150,broad_or_stress_assumption,True,True,current,True,0,-1406.9373480000013,-1406.9373480000013,14.562921554451536,9661.092678,8254.15533,-5674.686748226533,-46,-1,-3.0,-5,-1134.9373496453063,-230.0,-39.0,-3.0,0.0,-2212.265166000002
p4-refinement-confirmation-round-broad-p4-0151-22fef7324bcb657b,4,broad,broad_joint,confirmation,correlated,coverage,assumption__radius_mixed__noise_correlated__scale_150,broad_or_stress_assumption,True,True,current,True,0,-1455.760964000001,-1455.760964000001,15.068284846444167,9661.092678,8205.331714,-5843.804818118933,-46,-6,-18.0,-5,-1168.7609636237867,-230.0,-39.0,-18.0,0.0,-2212.265166000001
p4-refinement-confirmation-round-broad-p4-0152-79f1cf72575622b4,4,broad,broad_joint,confirmation,extreme,combined_cover,assumption__radius_mixed__noise_extreme__scale_150,broad_or_stress_assumption,True,True,current,True,0,-1486.664901,-1486.664901,13.22311568988976,11242.924405,9756.259504,-6343.324515512846,-15,-45,-135.0,1,-1268.66490310257,-75.0,-8.0,-135.0,0.0,0.0
p4-refinement-confirmation-round-broad-p4-0152-79f1cf72575622b4,4,broad,broad_joint,confirmation,extreme,coverage,assumption__radius_mixed__noise_extreme__scale_150,broad_or_stress_assumption,True,True,current,True,0,-1474.0003990000005,-1474.0003990000005,13.11047149213666,11242.924405,9768.924006,-6175.002022798646,-15,-52,-156.0,1,-1235.0004045597298,-75.0,-8.0,-156.0,0.0,0.0
p4-refinement-confirmation-round-broad-p4-0153-9a44d61ce8ce8aee,4,broad,broad_joint,confirmation,deterministic,combined_cover,assumption__radius_min__noise_deterministic__scale_300,broad_or_stress_assumption,True,True,current,True,0,-3169.5951380000006,-3169.5951380000006,25.650445921515036,12356.881232,9187.286094,-11607.975694109191,-85,-115,-345.0,0,-2321.595138821838,-425.0,-78.0,-345.0,0.0,697.0983069999984
p4-refinement-confirmation-round-broad-p4-0153-9a44d61ce8ce8aee,4,broad,broad_joint,confirmation,deterministic,coverage,assumption__radius_min__noise_deterministic__scale_300,broad_or_stress_assumption,True,True,current,True,0,-2944.001907,-2944.001907,23.824797307075062,12356.881232,9412.879325,-10615.009546295456,-85,-106,-318.0,0,-2123.001909259092,-425.0,-78.0,-318.0,0.0,692.950902999999
p4-refinement-confirmation-round-broad-p4-0154-c986f79b88651276,4,broad,broad_joint,confirmation,correlated,combined_cover,assumption__radius_min__noise_correlated__scale_300,broad_or_stress_assumption,True,True,current,True,0,-2413.9208880000006,-2413.9208880000006,20.089356205479625,12015.919591,9601.998703,-9724.60445103197,-23,-112,-336.0,-1,-1944.9208902063938,-115.0,-18.0,-336.0,0.0,0.0
p4-refinement-confirmation-round-broad-p4-0154-c986f79b88651276,4,broad,broad_joint,confirmation,correlated,coverage,assumption__radius_min__noise_correlated__scale_300,broad_or_stress_assumption,True,True,current,True,0,-2057.2905250000003,-2057.2905250000003,17.121373935798673,12015.919591,9958.629066,-8526.45263482986,-23,-73,-219.0,-1,-1705.2905269659714,-115.0,-18.0,-219.0,0.0,0.0
p4-refinement-confirmation-round-broad-p4-0155-74b077f5f53e1474,4,broad,broad_joint,confirmation,extreme,combined_cover,assumption__radius_min__noise_extreme__scale_300,broad_or_stress_assumption,True,True,current,True,0,-1198.120879,-1198.120879,11.82878245345328,10128.860546,8930.739667,-3160.604375411196,-95,0,0.0,3,-632.1208750822389,-475.0,-91.0,0.0,0.0,0.0
p4-refinement-confirmation-round-broad-p4-0155-74b077f5f53e1474,4,broad,broad_joint,confirmation,extreme,coverage,assumption__radius_min__noise_extreme__scale_300,broad_or_stress_assumption,True,True,current,True,0,-966.3543539999991,-966.3543539999991,9.540602811257218,10128.860546,9162.506192,-2241.771747843166,-95,15,45.0,1,-448.35434956863264,-475.0,-88.0,45.0,0.0,0.0
p4-refinement-confirmation-round-broad-p4-0156-3e6913317fd72b4a,4,broad,broad_joint,confirmation,deterministic,combined_cover,assumption__radius_max__noise_deterministic__scale_300,broad_or_stress_assumption,True,True,current,True,0,-1162.3282230000004,-1162.3282230000004,11.001418432397264,10565.257836,9402.929613,-4651.641138469822,-77,75,225.0,-1,-930.3282276939644,-385.0,-72.0,225.0,0.0,-480.29283000000214
p4-refinement-confirmation-round-broad-p4-0156-3e6913317fd72b4a,4,broad,broad_joint,confirmation,deterministic,coverage,assumption__radius_max__noise_deterministic__scale_300,broad_or_stress_assumption,True,True,current,True,0,-1163.1190650000008,-1163.1190650000008,11.008903739545241,10565.257836,9402.138771,-4430.595356249476,-77,60,180.0,-1,-886.1190712498947,-385.0,-72.0,180.0,0.0,-480.29283000000214
p4-refinement-confirmation-round-broad-p4-0157-dcb1a37515ed8ec9,4,broad,broad_joint,confirmation,correlated,combined_cover,assumption__radius_max__noise_correlated__scale_300,broad_or_stress_assumption,True,True,current,True,0,-799.7604229999997,-799.7604229999997,7.207241996220465,11096.622306,10296.861883,-3378.802116538347,-38,33,99.0,1,-675.760423307669,-190.0,-33.0,99.0,0.0,0.0
p4-refinement-confirmation-round-broad-p4-0157-dcb1a37515ed8ec9,4,broad,broad_joint,confirmation,correlated,coverage,assumption__radius_max__noise_correlated__scale_300,broad_or_stress_assumption,True,True,current,True,0,-659.325589,-659.325589,5.941678204578517,11096.622306,10437.296717,-2736.6279291033716,-38,37,111.0,1,-547.325585820674,-190.0,-33.0,111.0,0.0,0.0
p4-refinement-confirmation-round-broad-p4-0158-56b3575d9d2849fb,4,broad,broad_joint,confirmation,extreme,combined_cover,assumption__radius_max__noise_extreme__scale_300,broad_or_stress_assumption,True,True,current,True,0,-2969.148181999999,-2969.148181999999,24.313458575048163,12211.953198,9242.805016,-12175.740901460318,-32,-116,-348.0,-1,-2435.1481802920634,-160.0,-26.0,-348.0,0.0,0.0
p4-refinement-confirmation-round-broad-p4-0158-56b3575d9d2849fb,4,broad,broad_joint,confirmation,extreme,coverage,assumption__radius_max__noise_extreme__scale_300,broad_or_stress_assumption,True,True,current,True,0,-2819.393908,-2819.393908,23.087166010935444,12211.953198,9392.55929,-11636.969542621402,-32,-102,-306.0,-1,-2327.39390852428,-160.0,-26.0,-306.0,0.0,0.0
p4-refinement-confirmation-round-broad-p4-0159-06b0894b7b317a84,4,broad,broad_joint,confirmation,deterministic,combined_cover,assumption__radius_mixed__noise_deterministic__scale_300,broad_or_stress_assumption,True,True,current,True,0,-1282.0907669999997,-1282.0907669999997,12.25497110907368,10461.801628,9179.710861,-5250.4538421966645,-20,-39,-117.0,1,-1050.0907684393324,-100.0,-15.0,-117.0,0.0,0.0
p4-refinement-confirmation-round-broad-p4-0159-06b0894b7b317a84,4,broad,broad_joint,confirmation,deterministic,coverage,assumption__radius_mixed__noise_deterministic__scale_300,broad_or_stress_assumption,True,True,current,True,0,-1174.551802,-1174.551802,11.227050978068881,10461.801628,9287.249826,-4922.7590097140055,-20,-25,-75.0,1,-984.5518019428,-100.0,-15.0,-75.0,0.0,0.0
p4-refinement-confirmation-round-broad-p4-0160-d44dd03c9b462cf3,4,broad,broad_joint,confirmation,correlated,combined_cover,assumption__radius_mixed__noise_correlated__scale_300,broad_or_stress_assumption,True,True,current,True,0,-1814.5321519999998,-1814.5321519999998,17.961494155436533,10102.345252,8287.8131,-6632.660768523405,-64,-37,-111.0,1,-1326.5321537046811,-320.0,-57.0,-111.0,0.0,-1223.530503
p4-refinement-confirmation-round-broad-p4-0160-d44dd03c9b462cf3,4,broad,broad_joint,confirmation,correlated,coverage,assumption__radius_mixed__noise_correlated__scale_300,broad_or_stress_assumption,True,True,current,True,0,-1691.638649999999,-1691.638649999999,16.74500928054403,10102.345252,8410.706602,-6228.193250928605,-64,-23,-69.0,1,-1245.6386501857214,-320.0,-57.0,-69.0,0.0,-1223.530503
p4-refinement-confirmation-round-broad-p4-0161-572aa2c7b1d750c6,4,broad,broad_joint,confirmation,extreme,combined_cover,assumption__radius_mixed__noise_extreme__scale_300,broad_or_stress_assumption,True,True,current,True,0,-2921.1718249999994,-2921.1718249999994,24.918587520654942,11722.862793,8801.690968,-10010.859117056396,-55,-198,-594.0,2,-2002.1718234112795,-275.0,-50.0,-594.0,0.0,0.0
p4-refinement-confirmation-round-broad-p4-0161-572aa2c7b1d750c6,4,broad,broad_joint,confirmation,extreme,coverage,assumption__radius_mixed__noise_extreme__scale_300,broad_or_stress_assumption,True,True,current,True,0,-2908.7928630000006,-2908.7928630000006,24.812990771647602,11722.862793,8814.06993,-10008.96431539907,-55,-194,-582.0,2,-2001.7928630798142,-275.0,-50.0,-582.0,0.0,0.0
p4-refinement-confirmation-round-broad-p4-0162-887ffb0cbede360f,4,broad,broad_joint,confirmation,deterministic,combined_cover,assumption__radius_min__noise_deterministic__scale_75,broad_or_stress_assumption,True,True,current,True,0,-1481.7362819999998,-1481.7362819999998,13.413508787648992,11046.597169,9564.860887,-6593.681414845487,-87,117,351.0,1,-1318.7362829690974,-435.0,-79.0,351.0,0.0,0.0
p4-refinement-confirmation-round-broad-p4-0162-887ffb0cbede360f,4,broad,broad_joint,confirmation,deterministic,coverage,assumption__radius_min__noise_deterministic__scale_75,broad_or_stress_assumption,True,True,current,True,0,-1049.7333780000008,-1049.7333780000008,9.502775940321797,11046.597169,9996.863791,-5033.666897990013,-87,157,471.0,1,-1006.733379598003,-435.0,-79.0,471.0,0.0,0.0
p4-refinement-confirmation-round-broad-p4-0163-7d82fe21b4170de9,4,broad,broad_joint,confirmation,correlated,combined_cover,assumption__radius_min__noise_correlated__scale_75,broad_or_stress_assumption,True,True,current,True,0,-1258.2108050000006,-1258.2108050000006,11.756381141162946,10702.364868,9444.154063,-8361.054029827457,7,122,366.0,2,-1672.210805965492,35.0,13.0,366.0,0.0,632.1018380000005
p4-refinement-confirmation-round-broad-p4-0163-7d82fe21b4170de9,4,broad,broad_joint,confirmation,correlated,coverage,assumption__radius_min__noise_correlated__scale_75,broad_or_stress_assumption,True,True,current,True,0,-1647.9446980000012,-1647.9446980000012,15.397949129237265,10702.364868,9054.42017,-9379.723501606553,7,60,180.0,2,-1875.9447003213118,35.0,13.0,180.0,0.0,632.1018379999987
p4-refinement-confirmation-round-broad-p4-0164-fc7b58c3f6365bc0,4,broad,broad_joint,confirmation,extreme,combined_cover,assumption__radius_min__noise_extreme__scale_75,broad_or_stress_assumption,True,True,current,True,0,-1320.415237000001,-1320.415237000001,13.614535568883218,9698.569814,8378.154577,-4852.0761958579715,-54,-10,-30.0,4,-970.4152391715943,-270.0,-50.0,-30.0,0.0,-1014.6150379999999
p4-refinement-confirmation-round-broad-p4-0164-fc7b58c3f6365bc0,4,broad,broad_joint,confirmation,extreme,coverage,assumption__radius_min__noise_extreme__scale_75,broad_or_stress_assumption,True,True,current,True,0,-1152.9187160000001,-1152.9187160000001,11.887512675691093,9698.569814,8545.651098,-4314.593591275916,-54,10,30.0,4,-862.9187182551832,-270.0,-50.0,30.0,0.0,-1014.6150379999999
p4-refinement-confirmation-round-broad-p4-0165-7d83f558b953e25d,4,broad,broad_joint,confirmation,deterministic,combined_cover,assumption__radius_max__noise_deterministic__scale_75,broad_or_stress_assumption,True,True,current,True,0,-1698.6429339999995,-1698.6429339999995,16.403324500331586,10355.479671,8656.836737,-7418.214665776904,-22,-30,-90.0,0,-1483.642933155381,-110.0,-15.0,-90.0,0.0,-221.05982499999845
p4-refinement-confirmation-round-broad-p4-0165-7d83f558b953e25d,4,broad,broad_joint,confirmation,deterministic,coverage,assumption__radius_max__noise_deterministic__scale_75,broad_or_stress_assumption,True,True,current,True,0,-1360.9377939999995,-1360.9377939999995,13.142199465769194,10355.479671,8994.541877,-6299.688966689115,-22,8,24.0,0,-1259.9377933378228,-110.0,-15.0,24.0,0.0,-225.84869399999843
p4-refinement-confirmation-round-broad-p4-0166-2b434d523e4704b1,4,broad,broad_joint,confirmation,correlated,combined_cover,assumption__radius_max__noise_correlated__scale_75,broad_or_stress_assumption,True,True,current,True,0,-3023.0867419999995,-3023.0867419999995,26.439910304368986,11433.80105,8410.714308,-14080.43370190445,4,-79,-237.0,1,-2816.0867403808898,20.0,10.0,-237.0,0.0,639.7396990000007
p4-refinement-confirmation-round-broad-p4-0166-2b434d523e4704b1,4,broad,broad_joint,confirmation,correlated,coverage,assumption__radius_max__noise_correlated__scale_75,broad_or_stress_assumption,True,True,current,True,0,-2699.308182999999,-2699.308182999999,23.608143706506063,11433.80105,8734.492867,-12956.540911247233,4,-46,-138.0,1,-2591.308182249446,20.0,10.0,-138.0,0.0,641.4379280000012
p4-refinement-confirmation-round-broad-p4-0167-d043a9c57651cf15,4,broad,broad_joint,confirmation,extreme,combined_cover,assumption__radius_max__noise_extreme__scale_75,broad_or_stress_assumption,True,True,current,True,0,-2188.548311999999,-2188.548311999999,19.489908180142937,11229.136083,9040.587771,-9522.74155613815,-17,-63,-189.0,3,-1904.5483112276297,-85.0,-10.0,-189.0,0.0,0.0
p4-refinement-confirmation-round-broad-p4-0167-d043a9c57651cf15,4,broad,broad_joint,confirmation,extreme,coverage,assumption__radius_max__noise_extreme__scale_75,broad_or_stress_assumption,True,True,current,True,0,-2042.1510519999993,-2042.1510519999993,18.186181349174763,11229.136083,9186.985031,-9060.755257789635,-17,-45,-135.0,3,-1812.1510515579266,-85.0,-10.0,-135.0,0.0,0.0
p4-refinement-confirmation-round-broad-p4-0168-de784b5baac6afb5,4,broad,broad_joint,confirmation,deterministic,combined_cover,assumption__radius_mixed__noise_deterministic__scale_75,broad_or_stress_assumption,True,True,current,True,0,-1439.0657680000004,-1439.0657680000004,13.260887045935291,10851.95706,9412.891292,-5240.328852746774,-35,-62,-186.0,0,-1048.065770549354,-175.0,-30.0,-186.0,0.0,0.0
p4-refinement-confirmation-round-broad-p4-0168-de784b5baac6afb5,4,broad,broad_joint,confirmation,deterministic,coverage,assumption__radius_mixed__noise_deterministic__scale_75,broad_or_stress_assumption,True,True,current,True,0,-1130.377485000001,-1130.377485000001,10.416346828043944,10851.95706,9721.579575,-4086.8874396988103,-35,-36,-108.0,0,-817.3774879397615,-175.0,-30.0,-108.0,0.0,0.0
p4-refinement-confirmation-round-broad-p4-0169-0619686bf7d4ccaa,4,broad,broad_joint,confirmation,correlated,combined_cover,assumption__radius_mixed__noise_correlated__scale_75,broad_or_stress_assumption,True,True,current,True,0,-194.7143019999985,-194.7143019999985,1.9739232863769511,9864.329751,9669.615449,-1243.5715138856685,-39,94,282.0,0,-248.71430277713444,-195.0,-33.0,282.0,0.0,-1244.3157679999986
p4-refinement-confirmation-round-broad-p4-0169-0619686bf7d4ccaa,4,broad,broad_joint,confirmation,correlated,coverage,assumption__radius_mixed__noise_correlated__scale_75,broad_or_stress_assumption,True,True,current,True,0,-186.59930299999905,-186.59930299999905,1.8916571902017214,9864.329751,9677.730448,-842.9965267969383,-39,70,210.0,0,-168.59930535938838,-195.0,-33.0,210.0,0.0,-1244.3157679999986
p4-refinement-confirmation-round-broad-p4-0170-a05f7789589abcaf,4,broad,broad_joint,confirmation,extreme,combined_cover,assumption__radius_mixed__noise_extreme__scale_75,broad_or_stress_assumption,True,True,current,True,0,-2586.366748999999,-2586.366748999999,22.9936772903549,11248.164947,8661.798198,-10686.833727109683,-72,-8,-24.0,3,-2137.366745421936,-360.0,-65.0,-24.0,0.0,0.0
p4-refinement-confirmation-round-broad-p4-0170-a05f7789589abcaf,4,broad,broad_joint,confirmation,extreme,coverage,assumption__radius_mixed__noise_extreme__scale_75,broad_or_stress_assumption,True,True,current,True,0,-1821.9564539999992,-1821.9564539999992,16.19781059919408,11248.164947,9426.208493,-8184.782272523014,-72,80,240.0,3,-1636.9564545046023,-360.0,-65.0,240.0,0.0,0.0
p4-refinement-confirmation-round-broad-p4-0171-c27611b21bf3714a,4,broad,broad_joint,confirmation,deterministic,combined_cover,assumption__radius_min__noise_deterministic__scale_150,broad_or_stress_assumption,True,True,current,True,0,-1663.7767750000003,-1663.7767750000003,15.07635358217874,11035.670966,9371.894191,-7383.883875920481,-53,41,123.0,-2,-1476.7767751840966,-265.0,-45.0,123.0,0.0,0.0
p4-refinement-confirmation-round-broad-p4-0171-c27611b21bf3714a,4,broad,broad_joint,confirmation,deterministic,coverage,assumption__radius_min__noise_deterministic__scale_150,broad_or_stress_assumption,True,True,current,True,0,-2062.3363150000005,-2062.3363150000005,18.687910516305624,11035.670966,8973.334651,-8551.681567800966,-53,-14,-42.0,-2,-1710.336313560194,-265.0,-45.0,-42.0,0.0,0.0
p4-refinement-confirmation-round-broad-p4-0172-1cdb8903285f2631,4,broad,broad_joint,confirmation,correlated,combined_cover,assumption__radius_min__noise_correlated__scale_150,broad_or_stress_assumption,True,True,current,True,0,-1298.0417720000005,-1298.0417720000005,13.904524045625216,9335.391616,8037.349844,-5920.208862297295,-17,-6,-18.0,0,-1184.041772459459,-85.0,-11.0,-18.0,0.0,-689.5530500000004
p4-refinement-confirmation-round-broad-p4-0172-1cdb8903285f2631,4,broad,broad_joint,confirmation,correlated,coverage,assumption__radius_min__noise_correlated__scale_150,broad_or_stress_assumption,True,True,current,True,0,-1321.8442970000006,-1321.8442970000006,14.159494870407809,9335.391616,8013.547319,-6024.221506763413,-17,-7,-21.0,0,-1204.8443013526821,-85.0,-11.0,-21.0,0.0,-689.5530500000004
p4-refinement-confirmation-round-broad-p4-0173-853f55f977e83645,4,broad,broad_joint,confirmation,extreme,combined_cover,assumption__radius_min__noise_extreme__scale_150,broad_or_stress_assumption,True,True,current,True,0,-2323.4096640000007,-2323.4096640000007,21.344402794066543,10885.334607,8561.924943,-8842.048324397736,-70,-47,-141.0,1,-1768.4096648795476,-350.0,-64.0,-141.0,0.0,0.0
p4-refinement-confirmation-round-broad-p4-0173-853f55f977e83645,4,broad,broad_joint,confirmation,extreme,coverage,assumption__radius_min__noise_extreme__scale_150,broad_or_stress_assumption,True,True,current,True,0,-2216.8544280000006,-2216.8544280000006,20.36551477778565,10885.334607,8668.480179,-8474.272142401533,-70,-36,-108.0,1,-1694.8544284803065,-350.0,-64.0,-108.0,0.0,0.0
p4-refinement-confirmation-round-broad-p4-0174-4d25636bc477565a,4,broad,broad_joint,confirmation,deterministic,combined_cover,assumption__radius_max__noise_deterministic__scale_150,broad_or_stress_assumption,True,True,current,True,0,-1765.9587229999997,-1765.9587229999997,16.76764265682907,10531.94393,8765.985207,-6284.7936232055945,-64,-44,-132.0,2,-1256.9587246411193,-320.0,-57.0,-132.0,0.0,1058.4980129999994
p4-refinement-confirmation-round-broad-p4-0174-4d25636bc477565a,4,broad,broad_joint,confirmation,deterministic,coverage,assumption__radius_max__noise_deterministic__scale_150,broad_or_stress_assumption,True,True,current,True,0,-1724.9047269999992,-1724.9047269999992,16.377838112930394,10531.94393,8807.039203,-6124.523630349424,-64,-41,-123.0,2,-1224.9047260698853,-320.0,-57.0,-123.0,0.0,1055.348696
p4-refinement-confirmation-round-broad-p4-0175-5363798f46f5841a,4,broad,broad_joint,confirmation,correlated,combined_cover,assumption__radius_max__noise_correlated__scale_150,broad_or_stress_assumption,True,True,current,True,0,2666.557009,2666.557009,-35.947644396216575,7417.890807,10084.447816,11282.78504667578,52,35,105.0,-2,2256.557009335156,260.0,45.0,105.0,0.0,0.0
p4-refinement-confirmation-round-broad-p4-0175-5363798f46f5841a,4,broad,broad_joint,confirmation,correlated,coverage,assumption__radius_max__noise_correlated__scale_150,broad_or_stress_assumption,True,True,current,True,0,2717.488378,2717.488378,-36.63424615843095,7417.890807,10135.379185,11642.441889777598,52,28,84.0,-2,2328.4883779555203,260.0,45.0,84.0,0.0,0.0
p4-refinement-confirmation-round-broad-p4-0176-8279bb844bb3a3d4,4,broad,broad_joint,confirmation,extreme,combined_cover,assumption__radius_max__noise_extreme__scale_150,broad_or_stress_assumption,True,True,current,True,0,-1675.0410479999991,-1675.0410479999991,15.680474085454504,10682.336764,9007.295716,-7330.2052457393875,-46,21,63.0,1,-1466.0410491478779,-230.0,-42.0,63.0,0.0,-86.47018899999966
p4-refinement-confirmation-round-broad-p4-0176-8279bb844bb3a3d4,4,broad,broad_joint,confirmation,extreme,coverage,assumption__radius_max__noise_extreme__scale_150,broad_or_stress_assumption,True,True,current,True,0,-2100.5941779999994,-2100.5941779999994,19.664182326465358,10682.336764,8581.742586,-8512.970909832446,-46,-42,-126.0,1,-1702.5941819664895,-230.0,-42.0,-126.0,0.0,-84.00942200000009
p4-refinement-confirmation-round-broad-p4-0177-cff7186ec8056d35,4,broad,broad_joint,confirmation,deterministic,combined_cover,assumption__radius_mixed__noise_deterministic__scale_150,broad_or_stress_assumption,True,True,current,True,0,-368.29929699999957,-368.29929699999957,3.798140660302794,9696.831422,9328.532125,-576.4965098543107,-73,60,180.0,1,-115.29930197086196,-365.0,-68.0,180.0,0.0,-409.4413690000001
p4-refinement-confirmation-round-broad-p4-0177-cff7186ec8056d35,4,broad,broad_joint,confirmation,deterministic,coverage,assumption__radius_mixed__noise_deterministic__scale_150,broad_or_stress_assumption,True,True,current,True,0,49.10483100000056,49.10483100000056,-0.5064007907633867,9696.831422,9745.936253,955.5241302508512,-73,97,291.0,1,191.10482605017023,-365.0,-68.0,291.0,0.0,-413.560363999999
p4-refinement-confirmation-round-broad-p4-0178-24a72620a48edc05,4,broad,broad_joint,confirmation,correlated,combined_cover,assumption__radius_mixed__noise_correlated__scale_150,broad_or_stress_assumption,True,True,current,True,0,-2586.6241059999993,-2586.6241059999993,24.88965537159514,10392.366095,7805.741989,-9693.120541543663,-101,-17,-51.0,-1,-1938.6241083087325,-505.0,-92.0,-51.0,0.0,943.1043730000001
p4-refinement-confirmation-round-broad-p4-0178-24a72620a48edc05,4,broad,broad_joint,confirmation,correlated,coverage,assumption__radius_mixed__noise_correlated__scale_150,broad_or_stress_assumption,True,True,current,True,0,-2553.3956769999995,-2553.3956769999995,24.569916548922343,10392.366095,7838.970418,-9646.97839285947,-101,-9,-27.0,-1,-1929.3956785718938,-505.0,-92.0,-27.0,0.0,943.1043730000001
p4-refinement-confirmation-round-broad-p4-0179-dedfcbb0055b9fbb,4,broad,broad_joint,confirmation,extreme,combined_cover,assumption__radius_mixed__noise_extreme__scale_150,broad_or_stress_assumption,True,True,current,True,0,-1491.9513240000015,-1491.9513240000015,15.349109918071253,9720.116228,8228.164904,-4494.756630886772,-98,-4,-12.0,1,-898.9513261773545,-490.0,-91.0,-12.0,0.0,-2424.6354420000016
p4-refinement-confirmation-round-broad-p4-0179-dedfcbb0055b9fbb,4,broad,broad_joint,confirmation,extreme,coverage,assumption__radius_mixed__noise_extreme__scale_150,broad_or_stress_assumption,True,True,current,True,0,-1422.6579110000002,-1422.6579110000002,14.636223247021036,9720.116228,8297.458317,-4283.289553355542,-98,5,15.0,1,-856.6579106711088,-490.0,-91.0,15.0,0.0,-2426.888454
p4-refinement-confirmation-round-broad-p4-0180-682bdf09a2cddb7b,4,broad,broad_joint,confirmation,deterministic,combined_cover,assumption__radius_min__noise_deterministic__scale_300,broad_or_stress_assumption,True,True,current,True,0,-824.8554830000012,-824.8554830000012,7.782292653919872,10599.132154,9774.276671,-2119.277414698743,-79,23,69.0,-1,-423.855482939749,-395.0,-75.0,69.0,0.0,0.0
p4-refinement-confirmation-round-broad-p4-0180-682bdf09a2cddb7b,4,broad,broad_joint,confirmation,deterministic,coverage,assumption__radius_min__noise_deterministic__scale_300,broad_or_stress_assumption,True,True,current,True,0,-854.9366210000007,-854.9366210000007,8.066100210641837,10599.132154,9744.195533,-2164.683100724491,-79,16,48.0,-1,-432.93662014489837,-395.0,-75.0,48.0,0.0,0.0
p4-refinement-confirmation-round-broad-p4-0181-51a27eea73e80009,4,broad,broad_joint,confirmation,correlated,combined_cover,assumption__radius_min__noise_correlated__scale_300,broad_or_stress_assumption,True,True,current,True,0,-2393.7702929999996,-2393.7702929999996,22.545352796820655,10617.577443,8223.80715,-9758.851460569917,-68,-14,-42.0,1,-1951.7702921139835,-340.0,-60.0,-42.0,0.0,357.8786970000001
p4-refinement-confirmation-round-broad-p4-0181-51a27eea73e80009,4,broad,broad_joint,confirmation,correlated,coverage,assumption__radius_min__noise_correlated__scale_300,broad_or_stress_assumption,True,True,current,True,0,-2221.4425740000006,-2221.4425740000006,20.922311006684133,10617.577443,8396.134869,-9132.212864019428,-68,2,6.0,1,-1826.442572803886,-340.0,-61.0,6.0,0.0,357.8786969999992
p4-refinement-confirmation-round-broad-p4-0182-2937849c3dc533c4,4,broad,broad_joint,confirmation,extreme,combined_cover,assumption__radius_min__noise_extreme__scale_300,broad_or_stress_assumption,True,True,current,True,0,-2465.746112,-2465.746112,23.674744900472092,10415.090521,7949.344409,-11508.730575692578,-20,-18,-54.0,4,-2301.746115138516,-100.0,-10.0,-54.0,0.0,941.0212760000004
p4-refinement-confirmation-round-broad-p4-0182-2937849c3dc533c4,4,broad,broad_joint,confirmation,extreme,coverage,assumption__radius_min__noise_extreme__scale_300,broad_or_stress_assumption,True,True,current,True,0,-2236.7907860000005,-2236.7907860000005,21.476441145566117,10415.090521,8178.299735,-10808.953954294975,-20,12,36.0,3,-2161.790790858995,-100.0,-11.0,36.0,0.0,940.7624899999992
p4-refinement-confirmation-round-broad-p4-0183-ef819c83bb803003,4,broad,broad_joint,confirmation,deterministic,combined_cover,assumption__radius_max__noise_deterministic__scale_300,broad_or_stress_assumption,True,True,current,True,0,-4302.797984999999,-4302.797984999999,33.82353188376223,12721.314852,8418.516867,-16858.989922344386,-76,-161,-483.0,-3,-3371.797984468877,-380.0,-68.0,-483.0,0.0,0.0
p4-refinement-confirmation-round-broad-p4-0183-ef819c83bb803003,4,broad,broad_joint,confirmation,deterministic,coverage,assumption__radius_max__noise_deterministic__scale_300,broad_or_stress_assumption,True,True,current,True,0,-4192.946039,-4192.946039,32.960005217863156,12721.314852,8528.368813,-16534.730200062113,-76,-146,-438.0,-3,-3306.9460400124226,-380.0,-68.0,-438.0,0.0,0.0
p4-refinement-confirmation-round-broad-p4-0184-426debc340de20e5,4,broad,broad_joint,confirmation,correlated,combined_cover,assumption__radius_max__noise_correlated__scale_300,broad_or_stress_assumption,True,True,current,True,0,-1225.1158159999995,-1225.1158159999995,10.640639587245829,11513.554293,10288.438477,-4990.57907856955,-68,58,174.0,-4,-998.1158157139089,-340.0,-61.0,174.0,0.0,0.0
p4-refinement-confirmation-round-broad-p4-0184-426debc340de20e5,4,broad,broad_joint,confirmation,correlated,coverage,assumption__radius_max__noise_correlated__scale_300,broad_or_stress_assumption,True,True,current,True,0,-1230.8581189999986,-1230.8581189999986,10.690513873273126,11513.554293,10282.696174,-4769.290598997599,-68,41,123.0,-3,-953.858119799519,-340.0,-60.0,123.0,0.0,0.0
p4-refinement-confirmation-round-broad-p4-0185-db3fa12d114979a2,4,broad,broad_joint,confirmation,extreme,combined_cover,assumption__radius_max__noise_extreme__scale_300,broad_or_stress_assumption,True,True,current,True,0,-1268.0760129999999,-1268.0760129999999,13.124828614490566,9661.657689,8393.581676,-5380.380071373926,-30,-6,-18.0,3,-1076.0760142747858,-150.0,-24.0,-18.0,0.0,-3268.7020780000003
p4-refinement-confirmation-round-broad-p4-0185-db3fa12d114979a2,4,broad,broad_joint,confirmation,extreme,coverage,assumption__radius_max__noise_extreme__scale_300,broad_or_stress_assumption,True,True,current,True,0,-1086.514561,-1086.514561,11.245632954239515,9661.657689,8575.143128,-4742.5728214796545,-30,12,36.0,3,-948.5145642959315,-150.0,-24.0,36.0,0.0,-3268.6173710000003
p4-refinement-confirmation-round-broad-p4-0186-74ff8ab1d35236b2,4,broad,broad_joint,confirmation,deterministic,combined_cover,assumption__radius_mixed__noise_deterministic__scale_300,broad_or_stress_assumption,True,True,current,True,0,-1396.2050639999998,-1396.2050639999998,13.38369685506747,10432.133058,9035.927994,-4191.025315362494,-73,-42,-126.0,-2,-838.2050630724989,-365.0,-67.0,-126.0,0.0,-1074.841155
p4-refinement-confirmation-round-broad-p4-0186-74ff8ab1d35236b2,4,broad,broad_joint,confirmation,deterministic,coverage,assumption__radius_mixed__noise_deterministic__scale_300,broad_or_stress_assumption,True,True,current,True,0,-1229.4802229999987,-1229.4802229999987,11.785511325099115,10432.133058,9202.652835,-3612.4011086147366,-73,-25,-75.0,-2,-722.4802217229471,-365.0,-67.0,-75.0,0.0,-1074.841155
p4-refinement-confirmation-round-broad-p4-0187-b9f072a00f9be11e,4,broad,broad_joint,confirmation,correlated,combined_cover,assumption__radius_mixed__noise_correlated__scale_300,broad_or_stress_assumption,True,True,current,True,0,-2287.2425490000005,-2287.2425490000005,20.664693163925946,11068.359597,8781.117048,-10741.21274708496,-3,-42,-126.0,2,-2148.242549416992,-15.0,2.0,-126.0,0.0,0.0
p4-refinement-confirmation-round-broad-p4-0187-b9f072a00f9be11e,4,broad,broad_joint,confirmation,correlated,coverage,assumption__radius_mixed__noise_correlated__scale_300,broad_or_stress_assumption,True,True,current,True,0,-2264.706578000001,-2264.706578000001,20.461086018689105,11068.359597,8803.653019,-10703.532875460245,-3,-37,-111.0,2,-2140.706575092049,-15.0,2.0,-111.0,0.0,0.0
p4-refinement-confirmation-round-broad-p4-0188-c0ed5b079d53aefe,4,broad,broad_joint,confirmation,extreme,combined_cover,assumption__radius_mixed__noise_extreme__scale_300,broad_or_stress_assumption,True,True,current,True,0,-2183.290698999999,-2183.290698999999,20.19100521685712,10813.18476,8629.894061,-9811.453492117558,-44,11,33.0,1,-1962.2906984235115,-220.0,-34.0,33.0,0.0,340.4243350000015
p4-refinement-confirmation-round-broad-p4-0188-c0ed5b079d53aefe,4,broad,broad_joint,confirmation,extreme,coverage,assumption__radius_mixed__noise_extreme__scale_300,broad_or_stress_assumption,True,True,current,True,0,-2153.912048,-2153.912048,19.919312356223905,10813.18476,8659.272712,-9649.560255030752,-44,10,30.0,1,-1929.9120510061503,-220.0,-34.0,30.0,0.0,337.65773400000035
p4-refinement-confirmation-round-broad-p4-0189-cf7b1b8fd8aba400,4,broad,broad_joint,confirmation,deterministic,combined_cover,assumption__radius_min__noise_deterministic__scale_75,broad_or_stress_assumption,True,True,current,True,0,-192.5584859999999,-192.5584859999999,2.0666558098124135,9317.395044,9124.836558,-842.7924336267824,-24,38,114.0,-2,-168.5584867253565,-120.0,-18.0,114.0,0.0,-1698.5581090000005
p4-refinement-confirmation-round-broad-p4-0189-cf7b1b8fd8aba400,4,broad,broad_joint,confirmation,deterministic,coverage,assumption__radius_min__noise_deterministic__scale_75,broad_or_stress_assumption,True,True,current,True,0,-491.1774000000005,-491.1774000000005,5.271617202882231,9317.395044,8826.217644,-1780.8870237517112,-24,1,3.0,-1,-356.17740475034225,-120.0,-18.0,3.0,0.0,-1698.5581090000005
p4-refinement-confirmation-round-broad-p4-0190-7ba73afd21cc6c7b,4,broad,broad_joint,confirmation,correlated,combined_cover,assumption__radius_min__noise_correlated__scale_75,broad_or_stress_assumption,True,True,current,True,0,-2528.1412060000002,-2528.1412060000002,21.613970754626443,11696.792018,9168.650812,-10650.706023624232,-36,-63,-189.0,4,-2130.141204724847,-180.0,-29.0,-189.0,0.0,0.0
p4-refinement-confirmation-round-broad-p4-0190-7ba73afd21cc6c7b,4,broad,broad_joint,confirmation,correlated,coverage,assumption__radius_min__noise_correlated__scale_75,broad_or_stress_assumption,True,True,current,True,0,-2386.3524290000005,-2386.3524290000005,20.40176849624822,11696.792018,9310.439589,-10211.762133257726,-36,-45,-135.0,4,-2042.352426651545,-180.0,-29.0,-135.0,0.0,0.0
p4-refinement-confirmation-round-broad-p4-0191-a83deaaee311e7b4,4,broad,broad_joint,confirmation,extreme,combined_cover,assumption__radius_min__noise_extreme__scale_75,broad_or_stress_assumption,True,True,current,True,0,-1595.7311450000016,-1595.7311450000016,16.052704976799827,9940.574796,8344.843651,-5673.655710344254,-61,-34,-102.0,-1,-1134.7311420688502,-305.0,-54.0,-102.0,0.0,0.0
p4-refinement-confirmation-round-broad-p4-0191-a83deaaee311e7b4,4,broad,broad_joint,confirmation,extreme,coverage,assumption__radius_min__noise_extreme__scale_75,broad_or_stress_assumption,True,True,current,True,0,-1581.6324130000012,-1581.6324130000012,15.910874828248724,9940.574796,8358.942383,-5633.1620503980885,-61,-32,-96.0,-1,-1126.6324100796173,-305.0,-54.0,-96.0,0.0,0.0
p4-refinement-confirmation-round-broad-p4-0192-cb76f24f40291f50,4,broad,broad_joint,confirmation,deterministic,combined_cover,assumption__radius_max__noise_deterministic__scale_75,broad_or_stress_assumption,True,True,current,True,0,741.6670359999989,741.6670359999989,-9.898916961702891,7492.405875,8234.072911,5103.335186892495,-21,-50,-150.0,-1,1020.6670373784991,-105.0,-24.0,-150.0,0.0,0.0
p4-refinement-confirmation-round-broad-p4-0192-cb76f24f40291f50,4,broad,broad_joint,confirmation,deterministic,coverage,assumption__radius_max__noise_deterministic__scale_75,broad_or_stress_assumption,True,True,current,True,0,864.0110759999989,864.0110759999989,-11.531824228622677,7492.405875,8356.416951,5505.055385031817,-21,-36,-108.0,-1,1101.011077006363,-105.0,-24.0,-108.0,0.0,0.0
p4-refinement-confirmation-round-broad-p4-0193-69b90fe6cc3bce41,4,broad,broad_joint,confirmation,correlated,combined_cover,assumption__radius_max__noise_correlated__scale_75,broad_or_stress_assumption,True,True,current,True,0,-2730.5549100000007,-2730.5549100000007,23.850271276631794,11448.737326,8718.182416,-10457.774574101786,-83,-50,-150.0,1,-2091.554914820357,-415.0,-74.0,-150.0,0.0,1452.3033499999992
p4-refinement-confirmation-round-broad-p4-0193-69b90fe6cc3bce41,4,broad,broad_joint,confirmation,correlated,coverage,assumption__radius_max__noise_correlated__scale_75,broad_or_stress_assumption,True,True,current,True,0,-2283.5590740000007,-2283.5590740000007,19.945946954465054,11448.737326,9165.178252,-8957.795374233785,-83,-1,-3.0,1,-1791.5590748467566,-415.0,-74.0,-3.0,0.0,1452.3033500000001
p4-refinement-confirmation-round-broad-p4-0194-bf87de86e9eec1bc,4,broad,broad_joint,confirmation,extreme,combined_cover,assumption__radius_max__noise_extreme__scale_75,broad_or_stress_assumption,True,True,current,True,0,-1518.939124999999,-1518.939124999999,15.033104677948119,10103.961607,8585.022482,-5989.695608889218,-38,-33,-99.0,-1,-1197.939121777843,-190.0,-32.0,-99.0,0.0,-1552.8253689999992
p4-refinement-confirmation-round-broad-p4-0194-bf87de86e9eec1bc,4,broad,broad_joint,confirmation,extreme,coverage,assumption__radius_max__noise_extreme__scale_75,broad_or_stress_assumption,True,True,current,True,0,-1574.3231539999997,-1574.3231539999997,15.581246398534535,10103.961607,8529.638453,-6131.615759926237,-38,-42,-126.0,-1,-1226.323151985247,-190.0,-32.0,-126.0,0.0,-1552.8253690000001
p4-refinement-confirmation-round-broad-p4-0195-703abf88a4c55881,4,broad,broad_joint,confirmation,deterministic,combined_cover,assumption__radius_mixed__noise_deterministic__scale_75,broad_or_stress_assumption,True,True,current,True,0,-1582.354378,-1582.354378,14.524282747946266,10894.544023,9312.189645,-6946.771893922858,-65,64,192.0,1,-1389.354378784572,-325.0,-60.0,192.0,0.0,0.0
p4-refinement-confirmation-round-broad-p4-0195-703abf88a4c55881,4,broad,broad_joint,confirmation,deterministic,coverage,assumption__radius_mixed__noise_deterministic__scale_75,broad_or_stress_assumption,True,True,current,True,0,-1246.2926430000007,-1246.2926430000007,11.439603533373143,10894.544023,9648.25138,-5836.463228313929,-65,102,306.0,1,-1167.2926456627856,-325.0,-60.0,306.0,0.0,0.0
p4-refinement-confirmation-round-broad-p4-0196-84343ca2f863513f,4,broad,broad_joint,confirmation,correlated,combined_cover,assumption__radius_mixed__noise_correlated__scale_75,broad_or_stress_assumption,True,True,current,True,0,-2047.676372,-2047.676372,18.442914779870332,11102.780642,9055.10427,-9313.381858369728,-36,8,24.0,-2,-1862.676371673946,-180.0,-29.0,24.0,0.0,0.0
p4-refinement-confirmation-round-broad-p4-0196-84343ca2f863513f,4,broad,broad_joint,confirmation,correlated,coverage,assumption__radius_mixed__noise_correlated__scale_75,broad_or_stress_assumption,True,True,current,True,0,-1678.7594630000003,-1678.7594630000003,15.120171397870624,11102.780642,9424.021179,-7948.797310090435,-36,40,120.0,-2,-1589.759462018087,-180.0,-29.0,120.0,0.0,0.0
p4-refinement-confirmation-round-broad-p4-0197-28b421771f991e62,4,broad,broad_joint,confirmation,extreme,combined_cover,assumption__radius_mixed__noise_extreme__scale_75,broad_or_stress_assumption,True,True,current,True,0,-3106.4905229999986,-3106.4905229999986,23.195913028672365,13392.404598,10285.914075,-12427.452602505015,2,-212,-636.0,-3,-2485.490520501002,10.0,5.0,-636.0,0.0,0.0
p4-refinement-confirmation-round-broad-p4-0197-28b421771f991e62,4,broad,broad_joint,confirmation,extreme,coverage,assumption__radius_mixed__noise_extreme__scale_75,broad_or_stress_assumption,True,True,current,True,0,-2962.7996079999994,-2962.7996079999994,22.12298460907057,13392.404598,10429.60499,-11678.998007643728,2,-214,-642.0,-3,-2335.7996015287445,10.0,5.0,-642.0,0.0,0.0
p4-refinement-confirmation-round-broad-p4-0198-f04cf864e123ee2b,4,broad,broad_joint,confirmation,deterministic,combined_cover,assumption__radius_min__noise_deterministic__scale_150,broad_or_stress_assumption,True,True,current,True,0,-254.95265699999982,-254.95265699999982,2.482706766222898,10269.140942,10014.188285,-924.7632907056613,-12,-1,-3.0,2,-184.9526581411319,-60.0,-7.0,-3.0,0.0,0.0
p4-refinement-confirmation-round-broad-p4-0198-f04cf864e123ee2b,4,broad,broad_joint,confirmation,deterministic,coverage,assumption__radius_min__noise_deterministic__scale_150,broad_or_stress_assumption,True,True,current,True,0,-451.53215099999943,-451.53215099999943,4.396980755744305,10269.140942,9817.608791,-1397.6607575652379,-12,-35,-105.0,2,-279.5321515130472,-60.0,-7.0,-105.0,0.0,0.0
p4-refinement-confirmation-round-broad-p4-0199-3af691da191d5350,4,broad,broad_joint,confirmation,correlated,combined_cover,assumption__radius_min__noise_correlated__scale_150,broad_or_stress_assumption,True,True,current,True,0,-1617.7595820000006,-1617.7595820000006,16.625236912449083,9730.746037,8112.986455,-6713.79790599347,-29,-35,-105.0,-2,-1342.759581198694,-145.0,-25.0,-105.0,0.0,-487.87809800000105
p4-refinement-confirmation-round-broad-p4-0199-3af691da191d5350,4,broad,broad_joint,confirmation,correlated,coverage,assumption__radius_min__noise_correlated__scale_150,broad_or_stress_assumption,True,True,current,True,0,-1558.9285130000007,-1558.9285130000007,16.02064741051057,9730.746037,8171.817524,-6569.642542963815,-29,-25,-75.0,-2,-1313.9285085927631,-145.0,-25.0,-75.0,0.0,-491.3818280000014
p4-refinement-confirmation-round-broad-p4-0200-fad709d1f1e33d10,4,broad,broad_joint,confirmation,extreme,combined_cover,assumption__radius_min__noise_extreme__scale_150,broad_or_stress_assumption,True,True,current,True,0,-1436.171969,-1436.171969,19.242080594063676,7463.704156,6027.532187,-6015.859848928503,-23,-34,-102.0,-4,-1203.1719697857006,-115.0,-16.0,-102.0,0.0,0.0
p4-refinement-confirmation-round-broad-p4-0200-fad709d1f1e33d10,4,broad,broad_joint,confirmation,extreme,coverage,assumption__radius_min__noise_extreme__scale_150,broad_or_stress_assumption,True,True,current,True,0,-1104.3596909999997,-1104.3596909999997,14.79640226779642,7463.704156,6359.344465,-4866.798454066298,-23,0,0.0,-4,-973.3596908132595,-115.0,-16.0,0.0,0.0,0.0
p4-refinement-confirmation-round-broad-p4-0201-55e5f18b999201e0,4,broad,broad_joint,confirmation,deterministic,combined_cover,assumption__radius_max__noise_deterministic__scale_150,broad_or_stress_assumption,True,True,current,True,0,-1626.6858969999994,-1626.6858969999994,14.14211429978431,11502.42363,9875.737733,-8103.42948877177,-11,18,54.0,1,-1620.6858977543543,-55.0,-5.0,54.0,0.0,0.0
p4-refinement-confirmation-round-broad-p4-0201-55e5f18b999201e0,4,broad,broad_joint,confirmation,deterministic,coverage,assumption__radius_max__noise_deterministic__scale_150,broad_or_stress_assumption,True,True,current,True,0,-1809.4272119999987,-1809.4272119999987,15.73083438937815,11502.42363,9692.996418,-8612.136050904905,-11,-9,-27.0,1,-1722.427210180982,-55.0,-5.0,-27.0,0.0,0.0
p4-refinement-confirmation-round-broad-p4-0202-5d04b03707c1da5e,4,broad,broad_joint,confirmation,correlated,combined_cover,assumption__radius_max__noise_correlated__scale_150,broad_or_stress_assumption,True,True,current,True,0,-1085.6131700000005,-1085.6131700000005,10.321214541267992,10518.269586,9432.656416,-4258.0658289562125,-44,8,24.0,2,-851.613165791242,-220.0,-38.0,24.0,0.0,-1517.3187550000002
p4-refinement-confirmation-round-broad-p4-0202-5d04b03707c1da5e,4,broad,broad_joint,confirmation,correlated,coverage,assumption__radius_max__noise_correlated__scale_150,broad_or_stress_assumption,True,True,current,True,0,-1087.8420569999998,-1087.8420569999998,10.342405165655162,10518.269586,9430.427529,-4284.210282371241,-44,9,27.0,2,-856.8420564742473,-220.0,-38.0,27.0,0.0,-1517.3187550000002
p4-refinement-confirmation-round-broad-p4-0203-0d9572cb94d3482a,4,broad,broad_joint,confirmation,extreme,combined_cover,assumption__radius_max__noise_extreme__scale_150,broad_or_stress_assumption,True,True,current,True,0,-2744.255228,-2744.255228,24.990345792717953,10981.261527,8237.006299,-11331.276122746298,-68,-26,-78.0,-1,-2266.2552245492598,-340.0,-60.0,-78.0,0.0,572.4780790000004
p4-refinement-confirmation-round-broad-p4-0203-0d9572cb94d3482a,4,broad,broad_joint,confirmation,extreme,coverage,assumption__radius_max__noise_extreme__scale_150,broad_or_stress_assumption,True,True,current,True,0,-2436.7163180000007,-2436.7163180000007,22.189766740449297,10981.261527,8544.545209,-10318.581584685002,-68,9,27.0,-1,-2063.7163169370006,-340.0,-60.0,27.0,0.0,572.4780789999995
p4-refinement-confirmation-round-broad-p4-0204-3a599dbd4ed24cb0,4,broad,broad_joint,confirmation,deterministic,combined_cover,assumption__radius_mixed__noise_deterministic__scale_150,broad_or_stress_assumption,True,True,current,True,0,-762.9515309999988,-762.9515309999988,6.808011371336235,11206.672395,10443.720864,-3419.7576841620757,-11,-6,-18.0,2,-683.9515368324155,-55.0,-6.0,-18.0,0.0,0.0
p4-refinement-confirmation-round-broad-p4-0204-3a599dbd4ed24cb0,4,broad,broad_joint,confirmation,deterministic,coverage,assumption__radius_mixed__noise_deterministic__scale_150,broad_or_stress_assumption,True,True,current,True,0,-836.9794979999988,-836.9794979999988,7.468581827853092,11206.672395,10369.692897,-3669.8975082974284,-11,-14,-42.0,2,-733.9795016594853,-55.0,-6.0,-42.0,0.0,0.0
p4-refinement-confirmation-round-broad-p4-0205-a4c8a1934545cc31,4,broad,broad_joint,confirmation,correlated,combined_cover,assumption__radius_mixed__noise_correlated__scale_150,broad_or_stress_assumption,True,True,current,True,0,-1541.8154419999992,-1541.8154419999992,15.02220441383176,10263.5765,8721.761058,-6644.077206952861,-71,70,210.0,2,-1328.8154413905722,-355.0,-68.0,210.0,0.0,0.0
p4-refinement-confirmation-round-broad-p4-0205-a4c8a1934545cc31,4,broad,broad_joint,confirmation,correlated,coverage,assumption__radius_mixed__noise_correlated__scale_150,broad_or_stress_assumption,True,True,current,True,0,-1568.2004149999993,-1568.2004149999993,15.279278280821499,10263.5765,8695.376085,-6716.002065721099,-71,66,198.0,2,-1343.20041314422,-355.0,-68.0,198.0,0.0,0.0
p4-refinement-confirmation-round-broad-p4-0206-b5e54dac9ae50fed,4,broad,broad_joint,confirmation,extreme,combined_cover,assumption__radius_mixed__noise_extreme__scale_150,broad_or_stress_assumption,True,True,current,True,0,-2242.7028840000003,-2242.7028840000003,18.687932419707597,12000.807974,9758.10509,-9838.514456994846,-78,63,189.0,3,-1967.7028913989689,-390.0,-74.0,189.0,0.0,1113.935691999999
p4-refinement-confirmation-round-broad-p4-0206-b5e54dac9ae50fed,4,broad,broad_joint,confirmation,extreme,coverage,assumption__radius_mixed__noise_extreme__scale_150,broad_or_stress_assumption,True,True,current,True,0,-2192.509451,-2192.509451,18.269681972664817,12000.807974,9808.298523,-9302.54727824682,-78,44,132.0,3,-1860.5094556493632,-390.0,-74.0,132.0,0.0,1110.500709
p4-refinement-confirmation-round-broad-p4-0207-019a8ab724680cb8,4,broad,broad_joint,confirmation,deterministic,combined_cover,assumption__radius_min__noise_deterministic__scale_300,broad_or_stress_assumption,True,True,current,True,0,-1458.7339570000004,-1458.7339570000004,13.29565875656945,10971.50569,9512.771733,-6603.669792263543,-27,6,18.0,-4,-1320.733958452709,-135.0,-21.0,18.0,0.0,0.0
p4-refinement-confirmation-round-broad-p4-0207-019a8ab724680cb8,4,broad,broad_joint,confirmation,deterministic,coverage,assumption__radius_min__noise_deterministic__scale_300,broad_or_stress_assumption,True,True,current,True,0,-1883.0164359999999,-1883.0164359999999,17.162789586084603,10971.50569,9088.489254,-7810.08219145047,-27,-55,-165.0,-4,-1562.0164382900948,-135.0,-21.0,-165.0,0.0,0.0
p4-refinement-confirmation-round-broad-p4-0208-2110e9000803e69e,4,broad,broad_joint,confirmation,correlated,combined_cover,assumption__radius_min__noise_correlated__scale_300,broad_or_stress_assumption,True,True,current,True,0,-120.71510299999863,-120.71510299999863,1.137816615820012,10609.363699,10488.648596,-1243.5755348538005,-65,170,510.0,5,-248.71510697075973,-325.0,-57.0,510.0,0.0,0.0
p4-refinement-confirmation-round-broad-p4-0208-2110e9000803e69e,4,broad,broad_joint,confirmation,correlated,coverage,assumption__radius_min__noise_correlated__scale_300,broad_or_stress_assumption,True,True,current,True,0,-627.9758970000003,-627.9758970000003,5.919072197130832,10609.363699,9981.387802,-2804.8795000790633,-65,105,315.0,5,-560.9759000158128,-325.0,-57.0,315.0,0.0,0.0
p4-refinement-confirmation-round-broad-p4-0209-0ac450138b49e2de,4,broad,broad_joint,confirmation,extreme,combined_cover,assumption__radius_min__noise_extreme__scale_300,broad_or_stress_assumption,True,True,current,True,0,-1302.4378369999995,-1302.4378369999995,12.296589555464884,10591.86233,9289.424493,-3627.1891999473155,-88,-18,-54.0,-4,-725.4378399894631,-440.0,-83.0,-54.0,0.0,0.0
p4-refinement-confirmation-round-broad-p4-0209-0ac450138b49e2de,4,broad,broad_joint,confirmation,extreme,coverage,assumption__radius_min__noise_extreme__scale_300,broad_or_stress_assumption,True,True,current,True,0,-874.5918689999999,-874.5918689999999,8.257205784509095,10591.86233,9717.270461,-2072.959364513452,-88,21,63.0,-4,-414.59187290268983,-440.0,-83.0,63.0,0.0,0.0
p4-refinement-confirmation-round-broad-p4-0210-79bdd1f0b865f7ad,4,broad,broad_joint,confirmation,deterministic,combined_cover,assumption__radius_max__noise_deterministic__scale_300,broad_or_stress_assumption,True,True,current,True,0,-2019.8124639999987,-2019.8124639999987,18.638090842644317,10837.013732,8817.201268,-9404.062308513676,-44,39,117.0,2,-1880.8124617027343,-220.0,-36.0,117.0,0.0,1003.9904020000004
p4-refinement-confirmation-round-broad-p4-0210-79bdd1f0b865f7ad,4,broad,broad_joint,confirmation,deterministic,coverage,assumption__radius_max__noise_deterministic__scale_300,broad_or_stress_assumption,True,True,current,True,0,-1991.1797559999995,-1991.1797559999995,18.37387868320549,10837.013732,8845.833976,-9245.89877031291,-44,38,114.0,2,-1849.1797540625812,-220.0,-36.0,114.0,0.0,1004.8703690000002
p4-refinement-confirmation-round-broad-p4-0211-91f67b79ce0ee327,4,broad,broad_joint,confirmation,correlated,combined_cover,assumption__radius_max__noise_correlated__scale_300,broad_or_stress_assumption,True,True,current,True,0,-2100.50172,-2100.50172,19.844226252389817,10584.951478,8484.449758,-8792.508591687852,-51,-15,-45.0,2,-1758.5017183375712,-255.0,-42.0,-45.0,0.0,961.6815150000002
p4-refinement-confirmation-round-broad-p4-0211-91f67b79ce0ee327,4,broad,broad_joint,confirmation,correlated,coverage,assumption__radius_max__noise_correlated__scale_300,broad_or_stress_assumption,True,True,current,True,0,-1993.5891490000013,-1993.5891490000013,18.834183162232925,10584.951478,8591.362329,-8392.94573551642,-51,-6,-18.0,2,-1678.5891471032846,-255.0,-42.0,-18.0,0.0,962.5689829999992
p4-refinement-confirmation-round-broad-p4-0212-74c3c4c4ebd6330b,4,broad,broad_joint,confirmation,extreme,combined_cover,assumption__radius_max__noise_extreme__scale_300,broad_or_stress_assumption,True,True,current,True,0,-14.56681700000081,-14.56681700000081,0.1651516371157975,8820.268,8805.701183,512.1659020743609,-51,62,186.0,1,102.43318041487146,-255.0,-48.0,186.0,0.0,0.0
p4-refinement-confirmation-round-broad-p4-0212-74c3c4c4ebd6330b,4,broad,broad_joint,confirmation,extreme,coverage,assumption__radius_max__noise_extreme__scale_300,broad_or_stress_assumption,True,True,current,True,0,88.52976800000033,88.52976800000033,-1.0037083680450563,8820.268,8908.797768,907.6488476429004,-51,70,210.0,1,181.5297695285799,-255.0,-48.0,210.0,0.0,0.0
p4-refinement-confirmation-round-broad-p4-0213-41773546911200aa,4,broad,broad_joint,confirmation,deterministic,combined_cover,assumption__radius_mixed__noise_deterministic__scale_300,broad_or_stress_assumption,True,True,current,True,0,-2057.468656000001,-2057.468656000001,18.768441662552984,10962.384054,8904.915398,-8022.343295981933,-61,-31,-93.0,-1,-1604.4686591963864,-305.0,-55.0,-93.0,0.0,0.0
p4-refinement-confirmation-round-broad-p4-0213-41773546911200aa,4,broad,broad_joint,confirmation,deterministic,coverage,assumption__radius_mixed__noise_deterministic__scale_300,broad_or_stress_assumption,True,True,current,True,0,-1343.2237139999997,-1343.2237139999997,12.253025504154625,10962.384054,9619.16034,-5591.118580887101,-61,45,135.0,-1,-1118.22371617742,-305.0,-55.0,135.0,0.0,0.0
p4-refinement-confirmation-round-broad-p4-0214-97143057715cfcd3,4,broad,broad_joint,confirmation,correlated,combined_cover,assumption__radius_mixed__noise_correlated__scale_300,broad_or_stress_assumption,True,True,current,True,0,-407.7572059999984,-407.7572059999984,4.059049845552971,10045.631897,9637.874691,-753.7860255549458,-63,38,114.0,-3,-150.75720511098916,-315.0,-56.0,114.0,0.0,0.0
p4-refinement-confirmation-round-broad-p4-0214-97143057715cfcd3,4,broad,broad_joint,confirmation,correlated,coverage,assumption__radius_mixed__noise_correlated__scale_300,broad_or_stress_assumption,True,True,current,True,0,474.1367030000001,474.1367030000001,-4.719829552400731,10045.631897,10519.7686,2395.683514242497,-63,122,366.0,-3,479.1367028484992,-315.0,-56.0,366.0,0.0,0.0
p4-refinement-confirmation-round-broad-p4-0215-bbee84a6df58af84,4,broad,broad_joint,confirmation,extreme,combined_cover,assumption__radius_mixed__noise_extreme__scale_300,broad_or_stress_assumption,True,True,current,True,0,1347.8155159999988,1347.8155159999988,-15.373198616858183,8767.306984,10115.1225,6059.077573483562,36,-26,-78.0,1,1211.815514696712,180.0,34.0,-78.0,0.0,0.0
p4-refinement-confirmation-round-broad-p4-0215-bbee84a6df58af84,4,broad,broad_joint,confirmation,extreme,coverage,assumption__radius_mixed__noise_extreme__scale_300,broad_or_stress_assumption,True,True,current,True,0,1835.0287129999997,1835.0287129999997,-20.930357706749138,8767.306984,10602.335697,7700.143569318316,36,27,81.0,1,1540.0287138636622,180.0,34.0,81.0,0.0,0.0
p4-refinement-confirmation-round-broad-p4-0216-398b4b6366fce93d,4,broad,broad_joint,confirmation,deterministic,combined_cover,assumption__radius_min__noise_deterministic__scale_75,broad_or_stress_assumption,True,True,current,True,0,-264.1249079999998,-264.1249079999998,2.2397022575676875,11792.858051,11528.733143,-3155.624533025257,-25,170,510.0,4,-631.1249066050514,-125.0,-18.0,510.0,0.0,0.0
p4-refinement-confirmation-round-broad-p4-0216-398b4b6366fce93d,4,broad,broad_joint,confirmation,deterministic,coverage,assumption__radius_min__noise_deterministic__scale_75,broad_or_stress_assumption,True,True,current,True,0,-723.4767779999984,-723.4767779999984,6.134872266512609,11792.858051,11069.381273,-4432.38388778091,-25,102,306.0,4,-886.4767775561832,-125.0,-18.0,306.0,0.0,0.0
p4-refinement-confirmation-round-broad-p4-0217-223e60e15ce4e724,4,broad,broad_joint,confirmation,correlated,combined_cover,assumption__radius_min__noise_correlated__scale_75,broad_or_stress_assumption,True,True,current,True,0,-1676.0470139999998,-1676.0470139999998,16.067415890011453,10431.341452,8755.294438,-6580.235056829246,-52,-18,-54.0,2,-1316.0470113658484,-260.0,-46.0,-54.0,0.0,0.0
p4-refinement-confirmation-round-broad-p4-0217-223e60e15ce4e724,4,broad,broad_joint,confirmation,correlated,coverage,assumption__radius_min__noise_correlated__scale_75,broad_or_stress_assumption,True,True,current,True,0,-1512.4021760000014,-1512.4021760000014,14.498635510680447,10431.341452,8918.939276,-6107.010864025251,-52,5,15.0,2,-1221.4021728050502,-260.0,-46.0,15.0,0.0,0.0
p4-refinement-confirmation-round-broad-p4-0218-f66be4f795fd2a91,4,broad,broad_joint,confirmation,extreme,combined_cover,assumption__radius_min__noise_extreme__scale_75,broad_or_stress_assumption,True,True,current,True,0,-1669.727343999999,-1669.727343999999,16.58869379533764,10065.454005,8395.726661,-7613.636711927546,0,-51,-153.0,-1,-1522.7273423855095,0.0,6.0,-153.0,0.0,0.0
p4-refinement-confirmation-round-broad-p4-0218-f66be4f795fd2a91,4,broad,broad_joint,confirmation,extreme,coverage,assumption__radius_min__noise_extreme__scale_75,broad_or_stress_assumption,True,True,current,True,0,-1332.1253219999999,-1332.1253219999999,13.234627283958265,10065.454005,8733.328683,-6480.626598877592,0,-14,-42.0,-1,-1296.1253197755195,0.0,6.0,-42.0,0.0,0.0
p4-refinement-confirmation-round-broad-p4-0219-91f5351b53d8bc96,4,broad,broad_joint,confirmation,deterministic,combined_cover,assumption__radius_max__noise_deterministic__scale_75,broad_or_stress_assumption,True,True,current,True,0,-2240.781064999999,-2240.781064999999,20.0272084724781,11188.683975,8947.90291,-9833.905332873554,-52,10,30.0,-2,-1966.781066574711,-260.0,-44.0,30.0,0.0,1237.0239450000008
p4-refinement-confirmation-round-broad-p4-0219-91f5351b53d8bc96,4,broad,broad_joint,confirmation,deterministic,coverage,assumption__radius_max__noise_deterministic__scale_75,broad_or_stress_assumption,True,True,current,True,0,-1680.4745359999997,-1680.4745359999997,15.019411932224136,11188.683975,9508.209439,-7377.372689248827,-52,34,102.0,-2,-1475.4745378497664,-260.0,-47.0,102.0,0.0,3344.8618640000004
p4-refinement-confirmation-round-broad-p4-0220-ad839b4bd95932a0,4,broad,broad_joint,confirmation,correlated,combined_cover,assumption__radius_max__noise_correlated__scale_75,broad_or_stress_assumption,True,True,current,True,0,-1327.4296880000002,-1327.4296880000002,13.293667692044062,9985.428542,8657.998854,-6022.148426473199,-15,-14,-42.0,0,-1204.4296852946409,-75.0,-6.0,-42.0,0.0,-2441.1909450000003
p4-refinement-confirmation-round-broad-p4-0220-ad839b4bd95932a0,4,broad,broad_joint,confirmation,correlated,coverage,assumption__radius_max__noise_correlated__scale_75,broad_or_stress_assumption,True,True,current,True,0,-1056.3523370000003,-1056.3523370000003,10.578938425695464,9985.428542,8929.076205,-5056.761684609279,-15,12,36.0,0,-1011.3523369218565,-75.0,-6.0,36.0,0.0,-2440.26916
p4-refinement-confirmation-round-broad-p4-0221-5d8e987a15df5aa1,4,broad,broad_joint,confirmation,extreme,combined_cover,assumption__radius_max__noise_extreme__scale_75,broad_or_stress_assumption,True,True,current,True,0,-2019.2803299999996,-2019.2803299999996,15.879400172827433,12716.351424,10697.071094,-9561.40164336258,-8,-22,-66.0,-1,-1912.2803286725175,-40.0,-1.0,-66.0,0.0,0.0
p4-refinement-confirmation-round-broad-p4-0221-5d8e987a15df5aa1,4,broad,broad_joint,confirmation,extreme,coverage,assumption__radius_max__noise_extreme__scale_75,broad_or_stress_assumption,True,True,current,True,0,-769.4747220000008,-769.4747220000008,6.051065249327296,12716.351424,11946.876702,-5217.373617127036,-8,105,315.0,-1,-1043.4747234254082,-40.0,-1.0,315.0,0.0,0.0
p4-refinement-confirmation-round-broad-p4-0222-aceeb649a94b0b4e,4,broad,broad_joint,confirmation,deterministic,combined_cover,assumption__radius_mixed__noise_deterministic__scale_75,broad_or_stress_assumption,True,True,current,True,0,-787.5611470000003,-787.5611470000003,7.410142142697508,10628.151685,9840.590538,-3497.805735518552,-54,77,231.0,-4,-699.5611471037109,-270.0,-49.0,231.0,0.0,0.0
p4-refinement-confirmation-round-broad-p4-0222-aceeb649a94b0b4e,4,broad,broad_joint,confirmation,deterministic,coverage,assumption__radius_mixed__noise_deterministic__scale_75,broad_or_stress_assumption,True,True,current,True,0,-564.9227940000001,-564.9227940000001,5.315343728084928,10628.151685,10063.228891,-2639.6139563540273,-54,94,282.0,-4,-527.9227912708056,-270.0,-49.0,282.0,0.0,0.0
p4-refinement-confirmation-round-broad-p4-0223-8215b4d71ca8ae75,4,broad,broad_joint,confirmation,correlated,combined_cover,assumption__radius_mixed__noise_correlated__scale_75,broad_or_stress_assumption,True,True,current,True,0,-1856.811443999999,-1856.811443999999,17.957643722127557,10339.950345,8483.138901,-7839.057218596383,-42,-14,-42.0,1,-1567.8114437192762,-210.0,-37.0,-42.0,0.0,-2519.8262699999996
p4-refinement-confirmation-round-broad-p4-0223-8215b4d71ca8ae75,4,broad,broad_joint,confirmation,correlated,coverage,assumption__radius_mixed__noise_correlated__scale_75,broad_or_stress_assumption,True,True,current,True,0,-1857.862541999999,-1857.862541999999,17.967809128777777,10339.950345,8482.087803,-7889.3127267604905,-42,-11,-33.0,1,-1577.862545352098,-210.0,-37.0,-33.0,0.0,-2519.8262699999996
p4-refinement-confirmation-round-broad-p4-0224-467df44669342392,4,broad,broad_joint,confirmation,extreme,combined_cover,assumption__radius_mixed__noise_extreme__scale_75,broad_or_stress_assumption,True,True,current,True,0,-1563.806184000001,-1563.806184000001,15.173269754154871,10306.322957,8742.516773,-7204.030918841963,-20,-3,-9.0,3,-1440.8061837683917,-100.0,-14.0,-9.0,0.0,0.0
p4-refinement-confirmation-round-broad-p4-0224-467df44669342392,4,broad,broad_joint,confirmation,extreme,coverage,assumption__radius_mixed__noise_extreme__scale_75,broad_or_stress_assumption,True,True,current,True,0,-1467.6640070000012,-1467.6640070000012,14.240423215179488,10306.322957,8838.65895,-6888.3200341714255,-20,8,24.0,3,-1377.664006834284,-100.0,-14.0,24.0,0.0,0.0
p4-refinement-confirmation-round-broad-p4-0225-57c0ef691c699cf0,4,broad,broad_joint,confirmation,deterministic,combined_cover,assumption__radius_min__noise_deterministic__scale_150,broad_or_stress_assumption,True,True,current,True,0,-1995.3487060000007,-1995.3487060000007,18.800810593938717,10613.099345,8617.750639,-8871.743565047014,-68,59,177.0,0,-1774.3487130094036,-340.0,-58.0,177.0,0.0,826.4137639999999
p4-refinement-confirmation-round-broad-p4-0225-57c0ef691c699cf0,4,broad,broad_joint,confirmation,deterministic,coverage,assumption__radius_min__noise_deterministic__scale_150,broad_or_stress_assumption,True,True,current,True,0,-1360.8340680000001,-1360.8340680000001,12.822211719342008,10613.099345,9252.265277,-6599.170364291778,-68,119,357.0,0,-1319.8340728583562,-340.0,-58.0,357.0,0.0,823.8122359999998
p4-refinement-confirmation-round-broad-p4-0226-5393cfd586dba23a,4,broad,broad_joint,confirmation,correlated,combined_cover,assumption__radius_min__noise_correlated__scale_150,broad_or_stress_assumption,True,True,current,True,0,-1177.624772000001,-1177.624772000001,12.123918306746265,9713.235789,8535.611017,-4878.123885510904,-48,27,81.0,1,-975.6247771021808,-240.0,-43.0,81.0,0.0,-2986.2619520000007
p4-refinement-confirmation-round-broad-p4-0226-5393cfd586dba23a,4,broad,broad_joint,confirmation,correlated,coverage,assumption__radius_min__noise_correlated__scale_150,broad_or_stress_assumption,True,True,current,True,0,-1213.8202490000003,-1213.8202490000003,12.496559080493256,9713.235789,8499.41554,-4864.101264211222,-48,14,42.0,0,-972.8202528422444,-240.0,-43.0,42.0,0.0,-2984.8027360000015
p4-refinement-confirmation-round-broad-p4-0227-9286fa884d46d34f,4,broad,broad_joint,confirmation,extreme,combined_cover,assumption__radius_min__noise_extreme__scale_150,broad_or_stress_assumption,True,True,current,True,0,-1804.316049,-1804.316049,18.29959179881624,9859.870476,8055.554427,-8291.580237701935,-5,-40,-120.0,-1,-1658.3160475403865,-25.0,-1.0,-120.0,0.0,-868.0912150000004
p4-refinement-confirmation-round-broad-p4-0227-9286fa884d46d34f,4,broad,broad_joint,confirmation,extreme,coverage,assumption__radius_min__noise_extreme__scale_150,broad_or_stress_assumption,True,True,current,True,0,-1733.3649349999996,-1733.3649349999996,17.579997011311647,9859.870476,8126.505541,-8041.824676707172,-5,-33,-99.0,1,-1608.364935341434,-25.0,-1.0,-99.0,0.0,-873.2870619999994
p4-refinement-confirmation-round-broad-p4-0228-a9ac7a7d28ebabce,4,broad,broad_joint,confirmation,deterministic,combined_cover,assumption__radius_max__noise_deterministic__scale_150,broad_or_stress_assumption,True,True,current,True,0,-349.1281259999996,-349.1281259999996,3.498017460785373,9980.742804,9631.614678,-800.6406299577939,-72,79,237.0,1,-160.1281259915586,-360.0,-66.0,237.0,0.0,-3238.9093619999994
p4-refinement-confirmation-round-broad-p4-0228-a9ac7a7d28ebabce,4,broad,broad_joint,confirmation,deterministic,coverage,assumption__radius_max__noise_deterministic__scale_150,broad_or_stress_assumption,True,True,current,True,0,-325.9507199999989,-325.9507199999989,3.2657962077668916,9980.742804,9654.792084,-549.7535912613457,-72,70,210.0,1,-109.95071825226842,-360.0,-66.0,210.0,0.0,-3238.9093619999994
p4-refinement-confirmation-round-broad-p4-0229-2daa1ca66ca0a3d6,4,broad,broad_joint,confirmation,correlated,combined_cover,assumption__radius_max__noise_correlated__scale_150,broad_or_stress_assumption,True,True,current,True,0,-1665.8537930000002,-1665.8537930000002,15.709594492569282,10604.053426,8938.199633,-6404.268954825828,-65,0,0.0,1,-1280.853790965166,-325.0,-60.0,0.0,0.0,1272.5092350000004
p4-refinement-confirmation-round-broad-p4-0229-2daa1ca66ca0a3d6,4,broad,broad_joint,confirmation,correlated,coverage,assumption__radius_max__noise_correlated__scale_150,broad_or_stress_assumption,True,True,current,True,0,-1667.6922320000012,-1667.6922320000012,15.726931627022918,10604.053426,8936.361194,-6383.461143392247,-65,-2,-6.0,1,-1276.6922286784493,-325.0,-60.0,-6.0,0.0,1275.4345609999991
p4-refinement-confirmation-round-broad-p4-0230-3f3a93d5bac7dbbe,4,broad,broad_joint,confirmation,extreme,combined_cover,assumption__radius_max__noise_extreme__scale_150,broad_or_stress_assumption,True,True,current,True,0,-723.6625980000008,-723.6625980000008,7.09755601392925,10195.940639,9472.278041,-3503.312992231011,-49,88,264.0,2,-700.6625984462016,-245.0,-42.0,264.0,0.0,-3441.7641160000003
p4-refinement-confirmation-round-broad-p4-0230-3f3a93d5bac7dbbe,4,broad,broad_joint,confirmation,extreme,coverage,assumption__radius_max__noise_extreme__scale_150,broad_or_stress_assumption,True,True,current,True,0,185.71136099999967,185.71136099999967,-1.8214245019203437,10195.940639,10381.652,38.55679782676452,-49,155,465.0,2,7.711359565353632,-245.0,-42.0,465.0,0.0,-3441.7641160000003
p4-refinement-confirmation-round-broad-p4-0231-aadc42f3855e9ec7,4,broad,broad_joint,confirmation,deterministic,combined_cover,assumption__radius_mixed__noise_deterministic__scale_150,broad_or_stress_assumption,True,True,current,True,0,-1267.516877,-1267.516877,12.743073641574098,9946.712329,8679.195452,-5202.584380679549,-36,-5,-15.0,0,-1040.5168761359091,-180.0,-32.0,-15.0,0.0,-1004.481726
p4-refinement-confirmation-round-broad-p4-0231-aadc42f3855e9ec7,4,broad,broad_joint,confirmation,deterministic,coverage,assumption__radius_mixed__noise_deterministic__scale_150,broad_or_stress_assumption,True,True,current,True,0,-556.3025259999995,-556.3025259999995,5.592828138580819,9946.712329,9390.409803,-2861.512610558493,-36,76,228.0,0,-572.3025221116986,-180.0,-32.0,228.0,0.0,-1004.481726
p4-refinement-confirmation-round-broad-p4-0232-90f47c063ab57670,4,broad,broad_joint,confirmation,correlated,combined_cover,assumption__radius_mixed__noise_correlated__scale_150,broad_or_stress_assumption,True,True,current,True,0,-967.110412,-967.110412,10.481192677351036,9227.102695,8259.992283,-3275.5520610433814,-50,-5,-15.0,1,-655.1104122086763,-250.0,-47.0,-15.0,0.0,-769.724851
p4-refinement-confirmation-round-broad-p4-0232-90f47c063ab57670,4,broad,broad_joint,confirmation,correlated,coverage,assumption__radius_mixed__noise_correlated__scale_150,broad_or_stress_assumption,True,True,current,True,0,-944.9566309999991,-944.9566309999991,10.241098015653973,9227.102695,8282.146064,-3289.783151171443,-50,3,9.0,-1,-657.9566302342882,-250.0,-46.0,9.0,0.0,-767.5893429999996
p4-refinement-confirmation-round-broad-p4-0233-3bd1851c0449c420,4,broad,broad_joint,confirmation,extreme,combined_cover,assumption__radius_mixed__noise_extreme__scale_150,broad_or_stress_assumption,True,True,current,True,0,-140.38681300000098,-140.38681300000098,1.6781917378232578,8365.361945,8224.975132,-906.9340636608686,5,3,9.0,1,-181.3868127321739,25.0,7.0,9.0,0.0,0.0
p4-refinement-confirmation-round-broad-p4-0233-3bd1851c0449c420,4,broad,broad_joint,confirmation,extreme,coverage,assumption__radius_mixed__noise_extreme__scale_150,broad_or_stress_assumption,True,True,current,True,0,397.54800499999874,397.54800499999874,-4.752310869676288,8365.361945,8762.90995,942.7400264944226,5,59,177.0,1,188.54800529888416,25.0,7.0,177.0,0.0,0.0
p4-refinement-confirmation-round-broad-p4-0234-542a0e67a7454a4c,4,broad,broad_joint,confirmation,deterministic,combined_cover,assumption__radius_min__noise_deterministic__scale_300,broad_or_stress_assumption,True,True,current,True,0,-1677.2174780000005,-1677.2174780000005,15.947545597434763,10517.088462,8839.870984,-6951.0874032100255,-61,25,75.0,2,-1390.2174806420053,-305.0,-57.0,75.0,0.0,970.6948619999994
p4-refinement-confirmation-round-broad-p4-0234-542a0e67a7454a4c,4,broad,broad_joint,confirmation,deterministic,coverage,assumption__radius_min__noise_deterministic__scale_300,broad_or_stress_assumption,True,True,current,True,0,-1753.5647790000003,-1753.5647790000003,16.673481309355942,10517.088462,8763.523683,-7107.8239168614455,-61,10,30.0,2,-1421.5647833722887,-305.0,-57.0,30.0,0.0,965.6335609999996
p4-refinement-confirmation-round-broad-p4-0235-be2be06b3733c573,4,broad,broad_joint,confirmation,correlated,combined_cover,assumption__radius_min__noise_correlated__scale_300,broad_or_stress_assumption,True,True,current,True,0,-2266.4940449999995,-2266.4940449999995,23.738174039249863,9547.88705,7281.393005,-10077.470204582405,-60,34,102.0,4,-2015.494040916481,-300.0,-53.0,102.0,0.0,0.0
p4-refinement-confirmation-round-broad-p4-0235-be2be06b3733c573,4,broad,broad_joint,confirmation,correlated,coverage,assumption__radius_min__noise_correlated__scale_300,broad_or_stress_assumption,True,True,current,True,0,-1366.8528389999992,-1366.8528389999992,14.315762553977839,9547.88705,8181.034211,-6899.264183425446,-60,122,366.0,4,-1379.8528366850896,-300.0,-53.0,366.0,0.0,0.0
p4-refinement-confirmation-round-broad-p4-0236-3e281069832b0321,4,broad,broad_joint,confirmation,extreme,combined_cover,assumption__radius_min__noise_extreme__scale_300,broad_or_stress_assumption,True,True,current,True,0,-1728.2476040000001,-1728.2476040000001,16.499901083134883,10474.290696,8746.043092,-7001.237998156001,-47,-17,-51.0,3,-1400.2475996312005,-235.0,-42.0,-51.0,0.0,0.0
p4-refinement-confirmation-round-broad-p4-0236-3e281069832b0321,4,broad,broad_joint,confirmation,extreme,coverage,assumption__radius_min__noise_extreme__scale_300,broad_or_stress_assumption,True,True,current,True,0,-2035.2177279999996,-2035.2177279999996,19.430601909656982,10474.290696,8439.072968,-7876.088627027042,-47,-61,-183.0,3,-1575.2177254054095,-235.0,-42.0,-183.0,0.0,0.0
p4-refinement-confirmation-round-broad-p4-0237-d788120a5b2f4b7b,4,broad,broad_joint,confirmation,deterministic,combined_cover,assumption__radius_max__noise_deterministic__scale_300,broad_or_stress_assumption,True,True,current,True,0,-2799.8202280000005,-2799.8202280000005,23.02207733823238,12161.457834,9361.637606,-9639.101143558997,-73,-145,-435.0,1,-1927.8202287117992,-365.0,-72.0,-435.0,0.0,-1211.3604920000016
p4-refinement-confirmation-round-broad-p4-0237-d788120a5b2f4b7b,4,broad,broad_joint,confirmation,deterministic,coverage,assumption__radius_max__noise_deterministic__scale_300,broad_or_stress_assumption,True,True,current,True,0,-1879.8645560000004,-1879.8645560000004,15.457559296422755,12161.457834,10281.593278,-6584.322786556069,-73,-42,-126.0,1,-1316.8645573112135,-365.0,-72.0,-126.0,0.0,-1211.3604920000016
p4-refinement-confirmation-round-broad-p4-0238-44a1a65b13754650,4,broad,broad_joint,confirmation,correlated,combined_cover,assumption__radius_max__noise_correlated__scale_300,broad_or_stress_assumption,True,True,current,True,0,-721.1625100000001,-721.1625100000001,6.905713243070839,10442.983724,9721.821214,-4020.8125630407667,-44,113,339.0,-2,-804.1625126081526,-220.0,-36.0,339.0,0.0,-2470.216009999999
p4-refinement-confirmation-round-broad-p4-0238-44a1a65b13754650,4,broad,broad_joint,confirmation,correlated,coverage,assumption__radius_max__noise_correlated__scale_300,broad_or_stress_assumption,True,True,current,True,0,-1263.963248,-1263.963248,12.103468523992502,10442.983724,9179.020476,-5744.816262942004,-44,47,141.0,-2,-1148.9632525884008,-220.0,-36.0,141.0,0.0,-2470.216009999999
p4-refinement-confirmation-round-broad-p4-0239-7f15dd4ab5b99af0,4,broad,broad_joint,confirmation,extreme,combined_cover,assumption__radius_max__noise_extreme__scale_300,broad_or_stress_assumption,True,True,current,True,0,-933.8343509999995,-933.8343509999995,8.414411346987325,11098.035412,10164.201061,-3954.1717486093985,-40,31,93.0,1,-790.8343497218802,-200.0,-36.0,93.0,0.0,0.0
p4-refinement-confirmation-round-broad-p4-0239-7f15dd4ab5b99af0,4,broad,broad_joint,confirmation,extreme,coverage,assumption__radius_max__noise_extreme__scale_300,broad_or_stress_assumption,True,True,current,True,0,-1213.393865,-1213.393865,10.933411364753717,11098.035412,9884.641547,-4796.969314164489,-40,-6,-18.0,1,-959.3938628328988,-200.0,-36.0,-18.0,0.0,0.0
p4-refinement-confirmation-round-broad-p4-0240-5ba58b7c932f1171,4,broad,broad_joint,confirmation,deterministic,combined_cover,assumption__radius_mixed__noise_deterministic__scale_300,broad_or_stress_assumption,True,True,current,True,0,-763.8870400000014,-763.8870400000014,6.941728924390232,11004.276432,10240.389392,-2359.435202874374,-66,34,102.0,2,-471.88704057487485,-330.0,-64.0,102.0,0.0,0.0
p4-refinement-confirmation-round-broad-p4-0240-5ba58b7c932f1171,4,broad,broad_joint,confirmation,deterministic,coverage,assumption__radius_mixed__noise_deterministic__scale_300,broad_or_stress_assumption,True,True,current,True,0,390.6252939999995,390.6252939999995,-3.5497590088165776,11004.276432,11394.901726,1718.1264655815758,-66,147,441.0,2,343.62529311631533,-330.0,-64.0,441.0,0.0,0.0
p4-refinement-confirmation-round-broad-p4-0241-4f4bb7b06998f6a3,4,broad,broad_joint,confirmation,correlated,combined_cover,assumption__radius_mixed__noise_correlated__scale_300,broad_or_stress_assumption,True,True,current,True,0,-1986.3762019999995,-1986.3762019999995,18.373207150063728,10811.265479,8824.889277,-9501.88100892961,-9,-13,-39.0,-3,-1900.3762017859226,-45.0,-2.0,-39.0,0.0,0.0
p4-refinement-confirmation-round-broad-p4-0241-4f4bb7b06998f6a3,4,broad,broad_joint,confirmation,correlated,coverage,assumption__radius_mixed__noise_correlated__scale_300,broad_or_stress_assumption,True,True,current,True,0,-2013.375161,-2013.375161,18.622937017972752,10811.265479,8797.890318,-9411.875816593492,-9,-28,-84.0,-3,-1882.3751633186994,-45.0,-2.0,-84.0,0.0,0.0
p4-refinement-confirmation-round-broad-p4-0242-7403d3370027bd68,4,broad,broad_joint,confirmation,extreme,combined_cover,assumption__radius_mixed__noise_extreme__scale_300,broad_or_stress_assumption,True,True,current,True,0,-505.25692400000116,-505.25692400000116,4.640552731222742,10887.860849,10382.603925,-1346.28461967146,-32,-16,-48.0,1,-269.256923934292,-160.0,-28.0,-48.0,0.0,0.0
p4-refinement-confirmation-round-broad-p4-0242-7403d3370027bd68,4,broad,broad_joint,confirmation,extreme,coverage,assumption__radius_mixed__noise_extreme__scale_300,broad_or_stress_assumption,True,True,current,True,0,872.9305439999989,872.9305439999989,-8.017466021162216,10887.860849,11760.791393,3399.6527198480253,-32,127,381.0,1,679.9305439696054,-160.0,-28.0,381.0,0.0,0.0
p4-refinement-confirmation-round-broad-p4-0243-c5ee58a9da0cc76e,4,broad,broad_joint,confirmation,deterministic,combined_cover,assumption__radius_min__noise_deterministic__scale_75,broad_or_stress_assumption,True,True,current,True,0,-1789.3648489999996,-1789.3648489999996,17.47822351127641,10237.681466,8448.316617,-7386.824267358599,-37,-32,-96.0,-1,-1477.3648534717195,-185.0,-31.0,-96.0,0.0,0.0
p4-refinement-confirmation-round-broad-p4-0243-c5ee58a9da0cc76e,4,broad,broad_joint,confirmation,deterministic,coverage,assumption__radius_min__noise_deterministic__scale_75,broad_or_stress_assumption,True,True,current,True,0,-1681.4924640000008,-1681.4924640000008,16.424543678022662,10237.681466,8556.189002,-7027.462353287803,-37,-20,-60.0,-1,-1405.4924706575603,-185.0,-31.0,-60.0,0.0,0.0
p4-refinement-confirmation-round-broad-p4-0244-a38f4e673fa2f3e1,4,broad,broad_joint,confirmation,correlated,combined_cover,assumption__radius_min__noise_correlated__scale_75,broad_or_stress_assumption,True,True,current,True,0,-1594.1655660000015,-1594.1655660000015,14.779027486210644,10786.674343,9192.508777,-6210.827827248635,-65,10,30.0,2,-1242.1655654497263,-325.0,-57.0,30.0,0.0,0.0
p4-refinement-confirmation-round-broad-p4-0244-a38f4e673fa2f3e1,4,broad,broad_joint,confirmation,correlated,coverage,assumption__radius_min__noise_correlated__scale_75,broad_or_stress_assumption,True,True,current,True,0,-1024.1801620000006,-1024.1801620000006,9.49486495496771,10786.674343,9762.494181,-4245.900820530333,-65,69,207.0,2,-849.1801641060665,-325.0,-57.0,207.0,0.0,0.0
p4-refinement-confirmation-round-broad-p4-0245-5f8ae266326cc3b8,4,broad,broad_joint,confirmation,extreme,combined_cover,assumption__radius_min__noise_extreme__scale_75,broad_or_stress_assumption,True,True,current,True,0,-1600.9801850000003,-1600.9801850000003,16.459093635928525,9727.025196,8126.045011,-7714.900943166758,-5,-11,-33.0,1,-1542.9801886333516,-25.0,0.0,-33.0,0.0,-183.2937549999997
p4-refinement-confirmation-round-broad-p4-0245-5f8ae266326cc3b8,4,broad,broad_joint,confirmation,extreme,coverage,assumption__radius_min__noise_extreme__scale_75,broad_or_stress_assumption,True,True,current,True,0,-1454.898169,-1454.898169,14.957277684428032,9727.025196,8272.127027,-7224.49085920013,-5,5,15.0,1,-1444.8981718400255,-25.0,0.0,15.0,0.0,-184.76923999999963
p4-refinement-confirmation-round-broad-p4-0246-2c0436fa3145fffc,4,broad,broad_joint,confirmation,deterministic,combined_cover,assumption__radius_max__noise_deterministic__scale_75,broad_or_stress_assumption,True,True,current,True,0,-1784.1845510000003,-1784.1845510000003,16.93812478905672,10533.542368,8749.357817,-7295.922766335745,-59,8,24.0,-1,-1459.1845532671487,-295.0,-54.0,24.0,0.0,-2147.6083930000004
p4-refinement-confirmation-round-broad-p4-0246-2c0436fa3145fffc,4,broad,broad_joint,confirmation,deterministic,coverage,assumption__radius_max__noise_deterministic__scale_75,broad_or_stress_assumption,True,True,current,True,0,-1592.6956900000005,-1592.6956900000005,15.120228640637299,10533.542368,8940.846678,-6578.47846162958,-59,24,72.0,-1,-1315.6956923259158,-295.0,-54.0,72.0,0.0,-2148.5965800000004
p4-refinement-confirmation-round-broad-p4-0247-482b44501f99d23a,4,broad,broad_joint,confirmation,correlated,combined_cover,assumption__radius_max__noise_correlated__scale_75,broad_or_stress_assumption,True,True,current,True,0,-460.8919160000005,-460.8919160000005,4.454593326733501,10346.442025,9885.550109,240.54041619617783,-82,-8,-24.0,-1,48.108083239235384,-410.0,-75.0,-24.0,0.0,-986.331623
p4-refinement-confirmation-round-broad-p4-0247-482b44501f99d23a,4,broad,broad_joint,confirmation,correlated,coverage,assumption__radius_max__noise_correlated__scale_75,broad_or_stress_assumption,True,True,current,True,0,-408.16198000000077,-408.16198000000077,3.9449501482129143,10346.442025,9938.280045,444.19010391278425,-82,-4,-12.0,-1,88.83802078255667,-410.0,-75.0,-12.0,0.0,-986.331623
p4-refinement-confirmation-round-broad-p4-0248-b476d2b20ca6550b,4,broad,broad_joint,confirmation,extreme,combined_cover,assumption__radius_max__noise_extreme__scale_75,broad_or_stress_assumption,True,True,current,True,0,-3404.3969510000006,-3404.3969510000006,25.295591520878716,13458.459543,10054.062592,-14046.98475605825,-52,-96,-288.0,2,-2809.396951211651,-260.0,-47.0,-288.0,0.0,0.0
p4-refinement-confirmation-round-broad-p4-0248-b476d2b20ca6550b,4,broad,broad_joint,confirmation,extreme,coverage,assumption__radius_max__noise_extreme__scale_75,broad_or_stress_assumption,True,True,current,True,0,-3134.6672390000003,-3134.6672390000003,23.291426696975883,13458.459543,10323.792304,-12788.33620921598,-52,-90,-270.0,2,-2557.667241843197,-260.0,-47.0,-270.0,0.0,0.0
p4-refinement-confirmation-round-broad-p4-0249-7d7e401471cb9a50,4,broad,broad_joint,confirmation,deterministic,combined_cover,assumption__radius_mixed__noise_deterministic__scale_75,broad_or_stress_assumption,True,True,current,True,0,-1689.6763140000003,-1689.6763140000003,17.02940211846124,9922.111782,8232.435468,-7003.381573912615,-47,-4,-12.0,-1,-1400.6763147825231,-235.0,-42.0,-12.0,0.0,-313.0397929999999
p4-refinement-confirmation-round-broad-p4-0249-7d7e401471cb9a50,4,broad,broad_joint,confirmation,deterministic,coverage,assumption__radius_mixed__noise_deterministic__scale_75,broad_or_stress_assumption,True,True,current,True,0,-1522.4440240000004,-1522.4440240000004,15.343951544286282,9922.111782,8399.667758,-6452.2201271267695,-47,15,45.0,-1,-1290.444025425354,-235.0,-42.0,45.0,0.0,-309.33167200000025
p4-refinement-confirmation-round-broad-p4-0250-951831d1c7249878,4,broad,broad_joint,confirmation,correlated,combined_cover,assumption__radius_mixed__noise_correlated__scale_75,broad_or_stress_assumption,True,True,current,True,0,-93.31494500000008,-93.31494500000008,1.042885490208365,8947.765203,8854.450258,-261.5747434681907,3,-21,-63.0,2,-52.314948693638144,15.0,7.0,-63.0,0.0,0.0
p4-refinement-confirmation-round-broad-p4-0250-951831d1c7249878,4,broad,broad_joint,confirmation,correlated,coverage,assumption__radius_mixed__noise_correlated__scale_75,broad_or_stress_assumption,True,True,current,True,0,-53.09184800000003,-53.09184800000003,0.5933531646784767,8947.765203,8894.673355,-360.45924372977606,3,-1,-3.0,2,-72.09184874595485,15.0,7.0,-3.0,0.0,0.0
p4-refinement-confirmation-round-broad-p4-0251-435092602b027021,4,broad,broad_joint,confirmation,extreme,combined_cover,assumption__radius_mixed__noise_extreme__scale_75,broad_or_stress_assumption,True,True,current,True,0,193.27335500000117,193.27335500000117,-1.9700743637219116,9810.459877,10003.733232,-348.6332465028245,-7,99,297.0,2,-69.72664930056453,-35.0,1.0,297.0,0.0,-3577.793223999999
p4-refinement-confirmation-round-broad-p4-0251-435092602b027021,4,broad,broad_joint,confirmation,extreme,coverage,assumption__radius_mixed__noise_extreme__scale_75,broad_or_stress_assumption,True,True,current,True,0,778.3616510000011,778.3616510000011,-7.933997598061845,9810.459877,10588.821528,1676.8082513671689,-7,159,477.0,2,335.36165027343395,-35.0,1.0,477.0,0.0,-3577.793223999999
p4-refinement-confirmation-round-broad-p4-0252-8b4568dcf212c4c6,4,broad,broad_joint,confirmation,deterministic,combined_cover,assumption__radius_min__noise_deterministic__scale_150,broad_or_stress_assumption,True,True,current,True,0,-1508.4656639999994,-1508.4656639999994,13.957811478558982,10807.322239,9298.856575,-5937.328296893458,-39,-30,-90.0,3,-1187.4656593786913,-195.0,-36.0,-90.0,0.0,0.0
p4-refinement-confirmation-round-broad-p4-0252-8b4568dcf212c4c6,4,broad,broad_joint,confirmation,deterministic,coverage,assumption__radius_min__noise_deterministic__scale_150,broad_or_stress_assumption,True,True,current,True,0,-1420.6990449999994,-1420.6990449999994,13.145708192850709,10807.322239,9386.623194,-5678.495193105533,-39,-18,-54.0,3,-1135.6990386211064,-195.0,-36.0,-54.0,0.0,0.0
p4-refinement-confirmation-round-broad-p4-0253-876ae65e62e2f239,4,broad,broad_joint,confirmation,correlated,combined_cover,assumption__radius_min__noise_correlated__scale_150,broad_or_stress_assumption,True,True,current,True,0,-1408.3601399999989,-1408.3601399999989,14.465207881320698,9736.190116,8327.829976,-4231.800680078915,-74,-43,-129.0,0,-846.3601360157836,-370.0,-63.0,-129.0,0.0,-2871.1443419999996
p4-refinement-confirmation-round-broad-p4-0253-876ae65e62e2f239,4,broad,broad_joint,confirmation,correlated,coverage,assumption__radius_min__noise_correlated__scale_150,broad_or_stress_assumption,True,True,current,True,0,-1331.0857489999999,-1331.0857489999999,13.671525854990811,9736.190116,8405.104367,-4010.4287307876148,-74,-32,-96.0,0,-802.0857461575233,-370.0,-63.0,-96.0,0.0,-2871.1443419999996
p4-refinement-confirmation-round-broad-p4-0254-6c65d5a97914d407,4,broad,broad_joint,confirmation,extreme,combined_cover,assumption__radius_min__noise_extreme__scale_150,broad_or_stress_assumption,True,True,current,True,0,-2498.517269,-2498.517269,21.97872771366916,11367.88854,8869.371271,-9232.586356353517,-65,-90,-270.0,1,-1846.5172712707035,-325.0,-57.0,-270.0,0.0,0.0
p4-refinement-confirmation-round-broad-p4-0254-6c65d5a97914d407,4,broad,broad_joint,confirmation,extreme,coverage,assumption__radius_min__noise_extreme__scale_150,broad_or_stress_assumption,True,True,current,True,0,-2382.293882,-2382.293882,20.956344475207178,11367.88854,8985.594658,-8816.469416021559,-65,-79,-237.0,1,-1763.293883204312,-325.0,-57.0,-237.0,0.0,0.0
p4-refinement-confirmation-round-broad-p4-0255-627a29ee1d3a9fbd,4,broad,broad_joint,confirmation,deterministic,combined_cover,assumption__radius_max__noise_deterministic__scale_150,broad_or_stress_assumption,True,True,current,True,0,-664.9605970000011,-664.9605970000011,6.332310358763166,10501.074005,9836.113408,-4309.802996280443,-19,101,303.0,0,-861.9605992560882,-95.0,-11.0,303.0,0.0,-3037.525944
p4-refinement-confirmation-round-broad-p4-0255-627a29ee1d3a9fbd,4,broad,broad_joint,confirmation,deterministic,coverage,assumption__radius_max__noise_deterministic__scale_150,broad_or_stress_assumption,True,True,current,True,0,-1321.9471470000008,-1321.9471470000008,12.588685179921276,10501.074005,9179.126858,-6244.735733344831,-19,11,33.0,0,-1248.9471466689656,-95.0,-11.0,33.0,0.0,-3037.525944
p4-refinement-confirmation-round-broad-p4-0256-71e47f69cd50590f,4,broad,broad_joint,confirmation,correlated,combined_cover,assumption__radius_max__noise_correlated__scale_150,broad_or_stress_assumption,True,True,current,True,0,-3242.6856559999997,-3242.6856559999997,24.562232629698695,13201.91737,9959.231714,-12543.42828514122,-12,-222,-666.0,-2,-2508.6856570282453,-60.0,-8.0,-666.0,0.0,0.0
p4-refinement-confirmation-round-broad-p4-0256-71e47f69cd50590f,4,broad,broad_joint,confirmation,correlated,coverage,assumption__radius_max__noise_correlated__scale_150,broad_or_stress_assumption,True,True,current,True,0,-3143.5891379999994,-3143.5891379999994,23.81161046457905,13201.91737,10058.328232,-12227.945713583591,-12,-210,-630.0,-2,-2445.589142716719,-60.0,-8.0,-630.0,0.0,0.0
p4-refinement-confirmation-round-broad-p4-0257-8dae8b4492c967c8,4,broad,broad_joint,confirmation,extreme,combined_cover,assumption__radius_max__noise_extreme__scale_150,broad_or_stress_assumption,True,True,current,True,0,-3329.705903,-3329.705903,26.963096813359158,12349.122677,9019.416774,-14523.529519416647,-29,-87,-261.0,-2,-2904.7059038833304,-145.0,-19.0,-261.0,0.0,0.0
p4-refinement-confirmation-round-broad-p4-0257-8dae8b4492c967c8,4,broad,broad_joint,confirmation,extreme,coverage,assumption__radius_max__noise_extreme__scale_150,broad_or_stress_assumption,True,True,current,True,0,-3308.5650719999994,-3308.5650719999994,26.79190383428725,12349.122677,9040.557605,-14402.825338659306,-29,-88,-264.0,-2,-2880.5650677318617,-145.0,-19.0,-264.0,0.0,0.0
p4-refinement-confirmation-round-broad-p4-0258-f060425724cd570f,4,broad,broad_joint,confirmation,deterministic,combined_cover,assumption__radius_mixed__noise_deterministic__scale_150,broad_or_stress_assumption,True,True,current,True,0,-1383.1856370000005,-1383.1856370000005,13.099899403083393,10558.750067,9175.56443,-5855.928176863752,-43,14,42.0,0,-1171.1856353727499,-215.0,-39.0,42.0,0.0,-62.200880999999754
p4-refinement-confirmation-round-broad-p4-0258-f060425724cd570f,4,broad,broad_joint,confirmation,deterministic,coverage,assumption__radius_mixed__noise_deterministic__scale_150,broad_or_stress_assumption,True,True,current,True,0,-713.3739740000001,-713.3739740000001,6.756235060715735,10558.750067,9845.376093,-3671.8698489077724,-43,92,276.0,0,-734.3739697815545,-215.0,-40.0,276.0,0.0,-65.89334000000053
p4-refinement-confirmation-round-broad-p4-0259-a9d59395a27082ab,4,broad,broad_joint,confirmation,correlated,combined_cover,assumption__radius_mixed__noise_correlated__scale_150,broad_or_stress_assumption,True,True,current,True,0,-1528.6008309999997,-1528.6008309999997,13.905454752247481,10992.81439,9464.213559,-6723.004154951865,-61,59,177.0,0,-1344.6008309903737,-305.0,-56.0,177.0,0.0,901.3767520000001
p4-refinement-confirmation-round-broad-p4-0259-a9d59395a27082ab,4,broad,broad_joint,confirmation,correlated,coverage,assumption__radius_mixed__noise_correlated__scale_150,broad_or_stress_assumption,True,True,current,True,0,-2089.944696999999,-2089.944696999999,19.011916537963113,10992.81439,8902.869693,-8494.723498862812,-61,-10,-30.0,0,-1698.9446997725627,-305.0,-56.0,-30.0,0.0,899.3960500000003
p4-refinement-confirmation-round-broad-p4-0260-b1e4e30b7b4ff840,4,broad,broad_joint,confirmation,extreme,combined_cover,assumption__radius_mixed__noise_extreme__scale_150,broad_or_stress_assumption,True,True,current,True,0,-1214.806643,-1214.806643,10.770359369105867,11279.165359,10064.358716,-5724.033207136657,-32,39,117.0,-3,-1144.8066414273308,-160.0,-27.0,117.0,0.0,0.0
p4-refinement-confirmation-round-broad-p4-0260-b1e4e30b7b4ff840,4,broad,broad_joint,confirmation,extreme,coverage,assumption__radius_mixed__noise_extreme__scale_150,broad_or_stress_assumption,True,True,current,True,0,-915.4733070000002,-915.4733070000002,8.116498675759862,11279.165359,10363.692052,-4512.366532292865,-32,58,174.0,-3,-902.4733064585726,-160.0,-27.0,174.0,0.0,0.0
p4-refinement-confirmation-round-broad-p4-0261-0bc6386d86373ddd,4,broad,broad_joint,confirmation,deterministic,combined_cover,assumption__radius_min__noise_deterministic__scale_300,broad_or_stress_assumption,True,True,current,True,0,-2301.4171399999996,-2301.4171399999996,19.113438952361154,12040.832347,9739.415207,-10152.085681234646,17,-127,-381.0,1,-2030.4171362469297,85.0,25.0,-381.0,0.0,0.0
p4-refinement-confirmation-round-broad-p4-0261-0bc6386d86373ddd,4,broad,broad_joint,confirmation,deterministic,coverage,assumption__radius_min__noise_deterministic__scale_300,broad_or_stress_assumption,True,True,current,True,0,-2506.841929,-2506.841929,20.81950696393996,12040.832347,9533.990418,-10744.209651075282,17,-156,-468.0,1,-2148.841930215056,85.0,25.0,-468.0,0.0,0.0
p4-refinement-confirmation-round-broad-p4-0262-4f56b9238fa5f1fa,4,broad,broad_joint,confirmation,correlated,combined_cover,assumption__radius_min__noise_correlated__scale_300,broad_or_stress_assumption,True,True,current,True,0,-1645.0760740000005,-1645.0760740000005,16.324381780573013,10077.417302,8432.341228,-5630.38036430088,-76,-23,-69.0,0,-1126.0760728601763,-380.0,-70.0,-69.0,0.0,-2269.4217080000008
p4-refinement-confirmation-round-broad-p4-0262-4f56b9238fa5f1fa,4,broad,broad_joint,confirmation,correlated,coverage,assumption__radius_min__noise_correlated__scale_300,broad_or_stress_assumption,True,True,current,True,0,-1601.5544800000007,-1601.5544800000007,15.892509280945927,10077.417302,8475.862822,-5502.772385464599,-76,-17,-51.0,0,-1100.55447709292,-380.0,-70.0,-51.0,0.0,-2267.9551580000007
p4-refinement-confirmation-round-broad-p4-0263-7d55d35a8617f734,4,broad,broad_joint,confirmation,extreme,combined_cover,assumption__radius_min__noise_extreme__scale_300,broad_or_stress_assumption,True,True,current,True,0,-1863.5526710000004,-1863.5526710000004,18.90245578485186,9858.786034,7995.233363,-7467.763353910956,-46,-34,-102.0,-2,-1493.552670782191,-230.0,-38.0,-102.0,0.0,-658.3228079999999
p4-refinement-confirmation-round-broad-p4-0263-7d55d35a8617f734,4,broad,broad_joint,confirmation,extreme,coverage,assumption__radius_min__noise_extreme__scale_300,broad_or_stress_assumption,True,True,current,True,0,-1723.1372310000006,-1723.1372310000006,17.478188745119493,9858.786034,8135.648803,-6975.686147852939,-46,-20,-60.0,-2,-1395.1372295705878,-230.0,-38.0,-60.0,0.0,-658.3228079999999
p4-refinement-confirmation-round-broad-p4-0264-5c70fa0f7baa98ef,4,broad,broad_joint,confirmation,deterministic,combined_cover,assumption__radius_max__noise_deterministic__scale_300,broad_or_stress_assumption,True,True,current,True,0,-2524.2119829999992,-2524.2119829999992,23.167256656469828,10895.601583,8371.3896,-11091.059917330273,-42,-20,-60.0,-2,-2218.2119834660534,-210.0,-36.0,-60.0,0.0,917.9450750000005
p4-refinement-confirmation-round-broad-p4-0264-5c70fa0f7baa98ef,4,broad,broad_joint,confirmation,deterministic,coverage,assumption__radius_max__noise_deterministic__scale_300,broad_or_stress_assumption,True,True,current,True,0,-2335.284726,-2335.284726,21.433279367003077,10895.601583,8560.316857,-10461.423633476246,-42,1,3.0,-2,-2092.2847266952485,-210.0,-36.0,3.0,0.0,920.027771
p4-refinement-confirmation-round-broad-p4-0265-db1c28e4d3124a2e,4,broad,broad_joint,confirmation,correlated,combined_cover,assumption__radius_max__noise_correlated__scale_300,broad_or_stress_assumption,True,True,current,True,0,-277.9283209999994,-277.9283209999994,2.531509388936825,10978.759242,10700.830921,-834.6416043649588,-70,101,303.0,1,-166.92832087299212,-350.0,-64.0,303.0,0.0,-1259.7398209999992
p4-refinement-confirmation-round-broad-p4-0265-db1c28e4d3124a2e,4,broad,broad_joint,confirmation,correlated,coverage,assumption__radius_max__noise_correlated__scale_300,broad_or_stress_assumption,True,True,current,True,0,657.0537760000007,657.0537760000007,-5.984772609698882,10978.759242,11635.813018,2580.268867635168,-70,185,555.0,1,516.0537735270336,-350.0,-64.0,555.0,0.0,-1259.7398209999992
p4-refinement-confirmation-round-broad-p4-0266-1b38f37662a3f1e8,4,broad,broad_joint,confirmation,extreme,combined_cover,assumption__radius_max__noise_extreme__scale_300,broad_or_stress_assumption,True,True,current,True,0,-1844.0078699999995,-1844.0078699999995,15.43462908042727,11947.21208,10103.20421,-7465.039345655641,-58,-3,-9.0,2,-1493.0078691311282,-290.0,-52.0,-9.0,0.0,-1167.3817249999993
p4-refinement-confirmation-round-broad-p4-0266-1b38f37662a3f1e8,4,broad,broad_joint,confirmation,extreme,coverage,assumption__radius_max__noise_extreme__scale_300,broad_or_stress_assumption,True,True,current,True,0,-1190.785453999999,-1190.785453999999,9.967057134554516,11947.21208,10756.426626,-5308.927263658836,-58,71,213.0,2,-1061.7854527317668,-290.0,-52.0,213.0,0.0,-1167.3817249999993
p4-refinement-confirmation-round-broad-p4-0267-6b678b9533e6a03a,4,broad,broad_joint,confirmation,deterministic,combined_cover,assumption__radius_mixed__noise_deterministic__scale_300,broad_or_stress_assumption,True,True,current,True,0,191.70731800000067,191.70731800000067,-1.952810926582253,9816.993309,10008.700627,2273.536601884596,-98,106,318.0,4,454.7073203769187,-490.0,-91.0,318.0,0.0,-1256.058696
p4-refinement-confirmation-round-broad-p4-0267-6b678b9533e6a03a,4,broad,broad_joint,confirmation,deterministic,coverage,assumption__radius_mixed__noise_deterministic__scale_300,broad_or_stress_assumption,True,True,current,True,0,-369.03327999999965,-369.03327999999965,3.7591273456576384,9816.993309,9447.960029,504.8335986256716,-98,37,111.0,4,100.96671972513377,-490.0,-91.0,111.0,0.0,-1256.058696
p4-refinement-confirmation-round-broad-p4-0268-1e07e6a8dfc630e6,4,broad,broad_joint,confirmation,correlated,combined_cover,assumption__radius_mixed__noise_correlated__scale_300,broad_or_stress_assumption,True,True,current,True,0,-2620.1240899999993,-2620.1240899999993,22.223020145415866,11790.135062,9170.010972,-10500.62045589272,-49,-77,-231.0,0,-2100.1240911785435,-245.0,-44.0,-231.0,0.0,-203.5441549999996
p4-refinement-confirmation-round-broad-p4-0268-1e07e6a8dfc630e6,4,broad,broad_joint,confirmation,correlated,coverage,assumption__radius_mixed__noise_correlated__scale_300,broad_or_stress_assumption,True,True,current,True,0,-2996.1320849999993,-2996.1320849999993,25.41219476489827,11790.135062,8794.002977,-11435.660433017285,-49,-140,-420.0,0,-2287.1320866034566,-245.0,-44.0,-420.0,0.0,-204.12006799999926
p4-refinement-confirmation-round-broad-p4-0269-86b0937dc8876573,4,broad,broad_joint,confirmation,extreme,combined_cover,assumption__radius_mixed__noise_extreme__scale_300,broad_or_stress_assumption,True,True,current,True,0,-2134.756396999999,-2134.756396999999,19.721412227415144,10824.561509,8689.805112,-8533.781953311329,-42,-61,-183.0,0,-1706.7563906622654,-210.0,-35.0,-183.0,0.0,-271.116520999999
p4-refinement-confirmation-round-broad-p4-0269-86b0937dc8876573,4,broad,broad_joint,confirmation,extreme,coverage,assumption__radius_mixed__noise_extreme__scale_300,broad_or_stress_assumption,True,True,current,True,0,-1708.3797609999983,-1708.3797609999983,15.782438481037582,10824.561509,9116.181748,-6956.898792733467,-42,-24,-72.0,0,-1391.3797585466928,-210.0,-35.0,-72.0,0.0,-267.08237299999746
p4-refinement-confirmation-round-broad-p4-0270-b72e334511954d9f,4,broad,broad_joint,confirmation,deterministic,combined_cover,assumption__radius_min__noise_deterministic__scale_75,broad_or_stress_assumption,True,True,current,True,0,-1388.5905089999997,-1388.5905089999997,14.114413919937421,9838.102502,8449.511993,-5267.952544497581,-42,-28,-84.0,-1,-1053.590508899516,-210.0,-41.0,-84.0,0.0,-3155.6193909999993
p4-refinement-confirmation-round-broad-p4-0270-b72e334511954d9f,4,broad,broad_joint,confirmation,deterministic,coverage,assumption__radius_min__noise_deterministic__scale_75,broad_or_stress_assumption,True,True,current,True,0,-1176.4474169999994,-1176.4474169999994,11.958072369756648,9838.102502,8661.655085,-4567.237074953973,-42,-4,-12.0,-1,-913.4474149907946,-210.0,-41.0,-12.0,0.0,-3155.6962639999992
p4-refinement-confirmation-round-broad-p4-0271-b69d7a7e8cd952ed,4,broad,broad_joint,confirmation,correlated,combined_cover,assumption__radius_min__noise_correlated__scale_75,broad_or_stress_assumption,True,True,current,True,0,-2172.421945,-2172.421945,21.102091951655176,10294.817926,8122.395981,-8907.109719369379,-53,-26,-78.0,-2,-1781.4219438738764,-265.0,-48.0,-78.0,0.0,-2115.0419570000004
p4-refinement-confirmation-round-broad-p4-0271-b69d7a7e8cd952ed,4,broad,broad_joint,confirmation,correlated,coverage,assumption__radius_min__noise_correlated__scale_75,broad_or_stress_assumption,True,True,current,True,0,-2061.6591129999997,-2061.6591129999997,20.026183346022975,10294.817926,8233.158813,-8673.29559193498,-53,-5,-15.0,-3,-1734.6591183869969,-265.0,-47.0,-15.0,0.0,-2416.4268839999995
p4-refinement-confirmation-round-broad-p4-0272-7fe7240b3f09db32,4,broad,broad_joint,confirmation,extreme,combined_cover,assumption__radius_min__noise_extreme__scale_75,broad_or_stress_assumption,True,True,current,True,0,-2054.790489000001,-2054.790489000001,17.868760076211906,11499.345675,9444.555186,-7983.952463531168,-45,-65,-195.0,-2,-1596.7904927062336,-225.0,-38.0,-195.0,0.0,0.0
p4-refinement-confirmation-round-broad-p4-0272-7fe7240b3f09db32,4,broad,broad_joint,confirmation,extreme,coverage,assumption__radius_min__noise_extreme__scale_75,broad_or_stress_assumption,True,True,current,True,0,-2300.836539,-2300.836539,20.00841268735927,11499.345675,9198.509136,-8749.182714217233,-45,-96,-288.0,-2,-1749.8365428434463,-225.0,-38.0,-288.0,0.0,0.0
p4-refinement-confirmation-round-broad-p4-0273-55c30e7f456f55b6,4,broad,broad_joint,confirmation,deterministic,combined_cover,assumption__radius_max__noise_deterministic__scale_75,broad_or_stress_assumption,True,True,current,True,0,-2128.474814000001,-2128.474814000001,19.45929721842735,10938.086767,8809.611953,-8472.3740694601,-23,-101,-303.0,1,-1694.4748138920195,-115.0,-16.0,-303.0,0.0,0.0
p4-refinement-confirmation-round-broad-p4-0273-55c30e7f456f55b6,4,broad,broad_joint,confirmation,deterministic,coverage,assumption__radius_max__noise_deterministic__scale_75,broad_or_stress_assumption,True,True,current,True,0,-2129.5018180000006,-2129.5018180000006,19.468686465577026,10938.086767,8808.584949,-8417.50909333548,-23,-105,-315.0,1,-1683.501818667095,-115.0,-16.0,-315.0,0.0,0.0
p4-refinement-confirmation-round-broad-p4-0274-3bcc4568d04b0667,4,broad,broad_joint,confirmation,correlated,combined_cover,assumption__radius_max__noise_correlated__scale_75,broad_or_stress_assumption,True,True,current,True,0,-2057.655723,-2057.655723,16.936848455331486,12148.988216,10091.332493,-8308.278608823071,-58,-17,-51.0,0,-1661.655721764615,-290.0,-55.0,-51.0,0.0,1354.0316050000001
p4-refinement-confirmation-round-broad-p4-0274-3bcc4568d04b0667,4,broad,broad_joint,confirmation,correlated,coverage,assumption__radius_max__noise_correlated__scale_75,broad_or_stress_assumption,True,True,current,True,0,-1955.4309159999993,-1955.4309159999993,16.095421949827326,12148.988216,10193.5573,-7827.154586327131,-58,-15,-45.0,0,-1565.4309172654266,-290.0,-55.0,-45.0,0.0,1353.3586080000005
p4-refinement-confirmation-round-broad-p4-0275-7b631de9e36e1c93,4,broad,broad_joint,confirmation,extreme,combined_cover,assumption__radius_max__noise_extreme__scale_75,broad_or_stress_assumption,True,True,current,True,0,-2227.0183560000005,-2227.0183560000005,18.492457769817925,12042.846785,9815.828429,-10730.091784689263,-33,37,111.0,1,-2146.0183569378523,-165.0,-27.0,111.0,0.0,0.0
p4-refinement-confirmation-round-broad-p4-0275-7b631de9e36e1c93,4,broad,broad_joint,confirmation,extreme,coverage,assumption__radius_max__noise_extreme__scale_75,broad_or_stress_assumption,True,True,current,True,0,-894.3664239999998,-894.3664239999998,7.426536598588801,12042.846785,11148.480361,-6211.8321288570805,-33,180,540.0,1,-1242.3664257714154,-165.0,-27.0,540.0,0.0,0.0
p4-refinement-confirmation-round-broad-p4-0276-ae5f80b2f2f1d95c,4,broad,broad_joint,confirmation,deterministic,combined_cover,assumption__radius_mixed__noise_deterministic__scale_75,broad_or_stress_assumption,True,True,current,True,0,-2613.9750539999995,-2613.9750539999995,24.274966920995286,10768.192033,8154.216979,-10059.875270479413,-72,-58,-174.0,-1,-2011.975054095883,-360.0,-68.0,-174.0,0.0,-259.59267999999975
p4-refinement-confirmation-round-broad-p4-0276-ae5f80b2f2f1d95c,4,broad,broad_joint,confirmation,deterministic,coverage,assumption__radius_mixed__noise_deterministic__scale_75,broad_or_stress_assumption,True,True,current,True,0,-2603.8421799999996,-2603.8421799999996,24.180866871804604,10768.192033,8164.349853,-10054.210895850105,-72,-55,-165.0,-1,-2010.8421791700212,-360.0,-68.0,-165.0,0.0,-264.1862369999999
p4-refinement-confirmation-round-broad-p4-0277-1a46931d69ec13a4,4,broad,broad_joint,confirmation,correlated,combined_cover,assumption__radius_mixed__noise_correlated__scale_75,broad_or_stress_assumption,True,True,current,True,0,-1560.0422429999999,-1560.0422429999999,15.677633687885056,9950.750694,8390.708451,-5420.211231355577,-79,-3,-9.0,-2,-1084.042246271115,-395.0,-72.0,-9.0,0.0,-715.862865
p4-refinement-confirmation-round-broad-p4-0277-1a46931d69ec13a4,4,broad,broad_joint,confirmation,correlated,coverage,assumption__radius_mixed__noise_correlated__scale_75,broad_or_stress_assumption,True,True,current,True,0,-1371.1020250000001,-1371.1020250000001,13.778880279120377,9950.750694,8579.648669,-4730.510127320827,-79,14,42.0,-2,-946.1020254641653,-395.0,-72.0,42.0,0.0,-713.9508510000005
p4-refinement-confirmation-round-broad-p4-0278-835de8b16f99f22d,4,broad,broad_joint,confirmation,extreme,combined_cover,assumption__radius_mixed__noise_extreme__scale_75,broad_or_stress_assumption,True,True,current,True,0,-2923.128648,-2923.128648,24.18326969697189,12087.400441,9164.271793,-13375.643265960556,-91,96,288.0,2,-2675.1286531921114,-455.0,-81.0,288.0,0.0,0.0
p4-refinement-confirmation-round-broad-p4-0278-835de8b16f99f22d,4,broad,broad_joint,confirmation,extreme,coverage,assumption__radius_mixed__noise_extreme__scale_75,broad_or_stress_assumption,True,True,current,True,0,-1746.8727409999992,-1746.8727409999992,14.452013479049421,12087.400441,10340.5277,-8994.363744313589,-91,196,588.0,2,-1798.8727488627183,-455.0,-81.0,588.0,0.0,0.0
p4-refinement-confirmation-round-broad-p4-0279-f388d2f533664c71,4,broad,broad_joint,confirmation,deterministic,combined_cover,assumption__radius_min__noise_deterministic__scale_150,broad_or_stress_assumption,True,True,current,True,0,-606.7376650000006,-606.7376650000006,6.588274517681006,9209.356158,8602.618493,-838.6883021432805,-70,-9,-27.0,4,-167.73766042865554,-350.0,-62.0,-27.0,0.0,-1884.4346180000002
p4-refinement-confirmation-round-broad-p4-0279-f388d2f533664c71,4,broad,broad_joint,confirmation,deterministic,coverage,assumption__radius_min__noise_deterministic__scale_150,broad_or_stress_assumption,True,True,current,True,0,-429.35578200000054,-429.35578200000054,4.66216937029878,9209.356158,8780.000376,-281.77887980436935,-70,13,39.0,4,-56.35577596087387,-350.0,-62.0,39.0,0.0,-1884.4346180000002
p4-refinement-confirmation-round-broad-p4-0280-14e3154765e220f9,4,broad,broad_joint,confirmation,correlated,combined_cover,assumption__radius_min__noise_correlated__scale_150,broad_or_stress_assumption,True,True,current,True,0,-2194.8742650000004,-2194.8742650000004,20.459629797074598,10727.829813,8532.955548,-9714.371315729633,-36,-14,-42.0,1,-1942.8742631459272,-180.0,-30.0,-42.0,0.0,0.0
p4-refinement-confirmation-round-broad-p4-0280-14e3154765e220f9,4,broad,broad_joint,confirmation,correlated,coverage,assumption__radius_min__noise_correlated__scale_150,broad_or_stress_assumption,True,True,current,True,0,-1843.2855980000004,-1843.2855980000004,17.182278523530492,10727.829813,8884.544215,-8326.428005082067,-36,11,33.0,1,-1665.2856010164141,-180.0,-31.0,33.0,0.0,0.0
p4-refinement-confirmation-round-broad-p4-0281-0eac93ddd1a04174,4,broad,broad_joint,confirmation,extreme,combined_cover,assumption__radius_min__noise_extreme__scale_150,broad_or_stress_assumption,True,True,current,True,0,-3726.361169,-3726.361169,27.556022805814795,13522.855585,9796.494416,-17176.80587302796,-38,-24,-72.0,0,-3435.361174605592,-190.0,-29.0,-72.0,0.0,0.0
p4-refinement-confirmation-round-broad-p4-0281-0eac93ddd1a04174,4,broad,broad_joint,confirmation,extreme,coverage,assumption__radius_min__noise_extreme__scale_150,broad_or_stress_assumption,True,True,current,True,0,-4056.1518559999986,-4056.1518559999986,29.99478793886712,13522.855585,9466.703729,-17760.7593136554,-38,-95,-285.0,0,-3552.1518627310797,-190.0,-29.0,-285.0,0.0,0.0
p4-refinement-confirmation-round-broad-p4-0282-d9e571ad56ebcd60,4,broad,broad_joint,confirmation,deterministic,combined_cover,assumption__radius_max__noise_deterministic__scale_150,broad_or_stress_assumption,True,True,current,True,0,-1902.5136329999987,-1902.5136329999987,15.553930697634483,12231.72245,10329.208817,-7582.568171086095,-50,-29,-87.0,-6,-1516.513634217219,-250.0,-49.0,-87.0,0.0,0.0
p4-refinement-confirmation-round-broad-p4-0282-d9e571ad56ebcd60,4,broad,broad_joint,confirmation,deterministic,coverage,assumption__radius_max__noise_deterministic__scale_150,broad_or_stress_assumption,True,True,current,True,0,-2154.6848449999998,-2154.6848449999998,17.615547228182894,12231.72245,10077.037605,-8303.424221866982,-50,-65,-195.0,-6,-1660.6848443733961,-250.0,-49.0,-195.0,0.0,0.0
p4-refinement-confirmation-round-broad-p4-0283-9184605ed175b886,4,broad,broad_joint,confirmation,correlated,combined_cover,assumption__radius_max__noise_correlated__scale_150,broad_or_stress_assumption,True,True,current,True,0,-1982.327883,-1982.327883,18.778409377362287,10556.420638,8574.092755,-7796.639410277639,-37,-69,-207.0,-1,-1559.3278820555279,-185.0,-31.0,-207.0,0.0,-2044.2438900000006
p4-refinement-confirmation-round-broad-p4-0283-9184605ed175b886,4,broad,broad_joint,confirmation,correlated,coverage,assumption__radius_max__noise_correlated__scale_150,broad_or_stress_assumption,True,True,current,True,0,-1694.8773380000002,-1694.8773380000002,16.055416851228358,10556.420638,8861.5433,-6779.386695933492,-37,-41,-123.0,-1,-1355.877339186699,-185.0,-31.0,-123.0,0.0,-2043.084377000001
p4-refinement-confirmation-round-broad-p4-0284-9856514b515953cd,4,broad,broad_joint,confirmation,extreme,combined_cover,assumption__radius_max__noise_extreme__scale_150,broad_or_stress_assumption,True,True,current,True,0,-2244.99345,-2244.99345,21.920497376689095,10241.526054,7996.532604,-9869.967254800002,-32,-29,-87.0,-1,-1973.9934509600007,-160.0,-24.0,-87.0,0.0,-1838.83014
p4-refinement-confirmation-round-broad-p4-0284-9856514b515953cd,4,broad,broad_joint,confirmation,extreme,coverage,assumption__radius_max__noise_extreme__scale_150,broad_or_stress_assumption,True,True,current,True,0,-2155.835981,-2155.835981,21.049948705232286,10241.526054,8085.690073,-9679.179931033977,-32,-12,-36.0,-1,-1935.8359862067964,-160.0,-24.0,-36.0,0.0,-1838.5091830000001
p4-refinement-confirmation-round-broad-p4-0285-204ca4664bb37b1b,4,broad,broad_joint,confirmation,deterministic,combined_cover,assumption__radius_mixed__noise_deterministic__scale_150,broad_or_stress_assumption,True,True,current,True,0,-77.8921420000006,-77.8921420000006,0.7322868334210133,10636.834973,10558.942831,-199.46070879838226,-55,96,288.0,2,-39.89214175967754,-275.0,-51.0,288.0,0.0,0.0
p4-refinement-confirmation-round-broad-p4-0285-204ca4664bb37b1b,4,broad,broad_joint,confirmation,deterministic,coverage,assumption__radius_mixed__noise_deterministic__scale_150,broad_or_stress_assumption,True,True,current,True,0,1000.5499289999989,1000.5499289999989,-9.406462839178607,10636.834973,11637.384902,3752.7496234150676,-55,192,576.0,2,750.5499246830132,-275.0,-51.0,576.0,0.0,0.0
p4-refinement-confirmation-round-broad-p4-0286-765dddfb269ecd73,4,broad,broad_joint,confirmation,correlated,combined_cover,assumption__radius_mixed__noise_correlated__scale_150,broad_or_stress_assumption,True,True,current,True,0,-1559.1078190000007,-1559.1078190000007,13.627531112631164,11440.8678,9881.759981,-6345.539106906988,-77,56,168.0,1,-1269.1078213813971,-385.0,-73.0,168.0,0.0,1579.5345149999994
p4-refinement-confirmation-round-broad-p4-0286-765dddfb269ecd73,4,broad,broad_joint,confirmation,correlated,coverage,assumption__radius_mixed__noise_correlated__scale_150,broad_or_stress_assumption,True,True,current,True,0,-2468.3491950000007,-2468.3491950000007,21.574842382148674,11440.8678,8972.518605,-9046.745982379776,-77,-67,-201.0,1,-1809.349196475955,-385.0,-73.0,-201.0,0.0,1579.2791639999996
p4-refinement-confirmation-round-broad-p4-0287-f4deccd67120b440,4,broad,broad_joint,confirmation,extreme,combined_cover,assumption__radius_mixed__noise_extreme__scale_150,broad_or_stress_assumption,True,True,current,True,0,-481.8008769999997,-481.8008769999997,4.868804233839939,9895.671583,9413.870706,-2214.004398593548,-52,89,267.0,1,-442.80087971870944,-260.0,-46.0,267.0,0.0,-1387.8765910000002
p4-refinement-confirmation-round-broad-p4-0287-f4deccd67120b440,4,broad,broad_joint,confirmation,extreme,coverage,assumption__radius_mixed__noise_extreme__scale_150,broad_or_stress_assumption,True,True,current,True,0,-581.4459549999992,-581.4459549999992,5.875760428416789,9895.671583,9314.225628,-2952.2298045539283,-52,105,315.0,2,-590.4459609107853,-260.0,-46.0,315.0,0.0,-706.3091370000002
p4-refinement-confirmation-round-broad-p4-0288-caaaa1899ba02b28,4,broad,broad_joint,confirmation,deterministic,combined_cover,assumption__radius_min__noise_deterministic__scale_300,broad_or_stress_assumption,True,True,current,True,0,-1399.653193,-1399.653193,12.399595202337863,11287.894243,9888.24105,-6523.265966276485,-33,32,96.0,-3,-1304.653193255297,-165.0,-26.0,96.0,0.0,0.0
p4-refinement-confirmation-round-broad-p4-0288-caaaa1899ba02b28,4,broad,broad_joint,confirmation,deterministic,coverage,assumption__radius_min__noise_deterministic__scale_300,broad_or_stress_assumption,True,True,current,True,0,-1010.0998980000004,-1010.0998980000004,8.948523757000975,11287.894243,10277.794345,-5175.499493814641,-33,72,216.0,-3,-1035.0998987629282,-165.0,-26.0,216.0,0.0,0.0
p4-refinement-confirmation-round-broad-p4-0289-d302057fe1bd8632,4,broad,broad_joint,confirmation,correlated,combined_cover,assumption__radius_min__noise_correlated__scale_300,broad_or_stress_assumption,True,True,current,True,0,-1630.6993000000002,-1630.6993000000002,15.918741673557756,10243.895739,8613.196439,-7193.496496023567,-9,-48,-144.0,-1,-1438.6992992047126,-45.0,-3.0,-144.0,0.0,658.8038079999997
p4-refinement-confirmation-round-broad-p4-0289-d302057fe1bd8632,4,broad,broad_joint,confirmation,correlated,coverage,assumption__radius_min__noise_correlated__scale_300,broad_or_stress_assumption,True,True,current,True,0,-1474.0733490000002,-1474.0733490000002,14.38977305663107,10243.895739,8769.82239,-6695.366730118854,-9,-29,-87.0,-1,-1339.0733460237707,-45.0,-3.0,-87.0,0.0,655.7387679999993
p4-refinement-confirmation-round-broad-p4-0290-cb296bb38298a972,4,broad,broad_joint,confirmation,extreme,combined_cover,assumption__radius_min__noise_extreme__scale_300,broad_or_stress_assumption,True,True,current,True,0,-3096.948362,-3096.948362,31.427499091491658,9854.262832,6757.31447,-13449.741803305064,-58,-23,-69.0,1,-2689.948360661013,-290.0,-48.0,-69.0,0.0,0.0
p4-refinement-confirmation-round-broad-p4-0290-cb296bb38298a972,4,broad,broad_joint,confirmation,extreme,coverage,assumption__radius_min__noise_extreme__scale_300,broad_or_stress_assumption,True,True,current,True,0,-2996.4687280000007,-2996.4687280000007,30.4078425660567,9854.262832,6857.794104,-13142.343641742558,-58,-10,-30.0,1,-2628.468728348512,-290.0,-48.0,-30.0,0.0,0.0
p4-refinement-confirmation-round-broad-p4-0291-77799711970b09a0,4,broad,broad_joint,confirmation,deterministic,combined_cover,assumption__radius_max__noise_deterministic__scale_300,broad_or_stress_assumption,True,True,current,True,0,-2892.629494999999,-2892.629494999999,24.911217064148374,11611.755008,8719.125513,-10638.147493500648,-84,-89,-267.0,-2,-2127.62949870013,-420.0,-78.0,-267.0,0.0,1241.0671330000005
p4-refinement-confirmation-round-broad-p4-0291-77799711970b09a0,4,broad,broad_joint,confirmation,deterministic,coverage,assumption__radius_max__noise_deterministic__scale_300,broad_or_stress_assumption,True,True,current,True,0,-2248.723215,-2248.723215,19.365920254524198,11611.755008,9363.031793,-8198.616095471683,-84,-37,-111.0,-2,-1639.7232190943369,-420.0,-78.0,-111.0,0.0,1241.0671330000005
p4-refinement-confirmation-round-broad-p4-0292-91db46f24491096b,4,broad,broad_joint,confirmation,correlated,combined_cover,assumption__radius_max__noise_correlated__scale_300,broad_or_stress_assumption,True,True,current,True,0,-1166.6965039999995,-1166.6965039999995,11.515008559527677,10131.963845,8965.267341,-4673.4825198238905,-33,-14,-42.0,2,-934.6965039647785,-165.0,-25.0,-42.0,0.0,-2008.1442690000003
p4-refinement-confirmation-round-broad-p4-0292-91db46f24491096b,4,broad,broad_joint,confirmation,correlated,coverage,assumption__radius_max__noise_correlated__scale_300,broad_or_stress_assumption,True,True,current,True,0,-1063.2975700000006,-1063.2975700000006,10.494486422044677,10131.963845,9068.666275,-4336.4878529564085,-33,-2,-6.0,2,-867.2975705912822,-165.0,-25.0,-6.0,0.0,-2006.1150650000009
p4-refinement-confirmation-round-broad-p4-0293-656bfc3f7f1355ac,4,broad,broad_joint,confirmation,extreme,combined_cover,assumption__radius_max__noise_extreme__scale_300,broad_or_stress_assumption,True,True,current,True,0,-3246.737982999999,-3246.737982999999,26.434718437375334,12282.097843,9035.35986,-12678.689924439059,-69,-101,-303.0,0,-2535.7379848878118,-345.0,-63.0,-303.0,0.0,1554.9502060000004
p4-refinement-confirmation-round-broad-p4-0293-656bfc3f7f1355ac,4,broad,broad_joint,confirmation,extreme,coverage,assumption__radius_max__noise_extreme__scale_300,broad_or_stress_assumption,True,True,current,True,0,-2852.786355,-2852.786355,23.227191245882345,12282.097843,9429.311488,-11218.931779299484,-69,-67,-201.0,0,-2243.7863558598965,-345.0,-63.0,-201.0,0.0,1559.1973759999992
p4-refinement-confirmation-round-broad-p4-0294-0079b5501f6a55d3,4,broad,broad_joint,confirmation,deterministic,combined_cover,assumption__radius_mixed__noise_deterministic__scale_300,broad_or_stress_assumption,True,True,current,True,0,-2002.1011360000011,-2002.1011360000011,19.3503993084318,10346.562384,8344.461248,-8550.50567801093,-43,-15,-45.0,-1,-1710.1011356021863,-215.0,-32.0,-45.0,0.0,0.0
p4-refinement-confirmation-round-broad-p4-0294-0079b5501f6a55d3,4,broad,broad_joint,confirmation,deterministic,coverage,assumption__radius_mixed__noise_deterministic__scale_300,broad_or_stress_assumption,True,True,current,True,0,-1827.6105910000006,-1827.6105910000006,17.66394018776933,10346.562384,8518.951793,-7963.052958026208,-43,4,12.0,-1,-1592.610591605242,-215.0,-32.0,12.0,0.0,0.0
p4-refinement-confirmation-round-broad-p4-0295-49a9b108322e1158,4,broad,broad_joint,confirmation,correlated,combined_cover,assumption__radius_mixed__noise_correlated__scale_300,broad_or_stress_assumption,True,True,current,True,0,-1209.200116,-1209.200116,11.984255744000972,10089.905805,8880.705689,-3746.00058030372,9,-172,-516.0,-3,-749.2001160607442,45.0,11.0,-516.0,0.0,0.0
p4-refinement-confirmation-round-broad-p4-0295-49a9b108322e1158,4,broad,broad_joint,confirmation,correlated,coverage,assumption__radius_mixed__noise_correlated__scale_300,broad_or_stress_assumption,True,True,current,True,0,-1163.0664500000003,-1163.0664500000003,11.527029810562242,10089.905805,8926.839355,-3635.332265948833,9,-164,-492.0,-3,-727.0664531897664,45.0,11.0,-492.0,0.0,0.0
p4-refinement-confirmation-round-broad-p4-0296-062864a728f58d5d,4,broad,broad_joint,confirmation,extreme,combined_cover,assumption__radius_mixed__noise_extreme__scale_300,broad_or_stress_assumption,True,True,current,True,0,-833.6501200000002,-833.6501200000002,7.663222736086161,10878.583968,10044.933848,-3763.2505830524315,-27,24,72.0,3,-752.6501166104863,-135.0,-18.0,72.0,0.0,0.0
p4-refinement-confirmation-round-broad-p4-0296-062864a728f58d5d,4,broad,broad_joint,confirmation,extreme,coverage,assumption__radius_mixed__noise_extreme__scale_300,broad_or_stress_assumption,True,True,current,True,0,-840.4760000000006,-840.4760000000006,7.725968770129556,10878.583968,10038.107968,-3617.379991282425,-27,12,36.0,3,-723.4759982564847,-135.0,-18.0,36.0,0.0,0.0
p4-refinement-confirmation-round-broad-p4-0297-b3b38aa4b5e1b283,4,broad,broad_joint,confirmation,deterministic,combined_cover,assumption__radius_min__noise_deterministic__scale_75,broad_or_stress_assumption,True,True,current,True,0,-1314.1870980000003,-1314.1870980000003,13.628901629159987,9642.648643,8328.461545,-4795.93548005083,-54,-12,-36.0,-3,-959.187096010166,-270.0,-49.0,-36.0,0.0,-3316.484389
p4-refinement-confirmation-round-broad-p4-0297-b3b38aa4b5e1b283,4,broad,broad_joint,confirmation,deterministic,coverage,assumption__radius_min__noise_deterministic__scale_75,broad_or_stress_assumption,True,True,current,True,0,-941.7740979999999,-941.7740979999999,9.766757380335255,9642.648643,8700.874545,-3398.8704940008975,-54,19,57.0,-3,-679.7740988001797,-270.0,-49.0,57.0,0.0,-3316.484389
p4-refinement-confirmation-round-broad-p4-0298-ca7791cfba2c2ccc,4,broad,broad_joint,confirmation,correlated,combined_cover,assumption__radius_min__noise_correlated__scale_75,broad_or_stress_assumption,True,True,current,True,0,-3449.706352,-3449.706352,34.65063346776378,9955.680479,6505.974127,-15123.531767368822,-54,-38,-114.0,1,-3024.7063534737645,-270.0,-41.0,-114.0,0.0,0.0
p4-refinement-confirmation-round-broad-p4-0298-ca7791cfba2c2ccc,4,broad,broad_joint,confirmation,correlated,coverage,assumption__radius_min__noise_correlated__scale_75,broad_or_stress_assumption,True,True,current,True,0,-3333.7633530000003,-3333.7633530000003,33.48604206444822,9955.680479,6621.917126,-14783.8167853931,-54,-22,-66.0,1,-2956.76335707862,-270.0,-41.0,-66.0,0.0,0.0
p4-refinement-confirmation-round-broad-p4-0299-485c0468f108fb76,4,broad,broad_joint,confirmation,extreme,combined_cover,assumption__radius_min__noise_extreme__scale_75,broad_or_stress_assumption,True,True,current,True,0,-1142.1047119999985,-1142.1047119999985,11.485777612221135,9943.642917,8801.538205,-4830.523582363014,-37,13,39.0,-1,-966.1047164726024,-185.0,-30.0,39.0,0.0,0.0
p4-refinement-confirmation-round-broad-p4-0299-485c0468f108fb76,4,broad,broad_joint,confirmation,extreme,coverage,assumption__radius_min__noise_extreme__scale_75,broad_or_stress_assumption,True,True,current,True,0,-828.4250659999998,-828.4250659999998,8.331202889272053,9943.642917,9115.217851,-3832.1253467045026,-37,51,153.0,-1,-766.4250693409003,-185.0,-30.0,153.0,0.0,0.0
p4-refinement-confirmation-round-broad-p4-0300-0821b6c28fcef828,4,broad,broad_joint,confirmation,deterministic,combined_cover,assumption__radius_max__noise_deterministic__scale_75,broad_or_stress_assumption,True,True,current,True,0,-1747.2186329999995,-1747.2186329999995,17.794421905803997,9818.912029,8071.693396,-7791.093146110128,-28,-9,-27.0,-3,-1558.2186292220258,-140.0,-22.0,-27.0,0.0,-927.1724699999986
p4-refinement-confirmation-round-broad-p4-0300-0821b6c28fcef828,4,broad,broad_joint,confirmation,deterministic,coverage,assumption__radius_max__noise_deterministic__scale_75,broad_or_stress_assumption,True,True,current,True,0,-1656.6416609999987,-1656.6416609999987,16.871947279974954,9818.912029,8162.270368,-7473.208299240818,-28,0,0.0,-3,-1494.6416598481637,-140.0,-22.0,0.0,0.0,-927.1724699999986
p4-refinement-confirmation-round-broad-p4-0301-101b148337a327b4,4,broad,broad_joint,confirmation,correlated,combined_cover,assumption__radius_max__noise_correlated__scale_75,broad_or_stress_assumption,True,True,current,True,0,-1925.160050999999,-1925.160050999999,17.638633220455223,10914.451403,8989.291352,-8090.800259273994,-47,-11,-33.0,1,-1618.1600518547984,-235.0,-39.0,-33.0,0.0,-3250.356032999998
p4-refinement-confirmation-round-broad-p4-0301-101b148337a327b4,4,broad,broad_joint,confirmation,correlated,coverage,assumption__radius_max__noise_correlated__scale_75,broad_or_stress_assumption,True,True,current,True,0,-1923.3960739999984,-1923.3960739999984,17.622471372874724,10914.451403,8991.055329,-8036.980372012789,-47,-14,-42.0,1,-1607.3960744025571,-235.0,-39.0,-42.0,0.0,-3253.1971889999986
p4-refinement-confirmation-round-broad-p4-0302-aed15e048e532072,4,broad,broad_joint,confirmation,extreme,combined_cover,assumption__radius_max__noise_extreme__scale_75,broad_or_stress_assumption,True,True,current,True,0,-2506.231337000001,-2506.231337000001,21.64993313935148,11576.162018,9069.930681,-10586.156666648116,-66,1,3.0,0,-2117.2313333296233,-330.0,-62.0,3.0,0.0,1333.9532179999997
p4-refinement-confirmation-round-broad-p4-0302-aed15e048e532072,4,broad,broad_joint,confirmation,extreme,coverage,assumption__radius_max__noise_extreme__scale_75,broad_or_stress_assumption,True,True,current,True,0,-2071.6665470000007,-2071.6665470000007,17.895970562425834,11576.162018,9504.495471,-9133.332723482847,-66,49,147.0,0,-1826.6665446965699,-330.0,-62.0,147.0,0.0,1332.5801390000006
p4-refinement-confirmation-round-broad-p4-0303-0ccbb1b204868afd,4,broad,broad_joint,confirmation,deterministic,combined_cover,assumption__radius_mixed__noise_deterministic__scale_75,broad_or_stress_assumption,True,True,current,True,0,-1403.504805999999,-1403.504805999999,14.036469589421188,9998.98726,8595.482454,-5472.524044913807,-53,1,3.0,-2,-1094.5048089827615,-265.0,-47.0,3.0,0.0,33.40895100000125
p4-refinement-confirmation-round-broad-p4-0303-0ccbb1b204868afd,4,broad,broad_joint,confirmation,deterministic,coverage,assumption__radius_mixed__noise_deterministic__scale_75,broad_or_stress_assumption,True,True,current,True,0,-1274.7296189999997,-1274.7296189999997,12.748587290429247,9998.98726,8724.257641,-4873.648114627715,-53,4,12.0,-2,-974.7296229255435,-265.0,-47.0,12.0,0.0,33.40895100000034
p4-refinement-confirmation-round-broad-p4-0304-914394eb21e56905,4,broad,broad_joint,confirmation,correlated,combined_cover,assumption__radius_mixed__noise_correlated__scale_75,broad_or_stress_assumption,True,True,current,True,0,-2383.4389549999996,-2383.4389549999996,20.36406209735732,11704.143032,9320.704077,-9757.19478802586,-59,-29,-87.0,-2,-1951.4389576051717,-295.0,-50.0,-87.0,0.0,0.0
p4-refinement-confirmation-round-broad-p4-0304-914394eb21e56905,4,broad,broad_joint,confirmation,correlated,coverage,assumption__radius_mixed__noise_correlated__scale_75,broad_or_stress_assumption,True,True,current,True,0,-2676.356054,-2676.356054,22.86674083427247,11704.143032,9027.786978,-10576.780273369455,-59,-72,-216.0,-2,-2115.356054673891,-295.0,-50.0,-216.0,0.0,0.0
p4-refinement-confirmation-round-broad-p4-0305-4696929c46c4f756,4,broad,broad_joint,confirmation,extreme,combined_cover,assumption__radius_mixed__noise_extreme__scale_75,broad_or_stress_assumption,True,True,current,True,0,-2139.1006510000007,-2139.1006510000007,19.28240644595744,11093.535742,8954.435091,-7495.5032717064605,-76,-63,-189.0,-1,-1499.1006543412923,-380.0,-71.0,-189.0,0.0,0.0
p4-refinement-confirmation-round-broad-p4-0305-4696929c46c4f756,4,broad,broad_joint,confirmation,extreme,coverage,assumption__radius_mixed__noise_extreme__scale_75,broad_or_stress_assumption,True,True,current,True,0,-2023.9135339999993,-2023.9135339999993,18.244079985585532,11093.535742,9069.622208,-6979.567688236515,-76,-59,-177.0,-1,-1395.9135376473032,-380.0,-71.0,-177.0,0.0,0.0
p4-refinement-confirmation-round-broad-p4-0306-ad6f5eb3d5348227,4,broad,broad_joint,confirmation,deterministic,combined_cover,assumption__radius_min__noise_deterministic__scale_150,broad_or_stress_assumption,True,True,current,True,0,-418.32002900000043,-418.32002900000043,4.299061151354968,9730.497294,9312.177265,-511.6001759419014,-42,-22,-66.0,-1,-102.32003518838064,-210.0,-40.0,-66.0,0.0,-1166.910487000001
p4-refinement-confirmation-round-broad-p4-0306-ad6f5eb3d5348227,4,broad,broad_joint,confirmation,deterministic,coverage,assumption__radius_min__noise_deterministic__scale_150,broad_or_stress_assumption,True,True,current,True,0,-294.82159200000024,-294.82159200000024,3.029871784474906,9730.497294,9435.675702,-119.10798415032332,-42,-7,-21.0,-1,-23.821596830064664,-210.0,-40.0,-21.0,0.0,-1166.910487000001
p4-refinement-confirmation-round-broad-p4-0307-cd29c68bbec30c2d,4,broad,broad_joint,confirmation,correlated,combined_cover,assumption__radius_min__noise_correlated__scale_150,broad_or_stress_assumption,True,True,current,True,0,-2255.112448,-2255.112448,21.127520466054786,10673.814997,8418.702549,-11560.562260062496,-9,34,102.0,-2,-2312.1124520124986,-45.0,0.0,102.0,0.0,607.646667
p4-refinement-confirmation-round-broad-p4-0307-cd29c68bbec30c2d,4,broad,broad_joint,confirmation,correlated,coverage,assumption__radius_min__noise_correlated__scale_150,broad_or_stress_assumption,True,True,current,True,0,-2093.615222999999,-2093.615222999999,19.61449794275462,10673.814997,8580.199774,-10993.076127525143,-9,50,150.0,-2,-2198.6152255050283,-45.0,0.0,150.0,0.0,605.4031810000006
p4-refinement-confirmation-round-broad-p4-0308-c19bcf06d3b8e1c9,4,broad,broad_joint,confirmation,extreme,combined_cover,assumption__radius_min__noise_extreme__scale_150,broad_or_stress_assumption,True,True,current,True,0,262.5669280000002,262.5669280000002,-2.319611759133738,11319.434253,11582.001181,852.8346416195272,-72,173,519.0,-2,170.566928323904,-360.0,-67.0,519.0,0.0,0.0
p4-refinement-confirmation-round-broad-p4-0308-c19bcf06d3b8e1c9,4,broad,broad_joint,confirmation,extreme,coverage,assumption__radius_min__noise_extreme__scale_150,broad_or_stress_assumption,True,True,current,True,0,1832.784286,1832.784286,-16.1914831168727,11319.434253,13152.218539,6393.92141954392,-72,327,981.0,-2,1278.7842839087825,-360.0,-67.0,981.0,0.0,0.0
p4-refinement-confirmation-round-broad-p4-0309-fd502e0cab9d1c16,4,broad,broad_joint,confirmation,deterministic,combined_cover,assumption__radius_max__noise_deterministic__scale_150,broad_or_stress_assumption,True,True,current,True,0,-1707.6666769999993,-1707.6666769999993,16.364786545168325,10435.007339,8727.340662,-5948.333394603862,-58,-59,-177.0,0,-1189.666678920772,-290.0,-51.0,-177.0,0.0,-3562.2993509999997
p4-refinement-confirmation-round-broad-p4-0309-fd502e0cab9d1c16,4,broad,broad_joint,confirmation,deterministic,coverage,assumption__radius_max__noise_deterministic__scale_150,broad_or_stress_assumption,True,True,current,True,0,-1644.8181430000004,-1644.8181430000004,15.762501065549086,10435.007339,8790.189196,-5739.090715039849,-58,-52,-156.0,0,-1147.8181430079694,-290.0,-51.0,-156.0,0.0,-3562.2993509999997
p4-refinement-confirmation-round-broad-p4-0310-0c64a3a7e99eee9a,4,broad,broad_joint,confirmation,correlated,combined_cover,assumption__radius_max__noise_correlated__scale_150,broad_or_stress_assumption,True,True,current,True,0,-2045.1269049999992,-2045.1269049999992,19.129265678426314,10691.089451,8645.962546,-9020.63450347953,-19,-45,-135.0,1,-1804.1269006959055,-95.0,-11.0,-135.0,0.0,0.0
p4-refinement-confirmation-round-broad-p4-0310-0c64a3a7e99eee9a,4,broad,broad_joint,confirmation,correlated,coverage,assumption__radius_max__noise_correlated__scale_150,broad_or_stress_assumption,True,True,current,True,0,-1838.8186569999998,-1838.8186569999998,17.199544213223323,10691.089451,8852.270794,-8304.093266357035,-19,-24,-72.0,1,-1660.8186532714062,-95.0,-11.0,-72.0,0.0,0.0
p4-refinement-confirmation-round-broad-p4-0311-557a58dfbf8fa7ab,4,broad,broad_joint,confirmation,extreme,combined_cover,assumption__radius_max__noise_extreme__scale_150,broad_or_stress_assumption,True,True,current,True,0,-2966.9745140000014,-2966.9745140000014,25.921974765504583,11445.788914,8478.8144,-10834.87256708356,-101,-67,-201.0,-1,-2166.9745134167124,-505.0,-94.0,-201.0,0.0,-237.7862780000005
p4-refinement-confirmation-round-broad-p4-0311-557a58dfbf8fa7ab,4,broad,broad_joint,confirmation,extreme,coverage,assumption__radius_max__noise_extreme__scale_150,broad_or_stress_assumption,True,True,current,True,0,-2874.8178130000015,-2874.8178130000015,25.116816626625422,11445.788914,8570.971101,-10449.089067583955,-101,-62,-186.0,-1,-2089.817813516792,-505.0,-94.0,-186.0,0.0,-237.77782300000035
p4-refinement-confirmation-round-broad-p4-0312-4b39d68e823be97d,4,broad,broad_joint,confirmation,deterministic,combined_cover,assumption__radius_mixed__noise_deterministic__scale_150,broad_or_stress_assumption,True,True,current,True,0,-873.4020259999998,-873.4020259999998,8.887282327127169,9827.549006,8954.14698,-2107.010123189546,-69,-13,-39.0,2,-421.40202463790956,-345.0,-68.0,-39.0,0.0,-974.8238219999985
p4-refinement-confirmation-round-broad-p4-0312-4b39d68e823be97d,4,broad,broad_joint,confirmation,deterministic,coverage,assumption__radius_mixed__noise_deterministic__scale_150,broad_or_stress_assumption,True,True,current,True,0,-203.2019169999985,-203.2019169999985,2.0676764560109335,9827.549006,9624.347089,58.99042290083162,-69,66,198.0,2,11.798084580166687,-345.0,-68.0,198.0,0.0,-974.8238219999985
p4-refinement-confirmation-round-broad-p4-0313-8b3899a090aef7dd,4,broad,broad_joint,confirmation,correlated,combined_cover,assumption__radius_mixed__noise_correlated__scale_150,broad_or_stress_assumption,True,True,current,True,0,-2160.1712700000007,-2160.1712700000007,19.206499864313642,11247.084504,9086.913234,-9105.856332093317,-22,-71,-213.0,-1,-1821.1712664186625,-110.0,-16.0,-213.0,0.0,0.0
p4-refinement-confirmation-round-broad-p4-0313-8b3899a090aef7dd,4,broad,broad_joint,confirmation,correlated,coverage,assumption__radius_mixed__noise_correlated__scale_150,broad_or_stress_assumption,True,True,current,True,0,-1735.1413499999999,-1735.1413499999999,15.427476777496432,11247.084504,9511.943154,-7595.706757740307,-22,-30,-90.0,-1,-1519.1413515480608,-110.0,-16.0,-90.0,0.0,0.0
p4-refinement-confirmation-round-broad-p4-0314-31ea5cc585090de0,4,broad,broad_joint,confirmation,extreme,combined_cover,assumption__radius_mixed__noise_extreme__scale_150,broad_or_stress_assumption,True,True,current,True,0,-2616.695057000001,-2616.695057000001,19.57868062771051,13365.022428,10748.327371,-8723.47528384129,-100,-93,-279.0,-1,-1744.695056768258,-500.0,-93.0,-279.0,0.0,0.0
p4-refinement-confirmation-round-broad-p4-0314-31ea5cc585090de0,4,broad,broad_joint,confirmation,extreme,coverage,assumption__radius_mixed__noise_extreme__scale_150,broad_or_stress_assumption,True,True,current,True,0,-2835.4872030000006,-2835.4872030000006,21.2157309744546,13365.022428,10529.535225,-9142.436017602166,-100,-138,-414.0,-1,-1828.4872035204335,-500.0,-93.0,-414.0,0.0,0.0
p4-refinement-confirmation-round-broad-p4-0315-18db2998732f12f4,4,broad,broad_joint,confirmation,deterministic,combined_cover,assumption__radius_min__noise_deterministic__scale_300,broad_or_stress_assumption,True,True,current,True,0,-2026.0077309999997,-2026.0077309999997,19.64013445097711,10315.651026,8289.643295,-5070.038667543173,-169,-1,-3.0,2,-1014.0077335086344,-845.0,-164.0,-3.0,0.0,0.0
p4-refinement-confirmation-round-broad-p4-0315-18db2998732f12f4,4,broad,broad_joint,confirmation,deterministic,coverage,assumption__radius_min__noise_deterministic__scale_300,broad_or_stress_assumption,True,True,current,True,0,-1898.2061460000004,-1898.2061460000004,18.40122490781902,10315.651026,8417.44488,-4656.030725895031,-169,14,42.0,2,-931.206145179006,-845.0,-164.0,42.0,0.0,0.0
p4-refinement-confirmation-round-broad-p4-0316-424b1764b4d1377a,4,broad,broad_joint,confirmation,correlated,combined_cover,assumption__radius_min__noise_correlated__scale_300,broad_or_stress_assumption,True,True,current,True,0,-1245.8768830000008,-1245.8768830000008,11.638662431200204,10704.639733,9458.76285,-5599.384408455895,-54,64,192.0,3,-1119.8768816911797,-270.0,-48.0,192.0,0.0,1016.079264
p4-refinement-confirmation-round-broad-p4-0316-424b1764b4d1377a,4,broad,broad_joint,confirmation,correlated,coverage,assumption__radius_min__noise_correlated__scale_300,broad_or_stress_assumption,True,True,current,True,0,-1287.5813149999994,-1287.5813149999994,12.02825454303404,10704.639733,9417.058418,-5612.90657191589,-54,51,153.0,3,-1122.5813143831783,-270.0,-48.0,153.0,0.0,1018.5605759999999
p4-refinement-confirmation-round-broad-p4-0317-148c9684c430ae0b,4,broad,broad_joint,confirmation,extreme,combined_cover,assumption__radius_min__noise_extreme__scale_300,broad_or_stress_assumption,True,True,current,True,0,-4208.35298,-4208.35298,35.21594460854083,11950.135164,7741.782184,-16266.764902810482,-56,-209,-627.0,0,-3253.3529805620965,-280.0,-48.0,-627.0,0.0,1005.4786719999993
p4-refinement-confirmation-round-broad-p4-0317-148c9684c430ae0b,4,broad,broad_joint,confirmation,extreme,coverage,assumption__radius_min__noise_extreme__scale_300,broad_or_stress_assumption,True,True,current,True,0,-3675.537048,-3675.537048,30.757284311499863,11950.135164,8274.598116,-14652.685223996908,-56,-139,-417.0,1,-2930.537044799381,-280.0,-48.0,-417.0,0.0,1007.4653409999992
p4-refinement-confirmation-round-broad-p4-0318-a5d808e4074a9a83,4,broad,broad_joint,confirmation,deterministic,combined_cover,assumption__radius_max__noise_deterministic__scale_300,broad_or_stress_assumption,True,True,current,True,0,-2151.4798900000005,-2151.4798900000005,19.152933854762157,11233.160968,9081.681078,-10137.399449662924,-2,-40,-120.0,-1,-2027.4798899325842,-10.0,6.0,-120.0,0.0,-3422.458313
p4-refinement-confirmation-round-broad-p4-0318-a5d808e4074a9a83,4,broad,broad_joint,confirmation,deterministic,coverage,assumption__radius_max__noise_deterministic__scale_300,broad_or_stress_assumption,True,True,current,True,0,-1934.720182000001,-1934.720182000001,17.22329260224664,11233.160968,9298.440786,-9263.600905602594,-2,-26,-78.0,-1,-1852.7201811205186,-10.0,6.0,-78.0,0.0,-3422.458313
p4-refinement-confirmation-round-broad-p4-0319-c2c05476cd6b128a,4,broad,broad_joint,confirmation,correlated,combined_cover,assumption__radius_max__noise_correlated__scale_300,broad_or_stress_assumption,True,True,current,True,0,-1179.845836999999,-1179.845836999999,10.53645394824923,11197.750617,10017.90478,-4439.229200040114,-42,-15,-45.0,0,-887.8458400080235,-210.0,-37.0,-45.0,0.0,0.0
p4-refinement-confirmation-round-broad-p4-0319-c2c05476cd6b128a,4,broad,broad_joint,confirmation,correlated,coverage,assumption__radius_max__noise_correlated__scale_300,broad_or_stress_assumption,True,True,current,True,0,-1247.1504370000002,-1247.1504370000002,11.137508591293539,11197.750617,9950.60018,-4685.752211214538,-42,-21,-63.0,0,-937.150442242908,-210.0,-37.0,-63.0,0.0,0.0
p4-refinement-confirmation-round-calibrated-p4-0000-cb2e01953beb475a,4,calibrated,smoothed_joint,confirmation,correlated,combined_cover,mixed_correlated150_after_observable_screen,unresolved,True,True,current,True,0,-3138.3891350000004,-3138.3891350000004,28.0921792132681,11171.753929,8033.364794,-13671.94566592262,-90,42,126.0,-1,-2734.3891331845243,-450.0,-80.0,126.0,0.0,0.0
p4-refinement-confirmation-round-calibrated-p4-0000-cb2e01953beb475a,4,calibrated,smoothed_joint,confirmation,correlated,coverage,mixed_correlated150_after_observable_screen,unresolved,True,True,current,True,0,-2909.6607459999996,-2909.6607459999996,26.044798019109674,11171.753929,8262.093183,-12873.303721191463,-90,65,195.0,-1,-2574.660744238293,-450.0,-80.0,195.0,0.0,0.0
p4-refinement-confirmation-round-calibrated-p4-0001-5241bf53c7fc26ef,4,calibrated,broad_joint,confirmation,correlated,combined_cover,mixed_correlated150_after_observable_screen,unresolved,True,True,current,True,0,-1233.1379720000004,-1233.1379720000004,10.970854986218468,11240.12644,10006.988468,-4110.689866896981,-98,58,174.0,-3,-822.1379733793965,-490.0,-95.0,174.0,0.0,0.0
p4-refinement-confirmation-round-calibrated-p4-0001-5241bf53c7fc26ef,4,calibrated,broad_joint,confirmation,correlated,coverage,mixed_correlated150_after_observable_screen,unresolved,True,True,current,True,0,-1275.0800280000003,-1275.0800280000003,11.344000753073383,11240.12644,9965.046412,-4020.400140688551,-98,38,114.0,-3,-804.0800281377105,-490.0,-95.0,114.0,0.0,0.0
p4-refinement-confirmation-round-calibrated-p4-0002-ca37bb1b67063730,4,calibrated,smoothed_joint,confirmation,extreme,combined_cover,mixed_extreme150_after_observable_screen,unresolved,True,True,current,True,0,-6249.632676000001,-6249.632676000001,42.57297430548874,14679.8122,8430.179524,-23798.163392859737,-20,-458,-1374.0,-1,-4759.632678571947,-100.0,-16.0,-1374.0,0.0,0.0
p4-refinement-confirmation-round-calibrated-p4-0002-ca37bb1b67063730,4,calibrated,smoothed_joint,confirmation,extreme,coverage,mixed_extreme150_after_observable_screen,unresolved,True,True,current,True,0,-5098.956731,-5098.956731,34.73448203240638,14679.8122,9580.855469,-19934.783650463076,-20,-332,-996.0,0,-3986.9567300926146,-100.0,-16.0,-996.0,0.0,0.0
p4-refinement-confirmation-round-calibrated-p4-0003-75d87513fc208aae,4,calibrated,broad_joint,confirmation,extreme,combined_cover,mixed_extreme150_after_observable_screen,unresolved,True,True,current,True,0,-2001.462841999999,-2001.462841999999,17.22543120119346,11619.232161,9617.769319,-7062.314216466759,-80,-38,-114.0,-1,-1412.4628432933514,-400.0,-75.0,-114.0,0.0,896.6880210000018
p4-refinement-confirmation-round-calibrated-p4-0003-75d87513fc208aae,4,calibrated,broad_joint,confirmation,extreme,coverage,mixed_extreme150_after_observable_screen,unresolved,True,True,current,True,0,-2202.438983,-2202.438983,18.955116418040905,11619.232161,9416.793178,-7677.194935850115,-80,-64,-192.0,-1,-1535.4389871700232,-400.0,-75.0,-192.0,0.0,895.4910319999999
p4-refinement-confirmation-round-calibrated-p4-0004-818e5d79fedc91af,4,calibrated,smoothed_joint,confirmation,correlated,combined_cover,mixed_correlated150_after_observable_screen,unresolved,True,True,current,True,0,-2335.7690970000003,-2335.7690970000003,21.315277182127534,10958.19246,8622.423363,-9438.845461149445,-82,12,36.0,2,-1887.7690922298889,-410.0,-74.0,36.0,0.0,0.0
p4-refinement-confirmation-round-calibrated-p4-0004-818e5d79fedc91af,4,calibrated,smoothed_joint,confirmation,correlated,coverage,mixed_correlated150_after_observable_screen,unresolved,True,True,current,True,0,-2291.8541509999995,-2291.8541509999995,20.914527275970105,10958.19246,8666.338309,-9339.270739860076,-82,20,60.0,2,-1867.8541479720152,-410.0,-74.0,60.0,0.0,0.0
p4-refinement-confirmation-round-calibrated-p4-0005-a24fe91a21988845,4,calibrated,broad_joint,confirmation,correlated,combined_cover,mixed_correlated150_after_observable_screen,unresolved,True,True,current,True,0,-2410.5260719999987,-2410.5260719999987,20.64731638800545,11674.766961,9264.240889,-10192.63036259947,-45,-37,-111.0,-1,-2038.5260725198941,-225.0,-36.0,-111.0,0.0,0.0
p4-refinement-confirmation-round-calibrated-p4-0005-a24fe91a21988845,4,calibrated,broad_joint,confirmation,correlated,coverage,mixed_correlated150_after_observable_screen,unresolved,True,True,current,True,0,-2108.797186,-2108.797186,18.062863207844032,11674.766961,9565.969775,-8803.985938072088,-45,-29,-87.0,0,-1760.7971876144184,-225.0,-36.0,-87.0,0.0,0.0
p4-refinement-confirmation-round-calibrated-p4-0006-cc25eac636d0d584,4,calibrated,smoothed_joint,confirmation,extreme,combined_cover,mixed_extreme150_after_observable_screen,unresolved,True,True,current,True,0,-2504.060453000001,-2504.060453000001,23.59503338980245,10612.659078,8108.598625,-9225.302268439384,-67,-87,-261.0,-1,-1845.0604536878764,-335.0,-63.0,-261.0,0.0,729.0559059999987
p4-refinement-confirmation-round-calibrated-p4-0006-cc25eac636d0d584,4,calibrated,smoothed_joint,confirmation,extreme,coverage,mixed_extreme150_after_observable_screen,unresolved,True,True,current,True,0,-2469.4519490000002,-2469.4519490000002,23.26892752184195,10612.659078,8143.207129,-9067.25975495826,-67,-86,-258.0,-1,-1813.4519509916518,-335.0,-63.0,-258.0,0.0,729.0559059999996
p4-refinement-confirmation-round-calibrated-p4-0007-0bf6ead10a1fb1c7,4,calibrated,broad_joint,confirmation,extreme,combined_cover,mixed_extreme150_after_observable_screen,unresolved,True,True,current,True,0,-2653.3151049999997,-2653.3151049999997,24.58065523019794,10794.322121,8141.007016,-11371.575534692038,-68,7,21.0,2,-2274.3151069384076,-340.0,-60.0,21.0,0.0,1403.5524819999991
p4-refinement-confirmation-round-calibrated-p4-0007-0bf6ead10a1fb1c7,4,calibrated,broad_joint,confirmation,extreme,coverage,mixed_extreme150_after_observable_screen,unresolved,True,True,current,True,0,-2338.7994259999996,-2338.7994259999996,21.66694119170246,10794.322121,8455.522695,-10323.997133017445,-68,42,126.0,2,-2064.7994266034893,-340.0,-60.0,126.0,0.0,1402.8012719999997
p4-refinement-confirmation-round-calibrated-p4-0008-7511eba431662ade,4,calibrated,smoothed_joint,confirmation,correlated,combined_cover,mixed_correlated150_after_observable_screen,unresolved,True,True,current,True,0,-1191.3351900000016,-1191.3351900000016,11.812746814323894,10085.166547,8893.831357,-4391.67593961009,-51,-4,-12.0,1,-878.3351879220181,-255.0,-46.0,-12.0,0.0,-1257.4943670000011
p4-refinement-confirmation-round-calibrated-p4-0008-7511eba431662ade,4,calibrated,smoothed_joint,confirmation,correlated,coverage,mixed_correlated150_after_observable_screen,unresolved,True,True,current,True,0,-1098.7814240000007,-1098.7814240000007,10.895025073501154,10085.166547,8986.385123,-4108.907114424779,-51,8,24.0,1,-821.7814228849556,-255.0,-46.0,24.0,0.0,-1257.4943670000011
p4-refinement-confirmation-round-calibrated-p4-0009-1dced213915903a2,4,calibrated,broad_joint,confirmation,correlated,combined_cover,mixed_correlated150_after_observable_screen,unresolved,True,True,current,True,0,-1290.1256350000003,-1290.1256350000003,12.514410074810629,10309.120664,9018.995029,-5680.628185699599,-28,2,6.0,0,-1136.1256371399204,-140.0,-20.0,6.0,0.0,-2541.4758440000005
p4-refinement-confirmation-round-calibrated-p4-0009-1dced213915903a2,4,calibrated,broad_joint,confirmation,correlated,coverage,mixed_correlated150_after_observable_screen,unresolved,True,True,current,True,0,-1323.5503580000004,-1323.5503580000004,12.838634847120462,10309.120664,8985.570306,-5802.751791264534,-28,-1,-3.0,0,-1160.5503582529072,-140.0,-20.0,-3.0,0.0,-2538.1780590000008
p4-refinement-confirmation-round-calibrated-p4-0010-8d6a2e034a7ef741,4,calibrated,smoothed_joint,confirmation,extreme,combined_cover,mixed_extreme150_after_observable_screen,unresolved,True,True,current,True,0,-1356.453207999999,-1356.453207999999,12.634140707605171,10736.410488,9379.95728,-5162.266014373105,-80,50,150.0,-2,-1032.4532028746207,-400.0,-74.0,150.0,0.0,0.0
p4-refinement-confirmation-round-calibrated-p4-0010-8d6a2e034a7ef741,4,calibrated,smoothed_joint,confirmation,extreme,coverage,mixed_extreme150_after_observable_screen,unresolved,True,True,current,True,0,-797.5490919999993,-797.5490919999993,7.428451928988871,10736.410488,9938.861396,-3342.745449087706,-80,115,345.0,-2,-668.5490898175412,-400.0,-74.0,345.0,0.0,0.0
p4-refinement-confirmation-round-calibrated-p4-0011-0eaad580555206d0,4,calibrated,broad_joint,confirmation,extreme,combined_cover,mixed_extreme150_after_observable_screen,unresolved,True,True,current,True,0,-1880.0908739999995,-1880.0908739999995,17.81517507695384,10553.311241,8673.220367,-7755.454356716025,-49,-13,-39.0,-1,-1551.0908713432054,-245.0,-45.0,-39.0,0.0,-1281.7005949999984
p4-refinement-confirmation-round-calibrated-p4-0011-0eaad580555206d0,4,calibrated,broad_joint,confirmation,extreme,coverage,mixed_extreme150_after_observable_screen,unresolved,True,True,current,True,0,-1536.5575389999995,-1536.5575389999995,14.559956623191567,10553.311241,9016.753702,-6517.787690793841,-49,19,57.0,-1,-1303.5575381587687,-245.0,-45.0,57.0,0.0,-1284.7585179999987
p4-refinement-confirmation-round-calibrated-p4-0012-9ef77128f7777a58,4,calibrated,smoothed_joint,confirmation,correlated,combined_cover,mixed_correlated150_after_observable_screen,unresolved,True,True,current,True,0,-1943.3898250000002,-1943.3898250000002,17.599401645248605,11042.363054,9098.973229,-7386.949130451983,-86,15,45.0,0,-1477.389826090397,-430.0,-81.0,45.0,0.0,0.0
p4-refinement-confirmation-round-calibrated-p4-0012-9ef77128f7777a58,4,calibrated,smoothed_joint,confirmation,correlated,coverage,mixed_correlated150_after_observable_screen,unresolved,True,True,current,True,0,-1642.2768849999993,-1642.2768849999993,14.872513038820063,11042.363054,9400.086169,-6301.384446274846,-86,43,129.0,0,-1260.2768892549693,-430.0,-81.0,129.0,0.0,0.0
p4-refinement-confirmation-round-calibrated-p4-0013-8dc479775eb179cf,4,calibrated,broad_joint,confirmation,correlated,combined_cover,mixed_correlated150_after_observable_screen,unresolved,True,True,current,True,0,-951.94506,-951.94506,8.989206371931514,10589.867677,9637.922617,-4414.725303953834,-48,71,213.0,0,-882.9450607907665,-240.0,-42.0,213.0,0.0,0.0
p4-refinement-confirmation-round-calibrated-p4-0013-8dc479775eb179cf,4,calibrated,broad_joint,confirmation,correlated,coverage,mixed_correlated150_after_observable_screen,unresolved,True,True,current,True,0,-1367.9068160000006,-1367.9068160000006,12.91712850171811,10589.867677,9221.960861,-5729.534089700341,-48,20,60.0,0,-1145.9068179400674,-240.0,-42.0,60.0,0.0,0.0
p4-refinement-confirmation-round-calibrated-p4-0014-9a6267de79b0587d,4,calibrated,smoothed_joint,confirmation,extreme,combined_cover,mixed_extreme150_after_observable_screen,unresolved,True,True,current,True,0,-1038.9076129999994,-1038.9076129999994,10.491096840038002,9902.754963,8863.84735,-2389.5380599903656,-106,24,72.0,1,-477.90761199807366,-530.0,-103.0,72.0,0.0,-1384.4790670000002
p4-refinement-confirmation-round-calibrated-p4-0014-9a6267de79b0587d,4,calibrated,smoothed_joint,confirmation,extreme,coverage,mixed_extreme150_after_observable_screen,unresolved,True,True,current,True,0,-1306.0975959999996,-1306.0975959999996,13.189234721852824,9902.754963,8596.657367,-3200.487966739769,-106,-11,-33.0,1,-640.097593347954,-530.0,-103.0,-33.0,0.0,-1384.4790670000002
p4-refinement-confirmation-round-calibrated-p4-0015-90d21d9bdaf5dbeb,4,calibrated,broad_joint,confirmation,extreme,combined_cover,mixed_extreme150_after_observable_screen,unresolved,True,True,current,True,0,-1140.344658,-1140.344658,11.295462527528143,10095.599496,8955.254838,-6546.7232767047535,-25,104,312.0,-2,-1309.3446553409512,-125.0,-18.0,312.0,0.0,791.3815960000011
p4-refinement-confirmation-round-calibrated-p4-0015-90d21d9bdaf5dbeb,4,calibrated,broad_joint,confirmation,extreme,coverage,mixed_extreme150_after_observable_screen,unresolved,True,True,current,True,0,-767.6806090000009,-767.6806090000009,7.604111170457637,10095.599496,9327.918887,-5238.403023465638,-25,141,423.0,-1,-1047.6806046931279,-125.0,-18.0,423.0,0.0,791.3815959999993
p4-refinement-confirmation-round-calibrated-p4-0016-cd6d38d689acd150,4,calibrated,smoothed_joint,confirmation,correlated,combined_cover,mixed_correlated150_after_observable_screen,unresolved,True,True,current,True,0,-3253.2757110000002,-3253.2757110000002,26.569782138996846,12244.269426,8990.993715,-11951.378573242459,-74,-142,-426.0,-3,-2390.275714648492,-370.0,-67.0,-426.0,0.0,0.0
p4-refinement-confirmation-round-calibrated-p4-0016-cd6d38d689acd150,4,calibrated,smoothed_joint,confirmation,correlated,coverage,mixed_correlated150_after_observable_screen,unresolved,True,True,current,True,0,-3060.3285210000013,-3060.3285210000013,24.993965867016698,12244.269426,9183.940905,-11016.642628610949,-74,-140,-420.0,-3,-2203.3285257221905,-370.0,-67.0,-420.0,0.0,0.0
p4-refinement-confirmation-round-calibrated-p4-0017-5fc6a614f9235642,4,calibrated,broad_joint,confirmation,correlated,combined_cover,mixed_correlated150_after_observable_screen,unresolved,True,True,current,True,0,-2460.894703,-2460.894703,21.939047202085572,11216.962525,8756.067822,-11789.473531586744,-7,-22,-66.0,-1,-2357.894706317349,-35.0,-2.0,-66.0,0.0,0.0
p4-refinement-confirmation-round-calibrated-p4-0017-5fc6a614f9235642,4,calibrated,broad_joint,confirmation,correlated,coverage,mixed_correlated150_after_observable_screen,unresolved,True,True,current,True,0,-2175.725966,-2175.725966,19.39674810494207,11216.962525,9041.236559,-10873.629833806532,-7,12,36.0,-1,-2174.725966761307,-35.0,-2.0,36.0,0.0,0.0
p4-refinement-confirmation-round-calibrated-p4-0018-b49e5cb0e2059bb0,4,calibrated,smoothed_joint,confirmation,extreme,combined_cover,mixed_extreme150_after_observable_screen,unresolved,True,True,current,True,0,-1355.5428780000002,-1355.5428780000002,13.436754240547481,10088.320838,8732.77796,-4657.714386786654,-80,17,51.0,-1,-931.5428773573312,-400.0,-75.0,51.0,0.0,-1119.960293
p4-refinement-confirmation-round-calibrated-p4-0018-b49e5cb0e2059bb0,4,calibrated,smoothed_joint,confirmation,extreme,coverage,mixed_extreme150_after_observable_screen,unresolved,True,True,current,True,0,-1872.4459200000001,-1872.4459200000001,18.560531034530527,10088.320838,8215.874918,-6327.229616419798,-80,-44,-132.0,-1,-1265.44592328396,-400.0,-75.0,-132.0,0.0,-1119.960293
p4-refinement-confirmation-round-calibrated-p4-0019-c19ba2482c8381a5,4,calibrated,broad_joint,confirmation,extreme,combined_cover,mixed_extreme150_after_observable_screen,unresolved,True,True,current,True,0,-2536.4253040000003,-2536.4253040000003,25.027450761466934,10134.573146,7598.147842,-10067.126512499588,-84,-10,-30.0,1,-2013.425302499918,-420.0,-73.0,-30.0,0.0,959.817892
p4-refinement-confirmation-round-calibrated-p4-0019-c19ba2482c8381a5,4,calibrated,broad_joint,confirmation,extreme,coverage,mixed_extreme150_after_observable_screen,unresolved,True,True,current,True,0,-2407.346490000001,-2407.346490000001,23.7538025067208,10134.573146,7727.226656,-9646.73245032717,-84,5,15.0,1,-1929.3464900654344,-420.0,-73.0,15.0,0.0,955.610162
p4-refinement-confirmation-round-calibrated-p4-0020-59cbcea7feef392b,4,calibrated,smoothed_joint,confirmation,correlated,combined_cover,mixed_correlated150_after_observable_screen,unresolved,True,True,current,True,0,-1663.4417819999999,-1663.4417819999999,16.003073968408305,10394.514112,8731.07233,-6112.208916183503,-67,-15,-45.0,3,-1222.4417832367008,-335.0,-61.0,-45.0,0.0,873.0116510000007
p4-refinement-confirmation-round-calibrated-p4-0020-59cbcea7feef392b,4,calibrated,smoothed_joint,confirmation,correlated,coverage,mixed_correlated150_after_observable_screen,unresolved,True,True,current,True,0,-1625.2462350000005,-1625.2462350000005,15.635615262898403,10394.514112,8769.267877,-5846.231189679333,-67,-20,-60.0,3,-1169.2462379358667,-335.0,-61.0,-60.0,0.0,873.0116509999998
p4-refinement-confirmation-round-calibrated-p4-0021-4dca4721343a8424,4,calibrated,broad_joint,confirmation,correlated,combined_cover,mixed_correlated150_after_observable_screen,unresolved,True,True,current,True,0,200.09903899999972,200.09903899999972,-2.473974268434781,8088.16169,8288.260729,2525.495191652244,25,-150,-450.0,-4,505.0990383304488,125.0,20.0,-450.0,0.0,0.0
p4-refinement-confirmation-round-calibrated-p4-0021-4dca4721343a8424,4,calibrated,broad_joint,confirmation,correlated,coverage,mixed_correlated150_after_observable_screen,unresolved,True,True,current,True,0,232.24304700000084,232.24304700000084,-2.8713947112004488,8088.16169,8320.404737,2596.2152341717265,25,-144,-432.0,-4,519.2430468343455,125.0,20.0,-432.0,0.0,0.0
p4-refinement-confirmation-round-calibrated-p4-0022-8eae6d6b0d0c0f6c,4,calibrated,smoothed_joint,confirmation,extreme,combined_cover,mixed_extreme150_after_observable_screen,unresolved,True,True,current,True,0,-1698.814848,-1698.814848,15.432322705696837,11008.160472,9309.345624,-6969.074242854607,-26,-52,-156.0,2,-1393.8148485709207,-130.0,-19.0,-156.0,0.0,0.0
p4-refinement-confirmation-round-calibrated-p4-0022-8eae6d6b0d0c0f6c,4,calibrated,smoothed_joint,confirmation,extreme,coverage,mixed_extreme150_after_observable_screen,unresolved,True,True,current,True,0,-1373.0695240000005,-1373.0695240000005,12.47319683876789,11008.160472,9635.090948,-5940.347605989227,-26,-12,-36.0,2,-1188.0695211978455,-130.0,-19.0,-36.0,0.0,0.0
p4-refinement-confirmation-round-calibrated-p4-0023-05693fcbac6b5818,4,calibrated,broad_joint,confirmation,extreme,combined_cover,mixed_extreme150_after_observable_screen,unresolved,True,True,current,True,0,-2237.7608409999993,-2237.7608409999993,21.366425911420077,10473.257672,8235.496831,-9678.804201450272,-45,-13,-39.0,0,-1935.7608402900541,-225.0,-38.0,-39.0,0.0,1194.0108980000005
p4-refinement-confirmation-round-calibrated-p4-0023-05693fcbac6b5818,4,calibrated,broad_joint,confirmation,extreme,coverage,mixed_extreme150_after_observable_screen,unresolved,True,True,current,True,0,-2258.808660999999,-2258.808660999999,21.56739318119585,10473.257672,8214.449011,-9634.04330586514,-45,-23,-69.0,0,-1926.8086611730278,-225.0,-38.0,-69.0,0.0,1194.0108980000005
p4-refinement-confirmation-round-calibrated-p4-0024-2286019f77ca1343,4,calibrated,smoothed_joint,confirmation,correlated,combined_cover,mixed_correlated150_after_observable_screen,unresolved,True,True,current,True,0,-2528.097258,-2528.097258,20.723768683373418,12199.022758,9670.9255,-10035.486287730724,-61,-54,-162.0,-2,-2007.0972575461456,-305.0,-54.0,-162.0,0.0,0.0
p4-refinement-confirmation-round-calibrated-p4-0024-2286019f77ca1343,4,calibrated,smoothed_joint,confirmation,correlated,coverage,mixed_correlated150_after_observable_screen,unresolved,True,True,current,True,0,-2788.3298489999997,-2788.3298489999997,22.85699358312485,12199.022758,9410.692909,-10811.64925338509,-61,-89,-267.0,-2,-2162.329850677019,-305.0,-54.0,-267.0,0.0,0.0
p4-refinement-confirmation-round-calibrated-p4-0025-bde6c8b02525de99,4,calibrated,broad_joint,confirmation,correlated,combined_cover,mixed_correlated150_after_observable_screen,unresolved,True,True,current,True,0,-1542.1494330000005,-1542.1494330000005,14.225597147430245,10840.665717,9298.516284,-5570.747181648549,-98,52,156.0,0,-1114.1494363297097,-490.0,-94.0,156.0,0.0,0.0
p4-refinement-confirmation-round-calibrated-p4-0025-bde6c8b02525de99,4,calibrated,broad_joint,confirmation,correlated,coverage,mixed_correlated150_after_observable_screen,unresolved,True,True,current,True,0,-1386.5650910000004,-1386.5650910000004,12.790405379123824,10840.665717,9454.100626,-4837.825472889679,-98,55,165.0,0,-967.5650945779362,-490.0,-94.0,165.0,0.0,0.0
p4-refinement-confirmation-round-calibrated-p4-0026-c2623f931fa3568e,4,calibrated,smoothed_joint,confirmation,extreme,combined_cover,mixed_extreme150_after_observable_screen,unresolved,True,True,current,True,0,-1685.8530009999995,-1685.8530009999995,16.733820750675513,10074.525275,8388.672274,-6934.265017930993,-49,-4,-12.0,2,-1386.8530035861986,-245.0,-42.0,-12.0,0.0,-98.01014999999916
p4-refinement-confirmation-round-calibrated-p4-0026-c2623f931fa3568e,4,calibrated,smoothed_joint,confirmation,extreme,coverage,mixed_extreme150_after_observable_screen,unresolved,True,True,current,True,0,-1502.6091539999998,-1502.6091539999998,14.914937557690525,10074.525275,8571.916121,-6333.045774167673,-49,17,51.0,2,-1266.6091548335344,-245.0,-42.0,51.0,0.0,-100.20880699999998
p4-refinement-confirmation-round-calibrated-p4-0027-cd4de19481347cc4,4,calibrated,broad_joint,confirmation,extreme,combined_cover,mixed_extreme150_after_observable_screen,unresolved,True,True,current,True,0,-2159.5585069999997,-2159.5585069999997,19.11225786464326,11299.337432,9139.778925,-9222.792531272018,-12,-83,-249.0,1,-1844.5585062544033,-60.0,-6.0,-249.0,0.0,0.0
p4-refinement-confirmation-round-calibrated-p4-0027-cd4de19481347cc4,4,calibrated,broad_joint,confirmation,extreme,coverage,mixed_extreme150_after_observable_screen,unresolved,True,True,current,True,0,-1868.4377820000009,-1868.4377820000009,16.53581719498472,11299.337432,9430.89965,-8202.188904739,-12,-54,-162.0,1,-1640.4377809478,-60.0,-6.0,-162.0,0.0,0.0
p4-refinement-confirmation-round-calibrated-p4-0028-0ef40e4d23b5c44e,4,calibrated,smoothed_joint,confirmation,correlated,combined_cover,mixed_correlated150_after_observable_screen,unresolved,True,True,current,True,0,-1597.371702999999,-1597.371702999999,15.812607016527489,10101.887066,8504.515363,-6881.858502083633,-39,3,9.0,-3,-1376.3717004167265,-195.0,-35.0,9.0,0.0,194.4070380000012
p4-refinement-confirmation-round-calibrated-p4-0028-0ef40e4d23b5c44e,4,calibrated,smoothed_joint,confirmation,correlated,coverage,mixed_correlated150_after_observable_screen,unresolved,True,True,current,True,0,-1040.4560939999992,-1040.4560939999992,10.299621122293779,10101.887066,9061.430972,-5012.280467905344,-39,64,192.0,-3,-1002.4560935810687,-195.0,-35.0,192.0,0.0,194.40703799999937
p4-refinement-confirmation-round-calibrated-p4-0029-9167cc00e1b94bf7,4,calibrated,broad_joint,confirmation,correlated,combined_cover,mixed_correlated150_after_observable_screen,unresolved,True,True,current,True,0,-320.9539939999995,-320.9539939999995,3.2947258717730965,9741.447589,9420.493595,-1369.769969119603,-73,128,384.0,2,-273.95399382392134,-365.0,-66.0,384.0,0.0,90.83382999999958
p4-refinement-confirmation-round-calibrated-p4-0029-9167cc00e1b94bf7,4,calibrated,broad_joint,confirmation,correlated,coverage,mixed_correlated150_after_observable_screen,unresolved,True,True,current,True,0,-24.929253000000244,-24.929253000000244,0.25590912205030236,9741.447589,9716.518336,-129.64626255306212,-73,144,432.0,2,-25.92925251061297,-365.0,-66.0,432.0,0.0,93.88516499999969
p4-refinement-confirmation-round-calibrated-p4-0030-f81a403bf63f58fb,4,calibrated,smoothed_joint,confirmation,extreme,combined_cover,mixed_extreme150_after_observable_screen,unresolved,True,True,current,True,0,-1769.4538219999995,-1769.4538219999995,17.0634878324277,10369.82497,8600.371148,-7897.26910305729,-42,18,54.0,1,-1579.4538206114585,-210.0,-34.0,54.0,0.0,896.8629289999999
p4-refinement-confirmation-round-calibrated-p4-0030-f81a403bf63f58fb,4,calibrated,smoothed_joint,confirmation,extreme,coverage,mixed_extreme150_after_observable_screen,unresolved,True,True,current,True,0,-1464.0289119999998,-1464.0289119999998,14.118164156438986,10369.82497,8905.796058,-6835.144531329061,-42,49,147.0,1,-1367.028906265812,-210.0,-34.0,147.0,0.0,893.1043069999996
p4-refinement-confirmation-round-calibrated-p4-0031-8821f37e6d1173fa,4,calibrated,broad_joint,confirmation,extreme,combined_cover,mixed_extreme150_after_observable_screen,unresolved,True,True,current,True,0,-1109.5902889999998,-1109.5902889999998,9.561128537072376,11605.22301,10495.632721,-4072.9514383604474,-55,10,30.0,3,-814.5902876720902,-275.0,-50.0,30.0,0.0,0.0
p4-refinement-confirmation-round-calibrated-p4-0031-8821f37e6d1173fa,4,calibrated,broad_joint,confirmation,extreme,coverage,mixed_extreme150_after_observable_screen,unresolved,True,True,current,True,0,-272.7132819999988,-272.7132819999988,2.3499184958790273,11605.22301,11332.509728,-1073.566405662008,-55,89,267.0,3,-214.7132811324027,-275.0,-50.0,267.0,0.0,0.0
p4-refinement-confirmation-round-calibrated-p4-0032-7770639ffa4d894e,4,calibrated,smoothed_joint,confirmation,correlated,combined_cover,mixed_correlated150_after_observable_screen,unresolved,True,True,current,True,0,-2929.331769999999,-2929.331769999999,25.136157345483728,11653.856752,8724.524982,-12386.658830980894,-10,-133,-399.0,1,-2477.331766196179,-50.0,-3.0,-399.0,0.0,0.0
p4-refinement-confirmation-round-calibrated-p4-0032-7770639ffa4d894e,4,calibrated,smoothed_joint,confirmation,correlated,coverage,mixed_correlated150_after_observable_screen,unresolved,True,True,current,True,0,-2871.5494799999997,-2871.5494799999997,24.640336166026692,11653.856752,8782.307272,-12232.747391050172,-10,-124,-372.0,1,-2446.549478210035,-50.0,-3.0,-372.0,0.0,0.0
p4-refinement-confirmation-round-calibrated-p4-0033-ab8e4ce92add3e7d,4,calibrated,broad_joint,confirmation,correlated,combined_cover,mixed_correlated150_after_observable_screen,unresolved,True,True,current,True,0,-2373.6195750000006,-2373.6195750000006,21.886813526809703,10844.975547,8471.355972,-8603.09787606194,-52,-115,-345.0,1,-1720.6195752123876,-260.0,-48.0,-345.0,0.0,-1204.6537480000006
p4-refinement-confirmation-round-calibrated-p4-0033-ab8e4ce92add3e7d,4,calibrated,broad_joint,confirmation,correlated,coverage,mixed_correlated150_after_observable_screen,unresolved,True,True,current,True,0,-2354.703925,-2354.703925,21.712394968482634,10844.975547,8490.271622,-8523.519613530741,-52,-114,-342.0,1,-1704.7039227061487,-260.0,-48.0,-342.0,0.0,-1204.6537480000006
p4-refinement-confirmation-round-calibrated-p4-0034-7b133172060df8cd,4,calibrated,smoothed_joint,confirmation,extreme,combined_cover,mixed_extreme150_after_observable_screen,unresolved,True,True,current,True,0,-1322.0485019999996,-1322.0485019999996,13.159569575094256,10046.289846,8724.241344,-4370.242521987871,-70,-11,-33.0,-3,-874.048504397575,-350.0,-65.0,-33.0,0.0,-1225.6384020000005
p4-refinement-confirmation-round-calibrated-p4-0034-7b133172060df8cd,4,calibrated,smoothed_joint,confirmation,extreme,coverage,mixed_extreme150_after_observable_screen,unresolved,True,True,current,True,0,-1301.534169999999,-1301.534169999999,12.955371484909067,10046.289846,8744.755676,-4312.670864012653,-70,-8,-24.0,-3,-862.5341728025305,-350.0,-65.0,-24.0,0.0,-1225.6384020000005
p4-refinement-confirmation-round-calibrated-p4-0035-1847f2908149ff49,4,calibrated,broad_joint,confirmation,extreme,combined_cover,mixed_extreme150_after_observable_screen,unresolved,True,True,current,True,0,-446.4574139999986,-446.4574139999986,4.500027377088991,9921.215508,9474.758094,-1502.2870806241626,-49,48,144.0,-2,-300.457416124832,-245.0,-45.0,144.0,0.0,-3510.003242999999
p4-refinement-confirmation-round-calibrated-p4-0035-1847f2908149ff49,4,calibrated,broad_joint,confirmation,extreme,coverage,mixed_extreme150_after_observable_screen,unresolved,True,True,current,True,0,-846.700558999999,-846.700558999999,8.534242183503217,9921.215508,9074.514949,-2723.5028171472877,-49,-4,-12.0,-2,-544.7005634294574,-245.0,-45.0,-12.0,0.0,-3510.003242999999
p4-refinement-confirmation-round-calibrated-p4-0036-5c8ce9cdfffca395,4,calibrated,smoothed_joint,confirmation,correlated,combined_cover,mixed_correlated150_after_observable_screen,unresolved,True,True,current,True,0,-1662.0175550000004,-1662.0175550000004,16.5902823381558,10018.018507,8356.000952,-5960.0877838612105,-73,-12,-36.0,0,-1192.0175567722426,-365.0,-69.0,-36.0,0.0,-229.57140099999924
p4-refinement-confirmation-round-calibrated-p4-0036-5c8ce9cdfffca395,4,calibrated,smoothed_joint,confirmation,correlated,coverage,mixed_correlated150_after_observable_screen,unresolved,True,True,current,True,0,-1704.1145649999999,-1704.1145649999999,17.010495277177466,10018.018507,8313.903942,-6080.572840663721,-73,-18,-54.0,0,-1216.1145681327444,-365.0,-69.0,-54.0,0.0,-224.0004999999992
p4-refinement-confirmation-round-calibrated-p4-0037-1e58652adbed6252,4,calibrated,broad_joint,confirmation,correlated,combined_cover,mixed_correlated150_after_observable_screen,unresolved,True,True,current,True,0,-1622.2235519999995,-1622.2235519999995,16.440989541157663,9866.945952,8244.7224,-5946.117761222697,-64,-19,-57.0,0,-1189.2235522445399,-320.0,-56.0,-57.0,0.0,-1987.8533749999988
p4-refinement-confirmation-round-calibrated-p4-0037-1e58652adbed6252,4,calibrated,broad_joint,confirmation,correlated,coverage,mixed_correlated150_after_observable_screen,unresolved,True,True,current,True,0,-1524.3632799999996,-1524.3632799999996,15.449190533885671,9866.945952,8342.582672,-5696.816399215455,-64,-3,-9.0,0,-1139.3632798430917,-320.0,-56.0,-9.0,0.0,-1991.6325699999989
p4-refinement-confirmation-round-calibrated-p4-0038-2f1ff8484cce2468,4,calibrated,smoothed_joint,confirmation,extreme,combined_cover,mixed_extreme150_after_observable_screen,unresolved,True,True,current,True,0,-1829.4181069999995,-1829.4181069999995,17.12123917868024,10685.080022,8855.661915,-6762.090527429842,-53,-55,-165.0,0,-1352.4181054859682,-265.0,-47.0,-165.0,0.0,-3204.7041719999997
p4-refinement-confirmation-round-calibrated-p4-0038-2f1ff8484cce2468,4,calibrated,smoothed_joint,confirmation,extreme,coverage,mixed_extreme150_after_observable_screen,unresolved,True,True,current,True,0,-1795.3260069999997,-1795.3260069999997,16.80217652374639,10685.080022,8889.754015,-6591.6300262300065,-53,-55,-165.0,0,-1318.326005246001,-265.0,-47.0,-165.0,0.0,-3204.7041719999997
p4-refinement-confirmation-round-calibrated-p4-0039-418177b40c54ec43,4,calibrated,broad_joint,confirmation,extreme,combined_cover,mixed_extreme150_after_observable_screen,unresolved,True,True,current,True,0,-1850.198751,-1850.198751,17.199258137879774,10757.433467,8907.234716,-7700.993748229615,-52,-1,-3.0,2,-1540.1987496459233,-260.0,-47.0,-3.0,0.0,-849.8443360000001
p4-refinement-confirmation-round-calibrated-p4-0039-418177b40c54ec43,4,calibrated,broad_joint,confirmation,extreme,coverage,mixed_extreme150_after_observable_screen,unresolved,True,True,current,True,0,-1503.8661380000012,-1503.8661380000012,13.979785630218679,10757.433467,9253.567329,-6239.330678672806,-52,17,51.0,2,-1247.8661357345618,-260.0,-47.0,51.0,0.0,-848.4378050000014
p4-refinement-confirmation-round-calibrated-p4-0040-3a189ec12140f45b,4,calibrated,smoothed_joint,confirmation,correlated,combined_cover,mixed_correlated150_after_observable_screen,unresolved,True,True,current,True,0,-1475.7350540000007,-1475.7350540000007,12.918282013488163,11423.616952,9947.881898,-4988.675274295289,-72,-18,-54.0,-1,-997.7350548590584,-360.0,-64.0,-54.0,0.0,-1976.5029699999996
p4-refinement-confirmation-round-calibrated-p4-0040-3a189ec12140f45b,4,calibrated,smoothed_joint,confirmation,correlated,coverage,mixed_correlated150_after_observable_screen,unresolved,True,True,current,True,0,-1457.350284,-1457.350284,12.757345507325097,11423.616952,9966.266668,-4656.75142369869,-72,-34,-102.0,-1,-931.3502847397385,-360.0,-64.0,-102.0,0.0,-1976.5029699999996
p4-refinement-confirmation-round-calibrated-p4-0041-bdebd9b89cc369f4,4,calibrated,broad_joint,confirmation,correlated,combined_cover,mixed_correlated150_after_observable_screen,unresolved,True,True,current,True,0,-1512.4917929999992,-1512.4917929999992,12.210588504192081,12386.72315,10874.231357,-7742.458978572875,0,10,30.0,0,-1548.4917957145735,0.0,6.0,30.0,0.0,0.0
p4-refinement-confirmation-round-calibrated-p4-0041-bdebd9b89cc369f4,4,calibrated,broad_joint,confirmation,correlated,coverage,mixed_correlated150_after_observable_screen,unresolved,True,True,current,True,0,-1496.846528,-1496.846528,12.084281773908867,12386.72315,10889.876622,-7424.232655820728,0,-6,-18.0,0,-1484.8465311641448,0.0,6.0,-18.0,0.0,0.0
p4-refinement-confirmation-round-calibrated-p4-0042-32974925c219e955,4,calibrated,smoothed_joint,confirmation,extreme,combined_cover,mixed_extreme150_after_observable_screen,unresolved,True,True,current,True,0,-1950.9390289999992,-1950.9390289999992,16.057054215755727,12150.043232,10199.104203,-6789.695125659302,-62,-76,-228.0,0,-1357.939025131861,-310.0,-55.0,-228.0,0.0,0.0
p4-refinement-confirmation-round-calibrated-p4-0042-32974925c219e955,4,calibrated,smoothed_joint,confirmation,extreme,coverage,mixed_extreme150_after_observable_screen,unresolved,True,True,current,True,0,-674.3538360000002,-674.3538360000002,5.550217584608511,12150.043232,11475.689396,-2446.769177020702,-62,60,180.0,0,-489.35383540414114,-310.0,-55.0,180.0,0.0,0.0
p4-refinement-confirmation-round-calibrated-p4-0043-0345f52ffdde27be,4,calibrated,broad_joint,confirmation,extreme,combined_cover,mixed_extreme150_after_observable_screen,unresolved,True,True,current,True,0,-1409.506856,-1409.506856,13.25833623562185,10631.099038,9221.592182,-5552.534284037123,-52,2,6.0,-4,-1110.5068568074257,-260.0,-45.0,6.0,0.0,0.0
p4-refinement-confirmation-round-calibrated-p4-0043-0345f52ffdde27be,4,calibrated,broad_joint,confirmation,extreme,coverage,mixed_extreme150_after_observable_screen,unresolved,True,True,current,True,0,-825.6708610000005,-825.6708610000005,7.76656165132793,10631.099038,9805.428177,-3668.3542956345846,-52,71,213.0,-3,-733.670859126918,-260.0,-45.0,213.0,0.0,0.0
p4-refinement-confirmation-round-calibrated-p4-0044-d32c0f7d8eda4e67,4,calibrated,smoothed_joint,confirmation,correlated,combined_cover,mixed_correlated150_after_observable_screen,unresolved,True,True,current,True,0,-1062.504031999999,-1062.504031999999,10.547475297312701,10073.538947,9011.034915,-3567.5201624694964,-57,-4,-12.0,-3,-713.5040324938991,-285.0,-52.0,-12.0,0.0,0.0
p4-refinement-confirmation-round-calibrated-p4-0044-d32c0f7d8eda4e67,4,calibrated,smoothed_joint,confirmation,correlated,coverage,mixed_correlated150_after_observable_screen,unresolved,True,True,current,True,0,-911.6186799999996,-911.6186799999996,9.049636724455102,10073.538947,9161.920267,-2948.0934055280813,-57,5,15.0,-2,-589.6186811056159,-285.0,-52.0,15.0,0.0,0.0
p4-refinement-confirmation-round-calibrated-p4-0045-d9ef6f2ce88b8d1f,4,calibrated,broad_joint,confirmation,correlated,combined_cover,mixed_correlated150_after_observable_screen,unresolved,True,True,current,True,0,-966.0633130000006,-966.0633130000006,10.01971574092777,9641.623954,8675.560641,-3440.3165793224034,-45,-5,-15.0,0,-688.0633158644805,-225.0,-38.0,-15.0,0.0,-2924.489966000001
p4-refinement-confirmation-round-calibrated-p4-0045-d9ef6f2ce88b8d1f,4,calibrated,broad_joint,confirmation,correlated,coverage,mixed_correlated150_after_observable_screen,unresolved,True,True,current,True,0,-957.3623540000008,-957.3623540000008,9.929472032590754,9641.623954,8684.2616,-3761.811777252893,-45,19,57.0,0,-752.3623554505784,-225.0,-37.0,57.0,0.0,-2924.489966000001
p4-refinement-confirmation-round-calibrated-p4-0046-41039601612581d0,4,calibrated,smoothed_joint,confirmation,extreme,combined_cover,mixed_extreme150_after_observable_screen,unresolved,True,True,current,True,0,-1574.0113219999985,-1574.0113219999985,13.789118508692464,11414.879936,9840.868614,-6640.056615178059,-60,35,105.0,0,-1328.011323035612,-300.0,-51.0,105.0,0.0,0.0
p4-refinement-confirmation-round-calibrated-p4-0046-41039601612581d0,4,calibrated,smoothed_joint,confirmation,extreme,coverage,mixed_extreme150_after_observable_screen,unresolved,True,True,current,True,0,228.95412800000122,228.95412800000122,-2.0057515215550423,11414.879936,11643.834064,-700.229370492918,-60,240,720.0,0,-140.04587409858323,-300.0,-51.0,720.0,0.0,0.0
p4-refinement-confirmation-round-calibrated-p4-0047-cbafd087186730ed,4,calibrated,broad_joint,confirmation,extreme,combined_cover,mixed_extreme150_after_observable_screen,unresolved,True,True,current,True,0,-1064.982054,-1064.982054,10.492326515772257,10150.104006,9085.121952,-4204.910276685252,-31,-15,-45.0,1,-840.98205533705,-155.0,-24.0,-45.0,0.0,-3100.831856
p4-refinement-confirmation-round-calibrated-p4-0047-cbafd087186730ed,4,calibrated,broad_joint,confirmation,extreme,coverage,mixed_extreme150_after_observable_screen,unresolved,True,True,current,True,0,-1055.34699,-1055.34699,10.397400749550506,10150.104006,9094.757016,-4186.734971317615,-31,-13,-39.0,1,-837.3469942635229,-155.0,-24.0,-39.0,0.0,-3100.831856
p4-refinement-confirmation-round-calibrated-p4-0048-c016fe9b89a7d928,4,calibrated,smoothed_joint,confirmation,correlated,combined_cover,mixed_correlated150_after_observable_screen,unresolved,True,True,current,True,0,-1587.6898389999988,-1587.6898389999988,15.885374867331171,9994.663974,8406.974135,-5638.449185628211,-51,-53,-159.0,-1,-1127.689837125642,-255.0,-46.0,-159.0,0.0,-118.35199999999804
p4-refinement-confirmation-round-calibrated-p4-0048-c016fe9b89a7d928,4,calibrated,smoothed_joint,confirmation,correlated,coverage,mixed_correlated150_after_observable_screen,unresolved,True,True,current,True,0,-1340.6181769999985,-1340.6181769999985,13.413339162651859,9994.663974,8654.045797,-4838.090876896691,-51,-24,-72.0,-1,-967.618175379338,-255.0,-46.0,-72.0,0.0,-116.209590999998
p4-refinement-confirmation-round-calibrated-p4-0049-667aa302829dd125,4,calibrated,broad_joint,confirmation,correlated,combined_cover,mixed_correlated150_after_observable_screen,unresolved,True,True,current,True,0,-1320.2686459999986,-1320.2686459999986,13.050849743188873,10116.342399,8796.073753,-5496.343247827965,-29,-18,-54.0,2,-1099.2686495655935,-145.0,-22.0,-54.0,0.0,-568.6181079999988
p4-refinement-confirmation-round-calibrated-p4-0049-667aa302829dd125,4,calibrated,broad_joint,confirmation,correlated,coverage,mixed_correlated150_after_observable_screen,unresolved,True,True,current,True,0,-1324.6686419999987,-1324.6686419999987,13.094343684244437,10116.342399,8791.673757,-5518.343229428363,-29,-18,-54.0,2,-1103.668645885673,-145.0,-22.0,-54.0,0.0,-566.353020999999
p4-refinement-confirmation-round-calibrated-p4-0050-e31705f0b681c40a,4,calibrated,smoothed_joint,confirmation,extreme,combined_cover,mixed_extreme150_after_observable_screen,unresolved,True,True,current,True,0,-2277.1272739999986,-2277.1272739999986,19.628128624145482,11601.34681,9324.219536,-9690.636378629722,-41,-33,-99.0,-2,-1938.1272757259449,-205.0,-35.0,-99.0,0.0,1334.5755310000004
p4-refinement-confirmation-round-calibrated-p4-0050-e31705f0b681c40a,4,calibrated,smoothed_joint,confirmation,extreme,coverage,mixed_extreme150_after_observable_screen,unresolved,True,True,current,True,0,-1914.276156,-1914.276156,16.500464880077143,11601.34681,9687.070654,-8221.380809926151,-41,-10,-30.0,-2,-1644.2761619852308,-205.0,-35.0,-30.0,0.0,1334.5755309999986
p4-refinement-confirmation-round-calibrated-p4-0051-92c79a7dcc7e70dd,4,calibrated,broad_joint,confirmation,extreme,combined_cover,mixed_extreme150_after_observable_screen,unresolved,True,True,current,True,0,-1723.0992719999995,-1723.0992719999995,16.48695369245482,10451.289572,8728.1903,-7945.496359090372,-47,47,141.0,3,-1589.0992718180742,-235.0,-40.0,141.0,0.0,947.4360200000001
p4-refinement-confirmation-round-calibrated-p4-0051-92c79a7dcc7e70dd,4,calibrated,broad_joint,confirmation,extreme,coverage,mixed_extreme150_after_observable_screen,unresolved,True,True,current,True,0,-1413.4997949999997,-1413.4997949999997,13.524644832221473,10451.289572,9037.789777,-6952.4989853758525,-47,84,252.0,3,-1390.499797075171,-235.0,-40.0,252.0,0.0,944.8202419999998
p4-refinement-confirmation-round-calibrated-p4-0052-86f0acf8493f425a,4,calibrated,smoothed_joint,confirmation,correlated,combined_cover,mixed_correlated150_after_observable_screen,unresolved,True,True,current,True,0,-1668.176942,-1668.176942,15.71325947922686,10616.36476,8948.187818,-6735.884707602279,-56,3,9.0,2,-1347.1769415204562,-280.0,-50.0,9.0,0.0,0.0
p4-refinement-confirmation-round-calibrated-p4-0052-86f0acf8493f425a,4,calibrated,smoothed_joint,confirmation,correlated,coverage,mixed_correlated150_after_observable_screen,unresolved,True,True,current,True,0,-1653.2001650000002,-1653.2001650000002,15.57218692436864,10616.36476,8963.164595,-6721.000823205373,-56,7,21.0,2,-1344.2001646410754,-280.0,-50.0,21.0,0.0,0.0
p4-refinement-confirmation-round-calibrated-p4-0053-573104e0bc89e329,4,calibrated,broad_joint,confirmation,correlated,combined_cover,mixed_correlated150_after_observable_screen,unresolved,True,True,current,True,0,-1653.5420250000006,-1653.5420250000006,14.89841757603956,11098.776206,9445.234181,-7667.71012480971,-64,86,258.0,2,-1533.5420249619428,-320.0,-58.0,258.0,0.0,1402.5457289999995
p4-refinement-confirmation-round-calibrated-p4-0053-573104e0bc89e329,4,calibrated,broad_joint,confirmation,correlated,coverage,mixed_correlated150_after_observable_screen,unresolved,True,True,current,True,0,-2278.687836000001,-2278.687836000001,20.530982819242194,11098.776206,8820.08837,-9593.439190947203,-64,6,18.0,2,-1918.6878381894412,-320.0,-58.0,18.0,0.0,1405.1935449999992
p4-refinement-confirmation-round-calibrated-p4-0054-74a90dc9cc162255,4,calibrated,smoothed_joint,confirmation,extreme,combined_cover,mixed_extreme150_after_observable_screen,unresolved,True,True,current,True,0,-1613.9594479999996,-1613.9594479999996,15.676415281217606,10295.462445,8681.502997,-6964.797235348546,-66,56,168.0,3,-1392.9594470697093,-330.0,-59.0,168.0,0.0,-1298.6356979999991
p4-refinement-confirmation-round-calibrated-p4-0054-74a90dc9cc162255,4,calibrated,smoothed_joint,confirmation,extreme,coverage,mixed_extreme150_after_observable_screen,unresolved,True,True,current,True,0,-1255.513880999999,-1255.513880999999,12.194827456339665,10295.462445,9039.948564,-5802.569401752073,-66,98,294.0,3,-1160.513880350415,-330.0,-59.0,294.0,0.0,-1295.1785659999987
p4-refinement-confirmation-round-calibrated-p4-0055-b59bf678d8c9451c,4,calibrated,broad_joint,confirmation,extreme,combined_cover,mixed_extreme150_after_observable_screen,unresolved,True,True,current,True,0,-1964.943059000001,-1964.943059000001,18.02934938838204,10898.579958,8933.636899,-5454.715278232972,-72,-149,-447.0,2,-1090.943055646594,-360.0,-67.0,-447.0,0.0,-1175.9806100000005
p4-refinement-confirmation-round-calibrated-p4-0055-b59bf678d8c9451c,4,calibrated,broad_joint,confirmation,extreme,coverage,mixed_extreme150_after_observable_screen,unresolved,True,True,current,True,0,-1845.3996690000004,-1845.3996690000004,16.932478140378297,10898.579958,9053.180289,-5041.998329030415,-72,-137,-411.0,2,-1008.3996658060832,-360.0,-66.0,-411.0,0.0,-1175.9806100000005
p4-refinement-confirmation-round-calibrated-p4-0056-e03da6a96e096b74,4,calibrated,smoothed_joint,confirmation,correlated,combined_cover,mixed_correlated150_after_observable_screen,unresolved,True,True,current,True,0,-1984.0902339999993,-1984.0902339999993,17.666372820250945,11230.886239,9246.796005,-8470.451159929937,-16,-66,-198.0,2,-1694.0902319859879,-80.0,-12.0,-198.0,0.0,959.3987269999998
p4-refinement-confirmation-round-calibrated-p4-0056-e03da6a96e096b74,4,calibrated,smoothed_joint,confirmation,correlated,coverage,mixed_correlated150_after_observable_screen,unresolved,True,True,current,True,0,-2028.128118999999,-2028.128118999999,18.05848688910399,11230.886239,9202.75812,-8600.640585634035,-16,-72,-216.0,2,-1720.1281171268074,-80.0,-12.0,-216.0,0.0,959.3987269999998
p4-refinement-confirmation-round-calibrated-p4-0057-633a561f758a71ed,4,calibrated,broad_joint,confirmation,correlated,combined_cover,mixed_correlated150_after_observable_screen,unresolved,True,True,current,True,0,-3301.5020970000005,-3301.5020970000005,26.767095531882457,12334.18132,9032.679223,-12882.510498812371,-66,-112,-336.0,3,-2576.5020997624742,-330.0,-59.0,-336.0,0.0,1041.5736689999994
p4-refinement-confirmation-round-calibrated-p4-0057-633a561f758a71ed,4,calibrated,broad_joint,confirmation,correlated,coverage,mixed_correlated150_after_observable_screen,unresolved,True,True,current,True,0,-3160.6876649999995,-3160.6876649999995,25.62543538965908,12334.18132,9173.493655,-12298.438331129633,-66,-104,-312.0,3,-2459.6876662259274,-330.0,-59.0,-312.0,0.0,1044.8652460000003
p4-refinement-confirmation-round-calibrated-p4-0058-8b558423e97a9efc,4,calibrated,smoothed_joint,confirmation,extreme,combined_cover,mixed_extreme150_after_observable_screen,unresolved,True,True,current,True,0,-1710.4593380000006,-1710.4593380000006,16.334305141305872,10471.576986,8761.117648,-7427.29670988346,-45,13,39.0,-1,-1485.4593419766916,-225.0,-39.0,39.0,0.0,1116.787281
p4-refinement-confirmation-round-calibrated-p4-0058-8b558423e97a9efc,4,calibrated,smoothed_joint,confirmation,extreme,coverage,mixed_extreme150_after_observable_screen,unresolved,True,True,current,True,0,-1516.1628789999995,-1516.1628789999995,14.478840016427679,10471.576986,8955.414107,-6695.814406416204,-45,29,87.0,-1,-1339.1628812832405,-225.0,-39.0,87.0,0.0,1114.7132420000007
p4-refinement-confirmation-round-calibrated-p4-0059-d2fd5181d27fc656,4,calibrated,broad_joint,confirmation,extreme,combined_cover,mixed_extreme150_after_observable_screen,unresolved,True,True,current,True,0,-2633.3736590000008,-2633.3736590000008,20.210353963943135,13029.824533,10396.450874,-10801.868329281278,-10,-140,-420.0,2,-2160.3736658562566,-50.0,-3.0,-420.0,0.0,0.0
p4-refinement-confirmation-round-calibrated-p4-0059-d2fd5181d27fc656,4,calibrated,broad_joint,confirmation,extreme,coverage,mixed_extreme150_after_observable_screen,unresolved,True,True,current,True,0,-1092.3277850000013,-1092.3277850000013,8.383288525747343,13029.824533,11937.496748,-5496.638944981598,-10,20,60.0,2,-1099.327788996321,-50.0,-3.0,60.0,0.0,0.0
p4-refinement-confirmation-round-calibrated-p4-0060-ed525f0a8ec7f8fd,4,calibrated,smoothed_joint,confirmation,correlated,combined_cover,mixed_correlated150_after_observable_screen,unresolved,True,True,current,True,0,-1942.318174,-1942.318174,17.01710384335325,11413.917385,9471.599211,-8711.590863828875,-50,31,93.0,4,-1742.3181727657757,-250.0,-43.0,93.0,0.0,836.4433960000006
p4-refinement-confirmation-round-calibrated-p4-0060-ed525f0a8ec7f8fd,4,calibrated,smoothed_joint,confirmation,correlated,coverage,mixed_correlated150_after_observable_screen,unresolved,True,True,current,True,0,-1231.3534560000007,-1231.3534560000007,10.7881756496523,11413.917385,10182.563929,-5951.767279994805,-50,84,252.0,4,-1190.353455998962,-250.0,-43.0,252.0,0.0,832.5345510000006
p4-refinement-confirmation-round-calibrated-p4-0061-678fc5951496b6ec,4,calibrated,broad_joint,confirmation,correlated,combined_cover,mixed_correlated150_after_observable_screen,unresolved,True,True,current,True,0,-939.335975,-939.335975,8.843444666973435,10621.833577,9682.497602,-2356.6799001546897,-71,-15,-45.0,-1,-471.3359800309381,-355.0,-68.0,-45.0,0.0,0.0
p4-refinement-confirmation-round-calibrated-p4-0061-678fc5951496b6ec,4,calibrated,broad_joint,confirmation,correlated,coverage,mixed_correlated150_after_observable_screen,unresolved,True,True,current,True,0,-930.1244209999986,-930.1244209999986,8.756721843336397,10621.833577,9691.709156,-2505.622132205579,-71,-2,-6.0,0,-501.12442644111616,-355.0,-68.0,-6.0,0.0,0.0
p4-refinement-confirmation-round-calibrated-p4-0062-ad11d30486adcb7d,4,calibrated,smoothed_joint,confirmation,extreme,combined_cover,mixed_extreme150_after_observable_screen,unresolved,True,True,current,True,0,-2340.4565139999995,-2340.4565139999995,20.395073975463227,11475.597082,9135.140568,-7617.282567086739,-76,-122,-366.0,0,-1523.4565134173472,-380.0,-71.0,-366.0,0.0,0.0
p4-refinement-confirmation-round-calibrated-p4-0062-ad11d30486adcb7d,4,calibrated,smoothed_joint,confirmation,extreme,coverage,mixed_extreme150_after_observable_screen,unresolved,True,True,current,True,0,-1249.2400770000004,-1249.2400770000004,10.886057327330626,11475.597082,10226.357005,-3751.200406202275,-76,-16,-48.0,0,-750.240081240454,-380.0,-71.0,-48.0,0.0,0.0
p4-refinement-confirmation-round-calibrated-p4-0063-99ea44c8ef3e4fe7,4,calibrated,broad_joint,confirmation,extreme,combined_cover,mixed_extreme150_after_observable_screen,unresolved,True,True,current,True,0,-1163.9269199999999,-1163.9269199999999,11.498228623117928,10122.662874,8958.735954,-4699.63460907658,-42,7,21.0,0,-939.9269218153167,-210.0,-35.0,21.0,0.0,0.0
p4-refinement-confirmation-round-calibrated-p4-0063-99ea44c8ef3e4fe7,4,calibrated,broad_joint,confirmation,extreme,coverage,mixed_extreme150_after_observable_screen,unresolved,True,True,current,True,0,-1050.8434789999992,-1050.8434789999992,10.381097267390823,10122.662874,9071.819395,-4359.217408162622,-42,22,66.0,0,-871.8434816325243,-210.0,-35.0,66.0,0.0,0.0
p4-refinement-confirmation-round-calibrated-p4-0064-95335be8f23e0716,4,calibrated,smoothed_joint,confirmation,correlated,combined_cover,mixed_correlated150_after_observable_screen,unresolved,True,True,current,True,0,-2685.8352410000007,-2685.8352410000007,22.435292496313487,11971.474147,9285.638906,-9929.176214118124,-65,-105,-315.0,-1,-1985.8352428236258,-325.0,-60.0,-315.0,0.0,0.0
p4-refinement-confirmation-round-calibrated-p4-0064-95335be8f23e0716,4,calibrated,smoothed_joint,confirmation,correlated,coverage,mixed_correlated150_after_observable_screen,unresolved,True,True,current,True,0,-2283.107323,-2283.107323,19.071229616046384,11971.474147,9688.366824,-8215.53661537901,-65,-85,-255.0,0,-1643.107323075803,-325.0,-60.0,-255.0,0.0,0.0
p4-refinement-confirmation-round-calibrated-p4-0065-7706763ed6fec531,4,calibrated,broad_joint,confirmation,correlated,combined_cover,mixed_correlated150_after_observable_screen,unresolved,True,True,current,True,0,-1858.0054999999993,-1858.0054999999993,17.216003297901906,10792.316125,8934.310625,-7795.027498434465,-31,-40,-120.0,1,-1559.005499686893,-155.0,-24.0,-120.0,0.0,0.0
p4-refinement-confirmation-round-calibrated-p4-0065-7706763ed6fec531,4,calibrated,broad_joint,confirmation,correlated,coverage,mixed_correlated150_after_observable_screen,unresolved,True,True,current,True,0,-1865.170995999999,-1865.170995999999,17.282397720720947,10792.316125,8927.145129,-7710.854976689116,-31,-48,-144.0,1,-1542.1709953378231,-155.0,-24.0,-144.0,0.0,0.0
p4-refinement-confirmation-round-calibrated-p4-0066-005ebff6edd13e6c,4,calibrated,smoothed_joint,confirmation,extreme,combined_cover,mixed_extreme150_after_observable_screen,unresolved,True,True,current,True,0,-1171.6979610000017,-1171.6979610000017,11.273702940583041,10393.195272,9221.497311,-3403.489774418442,-90,14,42.0,2,-680.6979548836889,-450.0,-83.0,42.0,0.0,-891.5475400000014
p4-refinement-confirmation-round-calibrated-p4-0066-005ebff6edd13e6c,4,calibrated,smoothed_joint,confirmation,extreme,coverage,mixed_extreme150_after_observable_screen,unresolved,True,True,current,True,0,-815.5021520000009,-815.5021520000009,7.846500817674629,10393.195272,9577.69312,-2162.5107601017953,-90,50,150.0,2,-432.50215202035906,-450.0,-83.0,150.0,0.0,-891.5475400000014
p4-refinement-confirmation-round-calibrated-p4-0067-fca4e1d8c6282650,4,calibrated,broad_joint,confirmation,extreme,combined_cover,mixed_extreme150_after_observable_screen,unresolved,True,True,current,True,0,-1715.3498820000004,-1715.3498820000004,17.082666185262795,10041.464625,8326.114743,-8386.749389351717,-28,41,123.0,-1,-1677.3498778703442,-140.0,-21.0,123.0,0.0,365.22181699999965
p4-refinement-confirmation-round-calibrated-p4-0067-fca4e1d8c6282650,4,calibrated,broad_joint,confirmation,extreme,coverage,mixed_extreme150_after_observable_screen,unresolved,True,True,current,True,0,-1524.3636640000004,-1524.3636640000004,15.180690476216267,10041.464625,8517.100961,-7216.818298695434,-28,27,81.0,-1,-1443.3636597390878,-140.0,-22.0,81.0,0.0,362.4852010000004
p4-refinement-confirmation-round-calibrated-p4-0068-a8aba0359d879ea4,4,calibrated,smoothed_joint,confirmation,correlated,combined_cover,mixed_correlated150_after_observable_screen,unresolved,True,True,current,True,0,-2001.5890909999998,-2001.5890909999998,18.841274915129496,10623.427024,8621.837933,-9582.945462504038,-5,-20,-60.0,1,-1916.589092500808,-25.0,0.0,-60.0,0.0,844.6806780000006
p4-refinement-confirmation-round-calibrated-p4-0068-a8aba0359d879ea4,4,calibrated,smoothed_joint,confirmation,correlated,coverage,mixed_correlated150_after_observable_screen,unresolved,True,True,current,True,0,-1683.5009609999997,-1683.5009609999997,15.847061002035455,10623.427024,8939.926063,-8517.50482076229,-5,15,45.0,1,-1703.5009641524584,-25.0,0.0,45.0,0.0,842.6801190000006
p4-refinement-confirmation-round-calibrated-p4-0069-b37a4a123fb85f1b,4,calibrated,broad_joint,confirmation,correlated,combined_cover,mixed_correlated150_after_observable_screen,unresolved,True,True,current,True,0,-2180.435356,-2180.435356,20.935565369128216,10414.981958,8234.546602,-8912.176796494481,-67,-1,-3.0,-1,-1782.4353592988964,-335.0,-60.0,-3.0,0.0,-2339.898703
p4-refinement-confirmation-round-calibrated-p4-0069-b37a4a123fb85f1b,4,calibrated,broad_joint,confirmation,correlated,coverage,mixed_correlated150_after_observable_screen,unresolved,True,True,current,True,0,-2016.1054459999996,-2016.1054459999996,19.3577430487182,10414.981958,8398.876512,-8375.527232377255,-67,18,54.0,-1,-1675.1054464754507,-335.0,-60.0,54.0,0.0,-2339.898703
p4-refinement-confirmation-round-calibrated-p4-0070-65a37f44cd420ae8,4,calibrated,smoothed_joint,confirmation,extreme,combined_cover,mixed_extreme150_after_observable_screen,unresolved,True,True,current,True,0,-1942.5597710000002,-1942.5597710000002,18.19788092874324,10674.648211,8732.08844,-6702.798862466276,-35,-132,-396.0,1,-1340.5597724932559,-175.0,-31.0,-396.0,0.0,-1268.2822660000002
p4-refinement-confirmation-round-calibrated-p4-0070-65a37f44cd420ae8,4,calibrated,smoothed_joint,confirmation,extreme,coverage,mixed_extreme150_after_observable_screen,unresolved,True,True,current,True,0,-1840.981683,-1840.981683,17.2462983941982,10674.648211,8833.666528,-6374.908415426064,-35,-120,-360.0,1,-1274.9816830852133,-175.0,-31.0,-360.0,0.0,-1268.2822660000002
p4-refinement-confirmation-round-calibrated-p4-0071-340fd8f62fea4fc1,4,calibrated,broad_joint,confirmation,extreme,combined_cover,mixed_extreme150_after_observable_screen,unresolved,True,True,current,True,0,-2010.8191480000005,-2010.8191480000005,19.63227619647085,10242.414725,8231.595577,-7579.095763842932,-88,9,27.0,-1,-1515.8191527685858,-440.0,-82.0,27.0,0.0,-625.768212
p4-refinement-confirmation-round-calibrated-p4-0071-340fd8f62fea4fc1,4,calibrated,broad_joint,confirmation,extreme,coverage,mixed_extreme150_after_observable_screen,unresolved,True,True,current,True,0,-1952.2131740000004,-1952.2131740000004,19.060087161233362,10242.414725,8290.201551,-7316.065894042629,-88,11,33.0,-1,-1463.2131788085253,-440.0,-82.0,33.0,0.0,-625.3202149999997
p4-refinement-confirmation-round-calibrated-p4-0072-8f4922bc62669d04,4,calibrated,smoothed_joint,confirmation,correlated,combined_cover,mixed_correlated150_after_observable_screen,unresolved,True,True,current,True,0,-3053.9890240000004,-3053.9890240000004,24.550304544973645,12439.719509,9385.730485,-10269.945123805897,-98,-140,-420.0,0,-2053.9890247611784,-490.0,-90.0,-420.0,0.0,0.0
p4-refinement-confirmation-round-calibrated-p4-0072-8f4922bc62669d04,4,calibrated,smoothed_joint,confirmation,correlated,coverage,mixed_correlated150_after_observable_screen,unresolved,True,True,current,True,0,-2946.1938960000007,-2946.1938960000007,23.683764685115783,12439.719509,9493.525613,-9925.969484071611,-98,-127,-381.0,0,-1985.1938968143213,-490.0,-90.0,-381.0,0.0,0.0
p4-refinement-confirmation-round-calibrated-p4-0073-fc9b2272528f6cda,4,calibrated,broad_joint,confirmation,correlated,combined_cover,mixed_correlated150_after_observable_screen,unresolved,True,True,current,True,0,-1702.707026,-1702.707026,16.434671046091246,10360.456995,8657.749969,-6878.535128543204,-93,75,225.0,2,-1375.7070257086416,-465.0,-87.0,225.0,0.0,1114.4585610000004
p4-refinement-confirmation-round-calibrated-p4-0073-fc9b2272528f6cda,4,calibrated,broad_joint,confirmation,correlated,coverage,mixed_correlated150_after_observable_screen,unresolved,True,True,current,True,0,-1825.1704590000008,-1825.1704590000008,17.61669837422071,10360.456995,8535.286536,-7190.852297087804,-93,55,165.0,2,-1438.1704594175608,-465.0,-87.0,165.0,0.0,1112.469975
p4-refinement-confirmation-round-calibrated-p4-0074-687165291c406796,4,calibrated,smoothed_joint,confirmation,extreme,combined_cover,mixed_extreme150_after_observable_screen,unresolved,True,True,current,True,0,-2332.558206999999,-2332.558206999999,22.25257825014907,10482.193033,8149.634826,-8547.79102415705,-106,2,6.0,-2,-1709.55820483141,-530.0,-99.0,6.0,0.0,821.7611930000003
p4-refinement-confirmation-round-calibrated-p4-0074-687165291c406796,4,calibrated,smoothed_joint,confirmation,extreme,coverage,mixed_extreme150_after_observable_screen,unresolved,True,True,current,True,0,-2188.029768999999,-2188.029768999999,20.87377862735071,10482.193033,8294.163264,-8065.148832218183,-106,18,54.0,-2,-1613.0297664436366,-530.0,-99.0,54.0,0.0,815.5583960000004
p4-refinement-confirmation-round-calibrated-p4-0075-287487e2ed9762ea,4,calibrated,broad_joint,confirmation,extreme,combined_cover,mixed_extreme150_after_observable_screen,unresolved,True,True,current,True,0,-1567.3747999999996,-1567.3747999999996,15.048487366368654,10415.497331,8848.122531,-5146.873996087124,-83,-15,-45.0,2,-1029.3747992174249,-415.0,-78.0,-45.0,0.0,0.0
p4-refinement-confirmation-round-calibrated-p4-0075-287487e2ed9762ea,4,calibrated,broad_joint,confirmation,extreme,coverage,mixed_extreme150_after_observable_screen,unresolved,True,True,current,True,0,-1499.902148000001,-1499.902148000001,14.400677186444002,10415.497331,8915.595183,-4944.510756994423,-83,-6,-18.0,2,-988.9021513988846,-415.0,-78.0,-18.0,0.0,0.0
p4-refinement-confirmation-round-calibrated-p4-0076-f95b1657220bbd9c,4,calibrated,smoothed_joint,confirmation,correlated,combined_cover,mixed_correlated150_after_observable_screen,unresolved,True,True,current,True,0,-1994.0504340000007,-1994.0504340000007,18.553318038882125,10747.67559,8753.625156,-8005.252191143511,-64,-5,-15.0,2,-1601.0504382287018,-320.0,-58.0,-15.0,0.0,1432.2638459999998
p4-refinement-confirmation-round-calibrated-p4-0076-f95b1657220bbd9c,4,calibrated,smoothed_joint,confirmation,correlated,coverage,mixed_correlated150_after_observable_screen,unresolved,True,True,current,True,0,-1955.4273220000014,-1955.4273220000014,18.193955573234803,10747.67559,8792.248268,-7947.136608995446,-64,4,12.0,2,-1589.4273217990885,-320.0,-58.0,12.0,0.0,1432.2497679999997
p4-refinement-confirmation-round-calibrated-p4-0077-a3bcb5a39946a2d8,4,calibrated,broad_joint,confirmation,correlated,combined_cover,mixed_correlated150_after_observable_screen,unresolved,True,True,current,True,0,-1796.2401569999984,-1796.2401569999984,15.146359521336725,11859.220392,10062.980235,-6676.200790307565,-52,-52,-156.0,0,-1335.2401580615133,-260.0,-45.0,-156.0,0.0,0.0
p4-refinement-confirmation-round-calibrated-p4-0077-a3bcb5a39946a2d8,4,calibrated,broad_joint,confirmation,correlated,coverage,mixed_correlated150_after_observable_screen,unresolved,True,True,current,True,0,-2118.656051,-2118.656051,17.865053359065698,11859.220392,9740.564341,-7718.280272503216,-52,-90,-270.0,0,-1543.6560545006432,-260.0,-45.0,-270.0,0.0,0.0
p4-refinement-confirmation-round-calibrated-p4-0078-1c882451325dd5a6,4,calibrated,smoothed_joint,confirmation,extreme,combined_cover,mixed_extreme150_after_observable_screen,unresolved,True,True,current,True,0,-1396.2037790000013,-1396.2037790000013,12.719559887525305,10976.824602,9580.620823,-6276.01891781079,-4,-41,-123.0,-1,-1255.2037835621577,-20.0,2.0,-123.0,0.0,-3077.6507250000004
p4-refinement-confirmation-round-calibrated-p4-0078-1c882451325dd5a6,4,calibrated,smoothed_joint,confirmation,extreme,coverage,mixed_extreme150_after_observable_screen,unresolved,True,True,current,True,0,-1346.7875359999998,-1346.7875359999998,12.269372836244576,10976.824602,9630.037066,-5998.937707111647,-4,-43,-129.0,-1,-1199.787541422329,-20.0,2.0,-129.0,0.0,-3077.6507250000004
p4-refinement-confirmation-round-calibrated-p4-0079-fa3213ef1a89df0f,4,calibrated,broad_joint,confirmation,extreme,combined_cover,mixed_extreme150_after_observable_screen,unresolved,True,True,current,True,0,-1614.5964220000005,-1614.5964220000005,15.211201386658383,10614.522686,8999.926264,-5392.982117672822,-60,-61,-183.0,-2,-1078.5964235345646,-300.0,-53.0,-183.0,0.0,-1207.40013
p4-refinement-confirmation-round-calibrated-p4-0079-fa3213ef1a89df0f,4,calibrated,broad_joint,confirmation,extreme,coverage,mixed_extreme150_after_observable_screen,unresolved,True,True,current,True,0,-1441.7869449999998,-1441.7869449999998,13.583153832264557,10614.522686,9172.735741,-4628.934720458703,-60,-54,-162.0,-4,-925.7869440917402,-300.0,-54.0,-162.0,0.0,-1207.40013
p4-refinement-confirmation-round-calibrated-p4-0080-b2589056e9c4a643,4,calibrated,smoothed_joint,confirmation,correlated,combined_cover,mixed_correlated150_after_observable_screen,unresolved,True,True,current,True,0,-233.58023500000127,-233.58023500000127,2.159136592231734,10818.224092,10584.643857,-2452.9011573497482,-33,150,450.0,0,-490.58023146994947,-165.0,-28.0,450.0,0.0,0.0
p4-refinement-confirmation-round-calibrated-p4-0080-b2589056e9c4a643,4,calibrated,smoothed_joint,confirmation,correlated,coverage,mixed_correlated150_after_observable_screen,unresolved,True,True,current,True,0,-985.3966810000002,-985.3966810000002,9.108673222333174,10818.224092,9832.827411,-4756.983392461363,-33,53,159.0,0,-951.3966784922723,-165.0,-28.0,159.0,0.0,0.0
p4-refinement-confirmation-round-calibrated-p4-0081-d70b091345338586,4,calibrated,broad_joint,confirmation,correlated,combined_cover,mixed_correlated150_after_observable_screen,unresolved,True,True,current,True,0,-2227.891792999999,-2227.891792999999,21.02611746524386,10595.830622,8367.938829,-9634.45896439271,-49,-4,-12.0,0,-1926.8917928785413,-245.0,-44.0,-12.0,0.0,-1838.860330999999
p4-refinement-confirmation-round-calibrated-p4-0081-d70b091345338586,4,calibrated,broad_joint,confirmation,correlated,coverage,mixed_correlated150_after_observable_screen,unresolved,True,True,current,True,0,-2071.1878859999997,-2071.1878859999997,19.54719700501456,10595.830622,8524.642736,-9120.939425267683,-49,14,42.0,0,-1824.1878850535359,-245.0,-44.0,42.0,0.0,-1840.515254
p4-refinement-confirmation-round-calibrated-p4-0082-36f2792ac98d3fab,4,calibrated,smoothed_joint,confirmation,extreme,combined_cover,mixed_extreme150_after_observable_screen,unresolved,True,True,current,True,0,-1404.513504999999,-1404.513504999999,12.818643638709874,10956.802799,9552.289294,-4967.567514495066,-49,-41,-123.0,1,-993.5135028990135,-245.0,-43.0,-123.0,0.0,-1784.6838949999983
p4-refinement-confirmation-round-calibrated-p4-0082-36f2792ac98d3fab,4,calibrated,smoothed_joint,confirmation,extreme,coverage,mixed_extreme150_after_observable_screen,unresolved,True,True,current,True,0,-361.4429079999991,-361.4429079999991,3.298799062377823,10956.802799,10595.359891,-1232.2145327626276,-49,58,174.0,1,-246.44290655252553,-245.0,-44.0,174.0,0.0,-1784.6838949999983
p4-refinement-confirmation-round-calibrated-p4-0083-532e6a3bf8e32753,4,calibrated,broad_joint,confirmation,extreme,combined_cover,mixed_extreme150_after_observable_screen,unresolved,True,True,current,True,0,-2196.259206999999,-2196.259206999999,19.659462241177778,11171.51212,8975.252913,-8076.296017578919,-59,-78,-234.0,1,-1615.259203515784,-295.0,-52.0,-234.0,0.0,-1003.2023699999991
p4-refinement-confirmation-round-calibrated-p4-0083-532e6a3bf8e32753,4,calibrated,broad_joint,confirmation,extreme,coverage,mixed_extreme150_after_observable_screen,unresolved,True,True,current,True,0,-2146.7964839999986,-2146.7964839999986,19.216704604891024,11171.51212,9024.715636,-7933.982410003016,-59,-71,-213.0,1,-1586.7964820006036,-295.0,-52.0,-213.0,0.0,-1003.2023699999991
p4-refinement-confirmation-round-calibrated-p4-0084-541731942adfe424,4,calibrated,smoothed_joint,confirmation,correlated,combined_cover,mixed_correlated150_after_observable_screen,unresolved,True,True,current,True,0,-1672.603575000001,-1672.603575000001,13.41512555222495,12468.042647,10795.439072,-6563.017852809891,-37,-48,-144.0,0,-1312.603570561978,-185.0,-31.0,-144.0,0.0,0.0
p4-refinement-confirmation-round-calibrated-p4-0084-541731942adfe424,4,calibrated,smoothed_joint,confirmation,correlated,coverage,mixed_correlated150_after_observable_screen,unresolved,True,True,current,True,0,-2033.052452,-2033.052452,16.306107618978857,12468.042647,10434.990195,-7615.262256405142,-37,-98,-294.0,0,-1523.052451281028,-185.0,-31.0,-294.0,0.0,0.0
p4-refinement-confirmation-round-calibrated-p4-0085-605ee32609d42167,4,calibrated,broad_joint,confirmation,correlated,combined_cover,mixed_correlated150_after_observable_screen,unresolved,True,True,current,True,0,-1409.4007110000002,-1409.4007110000002,13.332704158794451,10571.004158,9161.603447,-5512.0035253299575,-32,-41,-123.0,-4,-1102.4007050659911,-160.0,-24.0,-123.0,0.0,0.0
p4-refinement-confirmation-round-calibrated-p4-0085-605ee32609d42167,4,calibrated,broad_joint,confirmation,correlated,coverage,mixed_correlated150_after_observable_screen,unresolved,True,True,current,True,0,-1268.8533200000002,-1268.8533200000002,12.00314843353598,10571.004158,9302.150838,-5064.266560318778,-32,-24,-72.0,-4,-1012.8533120637549,-160.0,-24.0,-72.0,0.0,0.0
p4-refinement-confirmation-round-calibrated-p4-0086-c2163cc0d84b1c52,4,calibrated,smoothed_joint,confirmation,extreme,combined_cover,mixed_extreme150_after_observable_screen,unresolved,True,True,current,True,0,-3096.6380179999996,-3096.6380179999996,26.36792428187248,11743.958246,8647.320228,-13958.190105030317,7,-119,-357.0,2,-2791.6380210060624,35.0,17.0,-357.0,0.0,192.39171400000123
p4-refinement-confirmation-round-calibrated-p4-0086-c2163cc0d84b1c52,4,calibrated,smoothed_joint,confirmation,extreme,coverage,mixed_extreme150_after_observable_screen,unresolved,True,True,current,True,0,-3008.5940069999997,-3008.5940069999997,25.618228062286658,11743.958246,8735.364239,-13652.97004696431,7,-110,-330.0,2,-2730.594009392861,35.0,17.0,-330.0,0.0,195.2070820000008
p4-refinement-confirmation-round-calibrated-p4-0087-09b9ac5004d40cde,4,calibrated,broad_joint,confirmation,extreme,combined_cover,mixed_extreme150_after_observable_screen,unresolved,True,True,current,True,0,-1532.631824,-1532.631824,14.471749110616127,10590.50853,9057.876706,-7613.159132607281,-47,88,264.0,1,-1522.6318265214559,-235.0,-39.0,264.0,0.0,0.0
p4-refinement-confirmation-round-calibrated-p4-0087-09b9ac5004d40cde,4,calibrated,broad_joint,confirmation,extreme,coverage,mixed_extreme150_after_observable_screen,unresolved,True,True,current,True,0,-943.9717449999989,-943.9717449999989,8.913375050178058,10590.50853,9646.536785,-5554.858738616909,-47,147,441.0,1,-1110.9717477233817,-235.0,-39.0,441.0,0.0,0.0
p4-refinement-confirmation-round-calibrated-p4-0088-9edfc36ef6308083,4,calibrated,smoothed_joint,confirmation,correlated,combined_cover,mixed_correlated150_after_observable_screen,unresolved,True,True,current,True,0,-1605.5231760000006,-1605.5231760000006,16.1133808894467,9963.912521,8358.389345,-7127.615882883583,-36,10,30.0,-2,-1425.5231765767167,-180.0,-30.0,30.0,0.0,-224.07786300000043
p4-refinement-confirmation-round-calibrated-p4-0088-9edfc36ef6308083,4,calibrated,smoothed_joint,confirmation,correlated,coverage,mixed_correlated150_after_observable_screen,unresolved,True,True,current,True,0,-1355.7172439999995,-1355.7172439999995,13.606274052915277,9963.912521,8608.195277,-6358.586217687727,-36,42,126.0,-2,-1271.717243537545,-180.0,-30.0,126.0,0.0,-227.49160199999915
p4-refinement-confirmation-round-calibrated-p4-0089-5c1f953198a12c7c,4,calibrated,broad_joint,confirmation,correlated,combined_cover,mixed_correlated150_after_observable_screen,unresolved,True,True,current,True,0,-1245.6578449999997,-1245.6578449999997,11.86383429032754,10499.622757,9253.964912,-5318.289218768827,-50,37,111.0,-1,-1063.6578437537646,-250.0,-43.0,111.0,0.0,-1499.796558
p4-refinement-confirmation-round-calibrated-p4-0089-5c1f953198a12c7c,4,calibrated,broad_joint,confirmation,correlated,coverage,mixed_correlated150_after_observable_screen,unresolved,True,True,current,True,0,-1495.1339919999991,-1495.1339919999991,14.23988296153981,10499.622757,9004.488765,-5965.669946466092,-50,-3,-9.0,-1,-1193.1339892932183,-250.0,-43.0,-9.0,0.0,-1499.796558
p4-refinement-confirmation-round-calibrated-p4-0090-93d93429c3ee8a63,4,calibrated,smoothed_joint,confirmation,extreme,combined_cover,mixed_extreme150_after_observable_screen,unresolved,True,True,current,True,0,-1472.7610139999988,-1472.7610139999988,15.366036530912512,9584.521103,8111.760089,-6563.805096285003,-32,9,27.0,0,-1312.761019257001,-160.0,-27.0,27.0,0.0,-1278.9173409999985
p4-refinement-confirmation-round-calibrated-p4-0090-93d93429c3ee8a63,4,calibrated,smoothed_joint,confirmation,extreme,coverage,mixed_extreme150_after_observable_screen,unresolved,True,True,current,True,0,-1254.39732,-1254.39732,13.087741229004838,9584.521103,8330.123783,-5876.986638044018,-32,36,108.0,0,-1175.3973276088036,-160.0,-27.0,108.0,0.0,-1278.9173409999985
p4-refinement-confirmation-round-calibrated-p4-0091-21b22f6c930d02fb,4,calibrated,broad_joint,confirmation,extreme,combined_cover,mixed_extreme150_after_observable_screen,unresolved,True,True,current,True,0,-1542.6939750000001,-1542.6939750000001,14.945312955544647,10322.259424,8779.565449,-7273.469846831009,-23,15,45.0,-3,-1454.6939693662016,-115.0,-18.0,45.0,0.0,0.0
p4-refinement-confirmation-round-calibrated-p4-0091-21b22f6c930d02fb,4,calibrated,broad_joint,confirmation,extreme,coverage,mixed_extreme150_after_observable_screen,unresolved,True,True,current,True,0,-1170.829914,-1170.829914,11.342767759524971,10322.259424,9151.42951,-6029.149559573081,-23,56,168.0,-3,-1205.8299119146159,-115.0,-18.0,168.0,0.0,0.0
p4-refinement-confirmation-round-calibrated-p4-0092-704a83ce5aa5c174,4,calibrated,smoothed_joint,confirmation,correlated,combined_cover,mixed_correlated150_after_observable_screen,unresolved,True,True,current,True,0,-1676.4042919999993,-1676.4042919999993,15.267572073260306,10980.162949,9303.758657,-6047.021457750394,-74,-9,-27.0,0,-1209.4042915500786,-370.0,-70.0,-27.0,0.0,1058.3959800000011
p4-refinement-confirmation-round-calibrated-p4-0092-704a83ce5aa5c174,4,calibrated,smoothed_joint,confirmation,correlated,coverage,mixed_correlated150_after_observable_screen,unresolved,True,True,current,True,0,-1813.1439389999996,-1813.1439389999996,16.512905568174002,10980.162949,9167.01901,-6520.719686012228,-74,-23,-69.0,0,-1304.1439372024452,-370.0,-70.0,-69.0,0.0,1058.3959800000002
p4-refinement-confirmation-round-calibrated-p4-0093-c539b11fa1ab108d,4,calibrated,broad_joint,confirmation,correlated,combined_cover,mixed_correlated150_after_observable_screen,unresolved,True,True,current,True,0,-1444.9776890000012,-1444.9776890000012,12.937511450792158,11168.899788,9723.922099,-5514.888442856951,-49,-17,-51.0,2,-1102.97768857139,-245.0,-46.0,-51.0,0.0,0.0
p4-refinement-confirmation-round-calibrated-p4-0093-c539b11fa1ab108d,4,calibrated,broad_joint,confirmation,correlated,coverage,mixed_correlated150_after_observable_screen,unresolved,True,True,current,True,0,-1394.3749520000001,-1394.3749520000001,12.484443217031396,11168.899788,9774.524836,-5111.874732617252,-49,-27,-81.0,2,-1022.3749465234505,-245.0,-46.0,-81.0,0.0,0.0
p4-refinement-confirmation-round-calibrated-p4-0094-f793bec65943ccf3,4,calibrated,smoothed_joint,confirmation,extreme,combined_cover,mixed_extreme150_after_observable_screen,unresolved,True,True,current,True,0,-2509.554274,-2509.554274,21.971071541719468,11422.084122,8912.529848,-9372.771391145689,-62,-89,-267.0,1,-1874.5542782291377,-310.0,-58.0,-267.0,0.0,-311.0603709999996
p4-refinement-confirmation-round-calibrated-p4-0094-f793bec65943ccf3,4,calibrated,smoothed_joint,confirmation,extreme,coverage,mixed_extreme150_after_observable_screen,unresolved,True,True,current,True,0,-1869.7531949999993,-1869.7531949999993,16.36963250339472,11422.084122,9552.330927,-6968.765996149945,-62,-36,-108.0,1,-1393.7531992299891,-310.0,-58.0,-108.0,0.0,-309.4686649999985
p4-refinement-confirmation-round-calibrated-p4-0095-f0fe07a058616594,4,calibrated,broad_joint,confirmation,extreme,combined_cover,mixed_extreme150_after_observable_screen,unresolved,True,True,current,True,0,-1539.2976990000006,-1539.2976990000006,14.877804425551851,10346.269214,8806.971515,-7006.48847734397,-29,10,30.0,-1,-1401.2976954687929,-145.0,-23.0,30.0,0.0,-2047.222202
p4-refinement-confirmation-round-calibrated-p4-0095-f0fe07a058616594,4,calibrated,broad_joint,confirmation,extreme,coverage,mixed_extreme150_after_observable_screen,unresolved,True,True,current,True,0,-1063.3974070000004,-1063.3974070000004,10.278075942206005,10346.269214,9282.871807,-5391.987022035872,-29,61,183.0,-1,-1078.3974044071738,-145.0,-23.0,183.0,0.0,-2049.7890230000003
p4-refinement-confirmation-round-calibrated-p4-0096-da3837f18b737178,4,calibrated,smoothed_joint,confirmation,correlated,combined_cover,mixed_correlated150_after_observable_screen,unresolved,True,True,current,True,0,-3379.365497999999,-3379.365497999999,27.074321746435213,12481.810365,9102.444867,-13731.827485081514,-36,-141,-423.0,2,-2746.3654970163034,-180.0,-30.0,-423.0,0.0,220.27176999999938
p4-refinement-confirmation-round-calibrated-p4-0096-da3837f18b737178,4,calibrated,smoothed_joint,confirmation,correlated,coverage,mixed_correlated150_after_observable_screen,unresolved,True,True,current,True,0,-2909.0314979999985,-2909.0314979999985,23.306166436858845,12481.810365,9572.778867,-12025.157479220077,-36,-98,-294.0,2,-2405.031495844016,-180.0,-30.0,-294.0,0.0,220.36518800000158
p4-refinement-confirmation-round-calibrated-p4-0097-b62196d50f5dd966,4,calibrated,broad_joint,confirmation,correlated,combined_cover,mixed_correlated150_after_observable_screen,unresolved,True,True,current,True,0,-2060.4806210000006,-2060.4806210000006,17.478762801049886,11788.480938,9728.000317,-8932.40310539549,-55,17,51.0,1,-1786.4806210790975,-275.0,-50.0,51.0,0.0,0.0
p4-refinement-confirmation-round-calibrated-p4-0097-b62196d50f5dd966,4,calibrated,broad_joint,confirmation,correlated,coverage,mixed_correlated150_after_observable_screen,unresolved,True,True,current,True,0,-2594.96631,-2594.96631,22.012728558055034,11788.480938,9193.514628,-10389.831558779573,-55,-64,-192.0,1,-2077.966311755914,-275.0,-50.0,-192.0,0.0,0.0
p4-refinement-confirmation-round-calibrated-p4-0098-b84a71af83cdfab4,4,calibrated,smoothed_joint,confirmation,extreme,combined_cover,mixed_extreme150_after_observable_screen,unresolved,True,True,current,True,0,-1290.0876150000004,-1290.0876150000004,11.70523324830339,11021.460125,9731.37251,-5110.438076953011,-40,-12,-36.0,-1,-1022.0876153906029,-200.0,-32.0,-36.0,0.0,-3378.803742
p4-refinement-confirmation-round-calibrated-p4-0098-b84a71af83cdfab4,4,calibrated,smoothed_joint,confirmation,extreme,coverage,mixed_extreme150_after_observable_screen,unresolved,True,True,current,True,0,-1840.8491620000004,-1840.8491620000004,16.702407313749642,11021.460125,9180.610963,-6934.245818937212,-40,-74,-222.0,-1,-1386.849163787443,-200.0,-32.0,-222.0,0.0,-3378.803742
p4-refinement-confirmation-round-calibrated-p4-0099-2e11186831986409,4,calibrated,broad_joint,confirmation,extreme,combined_cover,mixed_extreme150_after_observable_screen,unresolved,True,True,current,True,0,-2308.5545679999996,-2308.5545679999996,20.145517679744064,11459.395607,9150.841039,-8587.772842654958,-44,-111,-333.0,-1,-1717.5545685309917,-220.0,-38.0,-333.0,0.0,-1250.3974909999997
p4-refinement-confirmation-round-calibrated-p4-0099-2e11186831986409,4,calibrated,broad_joint,confirmation,extreme,coverage,mixed_extreme150_after_observable_screen,unresolved,True,True,current,True,0,-2102.471052000001,-2102.471052000001,18.347137354396782,11459.395607,9356.924555,-7902.355260055199,-44,-88,-264.0,-1,-1580.4710520110393,-220.0,-38.0,-264.0,0.0,-1250.3974909999997
p4-refinement-confirmation-round-calibrated-p4-0100-c0485787215fd6f8,4,calibrated,smoothed_joint,confirmation,correlated,combined_cover,mixed_correlated150_after_observable_screen,unresolved,True,True,current,True,0,-1429.2275959999988,-1429.2275959999988,13.759316021148516,10387.344791,8958.117195,-6106.137994961915,-69,67,201.0,3,-1221.2275989923828,-345.0,-64.0,201.0,0.0,611.7647530000004
p4-refinement-confirmation-round-calibrated-p4-0100-c0485787215fd6f8,4,calibrated,smoothed_joint,confirmation,correlated,coverage,mixed_correlated150_after_observable_screen,unresolved,True,True,current,True,0,-1233.1729899999991,-1233.1729899999991,11.871878856553103,10387.344791,9154.171801,-5020.864972067218,-69,60,180.0,3,-1004.172994413444,-345.0,-64.0,180.0,0.0,607.4214910000001
p4-refinement-confirmation-round-calibrated-p4-0101-bb6fd6b0e0dba3b2,4,calibrated,broad_joint,confirmation,correlated,combined_cover,mixed_correlated150_after_observable_screen,unresolved,True,True,current,True,0,-808.699161999999,-808.699161999999,8.078894617348245,10010.022414,9201.323252,-2378.4958211928606,-55,-2,-6.0,0,-475.69916423857194,-275.0,-52.0,-6.0,0.0,-1184.0651739999994
p4-refinement-confirmation-round-calibrated-p4-0101-bb6fd6b0e0dba3b2,4,calibrated,broad_joint,confirmation,correlated,coverage,mixed_correlated150_after_observable_screen,unresolved,True,True,current,True,0,-505.96673699999883,-505.96673699999883,5.054601439177146,10010.022414,9504.055677,-1374.833693620778,-55,32,96.0,0,-274.9667387241552,-275.0,-52.0,96.0,0.0,-1184.0651739999994
p4-refinement-confirmation-round-calibrated-p4-0102-fcb54da4c51906ca,4,calibrated,smoothed_joint,confirmation,extreme,combined_cover,mixed_extreme150_after_observable_screen,unresolved,True,True,current,True,0,-326.6001660000002,-326.6001660000002,2.87721872402544,11351.245676,11024.64551,-2743.0008314953666,-44,160,480.0,3,-548.600166299073,-220.0,-38.0,480.0,0.0,0.0
p4-refinement-confirmation-round-calibrated-p4-0102-fcb54da4c51906ca,4,calibrated,smoothed_joint,confirmation,extreme,coverage,mixed_extreme150_after_observable_screen,unresolved,True,True,current,True,0,1009.7474540000003,1009.7474540000003,-8.895477050020288,11351.245676,12360.99313,2003.7372685014634,-44,289,867.0,3,400.7474537002927,-220.0,-38.0,867.0,0.0,0.0
p4-refinement-confirmation-round-calibrated-p4-0103-730aac73bf0064a7,4,calibrated,broad_joint,confirmation,extreme,combined_cover,mixed_extreme150_after_observable_screen,unresolved,True,True,current,True,0,-1575.2210429999996,-1575.2210429999996,16.11679287566205,9773.787224,8198.566181,-6201.105217697837,-45,-23,-69.0,-1,-1240.2210435395673,-225.0,-41.0,-69.0,0.0,-3436.4317499999997
p4-refinement-confirmation-round-calibrated-p4-0103-730aac73bf0064a7,4,calibrated,broad_joint,confirmation,extreme,coverage,mixed_extreme150_after_observable_screen,unresolved,True,True,current,True,0,-1530.3714959999998,-1530.3714959999998,15.657917048184759,9773.787224,8243.415728,-6051.857483363983,-45,-18,-54.0,-1,-1210.3714966727966,-225.0,-41.0,-54.0,0.0,-3436.4317499999997
p4-refinement-confirmation-round-calibrated-p4-0104-54ce8a06dc89c64c,4,calibrated,smoothed_joint,confirmation,correlated,combined_cover,mixed_correlated150_after_observable_screen,unresolved,True,True,current,True,0,-2302.7098659999992,-2302.7098659999992,20.866456340091528,11035.462028,8732.752162,-8483.549321788938,-72,-59,-177.0,1,-1696.7098643577883,-360.0,-69.0,-177.0,0.0,0.0
p4-refinement-confirmation-round-calibrated-p4-0104-54ce8a06dc89c64c,4,calibrated,smoothed_joint,confirmation,correlated,coverage,mixed_correlated150_after_observable_screen,unresolved,True,True,current,True,0,-1457.6022560000001,-1457.6022560000001,13.208348253128529,11035.462028,9577.859772,-5323.0112704538915,-72,12,36.0,2,-1064.6022540907788,-360.0,-69.0,36.0,0.0,0.0
p4-refinement-confirmation-round-calibrated-p4-0105-0f77a952e72a43b2,4,calibrated,broad_joint,confirmation,correlated,combined_cover,mixed_correlated150_after_observable_screen,unresolved,True,True,current,True,0,-1078.457652000001,-1078.457652000001,10.646859438938831,10129.349957,9050.892305,-4547.288263357834,-29,-1,-3.0,2,-909.4576526715673,-145.0,-21.0,-3.0,0.0,-983.6274830000002
p4-refinement-confirmation-round-calibrated-p4-0105-0f77a952e72a43b2,4,calibrated,broad_joint,confirmation,correlated,coverage,mixed_correlated150_after_observable_screen,unresolved,True,True,current,True,0,-586.2376249999998,-586.2376249999998,5.787514771319295,10129.349957,9543.112332,-2821.1881177076357,-29,48,144.0,2,-564.2376235415277,-145.0,-21.0,144.0,0.0,-983.6274830000002
p4-refinement-confirmation-round-calibrated-p4-0106-73171f45235a1e4b,4,calibrated,smoothed_joint,confirmation,extreme,combined_cover,mixed_extreme150_after_observable_screen,unresolved,True,True,current,True,0,-1400.1098939999993,-1400.1098939999993,12.997419830900537,10772.214118,9372.104224,-5490.549477705623,-72,41,123.0,-4,-1098.1098955411253,-360.0,-65.0,123.0,0.0,-952.6550569999999
p4-refinement-confirmation-round-calibrated-p4-0106-73171f45235a1e4b,4,calibrated,smoothed_joint,confirmation,extreme,coverage,mixed_extreme150_after_observable_screen,unresolved,True,True,current,True,0,-1395.1678940000002,-1395.1678940000002,12.951542540068179,10772.214118,9377.046224,-5450.839485421377,-72,40,120.0,-4,-1090.1678970842759,-360.0,-65.0,120.0,0.0,-952.6550569999999
p4-refinement-confirmation-round-calibrated-p4-0107-5920a404f472a3cc,4,calibrated,broad_joint,confirmation,extreme,combined_cover,mixed_extreme150_after_observable_screen,unresolved,True,True,current,True,0,-3957.060771999999,-3957.060771999999,29.361740551750376,13476.928471,9519.867699,-14990.303852034383,-43,-235,-705.0,-4,-2998.060770406876,-215.0,-39.0,-705.0,0.0,0.0
p4-refinement-confirmation-round-calibrated-p4-0107-5920a404f472a3cc,4,calibrated,broad_joint,confirmation,extreme,coverage,mixed_extreme150_after_observable_screen,unresolved,True,True,current,True,0,-3730.374701999999,-3730.374701999999,27.679709883651274,13476.928471,9746.553769,-14111.873504687486,-43,-218,-654.0,-4,-2822.3747009374965,-215.0,-39.0,-654.0,0.0,0.0
p4-refinement-confirmation-round-calibrated-p4-0108-114a81fee8fa3018,4,calibrated,smoothed_joint,confirmation,correlated,combined_cover,mixed_correlated150_after_observable_screen,unresolved,True,True,current,True,0,-474.87505599999895,-474.87505599999895,4.606108652651423,10309.679858,9834.804802,-2964.3752816505657,-28,94,282.0,0,-592.8750563301137,-140.0,-24.0,282.0,0.0,-897.89293
p4-refinement-confirmation-round-calibrated-p4-0108-114a81fee8fa3018,4,calibrated,smoothed_joint,confirmation,correlated,coverage,mixed_correlated150_after_observable_screen,unresolved,True,True,current,True,0,-1240.7093109999987,-1240.7093109999987,12.034411621785189,10309.679858,9068.970547,-5188.546564631521,-28,-13,-39.0,0,-1037.7093129263048,-140.0,-24.0,-39.0,0.0,-897.89293
p4-refinement-confirmation-round-calibrated-p4-0109-6e0685d81f530545,4,calibrated,broad_joint,confirmation,correlated,combined_cover,mixed_correlated150_after_observable_screen,unresolved,True,True,current,True,0,-845.1164919999992,-845.1164919999992,8.976561485677168,9414.701758,8569.585266,-4870.582453853807,-5,51,153.0,0,-974.1164907707607,-25.0,1.0,153.0,0.0,-42.01529499999924
p4-refinement-confirmation-round-calibrated-p4-0109-6e0685d81f530545,4,calibrated,broad_joint,confirmation,correlated,coverage,mixed_correlated150_after_observable_screen,unresolved,True,True,current,True,0,-1090.993214,-1090.993214,11.588186668504346,9414.701758,8323.708544,-5589.966057067417,-5,17,51.0,0,-1117.9932114134826,-25.0,1.0,51.0,0.0,-42.01529500000015
p4-refinement-confirmation-round-calibrated-p4-0110-bb4dfe8a88cdded5,4,calibrated,smoothed_joint,confirmation,extreme,combined_cover,mixed_extreme150_after_observable_screen,unresolved,True,True,current,True,0,-4092.376311,-4092.376311,30.154563761368895,13571.33316,9478.956849,-17901.881548363126,-6,-162,-486.0,0,-3580.376309672625,-30.0,4.0,-486.0,0.0,0.0
p4-refinement-confirmation-round-calibrated-p4-0110-bb4dfe8a88cdded5,4,calibrated,smoothed_joint,confirmation,extreme,coverage,mixed_extreme150_after_observable_screen,unresolved,True,True,current,True,0,-3228.1643750000003,-3228.1643750000003,23.78664156970707,13571.33316,10343.168785,-14570.821874983063,-6,-96,-288.0,0,-2914.1643749966133,-30.0,4.0,-288.0,0.0,0.0
p4-refinement-confirmation-round-calibrated-p4-0111-b31fd07df9abd434,4,calibrated,broad_joint,confirmation,extreme,combined_cover,mixed_extreme150_after_observable_screen,unresolved,True,True,current,True,0,-275.4000880000003,-275.4000880000003,2.984379950295657,9228.050469,8952.650381,-2067.0004587828807,30,-15,-45.0,-1,-413.40009175657633,150.0,33.0,-45.0,0.0,0.0
p4-refinement-confirmation-round-calibrated-p4-0111-b31fd07df9abd434,4,calibrated,broad_joint,confirmation,extreme,coverage,mixed_extreme150_after_observable_screen,unresolved,True,True,current,True,0,92.73902699999962,92.73902699999962,-1.0049687884948175,9228.050469,9320.789496,-841.3048907252596,30,26,78.0,-1,-168.26097814505192,150.0,33.0,78.0,0.0,0.0
p4-refinement-confirmation-round-calibrated-p4-0112-0b4fe042f1414492,4,calibrated,smoothed_joint,confirmation,correlated,combined_cover,mixed_correlated150_after_observable_screen,unresolved,True,True,current,True,0,-1854.4656419999992,-1854.4656419999992,17.356450592644016,10684.590332,8830.12469,-6702.328202787263,-46,-81,-243.0,-1,-1340.4656405574515,-230.0,-41.0,-243.0,0.0,0.0
p4-refinement-confirmation-round-calibrated-p4-0112-0b4fe042f1414492,4,calibrated,smoothed_joint,confirmation,correlated,coverage,mixed_correlated150_after_observable_screen,unresolved,True,True,current,True,0,-1875.0624179999995,-1875.0624179999995,17.54922144636888,10684.590332,8809.527914,-6760.312091040047,-46,-84,-252.0,-1,-1352.0624182080082,-230.0,-41.0,-252.0,0.0,0.0
p4-refinement-confirmation-round-calibrated-p4-0113-544a8f0d84395746,4,calibrated,broad_joint,confirmation,correlated,combined_cover,mixed_correlated150_after_observable_screen,unresolved,True,True,current,True,0,-1314.3516529999997,-1314.3516529999997,11.844773052127598,11096.469702,9782.118049,-6461.758259613409,-22,35,105.0,1,-1292.3516519226814,-110.0,-17.0,105.0,0.0,0.0
p4-refinement-confirmation-round-calibrated-p4-0113-544a8f0d84395746,4,calibrated,broad_joint,confirmation,correlated,coverage,mixed_correlated150_after_observable_screen,unresolved,True,True,current,True,0,-972.5464250000005,-972.5464250000005,8.764466998226572,11096.469702,10123.923277,-5262.732114091326,-22,69,207.0,1,-1052.5464228182655,-110.0,-17.0,207.0,0.0,0.0
p4-refinement-confirmation-round-calibrated-p4-0114-cb0b8f9f99b255c4,4,calibrated,smoothed_joint,confirmation,extreme,combined_cover,mixed_extreme150_after_observable_screen,unresolved,True,True,current,True,0,-1075.1218440000011,-1075.1218440000011,10.666094036206173,10079.808413,9004.686569,-4015.6092059119183,-59,25,75.0,1,-803.1218411823838,-295.0,-52.0,75.0,0.0,0.0
p4-refinement-confirmation-round-calibrated-p4-0114-cb0b8f9f99b255c4,4,calibrated,smoothed_joint,confirmation,extreme,coverage,mixed_extreme150_after_observable_screen,unresolved,True,True,current,True,0,-727.5978130000003,-727.5978130000003,7.218369468824549,10079.808413,9352.2106,-2817.989071430551,-59,61,183.0,1,-563.5978142861104,-295.0,-52.0,183.0,0.0,0.0
p4-refinement-confirmation-round-calibrated-p4-0115-7f2a6216e793ba64,4,calibrated,broad_joint,confirmation,extreme,combined_cover,mixed_extreme150_after_observable_screen,unresolved,True,True,current,True,0,-2360.5888969999996,-2360.5888969999996,21.191695777073278,11139.216615,8778.627718,-10447.944505276078,-35,-23,-69.0,1,-2089.5889010552146,-175.0,-27.0,-69.0,0.0,0.0
p4-refinement-confirmation-round-calibrated-p4-0115-7f2a6216e793ba64,4,calibrated,broad_joint,confirmation,extreme,coverage,mixed_extreme150_after_observable_screen,unresolved,True,True,current,True,0,-1931.7793279999987,-1931.7793279999987,17.3421470716233,11139.216615,9207.437287,-8978.896677148965,-35,22,66.0,1,-1795.779335429792,-175.0,-27.0,66.0,0.0,0.0
p4-refinement-confirmation-round-calibrated-p4-0116-3202897e28297943,4,calibrated,smoothed_joint,confirmation,correlated,combined_cover,mixed_correlated150_after_observable_screen,unresolved,True,True,current,True,0,-2500.5075309999993,-2500.5075309999993,20.56942975450245,12156.426118,9655.918587,-11147.537653140775,-13,-66,-198.0,1,-2229.507530628155,-65.0,-8.0,-198.0,0.0,0.0
p4-refinement-confirmation-round-calibrated-p4-0116-3202897e28297943,4,calibrated,smoothed_joint,confirmation,correlated,coverage,mixed_correlated150_after_observable_screen,unresolved,True,True,current,True,0,-2830.3511280000002,-2830.3511280000002,23.28275679485358,12156.426118,9326.07499,-12046.755627163147,-13,-116,-348.0,1,-2409.3511254326295,-65.0,-8.0,-348.0,0.0,0.0
p4-refinement-confirmation-round-calibrated-p4-0117-b09bd92377055f78,4,calibrated,broad_joint,confirmation,correlated,combined_cover,mixed_correlated150_after_observable_screen,unresolved,True,True,current,True,0,-539.631496,-539.631496,4.77349009546816,11304.757844,10765.126348,-1873.1574878070096,-57,58,174.0,0,-374.63149756140047,-285.0,-54.0,174.0,0.0,0.0
p4-refinement-confirmation-round-calibrated-p4-0117-b09bd92377055f78,4,calibrated,broad_joint,confirmation,correlated,coverage,mixed_correlated150_after_observable_screen,unresolved,True,True,current,True,0,-1013.2639500000005,-1013.2639500000005,8.963163687206182,11304.757844,10291.493894,-3281.3197633716118,-57,-6,-18.0,0,-656.2639526743214,-285.0,-54.0,-18.0,0.0,0.0
p4-refinement-confirmation-round-calibrated-p4-0118-1d2a4b20f6296987,4,calibrated,smoothed_joint,confirmation,extreme,combined_cover,mixed_extreme150_after_observable_screen,unresolved,True,True,current,True,0,1591.229021000001,1591.229021000001,-21.412674213196944,7431.248452,9022.477473,7781.145111301226,-4,21,63.0,-1,1556.229022260246,-20.0,-8.0,63.0,0.0,0.0
p4-refinement-confirmation-round-calibrated-p4-0118-1d2a4b20f6296987,4,calibrated,smoothed_joint,confirmation,extreme,coverage,mixed_extreme150_after_observable_screen,unresolved,True,True,current,True,0,1873.5249540000004,1873.5249540000004,-25.21144281612293,7431.248452,9304.773406,8742.624778120411,-4,51,153.0,-1,1748.5249556240824,-20.0,-8.0,153.0,0.0,0.0
p4-refinement-confirmation-round-calibrated-p4-0119-8ae80ece6033972e,4,calibrated,broad_joint,confirmation,extreme,combined_cover,mixed_extreme150_after_observable_screen,unresolved,True,True,current,True,0,-2747.3091989999994,-2747.3091989999994,22.481115740664862,12220.519794,9473.210595,-11296.546004150012,-18,-129,-387.0,-1,-2259.309200830002,-90.0,-11.0,-387.0,0.0,0.0
p4-refinement-confirmation-round-calibrated-p4-0119-8ae80ece6033972e,4,calibrated,broad_joint,confirmation,extreme,coverage,mixed_extreme150_after_observable_screen,unresolved,True,True,current,True,0,-2838.782727,-2838.782727,23.2296397768103,12220.519794,9381.737067,-11588.913658433135,-18,-140,-420.0,-1,-2317.782731686627,-90.0,-11.0,-420.0,0.0,0.0
p4-refinement-confirmation-round-calibrated-p4-0120-a90a08058f0d4925,4,calibrated,smoothed_joint,confirmation,correlated,combined_cover,mixed_correlated150_after_observable_screen,unresolved,True,True,current,True,0,-1988.0285830000012,-1988.0285830000012,18.648354697776853,10660.611165,8672.582582,-8995.142912352516,-59,52,156.0,0,-1799.0285824705043,-295.0,-50.0,156.0,0.0,622.7079539999995
p4-refinement-confirmation-round-calibrated-p4-0120-a90a08058f0d4925,4,calibrated,smoothed_joint,confirmation,correlated,coverage,mixed_correlated150_after_observable_screen,unresolved,True,True,current,True,0,-2341.409385000001,-2341.409385000001,21.963181554610248,10660.611165,8319.20178,-10027.046925981846,-59,3,9.0,0,-2005.4093851963698,-295.0,-50.0,9.0,0.0,622.1205629999995
p4-refinement-confirmation-round-calibrated-p4-0121-649728a093ab623f,4,calibrated,broad_joint,confirmation,correlated,combined_cover,mixed_correlated150_after_observable_screen,unresolved,True,True,current,True,0,-2119.54976,-2119.54976,16.919638458595575,12527.157511,10407.607751,-8992.748787190969,-38,-34,-102.0,1,-1798.5497574381934,-190.0,-29.0,-102.0,0.0,0.0
p4-refinement-confirmation-round-calibrated-p4-0121-649728a093ab623f,4,calibrated,broad_joint,confirmation,correlated,coverage,mixed_correlated150_after_observable_screen,unresolved,True,True,current,True,0,-2684.196075,-2684.196075,21.42701624564893,12527.157511,9842.961436,-10750.98038112001,-38,-105,-315.0,1,-2150.1960762240014,-190.0,-29.0,-315.0,0.0,0.0
p4-refinement-confirmation-round-calibrated-p4-0122-2dad6958646d2ecc,4,calibrated,smoothed_joint,confirmation,extreme,combined_cover,mixed_extreme150_after_observable_screen,unresolved,True,True,current,True,0,-1254.1171529999992,-1254.1171529999992,13.009545225789335,9639.976888,8385.859735,-4955.585766520162,-60,30,90.0,-3,-991.1171533040324,-300.0,-53.0,90.0,0.0,-2859.711447999999
p4-refinement-confirmation-round-calibrated-p4-0122-2dad6958646d2ecc,4,calibrated,smoothed_joint,confirmation,extreme,coverage,mixed_extreme150_after_observable_screen,unresolved,True,True,current,True,0,-840.892738999999,-840.892738999999,8.72297463748856,9639.976888,8799.084149,-3534.4637027160497,-60,73,219.0,-3,-706.8927405432096,-300.0,-53.0,219.0,0.0,-2857.7299759999987
p4-refinement-confirmation-round-calibrated-p4-0123-d3cc2f9f7669da38,4,calibrated,broad_joint,confirmation,extreme,combined_cover,mixed_extreme150_after_observable_screen,unresolved,True,True,current,True,0,-1242.4875269999993,-1242.4875269999993,11.522861246132845,10782.803858,9540.316331,-4977.437643666781,-4,-76,-228.0,-1,-995.4875287333552,-20.0,1.0,-228.0,0.0,0.0
p4-refinement-confirmation-round-calibrated-p4-0123-d3cc2f9f7669da38,4,calibrated,broad_joint,confirmation,extreme,coverage,mixed_extreme150_after_observable_screen,unresolved,True,True,current,True,0,-136.41482299999916,-136.41482299999916,1.26511457313387,10782.803858,10646.389035,-917.0741421602797,-4,22,66.0,-1,-183.4148284320545,-20.0,1.0,66.0,0.0,0.0
p4-refinement-confirmation-round-calibrated-p4-0124-83f6073beac62609,4,calibrated,smoothed_joint,confirmation,correlated,combined_cover,mixed_correlated150_after_observable_screen,unresolved,True,True,current,True,0,-1736.9014349999998,-1736.9014349999998,17.48226630853286,9935.218949,8198.317514,-7294.507149751589,-32,-31,-93.0,0,-1458.9014299503178,-160.0,-25.0,-93.0,0.0,-427.32756899999913
p4-refinement-confirmation-round-calibrated-p4-0124-83f6073beac62609,4,calibrated,smoothed_joint,confirmation,correlated,coverage,mixed_correlated150_after_observable_screen,unresolved,True,True,current,True,0,-1684.5754479999996,-1684.5754479999996,16.955594603876904,9935.218949,8250.643501,-7152.877229122416,-32,-23,-69.0,0,-1430.5754458244828,-160.0,-25.0,-69.0,0.0,-427.32756899999913
p4-refinement-confirmation-round-calibrated-p4-0125-2cc489a265fd4c8f,4,calibrated,broad_joint,confirmation,correlated,combined_cover,mixed_correlated150_after_observable_screen,unresolved,True,True,current,True,0,-557.6973099999996,-557.6973099999996,6.016985783355283,9268.715767,8711.018457,-2413.4865549060814,-39,51,153.0,-2,-482.6973109812161,-195.0,-33.0,153.0,0.0,-3482.9015179999997
p4-refinement-confirmation-round-calibrated-p4-0125-2cc489a265fd4c8f,4,calibrated,broad_joint,confirmation,correlated,coverage,mixed_correlated150_after_observable_screen,unresolved,True,True,current,True,0,-813.1454610000001,-813.1454610000001,8.77301107770608,9268.715767,8455.570306,-3195.7273055891455,-39,18,54.0,-2,-639.1454611178287,-195.0,-33.0,54.0,0.0,-3482.9015179999997
p4-refinement-confirmation-round-calibrated-p4-0126-d9097ad2b980e82f,4,calibrated,smoothed_joint,confirmation,extreme,combined_cover,mixed_extreme150_after_observable_screen,unresolved,True,True,current,True,0,-2213.631283999999,-2213.631283999999,20.10028577134747,11012.934389,8799.303105,-8668.156405953509,-71,-20,-60.0,0,-1733.6312811907019,-355.0,-65.0,-60.0,0.0,1420.0107750000006
p4-refinement-confirmation-round-calibrated-p4-0126-d9097ad2b980e82f,4,calibrated,smoothed_joint,confirmation,extreme,coverage,mixed_extreme150_after_observable_screen,unresolved,True,True,current,True,0,-1828.4041350000007,-1828.4041350000007,16.602333859595653,11012.934389,9184.530254,-7342.020665399279,-71,20,60.0,0,-1468.4041330798564,-355.0,-65.0,60.0,0.0,1420.0107749999997
p4-refinement-confirmation-round-calibrated-p4-0127-d236c0310a343223,4,calibrated,broad_joint,confirmation,extreme,combined_cover,mixed_extreme150_after_observable_screen,unresolved,True,True,current,True,0,-1334.4362099999998,-1334.4362099999998,13.31534484645734,10021.792341,8687.356131,-6427.181072884101,-20,21,63.0,-3,-1285.43621457682,-100.0,-12.0,63.0,0.0,-696.9169740000007
p4-refinement-confirmation-round-calibrated-p4-0127-d236c0310a343223,4,calibrated,broad_joint,confirmation,extreme,coverage,mixed_extreme150_after_observable_screen,unresolved,True,True,current,True,0,-1281.3596660000003,-1281.3596660000003,12.785733553446818,10021.792341,8740.432675,-6161.798352027938,-20,21,63.0,-3,-1232.3596704055872,-100.0,-12.0,63.0,0.0,-693.8168180000011
p4-refinement-confirmation-round-calibrated-p4-0128-bce6e2ea6c65951d,4,calibrated,smoothed_joint,confirmation,correlated,combined_cover,mixed_correlated150_after_observable_screen,unresolved,True,True,current,True,0,-226.20706900000005,-226.20706900000005,2.1452118163517992,10544.742821,10318.535752,-1281.0353458380923,-89,186,558.0,0,-256.2070691676181,-445.0,-83.0,558.0,0.0,1081.7117980000003
p4-refinement-confirmation-round-calibrated-p4-0128-bce6e2ea6c65951d,4,calibrated,smoothed_joint,confirmation,correlated,coverage,mixed_correlated150_after_observable_screen,unresolved,True,True,current,True,0,-625.8340619999999,-625.8340619999999,5.935033908590381,10544.742821,9918.908759,-2124.1703158055243,-89,109,327.0,0,-424.8340631611045,-445.0,-83.0,327.0,0.0,1085.1290950000002
p4-refinement-confirmation-round-calibrated-p4-0129-07243a5a285c5ce7,4,calibrated,broad_joint,confirmation,correlated,combined_cover,mixed_correlated150_after_observable_screen,unresolved,True,True,current,True,0,-2089.2125509999996,-2089.2125509999996,20.38143706408548,10250.565475,8161.352924,-8371.062757710126,-70,0,0.0,2,-1674.2125515420248,-350.0,-65.0,0.0,0.0,240.75126799999998
p4-refinement-confirmation-round-calibrated-p4-0129-07243a5a285c5ce7,4,calibrated,broad_joint,confirmation,correlated,coverage,mixed_correlated150_after_observable_screen,unresolved,True,True,current,True,0,-2182.4560979999997,-2182.4560979999997,21.29108002209995,10250.565475,8068.109377,-8917.280497085194,-70,5,15.0,2,-1783.4560994170388,-350.0,-64.0,15.0,0.0,237.03363099999933
p4-refinement-confirmation-round-calibrated-p4-0130-a26e5029958bbd1a,4,calibrated,smoothed_joint,confirmation,extreme,combined_cover,mixed_extreme150_after_observable_screen,unresolved,True,True,current,True,0,-1596.3066,-1596.3066,15.133176400108344,10548.390885,8952.084285,-6941.533001734038,-63,54,162.0,0,-1388.3066003468075,-315.0,-55.0,162.0,0.0,434.31597800000054
p4-refinement-confirmation-round-calibrated-p4-0130-a26e5029958bbd1a,4,calibrated,smoothed_joint,confirmation,extreme,coverage,mixed_extreme150_after_observable_screen,unresolved,True,True,current,True,0,-1230.212348000001,-1230.212348000001,11.662559355374142,10548.390885,9318.178537,-5376.061747140775,-63,72,216.0,0,-1075.212349428155,-315.0,-56.0,216.0,0.0,434.31597800000054
p4-refinement-confirmation-round-calibrated-p4-0131-84bc432752c84536,4,calibrated,broad_joint,confirmation,extreme,combined_cover,mixed_extreme150_after_observable_screen,unresolved,True,True,current,True,0,-1894.640297,-1894.640297,18.318104553691718,10342.993138,8448.352841,-6978.201504558649,-67,-35,-105.0,1,-1395.6403009117294,-335.0,-59.0,-105.0,0.0,-53.94456700000046
p4-refinement-confirmation-round-calibrated-p4-0131-84bc432752c84536,4,calibrated,broad_joint,confirmation,extreme,coverage,mixed_extreme150_after_observable_screen,unresolved,True,True,current,True,0,-1696.8684030000004,-1696.8684030000004,16.40597049963933,10342.993138,8646.124735,-6154.342029573883,-67,-24,-72.0,1,-1230.8684059147763,-335.0,-59.0,-72.0,0.0,-54.984543000000485
p4-refinement-confirmation-round-calibrated-p4-0132-4561201305325da3,4,calibrated,smoothed_joint,confirmation,correlated,combined_cover,mixed_correlated150_after_observable_screen,unresolved,True,True,current,True,0,-2207.8025800000014,-2207.8025800000014,20.819994602752303,10604.241846,8396.439266,-8784.012882939998,-65,-22,-66.0,1,-1756.8025765879993,-325.0,-60.0,-66.0,0.0,1193.113968999999
p4-refinement-confirmation-round-calibrated-p4-0132-4561201305325da3,4,calibrated,smoothed_joint,confirmation,correlated,coverage,mixed_correlated150_after_observable_screen,unresolved,True,True,current,True,0,-1967.6943820000015,-1967.6943820000015,18.555729024062483,10604.241846,8636.547464,-7883.471901515077,-65,-2,-6.0,2,-1576.6943803030154,-325.0,-60.0,-6.0,0.0,1195.290176999999
p4-refinement-confirmation-round-calibrated-p4-0133-ff9167bd9756ca7b,4,calibrated,broad_joint,confirmation,correlated,combined_cover,mixed_correlated150_after_observable_screen,unresolved,True,True,current,True,0,-2493.8129149999986,-2493.8129149999986,20.603020885727965,12104.11293,9610.300015,-9569.064559903498,-27,-141,-423.0,0,-1913.812911980699,-135.0,-22.0,-423.0,0.0,0.0
p4-refinement-confirmation-round-calibrated-p4-0133-ff9167bd9756ca7b,4,calibrated,broad_joint,confirmation,correlated,coverage,mixed_correlated150_after_observable_screen,unresolved,True,True,current,True,0,-1941.6216219999988,-1941.6216219999988,16.041007162017603,12104.11293,10162.491308,-7663.108111235233,-27,-84,-252.0,0,-1532.6216222470457,-135.0,-22.0,-252.0,0.0,0.0
p4-refinement-confirmation-round-calibrated-p4-0134-f3c002259ebcb7d8,4,calibrated,smoothed_joint,confirmation,extreme,combined_cover,mixed_extreme150_after_observable_screen,unresolved,True,True,current,True,0,-1443.0523649999996,-1443.0523649999996,12.761823569280594,11307.571815,9864.51945,-5835.261819629712,-32,-30,-90.0,0,-1167.0523639259427,-160.0,-26.0,-90.0,0.0,-1140.9220639999985
p4-refinement-confirmation-round-calibrated-p4-0134-f3c002259ebcb7d8,4,calibrated,smoothed_joint,confirmation,extreme,coverage,mixed_extreme150_after_observable_screen,unresolved,True,True,current,True,0,-1579.9153389999992,-1579.9153389999992,13.972189298008002,11307.571815,9727.656476,-6054.5766877142305,-32,-61,-183.0,0,-1210.915337542846,-160.0,-26.0,-183.0,0.0,-1140.9220639999985
p4-refinement-confirmation-round-calibrated-p4-0135-359a48147ccd2368,4,calibrated,broad_joint,confirmation,extreme,combined_cover,mixed_extreme150_after_observable_screen,unresolved,True,True,current,True,0,-1225.747127999999,-1225.747127999999,11.381638995535873,10769.513323,9543.766195,-4703.7356295925565,-43,-10,-30.0,0,-940.7471259185104,-215.0,-40.0,-30.0,0.0,-1131.6625949999998
p4-refinement-confirmation-round-calibrated-p4-0135-359a48147ccd2368,4,calibrated,broad_joint,confirmation,extreme,coverage,mixed_extreme150_after_observable_screen,unresolved,True,True,current,True,0,-1329.2701399999987,-1329.2701399999987,12.342898886258231,10769.513323,9440.243183,-4771.350687576858,-43,-40,-120.0,0,-954.2701375153711,-215.0,-40.0,-120.0,0.0,-1131.6625949999998
p4-refinement-confirmation-round-calibrated-p4-0136-183e848980dbc7b9,4,calibrated,smoothed_joint,confirmation,correlated,combined_cover,mixed_correlated150_after_observable_screen,unresolved,True,True,current,True,0,-2060.1835069999997,-2060.1835069999997,17.651783204376304,11671.248639,9611.065132,-8885.917539470734,-56,15,45.0,-2,-1777.1835078941467,-280.0,-48.0,45.0,0.0,895.1286999999993
p4-refinement-confirmation-round-calibrated-p4-0136-183e848980dbc7b9,4,calibrated,smoothed_joint,confirmation,correlated,coverage,mixed_correlated150_after_observable_screen,unresolved,True,True,current,True,0,-2366.285753,-2366.285753,20.274486699674537,11671.248639,9304.962886,-9561.428775345972,-56,-42,-126.0,-2,-1912.2857550691942,-280.0,-48.0,-126.0,0.0,895.1286999999993
p4-refinement-confirmation-round-calibrated-p4-0137-bf2e66fb36729dc4,4,calibrated,broad_joint,confirmation,correlated,combined_cover,mixed_correlated150_after_observable_screen,unresolved,True,True,current,True,0,-382.33316900000136,-382.33316900000136,4.042475130285477,9457.897864,9075.564695,-1366.665854580504,-48,58,174.0,2,-273.33317091610115,-240.0,-43.0,174.0,0.0,-1949.6704850000015
p4-refinement-confirmation-round-calibrated-p4-0137-bf2e66fb36729dc4,4,calibrated,broad_joint,confirmation,correlated,coverage,mixed_correlated150_after_observable_screen,unresolved,True,True,current,True,0,-72.14678100000128,-72.14678100000128,0.7628204706525394,9457.897864,9385.751083,-190.7339063670006,-48,83,249.0,2,-38.14678127339994,-240.0,-43.0,249.0,0.0,-1949.6704850000015
p4-refinement-confirmation-round-calibrated-p4-0138-3dfb6815a9a74680,4,calibrated,smoothed_joint,confirmation,extreme,combined_cover,mixed_extreme150_after_observable_screen,unresolved,True,True,current,True,0,-3312.868354,-3312.868354,25.56020494673473,12961.03987,9648.171516,-13879.341764357137,-31,-119,-357.0,-2,-2775.8683528714264,-155.0,-25.0,-357.0,0.0,0.0
p4-refinement-confirmation-round-calibrated-p4-0138-3dfb6815a9a74680,4,calibrated,smoothed_joint,confirmation,extreme,coverage,mixed_extreme150_after_observable_screen,unresolved,True,True,current,True,0,-2784.130269000001,-2784.130269000001,21.480763094049497,12961.03987,10176.909601,-12015.651337371215,-31,-67,-201.0,-2,-2403.130267474242,-155.0,-25.0,-201.0,0.0,0.0
p4-refinement-confirmation-round-calibrated-p4-0139-b205a18775bf0d56,4,calibrated,broad_joint,confirmation,extreme,combined_cover,mixed_extreme150_after_observable_screen,unresolved,True,True,current,True,0,-1706.5794299999998,-1706.5794299999998,15.677033500032838,10885.856881,9179.277451,-7817.897156891071,-29,9,27.0,-1,-1563.5794313782144,-145.0,-25.0,27.0,0.0,0.0
p4-refinement-confirmation-round-calibrated-p4-0139-b205a18775bf0d56,4,calibrated,broad_joint,confirmation,extreme,coverage,mixed_extreme150_after_observable_screen,unresolved,True,True,current,True,0,-1410.112278999999,-1410.112278999999,12.953617656513439,10885.856881,9475.744602,-6740.561426640517,-29,36,108.0,-1,-1348.112285328104,-145.0,-25.0,108.0,0.0,0.0
p4-refinement-confirmation-round-calibrated-p4-0140-e397abb39a249216,4,calibrated,smoothed_joint,confirmation,correlated,combined_cover,mixed_correlated150_after_observable_screen,unresolved,True,True,current,True,0,-2223.8222689999984,-2223.8222689999984,19.845362169044375,11205.753012,8981.930743,-7354.111358644397,-55,-142,-426.0,-2,-1470.822271728879,-275.0,-52.0,-426.0,0.0,-1816.046289
p4-refinement-confirmation-round-calibrated-p4-0140-e397abb39a249216,4,calibrated,smoothed_joint,confirmation,correlated,coverage,mixed_correlated150_after_observable_screen,unresolved,True,True,current,True,0,-2048.4094619999996,-2048.4094619999996,18.27998046901803,11205.753012,9157.34355,-7112.047328415101,-55,-100,-300.0,-2,-1422.4094656830193,-275.0,-51.0,-300.0,0.0,-1816.046289
p4-refinement-confirmation-round-calibrated-p4-0141-e072a0d6d5435268,4,calibrated,broad_joint,confirmation,correlated,combined_cover,mixed_correlated150_after_observable_screen,unresolved,True,True,current,True,0,-1473.3629120000005,-1473.3629120000005,14.868418975923579,9909.344863,8435.981951,-5856.8145605446625,-46,-11,-33.0,-1,-1171.3629121089325,-230.0,-39.0,-33.0,0.0,192.69335899999896
p4-refinement-confirmation-round-calibrated-p4-0141-e072a0d6d5435268,4,calibrated,broad_joint,confirmation,correlated,coverage,mixed_correlated150_after_observable_screen,unresolved,True,True,current,True,0,-1329.5209630000008,-1329.5209630000008,13.416840178448444,9909.344863,8579.8239,-5362.604814691134,-46,4,12.0,-1,-1072.520962938227,-230.0,-39.0,12.0,0.0,190.86722799999916
p4-refinement-confirmation-round-calibrated-p4-0142-d3b70e10c8fa36fd,4,calibrated,smoothed_joint,confirmation,extreme,combined_cover,mixed_extreme150_after_observable_screen,unresolved,True,True,current,True,0,-1977.4969680000013,-1977.4969680000013,17.512560606237614,11291.877941,9314.380973,-7562.484857431045,-57,-43,-129.0,2,-1512.496971486209,-285.0,-51.0,-129.0,0.0,851.1612669999995
p4-refinement-confirmation-round-calibrated-p4-0142-d3b70e10c8fa36fd,4,calibrated,smoothed_joint,confirmation,extreme,coverage,mixed_extreme150_after_observable_screen,unresolved,True,True,current,True,0,-2499.38911,-2499.38911,22.134397157490493,11291.877941,8792.488831,-9211.945560728149,-57,-107,-321.0,2,-1842.389112145629,-285.0,-51.0,-321.0,0.0,849.0776020000003
p4-refinement-confirmation-round-calibrated-p4-0143-0c5df59de04190b0,4,calibrated,broad_joint,confirmation,extreme,combined_cover,mixed_extreme150_after_observable_screen,unresolved,True,True,current,True,0,-2312.5351740000006,-2312.5351740000006,21.42899538660559,10791.617303,8479.082129,-9722.675890772342,-42,-40,-120.0,-1,-1944.5351781544687,-210.0,-38.0,-120.0,0.0,1154.2303950000005
p4-refinement-confirmation-round-calibrated-p4-0143-0c5df59de04190b0,4,calibrated,broad_joint,confirmation,extreme,coverage,mixed_extreme150_after_observable_screen,unresolved,True,True,current,True,0,-2031.8550760000016,-2031.8550760000016,18.82808682842338,10791.617303,8759.762227,-8814.275399895781,-42,-7,-21.0,-1,-1762.8550799791565,-210.0,-38.0,-21.0,0.0,1154.2303949999996
p4-refinement-confirmation-round-calibrated-p4-0144-a4faaa3ccbd6a3d4,4,calibrated,smoothed_joint,confirmation,correlated,combined_cover,mixed_correlated150_after_observable_screen,unresolved,True,True,current,True,0,-2191.0481849999996,-2191.0481849999996,19.31616024666173,11343.083496,9152.035311,-8190.240927512779,-67,-52,-156.0,1,-1638.0481855025555,-335.0,-62.0,-156.0,0.0,0.0
p4-refinement-confirmation-round-calibrated-p4-0144-a4faaa3ccbd6a3d4,4,calibrated,smoothed_joint,confirmation,correlated,coverage,mixed_correlated150_after_observable_screen,unresolved,True,True,current,True,0,-2083.9419319999997,-2083.9419319999997,18.371917413240205,11343.083496,9259.141564,-7849.70967347706,-67,-39,-117.0,1,-1569.9419346954119,-335.0,-62.0,-117.0,0.0,0.0
p4-refinement-confirmation-round-calibrated-p4-0145-c3e83425b96c93a2,4,calibrated,broad_joint,confirmation,correlated,combined_cover,mixed_correlated150_after_observable_screen,unresolved,True,True,current,True,0,-2210.3454599999986,-2210.3454599999986,18.341209877754665,12051.252206,9840.906746,-7566.727298799808,-63,-108,-324.0,0,-1513.345459759962,-315.0,-58.0,-324.0,0.0,0.0
p4-refinement-confirmation-round-calibrated-p4-0145-c3e83425b96c93a2,4,calibrated,broad_joint,confirmation,correlated,coverage,mixed_correlated150_after_observable_screen,unresolved,True,True,current,True,0,-1184.9569279999996,-1184.9569279999996,9.832645668223929,12051.252206,10866.295278,-3834.784629108908,-63,-15,-45.0,0,-766.9569258217816,-315.0,-58.0,-45.0,0.0,0.0
p4-refinement-confirmation-round-calibrated-p4-0146-ff9de03c7b8cc094,4,calibrated,smoothed_joint,confirmation,extreme,combined_cover,mixed_extreme150_after_observable_screen,unresolved,True,True,current,True,0,-3056.9520089999987,-3056.9520089999987,26.26635713739378,11638.279313,8581.327304,-12584.76004221366,-41,-101,-303.0,1,-2516.952008442732,-205.0,-32.0,-303.0,0.0,0.0
p4-refinement-confirmation-round-calibrated-p4-0146-ff9de03c7b8cc094,4,calibrated,smoothed_joint,confirmation,extreme,coverage,mixed_extreme150_after_observable_screen,unresolved,True,True,current,True,0,-2589.6868029999987,-2589.6868029999987,22.251457740039882,11638.279313,9048.59251,-11073.4340173296,-41,-46,-138.0,1,-2214.68680346592,-205.0,-32.0,-138.0,0.0,0.0
p4-refinement-confirmation-round-calibrated-p4-0147-68f30ad2782f96e4,4,calibrated,broad_joint,confirmation,extreme,combined_cover,mixed_extreme150_after_observable_screen,unresolved,True,True,current,True,0,-1574.4600030000001,-1574.4600030000001,14.090309224412684,11174.062811,9599.602808,-5757.299994983943,-80,17,51.0,-2,-1151.4599989967883,-400.0,-74.0,51.0,0.0,0.0
p4-refinement-confirmation-round-calibrated-p4-0147-68f30ad2782f96e4,4,calibrated,broad_joint,confirmation,extreme,coverage,mixed_extreme150_after_observable_screen,unresolved,True,True,current,True,0,-1163.8036360000006,-1163.8036360000006,10.415223680811298,11174.062811,10010.259175,-4379.018176510683,-80,62,186.0,-2,-875.8036353021362,-400.0,-74.0,186.0,0.0,0.0
p4-refinement-confirmation-round-calibrated-p4-0148-596c02bf04f4d630,4,calibrated,smoothed_joint,confirmation,correlated,combined_cover,mixed_correlated150_after_observable_screen,unresolved,True,True,current,True,0,-1627.1458349999994,-1627.1458349999994,15.809805595191488,10292.004068,8664.858233,-5150.729160220137,-59,-83,-249.0,-2,-1030.145832044027,-295.0,-53.0,-249.0,0.0,-1227.933884
p4-refinement-confirmation-round-calibrated-p4-0148-596c02bf04f4d630,4,calibrated,smoothed_joint,confirmation,correlated,coverage,mixed_correlated150_after_observable_screen,unresolved,True,True,current,True,0,-1588.45896,-1588.45896,15.433913060128418,10292.004068,8703.545108,-5062.294787407867,-59,-76,-228.0,-2,-1012.4589574815727,-295.0,-53.0,-228.0,0.0,-1227.933884
p4-refinement-confirmation-round-calibrated-p4-0149-7fbb4f9a5f1e77ef,4,calibrated,broad_joint,confirmation,correlated,combined_cover,mixed_correlated150_after_observable_screen,unresolved,True,True,current,True,0,1778.5022589999999,1778.5022589999999,-24.84688753684765,7157.847261,8936.34952,9067.511313296352,1,-12,-36.0,1,1813.50226265927,5.0,-4.0,-36.0,0.0,0.0
p4-refinement-confirmation-round-calibrated-p4-0149-7fbb4f9a5f1e77ef,4,calibrated,broad_joint,confirmation,correlated,coverage,mixed_correlated150_after_observable_screen,unresolved,True,True,current,True,0,1791.3182380000007,1791.3182380000007,-25.025935489852035,7157.847261,8949.165499,9146.591210497842,1,-13,-39.0,0,1829.3182420995681,5.0,-4.0,-39.0,0.0,0.0
p4-refinement-confirmation-round-calibrated-p4-0150-88b5f45a2e49c026,4,calibrated,smoothed_joint,confirmation,extreme,combined_cover,mixed_extreme150_after_observable_screen,unresolved,True,True,current,True,0,394.2684100000006,394.2684100000006,-3.5739193451344833,11031.821704,11426.090114,1571.3420443888754,-29,83,249.0,1,314.2684088777751,-145.0,-24.0,249.0,0.0,0.0
p4-refinement-confirmation-round-calibrated-p4-0150-88b5f45a2e49c026,4,calibrated,smoothed_joint,confirmation,extreme,coverage,mixed_extreme150_after_observable_screen,unresolved,True,True,current,True,0,1024.6036640000002,1024.6036640000002,-9.287710511388086,11031.821704,12056.425368,3868.0183187990115,-29,140,420.0,1,773.6036637598027,-145.0,-24.0,420.0,0.0,0.0
p4-refinement-confirmation-round-calibrated-p4-0151-25b7a3c62f407c5f,4,calibrated,broad_joint,confirmation,extreme,combined_cover,mixed_extreme150_after_observable_screen,unresolved,True,True,current,True,0,-2452.5310040000004,-2452.5310040000004,22.011069380775186,11142.26193,8689.730926,-9272.655009167178,-70,-61,-183.0,-2,-1854.5310018334349,-350.0,-65.0,-183.0,0.0,0.0
p4-refinement-confirmation-round-calibrated-p4-0151-25b7a3c62f407c5f,4,calibrated,broad_joint,confirmation,extreme,coverage,mixed_extreme150_after_observable_screen,unresolved,True,True,current,True,0,-2378.3029420000003,-2378.3029420000003,21.34488452112703,11142.26193,8763.958988,-8991.51469378066,-70,-55,-165.0,-2,-1798.3029387561319,-350.0,-65.0,-165.0,0.0,0.0
p4-refinement-confirmation-round-calibrated-p4-0152-cb2c5480c7977f0c,4,calibrated,smoothed_joint,confirmation,correlated,combined_cover,mixed_correlated150_after_observable_screen,unresolved,True,True,current,True,0,-398.94966600000043,-398.94966600000043,3.964277364457868,10063.616375,9664.666709,-2289.7483318497543,-22,62,186.0,0,-457.94966636995014,-110.0,-17.0,186.0,0.0,-1110.2165750000004
p4-refinement-confirmation-round-calibrated-p4-0152-cb2c5480c7977f0c,4,calibrated,smoothed_joint,confirmation,correlated,coverage,mixed_correlated150_after_observable_screen,unresolved,True,True,current,True,0,37.627463000000716,37.627463000000716,-0.37389603893760026,10063.616375,10101.243838,-741.862697998331,-22,104,312.0,1,-148.3725395996662,-110.0,-16.0,312.0,0.0,-1110.2165750000004
p4-refinement-confirmation-round-calibrated-p4-0153-aa4668ddea7f277e,4,calibrated,broad_joint,confirmation,correlated,combined_cover,mixed_correlated150_after_observable_screen,unresolved,True,True,current,True,0,-1539.018352000001,-1539.018352000001,14.602572010135646,10539.364921,9000.346569,-5885.091780932067,-46,-29,-87.0,-1,-1177.0183561864133,-230.0,-45.0,-87.0,0.0,-1447.995417
p4-refinement-confirmation-round-calibrated-p4-0153-aa4668ddea7f277e,4,calibrated,broad_joint,confirmation,correlated,coverage,mixed_correlated150_after_observable_screen,unresolved,True,True,current,True,0,-1352.311232,-1352.311232,12.831050467808353,10539.364921,9187.053689,-5176.556172626988,-46,-14,-42.0,-1,-1035.3112345253976,-230.0,-45.0,-42.0,0.0,-1447.995417
p4-refinement-confirmation-round-calibrated-p4-0154-74b62177b2a154b0,4,calibrated,smoothed_joint,confirmation,extreme,combined_cover,mixed_extreme150_after_observable_screen,unresolved,True,True,current,True,0,-2551.788625000001,-2551.788625000001,24.00026750212833,10632.334097,8080.545472,-9588.943131077795,-75,-64,-192.0,0,-1917.788626215559,-375.0,-67.0,-192.0,0.0,1244.7007139999996
p4-refinement-confirmation-round-calibrated-p4-0154-74b62177b2a154b0,4,calibrated,smoothed_joint,confirmation,extreme,coverage,mixed_extreme150_after_observable_screen,unresolved,True,True,current,True,0,-2469.6892500000013,-2469.6892500000013,23.22810050426128,10632.334097,8162.644847,-9298.446253029873,-75,-56,-168.0,0,-1859.6892506059748,-375.0,-67.0,-168.0,0.0,1246.7619689999992
p4-refinement-confirmation-round-calibrated-p4-0155-f9988f73ba491087,4,calibrated,broad_joint,confirmation,extreme,combined_cover,mixed_extreme150_after_observable_screen,unresolved,True,True,current,True,0,-910.975391,-910.975391,8.463061868190334,10764.134839,9853.159448,-2359.876952398263,-103,58,174.0,0,-471.97539047965256,-515.0,-98.0,174.0,0.0,0.0
p4-refinement-confirmation-round-calibrated-p4-0155-f9988f73ba491087,4,calibrated,broad_joint,confirmation,extreme,coverage,mixed_extreme150_after_observable_screen,unresolved,True,True,current,True,0,-282.6904830000003,-282.6904830000003,2.626225769448486,10764.134839,10481.444356,-223.452417962646,-103,125,375.0,0,-44.690483592528835,-515.0,-98.0,375.0,0.0,0.0
p4-refinement-confirmation-round-calibrated-p4-0156-74388fce9fb3f436,4,calibrated,smoothed_joint,confirmation,correlated,combined_cover,mixed_correlated150_after_observable_screen,unresolved,True,True,current,True,0,-1405.0094989999998,-1405.0094989999998,12.46771694537157,11269.180277,9864.170778,-5845.0474957273545,-73,65,195.0,-1,-1169.0094991454698,-365.0,-66.0,195.0,0.0,0.0
p4-refinement-confirmation-round-calibrated-p4-0156-74388fce9fb3f436,4,calibrated,smoothed_joint,confirmation,correlated,coverage,mixed_correlated150_after_observable_screen,unresolved,True,True,current,True,0,-1674.0207219999993,-1674.0207219999993,14.854857947535162,11269.180277,9595.159555,-6455.103625158481,-73,16,48.0,-1,-1291.0207250316953,-365.0,-66.0,48.0,0.0,0.0
p4-refinement-confirmation-round-calibrated-p4-0157-75836dd658586d8a,4,calibrated,broad_joint,confirmation,correlated,combined_cover,mixed_correlated150_after_observable_screen,unresolved,True,True,current,True,0,-1490.3138249999993,-1490.3138249999993,14.800202733427543,10069.550072,8579.236247,-6506.569124020589,-31,-4,-12.0,-1,-1301.3138248041178,-155.0,-22.0,-12.0,0.0,-3732.580344
p4-refinement-confirmation-round-calibrated-p4-0157-75836dd658586d8a,4,calibrated,broad_joint,confirmation,correlated,coverage,mixed_correlated150_after_observable_screen,unresolved,True,True,current,True,0,-1458.9161989999993,-1458.9161989999993,14.488395097778499,10069.550072,8610.633873,-6409.5809814675595,-31,0,0.0,-1,-1281.9161962935113,-155.0,-22.0,0.0,0.0,-3732.580344
p4-refinement-confirmation-round-calibrated-p4-0158-3e1300bab8306d82,4,calibrated,smoothed_joint,confirmation,extreme,combined_cover,mixed_extreme150_after_observable_screen,unresolved,True,True,current,True,0,-1711.4234030000007,-1711.4234030000007,15.84037081069045,10804.187752,9092.764349,-6782.117029225708,-50,-20,-60.0,-1,-1356.4234058451411,-250.0,-45.0,-60.0,0.0,0.0
p4-refinement-confirmation-round-calibrated-p4-0158-3e1300bab8306d82,4,calibrated,smoothed_joint,confirmation,extreme,coverage,mixed_extreme150_after_observable_screen,unresolved,True,True,current,True,0,-782.5958869999995,-782.5958869999995,7.243449530531627,10804.187752,10021.591865,-3352.979433599212,-50,61,183.0,-1,-670.5958867198424,-250.0,-45.0,183.0,0.0,0.0
p4-refinement-confirmation-round-calibrated-p4-0159-c93fa41e6759bc3d,4,calibrated,broad_joint,confirmation,extreme,combined_cover,mixed_extreme150_after_observable_screen,unresolved,True,True,current,True,0,-1105.680848,-1105.680848,10.428482735294923,10602.509263,9496.828415,-4503.404240872485,-15,-40,-120.0,0,-900.6808481744965,-75.0,-10.0,-120.0,0.0,0.0
p4-refinement-confirmation-round-calibrated-p4-0159-c93fa41e6759bc3d,4,calibrated,broad_joint,confirmation,extreme,coverage,mixed_extreme150_after_observable_screen,unresolved,True,True,current,True,0,-378.48467100000016,-378.48467100000016,3.5697650585490477,10602.509263,10224.024592,-2127.42336021729,-15,44,132.0,0,-425.48467204345707,-75.0,-10.0,132.0,0.0,0.0
p4-refinement-confirmation-round-calibrated-p4-0160-bca3f2c6508237e5,4,calibrated,smoothed_joint,confirmation,correlated,combined_cover,mixed_correlated150_after_observable_screen,unresolved,True,True,current,True,0,-2185.1317020000006,-2185.1317020000006,19.032874529462603,11480.828598,9295.696896,-10260.658530436413,-33,19,57.0,4,-2052.1317060872825,-165.0,-25.0,57.0,0.0,0.0
p4-refinement-confirmation-round-calibrated-p4-0160-bca3f2c6508237e5,4,calibrated,smoothed_joint,confirmation,correlated,coverage,mixed_correlated150_after_observable_screen,unresolved,True,True,current,True,0,-2147.473855,-2147.473855,18.7048681780172,11480.828598,9333.354743,-10162.369289818525,-33,25,75.0,4,-2032.473857963705,-165.0,-25.0,75.0,0.0,0.0
p4-refinement-confirmation-round-calibrated-p4-0161-7d6bc8329a7e3bbc,4,calibrated,broad_joint,confirmation,correlated,combined_cover,mixed_correlated150_after_observable_screen,unresolved,True,True,current,True,0,-1527.61647,-1527.61647,15.858184056225026,9632.984865,8105.368395,-6813.082331049998,-24,-10,-30.0,2,-1362.61646621,-120.0,-15.0,-30.0,0.0,-2265.770479999999
p4-refinement-confirmation-round-calibrated-p4-0161-7d6bc8329a7e3bbc,4,calibrated,broad_joint,confirmation,correlated,coverage,mixed_correlated150_after_observable_screen,unresolved,True,True,current,True,0,-1490.3115280000002,-1490.3115280000002,15.470921514834126,9632.984865,8142.673337,-6731.557638409868,-24,-3,-9.0,2,-1346.3115276819735,-120.0,-15.0,-9.0,0.0,-2270.261182
p4-refinement-confirmation-round-calibrated-p4-0162-f1074bd05ec086e4,4,calibrated,smoothed_joint,confirmation,extreme,combined_cover,mixed_extreme150_after_observable_screen,unresolved,True,True,current,True,0,-1307.66395,-1307.66395,12.763689158266303,10245.188,8937.52405,-4613.319770487731,-51,-27,-81.0,0,-922.6639540975466,-255.0,-49.0,-81.0,0.0,852.1175110000004
p4-refinement-confirmation-round-calibrated-p4-0162-f1074bd05ec086e4,4,calibrated,smoothed_joint,confirmation,extreme,coverage,mixed_extreme150_after_observable_screen,unresolved,True,True,current,True,0,-713.1815399999996,-713.1815399999996,6.961136681923255,10245.188,9532.00646,-2585.907733571992,-51,36,108.0,0,-517.1815467143988,-255.0,-49.0,108.0,0.0,852.2828450000015
p4-refinement-confirmation-round-calibrated-p4-0163-93e41d9729109fbe,4,calibrated,broad_joint,confirmation,extreme,combined_cover,mixed_extreme150_after_observable_screen,unresolved,True,True,current,True,0,-2115.043912000001,-2115.043912000001,20.906993302286715,10116.44229,8001.398378,-7990.219560684269,-68,-38,-114.0,-1,-1598.0439121368536,-340.0,-63.0,-114.0,0.0,1206.4145179999996
p4-refinement-confirmation-round-calibrated-p4-0163-93e41d9729109fbe,4,calibrated,broad_joint,confirmation,extreme,coverage,mixed_extreme150_after_observable_screen,unresolved,True,True,current,True,0,-2037.9236230000006,-2037.9236230000006,20.14466711300738,10116.44229,8078.518667,-7739.6181053576365,-68,-29,-87.0,-1,-1547.9236210715271,-340.0,-63.0,-87.0,0.0,1206.4145180000005
p4-refinement-confirmation-round-calibrated-p4-0164-444222818b5bbd00,4,calibrated,smoothed_joint,confirmation,correlated,combined_cover,mixed_correlated150_after_observable_screen,unresolved,True,True,current,True,0,-1583.7501940000002,-1583.7501940000002,15.233746271160516,10396.32777,8812.577576,-7478.750981755875,-14,-3,-9.0,2,-1495.750196351175,-70.0,-9.0,-9.0,0.0,962.7345949999999
p4-refinement-confirmation-round-calibrated-p4-0164-444222818b5bbd00,4,calibrated,smoothed_joint,confirmation,correlated,coverage,mixed_correlated150_after_observable_screen,unresolved,True,True,current,True,0,-1405.7925209999994,-1405.7925209999994,13.522010387712115,10396.32777,8990.535249,-6873.962611430667,-14,16,48.0,2,-1374.792522286134,-70.0,-9.0,48.0,0.0,965.0701660000004
p4-refinement-confirmation-round-calibrated-p4-0165-eee748e6eacf84a9,4,calibrated,broad_joint,confirmation,correlated,combined_cover,mixed_correlated150_after_observable_screen,unresolved,True,True,current,True,0,-2231.9112569999998,-2231.9112569999998,21.026706805761346,10614.649634,8382.738377,-8509.556275287287,-41,-97,-291.0,-3,-1701.9112550574573,-205.0,-34.0,-291.0,0.0,997.601017
p4-refinement-confirmation-round-calibrated-p4-0165-eee748e6eacf84a9,4,calibrated,broad_joint,confirmation,correlated,coverage,mixed_correlated150_after_observable_screen,unresolved,True,True,current,True,0,-2256.1789579999986,-2256.1789579999986,21.255331412665623,10614.649634,8358.470676,-8600.894776752575,-41,-99,-297.0,-3,-1720.178955350515,-205.0,-34.0,-297.0,0.0,998.9831900000008
p4-refinement-confirmation-round-calibrated-p4-0166-af8730b897b39492,4,calibrated,smoothed_joint,confirmation,extreme,combined_cover,mixed_extreme150_after_observable_screen,unresolved,True,True,current,True,0,-1380.9471630000007,-1380.9471630000007,12.03160358396097,11477.665079,10096.717916,-5864.735824613723,-21,-28,-84.0,1,-1172.9471649227453,-105.0,-19.0,-84.0,0.0,0.0
p4-refinement-confirmation-round-calibrated-p4-0166-af8730b897b39492,4,calibrated,smoothed_joint,confirmation,extreme,coverage,mixed_extreme150_after_observable_screen,unresolved,True,True,current,True,0,-659.5891150000007,-659.5891150000007,5.746718609230126,11477.665079,10818.075964,-3457.945576628721,-21,52,156.0,1,-691.5891153257435,-105.0,-19.0,156.0,0.0,0.0
p4-refinement-confirmation-round-calibrated-p4-0167-c6358b6017e61df8,4,calibrated,broad_joint,confirmation,extreme,combined_cover,mixed_extreme150_after_observable_screen,unresolved,True,True,current,True,0,-2793.7871889999988,-2793.7871889999988,24.334354485503102,11480.83542,8687.048231,-11168.935952835007,-74,-41,-123.0,3,-2233.7871905670017,-370.0,-67.0,-123.0,0.0,1198.7501340000008
p4-refinement-confirmation-round-calibrated-p4-0167-c6358b6017e61df8,4,calibrated,broad_joint,confirmation,extreme,coverage,mixed_extreme150_after_observable_screen,unresolved,True,True,current,True,0,-2722.0018,-2722.0018,23.709091720435097,11480.83542,8758.83362,-10900.008998127683,-74,-35,-105.0,3,-2180.0017996255374,-370.0,-67.0,-105.0,0.0,1195.9474699999992
p4-refinement-confirmation-round-calibrated-p4-0168-ca8edd6f87a24393,4,calibrated,smoothed_joint,confirmation,correlated,combined_cover,mixed_correlated150_after_observable_screen,unresolved,True,True,current,True,0,-1532.7066759999998,-1532.7066759999998,13.571200071648114,11293.818291,9761.111615,-4648.533387942327,-84,-35,-105.0,0,-929.706677588465,-420.0,-78.0,-105.0,0.0,0.0
p4-refinement-confirmation-round-calibrated-p4-0168-ca8edd6f87a24393,4,calibrated,smoothed_joint,confirmation,correlated,coverage,mixed_correlated150_after_observable_screen,unresolved,True,True,current,True,0,-1945.4807619999992,-1945.4807619999992,17.226067498804593,11293.818291,9348.337529,-5977.403809778378,-84,-84,-252.0,0,-1195.480761955675,-420.0,-78.0,-252.0,0.0,0.0
p4-refinement-confirmation-round-calibrated-p4-0169-47a8412bce448955,4,calibrated,broad_joint,confirmation,correlated,combined_cover,mixed_correlated150_after_observable_screen,unresolved,True,True,current,True,0,-922.5365440000005,-922.5365440000005,10.08980748455331,9143.252192,8220.715648,-3077.6827149650126,-25,-54,-162.0,-1,-615.5365429930025,-125.0,-20.0,-162.0,0.0,0.0
p4-refinement-confirmation-round-calibrated-p4-0169-47a8412bce448955,4,calibrated,broad_joint,confirmation,correlated,coverage,mixed_correlated150_after_observable_screen,unresolved,True,True,current,True,0,-829.194872,-829.194872,9.068927057765224,9143.252192,8314.05732,-2760.9743440705715,-25,-44,-132.0,-1,-552.1948688141138,-125.0,-20.0,-132.0,0.0,0.0
p4-refinement-confirmation-round-calibrated-p4-0170-15d13f569e9fe3ed,4,calibrated,smoothed_joint,confirmation,extreme,combined_cover,mixed_extreme150_after_observable_screen,unresolved,True,True,current,True,0,240.85885100000087,240.85885100000087,-2.3072009476922517,10439.43967,10680.298521,-235.70574533478066,-65,224,672.0,2,-47.14114906695613,-325.0,-59.0,672.0,0.0,351.5138370000004
p4-refinement-confirmation-round-calibrated-p4-0170-15d13f569e9fe3ed,4,calibrated,smoothed_joint,confirmation,extreme,coverage,mixed_extreme150_after_observable_screen,unresolved,True,True,current,True,0,761.2487959999999,761.2487959999999,-7.292046508852518,10439.43967,11200.688466,1886.2439709724713,-65,256,768.0,2,377.2487941944946,-325.0,-59.0,768.0,0.0,348.49929899999916
p4-refinement-confirmation-round-calibrated-p4-0171-4bf502ee9f505b64,4,calibrated,broad_joint,confirmation,extreme,combined_cover,mixed_extreme150_after_observable_screen,unresolved,True,True,current,True,0,-1890.5036760000003,-1890.5036760000003,18.846237392646596,10031.199526,8140.69585,-6812.518373752235,-78,-22,-66.0,0,-1362.5036747504464,-390.0,-72.0,-66.0,0.0,-647.3525879999997
p4-refinement-confirmation-round-calibrated-p4-0171-4bf502ee9f505b64,4,calibrated,broad_joint,confirmation,extreme,coverage,mixed_extreme150_after_observable_screen,unresolved,True,True,current,True,0,-1480.2168039999997,-1480.2168039999997,14.756129615041608,10031.199526,8550.982722,-5241.084024610591,-78,10,30.0,0,-1048.2168049221182,-390.0,-72.0,30.0,0.0,-649.8186749999995
p4-refinement-confirmation-round-calibrated-p4-0172-6d99394fd6ebd003,4,calibrated,smoothed_joint,confirmation,correlated,combined_cover,mixed_correlated150_after_observable_screen,unresolved,True,True,current,True,0,-1831.6918929999993,-1831.6918929999993,16.507099304423544,11096.388646,9264.696753,-8498.4594713915,-33,19,57.0,0,-1699.6918942783004,-165.0,-24.0,57.0,0.0,-3143.381689
p4-refinement-confirmation-round-calibrated-p4-0172-6d99394fd6ebd003,4,calibrated,smoothed_joint,confirmation,correlated,coverage,mixed_correlated150_after_observable_screen,unresolved,True,True,current,True,0,-1318.672971,-1318.672971,11.883803037805027,11096.388646,9777.715675,-7238.364864854797,-33,106,318.0,-1,-1447.6729729709596,-165.0,-24.0,318.0,0.0,-1872.5612739999997
p4-refinement-confirmation-round-calibrated-p4-0173-c1c6fd0634836ab0,4,calibrated,broad_joint,confirmation,correlated,combined_cover,mixed_correlated150_after_observable_screen,unresolved,True,True,current,True,0,-1077.6147130000008,-1077.6147130000008,10.421207266442867,10340.593805,9262.979092,-4188.073570068518,-38,-6,-18.0,1,-837.6147140137027,-190.0,-32.0,-18.0,0.0,0.0
p4-refinement-confirmation-round-calibrated-p4-0173-c1c6fd0634836ab0,4,calibrated,broad_joint,confirmation,correlated,coverage,mixed_correlated150_after_observable_screen,unresolved,True,True,current,True,0,-902.4957940000004,-902.4957940000004,8.727697954479321,10340.593805,9438.098011,-3217.478973302139,-38,-12,-36.0,1,-643.4957946604272,-190.0,-33.0,-36.0,0.0,0.0
p4-refinement-confirmation-round-calibrated-p4-0174-b1f8ba201f17b9e7,4,calibrated,smoothed_joint,confirmation,extreme,combined_cover,mixed_extreme150_after_observable_screen,unresolved,True,True,current,True,0,-1210.9046670000007,-1210.9046670000007,11.304545364307362,10711.661796,9500.757129,-5734.5233269616,-32,41,123.0,2,-1146.9046653923197,-160.0,-27.0,123.0,0.0,240.47046199999932
p4-refinement-confirmation-round-calibrated-p4-0174-b1f8ba201f17b9e7,4,calibrated,smoothed_joint,confirmation,extreme,coverage,mixed_extreme150_after_observable_screen,unresolved,True,True,current,True,0,-1356.7753809999995,-1356.7753809999995,12.666338863561329,10711.661796,9354.886415,-6058.876886211932,-32,14,42.0,2,-1211.7753772423857,-160.0,-27.0,42.0,0.0,242.2026310000001
p4-refinement-confirmation-round-calibrated-p4-0175-040d136e5cb77d4e,4,calibrated,broad_joint,confirmation,extreme,combined_cover,mixed_extreme150_after_observable_screen,unresolved,True,True,current,True,0,47.50436400000035,47.50436400000035,-0.4870583334042461,9753.321264,9800.825628,-77.47819347697805,-22,63,189.0,2,-15.495638695396337,-110.0,-16.0,189.0,0.0,-1905.819172999999
p4-refinement-confirmation-round-calibrated-p4-0175-040d136e5cb77d4e,4,calibrated,broad_joint,confirmation,extreme,coverage,mixed_extreme150_after_observable_screen,unresolved,True,True,current,True,0,-392.7192439999999,-392.7192439999999,4.026518079021414,9753.321264,9360.60202,-1393.596231008276,-22,4,12.0,2,-278.71924620165555,-110.0,-16.0,12.0,0.0,-1905.443749
p4-refinement-confirmation-round-calibrated-p4-0176-b76d4f2a27ea6818,4,calibrated,smoothed_joint,confirmation,correlated,combined_cover,mixed_correlated150_after_observable_screen,unresolved,True,True,current,True,0,-1428.143599000001,-1428.143599000001,13.561933598448638,10530.530832,9102.387233,-6065.718017393119,-14,-46,-138.0,3,-1213.1436034786238,-70.0,-7.0,-138.0,0.0,-3098.448354
p4-refinement-confirmation-round-calibrated-p4-0176-b76d4f2a27ea6818,4,calibrated,smoothed_joint,confirmation,correlated,coverage,mixed_correlated150_after_observable_screen,unresolved,True,True,current,True,0,-1467.9166829999995,-1467.9166829999995,13.939626657179703,10530.530832,9062.614149,-6249.583423295218,-14,-47,-141.0,3,-1249.9166846590442,-70.0,-7.0,-141.0,0.0,-3098.448354
p4-refinement-confirmation-round-calibrated-p4-0177-4afd62b8a8fb6f3d,4,calibrated,broad_joint,confirmation,correlated,combined_cover,mixed_correlated150_after_observable_screen,unresolved,True,True,current,True,0,-878.2990150000005,-878.2990150000005,8.273220340188763,10616.16854,9737.869525,-2921.4950941697025,-60,20,60.0,-3,-584.2990188339409,-300.0,-54.0,60.0,0.0,0.0
p4-refinement-confirmation-round-calibrated-p4-0177-4afd62b8a8fb6f3d,4,calibrated,broad_joint,confirmation,correlated,coverage,mixed_correlated150_after_observable_screen,unresolved,True,True,current,True,0,-1054.574681,-1054.574681,9.933665587792184,10616.16854,9561.593859,-3397.873414151436,-60,-7,-21.0,-3,-679.5746828302872,-300.0,-54.0,-21.0,0.0,0.0
p4-refinement-confirmation-round-calibrated-p4-0178-0401bf7e99779588,4,calibrated,smoothed_joint,confirmation,extreme,combined_cover,mixed_extreme150_after_observable_screen,unresolved,True,True,current,True,0,-3186.0656420000005,-3186.0656420000005,28.873384472142217,11034.610941,7848.545299,-12145.328189321677,-93,-69,-207.0,2,-2429.0656378643353,-465.0,-85.0,-207.0,0.0,1303.169355
p4-refinement-confirmation-round-calibrated-p4-0178-0401bf7e99779588,4,calibrated,smoothed_joint,confirmation,extreme,coverage,mixed_extreme150_after_observable_screen,unresolved,True,True,current,True,0,-1774.1060800000014,-1774.1060800000014,16.07764958353144,11034.610941,9260.504861,-7215.530383727142,-93,73,219.0,2,-1443.1060767454283,-465.0,-85.0,219.0,0.0,1305.2854699999998
p4-refinement-confirmation-round-calibrated-p4-0179-63076d11b33ded71,4,calibrated,broad_joint,confirmation,extreme,combined_cover,mixed_extreme150_after_observable_screen,unresolved,True,True,current,True,0,-2219.5397489999996,-2219.5397489999996,17.869484869283212,12420.837899,10201.29815,-8667.698754850688,-50,-63,-189.0,0,-1733.539750970138,-250.0,-47.0,-189.0,0.0,0.0
p4-refinement-confirmation-round-calibrated-p4-0179-63076d11b33ded71,4,calibrated,broad_joint,confirmation,extreme,coverage,mixed_extreme150_after_observable_screen,unresolved,True,True,current,True,0,-1666.236358,-1666.236358,13.414846659693938,12420.837899,10754.601541,-6726.181802275511,-50,-8,-24.0,0,-1345.2363604551028,-250.0,-47.0,-24.0,0.0,0.0
p4-refinement-confirmation-round-calibrated-p4-0180-6b570fa8822a3d7e,4,calibrated,smoothed_joint,confirmation,correlated,combined_cover,mixed_correlated150_after_observable_screen,unresolved,True,True,current,True,0,-3258.306087000001,-3258.306087000001,27.27383468363417,11946.637225,8688.331138,-13851.530441239636,-28,-109,-327.0,1,-2770.3060882479276,-140.0,-21.0,-327.0,0.0,0.0
p4-refinement-confirmation-round-calibrated-p4-0180-6b570fa8822a3d7e,4,calibrated,smoothed_joint,confirmation,correlated,coverage,mixed_correlated150_after_observable_screen,unresolved,True,True,current,True,0,-2838.252292000001,-2838.252292000001,23.75775072553943,11946.637225,9108.384933,-12501.261465558346,-28,-59,-177.0,1,-2500.252293111669,-140.0,-21.0,-177.0,0.0,0.0
p4-refinement-confirmation-round-calibrated-p4-0181-3ab090d039dc6864,4,calibrated,broad_joint,confirmation,correlated,combined_cover,mixed_correlated150_after_observable_screen,unresolved,True,True,current,True,0,-810.2657039999995,-810.2657039999995,8.329121106103782,9728.105687,8917.839983,-2556.3285038785616,-39,-25,-75.0,-4,-511.2657007757125,-195.0,-29.0,-75.0,0.0,-797.8331539999999
p4-refinement-confirmation-round-calibrated-p4-0181-3ab090d039dc6864,4,calibrated,broad_joint,confirmation,correlated,coverage,mixed_correlated150_after_observable_screen,unresolved,True,True,current,True,0,-701.5478629999998,-701.5478629999998,7.211556757010794,9728.105687,9026.557824,-2162.739308179145,-39,-15,-45.0,-4,-432.5478616358296,-195.0,-29.0,-45.0,0.0,-797.8331539999999
p4-refinement-confirmation-round-calibrated-p4-0182-24e579b1ff9a2531,4,calibrated,smoothed_joint,confirmation,extreme,combined_cover,mixed_extreme150_after_observable_screen,unresolved,True,True,current,True,0,-2356.9899430000005,-2356.9899430000005,22.02889639346298,10699.537103,8342.54716,-9779.9497284719,-38,-60,-180.0,-4,-1955.9899456943804,-190.0,-31.0,-180.0,0.0,0.0
p4-refinement-confirmation-round-calibrated-p4-0182-24e579b1ff9a2531,4,calibrated,smoothed_joint,confirmation,extreme,coverage,mixed_extreme150_after_observable_screen,unresolved,True,True,current,True,0,-2257.8610230000013,-2257.8610230000013,21.102417808027685,10699.537103,8441.67608,-9419.305120194775,-38,-51,-153.0,-3,-1883.8610240389553,-190.0,-31.0,-153.0,0.0,0.0
p4-refinement-confirmation-round-calibrated-p4-0183-f0c6cd9429aaa59d,4,calibrated,broad_joint,confirmation,extreme,combined_cover,mixed_extreme150_after_observable_screen,unresolved,True,True,current,True,0,-1505.987553,-1505.987553,16.362933003578174,9203.65287,7697.665317,-6264.937768421532,-40,-6,-18.0,0,-1252.9875536843065,-200.0,-35.0,-18.0,0.0,-2160.8520259999996
p4-refinement-confirmation-round-calibrated-p4-0183-f0c6cd9429aaa59d,4,calibrated,broad_joint,confirmation,extreme,coverage,mixed_extreme150_after_observable_screen,unresolved,True,True,current,True,0,-1227.2187439999998,-1227.2187439999998,13.334039878885607,9203.65287,7976.434126,-5276.093738811276,-40,21,63.0,0,-1055.2187477622547,-200.0,-35.0,63.0,0.0,-2159.574315
p4-refinement-confirmation-round-calibrated-p4-0184-e7133759d313e3aa,4,calibrated,smoothed_joint,confirmation,correlated,combined_cover,mixed_correlated150_after_observable_screen,unresolved,True,True,current,True,0,-1082.090075,-1082.090075,11.13535073115517,9717.611067,8635.520992,-3135.4503661883427,-76,-2,-6.0,-4,-627.0900732376685,-380.0,-69.0,-6.0,0.0,-1046.2926019999995
p4-refinement-confirmation-round-calibrated-p4-0184-e7133759d313e3aa,4,calibrated,smoothed_joint,confirmation,correlated,coverage,mixed_correlated150_after_observable_screen,unresolved,True,True,current,True,0,-815.1429640000006,-815.1429640000006,8.388306121533732,9717.611067,8902.468103,-2205.7148027579024,-76,25,75.0,-4,-441.1429605515805,-380.0,-69.0,75.0,0.0,-1046.2926019999995
p4-refinement-confirmation-round-calibrated-p4-0185-207850abdca18547,4,calibrated,broad_joint,confirmation,correlated,combined_cover,mixed_correlated150_after_observable_screen,unresolved,True,True,current,True,0,-1034.5230840000004,-1034.5230840000004,10.516099560508422,9837.517019,8802.993935,-3207.6154273563734,-83,33,99.0,2,-641.5230854712745,-415.0,-77.0,99.0,0.0,-444.4881170000008
p4-refinement-confirmation-round-calibrated-p4-0185-207850abdca18547,4,calibrated,broad_joint,confirmation,correlated,coverage,mixed_correlated150_after_observable_screen,unresolved,True,True,current,True,0,-969.1024460000008,-969.1024460000008,9.851087872359397,9837.517019,8868.414573,-2970.512243364705,-83,39,117.0,2,-594.1024486729411,-415.0,-77.0,117.0,0.0,-444.4881170000008
p4-refinement-confirmation-round-calibrated-p4-0186-eca65161411f871b,4,calibrated,smoothed_joint,confirmation,extreme,combined_cover,mixed_extreme150_after_observable_screen,unresolved,True,True,current,True,0,-728.4187009999987,-728.4187009999987,7.533646449580367,9668.872914,8940.454213,-3677.093530416678,-2,4,12.0,3,-735.4187060833356,-10.0,5.0,12.0,0.0,-958.3511799999997
p4-refinement-confirmation-round-calibrated-p4-0186-eca65161411f871b,4,calibrated,smoothed_joint,confirmation,extreme,coverage,mixed_extreme150_after_observable_screen,unresolved,True,True,current,True,0,-692.7825720000001,-692.7825720000001,7.16508095785279,9668.872914,8976.090342,-3588.912863937876,-2,10,30.0,3,-717.7825727875752,-10.0,5.0,30.0,0.0,-958.3511799999997
p4-refinement-confirmation-round-calibrated-p4-0187-adcf881e18549ba1,4,calibrated,broad_joint,confirmation,extreme,combined_cover,mixed_extreme150_after_observable_screen,unresolved,True,True,current,True,0,-2657.134185000001,-2657.134185000001,24.36622025446959,10904.991243,8247.857058,-10530.670936212457,-58,-71,-213.0,-1,-2106.134187242492,-290.0,-48.0,-213.0,0.0,1488.5426819999993
p4-refinement-confirmation-round-calibrated-p4-0187-adcf881e18549ba1,4,calibrated,broad_joint,confirmation,extreme,coverage,mixed_extreme150_after_observable_screen,unresolved,True,True,current,True,0,-2676.782253000001,-2676.782253000001,24.546395254725663,10904.991243,8228.20899,-10628.911281153389,-58,-71,-213.0,-1,-2125.7822562306783,-290.0,-48.0,-213.0,0.0,1488.539698999999
p4-refinement-confirmation-round-calibrated-p4-0188-307439d8548be66e,4,calibrated,smoothed_joint,confirmation,correlated,combined_cover,mixed_correlated150_after_observable_screen,unresolved,True,True,current,True,0,-1875.7620960000004,-1875.7620960000004,17.127684501321976,10951.638535,9075.876439,-7943.810490196847,-45,-7,-21.0,0,-1588.7620980393694,-225.0,-41.0,-21.0,0.0,0.0
p4-refinement-confirmation-round-calibrated-p4-0188-307439d8548be66e,4,calibrated,smoothed_joint,confirmation,correlated,coverage,mixed_correlated150_after_observable_screen,unresolved,True,True,current,True,0,-1150.4453560000002,-1150.4453560000002,10.504778370134549,10951.638535,9801.193179,-5322.226788543019,-45,60,180.0,0,-1064.4453577086042,-225.0,-41.0,180.0,0.0,0.0
p4-refinement-confirmation-round-calibrated-p4-0189-88562b1ef2396623,4,calibrated,broad_joint,confirmation,correlated,combined_cover,mixed_correlated150_after_observable_screen,unresolved,True,True,current,True,0,-1984.42879,-1984.42879,19.602559321971018,10123.314805,8138.886015,-10012.14395914603,0,4,12.0,1,-2002.4287918292066,0.0,6.0,12.0,0.0,353.86097100000006
p4-refinement-confirmation-round-calibrated-p4-0189-88562b1ef2396623,4,calibrated,broad_joint,confirmation,correlated,coverage,mixed_correlated150_after_observable_screen,unresolved,True,True,current,True,0,-1856.0142649999998,-1856.0142649999998,18.33405658869066,10123.314805,8267.30054,-9595.071334759174,0,19,57.0,1,-1919.0142669518355,0.0,6.0,57.0,0.0,351.28731100000005
p4-refinement-confirmation-round-calibrated-p4-0190-c7898d63af5728fd,4,calibrated,smoothed_joint,confirmation,extreme,combined_cover,mixed_extreme150_after_observable_screen,unresolved,True,True,current,True,0,-2686.2326920000014,-2686.2326920000014,22.812805440698654,11775.108936,9088.876244,-11586.163449249638,8,-141,-423.0,-1,-2317.2326898499286,40.0,14.0,-423.0,0.0,0.0
p4-refinement-confirmation-round-calibrated-p4-0190-c7898d63af5728fd,4,calibrated,smoothed_joint,confirmation,extreme,coverage,mixed_extreme150_after_observable_screen,unresolved,True,True,current,True,0,-2592.5250379999998,-2592.5250379999998,22.016994085497434,11775.108936,9182.583898,-11147.625179033581,8,-139,-417.0,-1,-2229.525035806717,40.0,14.0,-417.0,0.0,0.0
p4-refinement-confirmation-round-calibrated-p4-0191-2e2514c7af1297c2,4,calibrated,broad_joint,confirmation,extreme,combined_cover,mixed_extreme150_after_observable_screen,unresolved,True,True,current,True,0,-349.80016200000136,-349.80016200000136,3.666496249299667,9540.447834,9190.647672,-1009.000806937489,-26,1,3.0,1,-201.8001613874976,-130.0,-21.0,3.0,0.0,-1790.5581970000003
p4-refinement-confirmation-round-calibrated-p4-0191-2e2514c7af1297c2,4,calibrated,broad_joint,confirmation,extreme,coverage,mixed_extreme150_after_observable_screen,unresolved,True,True,current,True,0,-70.64335500000016,-70.64335500000016,0.7404616243300781,9540.447834,9469.804479,11.7832264227618,-26,26,78.0,1,2.356645284552542,-130.0,-21.0,78.0,0.0,-1790.5581970000003
p4-refinement-confirmation-round-calibrated-p4-0192-e4a15eabd4a11651,4,calibrated,smoothed_joint,confirmation,correlated,combined_cover,mixed_correlated150_after_observable_screen,unresolved,True,True,current,True,0,-3209.8422530000007,-3209.8422530000007,25.493462356975453,12590.844696,9381.002443,-13994.211254440357,-35,-70,-210.0,-1,-2798.8422508880712,-175.0,-26.0,-210.0,0.0,138.20024999999987
p4-refinement-confirmation-round-calibrated-p4-0192-e4a15eabd4a11651,4,calibrated,smoothed_joint,confirmation,correlated,coverage,mixed_correlated150_after_observable_screen,unresolved,True,True,current,True,0,-3033.206631000001,-3033.206631000001,24.09057298565222,12590.844696,9557.638065,-13351.033160462131,-35,-54,-162.0,-1,-2670.206632092426,-175.0,-26.0,-162.0,0.0,137.15983799999958
p4-refinement-confirmation-round-calibrated-p4-0193-7eded05058f56ec8,4,calibrated,broad_joint,confirmation,correlated,combined_cover,mixed_correlated150_after_observable_screen,unresolved,True,True,current,True,0,-1858.2670440000002,-1858.2670440000002,18.81146503587166,9878.374919,8020.107875,-6866.33523660645,-81,-2,-6.0,3,-1373.2670473212902,-405.0,-74.0,-6.0,0.0,-45.84300000000076
p4-refinement-confirmation-round-calibrated-p4-0193-7eded05058f56ec8,4,calibrated,broad_joint,confirmation,correlated,coverage,mixed_correlated150_after_observable_screen,unresolved,True,True,current,True,0,-1820.3837349999994,-1820.3837349999994,18.427967655881186,9878.374919,8057.991184,-6751.918681738807,-81,3,9.0,3,-1350.3837363477614,-405.0,-74.0,9.0,0.0,-45.84299999999985
p4-refinement-confirmation-round-calibrated-p4-0194-645ff6ba8aea1d99,4,calibrated,smoothed_joint,confirmation,extreme,combined_cover,mixed_extreme150_after_observable_screen,unresolved,True,True,current,True,0,-1769.890969,-1769.890969,16.536394523877227,10703.00401,8933.113041,-8294.454851724695,-50,62,186.0,1,-1658.890970344939,-250.0,-47.0,186.0,0.0,1277.2411360000006
p4-refinement-confirmation-round-calibrated-p4-0194-645ff6ba8aea1d99,4,calibrated,smoothed_joint,confirmation,extreme,coverage,mixed_extreme150_after_observable_screen,unresolved,True,True,current,True,0,-1383.2801950000012,-1383.2801950000012,12.924223831996873,10703.00401,9319.723815,-6901.400992758623,-50,98,294.0,1,-1380.2801985517244,-250.0,-47.0,294.0,0.0,1277.2411359999996
p4-refinement-confirmation-round-calibrated-p4-0195-bc8c44faeee150e9,4,calibrated,broad_joint,confirmation,extreme,combined_cover,mixed_extreme150_after_observable_screen,unresolved,True,True,current,True,0,-1175.752934,-1175.752934,11.278412701704084,10424.808571,9249.055637,-3373.7646705893494,-62,-45,-135.0,1,-674.7529341178706,-310.0,-56.0,-135.0,0.0,-1129.8688299999994
p4-refinement-confirmation-round-calibrated-p4-0195-bc8c44faeee150e9,4,calibrated,broad_joint,confirmation,extreme,coverage,mixed_extreme150_after_observable_screen,unresolved,True,True,current,True,0,-686.201004999999,-686.201004999999,6.582384705930146,10424.808571,9738.607566,-1706.0050224047009,-62,7,21.0,1,-341.20100448094036,-310.0,-56.0,21.0,0.0,-1129.8688299999994
p4-refinement-confirmation-round-calibrated-p4-0196-03556a6b14822dda,4,calibrated,smoothed_joint,confirmation,correlated,combined_cover,mixed_correlated150_after_observable_screen,unresolved,True,True,current,True,0,-1629.2579809999988,-1629.2579809999988,15.007091386336183,10856.587323,9227.329342,-6356.289920545663,-16,-89,-267.0,0,-1271.257984109132,-80.0,-11.0,-267.0,0.0,-2001.0302739999988
p4-refinement-confirmation-round-calibrated-p4-0196-03556a6b14822dda,4,calibrated,smoothed_joint,confirmation,correlated,coverage,mixed_correlated150_after_observable_screen,unresolved,True,True,current,True,0,-873.0518510000002,-873.0518510000002,8.041678522222302,10856.587323,9983.535472,-3790.259269843744,-16,-8,-24.0,0,-758.0518539687482,-80.0,-11.0,-24.0,0.0,-2002.2446529999997
p4-refinement-confirmation-round-calibrated-p4-0197-c020c28f3de181f9,4,calibrated,broad_joint,confirmation,correlated,combined_cover,mixed_correlated150_after_observable_screen,unresolved,True,True,current,True,0,-1617.4228899999998,-1617.4228899999998,15.10837369429656,10705.473155,9088.050265,-7612.114445071216,-57,81,243.0,-1,-1522.422889014244,-285.0,-53.0,243.0,0.0,305.07654100000036
p4-refinement-confirmation-round-calibrated-p4-0197-c020c28f3de181f9,4,calibrated,broad_joint,confirmation,correlated,coverage,mixed_correlated150_after_observable_screen,unresolved,True,True,current,True,0,-535.5082000000002,-535.5082000000002,5.00219086299694,10705.473155,10169.964955,-3537.5410012189895,-57,170,510.0,-1,-707.5082002437985,-285.0,-53.0,510.0,0.0,305.07654100000036
p4-refinement-confirmation-round-calibrated-p4-0198-cfc8afe1c790fef8,4,calibrated,smoothed_joint,confirmation,extreme,combined_cover,mixed_extreme150_after_observable_screen,unresolved,True,True,current,True,0,-2532.7612990000016,-2532.7612990000016,20.82072727291319,12164.614933,9631.853634,-9678.80647720676,-38,-126,-378.0,-1,-1935.7612954413526,-190.0,-29.0,-378.0,0.0,0.0
p4-refinement-confirmation-round-calibrated-p4-0198-cfc8afe1c790fef8,4,calibrated,smoothed_joint,confirmation,extreme,coverage,mixed_extreme150_after_observable_screen,unresolved,True,True,current,True,0,-2604.6464270000015,-2604.6464270000015,21.411663594333366,12164.614933,9559.968506,-9828.23213079822,-38,-140,-420.0,-1,-1965.6464261596448,-190.0,-29.0,-420.0,0.0,0.0
p4-refinement-confirmation-round-calibrated-p4-0199-8d3638113beb8368,4,calibrated,broad_joint,confirmation,extreme,combined_cover,mixed_extreme150_after_observable_screen,unresolved,True,True,current,True,0,-1923.6642280000005,-1923.6642280000005,19.101064682094556,10070.979079,8147.314851,-7543.321148642786,-68,-4,-12.0,-3,-1508.664229728557,-340.0,-63.0,-12.0,0.0,101.47246799999903
p4-refinement-confirmation-round-calibrated-p4-0199-8d3638113beb8368,4,calibrated,broad_joint,confirmation,extreme,coverage,mixed_extreme150_after_observable_screen,unresolved,True,True,current,True,0,-1786.9090030000007,-1786.9090030000007,17.7431507799084,10070.979079,8284.070076,-7054.545023829203,-68,9,27.0,-3,-1410.909004765841,-340.0,-63.0,27.0,0.0,101.47246799999903
p4-refinement-confirmation-round-calibrated-p4-0200-74b40fc93292432e,4,calibrated,smoothed_joint,confirmation,correlated,combined_cover,mixed_correlated150_after_observable_screen,unresolved,True,True,current,True,0,-1347.3728950000004,-1347.3728950000004,12.216657994186752,11028.981049,9681.608154,-5686.864457149306,-49,25,75.0,4,-1137.3728914298608,-245.0,-40.0,75.0,0.0,0.0
p4-refinement-confirmation-round-calibrated-p4-0200-74b40fc93292432e,4,calibrated,smoothed_joint,confirmation,correlated,coverage,mixed_correlated150_after_observable_screen,unresolved,True,True,current,True,0,-1044.8636640000004,-1044.8636640000004,9.473800520264186,11028.981049,9984.117385,-4534.318311877454,-49,49,147.0,4,-906.863662375491,-245.0,-40.0,147.0,0.0,0.0
p4-refinement-confirmation-round-calibrated-p4-0201-d4ffbc04fd9faa5a,4,calibrated,broad_joint,confirmation,correlated,combined_cover,mixed_correlated150_after_observable_screen,unresolved,True,True,current,True,0,-684.1941289999995,-684.1941289999995,7.454999858287861,9177.654487,8493.460358,-3860.9706528435127,-22,71,213.0,-1,-772.1941305687023,-110.0,-15.0,213.0,0.0,0.0
p4-refinement-confirmation-round-calibrated-p4-0201-d4ffbc04fd9faa5a,4,calibrated,broad_joint,confirmation,correlated,coverage,mixed_correlated150_after_observable_screen,unresolved,True,True,current,True,0,-718.5988390000002,-718.5988390000002,7.82987461576249,9177.654487,8459.055648,-3927.994195852072,-22,64,192.0,-1,-785.5988391704141,-110.0,-15.0,192.0,0.0,0.0
p4-refinement-confirmation-round-calibrated-p4-0202-55f7245c067949c6,4,calibrated,smoothed_joint,confirmation,extreme,combined_cover,mixed_extreme150_after_observable_screen,unresolved,True,True,current,True,0,-3162.776637000001,-3162.776637000001,26.069274698533334,12132.200353,8969.423716,-11558.883192324422,-70,-146,-438.0,0,-2311.776638464884,-350.0,-63.0,-438.0,0.0,878.368664999999
p4-refinement-confirmation-round-calibrated-p4-0202-55f7245c067949c6,4,calibrated,smoothed_joint,confirmation,extreme,coverage,mixed_extreme150_after_observable_screen,unresolved,True,True,current,True,0,-3072.843583,-3072.843583,25.32799899104996,12132.200353,9059.35677,-11244.217927053265,-70,-137,-411.0,0,-2248.843585410653,-350.0,-63.0,-411.0,0.0,878.368665
p4-refinement-confirmation-round-calibrated-p4-0203-f6e7d14bb1b7fb92,4,calibrated,broad_joint,confirmation,extreme,combined_cover,mixed_extreme150_after_observable_screen,unresolved,True,True,current,True,0,-853.0024439999997,-853.0024439999997,8.524408750461948,10006.587776,9153.585332,-4385.01222400488,15,-24,-72.0,0,-877.0024448009754,75.0,21.0,-72.0,0.0,-3160.293119
p4-refinement-confirmation-round-calibrated-p4-0203-f6e7d14bb1b7fb92,4,calibrated,broad_joint,confirmation,extreme,coverage,mixed_extreme150_after_observable_screen,unresolved,True,True,current,True,0,-552.2956159999994,-552.2956159999994,5.519320155514313,10006.587776,9454.29216,-3331.478084222799,15,6,18.0,0,-666.2956168445589,75.0,21.0,18.0,0.0,-3160.293119
p4-refinement-confirmation-round-calibrated-p4-0204-f3b5e9a70988c482,4,calibrated,smoothed_joint,confirmation,correlated,combined_cover,mixed_correlated150_after_observable_screen,unresolved,True,True,current,True,0,-1849.2368109999989,-1849.2368109999989,18.005403597201013,10270.45465,8421.217839,-7621.184064534937,-37,-36,-108.0,-1,-1524.2368129069873,-185.0,-32.0,-108.0,0.0,-166.9192839999996
p4-refinement-confirmation-round-calibrated-p4-0204-f3b5e9a70988c482,4,calibrated,smoothed_joint,confirmation,correlated,coverage,mixed_correlated150_after_observable_screen,unresolved,True,True,current,True,0,-1886.9711640000005,-1886.9711640000005,18.372810438338295,10270.45465,8383.483486,-7764.855824409355,-37,-39,-117.0,-1,-1552.9711648818711,-185.0,-32.0,-117.0,0.0,-164.67503100000158
p4-refinement-confirmation-round-calibrated-p4-0205-0eef57e00a4e4450,4,calibrated,broad_joint,confirmation,correlated,combined_cover,mixed_correlated150_after_observable_screen,unresolved,True,True,current,True,0,-1207.328619,-1207.328619,11.534225964108046,10467.357088,9260.028469,-5686.643100412017,-1,-23,-69.0,0,-1137.328620082404,-5.0,4.0,-69.0,0.0,-3036.6808060000003
p4-refinement-confirmation-round-calibrated-p4-0205-0eef57e00a4e4450,4,calibrated,broad_joint,confirmation,correlated,coverage,mixed_correlated150_after_observable_screen,unresolved,True,True,current,True,0,-1183.3353889999999,-1183.3353889999999,11.305006402777646,10467.357088,9284.021699,-5626.676943082595,-1,-19,-57.0,0,-1125.3353886165196,-5.0,4.0,-57.0,0.0,-3036.6808060000003
p4-refinement-confirmation-round-calibrated-p4-0206-43675f91963b2270,4,calibrated,smoothed_joint,confirmation,extreme,combined_cover,mixed_extreme150_after_observable_screen,unresolved,True,True,current,True,0,-1417.4433239999998,-1417.4433239999998,13.189013131307295,10747.152269,9329.708945,-7017.216626990128,-18,29,87.0,-1,-1403.443325398025,-90.0,-11.0,87.0,0.0,0.0
p4-refinement-confirmation-round-calibrated-p4-0206-43675f91963b2270,4,calibrated,smoothed_joint,confirmation,extreme,coverage,mixed_extreme150_after_observable_screen,unresolved,True,True,current,True,0,-804.0807870000008,-804.0807870000008,7.481803243072676,10747.152269,9943.071482,-4565.403930844535,-18,70,210.0,-1,-913.0807861689063,-90.0,-11.0,210.0,0.0,0.0
p4-refinement-confirmation-round-calibrated-p4-0207-838bd1f28ed85cba,4,calibrated,broad_joint,confirmation,extreme,combined_cover,mixed_extreme150_after_observable_screen,unresolved,True,True,current,True,0,-2320.977836,-2320.977836,19.793090460962688,11726.202336,9405.2245,-10074.889191425362,-13,-78,-234.0,-2,-2014.9778382850727,-65.0,-7.0,-234.0,0.0,0.0
p4-refinement-confirmation-round-calibrated-p4-0207-838bd1f28ed85cba,4,calibrated,broad_joint,confirmation,extreme,coverage,mixed_extreme150_after_observable_screen,unresolved,True,True,current,True,0,-1766.4273580000008,-1766.4273580000008,15.06393380725646,11726.202336,9959.774978,-8067.136790912635,-13,-27,-81.0,-2,-1613.4273581825273,-65.0,-7.0,-81.0,0.0,0.0
p4-refinement-confirmation-round-calibrated-p4-0208-d1a93a7662af9657,4,calibrated,smoothed_joint,confirmation,correlated,combined_cover,mixed_correlated150_after_observable_screen,unresolved,True,True,current,True,0,-2533.543958,-2533.543958,22.306605032238163,11357.819598,8824.27564,-11457.719780300271,2,-87,-261.0,-1,-2291.5439560600535,10.0,9.0,-261.0,0.0,-1081.7102919999998
p4-refinement-confirmation-round-calibrated-p4-0208-d1a93a7662af9657,4,calibrated,smoothed_joint,confirmation,correlated,coverage,mixed_correlated150_after_observable_screen,unresolved,True,True,current,True,0,-2608.0096630000007,-2608.0096630000007,22.962238839039543,11357.819598,8749.809935,-11605.04832393294,2,-102,-306.0,-1,-2321.0096647865876,10.0,9.0,-306.0,0.0,-1083.306383000001
p4-refinement-confirmation-round-calibrated-p4-0209-bf5d48c54d7a0787,4,calibrated,broad_joint,confirmation,correlated,combined_cover,mixed_correlated150_after_observable_screen,unresolved,True,True,current,True,0,-756.5649709999998,-756.5649709999998,6.795463698253613,11133.382571,10376.8176,-3367.8248508733595,-64,98,294.0,2,-673.5649701746725,-320.0,-57.0,294.0,0.0,0.0
p4-refinement-confirmation-round-calibrated-p4-0209-bf5d48c54d7a0787,4,calibrated,broad_joint,confirmation,correlated,coverage,mixed_correlated150_after_observable_screen,unresolved,True,True,current,True,0,-1058.9016169999995,-1058.9016169999995,9.51105030521635,11133.382571,10074.480954,-4009.5080882698458,-64,40,120.0,2,-801.9016176539699,-320.0,-57.0,120.0,0.0,0.0
p4-refinement-confirmation-round-calibrated-p4-0210-8b1075dacb629cb3,4,calibrated,smoothed_joint,confirmation,extreme,combined_cover,mixed_extreme150_after_observable_screen,unresolved,True,True,current,True,0,2709.6383989999995,2709.6383989999995,-38.263773674416306,7081.471948,9791.110347,11483.191979073745,43,55,165.0,5,2296.638395814749,215.0,33.0,165.0,0.0,0.0
p4-refinement-confirmation-round-calibrated-p4-0210-8b1075dacb629cb3,4,calibrated,smoothed_joint,confirmation,extreme,coverage,mixed_extreme150_after_observable_screen,unresolved,True,True,current,True,0,3314.607163999999,3314.607163999999,-46.80675413726851,7081.471948,10396.079112,13698.035826419837,43,109,327.0,5,2739.6071652839673,215.0,33.0,327.0,0.0,0.0
p4-refinement-confirmation-round-calibrated-p4-0211-42102c56f17aee82,4,calibrated,broad_joint,confirmation,extreme,combined_cover,mixed_extreme150_after_observable_screen,unresolved,True,True,current,True,0,-1108.4120190000012,-1108.4120190000012,11.172088832026324,9921.260345,8812.848326,-4262.060119390619,-29,-28,-84.0,1,-852.4120238781234,-145.0,-27.0,-84.0,0.0,-958.0433200000007
p4-refinement-confirmation-round-calibrated-p4-0211-42102c56f17aee82,4,calibrated,broad_joint,confirmation,extreme,coverage,mixed_extreme150_after_observable_screen,unresolved,True,True,current,True,0,-1022.4774990000005,-1022.4774990000005,10.30592347589484,9921.260345,8898.782846,-3997.3875268113698,-29,-17,-51.0,1,-799.4775053622734,-145.0,-27.0,-51.0,0.0,-958.0433200000007
p4-refinement-confirmation-round-calibrated-p4-0212-0b86107bb17899cd,4,calibrated,smoothed_joint,confirmation,correlated,combined_cover,mixed_correlated150_after_observable_screen,unresolved,True,True,current,True,0,-1223.601984,-1223.601984,13.387217662108977,9140.076862,7916.474878,-5478.009934128597,-44,42,126.0,2,-1095.601986825719,-220.0,-34.0,126.0,0.0,0.0
p4-refinement-confirmation-round-calibrated-p4-0212-0b86107bb17899cd,4,calibrated,smoothed_joint,confirmation,correlated,coverage,mixed_correlated150_after_observable_screen,unresolved,True,True,current,True,0,-780.7301759999991,-780.7301759999991,8.541833813738437,9140.076862,8359.346686,-4013.6508896388113,-44,92,276.0,2,-802.7301779277623,-220.0,-34.0,276.0,0.0,0.0
p4-refinement-confirmation-round-calibrated-p4-0213-b15f0264ae0a8f06,4,calibrated,broad_joint,confirmation,correlated,combined_cover,mixed_correlated150_after_observable_screen,unresolved,True,True,current,True,0,-2123.0615099999995,-2123.0615099999995,19.34630451429754,10973.989934,8850.928424,-9610.307567273347,3,-75,-225.0,0,-1922.0615134546688,15.0,9.0,-225.0,0.0,0.0
p4-refinement-confirmation-round-calibrated-p4-0213-b15f0264ae0a8f06,4,calibrated,broad_joint,confirmation,correlated,coverage,mixed_correlated150_after_observable_screen,unresolved,True,True,current,True,0,-2132.6236959999987,-2132.6236959999987,19.433439513122106,10973.989934,8841.366238,-9703.118489605607,3,-72,-216.0,0,-1940.6236979211208,15.0,9.0,-216.0,0.0,0.0
p4-refinement-confirmation-round-calibrated-p4-0214-999fb11ec9346418,4,calibrated,smoothed_joint,confirmation,extreme,combined_cover,mixed_extreme150_after_observable_screen,unresolved,True,True,current,True,0,-1499.3697139999995,-1499.3697139999995,15.737785568530146,9527.196234,8027.82652,-6126.84855993087,-50,7,21.0,-1,-1225.3697119861736,-250.0,-45.0,21.0,0.0,-2244.2215889999998
p4-refinement-confirmation-round-calibrated-p4-0214-999fb11ec9346418,4,calibrated,smoothed_joint,confirmation,extreme,coverage,mixed_extreme150_after_observable_screen,unresolved,True,True,current,True,0,-1484.677322999999,-1484.677322999999,15.58357030268344,9527.196234,8042.518911,-6053.386602894585,-50,7,21.0,-1,-1210.6773205789168,-250.0,-45.0,21.0,0.0,-2244.221588999999
p4-refinement-confirmation-round-calibrated-p4-0215-48c7d1577aaa904e,4,calibrated,broad_joint,confirmation,extreme,combined_cover,mixed_extreme150_after_observable_screen,unresolved,True,True,current,True,0,-1157.165242000001,-1157.165242000001,11.116737961514026,10409.215779,9252.050537,-5715.826218527596,-34,61,183.0,-2,-1143.165243705519,-170.0,-27.0,183.0,0.0,0.0
p4-refinement-confirmation-round-calibrated-p4-0215-48c7d1577aaa904e,4,calibrated,broad_joint,confirmation,extreme,coverage,mixed_extreme150_after_observable_screen,unresolved,True,True,current,True,0,-589.1025150000005,-589.1025150000005,5.659432252220972,10409.215779,9820.113264,-3700.5125943033054,-34,116,348.0,-2,-740.1025188606609,-170.0,-27.0,348.0,0.0,0.0
p4-refinement-confirmation-round-calibrated-p4-0216-5b8634057b968496,4,calibrated,smoothed_joint,confirmation,correlated,combined_cover,mixed_correlated150_after_observable_screen,unresolved,True,True,current,True,0,-813.5162970000001,-813.5162970000001,8.107145007625165,10034.559592,9221.043295,-3187.581483974769,-65,69,207.0,-1,-637.5162967949545,-325.0,-58.0,207.0,0.0,-2094.3968620000005
p4-refinement-confirmation-round-calibrated-p4-0216-5b8634057b968496,4,calibrated,smoothed_joint,confirmation,correlated,coverage,mixed_correlated150_after_observable_screen,unresolved,True,True,current,True,0,-746.7833410000003,-746.7833410000003,7.442113768454467,10034.559592,9287.776251,-2823.9167195393966,-65,67,201.0,-1,-564.7833439078795,-325.0,-58.0,201.0,0.0,-2092.313094
p4-refinement-confirmation-round-calibrated-p4-0217-0c17143e0346beab,4,calibrated,broad_joint,confirmation,correlated,combined_cover,mixed_correlated150_after_observable_screen,unresolved,True,True,current,True,0,-1227.9868850000003,-1227.9868850000003,12.698083587797806,9670.647358,8442.660473,-4669.934428057997,-51,3,9.0,4,-933.9868856115991,-255.0,-48.0,9.0,0.0,578.1774239999995
p4-refinement-confirmation-round-calibrated-p4-0217-0c17143e0346beab,4,calibrated,broad_joint,confirmation,correlated,coverage,mixed_correlated150_after_observable_screen,unresolved,True,True,current,True,0,-1308.917628000001,-1308.917628000001,13.534953551141587,9670.647358,8361.72973,-4999.588131219294,-51,-2,-6.0,4,-999.9176262438586,-255.0,-48.0,-6.0,0.0,579.9711449999986
p4-refinement-confirmation-round-calibrated-p4-0218-a56d2cf8294bb3ea,4,calibrated,smoothed_joint,confirmation,extreme,combined_cover,mixed_extreme150_after_observable_screen,unresolved,True,True,current,True,0,-1914.8273140000001,-1914.8273140000001,19.194478976577347,9975.927538,8061.100224,-8634.136583402342,-22,-21,-63.0,-1,-1726.8273166804674,-110.0,-15.0,-63.0,0.0,-3071.518478
p4-refinement-confirmation-round-calibrated-p4-0218-a56d2cf8294bb3ea,4,calibrated,smoothed_joint,confirmation,extreme,coverage,mixed_extreme150_after_observable_screen,unresolved,True,True,current,True,0,-1799.862733,-1799.862733,18.042059007987152,9975.927538,8176.064805,-8239.31367830019,-22,-9,-27.0,-2,-1647.8627356600373,-110.0,-15.0,-27.0,0.0,-3071.518478
p4-refinement-confirmation-round-calibrated-p4-0219-308096fafbc044f8,4,calibrated,broad_joint,confirmation,extreme,combined_cover,mixed_extreme150_after_observable_screen,unresolved,True,True,current,True,0,-1263.0847799999992,-1263.0847799999992,11.101975778853932,11377.117057,10114.032277,-4195.423881800169,-70,-3,-9.0,0,-839.0847763600341,-350.0,-65.0,-9.0,0.0,0.0
p4-refinement-confirmation-round-calibrated-p4-0219-308096fafbc044f8,4,calibrated,broad_joint,confirmation,extreme,coverage,mixed_extreme150_after_observable_screen,unresolved,True,True,current,True,0,-1423.1361660000002,-1423.1361660000002,12.508759107162275,11377.117057,9953.980891,-4695.680806815602,-70,-23,-69.0,0,-939.1361613631207,-350.0,-65.0,-69.0,0.0,0.0
p4-refinement-confirmation-round-calibrated-p4-0220-62c0d054ed1ec1f1,4,calibrated,smoothed_joint,confirmation,correlated,combined_cover,mixed_correlated150_after_observable_screen,unresolved,True,True,current,True,0,-2394.9757769999997,-2394.9757769999997,22.5929458299642,10600.546715,8205.570938,-8639.878870665128,-77,-70,-210.0,0,-1727.9757741330259,-385.0,-72.0,-210.0,0.0,-766.503005999999
p4-refinement-confirmation-round-calibrated-p4-0220-62c0d054ed1ec1f1,4,calibrated,smoothed_joint,confirmation,correlated,coverage,mixed_correlated150_after_observable_screen,unresolved,True,True,current,True,0,-2503.7474700000002,-2503.7474700000002,23.61904095434195,10600.546715,8096.799245,-9018.737344747864,-77,-81,-243.0,0,-1803.747468949573,-385.0,-72.0,-243.0,0.0,-767.4558299999999
p4-refinement-confirmation-round-calibrated-p4-0221-4086060afbdbe433,4,calibrated,broad_joint,confirmation,correlated,combined_cover,mixed_correlated150_after_observable_screen,unresolved,True,True,current,True,0,-1078.7653879999998,-1078.7653879999998,10.330026756028943,10443.006717,9364.241329,-3403.826938797036,-62,-11,-33.0,-1,-680.7653877594075,-310.0,-55.0,-33.0,0.0,-1053.4421949999996
p4-refinement-confirmation-round-calibrated-p4-0221-4086060afbdbe433,4,calibrated,broad_joint,confirmation,correlated,coverage,mixed_correlated150_after_observable_screen,unresolved,True,True,current,True,0,-1313.170107,-1313.170107,12.574636238261837,10443.006717,9129.83661,-3945.850536489488,-62,-53,-159.0,-1,-789.1701072978976,-310.0,-55.0,-159.0,0.0,-1053.4421949999996
p4-refinement-confirmation-round-calibrated-p4-0222-fc03b14f83a260d9,4,calibrated,smoothed_joint,confirmation,extreme,combined_cover,mixed_extreme150_after_observable_screen,unresolved,True,True,current,True,0,-1247.6012760000012,-1247.6012760000012,12.059203167228985,10345.636098,9098.034822,-4518.0063771903515,-57,-2,-6.0,-1,-903.6012754380708,-285.0,-53.0,-6.0,0.0,-1938.4430550000016
p4-refinement-confirmation-round-calibrated-p4-0222-fc03b14f83a260d9,4,calibrated,smoothed_joint,confirmation,extreme,coverage,mixed_extreme150_after_observable_screen,unresolved,True,True,current,True,0,-691.165441000001,-691.165441000001,6.680743788519837,10345.636098,9654.470657,-2500.827200789776,-57,49,147.0,-1,-500.16544015795535,-285.0,-53.0,147.0,0.0,-1938.4430550000016
p4-refinement-confirmation-round-calibrated-p4-0223-e6bbd8b8b8bd3bc9,4,calibrated,broad_joint,confirmation,extreme,combined_cover,mixed_extreme150_after_observable_screen,unresolved,True,True,current,True,0,-580.0062710000002,-580.0062710000002,5.557128381538387,10437.158028,9857.151757,-2740.0313580054426,-40,67,201.0,-1,-548.006271601088,-200.0,-33.0,201.0,0.0,-1111.0782740000013
p4-refinement-confirmation-round-calibrated-p4-0223-e6bbd8b8b8bd3bc9,4,calibrated,broad_joint,confirmation,extreme,coverage,mixed_extreme150_after_observable_screen,unresolved,True,True,current,True,0,151.84320200000002,151.84320200000002,-1.4548328346916548,10437.158028,10589.00123,-250.78399799586623,-40,145,435.0,-1,-50.1567995991727,-200.0,-33.0,435.0,0.0,-1112.2450390000013
p4-refinement-confirmation-round-calibrated-p4-0224-a0d4961f8c615a3b,4,calibrated,smoothed_joint,confirmation,correlated,combined_cover,mixed_correlated150_after_observable_screen,unresolved,True,True,current,True,0,-1199.3502069999995,-1199.3502069999995,11.418001470181935,10504.029187,9304.67898,-4461.751042710144,-54,3,9.0,0,-892.3502085420287,-270.0,-46.0,9.0,0.0,0.0
p4-refinement-confirmation-round-calibrated-p4-0224-a0d4961f8c615a3b,4,calibrated,smoothed_joint,confirmation,correlated,coverage,mixed_correlated150_after_observable_screen,unresolved,True,True,current,True,0,-1154.648389,-1154.648389,10.992433174395748,10504.029187,9349.380798,-4313.241932901226,-54,8,24.0,0,-862.6483865802447,-270.0,-46.0,24.0,0.0,0.0
p4-refinement-confirmation-round-calibrated-p4-0225-3f38f9e6a8bb7fb7,4,calibrated,broad_joint,confirmation,correlated,combined_cover,mixed_correlated150_after_observable_screen,unresolved,True,True,current,True,0,-1706.111578,-1706.111578,15.716520456282277,10855.529904,9149.418326,-6460.557884623144,-84,28,84.0,2,-1292.111576924629,-420.0,-78.0,84.0,0.0,0.0
p4-refinement-confirmation-round-calibrated-p4-0225-3f38f9e6a8bb7fb7,4,calibrated,broad_joint,confirmation,correlated,coverage,mixed_correlated150_after_observable_screen,unresolved,True,True,current,True,0,-1711.1784190000017,-1711.1784190000017,15.763195662788178,10855.529904,9144.351485,-6215.892091439178,-84,10,30.0,2,-1243.1784182878364,-420.0,-78.0,30.0,0.0,0.0
p4-refinement-confirmation-round-calibrated-p4-0226-1f4f85952bfe0435,4,calibrated,smoothed_joint,confirmation,extreme,combined_cover,mixed_extreme150_after_observable_screen,unresolved,True,True,current,True,0,-1935.176723999999,-1935.176723999999,17.519820867939817,11045.642182,9110.465458,-6420.883620457142,-89,-41,-123.0,3,-1284.1767240914287,-445.0,-83.0,-123.0,0.0,0.0
p4-refinement-confirmation-round-calibrated-p4-0226-1f4f85952bfe0435,4,calibrated,smoothed_joint,confirmation,extreme,coverage,mixed_extreme150_after_observable_screen,unresolved,True,True,current,True,0,-1614.2071779999987,-1614.2071779999987,14.61397310724508,11045.642182,9431.435004,-5356.035888451595,-89,-5,-15.0,3,-1071.2071776903194,-445.0,-83.0,-15.0,0.0,0.0
p4-refinement-confirmation-round-calibrated-p4-0227-dcbae3321dd335b9,4,calibrated,broad_joint,confirmation,extreme,combined_cover,mixed_extreme150_after_observable_screen,unresolved,True,True,current,True,0,-3541.3340470000003,-3541.3340470000003,28.831019609251317,12283.069052,8741.735005,-13841.67024956912,-51,-157,-471.0,-1,-2768.334049913825,-255.0,-47.0,-471.0,0.0,1186.6171920000006
p4-refinement-confirmation-round-calibrated-p4-0227-dcbae3321dd335b9,4,calibrated,broad_joint,confirmation,extreme,coverage,mixed_extreme150_after_observable_screen,unresolved,True,True,current,True,0,-3412.5450230000006,-3412.5450230000006,27.782511101688794,12283.069052,8870.524029,-13407.725142520867,-51,-143,-429.0,-1,-2681.5450285041734,-255.0,-47.0,-429.0,0.0,1184.1087509999998
p4-refinement-confirmation-round-calibrated-p4-0228-ac1e17deebd3df21,4,calibrated,smoothed_joint,confirmation,correlated,combined_cover,mixed_correlated150_after_observable_screen,unresolved,True,True,current,True,0,-2907.5759510000007,-2907.5759510000007,25.891910299302317,11229.669489,8322.093538,-11117.879760961692,-95,-40,-120.0,1,-2223.575952192339,-475.0,-89.0,-120.0,0.0,215.95286399999986
p4-refinement-confirmation-round-calibrated-p4-0228-ac1e17deebd3df21,4,calibrated,smoothed_joint,confirmation,correlated,coverage,mixed_correlated150_after_observable_screen,unresolved,True,True,current,True,0,-2556.046214,-2556.046214,22.76154446489961,11229.669489,8673.623275,-9870.231085661282,-95,-6,-18.0,1,-1974.046217132257,-475.0,-89.0,-18.0,0.0,216.45647200000076
p4-refinement-confirmation-round-calibrated-p4-0229-184910915f4b450d,4,calibrated,broad_joint,confirmation,correlated,combined_cover,mixed_correlated150_after_observable_screen,unresolved,True,True,current,True,0,-1412.8026609999997,-1412.8026609999997,12.645503062579285,11172.372139,9759.569478,-7009.013302705869,-20,34,102.0,-3,-1401.8026605411742,-100.0,-13.0,102.0,0.0,-2786.6696040000006
p4-refinement-confirmation-round-calibrated-p4-0229-184910915f4b450d,4,calibrated,broad_joint,confirmation,correlated,coverage,mixed_correlated150_after_observable_screen,unresolved,True,True,current,True,0,-1461.1956679999985,-1461.1956679999985,13.078651962364594,11172.372139,9711.176471,-6965.9783395505,-20,15,45.0,-3,-1393.1956679101004,-100.0,-13.0,45.0,0.0,-2786.669603999999
p4-refinement-confirmation-round-calibrated-p4-0230-00a39853f77f3712,4,calibrated,smoothed_joint,confirmation,extreme,combined_cover,mixed_extreme150_after_observable_screen,unresolved,True,True,current,True,0,-1687.4602919999998,-1687.4602919999998,16.080826068939945,10493.616962,8806.15667,-7242.301447378981,4,-90,-270.0,1,-1448.4602894757954,20.0,11.0,-270.0,0.0,-718.5556670000005
p4-refinement-confirmation-round-calibrated-p4-0230-00a39853f77f3712,4,calibrated,smoothed_joint,confirmation,extreme,coverage,mixed_extreme150_after_observable_screen,unresolved,True,True,current,True,0,-1421.1904319999994,-1421.1904319999994,13.543380105701246,10493.616962,9072.42653,-6300.952157919593,4,-64,-192.0,1,-1260.1904315839183,20.0,11.0,-192.0,0.0,-718.5556669999987
p4-refinement-confirmation-round-calibrated-p4-0231-eceb6bcc7855e82f,4,calibrated,broad_joint,confirmation,extreme,combined_cover,mixed_extreme150_after_observable_screen,unresolved,True,True,current,True,0,-2339.421607,-2339.421607,19.442591175506895,12032.457947,9693.03634,-9252.108052179188,-43,-79,-237.0,0,-1850.4216104358375,-215.0,-37.0,-237.0,0.0,0.0
p4-refinement-confirmation-round-calibrated-p4-0231-eceb6bcc7855e82f,4,calibrated,broad_joint,confirmation,extreme,coverage,mixed_extreme150_after_observable_screen,unresolved,True,True,current,True,0,-2137.4165380000013,-2137.4165380000013,17.763756560918743,12032.457947,9895.041409,-8482.082700174375,-43,-63,-189.0,0,-1696.4165400348747,-215.0,-37.0,-189.0,0.0,0.0
p4-refinement-confirmation-round-calibrated-p4-0232-cb9e4c2a2e41c74f,4,calibrated,smoothed_joint,confirmation,correlated,combined_cover,mixed_correlated150_after_observable_screen,unresolved,True,True,current,True,0,-2390.6930760000005,-2390.6930760000005,23.505218772152332,10170.903318,7780.210242,-9353.465395304858,-90,5,15.0,-1,-1870.6930790609722,-450.0,-85.0,15.0,0.0,2165.8395069999997
p4-refinement-confirmation-round-calibrated-p4-0232-cb9e4c2a2e41c74f,4,calibrated,smoothed_joint,confirmation,correlated,coverage,mixed_correlated150_after_observable_screen,unresolved,True,True,current,True,0,-2228.634116,-2228.634116,21.9118601988465,10170.903318,7942.269202,-8813.170591890463,-90,23,69.0,-1,-1762.6341183780924,-450.0,-85.0,69.0,0.0,2166.0088460000006
p4-refinement-confirmation-round-calibrated-p4-0233-0fbcab0fcb1f5c55,4,calibrated,broad_joint,confirmation,correlated,combined_cover,mixed_correlated150_after_observable_screen,unresolved,True,True,current,True,0,-1601.1667810000017,-1601.1667810000017,14.389483336516632,11127.340319,9526.173538,-7180.833914605144,-26,-6,-18.0,2,-1436.1667829210282,-130.0,-17.0,-18.0,0.0,0.0
p4-refinement-confirmation-round-calibrated-p4-0233-0fbcab0fcb1f5c55,4,calibrated,broad_joint,confirmation,correlated,coverage,mixed_correlated150_after_observable_screen,unresolved,True,True,current,True,0,-1520.0257430000001,-1520.0257430000001,13.66027909117282,11127.340319,9607.314576,-6910.1287326565725,-26,3,9.0,2,-1382.0257465313134,-130.0,-17.0,9.0,0.0,0.0
p4-refinement-confirmation-round-calibrated-p4-0234-4d1a5f652ffd6fd0,4,calibrated,smoothed_joint,confirmation,extreme,combined_cover,mixed_extreme150_after_observable_screen,unresolved,True,True,current,True,0,-2932.912964000001,-2932.912964000001,23.714354812904148,12367.669233,9434.756269,-10664.564807185154,-83,-102,-306.0,-1,-2132.9129614370304,-415.0,-79.0,-306.0,0.0,-1841.5305630000003
p4-refinement-confirmation-round-calibrated-p4-0234-4d1a5f652ffd6fd0,4,calibrated,smoothed_joint,confirmation,extreme,coverage,mixed_extreme150_after_observable_screen,unresolved,True,True,current,True,0,-3167.263790000001,-3167.263790000001,25.609221352305877,12367.669233,9200.405443,-11281.318948213222,-83,-139,-417.0,-1,-2256.263789642644,-415.0,-79.0,-417.0,0.0,-1841.5305630000003
p4-refinement-confirmation-round-calibrated-p4-0235-fdfd7394466d726f,4,calibrated,broad_joint,confirmation,extreme,combined_cover,mixed_extreme150_after_observable_screen,unresolved,True,True,current,True,0,-908.1747459999988,-908.1747459999988,8.698800632117168,10440.229457,9532.054711,-5305.8737249972255,-52,152,456.0,-3,-1061.1747449994446,-260.0,-43.0,456.0,0.0,0.0
p4-refinement-confirmation-round-calibrated-p4-0235-fdfd7394466d726f,4,calibrated,broad_joint,confirmation,extreme,coverage,mixed_extreme150_after_observable_screen,unresolved,True,True,current,True,0,-1670.957661999999,-1670.957661999999,16.004989822131254,10440.229457,8769.271795,-7529.788305687696,-52,46,138.0,-3,-1505.9576611375387,-260.0,-43.0,138.0,0.0,0.0
p4-refinement-confirmation-round-calibrated-p4-0236-fc13c26a93cc2d94,4,calibrated,smoothed_joint,confirmation,correlated,combined_cover,mixed_correlated150_after_observable_screen,unresolved,True,True,current,True,0,-1147.0228770000012,-1147.0228770000012,10.28630993396679,11150.965549,10003.942672,-4445.1144023039815,-65,42,126.0,-1,-889.0228804607959,-325.0,-59.0,126.0,0.0,0.0
p4-refinement-confirmation-round-calibrated-p4-0236-fc13c26a93cc2d94,4,calibrated,smoothed_joint,confirmation,correlated,coverage,mixed_correlated150_after_observable_screen,unresolved,True,True,current,True,0,-987.6910619999999,-987.6910619999999,8.857448780196206,11150.965549,10163.274487,-3918.4553273000565,-65,60,180.0,-1,-783.6910654600106,-325.0,-59.0,180.0,0.0,0.0
p4-refinement-confirmation-round-calibrated-p4-0237-f98e521c40a79a17,4,calibrated,broad_joint,confirmation,correlated,combined_cover,mixed_correlated150_after_observable_screen,unresolved,True,True,current,True,0,-1813.230164999999,-1813.230164999999,17.736197791451612,10223.330763,8410.100598,-8066.150835911238,-62,55,165.0,3,-1613.230167182247,-310.0,-55.0,165.0,0.0,1036.0391530000006
p4-refinement-confirmation-round-calibrated-p4-0237-f98e521c40a79a17,4,calibrated,broad_joint,confirmation,correlated,coverage,mixed_correlated150_after_observable_screen,unresolved,True,True,current,True,0,-1868.360806999999,-1868.360806999999,18.275460809327615,10223.330763,8354.969956,-8116.804050660045,-62,40,120.0,3,-1623.3608101320087,-310.0,-55.0,120.0,0.0,1039.8944040000006
p4-refinement-confirmation-round-calibrated-p4-0238-0d4df15d3b5a5124,4,calibrated,smoothed_joint,confirmation,extreme,combined_cover,mixed_extreme150_after_observable_screen,unresolved,True,True,current,True,0,-943.6682980000005,-943.6682980000005,8.761135579192608,10771.072876,9827.404578,-4468.341486570876,-63,108,324.0,0,-893.6682973141751,-315.0,-59.0,324.0,0.0,0.0
p4-refinement-confirmation-round-calibrated-p4-0238-0d4df15d3b5a5124,4,calibrated,smoothed_joint,confirmation,extreme,coverage,mixed_extreme150_after_observable_screen,unresolved,True,True,current,True,0,-263.4446829999997,-263.4446829999997,2.445853686377005,10771.072876,10507.628193,-1997.2234206936773,-63,170,510.0,0,-399.4446841387353,-315.0,-59.0,510.0,0.0,0.0
p4-refinement-confirmation-round-calibrated-p4-0239-874ec04067e34864,4,calibrated,broad_joint,confirmation,extreme,combined_cover,mixed_extreme150_after_observable_screen,unresolved,True,True,current,True,0,-1140.7581420000006,-1140.7581420000006,10.65917052130731,10702.128648,9561.370506,-4773.790693700103,-18,-29,-87.0,1,-954.7581387400205,-90.0,-9.0,-87.0,0.0,-1917.6746619999994
p4-refinement-confirmation-round-calibrated-p4-0239-874ec04067e34864,4,calibrated,broad_joint,confirmation,extreme,coverage,mixed_extreme150_after_observable_screen,unresolved,True,True,current,True,0,-702.733506999999,-702.733506999999,6.5662965762547145,10702.128648,9999.395141,-3318.667522967058,-18,20,60.0,1,-663.7335045934115,-90.0,-9.0,60.0,0.0,-1917.6746619999994
p4-refinement-confirmation-round-calibrated-p4-0240-2a48ba0efe2c5322,4,calibrated,smoothed_joint,confirmation,correlated,combined_cover,mixed_correlated150_after_observable_screen,unresolved,True,True,current,True,0,-817.121172000001,-817.121172000001,7.915270323013247,10323.351429,9506.230257,-1505.6058609291722,-94,14,42.0,0,-301.12117218583444,-470.0,-88.0,42.0,0.0,-1553.6173849999996
p4-refinement-confirmation-round-calibrated-p4-0240-2a48ba0efe2c5322,4,calibrated,smoothed_joint,confirmation,correlated,coverage,mixed_correlated150_after_observable_screen,unresolved,True,True,current,True,0,-876.1499100000001,-876.1499100000001,8.487068526396866,10323.351429,9447.201519,-1545.7495472443625,-94,-3,-9.0,0,-309.1499094488727,-470.0,-88.0,-9.0,0.0,-1553.6173849999996
p4-refinement-confirmation-round-calibrated-p4-0241-61ce021d72af83de,4,calibrated,broad_joint,confirmation,correlated,combined_cover,mixed_correlated150_after_observable_screen,unresolved,True,True,current,True,0,-1489.276729000001,-1489.276729000001,15.098090933165262,9864.006884,8374.730155,-6326.3836439419465,-37,-3,-9.0,0,-1265.2767287883898,-185.0,-30.0,-9.0,0.0,-2121.773247000002
p4-refinement-confirmation-round-calibrated-p4-0241-61ce021d72af83de,4,calibrated,broad_joint,confirmation,correlated,coverage,mixed_correlated150_after_observable_screen,unresolved,True,True,current,True,0,-1390.160006,-1390.160006,14.093258676197006,9864.006884,8473.846878,-6010.800028059428,-37,9,27.0,0,-1202.160005611886,-185.0,-30.0,27.0,0.0,-2120.404536000001
p4-refinement-confirmation-round-calibrated-p4-0242-f7d8f197ba2aa7de,4,calibrated,smoothed_joint,confirmation,extreme,combined_cover,mixed_extreme150_after_observable_screen,unresolved,True,True,current,True,0,-1060.547652000001,-1060.547652000001,10.066542699733986,10535.371315,9474.823663,-3812.73825565468,-78,55,165.0,2,-762.5476511309362,-390.0,-73.0,165.0,0.0,1177.1272519999984
p4-refinement-confirmation-round-calibrated-p4-0242-f7d8f197ba2aa7de,4,calibrated,smoothed_joint,confirmation,extreme,coverage,mixed_extreme150_after_observable_screen,unresolved,True,True,current,True,0,-984.6239010000008,-984.6239010000008,9.345887027238591,10535.371315,9550.747414,-3448.1194924671145,-78,56,168.0,2,-689.6238984934225,-390.0,-73.0,168.0,0.0,1180.535328
p4-refinement-confirmation-round-calibrated-p4-0243-f1ae489e07ccd9b9,4,calibrated,broad_joint,confirmation,extreme,combined_cover,mixed_extreme150_after_observable_screen,unresolved,True,True,current,True,0,-1999.922586999999,-1999.922586999999,19.568175428645038,10220.281366,8220.358779,-8184.612943498589,-37,-49,-147.0,0,-1636.9225886997174,-185.0,-31.0,-147.0,0.0,-3045.119010999999
p4-refinement-confirmation-round-calibrated-p4-0243-f1ae489e07ccd9b9,4,calibrated,broad_joint,confirmation,extreme,coverage,mixed_extreme150_after_observable_screen,unresolved,True,True,current,True,0,-2032.284107999999,-2032.284107999999,19.884815644712447,10220.281366,8187.997258,-8346.42053689031,-37,-49,-147.0,0,-1669.284107378062,-185.0,-31.0,-147.0,0.0,-3048.0552789999983
p4-refinement-confirmation-round-calibrated-p4-0244-32d736721ef09673,4,calibrated,smoothed_joint,confirmation,correlated,combined_cover,mixed_correlated150_after_observable_screen,unresolved,True,True,current,True,0,-741.314171,-741.314171,8.589772620342409,8630.19551,7888.881339,-3756.570861322012,-18,37,111.0,3,-751.3141722644032,-90.0,-11.0,111.0,0.0,0.0
p4-refinement-confirmation-round-calibrated-p4-0244-32d736721ef09673,4,calibrated,smoothed_joint,confirmation,correlated,coverage,mixed_correlated150_after_observable_screen,unresolved,True,True,current,True,0,-731.9415399999998,-731.9415399999998,8.481169854748746,8630.19551,7898.25397,-3739.7077124782227,-18,39,117.0,3,-747.9415424956451,-90.0,-11.0,117.0,0.0,0.0
p4-refinement-confirmation-round-calibrated-p4-0245-fbda1db4d0568846,4,calibrated,broad_joint,confirmation,correlated,combined_cover,mixed_correlated150_after_observable_screen,unresolved,True,True,current,True,0,-1912.1991200000011,-1912.1991200000011,17.984501674084715,10632.483205,8720.284085,-8070.995577586968,-20,-61,-183.0,0,-1614.1991155173937,-100.0,-15.0,-183.0,0.0,-1533.7738310000004
p4-refinement-confirmation-round-calibrated-p4-0245-fbda1db4d0568846,4,calibrated,broad_joint,confirmation,correlated,coverage,mixed_correlated150_after_observable_screen,unresolved,True,True,current,True,0,-1731.2367250000007,-1731.2367250000007,16.282524896779282,10632.483205,8901.24648,-7331.183607001294,-20,-50,-150.0,0,-1466.2367214002588,-100.0,-15.0,-150.0,0.0,-1533.7738310000004
p4-refinement-confirmation-round-calibrated-p4-0246-36140afb68fb4c44,4,calibrated,smoothed_joint,confirmation,extreme,combined_cover,mixed_extreme150_after_observable_screen,unresolved,True,True,current,True,0,-1810.9291389999999,-1810.9291389999999,15.527229617787539,11662.924962,9851.995823,-5469.645694653525,-69,-102,-306.0,-2,-1093.9291389307054,-345.0,-66.0,-306.0,0.0,-1794.2706269999999
p4-refinement-confirmation-round-calibrated-p4-0246-36140afb68fb4c44,4,calibrated,smoothed_joint,confirmation,extreme,coverage,mixed_extreme150_after_observable_screen,unresolved,True,True,current,True,0,-1073.076246999999,-1073.076246999999,9.20074724390565,11662.924962,10589.848715,-2800.3812291319264,-69,-34,-102.0,-2,-560.0762458263853,-345.0,-66.0,-102.0,0.0,-1794.2706269999999
p4-refinement-confirmation-round-calibrated-p4-0247-3c769dd86ee78640,4,calibrated,broad_joint,confirmation,extreme,combined_cover,mixed_extreme150_after_observable_screen,unresolved,True,True,current,True,0,-876.7697260000004,-876.7697260000004,8.365514213717432,10480.76309,9603.993364,-3853.848659079813,-38,39,117.0,1,-770.7697318159626,-190.0,-33.0,117.0,0.0,0.0
p4-refinement-confirmation-round-calibrated-p4-0247-3c769dd86ee78640,4,calibrated,broad_joint,confirmation,extreme,coverage,mixed_extreme150_after_observable_screen,unresolved,True,True,current,True,0,-880.3357049999995,-880.3357049999995,8.399538253468902,10480.76309,9600.427385,-3766.6785335125824,-38,32,96.0,1,-753.3357067025172,-190.0,-33.0,96.0,0.0,0.0
p4-refinement-confirmation-round-calibrated-p4-0248-20504b6310ad417b,4,calibrated,smoothed_joint,confirmation,correlated,combined_cover,mixed_correlated150_after_observable_screen,unresolved,True,True,current,True,0,-1733.7123200000005,-1733.7123200000005,15.184000646051038,11418.020589,9684.308269,-6643.561614040118,-65,-6,-18.0,0,-1328.7123228080245,-325.0,-62.0,-18.0,0.0,0.0
p4-refinement-confirmation-round-calibrated-p4-0248-20504b6310ad417b,4,calibrated,smoothed_joint,confirmation,correlated,coverage,mixed_correlated150_after_observable_screen,unresolved,True,True,current,True,0,-1158.4804089999998,-1158.4804089999998,10.146070415357874,11418.020589,10259.54018,-4427.402053385216,-65,38,114.0,0,-885.4804106770443,-325.0,-62.0,114.0,0.0,0.0
p4-refinement-confirmation-round-calibrated-p4-0249-ff72bdae1df95af2,4,calibrated,broad_joint,confirmation,correlated,combined_cover,mixed_correlated150_after_observable_screen,unresolved,True,True,current,True,0,-2651.049650000001,-2651.049650000001,21.27225770547471,12462.474302,9811.424652,-8605.248262545509,-88,-136,-408.0,-2,-1721.0496525091012,-440.0,-82.0,-408.0,0.0,0.0
p4-refinement-confirmation-round-calibrated-p4-0249-ff72bdae1df95af2,4,calibrated,broad_joint,confirmation,correlated,coverage,mixed_correlated150_after_observable_screen,unresolved,True,True,current,True,0,-2914.062239000001,-2914.062239000001,23.382694065273594,12462.474302,9548.412063,-9380.311208715539,-88,-172,-516.0,-2,-1876.0622417431077,-440.0,-82.0,-516.0,0.0,0.0
p4-refinement-confirmation-round-calibrated-p4-0250-cab36094eaa025e4,4,calibrated,smoothed_joint,confirmation,extreme,combined_cover,mixed_extreme150_after_observable_screen,unresolved,True,True,current,True,0,-1812.7546859999993,-1812.7546859999993,18.676882660335103,9705.873935,7893.119249,-6948.773442496393,-69,-5,-15.0,1,-1389.754688499279,-345.0,-63.0,-15.0,0.0,109.6891940000005
p4-refinement-confirmation-round-calibrated-p4-0250-cab36094eaa025e4,4,calibrated,smoothed_joint,confirmation,extreme,coverage,mixed_extreme150_after_observable_screen,unresolved,True,True,current,True,0,-1794.3765549999998,-1794.3765549999998,18.487532055504698,9705.873935,7911.49738,-6841.8827825350345,-69,-6,-18.0,1,-1368.376556507007,-345.0,-63.0,-18.0,0.0,109.6891940000005
p4-refinement-confirmation-round-calibrated-p4-0251-4da75305cb483565,4,calibrated,broad_joint,confirmation,extreme,combined_cover,mixed_extreme150_after_observable_screen,unresolved,True,True,current,True,0,-1722.557734,-1722.557734,17.54211348242346,9819.556439,8096.998705,-5917.788677144541,-94,6,18.0,3,-1183.557735428908,-470.0,-87.0,18.0,0.0,-2367.566771
p4-refinement-confirmation-round-calibrated-p4-0251-4da75305cb483565,4,calibrated,broad_joint,confirmation,extreme,coverage,mixed_extreme150_after_observable_screen,unresolved,True,True,current,True,0,-1610.481803999999,-1610.481803999999,16.400759178935036,9819.556439,8209.074635,-5567.409030777741,-94,20,60.0,3,-1113.481806155548,-470.0,-87.0,60.0,0.0,-2365.558045999999
p4-refinement-confirmation-round-calibrated-p4-0252-2fca5167622851ce,4,calibrated,smoothed_joint,confirmation,correlated,combined_cover,mixed_correlated150_after_observable_screen,unresolved,True,True,current,True,0,-658.224177,-658.224177,6.397289308271008,10289.110673,9630.886496,-2401.12090090711,-59,57,171.0,4,-480.2241801814225,-295.0,-54.0,171.0,0.0,0.0
p4-refinement-confirmation-round-calibrated-p4-0252-2fca5167622851ce,4,calibrated,smoothed_joint,confirmation,correlated,coverage,mixed_correlated150_after_observable_screen,unresolved,True,True,current,True,0,-909.6701439999997,-909.6701439999997,8.841095920827208,10289.110673,9379.440529,-3133.350738940251,-59,22,66.0,4,-626.6701477880506,-295.0,-54.0,66.0,0.0,0.0
p4-refinement-confirmation-round-calibrated-p4-0253-150ce525bd1e79b3,4,calibrated,broad_joint,confirmation,correlated,combined_cover,mixed_correlated150_after_observable_screen,unresolved,True,True,current,True,0,-852.5064439999987,-852.5064439999987,8.03599868309593,10608.593625,9756.087181,-3857.5321956111584,-54,79,237.0,5,-771.5064391222322,-270.0,-48.0,237.0,0.0,0.0
p4-refinement-confirmation-round-calibrated-p4-0253-150ce525bd1e79b3,4,calibrated,broad_joint,confirmation,correlated,coverage,mixed_correlated150_after_observable_screen,unresolved,True,True,current,True,0,-432.14422699999886,-432.14422699999886,4.07352984076623,10608.593625,10176.449398,-2235.721130996433,-54,111,333.0,4,-447.144226199287,-270.0,-48.0,333.0,0.0,0.0
p4-refinement-confirmation-round-calibrated-p4-0254-2b02c024c4c135ad,4,calibrated,smoothed_joint,confirmation,extreme,combined_cover,mixed_extreme150_after_observable_screen,unresolved,True,True,current,True,0,-1749.9953719999994,-1749.9953719999994,16.166318155291314,10824.946999,9074.951627,-6594.976867007077,-60,-26,-78.0,0,-1318.9953734014143,-300.0,-53.0,-78.0,0.0,0.0
p4-refinement-confirmation-round-calibrated-p4-0254-2b02c024c4c135ad,4,calibrated,smoothed_joint,confirmation,extreme,coverage,mixed_extreme150_after_observable_screen,unresolved,True,True,current,True,0,-1687.9342500000002,-1687.9342500000002,15.593002442930485,10824.946999,9137.012749,-6389.6712488824705,-60,-19,-57.0,0,-1277.9342497764937,-300.0,-53.0,-57.0,0.0,0.0
p4-refinement-confirmation-round-calibrated-p4-0255-6fbc30b0c26bbeb3,4,calibrated,broad_joint,confirmation,extreme,combined_cover,mixed_extreme150_after_observable_screen,unresolved,True,True,current,True,0,-1951.9083950000004,-1951.9083950000004,17.173874897332254,11365.567798,9413.659403,-9384.541986908174,-13,-1,-3.0,2,-1876.908397381636,-65.0,-7.0,-3.0,0.0,0.0
p4-refinement-confirmation-round-calibrated-p4-0255-6fbc30b0c26bbeb3,4,calibrated,broad_joint,confirmation,extreme,coverage,mixed_extreme150_after_observable_screen,unresolved,True,True,current,True,0,-2210.684975,-2210.684975,19.450721814259154,11365.567798,9154.882823,-10003.424901169128,-13,-46,-138.0,2,-2000.6849802338265,-65.0,-7.0,-138.0,0.0,0.0
p4-refinement-confirmation-round-calibrated-p4-0256-ad22a4d3c18ca52d,4,calibrated,smoothed_joint,confirmation,correlated,combined_cover,mixed_correlated150_after_observable_screen,unresolved,True,True,current,True,0,-1689.6775539999999,-1689.6775539999999,16.06770910390641,10515.982976,8826.305422,-5463.3877726797,-71,-58,-174.0,-1,-1092.6775545359405,-355.0,-68.0,-174.0,0.0,905.0914459999995
p4-refinement-confirmation-round-calibrated-p4-0256-ad22a4d3c18ca52d,4,calibrated,smoothed_joint,confirmation,correlated,coverage,mixed_correlated150_after_observable_screen,unresolved,True,True,current,True,0,-1750.7404459999998,-1750.7404459999998,16.648376571126164,10515.982976,8765.24253,-5633.7022255176125,-71,-67,-201.0,-1,-1126.7404451035227,-355.0,-68.0,-201.0,0.0,907.1401819999992
p4-refinement-confirmation-round-calibrated-p4-0257-a93c64143b096726,4,calibrated,broad_joint,confirmation,correlated,combined_cover,mixed_correlated150_after_observable_screen,unresolved,True,True,current,True,0,-1191.1962179999991,-1191.1962179999991,12.500553445343826,9529.147835,8337.951617,-4450.981077946148,-72,42,126.0,-1,-890.1962155892288,-360.0,-67.0,126.0,0.0,-350.80125299999963
p4-refinement-confirmation-round-calibrated-p4-0257-a93c64143b096726,4,calibrated,broad_joint,confirmation,correlated,coverage,mixed_correlated150_after_observable_screen,unresolved,True,True,current,True,0,-1642.8816959999995,-1642.8816959999995,17.240594064096598,9529.147835,7886.266139,-6199.408476978853,-72,8,24.0,-2,-1239.8816953957703,-360.0,-67.0,24.0,0.0,-350.80125299999963
p4-refinement-confirmation-round-calibrated-p4-0258-4e1d85bc813e74b5,4,calibrated,smoothed_joint,confirmation,extreme,combined_cover,mixed_extreme150_after_observable_screen,unresolved,True,True,current,True,0,-1394.3882000000012,-1394.3882000000012,14.083349188724032,9900.970155,8506.581955,-4851.940991373809,-91,39,117.0,0,-970.3881982747616,-455.0,-86.0,117.0,0.0,442.6283449999992
p4-refinement-confirmation-round-calibrated-p4-0258-4e1d85bc813e74b5,4,calibrated,smoothed_joint,confirmation,extreme,coverage,mixed_extreme150_after_observable_screen,unresolved,True,True,current,True,0,-1208.3187870000002,-1208.3187870000002,12.20404433185568,9900.970155,8692.651368,-4236.593917277496,-91,60,180.0,0,-847.3187834554992,-455.0,-86.0,180.0,0.0,442.6283450000001
p4-refinement-confirmation-round-calibrated-p4-0259-fc26c611df08274f,4,calibrated,broad_joint,confirmation,extreme,combined_cover,mixed_extreme150_after_observable_screen,unresolved,True,True,current,True,0,-73.04470300000139,-73.04470300000139,0.7621373774062835,9584.19114,9511.146437,154.77647743751004,4,-43,-129.0,-1,30.955295487501644,20.0,5.0,-129.0,0.0,0.0
p4-refinement-confirmation-round-calibrated-p4-0259-fc26c611df08274f,4,calibrated,broad_joint,confirmation,extreme,coverage,mixed_extreme150_after_observable_screen,unresolved,True,True,current,True,0,491.2393009999996,491.2393009999996,-5.12551652846105,9584.19114,10075.430441,2166.196494609234,4,11,33.0,-1,433.23929892184606,20.0,5.0,33.0,0.0,0.0
p4-refinement-confirmation-round-calibrated-p4-0260-6f3a8b76cbd5eaa9,4,calibrated,smoothed_joint,confirmation,correlated,combined_cover,mixed_correlated150_after_observable_screen,unresolved,True,True,current,True,0,-2693.5941660000008,-2693.5941660000008,23.221718136994383,11599.461117,8905.866951,-9842.970817184876,-77,-90,-270.0,0,-1968.5941634369756,-385.0,-70.0,-270.0,0.0,1894.9257509999998
p4-refinement-confirmation-round-calibrated-p4-0260-6f3a8b76cbd5eaa9,4,calibrated,smoothed_joint,confirmation,correlated,coverage,mixed_correlated150_after_observable_screen,unresolved,True,True,current,True,0,-2295.0840200000002,-2295.0840200000002,19.786126241988594,11599.461117,9304.377097,-8420.420079459916,-77,-52,-156.0,0,-1684.0840158919837,-385.0,-70.0,-156.0,0.0,1895.4520890000003
p4-refinement-confirmation-round-calibrated-p4-0261-e9824d0abd1d3498,4,calibrated,broad_joint,confirmation,correlated,combined_cover,mixed_correlated150_after_observable_screen,unresolved,True,True,current,True,0,1276.616317,1276.616317,-12.115762658130953,10536.821767,11813.438084,3788.0815883020987,-30,230,690.0,0,757.6163176604186,-150.0,-21.0,690.0,0.0,0.0
p4-refinement-confirmation-round-calibrated-p4-0261-e9824d0abd1d3498,4,calibrated,broad_joint,confirmation,correlated,coverage,mixed_correlated150_after_observable_screen,unresolved,True,True,current,True,0,415.21740300000056,415.21740300000056,-3.9406323100235903,10536.821767,10952.03917,1521.0869922980492,-30,94,282.0,0,304.2173984596084,-150.0,-21.0,282.0,0.0,0.0
p4-refinement-confirmation-round-calibrated-p4-0262-f3b0313f045ac5ed,4,calibrated,smoothed_joint,confirmation,extreme,combined_cover,mixed_extreme150_after_observable_screen,unresolved,True,True,current,True,0,-2866.1622119999993,-2866.1622119999993,23.64024206955086,12124.081486,9257.919274,-12140.81104721003,-41,-67,-201.0,1,-2428.1622094420054,-205.0,-32.0,-201.0,0.0,1927.8195989999995
p4-refinement-confirmation-round-calibrated-p4-0262-f3b0313f045ac5ed,4,calibrated,smoothed_joint,confirmation,extreme,coverage,mixed_extreme150_after_observable_screen,unresolved,True,True,current,True,0,-2901.6513349999987,-2901.6513349999987,23.932958041816306,12124.081486,9222.430151,-11763.256675434146,-41,-104,-312.0,1,-2352.651335086829,-205.0,-32.0,-312.0,0.0,1924.9733290000004
p4-refinement-confirmation-round-calibrated-p4-0263-43815e65ca54bf37,4,calibrated,broad_joint,confirmation,extreme,combined_cover,mixed_extreme150_after_observable_screen,unresolved,True,True,current,True,0,-886.4277099999999,-886.4277099999999,8.623302405843837,10279.445951,9393.018241,-3837.138549434836,-46,51,153.0,-4,-767.4277098869679,-230.0,-42.0,153.0,0.0,4.377575999998953
p4-refinement-confirmation-round-calibrated-p4-0263-43815e65ca54bf37,4,calibrated,broad_joint,confirmation,extreme,coverage,mixed_extreme150_after_observable_screen,unresolved,True,True,current,True,0,-747.016803999999,-747.016803999999,7.267092093882045,10279.445951,9532.429147,-3380.0840158719,-46,67,201.0,-4,-676.0168031743806,-230.0,-42.0,201.0,0.0,4.377576000000772
p4-refinement-confirmation-round-calibrated-p4-0264-57dae9c1cc4d2add,4,calibrated,smoothed_joint,confirmation,correlated,combined_cover,mixed_correlated150_after_observable_screen,unresolved,True,True,current,True,0,-2602.2525560000004,-2602.2525560000004,25.196177577552128,10327.965613,7725.713057,-10571.262805804708,-68,-29,-87.0,-1,-2114.2525611609417,-340.0,-61.0,-87.0,0.0,-2145.2668030000004
p4-refinement-confirmation-round-calibrated-p4-0264-57dae9c1cc4d2add,4,calibrated,smoothed_joint,confirmation,correlated,coverage,mixed_correlated150_after_observable_screen,unresolved,True,True,current,True,0,-2611.672719,-2611.672719,25.287387825077957,10327.965613,7716.292894,-10663.363622697532,-68,-26,-78.0,-1,-2132.672724539507,-340.0,-61.0,-78.0,0.0,-2145.2668030000004
p4-refinement-confirmation-round-calibrated-p4-0265-a753bb14be17c37c,4,calibrated,broad_joint,confirmation,correlated,combined_cover,mixed_correlated150_after_observable_screen,unresolved,True,True,current,True,0,-1386.3386499999997,-1386.3386499999997,14.035541740449883,9877.343359,8491.004709,-4411.693246394512,-70,-30,-90.0,1,-882.3386492789023,-350.0,-64.0,-90.0,0.0,0.0
p4-refinement-confirmation-round-calibrated-p4-0265-a753bb14be17c37c,4,calibrated,broad_joint,confirmation,correlated,coverage,mixed_correlated150_after_observable_screen,unresolved,True,True,current,True,0,-1297.240976000001,-1297.240976000001,13.133500870130081,9877.343359,8580.102383,-4131.204889589142,-70,-19,-57.0,1,-826.2409779178279,-350.0,-64.0,-57.0,0.0,0.0
p4-refinement-confirmation-round-calibrated-p4-0266-aebc69f2fda07893,4,calibrated,smoothed_joint,confirmation,extreme,combined_cover,mixed_extreme150_after_observable_screen,unresolved,True,True,current,True,0,-2542.006748,-2542.006748,23.289873024437675,10914.644083,8372.637335,-10105.033733498793,-35,-105,-315.0,1,-2021.0067466997589,-175.0,-31.0,-315.0,0.0,0.0
p4-refinement-confirmation-round-calibrated-p4-0266-aebc69f2fda07893,4,calibrated,smoothed_joint,confirmation,extreme,coverage,mixed_extreme150_after_observable_screen,unresolved,True,True,current,True,0,-2502.9990719999987,-2502.9990719999987,22.932484586451345,10914.644083,8411.645011,-9999.99535994191,-35,-99,-297.0,1,-1999.9990719883817,-175.0,-31.0,-297.0,0.0,0.0
p4-refinement-confirmation-round-calibrated-p4-0267-e0e17391500ff20f,4,calibrated,broad_joint,confirmation,extreme,combined_cover,mixed_extreme150_after_observable_screen,unresolved,True,True,current,True,0,-1461.1456569999991,-1461.1456569999991,14.912974908108383,9797.814762,8336.669105,-6255.728293780368,-31,-11,-33.0,1,-1251.1456587560733,-155.0,-22.0,-33.0,0.0,-686.5686289999985
p4-refinement-confirmation-round-calibrated-p4-0267-e0e17391500ff20f,4,calibrated,broad_joint,confirmation,extreme,coverage,mixed_extreme150_after_observable_screen,unresolved,True,True,current,True,0,-1133.5336239999997,-1133.5336239999997,11.569249384018919,9797.814762,8664.281138,-5127.668133538784,-31,23,69.0,1,-1025.5336267077564,-155.0,-22.0,69.0,0.0,-683.9040009999999
p4-refinement-confirmation-round-calibrated-p4-0268-d1584d6457dd4cda,4,calibrated,smoothed_joint,confirmation,correlated,combined_cover,mixed_correlated150_after_observable_screen,unresolved,True,True,current,True,0,23.42395199999919,23.42395199999919,-0.22571328785709005,10377.746132,10401.170084,-1327.8802404804956,8,78,234.0,0,-265.576048096098,40.0,15.0,234.0,0.0,-3020.560096
p4-refinement-confirmation-round-calibrated-p4-0268-d1584d6457dd4cda,4,calibrated,smoothed_joint,confirmation,correlated,coverage,mixed_correlated150_after_observable_screen,unresolved,True,True,current,True,0,-655.6173890000009,-655.6173890000009,6.317531578252726,10377.746132,9722.128743,-3328.0869387372295,8,-15,-45.0,0,-665.6173877474448,40.0,15.0,-45.0,0.0,-3020.560096
p4-refinement-confirmation-round-calibrated-p4-0269-e50ce6daca1bb56a,4,calibrated,broad_joint,confirmation,correlated,combined_cover,mixed_correlated150_after_observable_screen,unresolved,True,True,current,True,0,-2316.548337,-2316.548337,18.98959759507625,12199.038581,9882.490244,-11077.741672692704,42,-120,-360.0,-4,-2215.54833453854,210.0,49.0,-360.0,0.0,0.0
p4-refinement-confirmation-round-calibrated-p4-0269-e50ce6daca1bb56a,4,calibrated,broad_joint,confirmation,correlated,coverage,mixed_correlated150_after_observable_screen,unresolved,True,True,current,True,0,-1822.1598549999999,-1822.1598549999999,14.936913617422388,12199.038581,10376.878726,-9400.799270512362,42,-67,-201.0,-4,-1880.1598541024723,210.0,49.0,-201.0,0.0,0.0
p4-refinement-confirmation-round-calibrated-p4-0270-6276af7e12185910,4,calibrated,smoothed_joint,confirmation,extreme,combined_cover,mixed_extreme150_after_observable_screen,unresolved,True,True,current,True,0,-2291.1399550000006,-2291.1399550000006,21.794977719642347,10512.238115,8221.09816,-8750.699778524824,-59,-65,-195.0,1,-1750.1399557049654,-295.0,-51.0,-195.0,0.0,166.01715799999965
p4-refinement-confirmation-round-calibrated-p4-0270-6276af7e12185910,4,calibrated,smoothed_joint,confirmation,extreme,coverage,mixed_extreme150_after_observable_screen,unresolved,True,True,current,True,0,-2241.5784949999997,-2241.5784949999997,21.323513323023693,10512.238115,8270.65962,-8412.892476525361,-59,-71,-213.0,1,-1682.5784953050734,-295.0,-51.0,-213.0,0.0,165.24809200000072
p4-refinement-confirmation-round-calibrated-p4-0271-0b0aae1ada089f65,4,calibrated,broad_joint,confirmation,extreme,combined_cover,mixed_extreme150_after_observable_screen,unresolved,True,True,current,True,0,-3152.328466000001,-3152.328466000001,24.558710896315553,12835.887353,9683.558887,-12906.642361053506,-44,-105,-315.0,0,-2581.328472210702,-220.0,-36.0,-315.0,0.0,0.0
p4-refinement-confirmation-round-calibrated-p4-0271-0b0aae1ada089f65,4,calibrated,broad_joint,confirmation,extreme,coverage,mixed_extreme150_after_observable_screen,unresolved,True,True,current,True,0,-2807.9958499999993,-2807.9958499999993,21.876133474665586,12835.887353,10027.891503,-11679.979270979245,-44,-72,-216.0,0,-2335.9958541958495,-220.0,-36.0,-216.0,0.0,0.0
p4-refinement-confirmation-round-calibrated-p4-0272-f8e69cfed5d7387e,4,calibrated,smoothed_joint,confirmation,correlated,combined_cover,mixed_correlated150_after_observable_screen,unresolved,True,True,current,True,0,-2778.6352239999997,-2778.6352239999997,21.01617328654044,13221.413747,10442.778523,-10168.176117839044,-71,-109,-327.0,-4,-2033.6352235678078,-355.0,-63.0,-327.0,0.0,0.0
p4-refinement-confirmation-round-calibrated-p4-0272-f8e69cfed5d7387e,4,calibrated,smoothed_joint,confirmation,correlated,coverage,mixed_correlated150_after_observable_screen,unresolved,True,True,current,True,0,-2781.205016,-2781.205016,21.03560987667501,13221.413747,10440.208731,-9986.025075525467,-71,-122,-366.0,-4,-1997.2050151050935,-355.0,-63.0,-366.0,0.0,0.0
p4-refinement-confirmation-round-calibrated-p4-0273-2c444582ba9232a2,4,calibrated,broad_joint,confirmation,correlated,combined_cover,mixed_correlated150_after_observable_screen,unresolved,True,True,current,True,0,-1469.7948250000009,-1469.7948250000009,13.727763363854663,10706.731942,9236.937117,-6503.974153160329,-25,-8,-24.0,1,-1300.794830632066,-125.0,-20.0,-24.0,0.0,0.0
p4-refinement-confirmation-round-calibrated-p4-0273-2c444582ba9232a2,4,calibrated,broad_joint,confirmation,correlated,coverage,mixed_correlated150_after_observable_screen,unresolved,True,True,current,True,0,-1113.3774990000002,-1113.3774990000002,10.398854711515483,10706.731942,9593.354443,-5186.887514346257,-25,23,69.0,1,-1037.3775028692517,-125.0,-20.0,69.0,0.0,0.0
p4-refinement-confirmation-round-calibrated-p4-0274-6ae7bb40d7a2f7bc,4,calibrated,smoothed_joint,confirmation,extreme,combined_cover,mixed_extreme150_after_observable_screen,unresolved,True,True,current,True,0,-2570.475446999999,-2570.475446999999,21.218258791396902,12114.450447,9543.975,-10487.377222100273,-30,-100,-300.0,1,-2097.4754444200544,-150.0,-23.0,-300.0,0.0,0.0
p4-refinement-confirmation-round-calibrated-p4-0274-6ae7bb40d7a2f7bc,4,calibrated,smoothed_joint,confirmation,extreme,coverage,mixed_extreme150_after_observable_screen,unresolved,True,True,current,True,0,-1900.0282129999996,-1900.0282129999996,15.683981880255402,12114.450447,10214.422234,-8065.141066161923,-30,-38,-114.0,1,-1613.0282132323846,-150.0,-23.0,-114.0,0.0,0.0
p4-refinement-confirmation-round-calibrated-p4-0275-0d6946e5acfa84f4,4,calibrated,broad_joint,confirmation,extreme,combined_cover,mixed_extreme150_after_observable_screen,unresolved,True,True,current,True,0,-2163.8972589999994,-2163.8972589999994,19.637559716332458,11019.175958,8855.278699,-9159.486287156025,-26,-61,-183.0,4,-1831.8972574312047,-130.0,-19.0,-183.0,0.0,0.0
p4-refinement-confirmation-round-calibrated-p4-0275-0d6946e5acfa84f4,4,calibrated,broad_joint,confirmation,extreme,coverage,mixed_extreme150_after_observable_screen,unresolved,True,True,current,True,0,-1311.2094830000005,-1311.2094830000005,11.899342455349876,11019.175958,9707.966475,-6171.04741906211,-26,24,72.0,4,-1234.2094838124221,-130.0,-19.0,72.0,0.0,0.0
p4-refinement-confirmation-round-calibrated-p4-0276-d49b5b15666b7460,4,calibrated,smoothed_joint,confirmation,correlated,combined_cover,mixed_correlated150_after_observable_screen,unresolved,True,True,current,True,0,-1222.032213999999,-1222.032213999999,11.748491900199959,10401.609197,9179.576983,-3960.1610756325754,-52,-41,-123.0,1,-792.0322151265145,-260.0,-47.0,-123.0,0.0,0.0
p4-refinement-confirmation-round-calibrated-p4-0276-d49b5b15666b7460,4,calibrated,smoothed_joint,confirmation,correlated,coverage,mixed_correlated150_after_observable_screen,unresolved,True,True,current,True,0,-1136.6102279999996,-1136.6102279999996,10.927253720778292,10401.609197,9264.998969,-3638.0511415703804,-52,-34,-102.0,1,-727.6102283140763,-260.0,-47.0,-102.0,0.0,0.0
p4-refinement-confirmation-round-calibrated-p4-0277-3df634a352b2e4a0,4,calibrated,broad_joint,confirmation,correlated,combined_cover,mixed_correlated150_after_observable_screen,unresolved,True,True,current,True,0,-2046.0730330000006,-2046.0730330000006,20.810528258418334,9831.912999,7785.839966,-9515.36516716001,-48,46,138.0,-1,-1903.0730334320024,-240.0,-41.0,138.0,0.0,0.0
p4-refinement-confirmation-round-calibrated-p4-0277-3df634a352b2e4a0,4,calibrated,broad_joint,confirmation,correlated,coverage,mixed_correlated150_after_observable_screen,unresolved,True,True,current,True,0,-1750.7822649999998,-1750.7822649999998,17.807137483601323,9831.912999,8081.130734,-8428.911322924076,-48,72,216.0,-1,-1685.7822645848155,-240.0,-41.0,216.0,0.0,0.0
p4-refinement-confirmation-round-calibrated-p4-0278-659ed32fd903737b,4,calibrated,smoothed_joint,confirmation,extreme,combined_cover,mixed_extreme150_after_observable_screen,unresolved,True,True,current,True,0,-2887.6368980000007,-2887.6368980000007,23.07007858915672,12516.80564,9629.168742,-12458.184501914679,0,-134,-402.0,1,-2491.636900382936,0.0,6.0,-402.0,0.0,0.0
p4-refinement-confirmation-round-calibrated-p4-0278-659ed32fd903737b,4,calibrated,smoothed_joint,confirmation,extreme,coverage,mixed_extreme150_after_observable_screen,unresolved,True,True,current,True,0,-3025.635997000001,-3025.635997000001,24.172589109564548,12516.80564,9491.169643,-12818.17999934814,0,-156,-468.0,1,-2563.635999869628,0.0,6.0,-468.0,0.0,0.0
p4-refinement-confirmation-round-calibrated-p4-0279-0a655b7a87828cac,4,calibrated,broad_joint,confirmation,extreme,combined_cover,mixed_extreme150_after_observable_screen,unresolved,True,True,current,True,0,-1677.9472029999997,-1677.9472029999997,16.024626419528275,10471.053484,8793.106281,-8749.736019231306,-16,53,159.0,2,-1749.947203846261,-80.0,-7.0,159.0,0.0,207.71356200000082
p4-refinement-confirmation-round-calibrated-p4-0279-0a655b7a87828cac,4,calibrated,broad_joint,confirmation,extreme,coverage,mixed_extreme150_after_observable_screen,unresolved,True,True,current,True,0,-1030.2679939999998,-1030.2679939999998,9.839200951215387,10471.053484,9440.78549,-6426.339976642477,-16,114,342.0,2,-1285.267995328495,-80.0,-7.0,342.0,0.0,207.45556899999974
p4-refinement-confirmation-round-calibrated-p4-0280-beedab51a48ade1f,4,calibrated,smoothed_joint,confirmation,correlated,combined_cover,mixed_correlated150_after_observable_screen,unresolved,True,True,current,True,0,-854.1591150000004,-854.1591150000004,8.524537896331319,10020.004901,9165.845786,-2240.795582116618,-67,-2,-6.0,-1,-448.1591164233232,-335.0,-65.0,-6.0,0.0,-1165.4600819999996
p4-refinement-confirmation-round-calibrated-p4-0280-beedab51a48ade1f,4,calibrated,smoothed_joint,confirmation,correlated,coverage,mixed_correlated150_after_observable_screen,unresolved,True,True,current,True,0,-634.6909670000005,-634.6909670000005,6.334238089411095,10020.004901,9385.313934,-1428.4548358742468,-67,17,51.0,-1,-285.690967174849,-335.0,-65.0,51.0,0.0,-1165.4600819999996
p4-refinement-confirmation-round-calibrated-p4-0281-f12fbf9fe3b6eba6,4,calibrated,broad_joint,confirmation,correlated,combined_cover,mixed_correlated150_after_observable_screen,unresolved,True,True,current,True,0,-2297.252429,-2297.252429,21.637185448468188,10617.149973,8319.897544,-9921.2621477988,-50,-7,-21.0,-3,-1984.2524295597595,-250.0,-42.0,-21.0,0.0,966.4532299999992
p4-refinement-confirmation-round-calibrated-p4-0281-f12fbf9fe3b6eba6,4,calibrated,broad_joint,confirmation,correlated,coverage,mixed_correlated150_after_observable_screen,unresolved,True,True,current,True,0,-2238.1220429999994,-2238.1220429999994,21.080252692028157,10617.149973,8379.02793,-9730.610220089824,-50,0,0.0,-3,-1946.122044017964,-250.0,-42.0,0.0,0.0,966.4532300000001
p4-refinement-confirmation-round-calibrated-p4-0282-7b93a2ed34e66bd2,4,calibrated,smoothed_joint,confirmation,extreme,combined_cover,mixed_extreme150_after_observable_screen,unresolved,True,True,current,True,0,-703.196675000001,-703.196675000001,7.129177185910118,9863.644242,9160.447567,-3865.983378163408,-36,94,282.0,4,-773.196675632682,-180.0,-32.0,282.0,0.0,-17.039950000002136
p4-refinement-confirmation-round-calibrated-p4-0282-7b93a2ed34e66bd2,4,calibrated,smoothed_joint,confirmation,extreme,coverage,mixed_extreme150_after_observable_screen,unresolved,True,True,current,True,0,-788.9224549999999,-788.9224549999999,7.99828578205122,9863.644242,9074.721787,-4084.6122697988612,-36,80,240.0,4,-816.9224539597726,-180.0,-32.0,240.0,0.0,-18.786338000000796
p4-refinement-confirmation-round-calibrated-p4-0283-19ed2591f31ae3e7,4,calibrated,broad_joint,confirmation,extreme,combined_cover,mixed_extreme150_after_observable_screen,unresolved,True,True,current,True,0,202.54747399999906,202.54747399999906,-2.00662625796116,10093.931204,10296.478678,567.7373598080521,-55,138,414.0,0,113.54747196161043,-275.0,-50.0,414.0,0.0,0.0
p4-refinement-confirmation-round-calibrated-p4-0283-19ed2591f31ae3e7,4,calibrated,broad_joint,confirmation,extreme,coverage,mixed_extreme150_after_observable_screen,unresolved,True,True,current,True,0,187.50676799999928,187.50676799999928,-1.857618842554569,10093.931204,10281.437972,792.5338309181752,-55,118,354.0,0,158.50676618363468,-275.0,-50.0,354.0,0.0,0.0
p4-refinement-confirmation-round-calibrated-p4-0284-2a62076cbfebdd40,4,calibrated,smoothed_joint,confirmation,correlated,combined_cover,mixed_correlated150_after_observable_screen,unresolved,True,True,current,True,0,-118.27597600000081,-118.27597600000081,1.2738831125387062,9284.680426,9166.40445,158.62010038487642,5,-61,-183.0,0,31.72402007697474,25.0,8.0,-183.0,0.0,0.0
p4-refinement-confirmation-round-calibrated-p4-0284-2a62076cbfebdd40,4,calibrated,smoothed_joint,confirmation,correlated,coverage,mixed_correlated150_after_observable_screen,unresolved,True,True,current,True,0,-1241.964538000001,-1241.964538000001,13.376492038671714,9284.680426,8042.715888,-5219.822703186524,-11,-46,-138.0,0,-1043.9645406373056,-55.0,-5.0,-138.0,0.0,0.0
p4-refinement-confirmation-round-calibrated-p4-0285-d305a0210c756011,4,calibrated,broad_joint,confirmation,correlated,combined_cover,mixed_correlated150_after_observable_screen,unresolved,True,True,current,True,0,-1495.688850999999,-1495.688850999999,13.446693929274499,11123.097312,9627.408461,-4458.444243126396,-72,-58,-174.0,0,-891.6888486252783,-360.0,-70.0,-174.0,0.0,0.0
p4-refinement-confirmation-round-calibrated-p4-0285-d305a0210c756011,4,calibrated,broad_joint,confirmation,correlated,coverage,mixed_correlated150_after_observable_screen,unresolved,True,True,current,True,0,-1940.4172199999994,-1940.4172199999994,17.444936114211707,11123.097312,9182.680092,-6202.086091107398,-72,-90,-270.0,0,-1240.4172182214788,-360.0,-70.0,-270.0,0.0,0.0
p4-refinement-confirmation-round-calibrated-p4-0286-acee44d99bd2f689,4,calibrated,smoothed_joint,confirmation,extreme,combined_cover,mixed_extreme150_after_observable_screen,unresolved,True,True,current,True,0,-1901.5909570000003,-1901.5909570000003,16.69322240820398,11391.395325,9489.804368,-8652.9547773913,-37,15,45.0,0,-1730.5909554782602,-185.0,-31.0,45.0,0.0,0.0
p4-refinement-confirmation-round-calibrated-p4-0286-acee44d99bd2f689,4,calibrated,smoothed_joint,confirmation,extreme,coverage,mixed_extreme150_after_observable_screen,unresolved,True,True,current,True,0,-1210.421886,-1210.421886,10.625756120881531,11391.395325,10180.973439,-6247.109420326022,-37,85,255.0,0,-1249.4218840652047,-185.0,-31.0,255.0,0.0,0.0
p4-refinement-confirmation-round-calibrated-p4-0287-e859caafb8880b08,4,calibrated,broad_joint,confirmation,extreme,combined_cover,mixed_extreme150_after_observable_screen,unresolved,True,True,current,True,0,-1364.4824360000002,-1364.4824360000002,12.836553443107583,10629.6635,9265.181064,-6997.412179456893,-30,69,207.0,-2,-1399.4824358913784,-150.0,-22.0,207.0,0.0,-118.19688399999995
p4-refinement-confirmation-round-calibrated-p4-0287-e859caafb8880b08,4,calibrated,broad_joint,confirmation,extreme,coverage,mixed_extreme150_after_observable_screen,unresolved,True,True,current,True,0,-1440.6028240000014,-1440.6028240000014,13.552666309709629,10629.6635,9189.060676,-7093.01410686945,-30,50,150.0,-2,-1418.60282137389,-150.0,-22.0,150.0,0.0,-119.42151300000114
p4-refinement-confirmation-round-calibrated-p4-0288-ac7c97c9835bdf25,4,calibrated,smoothed_joint,confirmation,correlated,combined_cover,mixed_correlated150_after_observable_screen,unresolved,True,True,current,True,0,-1047.3067120000014,-1047.3067120000014,10.082442090122022,10387.430968,9340.124256,-4161.533554346228,-37,0,0.0,3,-832.3067108692458,-185.0,-30.0,0.0,0.0,-1154.6494160000002
p4-refinement-confirmation-round-calibrated-p4-0288-ac7c97c9835bdf25,4,calibrated,smoothed_joint,confirmation,correlated,coverage,mixed_correlated150_after_observable_screen,unresolved,True,True,current,True,0,-713.702021000001,-713.702021000001,6.870823240112636,10387.430968,9673.728947,-3168.5101107164955,-37,45,135.0,3,-633.7020221432995,-185.0,-30.0,135.0,0.0,-1154.6494160000002
p4-refinement-confirmation-round-calibrated-p4-0289-28b8c668a263f74f,4,calibrated,broad_joint,confirmation,correlated,combined_cover,mixed_correlated150_after_observable_screen,unresolved,True,True,current,True,0,-62.66954000000078,-62.66954000000078,0.6002133205021141,10441.211126,10378.541586,-2063.3477113016706,58,-1,-3.0,-1,-412.6695422603334,290.0,63.0,-3.0,0.0,-3223.435644
p4-refinement-confirmation-round-calibrated-p4-0289-28b8c668a263f74f,4,calibrated,broad_joint,confirmation,correlated,coverage,mixed_correlated150_after_observable_screen,unresolved,True,True,current,True,0,47.434001999999964,47.434001999999964,-0.45429597608540845,10441.211126,10488.645128,-1692.8300103440924,58,11,33.0,-1,-338.5660020688183,290.0,63.0,33.0,0.0,-3223.435644
p4-refinement-confirmation-round-calibrated-p4-0290-5b8b824007c6bbdd,4,calibrated,smoothed_joint,confirmation,extreme,combined_cover,mixed_extreme150_after_observable_screen,unresolved,True,True,current,True,0,-1651.1671139999999,-1651.1671139999999,16.543913160414892,9980.511249,8329.344135,-5510.83556763253,-86,-13,-39.0,2,-1102.167113526506,-430.0,-80.0,-39.0,0.0,-1569.8860260000001
p4-refinement-confirmation-round-calibrated-p4-0290-5b8b824007c6bbdd,4,calibrated,smoothed_joint,confirmation,extreme,coverage,mixed_extreme150_after_observable_screen,unresolved,True,True,current,True,0,-994.5728039999995,-994.5728039999995,9.965148870501508,9980.511249,8985.938445,-3307.8640178136484,-86,59,177.0,2,-661.5728035627299,-430.0,-80.0,177.0,0.0,-1571.3225729999995
p4-refinement-confirmation-round-calibrated-p4-0291-21c48807d8e754b9,4,calibrated,broad_joint,confirmation,extreme,combined_cover,mixed_extreme150_after_observable_screen,unresolved,True,True,current,True,0,-2932.371653,-2932.371653,26.222923579393537,11182.474159,8250.102506,-12416.858256651423,-36,-81,-243.0,-1,-2483.3716513302843,-180.0,-26.0,-243.0,0.0,381.96131199999945
p4-refinement-confirmation-round-calibrated-p4-0291-21c48807d8e754b9,4,calibrated,broad_joint,confirmation,extreme,coverage,mixed_extreme150_after_observable_screen,unresolved,True,True,current,True,0,-2972.153387999999,-2972.153387999999,26.578674323230324,11182.474159,8210.320771,-12570.766921310224,-36,-84,-252.0,-1,-2514.153384262044,-180.0,-26.0,-252.0,0.0,378.7279500000004
p4-refinement-confirmation-round-calibrated-p4-0292-4217d02854df7fdf,4,calibrated,smoothed_joint,confirmation,correlated,combined_cover,mixed_correlated150_after_observable_screen,unresolved,True,True,current,True,0,-3610.54817,-3610.54817,28.73956326346364,12562.988995,8952.440825,-12887.740864940635,-53,-240,-720.0,0,-2577.5481729881267,-265.0,-48.0,-720.0,0.0,0.0
p4-refinement-confirmation-round-calibrated-p4-0292-4217d02854df7fdf,4,calibrated,smoothed_joint,confirmation,correlated,coverage,mixed_correlated150_after_observable_screen,unresolved,True,True,current,True,0,-3434.911838,-3434.911838,27.34151752713527,12562.988995,9128.077157,-12339.559192293862,-53,-218,-654.0,0,-2467.911838458772,-265.0,-48.0,-654.0,0.0,0.0
p4-refinement-confirmation-round-calibrated-p4-0293-f6439ecdcc3f8e66,4,calibrated,broad_joint,confirmation,correlated,combined_cover,mixed_correlated150_after_observable_screen,unresolved,True,True,current,True,0,-1020.1516819999997,-1020.1516819999997,10.838674738590562,9412.144073,8391.992391,-4085.7584142704436,-33,-4,-12.0,-2,-817.1516828540889,-165.0,-26.0,-12.0,0.0,-3379.4778099999994
p4-refinement-confirmation-round-calibrated-p4-0293-f6439ecdcc3f8e66,4,calibrated,broad_joint,confirmation,correlated,coverage,mixed_correlated150_after_observable_screen,unresolved,True,True,current,True,0,-1031.5330859999995,-1031.5330859999995,10.959597281974155,9412.144073,8380.610987,-4157.665424297236,-33,-3,-9.0,-2,-831.5330848594467,-165.0,-26.0,-9.0,0.0,-3379.4778099999994
p4-refinement-confirmation-round-calibrated-p4-0294-8d4d59ae56b2f049,4,calibrated,smoothed_joint,confirmation,extreme,combined_cover,mixed_extreme150_after_observable_screen,unresolved,True,True,current,True,0,431.1319889999995,431.1319889999995,-4.836190224679805,8914.702875,9345.834864,2090.6599453922754,12,-20,-60.0,2,418.13198907845435,60.0,13.0,-60.0,0.0,0.0
p4-refinement-confirmation-round-calibrated-p4-0294-8d4d59ae56b2f049,4,calibrated,smoothed_joint,confirmation,extreme,coverage,mixed_extreme150_after_observable_screen,unresolved,True,True,current,True,0,528.1520949999995,528.1520949999995,-5.924505868626602,8914.702875,9442.85497,2425.7604800062836,12,-10,-30.0,2,485.1520960012567,60.0,13.0,-30.0,0.0,0.0
p4-refinement-confirmation-round-calibrated-p4-0295-8bd0f74c69357aa8,4,calibrated,broad_joint,confirmation,extreme,combined_cover,mixed_extreme150_after_observable_screen,unresolved,True,True,current,True,0,-2030.463506,-2030.463506,19.512058483405767,10406.19834,8375.734834,-7262.317520259934,-43,-109,-327.0,-3,-1452.463504051987,-215.0,-36.0,-327.0,0.0,-3475.8162630000006
p4-refinement-confirmation-round-calibrated-p4-0295-8bd0f74c69357aa8,4,calibrated,broad_joint,confirmation,extreme,coverage,mixed_extreme150_after_observable_screen,unresolved,True,True,current,True,0,-1582.8213060000016,-1582.8213060000016,15.210370341643914,10406.19834,8823.377034,-5849.106528785072,-43,-54,-162.0,-3,-1169.8213057570147,-215.0,-36.0,-162.0,0.0,-3475.8162630000006
p4-refinement-confirmation-round-calibrated-p4-0296-a8dc4ba48d3e451e,4,calibrated,smoothed_joint,confirmation,correlated,combined_cover,mixed_correlated150_after_observable_screen,unresolved,True,True,current,True,0,-1981.0399980000002,-1981.0399980000002,17.75943415060536,11154.859897,9173.819899,-7090.199989211498,-62,-66,-198.0,1,-1418.0399978422993,-310.0,-55.0,-198.0,0.0,-1003.7622270000011
p4-refinement-confirmation-round-calibrated-p4-0296-a8dc4ba48d3e451e,4,calibrated,smoothed_joint,confirmation,correlated,coverage,mixed_correlated150_after_observable_screen,unresolved,True,True,current,True,0,-1527.1662799999995,-1527.1662799999995,13.69059131267724,11154.859897,9627.693617,-5255.831403527525,-62,-37,-111.0,1,-1051.1662807055054,-310.0,-55.0,-111.0,0.0,-1003.7622270000011
p4-refinement-confirmation-round-calibrated-p4-0297-d51a7b2043ce227d,4,calibrated,broad_joint,confirmation,correlated,combined_cover,mixed_correlated150_after_observable_screen,unresolved,True,True,current,True,0,-1170.349792000001,-1170.349792000001,11.74557797532351,9964.173704,8793.823912,-5001.748966006067,-47,35,105.0,0,-1000.3497932012133,-235.0,-40.0,105.0,0.0,-2012.408655000001
p4-refinement-confirmation-round-calibrated-p4-0297-d51a7b2043ce227d,4,calibrated,broad_joint,confirmation,correlated,coverage,mixed_correlated150_after_observable_screen,unresolved,True,True,current,True,0,-1070.4107060000006,-1070.4107060000006,10.74259379450899,9964.173704,8893.762998,-4517.05354322624,-47,36,108.0,0,-903.4107086452477,-235.0,-40.0,108.0,0.0,-2008.7141770000007
p4-refinement-confirmation-round-calibrated-p4-0298-24a1e94cad400add,4,calibrated,smoothed_joint,confirmation,extreme,combined_cover,mixed_extreme150_after_observable_screen,unresolved,True,True,current,True,0,-1339.2803080000012,-1339.2803080000012,13.116620534562358,10210.559225,8871.278917,-6266.401529893425,-4,-23,-69.0,-3,-1253.2803059786847,-20.0,3.0,-69.0,0.0,-1803.4655470000016
p4-refinement-confirmation-round-calibrated-p4-0298-24a1e94cad400add,4,calibrated,smoothed_joint,confirmation,extreme,coverage,mixed_extreme150_after_observable_screen,unresolved,True,True,current,True,0,-1089.278432000001,-1089.278432000001,10.66815644468289,10210.559225,9121.280793,-5406.392161416574,-4,3,9.0,-3,-1081.278432283314,-20.0,3.0,9.0,0.0,-1803.4655470000016
p4-refinement-confirmation-round-calibrated-p4-0299-55444c2c5c85af84,4,calibrated,broad_joint,confirmation,extreme,combined_cover,mixed_extreme150_after_observable_screen,unresolved,True,True,current,True,0,-1486.2374920000002,-1486.2374920000002,13.819453210766522,10754.676537,9268.439045,-6236.1874629167505,-42,1,3.0,-3,-1247.23749258335,-210.0,-32.0,3.0,0.0,0.0
p4-refinement-confirmation-round-calibrated-p4-0299-55444c2c5c85af84,4,calibrated,broad_joint,confirmation,extreme,coverage,mixed_extreme150_after_observable_screen,unresolved,True,True,current,True,0,-1299.7318579999992,-1299.7318579999992,12.08527149587855,10754.676537,9454.944679,-5648.65928872284,-42,24,72.0,-3,-1129.7318577445685,-210.0,-32.0,72.0,0.0,0.0
p4-refinement-confirmation-round-calibrated-p4-0300-8b2672ba348e6283,4,calibrated,smoothed_joint,confirmation,correlated,combined_cover,mixed_correlated150_after_observable_screen,unresolved,True,True,current,True,0,-2489.270539000001,-2489.270539000001,19.4180688088252,12819.351726,10330.081187,-9911.35271170958,-30,-111,-333.0,1,-1982.2705423419156,-150.0,-24.0,-333.0,0.0,0.0
p4-refinement-confirmation-round-calibrated-p4-0300-8b2672ba348e6283,4,calibrated,smoothed_joint,confirmation,correlated,coverage,mixed_correlated150_after_observable_screen,unresolved,True,True,current,True,0,-2262.7591350000002,-2262.7591350000002,17.651119833233913,12819.351726,10556.592591,-9003.795694746274,-30,-96,-288.0,1,-1800.7591389492554,-150.0,-24.0,-288.0,0.0,0.0
p4-refinement-confirmation-round-calibrated-p4-0301-e1f0573b66423e7f,4,calibrated,broad_joint,confirmation,correlated,combined_cover,mixed_correlated150_after_observable_screen,unresolved,True,True,current,True,0,-2138.3063600000005,-2138.3063600000005,19.110441134226512,11189.204608,9050.898248,-8956.531797115946,-21,-76,-228.0,0,-1791.3063594231899,-105.0,-14.0,-228.0,0.0,0.0
p4-refinement-confirmation-round-calibrated-p4-0301-e1f0573b66423e7f,4,calibrated,broad_joint,confirmation,correlated,coverage,mixed_correlated150_after_observable_screen,unresolved,True,True,current,True,0,-2230.7009560000006,-2230.7009560000006,19.93618880116917,11189.204608,8958.503652,-9493.504757660368,-21,-71,-213.0,0,-1898.7009515320742,-105.0,-14.0,-213.0,0.0,0.0
p4-refinement-confirmation-round-calibrated-p4-0302-1b91a6cc812d2573,4,calibrated,smoothed_joint,confirmation,extreme,combined_cover,mixed_extreme150_after_observable_screen,unresolved,True,True,current,True,0,-1237.4751539999997,-1237.4751539999997,11.920452880396555,10381.108557,9143.633403,-4252.375769783561,-56,-18,-54.0,0,-850.4751539567114,-280.0,-53.0,-54.0,0.0,0.0
p4-refinement-confirmation-round-calibrated-p4-0302-1b91a6cc812d2573,4,calibrated,smoothed_joint,confirmation,extreme,coverage,mixed_extreme150_after_observable_screen,unresolved,True,True,current,True,0,-1097.8833479999994,-1097.8833479999994,10.575781401107637,10381.108557,9283.225209,-3764.416744293376,-56,-4,-12.0,0,-752.8833488586743,-280.0,-53.0,-12.0,0.0,0.0
p4-refinement-confirmation-round-calibrated-p4-0303-6b4c92d70d441494,4,calibrated,broad_joint,confirmation,extreme,combined_cover,mixed_extreme150_after_observable_screen,unresolved,True,True,current,True,0,-2176.335577,-2176.335577,18.026297948396316,12073.11442,9896.778843,-8161.677885138772,-75,-33,-99.0,-1,-1632.335577027754,-375.0,-70.0,-99.0,0.0,0.0
p4-refinement-confirmation-round-calibrated-p4-0303-6b4c92d70d441494,4,calibrated,broad_joint,confirmation,extreme,coverage,mixed_extreme150_after_observable_screen,unresolved,True,True,current,True,0,-1904.7927330000002,-1904.7927330000002,15.777144709608413,12073.11442,10168.321687,-7133.96366830988,-75,-11,-33.0,-1,-1426.792733661975,-375.0,-70.0,-33.0,0.0,0.0
p4-refinement-confirmation-round-calibrated-p4-0304-ba1c619c4d926675,4,calibrated,smoothed_joint,confirmation,correlated,combined_cover,mixed_correlated150_after_observable_screen,unresolved,True,True,current,True,0,-564.0251430000008,-564.0251430000008,5.713741016145031,9871.380964,9307.355821,-1410.1256973663258,-42,-12,-36.0,-1,-282.02513947326497,-210.0,-36.0,-36.0,0.0,-3243.353484
p4-refinement-confirmation-round-calibrated-p4-0304-ba1c619c4d926675,4,calibrated,smoothed_joint,confirmation,correlated,coverage,mixed_correlated150_after_observable_screen,unresolved,True,True,current,True,0,-675.8854049999991,-675.8854049999991,6.846918455126895,9871.380964,9195.495559,-1789.426995170521,-42,-24,-72.0,-1,-357.885399034104,-210.0,-36.0,-72.0,0.0,-3243.353484
p4-refinement-confirmation-round-calibrated-p4-0305-be1faa1971ceff14,4,calibrated,broad_joint,confirmation,correlated,combined_cover,mixed_correlated150_after_observable_screen,unresolved,True,True,current,True,0,-2207.794292999999,-2207.794292999999,19.81369679822505,11142.768134,8934.973841,-8688.971470723096,-85,11,33.0,-2,-1737.79429414462,-425.0,-78.0,33.0,0.0,0.0
p4-refinement-confirmation-round-calibrated-p4-0305-be1faa1971ceff14,4,calibrated,broad_joint,confirmation,correlated,coverage,mixed_correlated150_after_observable_screen,unresolved,True,True,current,True,0,-1428.1537019999996,-1428.1537019999996,12.816866373107638,11142.768134,9714.614432,-5915.768519293662,-85,86,258.0,-2,-1183.153703858733,-425.0,-78.0,258.0,0.0,0.0
p4-refinement-confirmation-round-calibrated-p4-0306-2c3516eeccb6af4f,4,calibrated,smoothed_joint,confirmation,extreme,combined_cover,mixed_extreme150_after_observable_screen,unresolved,True,True,current,True,0,-477.07574699999896,-477.07574699999896,4.487651517901498,10630.855473,10153.779726,-2935.3787329590414,22,-9,-27.0,2,-587.0757465918086,110.0,27.0,-27.0,0.0,0.0
p4-refinement-confirmation-round-calibrated-p4-0306-2c3516eeccb6af4f,4,calibrated,smoothed_joint,confirmation,extreme,coverage,mixed_extreme150_after_observable_screen,unresolved,True,True,current,True,0,-127.44454099999894,-127.44454099999894,1.1988173606882309,10630.855473,10503.410932,-1697.2227051340087,22,25,75.0,2,-339.44454102680174,110.0,27.0,75.0,0.0,0.0
p4-refinement-confirmation-round-calibrated-p4-0307-f70109fae8f55530,4,calibrated,broad_joint,confirmation,extreme,combined_cover,mixed_extreme150_after_observable_screen,unresolved,True,True,current,True,0,-908.9772970000013,-908.9772970000013,9.40025581378226,9669.708091,8760.730794,-3599.8864795529953,-38,12,36.0,3,-719.9772959105994,-190.0,-35.0,36.0,0.0,-1740.8337680000004
p4-refinement-confirmation-round-calibrated-p4-0307-f70109fae8f55530,4,calibrated,broad_joint,confirmation,extreme,coverage,mixed_extreme150_after_observable_screen,unresolved,True,True,current,True,0,-883.5266030000003,-883.5266030000003,9.137055583118741,9669.708091,8786.181488,-3502.6330126767352,-38,14,42.0,3,-700.5266025353476,-190.0,-35.0,42.0,0.0,-1740.8337680000004
p4-refinement-confirmation-round-calibrated-p4-0308-4aba55b6f4009b56,4,calibrated,smoothed_joint,confirmation,correlated,combined_cover,mixed_correlated150_after_observable_screen,unresolved,True,True,current,True,0,-1126.9790080000002,-1126.9790080000002,9.98593837964426,11285.659546,10158.680538,-7014.895063250384,-4,98,294.0,2,-1402.9790126500757,-20.0,2.0,294.0,0.0,0.0
p4-refinement-confirmation-round-calibrated-p4-0308-4aba55b6f4009b56,4,calibrated,smoothed_joint,confirmation,correlated,coverage,mixed_correlated150_after_observable_screen,unresolved,True,True,current,True,0,-1211.7867270000006,-1211.7867270000006,10.737402825778991,11285.659546,10073.872819,-7033.933649828781,-4,71,213.0,2,-1406.7867299657555,-20.0,2.0,213.0,0.0,0.0
p4-refinement-confirmation-round-calibrated-p4-0309-9e3f513d1e7ad8e8,4,calibrated,broad_joint,confirmation,correlated,combined_cover,mixed_correlated150_after_observable_screen,unresolved,True,True,current,True,0,-1608.9817270000003,-1608.9817270000003,12.845270373790576,12525.868901,10916.887174,-7874.908642266091,7,-27,-81.0,0,-1574.9817284532182,35.0,12.0,-81.0,0.0,0.0
p4-refinement-confirmation-round-calibrated-p4-0309-9e3f513d1e7ad8e8,4,calibrated,broad_joint,confirmation,correlated,coverage,mixed_correlated150_after_observable_screen,unresolved,True,True,current,True,0,-732.0753079999995,-732.0753079999995,5.844507185777383,12525.868901,11793.793593,-4660.376548654298,7,51,153.0,0,-932.0753097308607,35.0,12.0,153.0,0.0,0.0
p4-refinement-confirmation-round-calibrated-p4-0310-6ce93fbf62813aa2,4,calibrated,smoothed_joint,confirmation,extreme,combined_cover,mixed_extreme150_after_observable_screen,unresolved,True,True,current,True,0,-2170.5426499999994,-2170.5426499999994,18.628851397441775,11651.510894,9480.968244,-8007.713261051518,-76,-39,-117.0,-2,-1601.5426522103035,-380.0,-72.0,-117.0,0.0,0.0
p4-refinement-confirmation-round-calibrated-p4-0310-6ce93fbf62813aa2,4,calibrated,smoothed_joint,confirmation,extreme,coverage,mixed_extreme150_after_observable_screen,unresolved,True,True,current,True,0,-2138.3633979999995,-2138.3633979999995,18.352670460113117,11651.510894,9513.147496,-7621.8169995637945,-76,-54,-162.0,-2,-1524.3633999127587,-380.0,-72.0,-162.0,0.0,0.0
p4-refinement-confirmation-round-calibrated-p4-0311-5639e55a574be624,4,calibrated,broad_joint,confirmation,extreme,combined_cover,mixed_extreme150_after_observable_screen,unresolved,True,True,current,True,0,-2949.1349680000003,-2949.1349680000003,25.518865053842475,11556.685463,8607.550495,-12090.674852750766,-37,-105,-315.0,-3,-2418.1349705501534,-185.0,-31.0,-315.0,0.0,214.24436799999967
p4-refinement-confirmation-round-calibrated-p4-0311-5639e55a574be624,4,calibrated,broad_joint,confirmation,extreme,coverage,mixed_extreme150_after_observable_screen,unresolved,True,True,current,True,0,-3069.7834330000005,-3069.7834330000005,26.5628362286769,11556.685463,8486.90203,-12453.91718536467,-37,-121,-363.0,-3,-2490.7834370729342,-185.0,-31.0,-363.0,0.0,214.24436799999967
p4-refinement-confirmation-round-calibrated-p4-0312-65212abf754f4c53,4,calibrated,smoothed_joint,confirmation,correlated,combined_cover,mixed_correlated150_after_observable_screen,unresolved,True,True,current,True,0,-578.7831930000011,-578.7831930000011,5.328202467203749,10862.63513,10283.851937,-2028.9159776074157,-66,73,219.0,-1,-405.7831955214824,-330.0,-62.0,219.0,0.0,0.0
p4-refinement-confirmation-round-calibrated-p4-0312-65212abf754f4c53,4,calibrated,smoothed_joint,confirmation,correlated,coverage,mixed_correlated150_after_observable_screen,unresolved,True,True,current,True,0,-1225.7281670000011,-1225.7281670000011,11.283893386189812,10862.63513,9636.906963,-3898.640845833099,-66,-18,-54.0,-1,-779.7281691666194,-330.0,-62.0,-54.0,0.0,0.0
p4-refinement-confirmation-round-calibrated-p4-0313-87d3106022b31a7a,4,calibrated,broad_joint,confirmation,correlated,combined_cover,mixed_correlated150_after_observable_screen,unresolved,True,True,current,True,0,-1054.9233189999995,-1054.9233189999995,9.64135247396945,10941.652863,9886.729544,-4069.616596124448,-79,76,228.0,-2,-813.9233192248903,-395.0,-74.0,228.0,0.0,0.0
p4-refinement-confirmation-round-calibrated-p4-0313-87d3106022b31a7a,4,calibrated,broad_joint,confirmation,correlated,coverage,mixed_correlated150_after_observable_screen,unresolved,True,True,current,True,0,-976.6150809999999,-976.6150809999999,8.925663181131393,10941.652863,9965.037782,-3768.0754137459153,-79,82,246.0,-2,-753.6150827491838,-395.0,-74.0,246.0,0.0,0.0
p4-refinement-confirmation-round-calibrated-p4-0314-5688dba7c733a3b3,4,calibrated,smoothed_joint,confirmation,extreme,combined_cover,mixed_extreme150_after_observable_screen,unresolved,True,True,current,True,0,-1450.647409000001,-1450.647409000001,14.557942005238257,9964.64616,8513.998751,-5493.237047071772,-61,3,9.0,1,-1098.6474094143541,-305.0,-56.0,9.0,0.0,-826.4185900000011
p4-refinement-confirmation-round-calibrated-p4-0314-5688dba7c733a3b3,4,calibrated,smoothed_joint,confirmation,extreme,coverage,mixed_extreme150_after_observable_screen,unresolved,True,True,current,True,0,-1225.144389000001,-1225.144389000001,12.29491112206237,9964.64616,8739.501771,-4710.721933429675,-61,26,78.0,1,-942.1443866859345,-305.0,-56.0,78.0,0.0,-826.4185900000011
p4-refinement-confirmation-round-calibrated-p4-0315-7d6ddffd950f8c84,4,calibrated,broad_joint,confirmation,extreme,combined_cover,mixed_extreme150_after_observable_screen,unresolved,True,True,current,True,0,-2205.480019999999,-2205.480019999999,19.490315059473094,11315.774082,9110.294062,-8707.400118843376,-66,-25,-75.0,2,-1741.480023768675,-330.0,-59.0,-75.0,0.0,0.0
p4-refinement-confirmation-round-calibrated-p4-0315-7d6ddffd950f8c84,4,calibrated,broad_joint,confirmation,extreme,coverage,mixed_extreme150_after_observable_screen,unresolved,True,True,current,True,0,-1566.5946810000005,-1566.5946810000005,13.844343918919188,11315.774082,9749.179401,-6397.9734079840055,-66,34,102.0,2,-1279.594681596801,-330.0,-59.0,102.0,0.0,0.0
p4-refinement-confirmation-round-calibrated-p4-0316-b6a694de3424c120,4,calibrated,smoothed_joint,confirmation,correlated,combined_cover,mixed_correlated150_after_observable_screen,unresolved,True,True,current,True,0,-2159.5121820000004,-2159.5121820000004,19.103857222969676,11304.06366,9144.551478,-8917.560908529646,-23,-80,-240.0,2,-1783.5121817059298,-115.0,-21.0,-240.0,0.0,0.0
p4-refinement-confirmation-round-calibrated-p4-0316-b6a694de3424c120,4,calibrated,smoothed_joint,confirmation,correlated,coverage,mixed_correlated150_after_observable_screen,unresolved,True,True,current,True,0,-1681.954002999999,-1681.954002999999,14.87919790253551,11304.06366,9622.109657,-7234.770016135692,-23,-33,-99.0,2,-1446.9540032271389,-115.0,-21.0,-99.0,0.0,0.0
p4-refinement-confirmation-round-calibrated-p4-0317-0b6b8f5211fb06c7,4,calibrated,broad_joint,confirmation,correlated,combined_cover,mixed_correlated150_after_observable_screen,unresolved,True,True,current,True,0,-1975.3708159999987,-1975.3708159999987,19.16764799555828,10305.754866,8330.38405,-7041.854090321747,-88,-15,-45.0,-1,-1408.3708180643498,-440.0,-82.0,-45.0,0.0,98.99628700000176
p4-refinement-confirmation-round-calibrated-p4-0317-0b6b8f5211fb06c7,4,calibrated,broad_joint,confirmation,correlated,coverage,mixed_correlated150_after_observable_screen,unresolved,True,True,current,True,0,-1843.1893359999995,-1843.1893359999995,17.88504927553552,10305.754866,8462.56553,-6590.946695624309,-88,-1,-3.0,-1,-1318.1893391248623,-440.0,-82.0,-3.0,0.0,97.56734400000096
p4-refinement-confirmation-round-calibrated-p4-0318-3ecd0177bd7ab9f5,4,calibrated,smoothed_joint,confirmation,extreme,combined_cover,mixed_extreme150_after_observable_screen,unresolved,True,True,current,True,0,-2114.653350999999,-2114.653350999999,18.083713132938083,11693.689982,9579.036631,-9388.266754401891,-3,-74,-222.0,-4,-1877.6533508803777,-15.0,0.0,-222.0,0.0,0.0
p4-refinement-confirmation-round-calibrated-p4-0318-3ecd0177bd7ab9f5,4,calibrated,smoothed_joint,confirmation,extreme,coverage,mixed_extreme150_after_observable_screen,unresolved,True,True,current,True,0,-2045.374733999999,-2045.374733999999,17.4912686854913,11693.689982,9648.315248,-9191.873657527998,-3,-64,-192.0,-4,-1838.374731505599,-15.0,0.0,-192.0,0.0,0.0
p4-refinement-confirmation-round-calibrated-p4-0319-eb320306b824ffd3,4,calibrated,broad_joint,confirmation,extreme,combined_cover,mixed_extreme150_after_observable_screen,unresolved,True,True,current,True,0,-1242.3909650000005,-1242.3909650000005,11.41315409357205,10885.605809,9643.214844,-2941.954827131107,-74,-72,-216.0,-3,-588.3909654262216,-370.0,-68.0,-216.0,0.0,0.0
p4-refinement-confirmation-round-calibrated-p4-0319-eb320306b824ffd3,4,calibrated,broad_joint,confirmation,extreme,coverage,mixed_extreme150_after_observable_screen,unresolved,True,True,current,True,0,-1160.6519939999998,-1160.6519939999998,10.66226367521407,10885.605809,9724.953815,-2443.2599755257397,-74,-78,-234.0,-3,-488.65199510514867,-370.0,-68.0,-234.0,0.0,0.0
p4-refinement-confirmation-round-stress-p4-0000-b9c30f00a3360c9c,4,stress,stress_design,confirmation,deterministic,combined_cover,assumption__radius_min__noise_deterministic__scale_75,broad_or_stress_assumption,True,True,current,True,0,-1533.2807319999993,-1533.2807319999993,14.690791362207989,10437.019315,8903.738583,-5426.403656529161,-64,-24,-72.0,3,-1085.280731305832,-320.0,-56.0,-72.0,0.0,0.0
p4-refinement-confirmation-round-stress-p4-0000-b9c30f00a3360c9c,4,stress,stress_design,confirmation,deterministic,coverage,assumption__radius_min__noise_deterministic__scale_75,broad_or_stress_assumption,True,True,current,True,0,-1002.2936360000003,-1002.2936360000003,9.603255544037482,10437.019315,9434.725679,-3731.4681726307026,-64,40,120.0,3,-746.2936345261405,-320.0,-56.0,120.0,0.0,0.0
p4-refinement-confirmation-round-stress-p4-0001-acb8d73c2a8ce3a3,4,stress,stress_design,confirmation,correlated,combined_cover,assumption__radius_min__noise_correlated__scale_75,broad_or_stress_assumption,True,True,current,True,0,-2078.1536539999997,-2078.1536539999997,18.985146766714568,10946.207999,8868.054345,-8050.7682887614465,-74,-10,-30.0,-1,-1610.1536577522893,-370.0,-68.0,-30.0,0.0,0.0
p4-refinement-confirmation-round-stress-p4-0001-acb8d73c2a8ce3a3,4,stress,stress_design,confirmation,correlated,coverage,assumption__radius_min__noise_correlated__scale_75,broad_or_stress_assumption,True,True,current,True,0,-1945.0399749999997,-1945.0399749999997,17.76907560296397,10946.207999,9001.168024,-7625.19989999738,-74,6,18.0,-1,-1525.0399799994757,-370.0,-68.0,18.0,0.0,0.0
p4-refinement-confirmation-round-stress-p4-0002-3e5631459620fbfd,4,stress,stress_design,confirmation,extreme,combined_cover,assumption__radius_min__noise_extreme__scale_75,broad_or_stress_assumption,True,True,current,True,0,-227.13288999999986,-227.13288999999986,3.852307005344448,5896.022557,5668.889667,-1125.664451517012,4,-8,-24.0,1,-225.13289030340275,20.0,2.0,-24.0,0.0,0.0
p4-refinement-confirmation-round-stress-p4-0002-3e5631459620fbfd,4,stress,stress_design,confirmation,extreme,coverage,assumption__radius_min__noise_extreme__scale_75,broad_or_stress_assumption,True,True,current,True,0,-168.89019999999982,-168.89019999999982,2.8644768293751937,5896.022557,5727.132357,-939.4509998837784,4,-1,-3.0,1,-187.89019997675587,20.0,2.0,-3.0,0.0,0.0
p4-refinement-confirmation-round-stress-p4-0003-04d6724a60ef99d3,4,stress,stress_design,confirmation,deterministic,combined_cover,assumption__radius_max__noise_deterministic__scale_75,broad_or_stress_assumption,True,True,current,True,0,-728.4720779999989,-728.4720779999989,7.031376404030446,10360.305524,9631.833446,-2447.360408271328,-33,-15,-45.0,-1,-489.4720816542658,-165.0,-29.0,-45.0,0.0,-1109.6713849999996
p4-refinement-confirmation-round-stress-p4-0003-04d6724a60ef99d3,4,stress,stress_design,confirmation,deterministic,coverage,assumption__radius_max__noise_deterministic__scale_75,broad_or_stress_assumption,True,True,current,True,0,-610.8359490000003,-610.8359490000003,5.89592601863891,10360.305524,9749.469575,-2069.1797761261478,-33,-1,-3.0,-1,-413.83595522522955,-165.0,-29.0,-3.0,0.0,-1109.6713849999996
p4-refinement-confirmation-round-stress-p4-0004-be5f7df2a1029cd5,4,stress,stress_design,confirmation,correlated,combined_cover,assumption__radius_max__noise_correlated__scale_75,broad_or_stress_assumption,True,True,current,True,0,-980.1041580000001,-980.1041580000001,10.879141423692735,9009.021207,8028.917049,-3985.520777309619,-34,5,15.0,2,-797.1041554619242,-170.0,-28.0,15.0,0.0,-3577.267648
p4-refinement-confirmation-round-stress-p4-0004-be5f7df2a1029cd5,4,stress,stress_design,confirmation,correlated,coverage,assumption__radius_max__noise_correlated__scale_75,broad_or_stress_assumption,True,True,current,True,0,-944.9147400000002,-944.9147400000002,10.488539412758874,9009.021207,8064.106467,-3869.573682934977,-34,9,27.0,2,-773.9147365869958,-170.0,-28.0,27.0,0.0,-3577.267648
p4-refinement-confirmation-round-stress-p4-0005-ee88307e18f9acb1,4,stress,stress_design,confirmation,extreme,combined_cover,assumption__radius_max__noise_extreme__scale_75,broad_or_stress_assumption,True,True,current,True,0,-1721.5450610000007,-1721.5450610000007,17.277427607425338,9964.128342,8242.583281,-7312.725304789936,-38,-12,-36.0,1,-1462.5450609579875,-190.0,-33.0,-36.0,0.0,1863.954427999999
p4-refinement-confirmation-round-stress-p4-0005-ee88307e18f9acb1,4,stress,stress_design,confirmation,extreme,coverage,assumption__radius_max__noise_extreme__scale_75,broad_or_stress_assumption,True,True,current,True,0,-1523.8916649999992,-1523.8916649999992,15.293777967277004,9964.128342,8440.236677,-6564.45831804489,-38,4,12.0,1,-1312.891663608978,-190.0,-33.0,12.0,0.0,1861.4430500000008
p4-refinement-confirmation-round-stress-p4-0006-59a56dcc60705ca9,4,stress,stress_design,confirmation,deterministic,combined_cover,assumption__radius_mixed__noise_deterministic__scale_75,broad_or_stress_assumption,True,True,current,True,0,-3184.428339,-3184.428339,27.113394500052415,11744.853043,8560.424704,-14732.141701332577,-21,-40,-120.0,-2,-2946.428340266516,-105.0,-13.0,-120.0,0.0,728.7696229999992
p4-refinement-confirmation-round-stress-p4-0006-59a56dcc60705ca9,4,stress,stress_design,confirmation,deterministic,coverage,assumption__radius_mixed__noise_deterministic__scale_75,broad_or_stress_assumption,True,True,current,True,0,-3069.2301939999998,-3069.2301939999998,26.132555109570138,11744.853043,8675.622849,-14336.150959014129,-21,-28,-84.0,-2,-2867.230191802826,-105.0,-13.0,-84.0,0.0,727.3223679999992
p4-refinement-confirmation-round-stress-p4-0007-45a33ff5aeeef749,4,stress,stress_design,confirmation,correlated,combined_cover,assumption__radius_mixed__noise_correlated__scale_75,broad_or_stress_assumption,True,True,current,True,0,-1237.080109999999,-1237.080109999999,11.648375879857957,10620.193946,9383.113836,-5670.400571809987,-64,91,273.0,-1,-1134.0801143619974,-320.0,-56.0,273.0,0.0,0.0
p4-refinement-confirmation-round-stress-p4-0007-45a33ff5aeeef749,4,stress,stress_design,confirmation,correlated,coverage,assumption__radius_mixed__noise_correlated__scale_75,broad_or_stress_assumption,True,True,current,True,0,-1709.1967059999988,-1709.1967059999988,16.093837030572804,10620.193946,8910.99724,-7145.983546940242,-64,32,96.0,-1,-1429.1967093880485,-320.0,-56.0,96.0,0.0,0.0
p4-refinement-confirmation-round-stress-p4-0008-0565314419705054,4,stress,stress_design,confirmation,extreme,combined_cover,assumption__radius_mixed__noise_extreme__scale_75,broad_or_stress_assumption,True,True,current,True,0,-1783.169065,-1783.169065,17.844966327043167,9992.560548,8209.391483,-7660.845310182434,-41,-3,-9.0,1,-1532.1690620364861,-205.0,-37.0,-9.0,0.0,0.0
p4-refinement-confirmation-round-stress-p4-0008-0565314419705054,4,stress,stress_design,confirmation,extreme,coverage,assumption__radius_mixed__noise_extreme__scale_75,broad_or_stress_assumption,True,True,current,True,0,-1794.2430029999996,-1794.2430029999996,17.955788152408196,9992.560548,8198.317545,-7686.215007195482,-41,-5,-15.0,1,-1537.2430014390957,-205.0,-37.0,-15.0,0.0,0.0
p4-refinement-confirmation-round-stress-p4-0009-7d06dca9bd97c729,4,stress,stress_design,confirmation,deterministic,combined_cover,assumption__radius_min__noise_deterministic__scale_150,broad_or_stress_assumption,True,True,current,True,0,-2078.5264910000005,-2078.5264910000005,19.166195367999187,10844.752707,8766.226216,-9022.632477062281,-33,-27,-81.0,0,-1804.526495412456,-165.0,-28.0,-81.0,0.0,0.0
p4-refinement-confirmation-round-stress-p4-0009-7d06dca9bd97c729,4,stress,stress_design,confirmation,deterministic,coverage,assumption__radius_min__noise_deterministic__scale_150,broad_or_stress_assumption,True,True,current,True,0,-1951.306204999999,-1951.306204999999,17.993090831296527,10844.752707,8893.446502,-8656.531046313052,-33,-9,-27.0,0,-1731.3062092626096,-165.0,-28.0,-27.0,0.0,0.0
p4-refinement-confirmation-round-stress-p4-0010-b7fbcdcc204eeb50,4,stress,stress_design,confirmation,correlated,combined_cover,assumption__radius_min__noise_correlated__scale_150,broad_or_stress_assumption,True,True,current,True,0,-230.75780900000063,-230.75780900000063,2.291829425659465,10068.716564,9837.958755,-1488.789033950423,-61,143,429.0,2,-297.75780679008403,-305.0,-57.0,429.0,0.0,-1480.3648780000003
p4-refinement-confirmation-round-stress-p4-0010-b7fbcdcc204eeb50,4,stress,stress_design,confirmation,correlated,coverage,assumption__radius_min__noise_correlated__scale_150,broad_or_stress_assumption,True,True,current,True,0,-861.0557100000005,-861.0557100000005,8.551792122927024,10068.716564,9207.660854,-3275.2785694140184,-61,52,156.0,2,-655.0557138828035,-305.0,-57.0,156.0,0.0,-1479.5672830000003
p4-refinement-confirmation-round-stress-p4-0011-332e12abb553527c,4,stress,stress_design,confirmation,extreme,combined_cover,assumption__radius_min__noise_extreme__scale_150,broad_or_stress_assumption,True,True,current,True,0,-9.791549999999916,-9.791549999999916,0.10175490553342723,9622.681038,9612.889488,-1113.9577614590744,5,59,177.0,-2,-222.7915522918147,25.0,11.0,177.0,0.0,-3373.4694830000008
p4-refinement-confirmation-round-stress-p4-0011-332e12abb553527c,4,stress,stress_design,confirmation,extreme,coverage,assumption__radius_min__noise_extreme__scale_150,broad_or_stress_assumption,True,True,current,True,0,-337.2805900000003,-337.2805900000003,3.5050583997129086,9622.681038,9285.400448,-2151.4029585145763,5,19,57.0,-2,-430.28059170291544,25.0,11.0,57.0,0.0,-3373.4694830000008
p4-refinement-confirmation-round-stress-p4-0012-e8c6681651760ea5,4,stress,stress_design,confirmation,deterministic,combined_cover,assumption__radius_max__noise_deterministic__scale_150,broad_or_stress_assumption,True,True,current,True,0,-2713.1089570000004,-2713.1089570000004,23.264513701623812,11662.005885,8948.896928,-10860.544811962049,-61,-61,-183.0,-1,-2172.108962392409,-305.0,-53.0,-183.0,0.0,0.0
p4-refinement-confirmation-round-stress-p4-0012-e8c6681651760ea5,4,stress,stress_design,confirmation,deterministic,coverage,assumption__radius_max__noise_deterministic__scale_150,broad_or_stress_assumption,True,True,current,True,0,-2389.7136740000005,-2389.7136740000005,20.491446304908123,11662.005885,9272.292211,-9798.568393613292,-61,-24,-72.0,-1,-1959.7136787226573,-305.0,-53.0,-72.0,0.0,0.0
p4-refinement-confirmation-round-stress-p4-0013-3533821a2abce06f,4,stress,stress_design,confirmation,correlated,combined_cover,assumption__radius_max__noise_correlated__scale_150,broad_or_stress_assumption,True,True,current,True,0,-2329.381588,-2329.381588,19.595924808687663,11887.071474,9557.689886,-9946.907944268343,-24,-68,-204.0,0,-1989.3815888536683,-120.0,-16.0,-204.0,0.0,0.0
p4-refinement-confirmation-round-stress-p4-0013-3533821a2abce06f,4,stress,stress_design,confirmation,correlated,coverage,assumption__radius_max__noise_correlated__scale_150,broad_or_stress_assumption,True,True,current,True,0,-2318.122612000001,-2318.122612000001,19.501208662455806,11887.071474,9568.948862,-9980.613057393079,-24,-62,-186.0,0,-1996.122611478615,-120.0,-16.0,-186.0,0.0,0.0
p4-refinement-confirmation-round-stress-p4-0014-cdc4b2bcac4ad4b8,4,stress,stress_design,confirmation,extreme,combined_cover,assumption__radius_max__noise_extreme__scale_150,broad_or_stress_assumption,True,True,current,True,0,-940.7361980000005,-940.7361980000005,9.446223894351705,9958.859842,9018.123644,-4973.6809846033575,-45,105,315.0,-2,-994.7361969206722,-225.0,-36.0,315.0,0.0,1745.5248969999993
p4-refinement-confirmation-round-stress-p4-0014-cdc4b2bcac4ad4b8,4,stress,stress_design,confirmation,extreme,coverage,assumption__radius_max__noise_extreme__scale_150,broad_or_stress_assumption,True,True,current,True,0,-1481.3600700000006,-1481.3600700000006,14.874795845128642,9958.859842,8477.499772,-6611.800354729334,-45,34,102.0,-2,-1322.360070945867,-225.0,-36.0,102.0,0.0,1745.5248969999993
p4-refinement-confirmation-round-stress-p4-0015-23979afb1aaffc03,4,stress,stress_design,confirmation,deterministic,combined_cover,assumption__radius_mixed__noise_deterministic__scale_150,broad_or_stress_assumption,True,True,current,True,0,-1142.7350769999994,-1142.7350769999994,10.311547024117163,11082.091507,9939.35643,-6433.67539287822,-6,57,171.0,1,-1286.7350785756444,-30.0,3.0,171.0,0.0,0.0
p4-refinement-confirmation-round-stress-p4-0015-23979afb1aaffc03,4,stress,stress_design,confirmation,deterministic,coverage,assumption__radius_mixed__noise_deterministic__scale_150,broad_or_stress_assumption,True,True,current,True,0,-1300.066299,-1300.066299,11.731235914978807,11082.091507,9782.025208,-6680.331507079136,-6,21,63.0,1,-1336.0663014158272,-30.0,3.0,63.0,0.0,0.0
p4-refinement-confirmation-round-stress-p4-0016-6e86c39edbafa81d,4,stress,stress_design,confirmation,correlated,combined_cover,assumption__radius_mixed__noise_correlated__scale_150,broad_or_stress_assumption,True,True,current,True,0,2757.2378550000003,2757.2378550000003,-57.71822831779639,4777.06599,7534.303845,12276.189259329316,52,0,0.0,0,2455.2378518658634,260.0,42.0,0.0,0.0,0.0
p4-refinement-confirmation-round-stress-p4-0016-6e86c39edbafa81d,4,stress,stress_design,confirmation,correlated,coverage,assumption__radius_mixed__noise_correlated__scale_150,broad_or_stress_assumption,True,True,current,True,0,2819.3994439999997,2819.3994439999997,-59.01947869051731,4777.06599,7596.465434,12466.997201395454,52,8,24.0,0,2493.3994402790913,260.0,42.0,24.0,0.0,0.0
p4-refinement-confirmation-round-stress-p4-0017-418c2b6bc6d6b3f1,4,stress,stress_design,confirmation,extreme,combined_cover,assumption__radius_mixed__noise_extreme__scale_150,broad_or_stress_assumption,True,True,current,True,0,-1101.3824990000003,-1101.3824990000003,11.930970552149144,9231.290063,8129.907564,-4081.912507359608,-53,9,27.0,0,-816.3825014719214,-265.0,-47.0,27.0,0.0,-1731.0270630000005
p4-refinement-confirmation-round-stress-p4-0017-418c2b6bc6d6b3f1,4,stress,stress_design,confirmation,extreme,coverage,assumption__radius_mixed__noise_extreme__scale_150,broad_or_stress_assumption,True,True,current,True,0,-991.9996549999996,-991.9996549999996,10.746056599131691,9231.290063,8239.290408,-3684.9982782647276,-53,19,57.0,0,-736.9996556529459,-265.0,-47.0,57.0,0.0,-1733.0386829999998
p4-refinement-confirmation-round-stress-p4-0018-00137c7a9ed51c46,4,stress,stress_design,confirmation,deterministic,combined_cover,assumption__radius_min__noise_deterministic__scale_300,broad_or_stress_assumption,True,True,current,True,0,-1902.4819539999999,-1902.4819539999999,18.94660447811775,10041.281836,8138.799882,-6677.409801593785,-71,-49,-147.0,1,-1335.481960318757,-355.0,-65.0,-147.0,0.0,-1253.9091630000003
p4-refinement-confirmation-round-stress-p4-0018-00137c7a9ed51c46,4,stress,stress_design,confirmation,deterministic,coverage,assumption__radius_min__noise_deterministic__scale_300,broad_or_stress_assumption,True,True,current,True,0,-992.4642999999996,-992.4642999999996,9.883840690954585,10041.281836,9048.817536,-3747.321519394158,-71,59,177.0,1,-749.4643038788308,-355.0,-65.0,177.0,0.0,-1253.9091630000003
p4-refinement-confirmation-round-stress-p4-0019-3b3dd359c75d8dcb,4,stress,stress_design,confirmation,correlated,combined_cover,assumption__radius_min__noise_correlated__scale_300,broad_or_stress_assumption,True,True,current,True,0,-3080.4782849999992,-3080.4782849999992,26.672531566940236,11549.253498,8468.775213,-14437.391413387606,-27,-12,-36.0,-2,-2887.4782826775217,-135.0,-22.0,-36.0,0.0,0.0
p4-refinement-confirmation-round-stress-p4-0019-3b3dd359c75d8dcb,4,stress,stress_design,confirmation,correlated,coverage,assumption__radius_min__noise_correlated__scale_300,broad_or_stress_assumption,True,True,current,True,0,-2772.633957,-2772.633957,24.00704043322056,11549.253498,8776.619541,-13073.169776428302,-27,0,0.0,-2,-2614.6339552856607,-135.0,-23.0,0.0,0.0,0.0
p4-refinement-confirmation-round-stress-p4-0020-dafccb106bd5c374,4,stress,stress_design,confirmation,extreme,combined_cover,assumption__radius_min__noise_extreme__scale_300,broad_or_stress_assumption,True,True,current,True,0,-2084.221857999999,-2084.221857999999,22.192226976793624,9391.675113,7307.453255,-8536.109291167832,-64,0,0.0,0,-1707.2218582335663,-320.0,-57.0,0.0,0.0,1962.6431070000008
p4-refinement-confirmation-round-stress-p4-0020-dafccb106bd5c374,4,stress,stress_design,confirmation,extreme,coverage,assumption__radius_min__noise_extreme__scale_300,broad_or_stress_assumption,True,True,current,True,0,-2056.2922899999994,-2056.2922899999994,21.894840539720867,9391.675113,7335.382823,-8456.461448489114,-64,4,12.0,0,-1691.2922896978225,-320.0,-57.0,12.0,0.0,1965.2778600000001
p4-refinement-confirmation-round-stress-p4-0021-85b75bf106dfb7ff,4,stress,stress_design,confirmation,deterministic,combined_cover,assumption__radius_max__noise_deterministic__scale_300,broad_or_stress_assumption,True,True,current,True,0,-2042.0691729999999,-2042.0691729999999,18.198453121483034,11221.114011,9179.044838,-10065.34588984953,-1,-10,-30.0,1,-2013.0691779699064,-5.0,6.0,-30.0,0.0,407.47458499999993
p4-refinement-confirmation-round-stress-p4-0021-85b75bf106dfb7ff,4,stress,stress_design,confirmation,deterministic,coverage,assumption__radius_max__noise_deterministic__scale_300,broad_or_stress_assumption,True,True,current,True,0,-1394.3812500000004,-1394.3812500000004,12.42640658167358,11221.114011,9826.732761,-7111.9062819065075,-1,9,27.0,1,-1422.3812563813017,-5.0,6.0,27.0,0.0,0.0
p4-refinement-confirmation-round-stress-p4-0022-0f1d6a2b42bb4848,4,stress,stress_design,confirmation,correlated,combined_cover,assumption__radius_max__noise_correlated__scale_300,broad_or_stress_assumption,True,True,current,True,0,-584.8320460000014,-584.8320460000014,6.5680737972879575,8904.163748,8319.331702,-3719.160241019803,-10,71,213.0,2,-743.8320482039608,-50.0,-4.0,213.0,0.0,-1593.5640350000021
p4-refinement-confirmation-round-stress-p4-0022-0f1d6a2b42bb4848,4,stress,stress_design,confirmation,correlated,coverage,assumption__radius_max__noise_correlated__scale_300,broad_or_stress_assumption,True,True,current,True,0,-980.2168990000009,-980.2168990000009,11.008522829784788,8904.163748,7923.946849,-4781.084509703811,-10,10,30.0,2,-956.216901940762,-50.0,-4.0,30.0,0.0,-1593.5640350000012
p4-refinement-confirmation-round-stress-p4-0023-c96d654070907f51,4,stress,stress_design,confirmation,extreme,combined_cover,assumption__radius_max__noise_extreme__scale_300,broad_or_stress_assumption,True,True,current,True,0,-2975.1662800000013,-2975.1662800000013,30.94931436971815,9613.028077,6637.861797,-13295.831406633733,-60,10,30.0,-1,-2659.1662813267467,-300.0,-46.0,30.0,0.0,0.0
p4-refinement-confirmation-round-stress-p4-0023-c96d654070907f51,4,stress,stress_design,confirmation,extreme,coverage,assumption__radius_max__noise_extreme__scale_300,broad_or_stress_assumption,True,True,current,True,0,-2804.7610890000005,-2804.7610890000005,29.176665942655816,9613.028077,6808.266988,-12593.805455428042,-60,20,60.0,-1,-2518.761091085609,-300.0,-46.0,60.0,0.0,0.0
p4-refinement-confirmation-round-stress-p4-0024-6d9d9cf60ac00597,4,stress,stress_design,confirmation,deterministic,combined_cover,assumption__radius_mixed__noise_deterministic__scale_300,broad_or_stress_assumption,True,True,current,True,0,-3280.8402260000003,-3280.8402260000003,28.453329584602827,11530.602126,8249.7619,-15189.201129939323,-36,-12,-36.0,2,-3037.840225987864,-180.0,-27.0,-36.0,0.0,590.2823689999996
p4-refinement-confirmation-round-stress-p4-0024-6d9d9cf60ac00597,4,stress,stress_design,confirmation,deterministic,coverage,assumption__radius_mixed__noise_deterministic__scale_300,broad_or_stress_assumption,True,True,current,True,0,-3142.3503930000006,-3142.3503930000006,27.252266262092345,11530.602126,8388.251733,-14736.751965486936,-36,4,12.0,2,-2947.3503930973866,-180.0,-27.0,12.0,0.0,590.2823689999996
p4-refinement-confirmation-round-stress-p4-0025-720fbdc4cedadacc,4,stress,stress_design,confirmation,correlated,combined_cover,assumption__radius_mixed__noise_correlated__scale_300,broad_or_stress_assumption,True,True,current,True,0,-3519.2615669999996,-3519.2615669999996,29.007889371794615,12132.084213,8612.822646,-15636.30783315668,-47,-39,-117.0,-1,-3127.261566631336,-235.0,-40.0,-117.0,0.0,0.0
p4-refinement-confirmation-round-stress-p4-0025-720fbdc4cedadacc,4,stress,stress_design,confirmation,correlated,coverage,assumption__radius_mixed__noise_correlated__scale_300,broad_or_stress_assumption,True,True,current,True,0,-3432.8582210000004,-3432.8582210000004,28.29570056331755,12132.084213,8699.225992,-15354.291087588288,-47,-29,-87.0,-1,-3070.858217517658,-235.0,-40.0,-87.0,0.0,0.0
p4-refinement-confirmation-round-stress-p4-0026-db68a7a8711204a4,4,stress,stress_design,confirmation,extreme,combined_cover,assumption__radius_mixed__noise_extreme__scale_300,broad_or_stress_assumption,True,True,current,True,0,-1252.244901,-1252.244901,11.836056405056521,10579.916639,9327.671738,-5681.224498496784,-77,113,339.0,-1,-1136.2448996993571,-385.0,-70.0,339.0,0.0,1184.4626019999987
p4-refinement-confirmation-round-stress-p4-0026-db68a7a8711204a4,4,stress,stress_design,confirmation,extreme,coverage,assumption__radius_mixed__noise_extreme__scale_300,broad_or_stress_assumption,True,True,current,True,0,-899.3123429999996,-899.3123429999996,8.500183637410979,10579.916639,9680.604296,-4336.561722714294,-77,141,423.0,-1,-867.3123445428591,-385.0,-70.0,423.0,0.0,1186.6748189999998
p4-refinement-confirmation-round-stress-p4-0027-90d2cb9bf9fbc681,4,stress,stress_design,confirmation,deterministic,combined_cover,assumption__radius_min__noise_deterministic__scale_75,broad_or_stress_assumption,True,True,current,True,0,-2847.7988589999986,-2847.7988589999986,25.171055154239934,11313.784192,8465.985333,-11903.99429172777,-34,-90,-270.0,-2,-2380.7988583455544,-170.0,-27.0,-270.0,0.0,208.59206500000073
p4-refinement-confirmation-round-stress-p4-0027-90d2cb9bf9fbc681,4,stress,stress_design,confirmation,deterministic,coverage,assumption__radius_min__noise_deterministic__scale_75,broad_or_stress_assumption,True,True,current,True,0,-2663.318555,-2663.318555,23.54047513901881,11313.784192,8650.465637,-11311.592759982592,-34,-68,-204.0,-2,-2262.318551996519,-170.0,-27.0,-204.0,0.0,208.5920649999989
p4-refinement-confirmation-round-stress-p4-0028-7c1db91051118971,4,stress,stress_design,confirmation,correlated,combined_cover,assumption__radius_min__noise_correlated__scale_75,broad_or_stress_assumption,True,True,current,True,0,-1507.9125299999996,-1507.9125299999996,16.510388580509385,9133.11351,7625.20098,-5724.5626617091475,-60,-3,-9.0,1,-1144.9125323418293,-300.0,-54.0,-9.0,0.0,-2078.6402049999997
p4-refinement-confirmation-round-stress-p4-0028-7c1db91051118971,4,stress,stress_design,confirmation,correlated,coverage,assumption__radius_min__noise_correlated__scale_75,broad_or_stress_assumption,True,True,current,True,0,-1495.3880449999988,-1495.3880449999988,16.373255882155338,9133.11351,7637.725465,-5676.940238543968,-60,-2,-6.0,1,-1135.3880477087932,-300.0,-54.0,-6.0,0.0,-2079.153965999999
p4-refinement-confirmation-round-stress-p4-0029-b4602feb48a9ea6a,4,stress,stress_design,confirmation,extreme,combined_cover,assumption__radius_min__noise_extreme__scale_75,broad_or_stress_assumption,True,True,current,True,0,-1629.6456010000002,-1629.6456010000002,16.558447636559006,9841.777664,8212.132063,-7673.228018497095,15,-64,-192.0,-1,-1534.6456036994186,75.0,22.0,-192.0,0.0,-1794.6518970000006
p4-refinement-confirmation-round-stress-p4-0029-b4602feb48a9ea6a,4,stress,stress_design,confirmation,extreme,coverage,assumption__radius_min__noise_extreme__scale_75,broad_or_stress_assumption,True,True,current,True,0,-1560.4387939999997,-1560.4387939999997,15.855253464096137,9841.777664,8281.33887,-7447.193981208569,15,-56,-168.0,-1,-1489.4387962417131,75.0,22.0,-168.0,0.0,-1793.315643
p4-refinement-confirmation-round-stress-p4-0030-bb2684cccd8c8007,4,stress,stress_design,confirmation,deterministic,combined_cover,assumption__radius_max__noise_deterministic__scale_75,broad_or_stress_assumption,True,True,current,True,0,-939.3691510000008,-939.3691510000008,8.96653097241836,10476.394426,9537.025275,-3996.845770898515,16,-78,-234.0,0,-799.3691541797025,80.0,14.0,-234.0,0.0,0.0
p4-refinement-confirmation-round-stress-p4-0030-bb2684cccd8c8007,4,stress,stress_design,confirmation,deterministic,coverage,assumption__radius_max__noise_deterministic__scale_75,broad_or_stress_assumption,True,True,current,True,0,-919.4567700000007,-919.4567700000007,8.776461944942819,10476.394426,9556.937656,-4002.283862565251,16,-71,-213.0,0,-800.45677251305,80.0,14.0,-213.0,0.0,0.0
p4-refinement-confirmation-round-stress-p4-0031-81f6c7bf2fbbad5e,4,stress,stress_design,confirmation,correlated,combined_cover,assumption__radius_max__noise_correlated__scale_75,broad_or_stress_assumption,True,True,current,True,0,-1635.8660039999995,-1635.8660039999995,15.104453965456132,10830.355124,9194.48912,-6219.330032038648,-49,-35,-105.0,0,-1243.8660064077294,-245.0,-42.0,-105.0,0.0,-552.1694979999993
p4-refinement-confirmation-round-stress-p4-0031-81f6c7bf2fbbad5e,4,stress,stress_design,confirmation,correlated,coverage,assumption__radius_max__noise_correlated__scale_75,broad_or_stress_assumption,True,True,current,True,0,-1655.1475140000002,-1655.1475140000002,15.282486077785238,10830.355124,9175.20761,-6300.7375867503,-49,-36,-108.0,0,-1260.1475173500594,-245.0,-42.0,-108.0,0.0,-550.1054189999995
p4-refinement-confirmation-round-stress-p4-0032-1a30c56ba4f0dc6f,4,stress,stress_design,confirmation,extreme,combined_cover,assumption__radius_max__noise_extreme__scale_75,broad_or_stress_assumption,True,True,current,True,0,-1381.8788480000003,-1381.8788480000003,12.656025495469036,10918.742606,9536.863758,-4474.394226982062,-63,-38,-114.0,-1,-894.8788453964116,-315.0,-58.0,-114.0,0.0,0.0
p4-refinement-confirmation-round-stress-p4-0032-1a30c56ba4f0dc6f,4,stress,stress_design,confirmation,extreme,coverage,assumption__radius_max__noise_extreme__scale_75,broad_or_stress_assumption,True,True,current,True,0,-1303.3153779999993,-1303.3153779999993,11.936496948685368,10918.742606,9615.427228,-4186.576887734227,-63,-31,-93.0,-1,-837.3153775468454,-315.0,-58.0,-93.0,0.0,0.0
p4-refinement-confirmation-round-stress-p4-0033-54014b0d8bf6061c,4,stress,stress_design,confirmation,deterministic,combined_cover,assumption__radius_mixed__noise_deterministic__scale_75,broad_or_stress_assumption,True,True,current,True,0,-2022.8987390000002,-2022.8987390000002,17.987792242175807,11245.953432,9223.054693,-10039.493696215948,-4,0,0.0,0,-2007.89873924319,-20.0,5.0,0.0,0.0,0.0
p4-refinement-confirmation-round-stress-p4-0033-54014b0d8bf6061c,4,stress,stress_design,confirmation,deterministic,coverage,assumption__radius_mixed__noise_deterministic__scale_75,broad_or_stress_assumption,True,True,current,True,0,-1779.5963069999998,-1779.5963069999998,15.824325769802812,11245.953432,9466.357125,-9257.98153704861,-4,29,87.0,0,-1851.5963074097226,-20.0,5.0,87.0,0.0,0.0
p4-refinement-confirmation-round-stress-p4-0034-f9e127984246319b,4,stress,stress_design,confirmation,correlated,combined_cover,assumption__radius_mixed__noise_correlated__scale_75,broad_or_stress_assumption,True,True,current,True,0,2.021896000000197,2.021896000000197,-0.02059817852876039,9815.897057,9817.918953,-124.89051760661823,-15,37,111.0,4,-24.978103521324556,-75.0,-9.0,111.0,0.0,-3195.353588
p4-refinement-confirmation-round-stress-p4-0034-f9e127984246319b,4,stress,stress_design,confirmation,correlated,coverage,assumption__radius_mixed__noise_correlated__scale_75,broad_or_stress_assumption,True,True,current,True,0,297.0813309999994,297.0813309999994,-3.026532667110054,9815.897057,10112.978388,900.4066464019415,-15,67,201.0,3,180.08132928038685,-75.0,-9.0,201.0,0.0,-3195.353588
p4-refinement-confirmation-round-stress-p4-0035-d80684d3f7355a1d,4,stress,stress_design,confirmation,extreme,combined_cover,assumption__radius_mixed__noise_extreme__scale_75,broad_or_stress_assumption,True,True,current,True,0,-959.4069180000006,-959.4069180000006,9.441835171606797,10161.233495,9201.826577,-4347.034608778769,-12,-8,-24.0,1,-869.4069217557544,-60.0,-6.0,-24.0,0.0,-3205.1056750000007
p4-refinement-confirmation-round-stress-p4-0035-d80684d3f7355a1d,4,stress,stress_design,confirmation,extreme,coverage,assumption__radius_mixed__noise_extreme__scale_75,broad_or_stress_assumption,True,True,current,True,0,-6.895371000000523,-6.895371000000523,0.06785958617517747,10161.233495,10154.338124,-979.4768735572725,-12,85,255.0,1,-195.8953747114556,-60.0,-6.0,255.0,0.0,-3205.1056750000007
p4-refinement-confirmation-round-stress-p4-0036-43ca6954d6773cd7,4,stress,stress_design,confirmation,deterministic,combined_cover,assumption__radius_min__noise_deterministic__scale_150,broad_or_stress_assumption,True,True,current,True,0,-1846.7370539999993,-1846.7370539999993,17.769120480355664,10392.957018,8546.219964,-6943.68526279238,-48,-58,-174.0,-1,-1388.7370525584765,-240.0,-44.0,-174.0,0.0,-1976.249382
p4-refinement-confirmation-round-stress-p4-0036-43ca6954d6773cd7,4,stress,stress_design,confirmation,deterministic,coverage,assumption__radius_min__noise_deterministic__scale_150,broad_or_stress_assumption,True,True,current,True,0,-1857.495391999999,-1857.495391999999,17.87263613986784,10392.957018,8535.461626,-6967.476950433429,-48,-60,-180.0,-1,-1393.4953900866858,-240.0,-44.0,-180.0,0.0,-1976.249382
p4-refinement-confirmation-round-stress-p4-0037-1f87567a78003273,4,stress,stress_design,confirmation,correlated,combined_cover,assumption__radius_min__noise_correlated__scale_150,broad_or_stress_assumption,True,True,current,True,0,-3095.1231369999996,-3095.1231369999996,27.83235188896658,11120.595016,8025.471879,-13910.61568452252,-54,1,3.0,0,-2782.1231369045045,-270.0,-46.0,3.0,0.0,372.0284160000001
p4-refinement-confirmation-round-stress-p4-0037-1f87567a78003273,4,stress,stress_design,confirmation,correlated,coverage,assumption__radius_min__noise_correlated__scale_150,broad_or_stress_assumption,True,True,current,True,0,-3433.778586999999,-3433.778586999999,30.877651618996776,11120.595016,7686.816429,-15018.892935619424,-54,-38,-114.0,0,-3003.778587123885,-270.0,-46.0,-114.0,0.0,374.3485300000002
p4-refinement-confirmation-round-stress-p4-0038-1183a56046f7a19c,4,stress,stress_design,confirmation,extreme,combined_cover,assumption__radius_min__noise_extreme__scale_150,broad_or_stress_assumption,True,True,current,True,0,-1498.299805999999,-1498.299805999999,16.54466178604829,9056.092082,7557.792276,-6196.499025341502,-42,-4,-12.0,1,-1239.2998050683,-210.0,-37.0,-12.0,0.0,-1720.991308999999
p4-refinement-confirmation-round-stress-p4-0038-1183a56046f7a19c,4,stress,stress_design,confirmation,extreme,coverage,assumption__radius_min__noise_extreme__scale_150,broad_or_stress_assumption,True,True,current,True,0,-1481.2819209999989,-1481.2819209999989,16.35674535536375,9056.092082,7574.810161,-6126.409602874432,-42,-3,-9.0,1,-1225.2819205748856,-210.0,-37.0,-9.0,0.0,-1719.1755029999986
p4-refinement-confirmation-round-stress-p4-0039-551547c50ae01287,4,stress,stress_design,confirmation,deterministic,combined_cover,assumption__radius_max__noise_deterministic__scale_150,broad_or_stress_assumption,True,True,current,True,0,-1210.4403829999992,-1210.4403829999992,11.00345989189354,11000.543419,9790.103036,-4232.201937039528,-54,-15,-45.0,2,-846.4403874079062,-270.0,-49.0,-45.0,0.0,0.0
p4-refinement-confirmation-round-stress-p4-0039-551547c50ae01287,4,stress,stress_design,confirmation,deterministic,coverage,assumption__radius_max__noise_deterministic__scale_150,broad_or_stress_assumption,True,True,current,True,0,-1131.729475,-1131.729475,10.287941530645579,11000.543419,9868.813944,-4003.6473849012837,-54,-4,-12.0,2,-800.7294769802575,-270.0,-49.0,-12.0,0.0,0.0
p4-refinement-confirmation-round-stress-p4-0040-912e08d8f44e0ff7,4,stress,stress_design,confirmation,correlated,combined_cover,assumption__radius_max__noise_correlated__scale_150,broad_or_stress_assumption,True,True,current,True,0,-1332.6190860000006,-1332.6190860000006,15.185619051684935,8775.533493,7442.914407,-5058.095432919414,-54,-1,-3.0,0,-1011.6190865838826,-270.0,-48.0,-3.0,0.0,-2515.159050000001
p4-refinement-confirmation-round-stress-p4-0040-912e08d8f44e0ff7,4,stress,stress_design,confirmation,correlated,coverage,assumption__radius_max__noise_correlated__scale_150,broad_or_stress_assumption,True,True,current,True,0,-1315.9360610000012,-1315.9360610000012,14.99551066666986,8775.533493,7459.597432,-5004.680308818319,-54,1,3.0,0,-1000.9360617636639,-270.0,-48.0,3.0,0.0,-2515.159050000001
p4-refinement-confirmation-round-stress-p4-0041-6f43a19a0f486222,4,stress,stress_design,confirmation,extreme,combined_cover,assumption__radius_max__noise_extreme__scale_150,broad_or_stress_assumption,True,True,current,True,0,-2305.8654479999987,-2305.8654479999987,19.976304801988714,11543.002927,9237.137479,-9579.32723080409,-25,-82,-246.0,1,-1915.8654461608176,-125.0,-19.0,-246.0,0.0,0.0
p4-refinement-confirmation-round-stress-p4-0041-6f43a19a0f486222,4,stress,stress_design,confirmation,extreme,coverage,assumption__radius_max__noise_extreme__scale_150,broad_or_stress_assumption,True,True,current,True,0,-1894.8035459999992,-1894.8035459999992,16.415169934401586,11543.002927,9648.199381,-8154.017744367193,-25,-40,-120.0,0,-1630.8035488734376,-125.0,-19.0,-120.0,0.0,0.0
p4-refinement-confirmation-round-stress-p4-0042-dff51340d7ed8433,4,stress,stress_design,confirmation,deterministic,combined_cover,assumption__radius_mixed__noise_deterministic__scale_150,broad_or_stress_assumption,True,True,current,True,0,-1446.624522,-1446.624522,13.200175091906925,10959.131314,9512.506792,-5953.122569370687,-38,-12,-36.0,1,-1190.6245138741378,-190.0,-30.0,-36.0,0.0,0.0
p4-refinement-confirmation-round-stress-p4-0042-dff51340d7ed8433,4,stress,stress_design,confirmation,deterministic,coverage,assumption__radius_mixed__noise_deterministic__scale_150,broad_or_stress_assumption,True,True,current,True,0,-685.0507770000004,-685.0507770000004,6.2509587427323385,10959.131314,10274.080537,-3510.2538708926295,-38,79,237.0,1,-702.0507741785259,-190.0,-30.0,237.0,0.0,0.0
p4-refinement-confirmation-round-stress-p4-0043-8744834b408285c0,4,stress,stress_design,confirmation,correlated,combined_cover,assumption__radius_mixed__noise_correlated__scale_150,broad_or_stress_assumption,True,True,current,True,0,-2893.0192659999993,-2893.0192659999993,24.378837520845444,11866.928698,8973.909432,-14540.096327834945,-19,41,123.0,1,-2908.019265566989,-95.0,-13.0,123.0,0.0,590.1987360000003
p4-refinement-confirmation-round-stress-p4-0043-8744834b408285c0,4,stress,stress_design,confirmation,correlated,coverage,assumption__radius_mixed__noise_correlated__scale_150,broad_or_stress_assumption,True,True,current,True,0,-3267.4013219999997,-3267.4013219999997,27.533672824297607,11866.928698,8599.527376,-15782.006609643711,-19,-1,-3.0,1,-3156.4013219287426,-95.0,-13.0,-3.0,0.0,588.9328139999998
p4-refinement-confirmation-round-stress-p4-0044-c2fc0be3a72c7282,4,stress,stress_design,confirmation,extreme,combined_cover,assumption__radius_mixed__noise_extreme__scale_150,broad_or_stress_assumption,True,True,current,True,0,-2112.606175,-2112.606175,21.558932313246256,9799.215213,7686.609038,-8713.03088244228,-62,-1,-3.0,-4,-1742.6061764884562,-310.0,-57.0,-3.0,0.0,1812.4789039999996
p4-refinement-confirmation-round-stress-p4-0044-c2fc0be3a72c7282,4,stress,stress_design,confirmation,extreme,coverage,assumption__radius_mixed__noise_extreme__scale_150,broad_or_stress_assumption,True,True,current,True,0,-2080.807038,-2080.807038,21.234425336832327,9799.215213,7718.408175,-8569.035190439256,-62,0,0.0,-4,-1713.8070380878517,-310.0,-57.0,0.0,0.0,1812.4789039999996
p4-refinement-confirmation-round-stress-p4-0045-c885dc5fa5821e10,4,stress,stress_design,confirmation,deterministic,combined_cover,assumption__radius_min__noise_deterministic__scale_300,broad_or_stress_assumption,True,True,current,True,0,300.593076000001,300.593076000001,-2.9324366260027914,10250.624799,10551.217875,1512.9653851972325,-19,35,105.0,0,302.59307703944614,-95.0,-12.0,105.0,0.0,0.0
p4-refinement-confirmation-round-stress-p4-0045-c885dc5fa5821e10,4,stress,stress_design,confirmation,deterministic,coverage,assumption__radius_min__noise_deterministic__scale_300,broad_or_stress_assumption,True,True,current,True,0,205.1389900000013,205.1389900000013,-2.0012340127795296,10250.624799,10455.763789,1500.6949560832,-19,4,12.0,0,300.1389912166396,-95.0,-12.0,12.0,0.0,0.0
p4-refinement-confirmation-round-stress-p4-0046-e4edd30b31bcb1b3,4,stress,stress_design,confirmation,correlated,combined_cover,assumption__radius_min__noise_correlated__scale_300,broad_or_stress_assumption,True,True,current,True,0,438.98580500000025,438.98580500000025,-6.34739906390584,6915.995049,7354.980854,1909.9290105081527,18,-16,-48.0,-4,381.9858021016307,90.0,15.0,-48.0,0.0,0.0
p4-refinement-confirmation-round-stress-p4-0046-e4edd30b31bcb1b3,4,stress,stress_design,confirmation,correlated,coverage,assumption__radius_min__noise_correlated__scale_300,broad_or_stress_assumption,True,True,current,True,0,569.6881000000003,569.6881000000003,-8.237254306339805,6915.995049,7485.683149,2353.4404797271964,18,-2,-6.0,-5,470.6880959454393,90.0,15.0,-6.0,0.0,0.0
p4-refinement-confirmation-round-stress-p4-0047-39a9202d49db5602,4,stress,stress_design,confirmation,extreme,combined_cover,assumption__radius_min__noise_extreme__scale_300,broad_or_stress_assumption,True,True,current,True,0,-2760.5854259999996,-2760.5854259999996,24.200822014443077,11406.990326,8646.4049,-10577.927145024914,-46,-125,-375.0,-2,-2115.585429004983,-230.0,-40.0,-375.0,0.0,0.0
p4-refinement-confirmation-round-stress-p4-0047-39a9202d49db5602,4,stress,stress_design,confirmation,extreme,coverage,assumption__radius_min__noise_extreme__scale_300,broad_or_stress_assumption,True,True,current,True,0,-2674.965993,-2674.965993,23.45023460660731,11406.990326,8732.024333,-10179.829988154524,-46,-123,-369.0,-2,-2035.965997630905,-230.0,-40.0,-369.0,0.0,0.0
p4-refinement-confirmation-round-stress-p4-0048-005f15b9d3c9a42d,4,stress,stress_design,confirmation,deterministic,combined_cover,assumption__radius_max__noise_deterministic__scale_300,broad_or_stress_assumption,True,True,current,True,0,-2011.8392779999995,-2011.8392779999995,17.965935314381632,11198.077043,9186.237765,-8534.19639899525,-46,-11,-33.0,0,-1706.839279799051,-230.0,-42.0,-33.0,0.0,0.0
p4-refinement-confirmation-round-stress-p4-0048-005f15b9d3c9a42d,4,stress,stress_design,confirmation,deterministic,coverage,assumption__radius_max__noise_deterministic__scale_300,broad_or_stress_assumption,True,True,current,True,0,-1641.536587999999,-1641.536587999999,14.65909353629725,11198.077043,9556.540455,-7327.68293328939,-46,32,96.0,0,-1465.5365866578786,-230.0,-42.0,96.0,0.0,0.0
p4-refinement-confirmation-round-stress-p4-0049-6593314100617b24,4,stress,stress_design,confirmation,correlated,combined_cover,assumption__radius_max__noise_correlated__scale_300,broad_or_stress_assumption,True,True,current,True,0,-3304.6012150000006,-3304.6012150000006,26.111207066298327,12655.873038,9351.271823,-14428.006059215135,-47,-48,-144.0,0,-2885.6012118430262,-235.0,-40.0,-144.0,0.0,0.0
p4-refinement-confirmation-round-stress-p4-0049-6593314100617b24,4,stress,stress_design,confirmation,correlated,coverage,assumption__radius_max__noise_correlated__scale_300,broad_or_stress_assumption,True,True,current,True,0,-3342.469246999999,-3342.469246999999,26.410420181713576,12655.873038,9313.403791,-14527.34624092417,-47,-54,-162.0,0,-2905.4692481848333,-235.0,-40.0,-162.0,0.0,0.0
p4-refinement-confirmation-round-stress-p4-0050-7c631e916e9c9ec4,4,stress,stress_design,confirmation,extreme,combined_cover,assumption__radius_max__noise_extreme__scale_300,broad_or_stress_assumption,True,True,current,True,0,-2137.928605000001,-2137.928605000001,19.86461851465193,10762.495154,8624.566549,-8139.643023851524,-90,8,24.0,0,-1627.9286047703044,-450.0,-84.0,24.0,0.0,0.0
p4-refinement-confirmation-round-stress-p4-0050-7c631e916e9c9ec4,4,stress,stress_design,confirmation,extreme,coverage,assumption__radius_max__noise_extreme__scale_300,broad_or_stress_assumption,True,True,current,True,0,-2147.13019,-2147.13019,19.95011527788698,10762.495154,8615.364964,-8095.650958923965,-90,2,6.0,0,-1619.1301917847932,-450.0,-84.0,6.0,0.0,0.0
p4-refinement-confirmation-round-stress-p4-0051-3e73f0a24cf1b47c,4,stress,stress_design,confirmation,deterministic,combined_cover,assumption__radius_mixed__noise_deterministic__scale_300,broad_or_stress_assumption,True,True,current,True,0,-1309.6656829999993,-1309.6656829999993,12.149907767041565,10779.223251,9469.557568,-4813.32841081464,-63,8,24.0,-1,-962.6656821629285,-315.0,-56.0,24.0,0.0,0.0
p4-refinement-confirmation-round-stress-p4-0051-3e73f0a24cf1b47c,4,stress,stress_design,confirmation,deterministic,coverage,assumption__radius_mixed__noise_deterministic__scale_300,broad_or_stress_assumption,True,True,current,True,0,-1352.7275529999988,-1352.7275529999988,12.549397312784155,10779.223251,9426.495698,-4983.6377618119295,-63,5,15.0,-1,-996.7275523623857,-315.0,-56.0,15.0,0.0,0.0
p4-refinement-confirmation-round-stress-p4-0052-f7a5bf777d498a42,4,stress,stress_design,confirmation,correlated,combined_cover,assumption__radius_mixed__noise_correlated__scale_300,broad_or_stress_assumption,True,True,current,True,0,-1856.2131520000003,-1856.2131520000003,18.371837271478228,10103.579324,8247.366172,-6976.065750045222,-56,-43,-129.0,1,-1395.2131500090445,-280.0,-52.0,-129.0,0.0,-3605.2158340000005
p4-refinement-confirmation-round-stress-p4-0052-f7a5bf777d498a42,4,stress,stress_design,confirmation,correlated,coverage,assumption__radius_mixed__noise_correlated__scale_300,broad_or_stress_assumption,True,True,current,True,0,-1812.3755920000003,-1812.3755920000003,17.937955786568537,10103.579324,8291.203732,-6846.8779496883435,-56,-37,-111.0,1,-1369.3755899376683,-280.0,-52.0,-111.0,0.0,-3605.2158340000005
p4-refinement-confirmation-round-stress-p4-0053-7d35296214f51a0d,4,stress,stress_design,confirmation,extreme,combined_cover,assumption__radius_mixed__noise_extreme__scale_300,broad_or_stress_assumption,True,True,current,True,0,-541.275443999999,-541.275443999999,5.926433765317739,9133.240418,8591.964974,-2246.3772318815754,-47,62,186.0,0,-449.2754463763149,-235.0,-43.0,186.0,0.0,-1730.840885999999
p4-refinement-confirmation-round-stress-p4-0053-7d35296214f51a0d,4,stress,stress_design,confirmation,extreme,coverage,assumption__radius_mixed__noise_extreme__scale_300,broad_or_stress_assumption,True,True,current,True,0,-163.34840799999984,-163.34840799999984,1.7885044138120907,9133.240418,8969.89201,-851.7420455939136,-47,95,285.0,0,-170.3484091187829,-235.0,-43.0,285.0,0.0,-1732.9681520000004
p4-refinement-confirmation-round-stress-p4-0054-9262b5dabbd46143,4,stress,stress_design,confirmation,deterministic,combined_cover,assumption__radius_min__noise_deterministic__scale_75,broad_or_stress_assumption,True,True,current,True,0,-484.3629170000004,-484.3629170000004,4.44895026997958,10887.128145,10402.765228,-1991.8145892518369,-59,87,261.0,6,-398.3629178503679,-295.0,-52.0,261.0,0.0,0.0
p4-refinement-confirmation-round-stress-p4-0054-9262b5dabbd46143,4,stress,stress_design,confirmation,deterministic,coverage,assumption__radius_min__noise_deterministic__scale_75,broad_or_stress_assumption,True,True,current,True,0,-1231.759626000001,-1231.759626000001,11.313907667796638,10887.128145,9655.368519,-4378.798119371342,-59,-3,-9.0,6,-875.759623874269,-295.0,-52.0,-9.0,0.0,0.0
p4-refinement-confirmation-round-stress-p4-0055-785303d142f6099c,4,stress,stress_design,confirmation,correlated,combined_cover,assumption__radius_min__noise_correlated__scale_75,broad_or_stress_assumption,True,True,current,True,0,-2418.082281000001,-2418.082281000001,21.669032695912154,11159.161163,8741.078882,-11595.411426231261,-62,89,267.0,1,-2319.0822852462534,-310.0,-56.0,267.0,0.0,0.0
p4-refinement-confirmation-round-stress-p4-0055-785303d142f6099c,4,stress,stress_design,confirmation,correlated,coverage,assumption__radius_min__noise_correlated__scale_75,broad_or_stress_assumption,True,True,current,True,0,-2755.783311000001,-2755.783311000001,24.695255053195623,11159.161163,8403.377852,-12743.916562560917,-62,53,159.0,1,-2548.7833125121842,-310.0,-56.0,159.0,0.0,0.0
p4-refinement-confirmation-round-stress-p4-0056-1692fc01d0ba4581,4,stress,stress_design,confirmation,extreme,combined_cover,assumption__radius_min__noise_extreme__scale_75,broad_or_stress_assumption,True,True,current,True,0,-1143.5255199999992,-1143.5255199999992,11.378681695194802,10049.718857,8906.193337,-4372.627591483913,-60,28,84.0,5,-874.5255182967821,-300.0,-53.0,84.0,0.0,0.0
p4-refinement-confirmation-round-stress-p4-0056-1692fc01d0ba4581,4,stress,stress_design,confirmation,extreme,coverage,assumption__radius_min__noise_extreme__scale_75,broad_or_stress_assumption,True,True,current,True,0,-508.0245930000001,-508.0245930000001,5.055112488506504,10049.718857,9541.694264,-2200.1229616950586,-60,95,285.0,4,-440.0245923390112,-300.0,-53.0,285.0,0.0,0.0
p4-refinement-confirmation-round-stress-p4-0057-41733a11937aee53,4,stress,stress_design,confirmation,deterministic,combined_cover,assumption__radius_max__noise_deterministic__scale_75,broad_or_stress_assumption,True,True,current,True,0,-652.438153000001,-652.438153000001,5.710009616022467,11426.218113,10773.77996,-3852.1907668894346,-12,61,183.0,1,-770.4381533778869,-60.0,-5.0,183.0,0.0,0.0
p4-refinement-confirmation-round-stress-p4-0057-41733a11937aee53,4,stress,stress_design,confirmation,deterministic,coverage,assumption__radius_max__noise_deterministic__scale_75,broad_or_stress_assumption,True,True,current,True,0,102.03978199999983,102.03978199999983,-0.89303198128089,11426.218113,11528.257895,-1024.801097296462,-12,124,372.0,1,-204.9602194592917,-60.0,-5.0,372.0,0.0,0.0
p4-refinement-confirmation-round-stress-p4-0058-6325ec11e1ce98c0,4,stress,stress_design,confirmation,correlated,combined_cover,assumption__radius_max__noise_correlated__scale_75,broad_or_stress_assumption,True,True,current,True,0,-112.55451700000049,-112.55451700000049,1.2095205417055253,9305.713555,9193.159038,-1697.7725887148408,-9,92,276.0,0,-339.5545177429685,-45.0,-4.0,276.0,0.0,-2188.8255610000006
p4-refinement-confirmation-round-stress-p4-0058-6325ec11e1ce98c0,4,stress,stress_design,confirmation,correlated,coverage,assumption__radius_max__noise_correlated__scale_75,broad_or_stress_assumption,True,True,current,True,0,-775.9437360000011,-775.9437360000011,8.338358272193787,9305.713555,8529.769819,-3934.7186867428536,-9,20,60.0,0,-786.9437373485707,-45.0,-4.0,60.0,0.0,-2189.4576190000016
p4-refinement-confirmation-round-stress-p4-0059-45d586cafa734d01,4,stress,stress_design,confirmation,extreme,combined_cover,assumption__radius_max__noise_extreme__scale_75,broad_or_stress_assumption,True,True,current,True,0,-832.4306649999999,-832.4306649999999,8.23092094617981,10113.457175,9281.02651,-3407.15331734746,-51,50,150.0,1,-681.4306634694931,-255.0,-46.0,150.0,0.0,0.0
p4-refinement-confirmation-round-stress-p4-0059-45d586cafa734d01,4,stress,stress_design,confirmation,extreme,coverage,assumption__radius_max__noise_extreme__scale_75,broad_or_stress_assumption,True,True,current,True,0,-834.9803229999998,-834.9803229999998,8.256131494421439,10113.457175,9278.476852,-3374.901613559923,-51,47,141.0,1,-674.9803227119855,-255.0,-46.0,141.0,0.0,0.0
p4-refinement-confirmation-round-stress-p4-0060-77691c0ba45edaa3,4,stress,stress_design,confirmation,deterministic,combined_cover,assumption__radius_mixed__noise_deterministic__scale_75,broad_or_stress_assumption,True,True,current,True,0,-1376.9000030000007,-1376.9000030000007,14.052922976930668,9797.961643,8421.06164,-5394.500022720393,-81,61,183.0,0,-1078.900004544079,-405.0,-76.0,183.0,0.0,-276.01181500000166
p4-refinement-confirmation-round-stress-p4-0060-77691c0ba45edaa3,4,stress,stress_design,confirmation,deterministic,coverage,assumption__radius_mixed__noise_deterministic__scale_75,broad_or_stress_assumption,True,True,current,True,0,-1757.9837240000006,-1757.9837240000006,17.942341356847056,9797.961643,8039.977919,-6534.91862059943,-81,10,30.0,0,-1306.9837241198857,-405.0,-76.0,30.0,0.0,-276.352890000001
p4-refinement-confirmation-round-stress-p4-0061-1bd936284ff92ad3,4,stress,stress_design,confirmation,correlated,combined_cover,assumption__radius_mixed__noise_correlated__scale_75,broad_or_stress_assumption,True,True,current,True,0,-958.7540960000006,-958.7540960000006,9.43821373845992,10158.215554,9199.461458,-3543.770490244551,-57,29,87.0,2,-708.7540980489102,-285.0,-52.0,87.0,0.0,-1858.6776420000006
p4-refinement-confirmation-round-stress-p4-0061-1bd936284ff92ad3,4,stress,stress_design,confirmation,correlated,coverage,assumption__radius_mixed__noise_correlated__scale_75,broad_or_stress_assumption,True,True,current,True,0,-1333.831615000001,-1333.831615000001,13.130570107608891,10158.215554,8824.383939,-4699.158077014912,-57,-19,-57.0,2,-939.8316154029826,-285.0,-52.0,-57.0,0.0,-1858.6776420000006
p4-refinement-confirmation-round-stress-p4-0062-e4367c57ee436aca,4,stress,stress_design,confirmation,extreme,combined_cover,assumption__radius_mixed__noise_extreme__scale_75,broad_or_stress_assumption,True,True,current,True,0,-1523.743918000001,-1523.743918000001,16.00032792071857,9523.204309,7999.460391,-5748.7196146518,-79,31,93.0,4,-1149.74392293036,-395.0,-72.0,93.0,0.0,1282.279654
p4-refinement-confirmation-round-stress-p4-0062-e4367c57ee436aca,4,stress,stress_design,confirmation,extreme,coverage,assumption__radius_mixed__noise_extreme__scale_75,broad_or_stress_assumption,True,True,current,True,0,-1218.2474820000007,-1218.2474820000007,12.792411487472588,9523.204309,8304.956827,-4746.237430043286,-79,66,198.0,3,-949.2474860086577,-395.0,-72.0,198.0,0.0,1281.7748279999996
p4-refinement-confirmation-round-stress-p4-0063-88a86b3530e9e430,4,stress,stress_design,confirmation,deterministic,combined_cover,assumption__radius_min__noise_deterministic__scale_150,broad_or_stress_assumption,True,True,current,True,0,-1874.0063699999992,-1874.0063699999992,18.115430022836083,10344.807535,8470.801165,-8095.031847268234,-32,-23,-69.0,1,-1619.0063694536466,-160.0,-26.0,-69.0,0.0,0.0
p4-refinement-confirmation-round-stress-p4-0063-88a86b3530e9e430,4,stress,stress_design,confirmation,deterministic,coverage,assumption__radius_min__noise_deterministic__scale_150,broad_or_stress_assumption,True,True,current,True,0,-1797.5495200000005,-1797.5495200000005,17.376345706947948,10344.807535,8547.258015,-7862.747588141661,-32,-13,-39.0,1,-1572.549517628332,-160.0,-26.0,-39.0,0.0,0.0
p4-refinement-confirmation-round-stress-p4-0064-280e5219e53dfb14,4,stress,stress_design,confirmation,correlated,combined_cover,assumption__radius_min__noise_correlated__scale_150,broad_or_stress_assumption,True,True,current,True,0,-20.493930999999975,-20.493930999999975,0.2660440916251092,7703.20847,7682.714539,2007.530335679192,32,-201,-603.0,-4,401.50606713583875,160.0,21.0,-603.0,0.0,0.0
p4-refinement-confirmation-round-stress-p4-0064-280e5219e53dfb14,4,stress,stress_design,confirmation,correlated,coverage,assumption__radius_min__noise_correlated__scale_150,broad_or_stress_assumption,True,True,current,True,0,69.56127800000013,69.56127800000013,-0.9030169476901114,7703.20847,7772.769748,2457.8063729669084,32,-201,-603.0,-4,491.5612745933813,160.0,21.0,-603.0,0.0,0.0
p4-refinement-confirmation-round-stress-p4-0065-d3ae197e252cf7f7,4,stress,stress_design,confirmation,extreme,combined_cover,assumption__radius_min__noise_extreme__scale_150,broad_or_stress_assumption,True,True,current,True,0,68.37552700000015,68.37552700000015,-0.6507585341238087,10507.050375,10575.425902,296.8776249253933,-59,119,357.0,0,59.3755249850783,-295.0,-53.0,357.0,0.0,-1354.6698020000003
p4-refinement-confirmation-round-stress-p4-0065-d3ae197e252cf7f7,4,stress,stress_design,confirmation,extreme,coverage,assumption__radius_min__noise_extreme__scale_150,broad_or_stress_assumption,True,True,current,True,0,918.7659339999991,918.7659339999991,-8.744280280468333,10507.050375,11425.816309,3423.8296683411827,-59,194,582.0,-1,684.7659336682364,-295.0,-53.0,582.0,0.0,-1354.6698020000003
p4-refinement-confirmation-round-stress-p4-0066-51a59efe63176f2b,4,stress,stress_design,confirmation,deterministic,combined_cover,assumption__radius_max__noise_deterministic__scale_150,broad_or_stress_assumption,True,True,current,True,0,-2952.2180799999987,-2952.2180799999987,25.88039205059186,11407.161353,8454.943273,-13116.090410195124,-45,-22,-66.0,-2,-2623.218082039026,-225.0,-38.0,-66.0,0.0,368.5994670000009
p4-refinement-confirmation-round-stress-p4-0066-51a59efe63176f2b,4,stress,stress_design,confirmation,deterministic,coverage,assumption__radius_max__noise_deterministic__scale_150,broad_or_stress_assumption,True,True,current,True,0,-2962.738138999999,-2962.738138999999,25.972615336249458,11407.161353,8444.423214,-13168.690706244295,-45,-22,-66.0,-2,-2633.7381412488594,-225.0,-38.0,-66.0,0.0,368.599467
p4-refinement-confirmation-round-stress-p4-0067-5cb31548c8383a26,4,stress,stress_design,confirmation,correlated,combined_cover,assumption__radius_max__noise_correlated__scale_150,broad_or_stress_assumption,True,True,current,True,0,-416.3446960000001,-416.3446960000001,4.147908241601831,10037.461577,9621.116881,-1641.7234899563264,-51,71,213.0,0,-328.344697991266,-255.0,-46.0,213.0,0.0,-1014.9710460000006
p4-refinement-confirmation-round-stress-p4-0067-5cb31548c8383a26,4,stress,stress_design,confirmation,correlated,coverage,assumption__radius_max__noise_correlated__scale_150,broad_or_stress_assumption,True,True,current,True,0,-474.89770599999974,-474.89770599999974,4.731253039993577,10037.461577,9562.563871,-1784.4885401832144,-51,61,183.0,0,-356.89770803664305,-255.0,-46.0,183.0,0.0,-1014.9710460000006
p4-refinement-confirmation-round-stress-p4-0068-618cf8b8ab4419a8,4,stress,stress_design,confirmation,extreme,combined_cover,assumption__radius_max__noise_extreme__scale_150,broad_or_stress_assumption,True,True,current,True,0,-1932.9812450000009,-1932.9812450000009,19.960439544993775,9684.061519,7751.080274,-7329.906212572569,-75,-7,-21.0,-2,-1465.9812425145137,-375.0,-71.0,-21.0,0.0,2125.719223
p4-refinement-confirmation-round-stress-p4-0068-618cf8b8ab4419a8,4,stress,stress_design,confirmation,extreme,coverage,assumption__radius_max__noise_extreme__scale_150,broad_or_stress_assumption,True,True,current,True,0,-1579.350394000001,-1579.350394000001,16.308760440041983,9684.061519,8104.711125,-6191.751962713486,-75,35,105.0,-2,-1238.3503925426976,-375.0,-71.0,105.0,0.0,2127.9410529999996
p4-refinement-confirmation-round-stress-p4-0069-930dab100032dd02,4,stress,stress_design,confirmation,deterministic,combined_cover,assumption__radius_mixed__noise_deterministic__scale_150,broad_or_stress_assumption,True,True,current,True,0,-2464.071061999999,-2464.071061999999,20.70821857836013,11899.000644,9434.929582,-8555.355319038608,-58,-137,-411.0,-2,-1711.0710638077217,-290.0,-52.0,-411.0,0.0,0.0
p4-refinement-confirmation-round-stress-p4-0069-930dab100032dd02,4,stress,stress_design,confirmation,deterministic,coverage,assumption__radius_mixed__noise_deterministic__scale_150,broad_or_stress_assumption,True,True,current,True,0,-2063.359559999999,-2063.359559999999,17.340612222257803,11899.000644,9835.641084,-7241.797798999527,-58,-91,-273.0,-2,-1448.3595597999047,-290.0,-52.0,-273.0,0.0,0.0
p4-refinement-confirmation-round-stress-p4-0070-11354accd8d930a8,4,stress,stress_design,confirmation,correlated,combined_cover,assumption__radius_mixed__noise_correlated__scale_150,broad_or_stress_assumption,True,True,current,True,0,-1185.3466439999993,-1185.3466439999993,11.945832485237874,9922.679273,8737.332629,-5631.733211442646,-33,45,135.0,-6,-1126.3466422885303,-165.0,-29.0,135.0,0.0,-1601.0602339999987
p4-refinement-confirmation-round-stress-p4-0070-11354accd8d930a8,4,stress,stress_design,confirmation,correlated,coverage,assumption__radius_mixed__noise_correlated__scale_150,broad_or_stress_assumption,True,True,current,True,0,-749.129621,-749.129621,7.54967081359176,9922.679273,9173.549652,-4095.6481044053435,-33,88,264.0,-4,-819.1296208810691,-165.0,-29.0,264.0,0.0,-1601.0602339999996
p4-refinement-confirmation-round-stress-p4-0071-924ad39932e43647,4,stress,stress_design,confirmation,extreme,combined_cover,assumption__radius_mixed__noise_extreme__scale_150,broad_or_stress_assumption,True,True,current,True,0,-1876.8319609999999,-1876.8319609999999,17.57663997183167,10677.990583,8801.158622,-8034.159808381104,-21,-50,-150.0,1,-1606.83196167622,-105.0,-15.0,-150.0,0.0,0.0
p4-refinement-confirmation-round-stress-p4-0071-924ad39932e43647,4,stress,stress_design,confirmation,extreme,coverage,assumption__radius_mixed__noise_extreme__scale_150,broad_or_stress_assumption,True,True,current,True,0,-531.9194790000001,-531.9194790000001,4.981456715712484,10677.990583,10146.071104,-3319.5974020640424,-21,84,252.0,1,-663.9194804128074,-105.0,-15.0,252.0,0.0,0.0
p4-refinement-confirmation-round-stress-p4-0072-f032c7674520aa3e,4,stress,stress_design,confirmation,deterministic,combined_cover,assumption__radius_min__noise_deterministic__scale_300,broad_or_stress_assumption,True,True,current,True,0,-1489.4817729999995,-1489.4817729999995,14.679125850399917,10146.937823,8657.45605,-4997.4088458211045,-75,-15,-45.0,-3,-999.4817691642211,-375.0,-70.0,-45.0,0.0,0.0
p4-refinement-confirmation-round-stress-p4-0072-f032c7674520aa3e,4,stress,stress_design,confirmation,deterministic,coverage,assumption__radius_min__noise_deterministic__scale_300,broad_or_stress_assumption,True,True,current,True,0,-921.4405910000005,-921.4405910000005,9.080972083137997,10146.937823,9225.497232,-3162.202939910283,-75,52,156.0,-3,-632.440587982057,-375.0,-70.0,156.0,0.0,0.0
p4-refinement-confirmation-round-stress-p4-0073-2c52369fbf212f65,4,stress,stress_design,confirmation,correlated,combined_cover,assumption__radius_min__noise_correlated__scale_300,broad_or_stress_assumption,True,True,current,True,0,-2741.347119000001,-2741.347119000001,25.229173678255243,10865.782423,8124.435304,-11566.735588158364,-61,-23,-69.0,-2,-2313.3471176316734,-305.0,-54.0,-69.0,0.0,970.0562059999993
p4-refinement-confirmation-round-stress-p4-0073-2c52369fbf212f65,4,stress,stress_design,confirmation,correlated,coverage,assumption__radius_min__noise_correlated__scale_300,broad_or_stress_assumption,True,True,current,True,0,-2714.5722080000005,-2714.5722080000005,24.98275874044713,10865.782423,8151.210215,-11492.861038636165,-61,-19,-57.0,-2,-2298.572207727233,-305.0,-54.0,-57.0,0.0,967.5673299999999
p4-refinement-confirmation-round-stress-p4-0074-9349a894cde8a45b,4,stress,stress_design,confirmation,extreme,combined_cover,assumption__radius_min__noise_extreme__scale_300,broad_or_stress_assumption,True,True,current,True,0,-2466.8009629999997,-2466.8009629999997,22.594545278411186,10917.683594,8450.882631,-10189.004817211498,-58,-29,-87.0,-3,-2037.8009634422997,-290.0,-52.0,-87.0,0.0,1392.7741150000002
p4-refinement-confirmation-round-stress-p4-0074-9349a894cde8a45b,4,stress,stress_design,confirmation,extreme,coverage,assumption__radius_min__noise_extreme__scale_300,broad_or_stress_assumption,True,True,current,True,0,-2532.3272579999993,-2532.3272579999993,23.1947302392211,10917.683594,8385.356336,-10186.636293402153,-58,-51,-153.0,-3,-2037.3272586804305,-290.0,-52.0,-153.0,0.0,1392.774115000001
p4-refinement-confirmation-round-stress-p4-0075-407cfeb0adc53627,4,stress,stress_design,confirmation,deterministic,combined_cover,assumption__radius_max__noise_deterministic__scale_300,broad_or_stress_assumption,True,True,current,True,0,-2292.458946999999,-2292.458946999999,20.49645245943073,11184.662085,8892.203138,-10357.294729885856,-37,-3,-9.0,2,-2071.4589459771714,-185.0,-27.0,-9.0,0.0,0.0
p4-refinement-confirmation-round-stress-p4-0075-407cfeb0adc53627,4,stress,stress_design,confirmation,deterministic,coverage,assumption__radius_max__noise_deterministic__scale_300,broad_or_stress_assumption,True,True,current,True,0,-2202.428215,-2202.428215,19.691504296349958,11184.662085,8982.23387,-10057.141092823149,-37,7,21.0,2,-2011.4282185646298,-185.0,-27.0,21.0,0.0,0.0
p4-refinement-confirmation-round-stress-p4-0076-054600ee995711c8,4,stress,stress_design,confirmation,correlated,combined_cover,assumption__radius_max__noise_correlated__scale_300,broad_or_stress_assumption,True,True,current,True,0,-2985.8958459999994,-2985.8958459999994,26.001166123488552,11483.699738,8497.803892,-11444.479259038744,-11,-212,-636.0,0,-2288.8958518077498,-55.0,-6.0,-636.0,0.0,-3735.026821999999
p4-refinement-confirmation-round-stress-p4-0076-054600ee995711c8,4,stress,stress_design,confirmation,correlated,coverage,assumption__radius_max__noise_correlated__scale_300,broad_or_stress_assumption,True,True,current,True,0,-2981.3861559999987,-2981.3861559999987,25.961895765477724,11483.699738,8502.313582,-11451.930813757841,-11,-210,-630.0,1,-2290.386162751569,-55.0,-6.0,-630.0,0.0,-3735.026821999999
p4-refinement-confirmation-round-stress-p4-0077-69dc63d7325742c5,4,stress,stress_design,confirmation,extreme,combined_cover,assumption__radius_max__noise_extreme__scale_300,broad_or_stress_assumption,True,True,current,True,0,-1648.2173600000006,-1648.2173600000006,16.600486572601177,9928.729214,8280.511854,-5821.086799201796,-54,-55,-165.0,0,-1164.2173598403597,-270.0,-49.0,-165.0,0.0,-1638.7762260000009
p4-refinement-confirmation-round-stress-p4-0077-69dc63d7325742c5,4,stress,stress_design,confirmation,extreme,coverage,assumption__radius_max__noise_extreme__scale_300,broad_or_stress_assumption,True,True,current,True,0,-1613.226216000001,-1613.226216000001,16.248063384841558,9928.729214,8315.502998,-5706.131082124564,-54,-51,-153.0,0,-1141.2262164249132,-270.0,-49.0,-153.0,0.0,-1640.1379320000005
p4-refinement-confirmation-round-stress-p4-0078-24c57b36c2e79376,4,stress,stress_design,confirmation,deterministic,combined_cover,assumption__radius_mixed__noise_deterministic__scale_300,broad_or_stress_assumption,True,True,current,True,0,-1501.5416260000002,-1501.5416260000002,15.032854119730224,9988.400167,8486.858541,-4812.708140494473,-81,-20,-60.0,0,-962.5416280988948,-405.0,-74.0,-60.0,0.0,0.0
p4-refinement-confirmation-round-stress-p4-0078-24c57b36c2e79376,4,stress,stress_design,confirmation,deterministic,coverage,assumption__radius_mixed__noise_deterministic__scale_300,broad_or_stress_assumption,True,True,current,True,0,-990.116736,-990.116736,9.912665886887268,9988.400167,8998.283431,-3155.5836811048466,-81,40,120.0,0,-631.116736220969,-405.0,-74.0,120.0,0.0,0.0
p4-refinement-confirmation-round-stress-p4-0079-9f5f17e5a62dff1b,4,stress,stress_design,confirmation,correlated,combined_cover,assumption__radius_mixed__noise_correlated__scale_300,broad_or_stress_assumption,True,True,current,True,0,-1965.921926000001,-1965.921926000001,17.37962026133959,11311.650637,9345.728711,-7274.60963949022,-54,-64,-192.0,2,-1454.9219278980445,-270.0,-49.0,-192.0,0.0,0.0
p4-refinement-confirmation-round-stress-p4-0079-9f5f17e5a62dff1b,4,stress,stress_design,confirmation,correlated,coverage,assumption__radius_mixed__noise_correlated__scale_300,broad_or_stress_assumption,True,True,current,True,0,-1936.5267800000001,-1936.5267800000001,17.119754155646312,11311.650637,9375.123857,-7202.633899751629,-54,-59,-177.0,2,-1440.5267799503263,-270.0,-49.0,-177.0,0.0,0.0
p4-refinement-confirmation-round-stress-p4-0080-2f0b332e44301d43,4,stress,stress_design,confirmation,extreme,combined_cover,assumption__radius_mixed__noise_extreme__scale_300,broad_or_stress_assumption,True,True,current,True,0,-1671.1006509999988,-1671.1006509999988,16.330440508539787,10233.040867,8561.940216,-6880.503259053119,-47,-7,-21.0,3,-1376.1006518106242,-235.0,-39.0,-21.0,0.0,0.0
p4-refinement-confirmation-round-stress-p4-0080-2f0b332e44301d43,4,stress,stress_design,confirmation,extreme,coverage,assumption__radius_mixed__noise_extreme__scale_300,broad_or_stress_assumption,True,True,current,True,0,-1223.8905730000006,-1223.8905730000006,11.960184552246455,10233.040867,9009.150294,-5424.4528821351705,-47,45,135.0,3,-1084.8905764270348,-235.0,-39.0,135.0,0.0,0.0
p4-refinement-confirmation-round-stress-p4-0081-71ceb4cf33633c62,4,stress,stress_design,confirmation,deterministic,combined_cover,assumption__radius_min__noise_deterministic__scale_75,broad_or_stress_assumption,True,True,current,True,0,-922.4178799999991,-922.4178799999991,9.465345992759431,9745.210378,8822.792498,-2757.0894265119787,-47,-31,-93.0,1,-551.417885302395,-235.0,-43.0,-93.0,0.0,-1223.981819999999
p4-refinement-confirmation-round-stress-p4-0081-71ceb4cf33633c62,4,stress,stress_design,confirmation,deterministic,coverage,assumption__radius_min__noise_deterministic__scale_75,broad_or_stress_assumption,True,True,current,True,0,-891.8350719999999,-891.8350719999999,9.151522003191792,9745.210378,8853.375306,-2679.175384969574,-47,-26,-78.0,1,-535.8350769939143,-235.0,-43.0,-78.0,0.0,-1223.981819999999
p4-refinement-confirmation-round-stress-p4-0082-a6f535078954097f,4,stress,stress_design,confirmation,correlated,combined_cover,assumption__radius_min__noise_correlated__scale_75,broad_or_stress_assumption,True,True,current,True,0,-741.6289120000001,-741.6289120000001,7.303373896855825,10154.606932,9412.97802,-4228.144559248933,-31,95,285.0,0,-845.6289118497871,-155.0,-26.0,285.0,0.0,0.0
p4-refinement-confirmation-round-stress-p4-0082-a6f535078954097f,4,stress,stress_design,confirmation,correlated,coverage,assumption__radius_min__noise_correlated__scale_75,broad_or_stress_assumption,True,True,current,True,0,-1341.4179640000002,-1341.4179640000002,13.209944737228753,10154.606932,8813.188968,-6312.089815977983,-31,34,102.0,-1,-1262.4179631955976,-155.0,-26.0,102.0,0.0,0.0
p4-refinement-confirmation-round-stress-p4-0083-46ff366f450a9a3b,4,stress,stress_design,confirmation,extreme,combined_cover,assumption__radius_min__noise_extreme__scale_75,broad_or_stress_assumption,True,True,current,True,0,-1121.5560870000008,-1121.5560870000008,11.49584284335238,9756.188409,8634.632322,-3747.7804356925117,-26,-74,-222.0,-2,-749.5560871385023,-130.0,-20.0,-222.0,0.0,0.0
p4-refinement-confirmation-round-stress-p4-0083-46ff366f450a9a3b,4,stress,stress_design,confirmation,extreme,coverage,assumption__radius_min__noise_extreme__scale_75,broad_or_stress_assumption,True,True,current,True,0,-1010.9312740000005,-1010.9312740000005,10.361949068833328,9756.188409,8745.257135,-3359.656379507229,-26,-63,-189.0,-2,-671.9312759014456,-130.0,-20.0,-189.0,0.0,0.0
p4-refinement-confirmation-round-stress-p4-0084-71c284784a3f073d,4,stress,stress_design,confirmation,deterministic,combined_cover,assumption__radius_max__noise_deterministic__scale_75,broad_or_stress_assumption,True,True,current,True,0,-1941.8179849999997,-1941.8179849999997,18.19701750035777,10671.078296,8729.260311,-8069.089928276502,-68,24,72.0,-1,-1613.8179856553006,-340.0,-60.0,72.0,0.0,0.0
p4-refinement-confirmation-round-stress-p4-0084-71c284784a3f073d,4,stress,stress_design,confirmation,deterministic,coverage,assumption__radius_max__noise_deterministic__scale_75,broad_or_stress_assumption,True,True,current,True,0,-1640.1798450000006,-1640.1798450000006,15.370329028649463,10671.078296,9030.898451,-7025.899220804662,-68,55,165.0,-1,-1405.1798441609326,-340.0,-60.0,165.0,0.0,0.0
p4-refinement-confirmation-round-stress-p4-0085-362e36a621034840,4,stress,stress_design,confirmation,correlated,combined_cover,assumption__radius_max__noise_correlated__scale_75,broad_or_stress_assumption,True,True,current,True,0,-3488.7700920000007,-3488.7700920000007,28.852602888450356,12091.699683,8602.929591,-15368.850469546578,-44,-54,-162.0,3,-3073.7700939093165,-220.0,-33.0,-162.0,0.0,827.3607410000004
p4-refinement-confirmation-round-stress-p4-0085-362e36a621034840,4,stress,stress_design,confirmation,correlated,coverage,assumption__radius_max__noise_correlated__scale_75,broad_or_stress_assumption,True,True,current,True,0,-3429.527478,-3429.527478,28.362658417837253,12091.699683,8662.172205,-15207.637392968143,-44,-45,-135.0,3,-3041.527478593629,-220.0,-33.0,-135.0,0.0,829.2425760000006
p4-refinement-confirmation-round-stress-p4-0086-f1fe11620817caf9,4,stress,stress_design,confirmation,extreme,combined_cover,assumption__radius_max__noise_extreme__scale_75,broad_or_stress_assumption,True,True,current,True,0,-1275.5451229999999,-1275.5451229999999,13.885186201651619,9186.373913,7910.82879,-5282.725599812235,-50,25,75.0,2,-1056.5451199624476,-250.0,-44.0,75.0,0.0,1780.122915
p4-refinement-confirmation-round-stress-p4-0086-f1fe11620817caf9,4,stress,stress_design,confirmation,extreme,coverage,assumption__radius_max__noise_extreme__scale_75,broad_or_stress_assumption,True,True,current,True,0,-971.2680519999994,-971.2680519999994,10.572920950077155,9186.373913,8215.105861,-4316.340257909724,-50,62,186.0,2,-863.2680515819447,-250.0,-44.0,186.0,0.0,1780.1845780000003
p4-refinement-confirmation-round-stress-p4-0087-54db92011b20f4be,4,stress,stress_design,confirmation,deterministic,combined_cover,assumption__radius_mixed__noise_deterministic__scale_75,broad_or_stress_assumption,True,True,current,True,0,-1341.9221560000005,-1341.9221560000005,12.556683344897575,10686.915638,9344.993482,-4789.610786116231,-50,-30,-90.0,0,-957.9221572232454,-250.0,-44.0,-90.0,0.0,0.0
p4-refinement-confirmation-round-stress-p4-0087-54db92011b20f4be,4,stress,stress_design,confirmation,deterministic,coverage,assumption__radius_mixed__noise_deterministic__scale_75,broad_or_stress_assumption,True,True,current,True,0,-1226.7103079999997,-1226.7103079999997,11.478618804083421,10686.915638,9460.20533,-4438.551559509484,-50,-15,-45.0,0,-887.7103119018966,-250.0,-44.0,-45.0,0.0,0.0
p4-refinement-confirmation-round-stress-p4-0088-cb489401ceeec5e7,4,stress,stress_design,confirmation,correlated,combined_cover,assumption__radius_mixed__noise_correlated__scale_75,broad_or_stress_assumption,True,True,current,True,0,-1185.573934,-1185.573934,12.406517585548471,9556.057337,8370.483403,-4482.869678290212,-48,-2,-6.0,1,-896.5739356580425,-240.0,-43.0,-6.0,0.0,-3752.5282500000003
p4-refinement-confirmation-round-stress-p4-0088-cb489401ceeec5e7,4,stress,stress_design,confirmation,correlated,coverage,assumption__radius_mixed__noise_correlated__scale_75,broad_or_stress_assumption,True,True,current,True,0,-1135.8681589999997,-1135.8681589999997,11.886368184523583,9556.057337,8420.189178,-4339.340809644978,-48,5,15.0,1,-867.8681619289964,-240.0,-43.0,15.0,0.0,-3752.5282500000003
p4-refinement-confirmation-round-stress-p4-0089-89fa3db281208a71,4,stress,stress_design,confirmation,extreme,combined_cover,assumption__radius_mixed__noise_extreme__scale_75,broad_or_stress_assumption,True,True,current,True,0,-1142.245903,-1142.245903,12.389112199814313,9219.7559,8077.509997,-5541.229524849063,-2,-10,-30.0,-1,-1108.2459049698127,-10.0,6.0,-30.0,0.0,-1974.5038729999997
p4-refinement-confirmation-round-stress-p4-0089-89fa3db281208a71,4,stress,stress_design,confirmation,extreme,coverage,assumption__radius_mixed__noise_extreme__scale_75,broad_or_stress_assumption,True,True,current,True,0,-1090.85138,-1090.85138,11.831673114035482,9219.7559,8128.90452,-5389.256899747321,-2,-3,-9.0,-1,-1077.851379949465,-10.0,6.0,-9.0,0.0,-1974.4761079999998
p4-refinement-confirmation-round-stress-p4-0090-3b34e7c29f00ca6d,4,stress,stress_design,confirmation,deterministic,combined_cover,assumption__radius_min__noise_deterministic__scale_150,broad_or_stress_assumption,True,True,current,True,0,-1584.5702029999993,-1584.5702029999993,14.828556642194945,10685.93688,9101.366677,-5507.850997065427,-81,-1,-3.0,2,-1101.570199413085,-405.0,-75.0,-3.0,0.0,0.0
p4-refinement-confirmation-round-stress-p4-0090-3b34e7c29f00ca6d,4,stress,stress_design,confirmation,deterministic,coverage,assumption__radius_min__noise_deterministic__scale_150,broad_or_stress_assumption,True,True,current,True,0,-550.0483100000001,-550.0483100000001,5.147403696810907,10685.93688,10135.88857,-2195.2415319801803,-81,123,369.0,2,-439.0483063960355,-405.0,-75.0,369.0,0.0,0.0
p4-refinement-confirmation-round-stress-p4-0091-fe659c08bc388ac4,4,stress,stress_design,confirmation,correlated,combined_cover,assumption__radius_min__noise_correlated__scale_150,broad_or_stress_assumption,True,True,current,True,0,-1341.6770319999996,-1341.6770319999996,13.02629364664889,10299.76038,8958.083348,-6233.385175320065,-38,43,129.0,2,-1246.6770350640136,-190.0,-34.0,129.0,0.0,-1205.213061999999
p4-refinement-confirmation-round-stress-p4-0091-fe659c08bc388ac4,4,stress,stress_design,confirmation,correlated,coverage,assumption__radius_min__noise_correlated__scale_150,broad_or_stress_assumption,True,True,current,True,0,-1314.451379,-1314.451379,12.76196076903296,10299.76038,8985.309001,-6187.256914093108,-38,49,147.0,2,-1237.4513828186218,-190.0,-34.0,147.0,0.0,-1205.213061999999
p4-refinement-confirmation-round-stress-p4-0092-681f7e5a2421ee52,4,stress,stress_design,confirmation,extreme,combined_cover,assumption__radius_min__noise_extreme__scale_150,broad_or_stress_assumption,True,True,current,True,0,-1797.304126000001,-1797.304126000001,18.175313140361265,9888.710649,8091.406523,-7306.520620491319,-56,-2,-6.0,-1,-1461.3041240982639,-280.0,-50.0,-6.0,0.0,0.0
p4-refinement-confirmation-round-stress-p4-0092-681f7e5a2421ee52,4,stress,stress_design,confirmation,extreme,coverage,assumption__radius_min__noise_extreme__scale_150,broad_or_stress_assumption,True,True,current,True,0,-1801.9420810000001,-1801.9420810000001,18.222214654265592,9888.710649,8086.768568,-7329.710401808043,-56,-2,-6.0,-1,-1465.9420803616085,-280.0,-50.0,-6.0,0.0,0.0
p4-refinement-confirmation-round-stress-p4-0093-b227e14f35576065,4,stress,stress_design,confirmation,deterministic,combined_cover,assumption__radius_max__noise_deterministic__scale_150,broad_or_stress_assumption,True,True,current,True,0,-2529.6888469999994,-2529.6888469999994,22.773261195596383,11108.15366,8578.464813,-10763.444241062207,-49,-31,-93.0,0,-2152.6888482124405,-245.0,-39.0,-93.0,0.0,0.0
p4-refinement-confirmation-round-stress-p4-0093-b227e14f35576065,4,stress,stress_design,confirmation,deterministic,coverage,assumption__radius_max__noise_deterministic__scale_150,broad_or_stress_assumption,True,True,current,True,0,-2486.043742,-2486.043742,22.380350669365875,11108.15366,8622.109918,-10605.218715012059,-49,-27,-81.0,0,-2121.0437430024112,-245.0,-39.0,-81.0,0.0,0.0
p4-refinement-confirmation-round-stress-p4-0094-9c8cf8e02f82cfdf,4,stress,stress_design,confirmation,correlated,combined_cover,assumption__radius_max__noise_correlated__scale_150,broad_or_stress_assumption,True,True,current,True,0,-1931.7152430000006,-1931.7152430000006,20.64208817914547,9358.138703,7426.42346,-7738.576214090783,-62,-5,-15.0,-1,-1547.715242818157,-310.0,-59.0,-15.0,0.0,261.8092389999997
p4-refinement-confirmation-round-stress-p4-0094-9c8cf8e02f82cfdf,4,stress,stress_design,confirmation,correlated,coverage,assumption__radius_max__noise_correlated__scale_150,broad_or_stress_assumption,True,True,current,True,0,-1788.986546,-1788.986546,19.116905645205843,9358.138703,7569.152157,-7294.932734102858,-62,13,39.0,-1,-1458.9865468205717,-310.0,-59.0,39.0,0.0,261.80923900000016
p4-refinement-confirmation-round-stress-p4-0095-c088a94febaf762b,4,stress,stress_design,confirmation,extreme,combined_cover,assumption__radius_max__noise_extreme__scale_150,broad_or_stress_assumption,True,True,current,True,0,-1140.837528000001,-1140.837528000001,12.225242269838475,9331.819385,8190.981857,-4369.187657190698,-47,3,9.0,0,-873.8375314381392,-235.0,-41.0,9.0,0.0,-1690.078499000001
p4-refinement-confirmation-round-stress-p4-0095-c088a94febaf762b,4,stress,stress_design,confirmation,extreme,coverage,assumption__radius_max__noise_extreme__scale_150,broad_or_stress_assumption,True,True,current,True,0,-1088.7699310000007,-1088.7699310000007,11.667284653516692,9331.819385,8243.049454,-4183.8496588501,-47,8,24.0,0,-836.7699317700199,-235.0,-41.0,24.0,0.0,-1691.4050310000002
p4-refinement-confirmation-round-stress-p4-0096-32a37f512818cb51,4,stress,stress_design,confirmation,deterministic,combined_cover,assumption__radius_mixed__noise_deterministic__scale_150,broad_or_stress_assumption,True,True,current,True,0,-1417.3763749999998,-1417.3763749999998,13.207652226286813,10731.478621,9314.102246,-5906.881871689897,-70,59,177.0,1,-1181.3763743379795,-350.0,-63.0,177.0,0.0,-649.705700999999
p4-refinement-confirmation-round-stress-p4-0096-32a37f512818cb51,4,stress,stress_design,confirmation,deterministic,coverage,assumption__radius_mixed__noise_deterministic__scale_150,broad_or_stress_assumption,True,True,current,True,0,-1864.8476609999998,-1864.8476609999998,17.37735988543791,10731.478621,8866.63096,-7364.238295019917,-70,7,21.0,1,-1472.8476590039836,-350.0,-63.0,21.0,0.0,-651.2835809999997
p4-refinement-confirmation-round-stress-p4-0097-0cb78fcda1798671,4,stress,stress_design,confirmation,correlated,combined_cover,assumption__radius_mixed__noise_correlated__scale_150,broad_or_stress_assumption,True,True,current,True,0,-2565.124147999999,-2565.124147999999,19.923007350678102,12875.185472,10310.061324,-13080.620768463887,-19,53,159.0,3,-2616.1241536927764,-95.0,-13.0,159.0,0.0,0.0
p4-refinement-confirmation-round-stress-p4-0097-0cb78fcda1798671,4,stress,stress_design,confirmation,correlated,coverage,assumption__radius_mixed__noise_correlated__scale_150,broad_or_stress_assumption,True,True,current,True,0,-2931.6300109999993,-2931.6300109999993,22.769613823237666,12875.185472,9943.555461,-14298.150079474755,-19,12,36.0,3,-2859.6300158949507,-95.0,-13.0,36.0,0.0,0.0
p4-refinement-confirmation-round-stress-p4-0098-87c3eeaca5ba0db2,4,stress,stress_design,confirmation,extreme,combined_cover,assumption__radius_mixed__noise_extreme__scale_150,broad_or_stress_assumption,True,True,current,True,0,-1619.3389499999994,-1619.3389499999994,16.633917607917702,9735.162745,8115.823795,-6421.6947471602,-74,34,102.0,0,-1284.33894943204,-370.0,-67.0,102.0,0.0,0.0
p4-refinement-confirmation-round-stress-p4-0098-87c3eeaca5ba0db2,4,stress,stress_design,confirmation,extreme,coverage,assumption__radius_mixed__noise_extreme__scale_150,broad_or_stress_assumption,True,True,current,True,0,-1375.7420679999996,-1375.7420679999996,14.131680219794822,9735.162745,8359.420677,-5638.710342589162,-74,63,189.0,0,-1127.7420685178322,-370.0,-67.0,189.0,0.0,0.0
p4-refinement-confirmation-round-stress-p4-0099-a4564358ff51b01b,4,stress,stress_design,confirmation,deterministic,combined_cover,assumption__radius_min__noise_deterministic__scale_300,broad_or_stress_assumption,True,True,current,True,0,-2204.63788,-2204.63788,20.061423872324934,10989.438706,8784.800826,-10013.189402802196,-52,34,102.0,-1,-2002.63788056044,-260.0,-44.0,102.0,0.0,656.5648890000002
p4-refinement-confirmation-round-stress-p4-0099-a4564358ff51b01b,4,stress,stress_design,confirmation,deterministic,coverage,assumption__radius_min__noise_deterministic__scale_300,broad_or_stress_assumption,True,True,current,True,0,-1777.7431340000003,-1777.7431340000003,16.17683288073112,10989.438706,9211.695572,-8433.715666910073,-52,71,213.0,-1,-1686.743133382015,-260.0,-44.0,213.0,0.0,660.6390630000005
p4-refinement-confirmation-round-stress-p4-0100-4143f26bb8d17ce1,4,stress,stress_design,confirmation,correlated,combined_cover,assumption__radius_min__noise_correlated__scale_300,broad_or_stress_assumption,True,True,current,True,0,-882.1879310000004,-882.1879310000004,17.91886020050731,4923.236864,4041.048933,-3865.939658293257,-20,2,6.0,4,-773.1879316586515,-100.0,-15.0,6.0,0.0,0.0
p4-refinement-confirmation-round-stress-p4-0100-4143f26bb8d17ce1,4,stress,stress_design,confirmation,correlated,coverage,assumption__radius_min__noise_correlated__scale_300,broad_or_stress_assumption,True,True,current,True,0,-859.8781120000003,-859.8781120000003,17.46570672411995,4923.236864,4063.358752,-3814.3905644428996,-20,6,18.0,4,-762.8781128885803,-100.0,-15.0,18.0,0.0,0.0
p4-refinement-confirmation-round-stress-p4-0101-4b070bafbc085709,4,stress,stress_design,confirmation,extreme,combined_cover,assumption__radius_min__noise_extreme__scale_300,broad_or_stress_assumption,True,True,current,True,0,-752.4158959999986,-752.4158959999986,8.169653469844183,9209.887528,8457.471632,-3777.0794730506823,-19,38,114.0,0,-755.4158946101361,-95.0,-16.0,114.0,0.0,684.243244000002
p4-refinement-confirmation-round-stress-p4-0101-4b070bafbc085709,4,stress,stress_design,confirmation,extreme,coverage,assumption__radius_min__noise_extreme__scale_300,broad_or_stress_assumption,True,True,current,True,0,-346.3983410000001,-346.3983410000001,3.761157125392423,9209.887528,8863.489187,-2301.991704457221,-19,75,225.0,1,-460.3983408914437,-95.0,-16.0,225.0,0.0,682.8874500000002
p4-refinement-confirmation-round-stress-p4-0102-41a96a021b63e401,4,stress,stress_design,confirmation,deterministic,combined_cover,assumption__radius_max__noise_deterministic__scale_300,broad_or_stress_assumption,True,True,current,True,0,-1922.8482239999994,-1922.8482239999994,16.892055447216418,11383.151269,9460.303045,-8764.241125110348,-36,13,39.0,-2,-1752.8482250220704,-180.0,-29.0,39.0,0.0,0.0
p4-refinement-confirmation-round-stress-p4-0102-41a96a021b63e401,4,stress,stress_design,confirmation,deterministic,coverage,assumption__radius_max__noise_deterministic__scale_300,broad_or_stress_assumption,True,True,current,True,0,-1914.7259969999996,-1914.7259969999996,16.82070238506289,11383.151269,9468.425272,-8723.62998387005,-36,13,39.0,-2,-1744.725996774011,-180.0,-29.0,39.0,0.0,0.0
p4-refinement-confirmation-round-stress-p4-0103-259a867ad5739711,4,stress,stress_design,confirmation,correlated,combined_cover,assumption__radius_max__noise_correlated__scale_300,broad_or_stress_assumption,True,True,current,True,0,-2078.8535630000006,-2078.8535630000006,17.953945597754295,11578.811753,9499.95819,-9064.267823422531,-47,3,9.0,-1,-1812.8535646845066,-235.0,-40.0,9.0,0.0,0.0
p4-refinement-confirmation-round-stress-p4-0103-259a867ad5739711,4,stress,stress_design,confirmation,correlated,coverage,assumption__radius_max__noise_correlated__scale_300,broad_or_stress_assumption,True,True,current,True,0,-2092.309851,-2092.309851,18.070160355253165,11578.811753,9486.501902,-9146.549264495385,-47,4,12.0,-1,-1829.3098528990777,-235.0,-40.0,12.0,0.0,0.0
p4-refinement-confirmation-round-stress-p4-0104-7c1e90fdbfb395ca,4,stress,stress_design,confirmation,extreme,combined_cover,assumption__radius_max__noise_extreme__scale_300,broad_or_stress_assumption,True,True,current,True,0,-1435.4815690000005,-1435.4815690000005,16.276806128053565,8819.184536,7383.702967,-5997.407843756511,-42,3,9.0,1,-1199.4815687513028,-210.0,-35.0,9.0,0.0,1821.0293739999997
p4-refinement-confirmation-round-stress-p4-0104-7c1e90fdbfb395ca,4,stress,stress_design,confirmation,extreme,coverage,assumption__radius_max__noise_extreme__scale_300,broad_or_stress_assumption,True,True,current,True,0,-1416.6842320000005,-1416.6842320000005,16.06366468710436,8819.184536,7402.500304,-5918.42116217261,-42,4,12.0,1,-1183.6842324345225,-210.0,-35.0,12.0,0.0,1821.0293739999997
p4-refinement-confirmation-round-stress-p4-0105-308aafa5bb2fa5a5,4,stress,stress_design,confirmation,deterministic,combined_cover,assumption__radius_mixed__noise_deterministic__scale_300,broad_or_stress_assumption,True,True,current,True,0,-1805.1063159999994,-1805.1063159999994,16.43518521169878,10983.182074,9178.075758,-6195.531579496048,-75,-41,-123.0,0,-1239.1063158992092,-375.0,-68.0,-123.0,0.0,-1435.2918640000007
p4-refinement-confirmation-round-stress-p4-0105-308aafa5bb2fa5a5,4,stress,stress_design,confirmation,deterministic,coverage,assumption__radius_mixed__noise_deterministic__scale_300,broad_or_stress_assumption,True,True,current,True,0,-1803.3572540000005,-1803.3572540000005,16.419260300427943,10983.182074,9179.82482,-6141.78626808097,-75,-44,-132.0,0,-1228.3572536161937,-375.0,-68.0,-132.0,0.0,-1435.2918640000007
p4-refinement-confirmation-round-stress-p4-0106-645951edf91f45a0,4,stress,stress_design,confirmation,correlated,combined_cover,assumption__radius_mixed__noise_correlated__scale_300,broad_or_stress_assumption,True,True,current,True,0,-386.25072799999907,-386.25072799999907,4.096002914155554,9429.942705,9043.691977,-2581.25362848262,-32,106,318.0,1,-516.2507256965237,-160.0,-28.0,318.0,0.0,-3331.837409999999
p4-refinement-confirmation-round-stress-p4-0106-645951edf91f45a0,4,stress,stress_design,confirmation,correlated,coverage,assumption__radius_mixed__noise_correlated__scale_300,broad_or_stress_assumption,True,True,current,True,0,-109.43602499999906,-109.43602499999906,1.1605163299875962,9429.942705,9320.50668,-1662.1801145706995,-32,137,411.0,1,-332.43602291413936,-160.0,-28.0,411.0,0.0,-3331.837409999999
p4-refinement-confirmation-round-stress-p4-0107-7bcf6c8440e7d5ca,4,stress,stress_design,confirmation,extreme,combined_cover,assumption__radius_mixed__noise_extreme__scale_300,broad_or_stress_assumption,True,True,current,True,0,-1566.6148699999994,-1566.6148699999994,15.491271330377186,10112.887681,8546.272811,-6748.074349540111,-48,22,66.0,0,-1349.6148699080222,-240.0,-43.0,66.0,0.0,1717.3578030000008
p4-refinement-confirmation-round-stress-p4-0107-7bcf6c8440e7d5ca,4,stress,stress_design,confirmation,extreme,coverage,assumption__radius_mixed__noise_extreme__scale_300,broad_or_stress_assumption,True,True,current,True,0,-976.7938150000009,-976.7938150000009,9.658901055879342,10112.887681,9136.093866,-4728.969073402004,-48,84,252.0,0,-945.7938146804008,-240.0,-43.0,252.0,0.0,1718.6840299999994
p4-refinement-confirmation-round-stress-p4-0108-76c04ed259bfc2e9,4,stress,stress_design,confirmation,deterministic,combined_cover,assumption__radius_min__noise_deterministic__scale_75,broad_or_stress_assumption,True,True,current,True,0,-707.1765720000003,-707.1765720000003,6.438480191173654,10983.594746,10276.418174,-2095.882864250634,-93,88,264.0,-2,-419.17657285012683,-465.0,-87.0,264.0,0.0,0.0
p4-refinement-confirmation-round-stress-p4-0108-76c04ed259bfc2e9,4,stress,stress_design,confirmation,deterministic,coverage,assumption__radius_min__noise_deterministic__scale_75,broad_or_stress_assumption,True,True,current,True,0,-1071.2424520000004,-1071.2424520000004,9.753113409342827,10983.594746,9912.352294,-3001.212257180923,-93,27,81.0,-2,-600.2424514361846,-465.0,-87.0,81.0,0.0,0.0
p4-refinement-confirmation-round-stress-p4-0109-4538fe5ef7d7d6e7,4,stress,stress_design,confirmation,correlated,combined_cover,assumption__radius_min__noise_correlated__scale_75,broad_or_stress_assumption,True,True,current,True,0,-2447.962073999999,-2447.962073999999,22.4600140651925,10899.200984,8451.23891,-11364.8103771563,-33,6,18.0,-3,-2272.96207543126,-165.0,-28.0,18.0,0.0,0.0
p4-refinement-confirmation-round-stress-p4-0109-4538fe5ef7d7d6e7,4,stress,stress_design,confirmation,correlated,coverage,assumption__radius_min__noise_correlated__scale_75,broad_or_stress_assumption,True,True,current,True,0,-2382.189474999999,-2382.189474999999,21.85655148938943,10899.200984,8517.011509,-11200.947383242623,-33,17,51.0,-3,-2240.189476648524,-165.0,-28.0,51.0,0.0,0.0
p4-refinement-confirmation-round-stress-p4-0110-c577cc97a62c9a32,4,stress,stress_design,confirmation,extreme,combined_cover,assumption__radius_min__noise_extreme__scale_75,broad_or_stress_assumption,True,True,current,True,0,-1033.0929660000002,-1033.0929660000002,11.049047480949147,9350.063594,8316.970628,-4630.464820882102,-56,74,222.0,0,-926.0929641764205,-280.0,-49.0,222.0,0.0,1915.9313549999988
p4-refinement-confirmation-round-stress-p4-0110-c577cc97a62c9a32,4,stress,stress_design,confirmation,extreme,coverage,assumption__radius_min__noise_extreme__scale_75,broad_or_stress_assumption,True,True,current,True,0,-300.6101689999996,-300.6101689999996,3.215060154167328,9350.063594,9049.453425,-2078.0508366769864,-56,148,444.0,0,-415.6101673353969,-280.0,-49.0,444.0,0.0,1915.9313549999997
p4-refinement-confirmation-round-stress-p4-0111-8b66799721fc4f83,4,stress,stress_design,confirmation,deterministic,combined_cover,assumption__radius_max__noise_deterministic__scale_75,broad_or_stress_assumption,True,True,current,True,0,36.65453300000081,36.65453300000081,-0.3291034067162263,11137.694795,11174.349328,-1346.7273552965853,-8,116,348.0,2,-269.3454710593178,-40.0,-2.0,348.0,0.0,0.0
p4-refinement-confirmation-round-stress-p4-0111-8b66799721fc4f83,4,stress,stress_design,confirmation,deterministic,coverage,assumption__radius_max__noise_deterministic__scale_75,broad_or_stress_assumption,True,True,current,True,0,-279.98689000000013,-279.98689000000013,2.5138675026873023,11137.694795,10857.707905,-1984.9344741211098,-8,53,159.0,2,-396.98689482422196,-40.0,-2.0,159.0,0.0,0.0
p4-refinement-confirmation-round-stress-p4-0112-604d35de77ca332d,4,stress,stress_design,confirmation,correlated,combined_cover,assumption__radius_max__noise_correlated__scale_75,broad_or_stress_assumption,True,True,current,True,0,-282.32968400000027,-282.32968400000027,3.0194794317219027,9350.276774,9067.94709,-1846.6484278943244,-25,77,231.0,1,-369.3296855788649,-125.0,-19.0,231.0,0.0,-3387.8311649999996
p4-refinement-confirmation-round-stress-p4-0112-604d35de77ca332d,4,stress,stress_design,confirmation,correlated,coverage,assumption__radius_max__noise_correlated__scale_75,broad_or_stress_assumption,True,True,current,True,0,-1273.7863390000002,-1273.7863390000002,13.622980044205482,9350.276774,8076.490435,-5633.93170172548,-25,-1,-3.0,0,-1126.7863403450956,-125.0,-19.0,-3.0,0.0,-2035.5318420000003
p4-refinement-confirmation-round-stress-p4-0113-388514bd90932dd0,4,stress,stress_design,confirmation,extreme,combined_cover,assumption__radius_max__noise_extreme__scale_75,broad_or_stress_assumption,True,True,current,True,0,-5045.385261,-5045.385261,41.43352001437939,12177.061614,7131.676353,-20761.92630731602,-75,-153,-459.0,0,-4152.385261463203,-375.0,-59.0,-459.0,0.0,0.0
p4-refinement-confirmation-round-stress-p4-0113-388514bd90932dd0,4,stress,stress_design,confirmation,extreme,coverage,assumption__radius_max__noise_extreme__scale_75,broad_or_stress_assumption,True,True,current,True,0,-4892.532959,-4892.532959,40.17827218164883,12177.061614,7284.528655,-20207.664795931167,-75,-139,-417.0,1,-4041.532959186233,-375.0,-59.0,-417.0,0.0,0.0
p4-refinement-confirmation-round-stress-p4-0114-b24cf3b0c81f7941,4,stress,stress_design,confirmation,deterministic,combined_cover,assumption__radius_mixed__noise_deterministic__scale_75,broad_or_stress_assumption,True,True,current,True,0,-2229.532567,-2229.532567,19.756088986682244,11285.2932,9055.760633,-9092.662837053424,-39,-61,-183.0,-1,-1818.5325674106844,-195.0,-33.0,-183.0,0.0,0.0
p4-refinement-confirmation-round-stress-p4-0114-b24cf3b0c81f7941,4,stress,stress_design,confirmation,deterministic,coverage,assumption__radius_mixed__noise_deterministic__scale_75,broad_or_stress_assumption,True,True,current,True,0,-2139.9599880000005,-2139.9599880000005,18.962378292484246,11285.2932,9145.333212,-8839.799955953924,-39,-48,-144.0,-1,-1767.9599911907844,-195.0,-33.0,-144.0,0.0,0.0
p4-refinement-confirmation-round-stress-p4-0115-f7df4aea9cdb2fcc,4,stress,stress_design,confirmation,correlated,combined_cover,assumption__radius_mixed__noise_correlated__scale_75,broad_or_stress_assumption,True,True,current,True,0,-2414.648201,-2414.648201,22.698691988105274,10637.829714,8223.181513,-10448.240985177436,-49,-12,-36.0,-1,-2089.648197035487,-245.0,-44.0,-36.0,0.0,194.3107369999998
p4-refinement-confirmation-round-stress-p4-0115-f7df4aea9cdb2fcc,4,stress,stress_design,confirmation,correlated,coverage,assumption__radius_mixed__noise_correlated__scale_75,broad_or_stress_assumption,True,True,current,True,0,-2414.8594859999994,-2414.8594859999994,22.700678154510264,10637.829714,8222.970228,-10494.29741054809,-49,-9,-27.0,-1,-2098.8594821096176,-245.0,-44.0,-27.0,0.0,194.3107369999998
p4-refinement-confirmation-round-stress-p4-0116-49d5a5d705503782,4,stress,stress_design,confirmation,extreme,combined_cover,assumption__radius_mixed__noise_extreme__scale_75,broad_or_stress_assumption,True,True,current,True,0,-2261.6885620000003,-2261.6885620000003,22.936398290623263,9860.696232,7599.00767,-8698.442818044925,-79,-18,-54.0,-1,-1739.6885636089855,-395.0,-73.0,-54.0,0.0,2179.719223
p4-refinement-confirmation-round-stress-p4-0116-49d5a5d705503782,4,stress,stress_design,confirmation,extreme,coverage,assumption__radius_mixed__noise_extreme__scale_75,broad_or_stress_assumption,True,True,current,True,0,-1874.8377470000005,-1874.8377470000005,19.013239054213674,9860.696232,7985.858485,-7439.188739818554,-79,27,81.0,-1,-1487.837747963711,-395.0,-73.0,81.0,0.0,2181.9410529999996
p4-refinement-confirmation-round-stress-p4-0117-1f0cf50b9fe942fe,4,stress,stress_design,confirmation,deterministic,combined_cover,assumption__radius_min__noise_deterministic__scale_150,broad_or_stress_assumption,True,True,current,True,0,-1132.6613149999994,-1132.6613149999994,11.55303343774196,9804.016591,8671.355276,-4308.3065687161725,-31,-30,-90.0,-2,-861.661313743235,-155.0,-26.0,-90.0,0.0,-1188.6091629999992
p4-refinement-confirmation-round-stress-p4-0117-1f0cf50b9fe942fe,4,stress,stress_design,confirmation,deterministic,coverage,assumption__radius_min__noise_deterministic__scale_150,broad_or_stress_assumption,True,True,current,True,0,-1085.1198449999993,-1085.1198449999993,11.068115143706812,9804.016591,8718.896746,-4160.59922537877,-31,-24,-72.0,-2,-832.1198450757547,-155.0,-26.0,-72.0,0.0,-1188.6091629999992
p4-refinement-confirmation-round-stress-p4-0118-f82f06be6e04f776,4,stress,stress_design,confirmation,correlated,combined_cover,assumption__radius_min__noise_correlated__scale_150,broad_or_stress_assumption,True,True,current,True,0,-454.4895039999992,-454.4895039999992,5.175601753700029,8781.384767,8326.895263,-1922.4475215520943,-45,65,195.0,0,-384.48950431041885,-225.0,-40.0,195.0,0.0,-1630.0902209999995
p4-refinement-confirmation-round-stress-p4-0118-f82f06be6e04f776,4,stress,stress_design,confirmation,correlated,coverage,assumption__radius_min__noise_correlated__scale_150,broad_or_stress_assumption,True,True,current,True,0,-998.3461249999991,-998.3461249999991,11.36889171229273,8781.384767,7783.038642,-3756.7306206277935,-45,6,18.0,0,-751.3461241255591,-225.0,-40.0,18.0,0.0,-1631.9768169999988
p4-refinement-confirmation-round-stress-p4-0119-50b133e7230e67ea,4,stress,stress_design,confirmation,extreme,combined_cover,assumption__radius_min__noise_extreme__scale_150,broad_or_stress_assumption,True,True,current,True,0,-1860.6890210000001,-1860.6890210000001,18.489634719075582,10063.416878,8202.727857,-8603.445092396134,-7,-34,-102.0,-1,-1720.6890184792273,-35.0,-3.0,-102.0,0.0,1670.2557969999998
p4-refinement-confirmation-round-stress-p4-0119-50b133e7230e67ea,4,stress,stress_design,confirmation,extreme,coverage,assumption__radius_min__noise_extreme__scale_150,broad_or_stress_assumption,True,True,current,True,0,-1804.0830380000007,-1804.0830380000007,17.927142042023238,10063.416878,8259.33384,-8440.415185280472,-7,-26,-78.0,-1,-1688.0830370560952,-35.0,-3.0,-78.0,0.0,1671.6408269999993
p4-refinement-confirmation-round-stress-p4-0120-db44bdcb935de8c7,4,stress,stress_design,confirmation,deterministic,combined_cover,assumption__radius_max__noise_deterministic__scale_150,broad_or_stress_assumption,True,True,current,True,0,-2483.3356860000004,-2483.3356860000004,21.952518052680393,11312.304493,8828.968807,-10441.67843873379,-48,-37,-111.0,2,-2088.3356877467577,-240.0,-44.0,-111.0,0.0,-391.6035899999988
p4-refinement-confirmation-round-stress-p4-0120-db44bdcb935de8c7,4,stress,stress_design,confirmation,deterministic,coverage,assumption__radius_max__noise_deterministic__scale_150,broad_or_stress_assumption,True,True,current,True,0,-2440.156325,-2440.156325,21.570815447108565,11312.304493,8872.148168,-10315.781615639986,-48,-31,-93.0,2,-2063.156323127996,-240.0,-44.0,-93.0,0.0,-391.6035899999988
p4-refinement-confirmation-round-stress-p4-0121-58e45ec339fd3c62,4,stress,stress_design,confirmation,correlated,combined_cover,assumption__radius_max__noise_correlated__scale_150,broad_or_stress_assumption,True,True,current,True,0,-2230.551971000001,-2230.551971000001,18.897544346458243,11803.395881,9572.84391,-11172.759839896375,0,-1,-3.0,0,-2234.551967979274,0.0,7.0,-3.0,0.0,0.0
p4-refinement-confirmation-round-stress-p4-0121-58e45ec339fd3c62,4,stress,stress_design,confirmation,correlated,coverage,assumption__radius_max__noise_correlated__scale_150,broad_or_stress_assumption,True,True,current,True,0,-2246.9293130000005,-2246.9293130000005,19.03629544965866,11803.395881,9556.466568,-11269.646571514124,0,0,0.0,0,-2253.9293143028244,0.0,7.0,0.0,0.0,0.0
p4-refinement-confirmation-round-stress-p4-0122-0013e9b97afc1923,4,stress,stress_design,confirmation,extreme,combined_cover,assumption__radius_max__noise_extreme__scale_150,broad_or_stress_assumption,True,True,current,True,0,-1516.7299110000004,-1516.7299110000004,16.812587409271757,9021.394947,7504.665036,-6413.649554669537,-39,-2,-6.0,2,-1282.7299109339074,-195.0,-33.0,-6.0,0.0,514.5446649999994
p4-refinement-confirmation-round-stress-p4-0122-0013e9b97afc1923,4,stress,stress_design,confirmation,extreme,coverage,assumption__radius_max__noise_extreme__scale_150,broad_or_stress_assumption,True,True,current,True,0,-1443.2465180000008,-1443.2465180000008,15.9980416163904,9021.394947,7578.148429,-6166.232584026922,-39,6,18.0,2,-1233.246516805385,-195.0,-33.0,18.0,0.0,512.264705999999
p4-refinement-confirmation-round-stress-p4-0123-35dcd897115fccdc,4,stress,stress_design,confirmation,deterministic,combined_cover,assumption__radius_mixed__noise_deterministic__scale_150,broad_or_stress_assumption,True,True,current,True,0,-2446.2618469999998,-2446.2618469999998,22.795751746260606,10731.218142,8284.956295,-11346.309222085169,-32,3,9.0,5,-2269.261844417034,-160.0,-26.0,9.0,0.0,300.812688
p4-refinement-confirmation-round-stress-p4-0123-35dcd897115fccdc,4,stress,stress_design,confirmation,deterministic,coverage,assumption__radius_mixed__noise_deterministic__scale_150,broad_or_stress_assumption,True,True,current,True,0,-2334.974134,-2334.974134,21.758705331516317,10731.218142,8396.244008,-11014.870684432124,-32,18,54.0,5,-2202.974136886425,-160.0,-26.0,54.0,0.0,300.98011700000006
p4-refinement-confirmation-round-stress-p4-0124-44658ffaf21a5b79,4,stress,stress_design,confirmation,correlated,combined_cover,assumption__radius_mixed__noise_correlated__scale_150,broad_or_stress_assumption,True,True,current,True,0,-1839.73358,-1839.73358,17.021259489342604,10808.445645,8968.712065,-8043.66790526102,-38,-2,-6.0,-3,-1608.7335810522036,-190.0,-35.0,-6.0,0.0,3325.344585
p4-refinement-confirmation-round-stress-p4-0124-44658ffaf21a5b79,4,stress,stress_design,confirmation,correlated,coverage,assumption__radius_mixed__noise_correlated__scale_150,broad_or_stress_assumption,True,True,current,True,0,-2320.4656489999998,-2320.4656489999998,21.46900419556118,10808.445645,8487.979996,-9607.328245663055,-38,-58,-174.0,-3,-1921.4656491326114,-190.0,-35.0,-174.0,0.0,3322.0049310000004
p4-refinement-confirmation-round-stress-p4-0125-db0afff6ddfeeee5,4,stress,stress_design,confirmation,extreme,combined_cover,assumption__radius_mixed__noise_extreme__scale_150,broad_or_stress_assumption,True,True,current,True,0,-87.97335699999894,-87.97335699999894,0.7858934336803703,11194.056755,11106.083398,-1234.8667810782135,-61,173,519.0,2,-246.97335621564343,-305.0,-55.0,519.0,0.0,1673.3979370000015
p4-refinement-confirmation-round-stress-p4-0125-db0afff6ddfeeee5,4,stress,stress_design,confirmation,extreme,coverage,assumption__radius_mixed__noise_extreme__scale_150,broad_or_stress_assumption,True,True,current,True,0,-215.265116999999,-215.265116999999,1.9230304232989304,11194.056755,10978.791638,-1286.3255910817606,-61,134,402.0,2,-257.26511821635177,-305.0,-55.0,402.0,0.0,1673.3979369999997
p4-refinement-confirmation-round-stress-p4-0126-fea9b69d39f5f169,4,stress,stress_design,confirmation,deterministic,combined_cover,assumption__radius_min__noise_deterministic__scale_300,broad_or_stress_assumption,True,True,current,True,0,-2302.3829849999993,-2302.3829849999993,22.076739951293938,10428.998983,8126.615998,-9051.914927182115,-74,-18,-54.0,1,-1810.382985436423,-370.0,-68.0,-54.0,0.0,853.053062
p4-refinement-confirmation-round-stress-p4-0126-fea9b69d39f5f169,4,stress,stress_design,confirmation,deterministic,coverage,assumption__radius_min__noise_deterministic__scale_300,broad_or_stress_assumption,True,True,current,True,0,-2253.900675,-2253.900675,21.611860147594378,10428.998983,8175.098308,-8869.503388851172,-74,-14,-42.0,1,-1773.9006777702343,-370.0,-68.0,-42.0,0.0,853.4489960000001
p4-refinement-confirmation-round-stress-p4-0127-4722fed437a2a081,4,stress,stress_design,confirmation,correlated,combined_cover,assumption__radius_min__noise_correlated__scale_300,broad_or_stress_assumption,True,True,current,True,0,-1736.6803709999986,-1736.6803709999986,15.922282976396922,10907.23217,9170.551799,-8748.401876603595,-32,66,198.0,-2,-1749.6803753207196,-160.0,-25.0,198.0,0.0,0.0
p4-refinement-confirmation-round-stress-p4-0127-4722fed437a2a081,4,stress,stress_design,confirmation,correlated,coverage,assumption__radius_min__noise_correlated__scale_300,broad_or_stress_assumption,True,True,current,True,0,-2098.445436,-2098.445436,19.239027860539252,10907.23217,8808.786734,-9942.227204079783,-32,25,75.0,-2,-1988.4454408159572,-160.0,-25.0,75.0,0.0,0.0
p4-refinement-confirmation-round-stress-p4-0128-352576f4e3bf31f9,4,stress,stress_design,confirmation,extreme,combined_cover,assumption__radius_min__noise_extreme__scale_300,broad_or_stress_assumption,True,True,current,True,0,-3338.952932,-3338.952932,32.69151944179457,10213.514052,6874.56112,-13724.764646240736,-65,-72,-216.0,3,-2744.9529292481475,-325.0,-53.0,-216.0,0.0,0.0
p4-refinement-confirmation-round-stress-p4-0128-352576f4e3bf31f9,4,stress,stress_design,confirmation,extreme,coverage,assumption__radius_min__noise_extreme__scale_300,broad_or_stress_assumption,True,True,current,True,0,-3010.904418,-3010.904418,29.47961301732784,10213.514052,7202.609634,-12609.522072807089,-65,-37,-111.0,3,-2521.904414561418,-325.0,-53.0,-111.0,0.0,0.0
p4-refinement-confirmation-round-stress-p4-0129-8058a0e3938fac3f,4,stress,stress_design,confirmation,deterministic,combined_cover,assumption__radius_max__noise_deterministic__scale_300,broad_or_stress_assumption,True,True,current,True,0,-1457.452756999999,-1457.452756999999,13.846175486715758,10526.031238,9068.578481,-4987.263787319665,-54,-48,-144.0,1,-997.4527574639333,-270.0,-46.0,-144.0,0.0,-2257.584198999999
p4-refinement-confirmation-round-stress-p4-0129-8058a0e3938fac3f,4,stress,stress_design,confirmation,deterministic,coverage,assumption__radius_max__noise_deterministic__scale_300,broad_or_stress_assumption,True,True,current,True,0,-1396.6999099999994,-1396.6999099999994,13.269007837994783,10526.031238,9129.331328,-4773.499550215951,-54,-42,-126.0,1,-954.6999100431904,-270.0,-46.0,-126.0,0.0,-2259.172837
p4-refinement-confirmation-round-stress-p4-0130-242bfd42cd9af9b2,4,stress,stress_design,confirmation,correlated,combined_cover,assumption__radius_max__noise_correlated__scale_300,broad_or_stress_assumption,True,True,current,True,0,-1808.4655860000003,-1808.4655860000003,16.59913030619394,10894.941799,9086.476213,-6737.3279251615095,-19,-117,-351.0,-1,-1347.4655850323015,-95.0,-15.0,-351.0,0.0,-3491.0906560000003
p4-refinement-confirmation-round-stress-p4-0130-242bfd42cd9af9b2,4,stress,stress_design,confirmation,correlated,coverage,assumption__radius_max__noise_correlated__scale_300,broad_or_stress_assumption,True,True,current,True,0,-1854.0425410000007,-1854.0425410000007,17.017461636832014,10894.941799,9040.899258,-6890.212700565033,-19,-122,-366.0,-1,-1378.042540113007,-95.0,-15.0,-366.0,0.0,-3491.0906560000003
p4-refinement-confirmation-round-stress-p4-0131-082cf8e10ddb1d1e,4,stress,stress_design,confirmation,extreme,combined_cover,assumption__radius_max__noise_extreme__scale_300,broad_or_stress_assumption,True,True,current,True,0,-3427.917195000001,-3427.917195000001,34.99948455020135,9794.193369,6366.276174,-15444.58597682018,-62,7,21.0,1,-3088.917195364036,-310.0,-50.0,21.0,0.0,0.0
p4-refinement-confirmation-round-stress-p4-0131-082cf8e10ddb1d1e,4,stress,stress_design,confirmation,extreme,coverage,assumption__radius_max__noise_extreme__scale_300,broad_or_stress_assumption,True,True,current,True,0,-3267.543436000001,-3267.543436000001,33.36204741824105,9794.193369,6526.649933,-14867.717198208054,-62,22,66.0,2,-2973.5434396416113,-310.0,-50.0,66.0,0.0,0.0
p4-refinement-confirmation-round-stress-p4-0132-671e05b7128968a8,4,stress,stress_design,confirmation,deterministic,combined_cover,assumption__radius_mixed__noise_deterministic__scale_300,broad_or_stress_assumption,True,True,current,True,0,-1611.1852209999997,-1611.1852209999997,14.902516105415136,10811.497935,9200.312714,-5185.926113539012,-79,-35,-105.0,1,-1037.1852227078025,-395.0,-74.0,-105.0,0.0,0.0
p4-refinement-confirmation-round-stress-p4-0132-671e05b7128968a8,4,stress,stress_design,confirmation,deterministic,coverage,assumption__radius_mixed__noise_deterministic__scale_300,broad_or_stress_assumption,True,True,current,True,0,-1058.5132279999998,-1058.5132279999998,9.790625076783126,10811.497935,9752.984707,-3412.566144605,-79,31,93.0,1,-682.5132289209996,-395.0,-74.0,93.0,0.0,0.0
p4-refinement-confirmation-round-stress-p4-0133-048f756e9318e669,4,stress,stress_design,confirmation,correlated,combined_cover,assumption__radius_mixed__noise_correlated__scale_300,broad_or_stress_assumption,True,True,current,True,0,-1606.5205060000008,-1606.5205060000008,13.968153239183799,11501.309289,9894.788783,-7127.602545877831,-16,-31,-93.0,0,-1425.520509175567,-80.0,-8.0,-93.0,0.0,0.0
p4-refinement-confirmation-round-stress-p4-0133-048f756e9318e669,4,stress,stress_design,confirmation,correlated,coverage,assumption__radius_mixed__noise_correlated__scale_300,broad_or_stress_assumption,True,True,current,True,0,-1555.5601670000015,-1555.5601670000015,13.5250703021069,11501.309289,9945.749122,-6992.800839601681,-16,-23,-69.0,0,-1398.5601679203364,-80.0,-8.0,-69.0,0.0,0.0
p4-refinement-confirmation-round-stress-p4-0134-fc6b706904bd5ae2,4,stress,stress_design,confirmation,extreme,combined_cover,assumption__radius_mixed__noise_extreme__scale_300,broad_or_stress_assumption,True,True,current,True,0,-2285.8361829999994,-2285.8361829999994,21.680350095314992,10543.354572,8257.518389,-8494.180911490028,-86,-25,-75.0,0,-1698.836182298005,-430.0,-82.0,-75.0,0.0,0.0
p4-refinement-confirmation-round-stress-p4-0134-fc6b706904bd5ae2,4,stress,stress_design,confirmation,extreme,coverage,assumption__radius_mixed__noise_extreme__scale_300,broad_or_stress_assumption,True,True,current,True,0,-2307.2675849999996,-2307.2675849999996,21.88361938549817,10543.354572,8236.086987,-8511.337923261857,-86,-31,-93.0,0,-1702.2675846523707,-430.0,-82.0,-93.0,0.0,0.0
p4-refinement-confirmation-round-stress-p4-0135-f2dd2d0b9c6ddf68,4,stress,stress_design,confirmation,deterministic,combined_cover,assumption__radius_min__noise_deterministic__scale_75,broad_or_stress_assumption,True,True,current,True,0,-688.529321,-688.529321,6.808331610249462,10113.040322,9424.511001,-3027.6466102772392,-50,70,210.0,-1,-605.5293220554477,-250.0,-43.0,210.0,0.0,0.0
p4-refinement-confirmation-round-stress-p4-0135-f2dd2d0b9c6ddf68,4,stress,stress_design,confirmation,deterministic,coverage,assumption__radius_min__noise_deterministic__scale_75,broad_or_stress_assumption,True,True,current,True,0,-537.8918090000006,-537.8918090000006,5.318794268325677,10113.040322,9575.148513,-2514.459050615391,-50,86,258.0,-1,-502.89181012307745,-250.0,-43.0,258.0,0.0,0.0
p4-refinement-confirmation-round-stress-p4-0136-1baa039ccd972702,4,stress,stress_design,confirmation,correlated,combined_cover,assumption__radius_min__noise_correlated__scale_75,broad_or_stress_assumption,True,True,current,True,0,-801.5187649999989,-801.5187649999989,9.206858464460097,8705.67054,7904.151775,-3972.5938233826128,-42,80,240.0,0,-794.5187646765226,-210.0,-37.0,240.0,0.0,-2140.2107619999997
p4-refinement-confirmation-round-stress-p4-0136-1baa039ccd972702,4,stress,stress_design,confirmation,correlated,coverage,assumption__radius_min__noise_correlated__scale_75,broad_or_stress_assumption,True,True,current,True,0,-1374.4469259999987,-1374.4469259999987,15.787950160585778,8705.67054,7331.223614,-5682.234625871486,-42,3,9.0,0,-1136.4469251742976,-210.0,-37.0,9.0,0.0,-2137.591621999999
p4-refinement-confirmation-round-stress-p4-0137-870a3ae38caf18d5,4,stress,stress_design,confirmation,extreme,combined_cover,assumption__radius_min__noise_extreme__scale_75,broad_or_stress_assumption,True,True,current,True,0,-164.65828599999986,-164.65828599999986,1.7796488051592216,9252.290987,9087.632701,-1453.2914289239343,5,30,90.0,0,-290.65828578478704,25.0,11.0,90.0,0.0,-3326.569794
p4-refinement-confirmation-round-stress-p4-0137-870a3ae38caf18d5,4,stress,stress_design,confirmation,extreme,coverage,assumption__radius_min__noise_extreme__scale_75,broad_or_stress_assumption,True,True,current,True,0,375.6065519999993,375.6065519999993,-4.059605913040868,9252.290987,9627.897539,333.03277194873226,5,91,273.0,0,66.60655438974663,25.0,11.0,273.0,0.0,-3326.569794
p4-refinement-confirmation-round-stress-p4-0138-248c0446983ec32e,4,stress,stress_design,confirmation,deterministic,combined_cover,assumption__radius_max__noise_deterministic__scale_75,broad_or_stress_assumption,True,True,current,True,0,-2495.6040730000004,-2495.6040730000004,22.29225211068594,11194.939213,8699.33514,-10373.02035252712,-67,-9,-27.0,-2,-2074.604070505424,-335.0,-59.0,-27.0,0.0,821.5398479999994
p4-refinement-confirmation-round-stress-p4-0138-248c0446983ec32e,4,stress,stress_design,confirmation,deterministic,coverage,assumption__radius_max__noise_deterministic__scale_75,broad_or_stress_assumption,True,True,current,True,0,-2491.1861869999993,-2491.1861869999993,22.252788868269484,11194.939213,8703.753026,-10365.930935346176,-67,-8,-24.0,-2,-2073.1861870692346,-335.0,-59.0,-24.0,0.0,818.608322
p4-refinement-confirmation-round-stress-p4-0139-388e052503517730,4,stress,stress_design,confirmation,correlated,combined_cover,assumption__radius_max__noise_correlated__scale_75,broad_or_stress_assumption,True,True,current,True,0,-599.4714079999994,-599.4714079999994,5.416802141672118,11066.887664,10467.416256,-3822.357026542588,-10,72,216.0,0,-764.4714053085172,-50.0,-1.0,216.0,0.0,0.0
p4-refinement-confirmation-round-stress-p4-0139-388e052503517730,4,stress,stress_design,confirmation,correlated,coverage,assumption__radius_max__noise_correlated__scale_75,broad_or_stress_assumption,True,True,current,True,0,-1050.968648,-1050.968648,9.496515008630164,11066.887664,10015.919016,-5269.843242535302,-10,18,54.0,0,-1053.9686485070597,-50.0,-1.0,54.0,0.0,0.0
p4-refinement-confirmation-round-stress-p4-0140-287dd36a403c0b8c,4,stress,stress_design,confirmation,extreme,combined_cover,assumption__radius_max__noise_extreme__scale_75,broad_or_stress_assumption,True,True,current,True,0,-2077.8101730000008,-2077.8101730000008,21.1353070972138,9830.991163,7753.18099,-8769.05089017898,-71,33,99.0,0,-1753.8101780357965,-355.0,-68.0,99.0,0.0,1908.6431069999999
p4-refinement-confirmation-round-stress-p4-0140-287dd36a403c0b8c,4,stress,stress_design,confirmation,extreme,coverage,assumption__radius_max__noise_extreme__scale_75,broad_or_stress_assumption,True,True,current,True,0,-2187.8285650000007,-2187.8285650000007,22.2544047566041,9830.991163,7643.162598,-9169.142847434949,-71,23,69.0,0,-1833.82856948699,-355.0,-68.0,69.0,0.0,1911.2778600000001
p4-refinement-confirmation-round-stress-p4-0141-2c0be040208bdf41,4,stress,stress_design,confirmation,deterministic,combined_cover,assumption__radius_mixed__noise_deterministic__scale_75,broad_or_stress_assumption,True,True,current,True,0,-1106.7382080000007,-1106.7382080000007,10.250520624349262,10796.897529,9690.159321,-5043.691056246833,-14,-6,-18.0,2,-1008.738211249366,-70.0,-10.0,-18.0,0.0,0.0
p4-refinement-confirmation-round-stress-p4-0141-2c0be040208bdf41,4,stress,stress_design,confirmation,deterministic,coverage,assumption__radius_mixed__noise_deterministic__scale_75,broad_or_stress_assumption,True,True,current,True,0,-216.30025399999977,-216.30025399999977,2.003355625252779,10796.897529,10580.597275,-2136.5012846563695,-14,97,291.0,2,-427.3002569312739,-70.0,-10.0,291.0,0.0,0.0
p4-refinement-confirmation-round-stress-p4-0142-9c4fdedbe717175a,4,stress,stress_design,confirmation,correlated,combined_cover,assumption__radius_mixed__noise_correlated__scale_75,broad_or_stress_assumption,True,True,current,True,0,-1225.6549770000001,-1225.6549770000001,13.274172617796017,9233.381336,8007.726359,-5293.274909061416,-32,7,21.0,2,-1058.654981812283,-160.0,-28.0,21.0,0.0,-1603.2607660000003
p4-refinement-confirmation-round-stress-p4-0142-9c4fdedbe717175a,4,stress,stress_design,confirmation,correlated,coverage,assumption__radius_mixed__noise_correlated__scale_75,broad_or_stress_assumption,True,True,current,True,0,-1184.0012390000002,-1184.0012390000002,12.823051446859468,9233.381336,8049.380097,-5145.006218664836,-32,11,33.0,1,-1029.001243732967,-160.0,-28.0,33.0,0.0,-1603.2607660000003
p4-refinement-confirmation-round-stress-p4-0143-fa1cf5a2e7fe87e6,4,stress,stress_design,confirmation,extreme,combined_cover,assumption__radius_mixed__noise_extreme__scale_75,broad_or_stress_assumption,True,True,current,True,0,2756.343067,2756.343067,-47.37362944624533,5818.306723,8574.64979,10846.715328980164,18,160,480.0,3,2169.3430657960334,90.0,17.0,480.0,0.0,0.0
p4-refinement-confirmation-round-stress-p4-0143-fa1cf5a2e7fe87e6,4,stress,stress_design,confirmation,extreme,coverage,assumption__radius_mixed__noise_extreme__scale_75,broad_or_stress_assumption,True,True,current,True,0,1938.6143740000007,1938.6143740000007,-33.31921925560542,5818.306723,7756.921097,8513.071854093374,18,43,129.0,3,1702.6143708186746,90.0,17.0,129.0,0.0,0.0
p4-refinement-confirmation-round-stress-p4-0144-007151c223c33641,4,stress,stress_design,confirmation,deterministic,combined_cover,assumption__radius_min__noise_deterministic__scale_150,broad_or_stress_assumption,True,True,current,True,0,-1441.3347959999992,-1441.3347959999992,13.289740515799835,10845.469814,9404.135018,-5211.673974697704,-66,-2,-6.0,2,-1042.3347949395402,-330.0,-63.0,-6.0,0.0,0.0
p4-refinement-confirmation-round-stress-p4-0144-007151c223c33641,4,stress,stress_design,confirmation,deterministic,coverage,assumption__radius_min__noise_deterministic__scale_150,broad_or_stress_assumption,True,True,current,True,0,-339.07893499999955,-339.07893499999955,3.126456860008919,10845.469814,10506.390879,-1650.394673842602,-66,128,384.0,2,-330.0789347685195,-330.0,-63.0,384.0,0.0,0.0
p4-refinement-confirmation-round-stress-p4-0145-e5eb7100c96a79af,4,stress,stress_design,confirmation,correlated,combined_cover,assumption__radius_min__noise_correlated__scale_150,broad_or_stress_assumption,True,True,current,True,0,-2124.6202009999997,-2124.6202009999997,19.12274853129653,11110.433197,8985.812996,-9843.10098489912,-51,48,144.0,2,-1968.620196979824,-255.0,-45.0,144.0,0.0,0.0
p4-refinement-confirmation-round-stress-p4-0145-e5eb7100c96a79af,4,stress,stress_design,confirmation,correlated,coverage,assumption__radius_min__noise_correlated__scale_150,broad_or_stress_assumption,True,True,current,True,0,-2429.386256,-2429.386256,21.86581038672708,11110.433197,8681.046941,-10901.93126274406,-51,17,51.0,2,-2180.386252548811,-255.0,-45.0,51.0,0.0,0.0
p4-refinement-confirmation-round-stress-p4-0146-34d29320d47d9ccd,4,stress,stress_design,confirmation,extreme,combined_cover,assumption__radius_min__noise_extreme__scale_150,broad_or_stress_assumption,True,True,current,True,0,-1889.0072549999995,-1889.0072549999995,18.929718989417896,9979.055981,8090.048726,-7230.0362616730345,-74,-2,-6.0,1,-1446.007252334607,-370.0,-67.0,-6.0,0.0,0.0
p4-refinement-confirmation-round-stress-p4-0146-34d29320d47d9ccd,4,stress,stress_design,confirmation,extreme,coverage,assumption__radius_min__noise_extreme__scale_150,broad_or_stress_assumption,True,True,current,True,0,-1004.921941999999,-1004.921941999999,10.070310697859178,9979.055981,8974.134039,-4309.609718102482,-74,98,294.0,1,-861.9219436204967,-370.0,-67.0,294.0,0.0,0.0
p4-refinement-confirmation-round-stress-p4-0147-1050185ea6e0ceb7,4,stress,stress_design,confirmation,deterministic,combined_cover,assumption__radius_max__noise_deterministic__scale_150,broad_or_stress_assumption,True,True,current,True,0,-1976.216332,-1976.216332,17.821787469809962,11088.766126,9112.549794,-8511.081661728393,-39,-16,-48.0,-4,-1702.216332345678,-195.0,-31.0,-48.0,0.0,0.0
p4-refinement-confirmation-round-stress-p4-0147-1050185ea6e0ceb7,4,stress,stress_design,confirmation,deterministic,coverage,assumption__radius_max__noise_deterministic__scale_150,broad_or_stress_assumption,True,True,current,True,0,-1988.8672040000001,-1988.8672040000001,17.935874752887724,11088.766126,9099.898922,-8574.336019573719,-39,-16,-48.0,-4,-1714.8672039147432,-195.0,-31.0,-48.0,0.0,0.0
p4-refinement-confirmation-round-stress-p4-0148-7b2f6875fe383cd5,4,stress,stress_design,confirmation,correlated,combined_cover,assumption__radius_max__noise_correlated__scale_150,broad_or_stress_assumption,True,True,current,True,0,-67.86795800000073,-67.86795800000073,0.6738388214997311,10071.838522,10003.970564,-799.3397803648768,-22,72,216.0,0,-159.86795607297518,-110.0,-14.0,216.0,0.0,0.0
p4-refinement-confirmation-round-stress-p4-0148-7b2f6875fe383cd5,4,stress,stress_design,confirmation,correlated,coverage,assumption__radius_max__noise_correlated__scale_150,broad_or_stress_assumption,True,True,current,True,0,-507.22150599999986,-507.22150599999986,5.036036915127975,10071.838522,9564.617016,-2216.107529637171,-22,20,60.0,0,-443.221505927434,-110.0,-14.0,60.0,0.0,0.0
p4-refinement-confirmation-round-stress-p4-0149-51f649347f079024,4,stress,stress_design,confirmation,extreme,combined_cover,assumption__radius_max__noise_extreme__scale_150,broad_or_stress_assumption,True,True,current,True,0,-1181.7727569999988,-1181.7727569999988,11.642642237464937,10150.382816,8968.610059,-3858.863787693852,-86,33,99.0,-1,-771.7727575387707,-430.0,-79.0,99.0,0.0,2338.558005000001
p4-refinement-confirmation-round-stress-p4-0149-51f649347f079024,4,stress,stress_design,confirmation,extreme,coverage,assumption__radius_max__noise_extreme__scale_150,broad_or_stress_assumption,True,True,current,True,0,-1677.6150179999986,-1677.6150179999986,16.527603425513984,10150.382816,8472.767798,-5453.075101049049,-86,-26,-78.0,-1,-1090.6150202098097,-430.0,-79.0,-78.0,0.0,2335.650549000001
p4-refinement-confirmation-round-stress-p4-0150-895bbc92cbdaa74c,4,stress,stress_design,confirmation,deterministic,combined_cover,assumption__radius_mixed__noise_deterministic__scale_150,broad_or_stress_assumption,True,True,current,True,0,-2733.100178999999,-2733.100178999999,25.172860949972076,10857.328392,8124.228213,-12115.50088319911,-33,-40,-120.0,-6,-2423.100176639822,-165.0,-25.0,-120.0,0.0,0.0
p4-refinement-confirmation-round-stress-p4-0150-895bbc92cbdaa74c,4,stress,stress_design,confirmation,deterministic,coverage,assumption__radius_mixed__noise_deterministic__scale_150,broad_or_stress_assumption,True,True,current,True,0,-2708.3822579999996,-2708.3822579999996,24.945199778571823,10857.328392,8148.946134,-12021.911279508811,-33,-38,-114.0,-6,-2404.3822559017617,-165.0,-25.0,-114.0,0.0,0.0
p4-refinement-confirmation-round-stress-p4-0151-388923ed7633c625,4,stress,stress_design,confirmation,correlated,combined_cover,assumption__radius_mixed__noise_correlated__scale_150,broad_or_stress_assumption,True,True,current,True,0,-2574.5927420000007,-2574.5927420000007,22.816624627379596,11283.84581,8709.253068,-11572.963705549675,-55,21,63.0,-2,-2314.5927411099347,-275.0,-48.0,63.0,0.0,0.0
p4-refinement-confirmation-round-stress-p4-0151-388923ed7633c625,4,stress,stress_design,confirmation,correlated,coverage,assumption__radius_mixed__noise_correlated__scale_150,broad_or_stress_assumption,True,True,current,True,0,-2932.5333660000015,-2932.5333660000015,25.988775594586055,11283.84581,8351.312444,-12762.666832125968,-55,-19,-57.0,-2,-2552.533366425193,-275.0,-48.0,-57.0,0.0,0.0
p4-refinement-confirmation-round-stress-p4-0152-7b8a338d12b6dd89,4,stress,stress_design,confirmation,extreme,combined_cover,assumption__radius_mixed__noise_extreme__scale_150,broad_or_stress_assumption,True,True,current,True,0,-1316.001302999999,-1316.001302999999,13.895529672561542,9470.681104,8154.679801,-5885.006533648295,-29,10,30.0,1,-1177.0013067296586,-145.0,-24.0,30.0,0.0,0.0
p4-refinement-confirmation-round-stress-p4-0152-7b8a338d12b6dd89,4,stress,stress_design,confirmation,extreme,coverage,assumption__radius_mixed__noise_extreme__scale_150,broad_or_stress_assumption,True,True,current,True,0,-878.5461529999993,-878.5461529999993,9.276483321024715,9470.681104,8592.134951,-4402.7307878098145,-29,57,171.0,1,-880.5461575619629,-145.0,-24.0,171.0,0.0,0.0
p4-refinement-confirmation-round-stress-p4-0153-3b346f391355ff83,4,stress,stress_design,confirmation,deterministic,combined_cover,assumption__radius_min__noise_deterministic__scale_300,broad_or_stress_assumption,True,True,current,True,0,-788.8727340000005,-788.8727340000005,7.971463033660125,9896.210152,9107.337418,-3629.3636695975583,-39,56,168.0,0,-725.8727339195111,-195.0,-36.0,168.0,0.0,-1254.2922440000002
p4-refinement-confirmation-round-stress-p4-0153-3b346f391355ff83,4,stress,stress_design,confirmation,deterministic,coverage,assumption__radius_min__noise_deterministic__scale_300,broad_or_stress_assumption,True,True,current,True,0,-609.5602889999991,-609.5602889999991,6.1595325850755955,9896.210152,9286.649863,-3047.801435644884,-39,77,231.0,0,-609.5602871289766,-195.0,-36.0,231.0,0.0,-1254.2922440000002
p4-refinement-confirmation-round-stress-p4-0154-4f72983a2c85b7ba,4,stress,stress_design,confirmation,correlated,combined_cover,assumption__radius_min__noise_correlated__scale_300,broad_or_stress_assumption,True,True,current,True,0,-1664.6276460000008,-1664.6276460000008,15.38799085918717,10817.706231,9153.078585,-7458.1382513120625,-29,-1,-3.0,3,-1491.6276502624132,-145.0,-25.0,-3.0,0.0,3275.9804729999996
p4-refinement-confirmation-round-stress-p4-0154-4f72983a2c85b7ba,4,stress,stress_design,confirmation,correlated,coverage,assumption__radius_min__noise_correlated__scale_300,broad_or_stress_assumption,True,True,current,True,0,-1947.1391719999992,-1947.1391719999992,17.9995567491021,10817.706231,8870.567059,-8195.695877844526,-29,-46,-138.0,4,-1639.1391755689056,-145.0,-25.0,-138.0,0.0,3275.9804730000005
p4-refinement-confirmation-round-stress-p4-0155-2db84a1de96f5e5a,4,stress,stress_design,confirmation,extreme,combined_cover,assumption__radius_min__noise_extreme__scale_300,broad_or_stress_assumption,True,True,current,True,0,3611.065643,3611.065643,-58.028317936882424,6222.936958,9834.002601,14475.32821588601,86,69,207.0,2,2895.065643177202,430.0,79.0,207.0,0.0,0.0
p4-refinement-confirmation-round-stress-p4-0155-2db84a1de96f5e5a,4,stress,stress_design,confirmation,extreme,coverage,assumption__radius_min__noise_extreme__scale_300,broad_or_stress_assumption,True,True,current,True,0,3116.2235600000004,3116.2235600000004,-50.07641216731092,6222.936958,9339.160518,12946.117803253554,86,6,18.0,1,2589.223560650711,430.0,79.0,18.0,0.0,0.0
p4-refinement-confirmation-round-stress-p4-0156-0e688d344e8a8646,4,stress,stress_design,confirmation,deterministic,combined_cover,assumption__radius_max__noise_deterministic__scale_300,broad_or_stress_assumption,True,True,current,True,0,-1941.3215280000004,-1941.3215280000004,18.539660832261077,10471.181461,8529.859933,-8666.60763318645,-31,-9,-27.0,-2,-1733.32152663729,-155.0,-26.0,-27.0,0.0,-395.02172900000005
p4-refinement-confirmation-round-stress-p4-0156-0e688d344e8a8646,4,stress,stress_design,confirmation,deterministic,coverage,assumption__radius_max__noise_deterministic__scale_300,broad_or_stress_assumption,True,True,current,True,0,-1887.0636670000004,-1887.0636670000004,18.021497135049987,10471.181461,8584.117794,-8500.318330885792,-31,-2,-6.0,-2,-1700.0636661771578,-155.0,-26.0,-6.0,0.0,-395.02172900000005
p4-refinement-confirmation-round-stress-p4-0157-a8c489cfa489518a,4,stress,stress_design,confirmation,correlated,combined_cover,assumption__radius_max__noise_correlated__scale_300,broad_or_stress_assumption,True,True,current,True,0,-2666.532290000001,-2666.532290000001,23.677412037966384,11261.924596,8595.392306,-11112.66145120174,-51,-48,-144.0,1,-2222.5322902403486,-255.0,-45.0,-144.0,0.0,223.63483900000028
p4-refinement-confirmation-round-stress-p4-0157-a8c489cfa489518a,4,stress,stress_design,confirmation,correlated,coverage,assumption__radius_max__noise_correlated__scale_300,broad_or_stress_assumption,True,True,current,True,0,-2655.962152,-2655.962152,23.583554741108298,11261.924596,8605.962444,-11119.810762023306,-51,-44,-132.0,1,-2223.9621524046615,-255.0,-45.0,-132.0,0.0,220.76725299999998
p4-refinement-confirmation-round-stress-p4-0158-d02c0d4445bc2295,4,stress,stress_design,confirmation,extreme,combined_cover,assumption__radius_max__noise_extreme__scale_300,broad_or_stress_assumption,True,True,current,True,0,-1302.8696059999984,-1302.8696059999984,12.028393858805542,10831.617432,9528.747826,-5469.348029255321,-68,64,192.0,2,-1093.869605851065,-340.0,-61.0,192.0,0.0,0.0
p4-refinement-confirmation-round-stress-p4-0158-d02c0d4445bc2295,4,stress,stress_design,confirmation,extreme,coverage,assumption__radius_max__noise_extreme__scale_300,broad_or_stress_assumption,True,True,current,True,0,-1708.1030079999982,-1708.1030079999982,15.769602450634247,10831.617432,9123.514424,-6835.51503160104,-68,20,60.0,2,-1367.1030063202088,-340.0,-61.0,60.0,0.0,0.0
p4-refinement-confirmation-round-stress-p4-0159-ef980b7d76d0d5bb,4,stress,stress_design,confirmation,deterministic,combined_cover,assumption__radius_mixed__noise_deterministic__scale_300,broad_or_stress_assumption,True,True,current,True,0,-604.9480089999997,-604.9480089999997,5.979528798969396,10116.984621,9512.036612,-2324.7400483714737,-55,61,183.0,1,-464.94800967429455,-275.0,-48.0,183.0,0.0,0.0
p4-refinement-confirmation-round-stress-p4-0159-ef980b7d76d0d5bb,4,stress,stress_design,confirmation,deterministic,coverage,assumption__radius_mixed__noise_deterministic__scale_300,broad_or_stress_assumption,True,True,current,True,0,-762.6544890000005,-762.6544890000005,7.5383576981717,10116.984621,9354.330132,-2738.272450581775,-55,36,108.0,1,-547.6544901163552,-275.0,-48.0,108.0,0.0,0.0
