pool,problem,composition_model,partition,mechanism_id,mechanism_status,noise_model,variant,baseline_variant,n_pairs,baseline_failures,candidate_failures,completion_delta_mean,penalized_time_delta_mean_s,penalized_delta_ci_low_s,penalized_delta_ci_high_s,both_complete_n,completed_time_delta_mean_s,completed_time_delta_median_s,completed_regression_rate,completed_worst_regression_s,mean_completed_reduction_pct,ci_scope,precision_warning,completed_delta_ci_low_s,completed_delta_ci_high_s
broad,3,broad_joint,all,__design_mixture__,design_mixture_only_not_official_population,all,joint_triangular_l1,joint_triangular_l5,40,0,0,0.0,-467.9717591,-557.0268561112498,-386.21358965687494,40,-467.9717591,-413.21826199999987,0.025,4.228382000000238,8.895833960917564,pointwise paired bootstrap; exploratory and not multiplicity-adjusted,,-559.5665450875,-381.70688852625
broad,3,broad_joint,all,__design_mixture__,design_mixture_only_not_official_population,correlated,joint_triangular_l1,joint_triangular_l5,12,0,0,0.0,-662.9633815,-785.1887460062499,-547.7751710479166,12,-662.9633815,-625.4103049999999,0.0,-390.0769989999999,12.434808730030307,pointwise paired bootstrap; exploratory and not multiplicity-adjusted,very small stratum,-781.7833239291666,-552.5237498020833
broad,3,broad_joint,all,__design_mixture__,design_mixture_only_not_official_population,deterministic,joint_triangular_l1,joint_triangular_l5,11,0,0,0.0,-457.66692018181806,-644.6788428863637,-292.6648876022725,11,-457.66692018181806,-386.7886179999996,0.0,-51.03538200000003,8.500331176898154,pointwise paired bootstrap; exploratory and not multiplicity-adjusted,very small stratum,-654.0557815727273,-294.13729535454536
broad,3,broad_joint,all,__design_mixture__,design_mixture_only_not_official_population,extreme,joint_triangular_l1,joint_triangular_l5,17,0,0,0.0,-336.9984508235295,-452.71929756029397,-230.70397270441188,17,-336.9984508235295,-276.28926500000034,0.058823529411764705,4.228382000000238,6.653647690027011,pointwise paired bootstrap; exploratory and not multiplicity-adjusted,very small stratum,-449.47110308529415,-232.4479609397061
broad,3,broad_joint,confirmation,__design_mixture__,design_mixture_only_not_official_population,all,joint_triangular_l1,joint_triangular_l5,40,0,0,0.0,-467.9717591,-555.88581036375,-381.846709196875,40,-467.9717591,-413.21826199999987,0.025,4.228382000000238,8.895833960917564,pointwise paired bootstrap; exploratory and not multiplicity-adjusted,,-555.0411246137498,-385.585550766875
broad,3,broad_joint,confirmation,__design_mixture__,design_mixture_only_not_official_population,correlated,joint_triangular_l1,joint_triangular_l5,12,0,0,0.0,-662.9633815,-783.29439748125,-553.6923337979167,12,-662.9633815,-625.4103049999999,0.0,-390.0769989999999,12.434808730030307,pointwise paired bootstrap; exploratory and not multiplicity-adjusted,very small stratum,-788.2459576520831,-551.6689892333334
broad,3,broad_joint,confirmation,__design_mixture__,design_mixture_only_not_official_population,deterministic,joint_triangular_l1,joint_triangular_l5,11,0,0,0.0,-457.66692018181806,-653.8994850386363,-295.2077711999999,11,-457.66692018181806,-386.7886179999996,0.0,-51.03538200000003,8.500331176898154,pointwise paired bootstrap; exploratory and not multiplicity-adjusted,very small stratum,-652.255567415909,-295.84159398409105
broad,3,broad_joint,confirmation,__design_mixture__,design_mixture_only_not_official_population,extreme,joint_triangular_l1,joint_triangular_l5,17,0,0,0.0,-336.9984508235295,-454.8719360191175,-234.07115266911777,17,-336.9984508235295,-276.28926500000034,0.058823529411764705,4.228382000000238,6.653647690027011,pointwise paired bootstrap; exploratory and not multiplicity-adjusted,very small stratum,-456.70846920588247,-233.18039520294124
broad,3,broad_joint,all,assumption__radius_max__noise_correlated__scale_150,broad_or_stress_assumption,all,joint_triangular_l1,joint_triangular_l5,2,0,0,0.0,-539.5367504999999,-646.1813679999996,-432.8921330000003,2,-539.5367504999999,-539.5367504999999,0.0,-432.8921330000003,10.751217985463022,pointwise paired bootstrap; exploratory and not multiplicity-adjusted,very small stratum,-646.1813679999996,-432.8921330000003
broad,3,broad_joint,all,assumption__radius_max__noise_correlated__scale_150,broad_or_stress_assumption,correlated,joint_triangular_l1,joint_triangular_l5,2,0,0,0.0,-539.5367504999999,-646.1813679999996,-432.8921330000003,2,-539.5367504999999,-539.5367504999999,0.0,-432.8921330000003,10.751217985463022,pointwise paired bootstrap; exploratory and not multiplicity-adjusted,very small stratum,-646.1813679999996,-432.8921330000003
broad,3,broad_joint,confirmation,assumption__radius_max__noise_correlated__scale_150,broad_or_stress_assumption,all,joint_triangular_l1,joint_triangular_l5,2,0,0,0.0,-539.5367504999999,-646.1813679999996,-432.8921330000003,2,-539.5367504999999,-539.5367504999999,0.0,-432.8921330000003,10.751217985463022,pointwise paired bootstrap; exploratory and not multiplicity-adjusted,very small stratum,-646.1813679999996,-432.8921330000003
broad,3,broad_joint,confirmation,assumption__radius_max__noise_correlated__scale_150,broad_or_stress_assumption,correlated,joint_triangular_l1,joint_triangular_l5,2,0,0,0.0,-539.5367504999999,-646.1813679999996,-432.8921330000003,2,-539.5367504999999,-539.5367504999999,0.0,-432.8921330000003,10.751217985463022,pointwise paired bootstrap; exploratory and not multiplicity-adjusted,very small stratum,-646.1813679999996,-432.8921330000003
broad,3,broad_joint,all,assumption__radius_max__noise_correlated__scale_300,broad_or_stress_assumption,all,joint_triangular_l1,joint_triangular_l5,3,0,0,0.0,-939.876233,-1128.556888,-789.2642939999996,3,-939.876233,-901.8075170000002,0.0,-789.2642939999996,15.903243677829247,pointwise paired bootstrap; exploratory and not multiplicity-adjusted,very small stratum,-1128.556888,-789.2642939999996
broad,3,broad_joint,all,assumption__radius_max__noise_correlated__scale_300,broad_or_stress_assumption,correlated,joint_triangular_l1,joint_triangular_l5,3,0,0,0.0,-939.876233,-1128.556888,-789.2642939999996,3,-939.876233,-901.8075170000002,0.0,-789.2642939999996,15.903243677829247,pointwise paired bootstrap; exploratory and not multiplicity-adjusted,very small stratum,-1128.556888,-789.2642939999996
broad,3,broad_joint,confirmation,assumption__radius_max__noise_correlated__scale_300,broad_or_stress_assumption,all,joint_triangular_l1,joint_triangular_l5,3,0,0,0.0,-939.876233,-1128.556888,-789.2642939999996,3,-939.876233,-901.8075170000002,0.0,-789.2642939999996,15.903243677829247,pointwise paired bootstrap; exploratory and not multiplicity-adjusted,very small stratum,-1128.556888,-789.2642939999996
broad,3,broad_joint,confirmation,assumption__radius_max__noise_correlated__scale_300,broad_or_stress_assumption,correlated,joint_triangular_l1,joint_triangular_l5,3,0,0,0.0,-939.876233,-1128.556888,-789.2642939999996,3,-939.876233,-901.8075170000002,0.0,-789.2642939999996,15.903243677829247,pointwise paired bootstrap; exploratory and not multiplicity-adjusted,very small stratum,-1128.556888,-789.2642939999996
broad,3,broad_joint,all,assumption__radius_max__noise_correlated__scale_75,broad_or_stress_assumption,all,joint_triangular_l1,joint_triangular_l5,2,0,0,0.0,-658.4871539999999,-764.4881070000001,-552.4862009999997,2,-658.4871539999999,-658.4871539999999,0.0,-552.4862009999997,12.868241202927425,pointwise paired bootstrap; exploratory and not multiplicity-adjusted,very small stratum,-764.4881070000001,-552.4862009999997
broad,3,broad_joint,all,assumption__radius_max__noise_correlated__scale_75,broad_or_stress_assumption,correlated,joint_triangular_l1,joint_triangular_l5,2,0,0,0.0,-658.4871539999999,-764.4881070000001,-552.4862009999997,2,-658.4871539999999,-658.4871539999999,0.0,-552.4862009999997,12.868241202927425,pointwise paired bootstrap; exploratory and not multiplicity-adjusted,very small stratum,-764.4881070000001,-552.4862009999997
broad,3,broad_joint,confirmation,assumption__radius_max__noise_correlated__scale_75,broad_or_stress_assumption,all,joint_triangular_l1,joint_triangular_l5,2,0,0,0.0,-658.4871539999999,-764.4881070000001,-552.4862009999997,2,-658.4871539999999,-658.4871539999999,0.0,-552.4862009999997,12.868241202927425,pointwise paired bootstrap; exploratory and not multiplicity-adjusted,very small stratum,-764.4881070000001,-552.4862009999997
broad,3,broad_joint,confirmation,assumption__radius_max__noise_correlated__scale_75,broad_or_stress_assumption,correlated,joint_triangular_l1,joint_triangular_l5,2,0,0,0.0,-658.4871539999999,-764.4881070000001,-552.4862009999997,2,-658.4871539999999,-658.4871539999999,0.0,-552.4862009999997,12.868241202927425,pointwise paired bootstrap; exploratory and not multiplicity-adjusted,very small stratum,-764.4881070000001,-552.4862009999997
broad,3,broad_joint,all,assumption__radius_max__noise_deterministic__scale_300,broad_or_stress_assumption,all,joint_triangular_l1,joint_triangular_l5,1,0,0,0.0,-1104.0238280000003,,,1,-1104.0238280000003,-1104.0238280000003,0.0,-1104.0238280000003,16.548377810179158,pointwise paired bootstrap; exploratory and not multiplicity-adjusted,very small stratum,,
broad,3,broad_joint,all,assumption__radius_max__noise_deterministic__scale_300,broad_or_stress_assumption,deterministic,joint_triangular_l1,joint_triangular_l5,1,0,0,0.0,-1104.0238280000003,,,1,-1104.0238280000003,-1104.0238280000003,0.0,-1104.0238280000003,16.548377810179158,pointwise paired bootstrap; exploratory and not multiplicity-adjusted,very small stratum,,
broad,3,broad_joint,confirmation,assumption__radius_max__noise_deterministic__scale_300,broad_or_stress_assumption,all,joint_triangular_l1,joint_triangular_l5,1,0,0,0.0,-1104.0238280000003,,,1,-1104.0238280000003,-1104.0238280000003,0.0,-1104.0238280000003,16.548377810179158,pointwise paired bootstrap; exploratory and not multiplicity-adjusted,very small stratum,,
broad,3,broad_joint,confirmation,assumption__radius_max__noise_deterministic__scale_300,broad_or_stress_assumption,deterministic,joint_triangular_l1,joint_triangular_l5,1,0,0,0.0,-1104.0238280000003,,,1,-1104.0238280000003,-1104.0238280000003,0.0,-1104.0238280000003,16.548377810179158,pointwise paired bootstrap; exploratory and not multiplicity-adjusted,very small stratum,,
broad,3,broad_joint,all,assumption__radius_max__noise_deterministic__scale_75,broad_or_stress_assumption,all,joint_triangular_l1,joint_triangular_l5,2,0,0,0.0,-693.391701,-964.8736640000006,-421.9097379999994,2,-693.391701,-693.391701,0.0,-421.9097379999994,12.519995129410248,pointwise paired bootstrap; exploratory and not multiplicity-adjusted,very small stratum,-964.8736640000006,-421.9097379999994
broad,3,broad_joint,all,assumption__radius_max__noise_deterministic__scale_75,broad_or_stress_assumption,deterministic,joint_triangular_l1,joint_triangular_l5,2,0,0,0.0,-693.391701,-964.8736640000006,-421.9097379999994,2,-693.391701,-693.391701,0.0,-421.9097379999994,12.519995129410248,pointwise paired bootstrap; exploratory and not multiplicity-adjusted,very small stratum,-964.8736640000006,-421.9097379999994
broad,3,broad_joint,confirmation,assumption__radius_max__noise_deterministic__scale_75,broad_or_stress_assumption,all,joint_triangular_l1,joint_triangular_l5,2,0,0,0.0,-693.391701,-964.8736640000006,-421.9097379999994,2,-693.391701,-693.391701,0.0,-421.9097379999994,12.519995129410248,pointwise paired bootstrap; exploratory and not multiplicity-adjusted,very small stratum,-964.8736640000006,-421.9097379999994
broad,3,broad_joint,confirmation,assumption__radius_max__noise_deterministic__scale_75,broad_or_stress_assumption,deterministic,joint_triangular_l1,joint_triangular_l5,2,0,0,0.0,-693.391701,-964.8736640000006,-421.9097379999994,2,-693.391701,-693.391701,0.0,-421.9097379999994,12.519995129410248,pointwise paired bootstrap; exploratory and not multiplicity-adjusted,very small stratum,-964.8736640000006,-421.9097379999994
broad,3,broad_joint,all,assumption__radius_max__noise_extreme__scale_150,broad_or_stress_assumption,all,joint_triangular_l1,joint_triangular_l5,4,0,0,0.0,-659.3155344999999,-890.59394975,-469.10887325,4,-659.3155344999999,-618.2437804999997,0.0,-402.0449090000002,12.129692426936458,pointwise paired bootstrap; exploratory and not multiplicity-adjusted,very small stratum,-890.59394975,-469.10887325
broad,3,broad_joint,all,assumption__radius_max__noise_extreme__scale_150,broad_or_stress_assumption,extreme,joint_triangular_l1,joint_triangular_l5,4,0,0,0.0,-659.3155344999999,-890.59394975,-469.10887325,4,-659.3155344999999,-618.2437804999997,0.0,-402.0449090000002,12.129692426936458,pointwise paired bootstrap; exploratory and not multiplicity-adjusted,very small stratum,-890.59394975,-469.10887325
broad,3,broad_joint,confirmation,assumption__radius_max__noise_extreme__scale_150,broad_or_stress_assumption,all,joint_triangular_l1,joint_triangular_l5,4,0,0,0.0,-659.3155344999999,-890.59394975,-469.10887325,4,-659.3155344999999,-618.2437804999997,0.0,-402.0449090000002,12.129692426936458,pointwise paired bootstrap; exploratory and not multiplicity-adjusted,very small stratum,-890.59394975,-469.10887325
broad,3,broad_joint,confirmation,assumption__radius_max__noise_extreme__scale_150,broad_or_stress_assumption,extreme,joint_triangular_l1,joint_triangular_l5,4,0,0,0.0,-659.3155344999999,-890.59394975,-469.10887325,4,-659.3155344999999,-618.2437804999997,0.0,-402.0449090000002,12.129692426936458,pointwise paired bootstrap; exploratory and not multiplicity-adjusted,very small stratum,-890.59394975,-469.10887325
broad,3,broad_joint,all,assumption__radius_max__noise_extreme__scale_75,broad_or_stress_assumption,all,joint_triangular_l1,joint_triangular_l5,2,0,0,0.0,-108.5805734999999,-149.84253999999964,-67.31860700000016,2,-108.5805734999999,-108.5805734999999,0.0,-67.31860700000016,2.156744160242971,pointwise paired bootstrap; exploratory and not multiplicity-adjusted,very small stratum,-149.84253999999964,-67.31860700000016
broad,3,broad_joint,all,assumption__radius_max__noise_extreme__scale_75,broad_or_stress_assumption,extreme,joint_triangular_l1,joint_triangular_l5,2,0,0,0.0,-108.5805734999999,-149.84253999999964,-67.31860700000016,2,-108.5805734999999,-108.5805734999999,0.0,-67.31860700000016,2.156744160242971,pointwise paired bootstrap; exploratory and not multiplicity-adjusted,very small stratum,-149.84253999999964,-67.31860700000016
broad,3,broad_joint,confirmation,assumption__radius_max__noise_extreme__scale_75,broad_or_stress_assumption,all,joint_triangular_l1,joint_triangular_l5,2,0,0,0.0,-108.5805734999999,-149.84253999999964,-67.31860700000016,2,-108.5805734999999,-108.5805734999999,0.0,-67.31860700000016,2.156744160242971,pointwise paired bootstrap; exploratory and not multiplicity-adjusted,very small stratum,-149.84253999999964,-67.31860700000016
broad,3,broad_joint,confirmation,assumption__radius_max__noise_extreme__scale_75,broad_or_stress_assumption,extreme,joint_triangular_l1,joint_triangular_l5,2,0,0,0.0,-108.5805734999999,-149.84253999999964,-67.31860700000016,2,-108.5805734999999,-108.5805734999999,0.0,-67.31860700000016,2.156744160242971,pointwise paired bootstrap; exploratory and not multiplicity-adjusted,very small stratum,-149.84253999999964,-67.31860700000016
broad,3,broad_joint,all,assumption__radius_min__noise_correlated__scale_150,broad_or_stress_assumption,all,joint_triangular_l1,joint_triangular_l5,2,0,0,0.0,-543.6622794999998,-604.6392420000002,-482.6853169999995,2,-543.6622794999998,-543.6622794999998,0.0,-482.6853169999995,10.88846089829341,pointwise paired bootstrap; exploratory and not multiplicity-adjusted,very small stratum,-604.6392420000002,-482.6853169999995
broad,3,broad_joint,all,assumption__radius_min__noise_correlated__scale_150,broad_or_stress_assumption,correlated,joint_triangular_l1,joint_triangular_l5,2,0,0,0.0,-543.6622794999998,-604.6392420000002,-482.6853169999995,2,-543.6622794999998,-543.6622794999998,0.0,-482.6853169999995,10.88846089829341,pointwise paired bootstrap; exploratory and not multiplicity-adjusted,very small stratum,-604.6392420000002,-482.6853169999995
broad,3,broad_joint,confirmation,assumption__radius_min__noise_correlated__scale_150,broad_or_stress_assumption,all,joint_triangular_l1,joint_triangular_l5,2,0,0,0.0,-543.6622794999998,-604.6392420000002,-482.6853169999995,2,-543.6622794999998,-543.6622794999998,0.0,-482.6853169999995,10.88846089829341,pointwise paired bootstrap; exploratory and not multiplicity-adjusted,very small stratum,-604.6392420000002,-482.6853169999995
broad,3,broad_joint,confirmation,assumption__radius_min__noise_correlated__scale_150,broad_or_stress_assumption,correlated,joint_triangular_l1,joint_triangular_l5,2,0,0,0.0,-543.6622794999998,-604.6392420000002,-482.6853169999995,2,-543.6622794999998,-543.6622794999998,0.0,-482.6853169999995,10.88846089829341,pointwise paired bootstrap; exploratory and not multiplicity-adjusted,very small stratum,-604.6392420000002,-482.6853169999995
broad,3,broad_joint,all,assumption__radius_min__noise_deterministic__scale_300,broad_or_stress_assumption,all,joint_triangular_l1,joint_triangular_l5,3,0,0,0.0,-247.03628966666656,-386.7886179999996,-51.03538200000003,3,-247.03628966666656,-303.28486900000007,0.0,-51.03538200000003,4.995921600011206,pointwise paired bootstrap; exploratory and not multiplicity-adjusted,very small stratum,-386.7886179999996,-51.03538200000003
broad,3,broad_joint,all,assumption__radius_min__noise_deterministic__scale_300,broad_or_stress_assumption,deterministic,joint_triangular_l1,joint_triangular_l5,3,0,0,0.0,-247.03628966666656,-386.7886179999996,-51.03538200000003,3,-247.03628966666656,-303.28486900000007,0.0,-51.03538200000003,4.995921600011206,pointwise paired bootstrap; exploratory and not multiplicity-adjusted,very small stratum,-386.7886179999996,-51.03538200000003
broad,3,broad_joint,confirmation,assumption__radius_min__noise_deterministic__scale_300,broad_or_stress_assumption,all,joint_triangular_l1,joint_triangular_l5,3,0,0,0.0,-247.03628966666656,-386.7886179999996,-51.03538200000003,3,-247.03628966666656,-303.28486900000007,0.0,-51.03538200000003,4.995921600011206,pointwise paired bootstrap; exploratory and not multiplicity-adjusted,very small stratum,-386.7886179999996,-51.03538200000003
broad,3,broad_joint,confirmation,assumption__radius_min__noise_deterministic__scale_300,broad_or_stress_assumption,deterministic,joint_triangular_l1,joint_triangular_l5,3,0,0,0.0,-247.03628966666656,-386.7886179999996,-51.03538200000003,3,-247.03628966666656,-303.28486900000007,0.0,-51.03538200000003,4.995921600011206,pointwise paired bootstrap; exploratory and not multiplicity-adjusted,very small stratum,-386.7886179999996,-51.03538200000003
broad,3,broad_joint,all,assumption__radius_min__noise_deterministic__scale_75,broad_or_stress_assumption,all,joint_triangular_l1,joint_triangular_l5,2,0,0,0.0,-265.32354099999975,-310.7270719999997,-219.92000999999982,2,-265.32354099999975,-265.32354099999975,0.0,-219.92000999999982,5.578691820151253,pointwise paired bootstrap; exploratory and not multiplicity-adjusted,very small stratum,-310.7270719999997,-219.92000999999982
broad,3,broad_joint,all,assumption__radius_min__noise_deterministic__scale_75,broad_or_stress_assumption,deterministic,joint_triangular_l1,joint_triangular_l5,2,0,0,0.0,-265.32354099999975,-310.7270719999997,-219.92000999999982,2,-265.32354099999975,-265.32354099999975,0.0,-219.92000999999982,5.578691820151253,pointwise paired bootstrap; exploratory and not multiplicity-adjusted,very small stratum,-310.7270719999997,-219.92000999999982
broad,3,broad_joint,confirmation,assumption__radius_min__noise_deterministic__scale_75,broad_or_stress_assumption,all,joint_triangular_l1,joint_triangular_l5,2,0,0,0.0,-265.32354099999975,-310.7270719999997,-219.92000999999982,2,-265.32354099999975,-265.32354099999975,0.0,-219.92000999999982,5.578691820151253,pointwise paired bootstrap; exploratory and not multiplicity-adjusted,very small stratum,-310.7270719999997,-219.92000999999982
broad,3,broad_joint,confirmation,assumption__radius_min__noise_deterministic__scale_75,broad_or_stress_assumption,deterministic,joint_triangular_l1,joint_triangular_l5,2,0,0,0.0,-265.32354099999975,-310.7270719999997,-219.92000999999982,2,-265.32354099999975,-265.32354099999975,0.0,-219.92000999999982,5.578691820151253,pointwise paired bootstrap; exploratory and not multiplicity-adjusted,very small stratum,-310.7270719999997,-219.92000999999982
broad,3,broad_joint,all,assumption__radius_min__noise_extreme__scale_150,broad_or_stress_assumption,all,joint_triangular_l1,joint_triangular_l5,4,0,0,0.0,-144.04509025000016,-209.77390950000017,-47.75258999999983,4,-144.04509025000016,-182.27821500000027,0.25,4.228382000000238,3.00890751946802,pointwise paired bootstrap; exploratory and not multiplicity-adjusted,very small stratum,-209.77390950000017,-47.75258999999983
broad,3,broad_joint,all,assumption__radius_min__noise_extreme__scale_150,broad_or_stress_assumption,extreme,joint_triangular_l1,joint_triangular_l5,4,0,0,0.0,-144.04509025000016,-209.77390950000017,-47.75258999999983,4,-144.04509025000016,-182.27821500000027,0.25,4.228382000000238,3.00890751946802,pointwise paired bootstrap; exploratory and not multiplicity-adjusted,very small stratum,-209.77390950000017,-37.04394449999995
broad,3,broad_joint,confirmation,assumption__radius_min__noise_extreme__scale_150,broad_or_stress_assumption,all,joint_triangular_l1,joint_triangular_l5,4,0,0,0.0,-144.04509025000016,-209.77390950000017,-47.75258999999983,4,-144.04509025000016,-182.27821500000027,0.25,4.228382000000238,3.00890751946802,pointwise paired bootstrap; exploratory and not multiplicity-adjusted,very small stratum,-209.77390950000017,-47.75258999999983
broad,3,broad_joint,confirmation,assumption__radius_min__noise_extreme__scale_150,broad_or_stress_assumption,extreme,joint_triangular_l1,joint_triangular_l5,4,0,0,0.0,-144.04509025000016,-209.77390950000017,-47.75258999999983,4,-144.04509025000016,-182.27821500000027,0.25,4.228382000000238,3.00890751946802,pointwise paired bootstrap; exploratory and not multiplicity-adjusted,very small stratum,-209.77390950000017,-47.75258999999983
broad,3,broad_joint,all,assumption__radius_min__noise_extreme__scale_300,broad_or_stress_assumption,all,joint_triangular_l1,joint_triangular_l5,1,0,0,0.0,-361.99771899999996,,,1,-361.99771899999996,-361.99771899999996,0.0,-361.99771899999996,7.781586318632249,pointwise paired bootstrap; exploratory and not multiplicity-adjusted,very small stratum,,
broad,3,broad_joint,all,assumption__radius_min__noise_extreme__scale_300,broad_or_stress_assumption,extreme,joint_triangular_l1,joint_triangular_l5,1,0,0,0.0,-361.99771899999996,,,1,-361.99771899999996,-361.99771899999996,0.0,-361.99771899999996,7.781586318632249,pointwise paired bootstrap; exploratory and not multiplicity-adjusted,very small stratum,,
broad,3,broad_joint,confirmation,assumption__radius_min__noise_extreme__scale_300,broad_or_stress_assumption,all,joint_triangular_l1,joint_triangular_l5,1,0,0,0.0,-361.99771899999996,,,1,-361.99771899999996,-361.99771899999996,0.0,-361.99771899999996,7.781586318632249,pointwise paired bootstrap; exploratory and not multiplicity-adjusted,very small stratum,,
broad,3,broad_joint,confirmation,assumption__radius_min__noise_extreme__scale_300,broad_or_stress_assumption,extreme,joint_triangular_l1,joint_triangular_l5,1,0,0,0.0,-361.99771899999996,,,1,-361.99771899999996,-361.99771899999996,0.0,-361.99771899999996,7.781586318632249,pointwise paired bootstrap; exploratory and not multiplicity-adjusted,very small stratum,,
broad,3,broad_joint,all,assumption__radius_min__noise_extreme__scale_75,broad_or_stress_assumption,all,joint_triangular_l1,joint_triangular_l5,3,0,0,0.0,-250.76523266666663,-276.28926500000034,-215.81071100000008,3,-250.76523266666663,-260.1957219999995,0.0,-215.81071100000008,5.0864798052874525,pointwise paired bootstrap; exploratory and not multiplicity-adjusted,very small stratum,-276.28926500000034,-215.81071100000008
broad,3,broad_joint,all,assumption__radius_min__noise_extreme__scale_75,broad_or_stress_assumption,extreme,joint_triangular_l1,joint_triangular_l5,3,0,0,0.0,-250.76523266666663,-276.28926500000034,-215.81071100000008,3,-250.76523266666663,-260.1957219999995,0.0,-215.81071100000008,5.0864798052874525,pointwise paired bootstrap; exploratory and not multiplicity-adjusted,very small stratum,-276.28926500000034,-215.81071100000008
broad,3,broad_joint,confirmation,assumption__radius_min__noise_extreme__scale_75,broad_or_stress_assumption,all,joint_triangular_l1,joint_triangular_l5,3,0,0,0.0,-250.76523266666663,-276.28926500000034,-215.81071100000008,3,-250.76523266666663,-260.1957219999995,0.0,-215.81071100000008,5.0864798052874525,pointwise paired bootstrap; exploratory and not multiplicity-adjusted,very small stratum,-276.28926500000034,-215.81071100000008
broad,3,broad_joint,confirmation,assumption__radius_min__noise_extreme__scale_75,broad_or_stress_assumption,extreme,joint_triangular_l1,joint_triangular_l5,3,0,0,0.0,-250.76523266666663,-276.28926500000034,-215.81071100000008,3,-250.76523266666663,-260.1957219999995,0.0,-215.81071100000008,5.0864798052874525,pointwise paired bootstrap; exploratory and not multiplicity-adjusted,very small stratum,-276.28926500000034,-215.81071100000008
broad,3,broad_joint,all,assumption__radius_mixed__noise_correlated__scale_150,broad_or_stress_assumption,all,joint_triangular_l1,joint_triangular_l5,1,0,0,0.0,-521.2896140000003,,,1,-521.2896140000003,-521.2896140000003,0.0,-521.2896140000003,8.58534172580202,pointwise paired bootstrap; exploratory and not multiplicity-adjusted,very small stratum,,
broad,3,broad_joint,all,assumption__radius_mixed__noise_correlated__scale_150,broad_or_stress_assumption,correlated,joint_triangular_l1,joint_triangular_l5,1,0,0,0.0,-521.2896140000003,,,1,-521.2896140000003,-521.2896140000003,0.0,-521.2896140000003,8.58534172580202,pointwise paired bootstrap; exploratory and not multiplicity-adjusted,very small stratum,,
broad,3,broad_joint,confirmation,assumption__radius_mixed__noise_correlated__scale_150,broad_or_stress_assumption,all,joint_triangular_l1,joint_triangular_l5,1,0,0,0.0,-521.2896140000003,,,1,-521.2896140000003,-521.2896140000003,0.0,-521.2896140000003,8.58534172580202,pointwise paired bootstrap; exploratory and not multiplicity-adjusted,very small stratum,,
broad,3,broad_joint,confirmation,assumption__radius_mixed__noise_correlated__scale_150,broad_or_stress_assumption,correlated,joint_triangular_l1,joint_triangular_l5,1,0,0,0.0,-521.2896140000003,,,1,-521.2896140000003,-521.2896140000003,0.0,-521.2896140000003,8.58534172580202,pointwise paired bootstrap; exploratory and not multiplicity-adjusted,very small stratum,,
broad,3,broad_joint,all,assumption__radius_mixed__noise_correlated__scale_75,broad_or_stress_assumption,all,joint_triangular_l1,joint_triangular_l5,2,0,0,0.0,-565.6349485000001,-741.1928980000002,-390.0769989999999,2,-565.6349485000001,-565.6349485000001,0.0,-390.0769989999999,11.953395913853106,pointwise paired bootstrap; exploratory and not multiplicity-adjusted,very small stratum,-741.1928980000002,-390.0769989999999
broad,3,broad_joint,all,assumption__radius_mixed__noise_correlated__scale_75,broad_or_stress_assumption,correlated,joint_triangular_l1,joint_triangular_l5,2,0,0,0.0,-565.6349485000001,-741.1928980000002,-390.0769989999999,2,-565.6349485000001,-565.6349485000001,0.0,-390.0769989999999,11.953395913853106,pointwise paired bootstrap; exploratory and not multiplicity-adjusted,very small stratum,-741.1928980000002,-390.0769989999999
broad,3,broad_joint,confirmation,assumption__radius_mixed__noise_correlated__scale_75,broad_or_stress_assumption,all,joint_triangular_l1,joint_triangular_l5,2,0,0,0.0,-565.6349485000001,-741.1928980000002,-390.0769989999999,2,-565.6349485000001,-565.6349485000001,0.0,-390.0769989999999,11.953395913853106,pointwise paired bootstrap; exploratory and not multiplicity-adjusted,very small stratum,-741.1928980000002,-390.0769989999999
broad,3,broad_joint,confirmation,assumption__radius_mixed__noise_correlated__scale_75,broad_or_stress_assumption,correlated,joint_triangular_l1,joint_triangular_l5,2,0,0,0.0,-565.6349485000001,-741.1928980000002,-390.0769989999999,2,-565.6349485000001,-565.6349485000001,0.0,-390.0769989999999,11.953395913853106,pointwise paired bootstrap; exploratory and not multiplicity-adjusted,very small stratum,-741.1928980000002,-390.0769989999999
broad,3,broad_joint,all,assumption__radius_mixed__noise_deterministic__scale_150,broad_or_stress_assumption,all,joint_triangular_l1,joint_triangular_l5,1,0,0,0.0,-429.7950300000002,,,1,-429.7950300000002,-429.7950300000002,0.0,-429.7950300000002,8.919988107007123,pointwise paired bootstrap; exploratory and not multiplicity-adjusted,very small stratum,,
broad,3,broad_joint,all,assumption__radius_mixed__noise_deterministic__scale_150,broad_or_stress_assumption,deterministic,joint_triangular_l1,joint_triangular_l5,1,0,0,0.0,-429.7950300000002,,,1,-429.7950300000002,-429.7950300000002,0.0,-429.7950300000002,8.919988107007123,pointwise paired bootstrap; exploratory and not multiplicity-adjusted,very small stratum,,
broad,3,broad_joint,confirmation,assumption__radius_mixed__noise_deterministic__scale_150,broad_or_stress_assumption,all,joint_triangular_l1,joint_triangular_l5,1,0,0,0.0,-429.7950300000002,,,1,-429.7950300000002,-429.7950300000002,0.0,-429.7950300000002,8.919988107007123,pointwise paired bootstrap; exploratory and not multiplicity-adjusted,very small stratum,,
broad,3,broad_joint,confirmation,assumption__radius_mixed__noise_deterministic__scale_150,broad_or_stress_assumption,deterministic,joint_triangular_l1,joint_triangular_l5,1,0,0,0.0,-429.7950300000002,,,1,-429.7950300000002,-429.7950300000002,0.0,-429.7950300000002,8.919988107007123,pointwise paired bootstrap; exploratory and not multiplicity-adjusted,very small stratum,,
broad,3,broad_joint,all,assumption__radius_mixed__noise_deterministic__scale_75,broad_or_stress_assumption,all,joint_triangular_l1,joint_triangular_l5,2,0,0,0.0,-420.9889554999995,-557.5298519999997,-284.4480589999994,2,-420.9889554999995,-420.9889554999995,0.0,-284.4480589999994,8.425069164768399,pointwise paired bootstrap; exploratory and not multiplicity-adjusted,very small stratum,-557.5298519999997,-284.4480589999994
broad,3,broad_joint,all,assumption__radius_mixed__noise_deterministic__scale_75,broad_or_stress_assumption,deterministic,joint_triangular_l1,joint_triangular_l5,2,0,0,0.0,-420.9889554999995,-557.5298519999997,-284.4480589999994,2,-420.9889554999995,-420.9889554999995,0.0,-284.4480589999994,8.425069164768399,pointwise paired bootstrap; exploratory and not multiplicity-adjusted,very small stratum,-557.5298519999997,-284.4480589999994
broad,3,broad_joint,confirmation,assumption__radius_mixed__noise_deterministic__scale_75,broad_or_stress_assumption,all,joint_triangular_l1,joint_triangular_l5,2,0,0,0.0,-420.9889554999995,-557.5298519999997,-284.4480589999994,2,-420.9889554999995,-420.9889554999995,0.0,-284.4480589999994,8.425069164768399,pointwise paired bootstrap; exploratory and not multiplicity-adjusted,very small stratum,-557.5298519999997,-284.4480589999994
broad,3,broad_joint,confirmation,assumption__radius_mixed__noise_deterministic__scale_75,broad_or_stress_assumption,deterministic,joint_triangular_l1,joint_triangular_l5,2,0,0,0.0,-420.9889554999995,-557.5298519999997,-284.4480589999994,2,-420.9889554999995,-420.9889554999995,0.0,-284.4480589999994,8.425069164768399,pointwise paired bootstrap; exploratory and not multiplicity-adjusted,very small stratum,-557.5298519999997,-284.4480589999994
broad,3,broad_joint,all,assumption__radius_mixed__noise_extreme__scale_150,broad_or_stress_assumption,all,joint_triangular_l1,joint_triangular_l5,1,0,0,0.0,-494.134943,,,1,-494.134943,-494.134943,0.0,-494.134943,10.559916707284192,pointwise paired bootstrap; exploratory and not multiplicity-adjusted,very small stratum,,
broad,3,broad_joint,all,assumption__radius_mixed__noise_extreme__scale_150,broad_or_stress_assumption,extreme,joint_triangular_l1,joint_triangular_l5,1,0,0,0.0,-494.134943,,,1,-494.134943,-494.134943,0.0,-494.134943,10.559916707284192,pointwise paired bootstrap; exploratory and not multiplicity-adjusted,very small stratum,,
broad,3,broad_joint,confirmation,assumption__radius_mixed__noise_extreme__scale_150,broad_or_stress_assumption,all,joint_triangular_l1,joint_triangular_l5,1,0,0,0.0,-494.134943,,,1,-494.134943,-494.134943,0.0,-494.134943,10.559916707284192,pointwise paired bootstrap; exploratory and not multiplicity-adjusted,very small stratum,,
broad,3,broad_joint,confirmation,assumption__radius_mixed__noise_extreme__scale_150,broad_or_stress_assumption,extreme,joint_triangular_l1,joint_triangular_l5,1,0,0,0.0,-494.134943,,,1,-494.134943,-494.134943,0.0,-494.134943,10.559916707284192,pointwise paired bootstrap; exploratory and not multiplicity-adjusted,very small stratum,,
broad,3,broad_joint,all,assumption__radius_mixed__noise_extreme__scale_300,broad_or_stress_assumption,all,joint_triangular_l1,joint_triangular_l5,1,0,0,0.0,-285.4148720000003,,,1,-285.4148720000003,-285.4148720000003,0.0,-285.4148720000003,6.206517375062892,pointwise paired bootstrap; exploratory and not multiplicity-adjusted,very small stratum,,
broad,3,broad_joint,all,assumption__radius_mixed__noise_extreme__scale_300,broad_or_stress_assumption,extreme,joint_triangular_l1,joint_triangular_l5,1,0,0,0.0,-285.4148720000003,,,1,-285.4148720000003,-285.4148720000003,0.0,-285.4148720000003,6.206517375062892,pointwise paired bootstrap; exploratory and not multiplicity-adjusted,very small stratum,,
broad,3,broad_joint,confirmation,assumption__radius_mixed__noise_extreme__scale_300,broad_or_stress_assumption,all,joint_triangular_l1,joint_triangular_l5,1,0,0,0.0,-285.4148720000003,,,1,-285.4148720000003,-285.4148720000003,0.0,-285.4148720000003,6.206517375062892,pointwise paired bootstrap; exploratory and not multiplicity-adjusted,very small stratum,,
broad,3,broad_joint,confirmation,assumption__radius_mixed__noise_extreme__scale_300,broad_or_stress_assumption,extreme,joint_triangular_l1,joint_triangular_l5,1,0,0,0.0,-285.4148720000003,,,1,-285.4148720000003,-285.4148720000003,0.0,-285.4148720000003,6.206517375062892,pointwise paired bootstrap; exploratory and not multiplicity-adjusted,very small stratum,,
broad,3,broad_joint,all,assumption__radius_mixed__noise_extreme__scale_75,broad_or_stress_assumption,all,joint_triangular_l1,joint_triangular_l5,1,0,0,0.0,-404.52678600000036,,,1,-404.52678600000036,-404.52678600000036,0.0,-404.52678600000036,8.436662807513644,pointwise paired bootstrap; exploratory and not multiplicity-adjusted,very small stratum,,
broad,3,broad_joint,all,assumption__radius_mixed__noise_extreme__scale_75,broad_or_stress_assumption,extreme,joint_triangular_l1,joint_triangular_l5,1,0,0,0.0,-404.52678600000036,,,1,-404.52678600000036,-404.52678600000036,0.0,-404.52678600000036,8.436662807513644,pointwise paired bootstrap; exploratory and not multiplicity-adjusted,very small stratum,,
broad,3,broad_joint,confirmation,assumption__radius_mixed__noise_extreme__scale_75,broad_or_stress_assumption,all,joint_triangular_l1,joint_triangular_l5,1,0,0,0.0,-404.52678600000036,,,1,-404.52678600000036,-404.52678600000036,0.0,-404.52678600000036,8.436662807513644,pointwise paired bootstrap; exploratory and not multiplicity-adjusted,very small stratum,,
broad,3,broad_joint,confirmation,assumption__radius_mixed__noise_extreme__scale_75,broad_or_stress_assumption,extreme,joint_triangular_l1,joint_triangular_l5,1,0,0,0.0,-404.52678600000036,,,1,-404.52678600000036,-404.52678600000036,0.0,-404.52678600000036,8.436662807513644,pointwise paired bootstrap; exploratory and not multiplicity-adjusted,very small stratum,,
broad,4,broad_joint,all,__design_mixture__,design_mixture_only_not_official_population,all,joint_triangular_l1,joint_triangular_l5,40,0,0,0.0,-509.313786875,-634.0901692068751,-343.3965772006252,40,-509.313786875,-541.7326894999997,0.025,1739.4083250000003,4.425207204899733,pointwise paired bootstrap; exploratory and not multiplicity-adjusted,,-639.2318000468748,-354.0467764506248
broad,4,broad_joint,all,__design_mixture__,design_mixture_only_not_official_population,correlated,joint_triangular_l1,joint_triangular_l5,9,0,0,0.0,-792.4782378888888,-1025.2442397916666,-535.848962786111,9,-792.4782378888888,-931.7645400000001,0.0,-111.62614399999984,6.4907767769031635,pointwise paired bootstrap; exploratory and not multiplicity-adjusted,very small stratum,-1021.0007747749997,-522.992907613889
broad,4,broad_joint,all,__design_mixture__,design_mixture_only_not_official_population,deterministic,joint_triangular_l1,joint_triangular_l5,18,0,0,0.0,-482.8993357777776,-592.849614433333,-374.5069900527777,18,-482.8993357777776,-478.9234425000004,0.0,-78.62253100000089,4.36010027141586,pointwise paired bootstrap; exploratory and not multiplicity-adjusted,very small stratum,-593.2349194694442,-380.1335165472222
broad,4,broad_joint,all,__design_mixture__,design_mixture_only_not_official_population,extreme,joint_triangular_l1,joint_triangular_l5,13,0,0,0.0,-349.85071461538485,-607.897627517308,31.109229367307563,13,-349.85071461538485,-454.2458310000002,0.07692307692307693,1739.4083250000003,3.085345562951953,pointwise paired bootstrap; exploratory and not multiplicity-adjusted,very small stratum,-608.226901415385,47.471969853846154
broad,4,broad_joint,confirmation,__design_mixture__,design_mixture_only_not_official_population,all,joint_triangular_l1,joint_triangular_l5,40,0,0,0.0,-509.313786875,-633.743411025,-354.78533381125,40,-509.313786875,-541.7326894999997,0.025,1739.4083250000003,4.425207204899733,pointwise paired bootstrap; exploratory and not multiplicity-adjusted,,-636.9708461293749,-352.670555653125
broad,4,broad_joint,confirmation,__design_mixture__,design_mixture_only_not_official_population,correlated,joint_triangular_l1,joint_triangular_l5,9,0,0,0.0,-792.4782378888888,-1012.6420685999999,-533.3870046166668,9,-792.4782378888888,-931.7645400000001,0.0,-111.62614399999984,6.4907767769031635,pointwise paired bootstrap; exploratory and not multiplicity-adjusted,very small stratum,-1020.9187585861108,-541.7083372833332
broad,4,broad_joint,confirmation,__design_mixture__,design_mixture_only_not_official_population,deterministic,joint_triangular_l1,joint_triangular_l5,18,0,0,0.0,-482.8993357777776,-593.1459417499998,-374.1652322333332,18,-482.8993357777776,-478.9234425000004,0.0,-78.62253100000089,4.36010027141586,pointwise paired bootstrap; exploratory and not multiplicity-adjusted,very small stratum,-589.5686778597219,-376.6861582347223
broad,4,broad_joint,confirmation,__design_mixture__,design_mixture_only_not_official_population,extreme,joint_triangular_l1,joint_triangular_l5,13,0,0,0.0,-349.85071461538485,-601.0958886057693,32.02469364999965,13,-349.85071461538485,-454.2458310000002,0.07692307692307693,1739.4083250000003,3.085345562951953,pointwise paired bootstrap; exploratory and not multiplicity-adjusted,very small stratum,-609.6353160596157,49.116554948076846
broad,4,broad_joint,all,assumption__radius_max__noise_correlated__scale_150,broad_or_stress_assumption,all,joint_triangular_l1,joint_triangular_l5,2,0,0,0.0,-1223.5701295,-1337.294382,-1109.8458769999997,2,-1223.5701295,-1223.5701295,0.0,-1109.8458769999997,9.476616785883742,pointwise paired bootstrap; exploratory and not multiplicity-adjusted,very small stratum,-1337.294382,-1109.8458769999997
broad,4,broad_joint,all,assumption__radius_max__noise_correlated__scale_150,broad_or_stress_assumption,correlated,joint_triangular_l1,joint_triangular_l5,2,0,0,0.0,-1223.5701295,-1337.294382,-1109.8458769999997,2,-1223.5701295,-1223.5701295,0.0,-1109.8458769999997,9.476616785883742,pointwise paired bootstrap; exploratory and not multiplicity-adjusted,very small stratum,-1337.294382,-1109.8458769999997
broad,4,broad_joint,confirmation,assumption__radius_max__noise_correlated__scale_150,broad_or_stress_assumption,all,joint_triangular_l1,joint_triangular_l5,2,0,0,0.0,-1223.5701295,-1337.294382,-1109.8458769999997,2,-1223.5701295,-1223.5701295,0.0,-1109.8458769999997,9.476616785883742,pointwise paired bootstrap; exploratory and not multiplicity-adjusted,very small stratum,-1337.294382,-1109.8458769999997
broad,4,broad_joint,confirmation,assumption__radius_max__noise_correlated__scale_150,broad_or_stress_assumption,correlated,joint_triangular_l1,joint_triangular_l5,2,0,0,0.0,-1223.5701295,-1337.294382,-1109.8458769999997,2,-1223.5701295,-1223.5701295,0.0,-1109.8458769999997,9.476616785883742,pointwise paired bootstrap; exploratory and not multiplicity-adjusted,very small stratum,-1337.294382,-1109.8458769999997
broad,4,broad_joint,all,assumption__radius_max__noise_correlated__scale_75,broad_or_stress_assumption,all,joint_triangular_l1,joint_triangular_l5,2,0,0,0.0,-1003.8965754999999,-1076.0286109999997,-931.7645400000001,2,-1003.8965754999999,-1003.8965754999999,0.0,-931.7645400000001,8.391991921399008,pointwise paired bootstrap; exploratory and not multiplicity-adjusted,very small stratum,-1076.0286109999997,-931.7645400000001
broad,4,broad_joint,all,assumption__radius_max__noise_correlated__scale_75,broad_or_stress_assumption,correlated,joint_triangular_l1,joint_triangular_l5,2,0,0,0.0,-1003.8965754999999,-1076.0286109999997,-931.7645400000001,2,-1003.8965754999999,-1003.8965754999999,0.0,-931.7645400000001,8.391991921399008,pointwise paired bootstrap; exploratory and not multiplicity-adjusted,very small stratum,-1076.0286109999997,-931.7645400000001
broad,4,broad_joint,confirmation,assumption__radius_max__noise_correlated__scale_75,broad_or_stress_assumption,all,joint_triangular_l1,joint_triangular_l5,2,0,0,0.0,-1003.8965754999999,-1076.0286109999997,-931.7645400000001,2,-1003.8965754999999,-1003.8965754999999,0.0,-931.7645400000001,8.391991921399008,pointwise paired bootstrap; exploratory and not multiplicity-adjusted,very small stratum,-1076.0286109999997,-931.7645400000001
broad,4,broad_joint,confirmation,assumption__radius_max__noise_correlated__scale_75,broad_or_stress_assumption,correlated,joint_triangular_l1,joint_triangular_l5,2,0,0,0.0,-1003.8965754999999,-1076.0286109999997,-931.7645400000001,2,-1003.8965754999999,-1003.8965754999999,0.0,-931.7645400000001,8.391991921399008,pointwise paired bootstrap; exploratory and not multiplicity-adjusted,very small stratum,-1076.0286109999997,-931.7645400000001
broad,4,broad_joint,all,assumption__radius_max__noise_deterministic__scale_150,broad_or_stress_assumption,all,joint_triangular_l1,joint_triangular_l5,2,0,0,0.0,-478.9234425000004,-505.9835340000009,-451.86335099999997,2,-478.9234425000004,-478.9234425000004,0.0,-451.86335099999997,4.598213510939179,pointwise paired bootstrap; exploratory and not multiplicity-adjusted,very small stratum,-505.9835340000009,-451.86335099999997
broad,4,broad_joint,all,assumption__radius_max__noise_deterministic__scale_150,broad_or_stress_assumption,deterministic,joint_triangular_l1,joint_triangular_l5,2,0,0,0.0,-478.9234425000004,-505.9835340000009,-451.86335099999997,2,-478.9234425000004,-478.9234425000004,0.0,-451.86335099999997,4.598213510939179,pointwise paired bootstrap; exploratory and not multiplicity-adjusted,very small stratum,-505.9835340000009,-451.86335099999997
broad,4,broad_joint,confirmation,assumption__radius_max__noise_deterministic__scale_150,broad_or_stress_assumption,all,joint_triangular_l1,joint_triangular_l5,2,0,0,0.0,-478.9234425000004,-505.9835340000009,-451.86335099999997,2,-478.9234425000004,-478.9234425000004,0.0,-451.86335099999997,4.598213510939179,pointwise paired bootstrap; exploratory and not multiplicity-adjusted,very small stratum,-505.9835340000009,-451.86335099999997
broad,4,broad_joint,confirmation,assumption__radius_max__noise_deterministic__scale_150,broad_or_stress_assumption,deterministic,joint_triangular_l1,joint_triangular_l5,2,0,0,0.0,-478.9234425000004,-505.9835340000009,-451.86335099999997,2,-478.9234425000004,-478.9234425000004,0.0,-451.86335099999997,4.598213510939179,pointwise paired bootstrap; exploratory and not multiplicity-adjusted,very small stratum,-505.9835340000009,-451.86335099999997
broad,4,broad_joint,all,assumption__radius_max__noise_deterministic__scale_300,broad_or_stress_assumption,all,joint_triangular_l1,joint_triangular_l5,2,0,0,0.0,-659.4516215000003,-741.6255870000005,-577.2776560000002,2,-659.4516215000003,-659.4516215000003,0.0,-577.2776560000002,5.898934618779119,pointwise paired bootstrap; exploratory and not multiplicity-adjusted,very small stratum,-741.6255870000005,-577.2776560000002
broad,4,broad_joint,all,assumption__radius_max__noise_deterministic__scale_300,broad_or_stress_assumption,deterministic,joint_triangular_l1,joint_triangular_l5,2,0,0,0.0,-659.4516215000003,-741.6255870000005,-577.2776560000002,2,-659.4516215000003,-659.4516215000003,0.0,-577.2776560000002,5.898934618779119,pointwise paired bootstrap; exploratory and not multiplicity-adjusted,very small stratum,-741.6255870000005,-577.2776560000002
broad,4,broad_joint,confirmation,assumption__radius_max__noise_deterministic__scale_300,broad_or_stress_assumption,all,joint_triangular_l1,joint_triangular_l5,2,0,0,0.0,-659.4516215000003,-741.6255870000005,-577.2776560000002,2,-659.4516215000003,-659.4516215000003,0.0,-577.2776560000002,5.898934618779119,pointwise paired bootstrap; exploratory and not multiplicity-adjusted,very small stratum,-741.6255870000005,-577.2776560000002
broad,4,broad_joint,confirmation,assumption__radius_max__noise_deterministic__scale_300,broad_or_stress_assumption,deterministic,joint_triangular_l1,joint_triangular_l5,2,0,0,0.0,-659.4516215000003,-741.6255870000005,-577.2776560000002,2,-659.4516215000003,-659.4516215000003,0.0,-577.2776560000002,5.898934618779119,pointwise paired bootstrap; exploratory and not multiplicity-adjusted,very small stratum,-741.6255870000005,-577.2776560000002
broad,4,broad_joint,all,assumption__radius_max__noise_deterministic__scale_75,broad_or_stress_assumption,all,joint_triangular_l1,joint_triangular_l5,3,0,0,0.0,-405.230741,-731.4909630000002,-214.87330800000018,3,-405.230741,-269.32795199999964,0.0,-214.87330800000018,4.280530346712036,pointwise paired bootstrap; exploratory and not multiplicity-adjusted,very small stratum,-731.4909630000002,-214.87330800000018
broad,4,broad_joint,all,assumption__radius_max__noise_deterministic__scale_75,broad_or_stress_assumption,deterministic,joint_triangular_l1,joint_triangular_l5,3,0,0,0.0,-405.230741,-731.4909630000002,-214.87330800000018,3,-405.230741,-269.32795199999964,0.0,-214.87330800000018,4.280530346712036,pointwise paired bootstrap; exploratory and not multiplicity-adjusted,very small stratum,-731.4909630000002,-214.87330800000018
broad,4,broad_joint,confirmation,assumption__radius_max__noise_deterministic__scale_75,broad_or_stress_assumption,all,joint_triangular_l1,joint_triangular_l5,3,0,0,0.0,-405.230741,-731.4909630000002,-214.87330800000018,3,-405.230741,-269.32795199999964,0.0,-214.87330800000018,4.280530346712036,pointwise paired bootstrap; exploratory and not multiplicity-adjusted,very small stratum,-731.4909630000002,-214.87330800000018
broad,4,broad_joint,confirmation,assumption__radius_max__noise_deterministic__scale_75,broad_or_stress_assumption,deterministic,joint_triangular_l1,joint_triangular_l5,3,0,0,0.0,-405.230741,-731.4909630000002,-214.87330800000018,3,-405.230741,-269.32795199999964,0.0,-214.87330800000018,4.280530346712036,pointwise paired bootstrap; exploratory and not multiplicity-adjusted,very small stratum,-731.4909630000002,-214.87330800000018
broad,4,broad_joint,all,assumption__radius_max__noise_extreme__scale_150,broad_or_stress_assumption,all,joint_triangular_l1,joint_triangular_l5,1,0,0,0.0,-692.6352659999993,,,1,-692.6352659999993,-692.6352659999993,0.0,-692.6352659999993,6.337403330033933,pointwise paired bootstrap; exploratory and not multiplicity-adjusted,very small stratum,,
broad,4,broad_joint,all,assumption__radius_max__noise_extreme__scale_150,broad_or_stress_assumption,extreme,joint_triangular_l1,joint_triangular_l5,1,0,0,0.0,-692.6352659999993,,,1,-692.6352659999993,-692.6352659999993,0.0,-692.6352659999993,6.337403330033933,pointwise paired bootstrap; exploratory and not multiplicity-adjusted,very small stratum,,
broad,4,broad_joint,confirmation,assumption__radius_max__noise_extreme__scale_150,broad_or_stress_assumption,all,joint_triangular_l1,joint_triangular_l5,1,0,0,0.0,-692.6352659999993,,,1,-692.6352659999993,-692.6352659999993,0.0,-692.6352659999993,6.337403330033933,pointwise paired bootstrap; exploratory and not multiplicity-adjusted,very small stratum,,
broad,4,broad_joint,confirmation,assumption__radius_max__noise_extreme__scale_150,broad_or_stress_assumption,extreme,joint_triangular_l1,joint_triangular_l5,1,0,0,0.0,-692.6352659999993,,,1,-692.6352659999993,-692.6352659999993,0.0,-692.6352659999993,6.337403330033933,pointwise paired bootstrap; exploratory and not multiplicity-adjusted,very small stratum,,
broad,4,broad_joint,all,assumption__radius_max__noise_extreme__scale_300,broad_or_stress_assumption,all,joint_triangular_l1,joint_triangular_l5,2,0,0,0.0,-636.6118910000005,-653.2107130000004,-620.0130690000005,2,-636.6118910000005,-636.6118910000005,0.0,-620.0130690000005,5.389185985615004,pointwise paired bootstrap; exploratory and not multiplicity-adjusted,very small stratum,-653.2107130000004,-620.0130690000005
broad,4,broad_joint,all,assumption__radius_max__noise_extreme__scale_300,broad_or_stress_assumption,extreme,joint_triangular_l1,joint_triangular_l5,2,0,0,0.0,-636.6118910000005,-653.2107130000004,-620.0130690000005,2,-636.6118910000005,-636.6118910000005,0.0,-620.0130690000005,5.389185985615004,pointwise paired bootstrap; exploratory and not multiplicity-adjusted,very small stratum,-653.2107130000004,-620.0130690000005
broad,4,broad_joint,confirmation,assumption__radius_max__noise_extreme__scale_300,broad_or_stress_assumption,all,joint_triangular_l1,joint_triangular_l5,2,0,0,0.0,-636.6118910000005,-653.2107130000004,-620.0130690000005,2,-636.6118910000005,-636.6118910000005,0.0,-620.0130690000005,5.389185985615004,pointwise paired bootstrap; exploratory and not multiplicity-adjusted,very small stratum,-653.2107130000004,-620.0130690000005
broad,4,broad_joint,confirmation,assumption__radius_max__noise_extreme__scale_300,broad_or_stress_assumption,extreme,joint_triangular_l1,joint_triangular_l5,2,0,0,0.0,-636.6118910000005,-653.2107130000004,-620.0130690000005,2,-636.6118910000005,-636.6118910000005,0.0,-620.0130690000005,5.389185985615004,pointwise paired bootstrap; exploratory and not multiplicity-adjusted,very small stratum,-653.2107130000004,-620.0130690000005
broad,4,broad_joint,all,assumption__radius_max__noise_extreme__scale_75,broad_or_stress_assumption,all,joint_triangular_l1,joint_triangular_l5,2,0,0,0.0,-436.9401539999999,-669.6947610000007,-204.18554699999913,2,-436.9401539999999,-436.9401539999999,0.0,-204.18554699999913,4.383741088171521,pointwise paired bootstrap; exploratory and not multiplicity-adjusted,very small stratum,-669.6947610000007,-204.18554699999913
broad,4,broad_joint,all,assumption__radius_max__noise_extreme__scale_75,broad_or_stress_assumption,extreme,joint_triangular_l1,joint_triangular_l5,2,0,0,0.0,-436.9401539999999,-669.6947610000007,-204.18554699999913,2,-436.9401539999999,-436.9401539999999,0.0,-204.18554699999913,4.383741088171521,pointwise paired bootstrap; exploratory and not multiplicity-adjusted,very small stratum,-669.6947610000007,-204.18554699999913
broad,4,broad_joint,confirmation,assumption__radius_max__noise_extreme__scale_75,broad_or_stress_assumption,all,joint_triangular_l1,joint_triangular_l5,2,0,0,0.0,-436.9401539999999,-669.6947610000007,-204.18554699999913,2,-436.9401539999999,-436.9401539999999,0.0,-204.18554699999913,4.383741088171521,pointwise paired bootstrap; exploratory and not multiplicity-adjusted,very small stratum,-669.6947610000007,-204.18554699999913
broad,4,broad_joint,confirmation,assumption__radius_max__noise_extreme__scale_75,broad_or_stress_assumption,extreme,joint_triangular_l1,joint_triangular_l5,2,0,0,0.0,-436.9401539999999,-669.6947610000007,-204.18554699999913,2,-436.9401539999999,-436.9401539999999,0.0,-204.18554699999913,4.383741088171521,pointwise paired bootstrap; exploratory and not multiplicity-adjusted,very small stratum,-669.6947610000007,-204.18554699999913
broad,4,broad_joint,all,assumption__radius_min__noise_correlated__scale_150,broad_or_stress_assumption,all,joint_triangular_l1,joint_triangular_l5,2,0,0,0.0,-534.9307064999994,-958.2352689999989,-111.62614399999984,2,-534.9307064999994,-534.9307064999994,0.0,-111.62614399999984,4.501064509152397,pointwise paired bootstrap; exploratory and not multiplicity-adjusted,very small stratum,-958.2352689999989,-111.62614399999984
broad,4,broad_joint,all,assumption__radius_min__noise_correlated__scale_150,broad_or_stress_assumption,correlated,joint_triangular_l1,joint_triangular_l5,2,0,0,0.0,-534.9307064999994,-958.2352689999989,-111.62614399999984,2,-534.9307064999994,-534.9307064999994,0.0,-111.62614399999984,4.501064509152397,pointwise paired bootstrap; exploratory and not multiplicity-adjusted,very small stratum,-958.2352689999989,-111.62614399999984
broad,4,broad_joint,confirmation,assumption__radius_min__noise_correlated__scale_150,broad_or_stress_assumption,all,joint_triangular_l1,joint_triangular_l5,2,0,0,0.0,-534.9307064999994,-958.2352689999989,-111.62614399999984,2,-534.9307064999994,-534.9307064999994,0.0,-111.62614399999984,4.501064509152397,pointwise paired bootstrap; exploratory and not multiplicity-adjusted,very small stratum,-958.2352689999989,-111.62614399999984
broad,4,broad_joint,confirmation,assumption__radius_min__noise_correlated__scale_150,broad_or_stress_assumption,correlated,joint_triangular_l1,joint_triangular_l5,2,0,0,0.0,-534.9307064999994,-958.2352689999989,-111.62614399999984,2,-534.9307064999994,-534.9307064999994,0.0,-111.62614399999984,4.501064509152397,pointwise paired bootstrap; exploratory and not multiplicity-adjusted,very small stratum,-958.2352689999989,-111.62614399999984
broad,4,broad_joint,all,assumption__radius_min__noise_correlated__scale_300,broad_or_stress_assumption,all,joint_triangular_l1,joint_triangular_l5,1,0,0,0.0,-667.2050180000006,,,1,-667.2050180000006,-667.2050180000006,0.0,-667.2050180000006,5.716212157291303,pointwise paired bootstrap; exploratory and not multiplicity-adjusted,very small stratum,,
broad,4,broad_joint,all,assumption__radius_min__noise_correlated__scale_300,broad_or_stress_assumption,correlated,joint_triangular_l1,joint_triangular_l5,1,0,0,0.0,-667.2050180000006,,,1,-667.2050180000006,-667.2050180000006,0.0,-667.2050180000006,5.716212157291303,pointwise paired bootstrap; exploratory and not multiplicity-adjusted,very small stratum,,
broad,4,broad_joint,confirmation,assumption__radius_min__noise_correlated__scale_300,broad_or_stress_assumption,all,joint_triangular_l1,joint_triangular_l5,1,0,0,0.0,-667.2050180000006,,,1,-667.2050180000006,-667.2050180000006,0.0,-667.2050180000006,5.716212157291303,pointwise paired bootstrap; exploratory and not multiplicity-adjusted,very small stratum,,
broad,4,broad_joint,confirmation,assumption__radius_min__noise_correlated__scale_300,broad_or_stress_assumption,correlated,joint_triangular_l1,joint_triangular_l5,1,0,0,0.0,-667.2050180000006,,,1,-667.2050180000006,-667.2050180000006,0.0,-667.2050180000006,5.716212157291303,pointwise paired bootstrap; exploratory and not multiplicity-adjusted,very small stratum,,
broad,4,broad_joint,all,assumption__radius_min__noise_correlated__scale_75,broad_or_stress_assumption,all,joint_triangular_l1,joint_triangular_l5,1,0,0,0.0,-320.26141199999984,,,1,-320.26141199999984,-320.26141199999984,0.0,-320.26141199999984,3.3020088979402136,pointwise paired bootstrap; exploratory and not multiplicity-adjusted,very small stratum,,
broad,4,broad_joint,all,assumption__radius_min__noise_correlated__scale_75,broad_or_stress_assumption,correlated,joint_triangular_l1,joint_triangular_l5,1,0,0,0.0,-320.26141199999984,,,1,-320.26141199999984,-320.26141199999984,0.0,-320.26141199999984,3.3020088979402136,pointwise paired bootstrap; exploratory and not multiplicity-adjusted,very small stratum,,
broad,4,broad_joint,confirmation,assumption__radius_min__noise_correlated__scale_75,broad_or_stress_assumption,all,joint_triangular_l1,joint_triangular_l5,1,0,0,0.0,-320.26141199999984,,,1,-320.26141199999984,-320.26141199999984,0.0,-320.26141199999984,3.3020088979402136,pointwise paired bootstrap; exploratory and not multiplicity-adjusted,very small stratum,,
broad,4,broad_joint,confirmation,assumption__radius_min__noise_correlated__scale_75,broad_or_stress_assumption,correlated,joint_triangular_l1,joint_triangular_l5,1,0,0,0.0,-320.26141199999984,,,1,-320.26141199999984,-320.26141199999984,0.0,-320.26141199999984,3.3020088979402136,pointwise paired bootstrap; exploratory and not multiplicity-adjusted,very small stratum,,
broad,4,broad_joint,all,assumption__radius_min__noise_deterministic__scale_150,broad_or_stress_assumption,all,joint_triangular_l1,joint_triangular_l5,2,0,0,0.0,-224.63686049999978,-370.6511899999987,-78.62253100000089,2,-224.63686049999978,-224.63686049999978,0.0,-78.62253100000089,2.2946832688321064,pointwise paired bootstrap; exploratory and not multiplicity-adjusted,very small stratum,-370.6511899999987,-78.62253100000089
broad,4,broad_joint,all,assumption__radius_min__noise_deterministic__scale_150,broad_or_stress_assumption,deterministic,joint_triangular_l1,joint_triangular_l5,2,0,0,0.0,-224.63686049999978,-370.6511899999987,-78.62253100000089,2,-224.63686049999978,-224.63686049999978,0.0,-78.62253100000089,2.2946832688321064,pointwise paired bootstrap; exploratory and not multiplicity-adjusted,very small stratum,-370.6511899999987,-78.62253100000089
broad,4,broad_joint,confirmation,assumption__radius_min__noise_deterministic__scale_150,broad_or_stress_assumption,all,joint_triangular_l1,joint_triangular_l5,2,0,0,0.0,-224.63686049999978,-370.6511899999987,-78.62253100000089,2,-224.63686049999978,-224.63686049999978,0.0,-78.62253100000089,2.2946832688321064,pointwise paired bootstrap; exploratory and not multiplicity-adjusted,very small stratum,-370.6511899999987,-78.62253100000089
broad,4,broad_joint,confirmation,assumption__radius_min__noise_deterministic__scale_150,broad_or_stress_assumption,deterministic,joint_triangular_l1,joint_triangular_l5,2,0,0,0.0,-224.63686049999978,-370.6511899999987,-78.62253100000089,2,-224.63686049999978,-224.63686049999978,0.0,-78.62253100000089,2.2946832688321064,pointwise paired bootstrap; exploratory and not multiplicity-adjusted,very small stratum,-370.6511899999987,-78.62253100000089
broad,4,broad_joint,all,assumption__radius_min__noise_deterministic__scale_300,broad_or_stress_assumption,all,joint_triangular_l1,joint_triangular_l5,3,0,0,0.0,-314.8896219999994,-446.64494299999933,-165.68937899999946,3,-314.8896219999994,-332.33454399999937,0.0,-165.68937899999946,2.917184235646181,pointwise paired bootstrap; exploratory and not multiplicity-adjusted,very small stratum,-446.64494299999933,-165.68937899999946
broad,4,broad_joint,all,assumption__radius_min__noise_deterministic__scale_300,broad_or_stress_assumption,deterministic,joint_triangular_l1,joint_triangular_l5,3,0,0,0.0,-314.8896219999994,-446.64494299999933,-165.68937899999946,3,-314.8896219999994,-332.33454399999937,0.0,-165.68937899999946,2.917184235646181,pointwise paired bootstrap; exploratory and not multiplicity-adjusted,very small stratum,-446.64494299999933,-165.68937899999946
broad,4,broad_joint,confirmation,assumption__radius_min__noise_deterministic__scale_300,broad_or_stress_assumption,all,joint_triangular_l1,joint_triangular_l5,3,0,0,0.0,-314.8896219999994,-446.64494299999933,-165.68937899999946,3,-314.8896219999994,-332.33454399999937,0.0,-165.68937899999946,2.917184235646181,pointwise paired bootstrap; exploratory and not multiplicity-adjusted,very small stratum,-446.64494299999933,-165.68937899999946
broad,4,broad_joint,confirmation,assumption__radius_min__noise_deterministic__scale_300,broad_or_stress_assumption,deterministic,joint_triangular_l1,joint_triangular_l5,3,0,0,0.0,-314.8896219999994,-446.64494299999933,-165.68937899999946,3,-314.8896219999994,-332.33454399999937,0.0,-165.68937899999946,2.917184235646181,pointwise paired bootstrap; exploratory and not multiplicity-adjusted,very small stratum,-446.64494299999933,-165.68937899999946
broad,4,broad_joint,all,assumption__radius_min__noise_deterministic__scale_75,broad_or_stress_assumption,all,joint_triangular_l1,joint_triangular_l5,2,0,0,0.0,-499.8278975000003,-779.1941910000005,-220.46160400000008,2,-499.8278975000003,-499.8278975000003,0.0,-220.46160400000008,4.346180022667997,pointwise paired bootstrap; exploratory and not multiplicity-adjusted,very small stratum,-779.1941910000005,-220.46160400000008
broad,4,broad_joint,all,assumption__radius_min__noise_deterministic__scale_75,broad_or_stress_assumption,deterministic,joint_triangular_l1,joint_triangular_l5,2,0,0,0.0,-499.8278975000003,-779.1941910000005,-220.46160400000008,2,-499.8278975000003,-499.8278975000003,0.0,-220.46160400000008,4.346180022667997,pointwise paired bootstrap; exploratory and not multiplicity-adjusted,very small stratum,-779.1941910000005,-220.46160400000008
broad,4,broad_joint,confirmation,assumption__radius_min__noise_deterministic__scale_75,broad_or_stress_assumption,all,joint_triangular_l1,joint_triangular_l5,2,0,0,0.0,-499.8278975000003,-779.1941910000005,-220.46160400000008,2,-499.8278975000003,-499.8278975000003,0.0,-220.46160400000008,4.346180022667997,pointwise paired bootstrap; exploratory and not multiplicity-adjusted,very small stratum,-779.1941910000005,-220.46160400000008
broad,4,broad_joint,confirmation,assumption__radius_min__noise_deterministic__scale_75,broad_or_stress_assumption,deterministic,joint_triangular_l1,joint_triangular_l5,2,0,0,0.0,-499.8278975000003,-779.1941910000005,-220.46160400000008,2,-499.8278975000003,-499.8278975000003,0.0,-220.46160400000008,4.346180022667997,pointwise paired bootstrap; exploratory and not multiplicity-adjusted,very small stratum,-779.1941910000005,-220.46160400000008
broad,4,broad_joint,all,assumption__radius_min__noise_extreme__scale_150,broad_or_stress_assumption,all,joint_triangular_l1,joint_triangular_l5,2,0,0,0.0,-389.21992450000016,-454.2458310000002,-324.19401800000014,2,-389.21992450000016,-389.21992450000016,0.0,-324.19401800000014,3.768732197915057,pointwise paired bootstrap; exploratory and not multiplicity-adjusted,very small stratum,-454.2458310000002,-324.19401800000014
broad,4,broad_joint,all,assumption__radius_min__noise_extreme__scale_150,broad_or_stress_assumption,extreme,joint_triangular_l1,joint_triangular_l5,2,0,0,0.0,-389.21992450000016,-454.2458310000002,-324.19401800000014,2,-389.21992450000016,-389.21992450000016,0.0,-324.19401800000014,3.768732197915057,pointwise paired bootstrap; exploratory and not multiplicity-adjusted,very small stratum,-454.2458310000002,-324.19401800000014
broad,4,broad_joint,confirmation,assumption__radius_min__noise_extreme__scale_150,broad_or_stress_assumption,all,joint_triangular_l1,joint_triangular_l5,2,0,0,0.0,-389.21992450000016,-454.2458310000002,-324.19401800000014,2,-389.21992450000016,-389.21992450000016,0.0,-324.19401800000014,3.768732197915057,pointwise paired bootstrap; exploratory and not multiplicity-adjusted,very small stratum,-454.2458310000002,-324.19401800000014
broad,4,broad_joint,confirmation,assumption__radius_min__noise_extreme__scale_150,broad_or_stress_assumption,extreme,joint_triangular_l1,joint_triangular_l5,2,0,0,0.0,-389.21992450000016,-454.2458310000002,-324.19401800000014,2,-389.21992450000016,-389.21992450000016,0.0,-324.19401800000014,3.768732197915057,pointwise paired bootstrap; exploratory and not multiplicity-adjusted,very small stratum,-454.2458310000002,-324.19401800000014
broad,4,broad_joint,all,assumption__radius_min__noise_extreme__scale_300,broad_or_stress_assumption,all,joint_triangular_l1,joint_triangular_l5,2,0,0,0.0,689.4079709999996,-360.59238300000106,1739.4083250000003,2,689.4079709999996,689.4079709999996,0.5,1739.4083250000003,-5.7990320180736035,pointwise paired bootstrap; exploratory and not multiplicity-adjusted,very small stratum,-360.59238300000106,1739.4083250000003
broad,4,broad_joint,all,assumption__radius_min__noise_extreme__scale_300,broad_or_stress_assumption,extreme,joint_triangular_l1,joint_triangular_l5,2,0,0,0.0,689.4079709999996,-360.59238300000106,1739.4083250000003,2,689.4079709999996,689.4079709999996,0.5,1739.4083250000003,-5.7990320180736035,pointwise paired bootstrap; exploratory and not multiplicity-adjusted,very small stratum,-360.59238300000106,1739.4083250000003
broad,4,broad_joint,confirmation,assumption__radius_min__noise_extreme__scale_300,broad_or_stress_assumption,all,joint_triangular_l1,joint_triangular_l5,2,0,0,0.0,689.4079709999996,-360.59238300000106,1739.4083250000003,2,689.4079709999996,689.4079709999996,0.5,1739.4083250000003,-5.7990320180736035,pointwise paired bootstrap; exploratory and not multiplicity-adjusted,very small stratum,-360.59238300000106,1739.4083250000003
broad,4,broad_joint,confirmation,assumption__radius_min__noise_extreme__scale_300,broad_or_stress_assumption,extreme,joint_triangular_l1,joint_triangular_l5,2,0,0,0.0,689.4079709999996,-360.59238300000106,1739.4083250000003,2,689.4079709999996,689.4079709999996,0.5,1739.4083250000003,-5.7990320180736035,pointwise paired bootstrap; exploratory and not multiplicity-adjusted,very small stratum,-360.59238300000106,1739.4083250000003
broad,4,broad_joint,all,assumption__radius_min__noise_extreme__scale_75,broad_or_stress_assumption,all,joint_triangular_l1,joint_triangular_l5,1,0,0,0.0,-364.4663700000001,,,1,-364.4663700000001,-364.4663700000001,0.0,-364.4663700000001,3.274586481966214,pointwise paired bootstrap; exploratory and not multiplicity-adjusted,very small stratum,,
broad,4,broad_joint,all,assumption__radius_min__noise_extreme__scale_75,broad_or_stress_assumption,extreme,joint_triangular_l1,joint_triangular_l5,1,0,0,0.0,-364.4663700000001,,,1,-364.4663700000001,-364.4663700000001,0.0,-364.4663700000001,3.274586481966214,pointwise paired bootstrap; exploratory and not multiplicity-adjusted,very small stratum,,
broad,4,broad_joint,confirmation,assumption__radius_min__noise_extreme__scale_75,broad_or_stress_assumption,all,joint_triangular_l1,joint_triangular_l5,1,0,0,0.0,-364.4663700000001,,,1,-364.4663700000001,-364.4663700000001,0.0,-364.4663700000001,3.274586481966214,pointwise paired bootstrap; exploratory and not multiplicity-adjusted,very small stratum,,
broad,4,broad_joint,confirmation,assumption__radius_min__noise_extreme__scale_75,broad_or_stress_assumption,extreme,joint_triangular_l1,joint_triangular_l5,1,0,0,0.0,-364.4663700000001,,,1,-364.4663700000001,-364.4663700000001,0.0,-364.4663700000001,3.274586481966214,pointwise paired bootstrap; exploratory and not multiplicity-adjusted,very small stratum,,
broad,4,broad_joint,all,assumption__radius_mixed__noise_correlated__scale_75,broad_or_stress_assumption,all,joint_triangular_l1,joint_triangular_l5,1,0,0,0.0,-620.042888,,,1,-620.042888,-620.042888,0.0,-620.042888,4.659423504026656,pointwise paired bootstrap; exploratory and not multiplicity-adjusted,very small stratum,,
broad,4,broad_joint,all,assumption__radius_mixed__noise_correlated__scale_75,broad_or_stress_assumption,correlated,joint_triangular_l1,joint_triangular_l5,1,0,0,0.0,-620.042888,,,1,-620.042888,-620.042888,0.0,-620.042888,4.659423504026656,pointwise paired bootstrap; exploratory and not multiplicity-adjusted,very small stratum,,
broad,4,broad_joint,confirmation,assumption__radius_mixed__noise_correlated__scale_75,broad_or_stress_assumption,all,joint_triangular_l1,joint_triangular_l5,1,0,0,0.0,-620.042888,,,1,-620.042888,-620.042888,0.0,-620.042888,4.659423504026656,pointwise paired bootstrap; exploratory and not multiplicity-adjusted,very small stratum,,
broad,4,broad_joint,confirmation,assumption__radius_mixed__noise_correlated__scale_75,broad_or_stress_assumption,correlated,joint_triangular_l1,joint_triangular_l5,1,0,0,0.0,-620.042888,,,1,-620.042888,-620.042888,0.0,-620.042888,4.659423504026656,pointwise paired bootstrap; exploratory and not multiplicity-adjusted,very small stratum,,
broad,4,broad_joint,all,assumption__radius_mixed__noise_deterministic__scale_150,broad_or_stress_assumption,all,joint_triangular_l1,joint_triangular_l5,1,0,0,0.0,-506.1877229999991,,,1,-506.1877229999991,-506.1877229999991,0.0,-506.1877229999991,4.249966057400489,pointwise paired bootstrap; exploratory and not multiplicity-adjusted,very small stratum,,
broad,4,broad_joint,all,assumption__radius_mixed__noise_deterministic__scale_150,broad_or_stress_assumption,deterministic,joint_triangular_l1,joint_triangular_l5,1,0,0,0.0,-506.1877229999991,,,1,-506.1877229999991,-506.1877229999991,0.0,-506.1877229999991,4.249966057400489,pointwise paired bootstrap; exploratory and not multiplicity-adjusted,very small stratum,,
broad,4,broad_joint,confirmation,assumption__radius_mixed__noise_deterministic__scale_150,broad_or_stress_assumption,all,joint_triangular_l1,joint_triangular_l5,1,0,0,0.0,-506.1877229999991,,,1,-506.1877229999991,-506.1877229999991,0.0,-506.1877229999991,4.249966057400489,pointwise paired bootstrap; exploratory and not multiplicity-adjusted,very small stratum,,
broad,4,broad_joint,confirmation,assumption__radius_mixed__noise_deterministic__scale_150,broad_or_stress_assumption,deterministic,joint_triangular_l1,joint_triangular_l5,1,0,0,0.0,-506.1877229999991,,,1,-506.1877229999991,-506.1877229999991,0.0,-506.1877229999991,4.249966057400489,pointwise paired bootstrap; exploratory and not multiplicity-adjusted,very small stratum,,
broad,4,broad_joint,all,assumption__radius_mixed__noise_deterministic__scale_300,broad_or_stress_assumption,all,joint_triangular_l1,joint_triangular_l5,1,0,0,0.0,-806.7524259999991,,,1,-806.7524259999991,-806.7524259999991,0.0,-806.7524259999991,6.403002121428498,pointwise paired bootstrap; exploratory and not multiplicity-adjusted,very small stratum,,
broad,4,broad_joint,all,assumption__radius_mixed__noise_deterministic__scale_300,broad_or_stress_assumption,deterministic,joint_triangular_l1,joint_triangular_l5,1,0,0,0.0,-806.7524259999991,,,1,-806.7524259999991,-806.7524259999991,0.0,-806.7524259999991,6.403002121428498,pointwise paired bootstrap; exploratory and not multiplicity-adjusted,very small stratum,,
broad,4,broad_joint,confirmation,assumption__radius_mixed__noise_deterministic__scale_300,broad_or_stress_assumption,all,joint_triangular_l1,joint_triangular_l5,1,0,0,0.0,-806.7524259999991,,,1,-806.7524259999991,-806.7524259999991,0.0,-806.7524259999991,6.403002121428498,pointwise paired bootstrap; exploratory and not multiplicity-adjusted,very small stratum,,
broad,4,broad_joint,confirmation,assumption__radius_mixed__noise_deterministic__scale_300,broad_or_stress_assumption,deterministic,joint_triangular_l1,joint_triangular_l5,1,0,0,0.0,-806.7524259999991,,,1,-806.7524259999991,-806.7524259999991,0.0,-806.7524259999991,6.403002121428498,pointwise paired bootstrap; exploratory and not multiplicity-adjusted,very small stratum,,
broad,4,broad_joint,all,assumption__radius_mixed__noise_deterministic__scale_75,broad_or_stress_assumption,all,joint_triangular_l1,joint_triangular_l5,2,0,0,0.0,-746.6035809999994,-802.0002499999991,-691.2069119999996,2,-746.6035809999994,-746.6035809999994,0.0,-691.2069119999996,5.979835058572517,pointwise paired bootstrap; exploratory and not multiplicity-adjusted,very small stratum,-802.0002499999991,-691.2069119999996
broad,4,broad_joint,all,assumption__radius_mixed__noise_deterministic__scale_75,broad_or_stress_assumption,deterministic,joint_triangular_l1,joint_triangular_l5,2,0,0,0.0,-746.6035809999994,-802.0002499999991,-691.2069119999996,2,-746.6035809999994,-746.6035809999994,0.0,-691.2069119999996,5.979835058572517,pointwise paired bootstrap; exploratory and not multiplicity-adjusted,very small stratum,-802.0002499999991,-691.2069119999996
broad,4,broad_joint,confirmation,assumption__radius_mixed__noise_deterministic__scale_75,broad_or_stress_assumption,all,joint_triangular_l1,joint_triangular_l5,2,0,0,0.0,-746.6035809999994,-802.0002499999991,-691.2069119999996,2,-746.6035809999994,-746.6035809999994,0.0,-691.2069119999996,5.979835058572517,pointwise paired bootstrap; exploratory and not multiplicity-adjusted,very small stratum,-802.0002499999991,-691.2069119999996
broad,4,broad_joint,confirmation,assumption__radius_mixed__noise_deterministic__scale_75,broad_or_stress_assumption,deterministic,joint_triangular_l1,joint_triangular_l5,2,0,0,0.0,-746.6035809999994,-802.0002499999991,-691.2069119999996,2,-746.6035809999994,-746.6035809999994,0.0,-691.2069119999996,5.979835058572517,pointwise paired bootstrap; exploratory and not multiplicity-adjusted,very small stratum,-802.0002499999991,-691.2069119999996
broad,4,broad_joint,all,assumption__radius_mixed__noise_extreme__scale_300,broad_or_stress_assumption,all,joint_triangular_l1,joint_triangular_l5,1,0,0,0.0,-866.8827930000007,,,1,-866.8827930000007,-866.8827930000007,0.0,-866.8827930000007,6.46080009935291,pointwise paired bootstrap; exploratory and not multiplicity-adjusted,very small stratum,,
broad,4,broad_joint,all,assumption__radius_mixed__noise_extreme__scale_300,broad_or_stress_assumption,extreme,joint_triangular_l1,joint_triangular_l5,1,0,0,0.0,-866.8827930000007,,,1,-866.8827930000007,-866.8827930000007,0.0,-866.8827930000007,6.46080009935291,pointwise paired bootstrap; exploratory and not multiplicity-adjusted,very small stratum,,
broad,4,broad_joint,confirmation,assumption__radius_mixed__noise_extreme__scale_300,broad_or_stress_assumption,all,joint_triangular_l1,joint_triangular_l5,1,0,0,0.0,-866.8827930000007,,,1,-866.8827930000007,-866.8827930000007,0.0,-866.8827930000007,6.46080009935291,pointwise paired bootstrap; exploratory and not multiplicity-adjusted,very small stratum,,
broad,4,broad_joint,confirmation,assumption__radius_mixed__noise_extreme__scale_300,broad_or_stress_assumption,extreme,joint_triangular_l1,joint_triangular_l5,1,0,0,0.0,-866.8827930000007,,,1,-866.8827930000007,-866.8827930000007,0.0,-866.8827930000007,6.46080009935291,pointwise paired bootstrap; exploratory and not multiplicity-adjusted,very small stratum,,
broad,4,broad_joint,all,assumption__radius_mixed__noise_extreme__scale_75,broad_or_stress_assumption,all,joint_triangular_l1,joint_triangular_l5,2,0,0,0.0,-538.6734320000005,-679.5439540000007,-397.80291000000034,2,-538.6734320000005,-538.6734320000005,0.0,-397.80291000000034,4.275723949883187,pointwise paired bootstrap; exploratory and not multiplicity-adjusted,very small stratum,-679.5439540000007,-397.80291000000034
broad,4,broad_joint,all,assumption__radius_mixed__noise_extreme__scale_75,broad_or_stress_assumption,extreme,joint_triangular_l1,joint_triangular_l5,2,0,0,0.0,-538.6734320000005,-679.5439540000007,-397.80291000000034,2,-538.6734320000005,-538.6734320000005,0.0,-397.80291000000034,4.275723949883187,pointwise paired bootstrap; exploratory and not multiplicity-adjusted,very small stratum,-679.5439540000007,-397.80291000000034
broad,4,broad_joint,confirmation,assumption__radius_mixed__noise_extreme__scale_75,broad_or_stress_assumption,all,joint_triangular_l1,joint_triangular_l5,2,0,0,0.0,-538.6734320000005,-679.5439540000007,-397.80291000000034,2,-538.6734320000005,-538.6734320000005,0.0,-397.80291000000034,4.275723949883187,pointwise paired bootstrap; exploratory and not multiplicity-adjusted,very small stratum,-679.5439540000007,-397.80291000000034
broad,4,broad_joint,confirmation,assumption__radius_mixed__noise_extreme__scale_75,broad_or_stress_assumption,extreme,joint_triangular_l1,joint_triangular_l5,2,0,0,0.0,-538.6734320000005,-679.5439540000007,-397.80291000000034,2,-538.6734320000005,-538.6734320000005,0.0,-397.80291000000034,4.275723949883187,pointwise paired bootstrap; exploratory and not multiplicity-adjusted,very small stratum,-679.5439540000007,-397.80291000000034
calibrated,3,broad_joint,all,__design_mixture__,design_mixture_only_not_official_population,all,joint_triangular_l1,joint_triangular_l5,20,0,0,0.0,-499.72004230000005,-591.8145113749999,-410.9347470237501,20,-499.72004230000005,-522.5303719999997,0.0,-164.5057840000004,9.710293802045046,pointwise paired bootstrap; exploratory and not multiplicity-adjusted,,-587.450878725,-413.2429757562502
calibrated,3,broad_joint,all,__design_mixture__,design_mixture_only_not_official_population,correlated,joint_triangular_l1,joint_triangular_l5,11,0,0,0.0,-557.1507688181819,-652.88215375,-456.75635996818187,11,-557.1507688181819,-572.777349,0.0,-228.60980300000028,11.031285103901594,pointwise paired bootstrap; exploratory and not multiplicity-adjusted,very small stratum,-651.4049431568183,-460.3980652431819
calibrated,3,broad_joint,all,__design_mixture__,design_mixture_only_not_official_population,extreme,joint_triangular_l1,joint_triangular_l5,9,0,0,0.0,-429.5269321111111,-572.3725415888887,-297.6287895611113,9,-429.5269321111111,-380.3771630000001,0.0,-164.5057840000004,8.09574887755371,pointwise paired bootstrap; exploratory and not multiplicity-adjusted,very small stratum,-575.1771165555554,-294.3881777694446
calibrated,3,broad_joint,confirmation,__design_mixture__,design_mixture_only_not_official_population,all,joint_triangular_l1,joint_triangular_l5,20,0,0,0.0,-499.72004230000005,-585.3032255699995,-414.82456666375,20,-499.72004230000005,-522.5303719999997,0.0,-164.5057840000004,9.710293802045046,pointwise paired bootstrap; exploratory and not multiplicity-adjusted,,-593.4730387599998,-414.17194854875004
calibrated,3,broad_joint,confirmation,__design_mixture__,design_mixture_only_not_official_population,correlated,joint_triangular_l1,joint_triangular_l5,11,0,0,0.0,-557.1507688181819,-656.646085284091,-464.5496724272727,11,-557.1507688181819,-572.777349,0.0,-228.60980300000028,11.031285103901594,pointwise paired bootstrap; exploratory and not multiplicity-adjusted,very small stratum,-653.9483411590909,-462.5054257863637
calibrated,3,broad_joint,confirmation,__design_mixture__,design_mixture_only_not_official_population,extreme,joint_triangular_l1,joint_triangular_l5,9,0,0,0.0,-429.5269321111111,-575.8659474999997,-292.40799116111117,9,-429.5269321111111,-380.3771630000001,0.0,-164.5057840000004,8.09574887755371,pointwise paired bootstrap; exploratory and not multiplicity-adjusted,very small stratum,-578.2287132749998,-297.7588095027777
calibrated,3,broad_joint,all,mixed_correlated150_after_observable_screen,unresolved,all,joint_triangular_l1,joint_triangular_l5,11,0,0,0.0,-557.1507688181819,-651.1960693909092,-462.59875551136366,11,-557.1507688181819,-572.777349,0.0,-228.60980300000028,11.031285103901594,pointwise paired bootstrap; exploratory and not multiplicity-adjusted,very small stratum,-648.7723876136364,-455.18393512500023
calibrated,3,broad_joint,all,mixed_correlated150_after_observable_screen,unresolved,correlated,joint_triangular_l1,joint_triangular_l5,11,0,0,0.0,-557.1507688181819,-650.6703600931819,-465.4106739636366,11,-557.1507688181819,-572.777349,0.0,-228.60980300000028,11.031285103901594,pointwise paired bootstrap; exploratory and not multiplicity-adjusted,very small stratum,-653.9168391386365,-463.0278625590912
calibrated,3,broad_joint,confirmation,mixed_correlated150_after_observable_screen,unresolved,all,joint_triangular_l1,joint_triangular_l5,11,0,0,0.0,-557.1507688181819,-651.9784915590909,-463.56823133181837,11,-557.1507688181819,-572.777349,0.0,-228.60980300000028,11.031285103901594,pointwise paired bootstrap; exploratory and not multiplicity-adjusted,very small stratum,-651.8183967659093,-462.83981682727267
calibrated,3,broad_joint,confirmation,mixed_correlated150_after_observable_screen,unresolved,correlated,joint_triangular_l1,joint_triangular_l5,11,0,0,0.0,-557.1507688181819,-648.5099408318182,-461.86555965454556,11,-557.1507688181819,-572.777349,0.0,-228.60980300000028,11.031285103901594,pointwise paired bootstrap; exploratory and not multiplicity-adjusted,very small stratum,-651.7294142977274,-459.5077186000001
calibrated,3,broad_joint,all,mixed_extreme150_after_observable_screen,unresolved,all,joint_triangular_l1,joint_triangular_l5,9,0,0,0.0,-429.5269321111111,-572.1532302527777,-293.8062205555557,9,-429.5269321111111,-380.3771630000001,0.0,-164.5057840000004,8.09574887755371,pointwise paired bootstrap; exploratory and not multiplicity-adjusted,very small stratum,-576.7782036972219,-291.55544309444474
calibrated,3,broad_joint,all,mixed_extreme150_after_observable_screen,unresolved,extreme,joint_triangular_l1,joint_triangular_l5,9,0,0,0.0,-429.5269321111111,-572.6591593499999,-295.44319092777795,9,-429.5269321111111,-380.3771630000001,0.0,-164.5057840000004,8.09574887755371,pointwise paired bootstrap; exploratory and not multiplicity-adjusted,very small stratum,-577.691741136111,-297.8882088277777
calibrated,3,broad_joint,confirmation,mixed_extreme150_after_observable_screen,unresolved,all,joint_triangular_l1,joint_triangular_l5,9,0,0,0.0,-429.5269321111111,-569.4444975361109,-294.7062009944446,9,-429.5269321111111,-380.3771630000001,0.0,-164.5057840000004,8.09574887755371,pointwise paired bootstrap; exploratory and not multiplicity-adjusted,very small stratum,-577.0309442027775,-295.9652986194446
calibrated,3,broad_joint,confirmation,mixed_extreme150_after_observable_screen,unresolved,extreme,joint_triangular_l1,joint_triangular_l5,9,0,0,0.0,-429.5269321111111,-575.9207790555555,-297.9206200694446,9,-429.5269321111111,-380.3771630000001,0.0,-164.5057840000004,8.09574887755371,pointwise paired bootstrap; exploratory and not multiplicity-adjusted,very small stratum,-575.5797002499997,-294.9269355222224
calibrated,3,smoothed_joint,all,__design_mixture__,design_mixture_only_not_official_population,all,joint_triangular_l1,joint_triangular_l5,20,0,0,0.0,-445.3573357,-541.1700263012501,-351.5855217587501,20,-445.3573357,-447.17503350000015,0.0,-112.9312130000003,8.886527726506383,pointwise paired bootstrap; exploratory and not multiplicity-adjusted,,-540.4504673387501,-350.4679097300001
calibrated,3,smoothed_joint,all,__design_mixture__,design_mixture_only_not_official_population,correlated,joint_triangular_l1,joint_triangular_l5,7,0,0,0.0,-582.7735772857143,-743.7684406000003,-418.85999785714284,7,-582.7735772857143,-583.549779,0.0,-177.28473099999974,11.658420555040825,pointwise paired bootstrap; exploratory and not multiplicity-adjusted,very small stratum,-740.3056418071429,-413.1867998357141
calibrated,3,smoothed_joint,all,__design_mixture__,design_mixture_only_not_official_population,extreme,joint_triangular_l1,joint_triangular_l5,13,0,0,0.0,-371.36397484615384,-464.8933894576925,-276.9788556519233,13,-371.36397484615384,-365.7884950000007,0.0,-112.9312130000003,7.393970049603221,pointwise paired bootstrap; exploratory and not multiplicity-adjusted,very small stratum,-471.091696023077,-276.6117051596153
calibrated,3,smoothed_joint,confirmation,__design_mixture__,design_mixture_only_not_official_population,all,joint_triangular_l1,joint_triangular_l5,20,0,0,0.0,-445.3573357,-540.1654203575002,-352.8082241750003,20,-445.3573357,-447.17503350000015,0.0,-112.9312130000003,8.886527726506383,pointwise paired bootstrap; exploratory and not multiplicity-adjusted,,-539.83598404125,-350.6333247875001
calibrated,3,smoothed_joint,confirmation,__design_mixture__,design_mixture_only_not_official_population,correlated,joint_triangular_l1,joint_triangular_l5,7,0,0,0.0,-582.7735772857143,-747.7370482071431,-413.05932276428564,7,-582.7735772857143,-583.549779,0.0,-177.28473099999974,11.658420555040825,pointwise paired bootstrap; exploratory and not multiplicity-adjusted,very small stratum,-751.1624072357146,-426.59532324285715
calibrated,3,smoothed_joint,confirmation,__design_mixture__,design_mixture_only_not_official_population,extreme,joint_triangular_l1,joint_triangular_l5,13,0,0,0.0,-371.36397484615384,-467.9892265923077,-275.28177912115405,13,-371.36397484615384,-365.7884950000007,0.0,-112.9312130000003,7.393970049603221,pointwise paired bootstrap; exploratory and not multiplicity-adjusted,very small stratum,-469.1142237884616,-279.83647206346166
calibrated,3,smoothed_joint,all,mixed_correlated150_after_observable_screen,unresolved,all,joint_triangular_l1,joint_triangular_l5,7,0,0,0.0,-582.7735772857143,-735.8865541428574,-420.1174698714285,7,-582.7735772857143,-583.549779,0.0,-177.28473099999974,11.658420555040825,pointwise paired bootstrap; exploratory and not multiplicity-adjusted,very small stratum,-743.3103877500002,-419.38338785714274
calibrated,3,smoothed_joint,all,mixed_correlated150_after_observable_screen,unresolved,correlated,joint_triangular_l1,joint_triangular_l5,7,0,0,0.0,-582.7735772857143,-737.409558564286,-412.8914129999999,7,-582.7735772857143,-583.549779,0.0,-177.28473099999974,11.658420555040825,pointwise paired bootstrap; exploratory and not multiplicity-adjusted,very small stratum,-744.868209114286,-411.40396600000054
calibrated,3,smoothed_joint,confirmation,mixed_correlated150_after_observable_screen,unresolved,all,joint_triangular_l1,joint_triangular_l5,7,0,0,0.0,-582.7735772857143,-752.5293012357146,-419.67877469285696,7,-582.7735772857143,-583.549779,0.0,-177.28473099999974,11.658420555040825,pointwise paired bootstrap; exploratory and not multiplicity-adjusted,very small stratum,-744.6704323785717,-418.8556924785714
calibrated,3,smoothed_joint,confirmation,mixed_correlated150_after_observable_screen,unresolved,correlated,joint_triangular_l1,joint_triangular_l5,7,0,0,0.0,-582.7735772857143,-743.7684406000003,-418.9831695499999,7,-582.7735772857143,-583.549779,0.0,-177.28473099999974,11.658420555040825,pointwise paired bootstrap; exploratory and not multiplicity-adjusted,very small stratum,-744.8383421428574,-413.05932276428564
calibrated,3,smoothed_joint,all,mixed_extreme150_after_observable_screen,unresolved,all,joint_triangular_l1,joint_triangular_l5,13,0,0,0.0,-371.36397484615384,-467.7788916076923,-280.4348703384617,13,-371.36397484615384,-365.7884950000007,0.0,-112.9312130000003,7.393970049603221,pointwise paired bootstrap; exploratory and not multiplicity-adjusted,very small stratum,-465.24419024423094,-274.52946534807705
calibrated,3,smoothed_joint,all,mixed_extreme150_after_observable_screen,unresolved,extreme,joint_triangular_l1,joint_triangular_l5,13,0,0,0.0,-371.36397484615384,-469.3599045673077,-276.0460814019233,13,-371.36397484615384,-365.7884950000007,0.0,-112.9312130000003,7.393970049603221,pointwise paired bootstrap; exploratory and not multiplicity-adjusted,very small stratum,-469.8184969461538,-272.2956087288463
calibrated,3,smoothed_joint,confirmation,mixed_extreme150_after_observable_screen,unresolved,all,joint_triangular_l1,joint_triangular_l5,13,0,0,0.0,-371.36397484615384,-469.07588618269233,-275.85583207884616,13,-371.36397484615384,-365.7884950000007,0.0,-112.9312130000003,7.393970049603221,pointwise paired bootstrap; exploratory and not multiplicity-adjusted,very small stratum,-469.16677582499983,-279.4167190865386
calibrated,3,smoothed_joint,confirmation,mixed_extreme150_after_observable_screen,unresolved,extreme,joint_triangular_l1,joint_triangular_l5,13,0,0,0.0,-371.36397484615384,-466.65747488461545,-278.55632665769235,13,-371.36397484615384,-365.7884950000007,0.0,-112.9312130000003,7.393970049603221,pointwise paired bootstrap; exploratory and not multiplicity-adjusted,very small stratum,-468.3028258596153,-277.71650786730777
calibrated,4,broad_joint,all,__design_mixture__,design_mixture_only_not_official_population,all,joint_triangular_l1,joint_triangular_l5,20,0,0,0.0,-646.33318295,-794.40017684,-488.7315068749997,20,-646.33318295,-676.4817490000005,0.05,296.2031399999996,5.215484976976212,pointwise paired bootstrap; exploratory and not multiplicity-adjusted,,-791.7063204850002,-495.32600061875
calibrated,4,broad_joint,all,__design_mixture__,design_mixture_only_not_official_population,correlated,joint_triangular_l1,joint_triangular_l5,10,0,0,0.0,-692.9212308,-829.6951151124997,-543.7553757075001,10,-692.9212308,-704.9819004999999,0.0,-299.35123399999975,5.498528635634425,pointwise paired bootstrap; exploratory and not multiplicity-adjusted,very small stratum,-823.6243232900002,-546.3309136275002
calibrated,4,broad_joint,all,__design_mixture__,design_mixture_only_not_official_population,extreme,joint_triangular_l1,joint_triangular_l5,10,0,0,0.0,-599.7451351000002,-835.6395242800006,-332.7368358425004,10,-599.7451351000002,-670.1455815000008,0.1,296.2031399999996,4.932441318317998,pointwise paired bootstrap; exploratory and not multiplicity-adjusted,very small stratum,-840.2732127200005,-323.51889857000015
calibrated,4,broad_joint,confirmation,__design_mixture__,design_mixture_only_not_official_population,all,joint_triangular_l1,joint_triangular_l5,20,0,0,0.0,-646.33318295,-787.6215301750003,-492.5611738725,20,-646.33318295,-676.4817490000005,0.05,296.2031399999996,5.215484976976212,pointwise paired bootstrap; exploratory and not multiplicity-adjusted,,-793.1191020950001,-495.69319247875006
calibrated,4,broad_joint,confirmation,__design_mixture__,design_mixture_only_not_official_population,correlated,joint_triangular_l1,joint_triangular_l5,10,0,0,0.0,-692.9212308,-829.1296208949999,-545.0801088025001,10,-692.9212308,-704.9819004999999,0.0,-299.35123399999975,5.498528635634425,pointwise paired bootstrap; exploratory and not multiplicity-adjusted,very small stratum,-831.1192241449994,-539.2798688975001
calibrated,4,broad_joint,confirmation,__design_mixture__,design_mixture_only_not_official_population,extreme,joint_triangular_l1,joint_triangular_l5,10,0,0,0.0,-599.7451351000002,-833.9385414750005,-341.2005222475007,10,-599.7451351000002,-670.1455815000008,0.1,296.2031399999996,4.932441318317998,pointwise paired bootstrap; exploratory and not multiplicity-adjusted,very small stratum,-843.9664110800002,-338.19825992250014
calibrated,4,broad_joint,all,mixed_correlated150_after_observable_screen,unresolved,all,joint_triangular_l1,joint_triangular_l5,10,0,0,0.0,-692.9212308,-833.9849742499997,-552.8076187875002,10,-692.9212308,-704.9819004999999,0.0,-299.35123399999975,5.498528635634425,pointwise paired bootstrap; exploratory and not multiplicity-adjusted,very small stratum,-836.4408059224999,-539.924796115
calibrated,4,broad_joint,all,mixed_correlated150_after_observable_screen,unresolved,correlated,joint_triangular_l1,joint_triangular_l5,10,0,0,0.0,-692.9212308,-830.0827446349998,-548.9106802075003,10,-692.9212308,-704.9819004999999,0.0,-299.35123399999975,5.498528635634425,pointwise paired bootstrap; exploratory and not multiplicity-adjusted,very small stratum,-830.3765753174996,-540.4589957825002
calibrated,4,broad_joint,confirmation,mixed_correlated150_after_observable_screen,unresolved,all,joint_triangular_l1,joint_triangular_l5,10,0,0,0.0,-692.9212308,-823.4878711924998,-545.82910648,10,-692.9212308,-704.9819004999999,0.0,-299.35123399999975,5.498528635634425,pointwise paired bootstrap; exploratory and not multiplicity-adjusted,very small stratum,-834.8248180875,-541.9835585100004
calibrated,4,broad_joint,confirmation,mixed_correlated150_after_observable_screen,unresolved,correlated,joint_triangular_l1,joint_triangular_l5,10,0,0,0.0,-692.9212308,-831.4188454474996,-544.4863126225,10,-692.9212308,-704.9819004999999,0.0,-299.35123399999975,5.498528635634425,pointwise paired bootstrap; exploratory and not multiplicity-adjusted,very small stratum,-832.3374750049995,-546.3984986075001
calibrated,4,broad_joint,all,mixed_extreme150_after_observable_screen,unresolved,all,joint_triangular_l1,joint_triangular_l5,10,0,0,0.0,-599.7451351000002,-846.2707665350003,-317.3678938875001,10,-599.7451351000002,-670.1455815000008,0.1,296.2031399999996,4.932441318317998,pointwise paired bootstrap; exploratory and not multiplicity-adjusted,very small stratum,-844.5812953650002,-319.1882661525002
calibrated,4,broad_joint,all,mixed_extreme150_after_observable_screen,unresolved,extreme,joint_triangular_l1,joint_triangular_l5,10,0,0,0.0,-599.7451351000002,-845.8086264975002,-336.10356044749994,10,-599.7451351000002,-670.1455815000008,0.1,296.2031399999996,4.932441318317998,pointwise paired bootstrap; exploratory and not multiplicity-adjusted,very small stratum,-855.8912910875006,-319.91979638750036
calibrated,4,broad_joint,confirmation,mixed_extreme150_after_observable_screen,unresolved,all,joint_triangular_l1,joint_triangular_l5,10,0,0,0.0,-599.7451351000002,-839.2278588975004,-320.78493280000004,10,-599.7451351000002,-670.1455815000008,0.1,296.2031399999996,4.932441318317998,pointwise paired bootstrap; exploratory and not multiplicity-adjusted,very small stratum,-843.9970720925005,-332.42502353500066
calibrated,4,broad_joint,confirmation,mixed_extreme150_after_observable_screen,unresolved,extreme,joint_triangular_l1,joint_triangular_l5,10,0,0,0.0,-599.7451351000002,-833.2336700975005,-332.70948586500015,10,-599.7451351000002,-670.1455815000008,0.1,296.2031399999996,4.932441318317998,pointwise paired bootstrap; exploratory and not multiplicity-adjusted,very small stratum,-845.1217479000006,-339.1277358975005
calibrated,4,smoothed_joint,all,__design_mixture__,design_mixture_only_not_official_population,all,joint_triangular_l1,joint_triangular_l5,20,0,0,0.0,-440.3627738,-561.9113235637502,-319.8787880024998,20,-440.3627738,-459.3435649999992,0.05,127.10087500000009,3.856015645914293,pointwise paired bootstrap; exploratory and not multiplicity-adjusted,,-554.3892225037503,-320.45488459125016
calibrated,4,smoothed_joint,all,__design_mixture__,design_mixture_only_not_official_population,correlated,joint_triangular_l1,joint_triangular_l5,12,0,0,0.0,-484.86577358333324,-642.3398638583336,-312.1397198354163,12,-484.86577358333324,-489.2114939999992,0.08333333333333333,127.10087500000009,4.222184184698632,pointwise paired bootstrap; exploratory and not multiplicity-adjusted,very small stratum,-649.5587055562501,-317.2473129145833
calibrated,4,smoothed_joint,all,__design_mixture__,design_mixture_only_not_official_population,extreme,joint_triangular_l1,joint_triangular_l5,8,0,0,0.0,-373.6082741250002,-548.8402440218754,-230.4253502187505,8,-373.6082741250002,-311.70473349999975,0.0,-6.073621999999887,3.306762837737786,pointwise paired bootstrap; exploratory and not multiplicity-adjusted,very small stratum,-543.6564152781256,-218.24765887812538
calibrated,4,smoothed_joint,confirmation,__design_mixture__,design_mixture_only_not_official_population,all,joint_triangular_l1,joint_triangular_l5,20,0,0,0.0,-440.3627738,-555.7690574525002,-322.4392948200001,20,-440.3627738,-459.3435649999992,0.05,127.10087500000009,3.856015645914293,pointwise paired bootstrap; exploratory and not multiplicity-adjusted,,-555.6188530612501,-316.34060715000004
calibrated,4,smoothed_joint,confirmation,__design_mixture__,design_mixture_only_not_official_population,correlated,joint_triangular_l1,joint_triangular_l5,12,0,0,0.0,-484.86577358333324,-652.2912654166665,-305.4696936354163,12,-484.86577358333324,-489.2114939999992,0.08333333333333333,127.10087500000009,4.222184184698632,pointwise paired bootstrap; exploratory and not multiplicity-adjusted,very small stratum,-642.8610858520835,-312.4392988479164
calibrated,4,smoothed_joint,confirmation,__design_mixture__,design_mixture_only_not_official_population,extreme,joint_triangular_l1,joint_triangular_l5,8,0,0,0.0,-373.6082741250002,-542.4955092562503,-221.78558264375,8,-373.6082741250002,-311.70473349999975,0.0,-6.073621999999887,3.306762837737786,pointwise paired bootstrap; exploratory and not multiplicity-adjusted,very small stratum,-546.7877720812505,-223.3825981250002
calibrated,4,smoothed_joint,all,mixed_correlated150_after_observable_screen,unresolved,all,joint_triangular_l1,joint_triangular_l5,12,0,0,0.0,-484.86577358333324,-647.1980765437502,-314.23879567499984,12,-484.86577358333324,-489.2114939999992,0.08333333333333333,127.10087500000009,4.222184184698632,pointwise paired bootstrap; exploratory and not multiplicity-adjusted,very small stratum,-638.5806888458336,-303.5767090229164
calibrated,4,smoothed_joint,all,mixed_correlated150_after_observable_screen,unresolved,correlated,joint_triangular_l1,joint_triangular_l5,12,0,0,0.0,-484.86577358333324,-636.5671877750002,-314.4089360812498,12,-484.86577358333324,-489.2114939999992,0.08333333333333333,127.10087500000009,4.222184184698632,pointwise paired bootstrap; exploratory and not multiplicity-adjusted,very small stratum,-645.9164546083333,-316.1527121229163
calibrated,4,smoothed_joint,confirmation,mixed_correlated150_after_observable_screen,unresolved,all,joint_triangular_l1,joint_triangular_l5,12,0,0,0.0,-484.86577358333324,-644.392314675,-310.01154536666644,12,-484.86577358333324,-489.2114939999992,0.08333333333333333,127.10087500000009,4.222184184698632,pointwise paired bootstrap; exploratory and not multiplicity-adjusted,very small stratum,-650.5366667520835,-315.84687542291636
calibrated,4,smoothed_joint,confirmation,mixed_correlated150_after_observable_screen,unresolved,correlated,joint_triangular_l1,joint_triangular_l5,12,0,0,0.0,-484.86577358333324,-642.7442635458335,-310.9301715270828,12,-484.86577358333324,-489.2114939999992,0.08333333333333333,127.10087500000009,4.222184184698632,pointwise paired bootstrap; exploratory and not multiplicity-adjusted,very small stratum,-650.0908068708337,-307.8002796541665
calibrated,4,smoothed_joint,all,mixed_extreme150_after_observable_screen,unresolved,all,joint_triangular_l1,joint_triangular_l5,8,0,0,0.0,-373.6082741250002,-531.1912413250004,-223.42256118125007,8,-373.6082741250002,-311.70473349999975,0.0,-6.073621999999887,3.306762837737786,pointwise paired bootstrap; exploratory and not multiplicity-adjusted,very small stratum,-540.3125077093756,-217.6846311125
calibrated,4,smoothed_joint,all,mixed_extreme150_after_observable_screen,unresolved,extreme,joint_triangular_l1,joint_triangular_l5,8,0,0,0.0,-373.6082741250002,-542.4098562500005,-219.30608584687516,8,-373.6082741250002,-311.70473349999975,0.0,-6.073621999999887,3.306762837737786,pointwise paired bootstrap; exploratory and not multiplicity-adjusted,very small stratum,-538.2846636937506,-221.34680903125027
calibrated,4,smoothed_joint,confirmation,mixed_extreme150_after_observable_screen,unresolved,all,joint_triangular_l1,joint_triangular_l5,8,0,0,0.0,-373.6082741250002,-531.3110160531254,-218.2071882406256,8,-373.6082741250002,-311.70473349999975,0.0,-6.073621999999887,3.306762837737786,pointwise paired bootstrap; exploratory and not multiplicity-adjusted,very small stratum,-539.3433383468755,-216.95215358437517
calibrated,4,smoothed_joint,confirmation,mixed_extreme150_after_observable_screen,unresolved,extreme,joint_triangular_l1,joint_triangular_l5,8,0,0,0.0,-373.6082741250002,-536.2570408750005,-215.24559764062528,8,-373.6082741250002,-311.70473349999975,0.0,-6.073621999999887,3.306762837737786,pointwise paired bootstrap; exploratory and not multiplicity-adjusted,very small stratum,-542.6719820718755,-217.06639273750008
stress,3,stress_design,all,__design_mixture__,design_mixture_only_not_official_population,all,joint_triangular_l1,joint_triangular_l5,20,0,0,0.0,-216.20250564999998,-280.3433495337499,-155.66721514500003,20,-216.20250564999998,-200.36276699999962,0.05,6.183027999999467,4.165596964475332,pointwise paired bootstrap; exploratory and not multiplicity-adjusted,,-280.09420307374995,-153.80495044000003
stress,3,stress_design,all,__design_mixture__,design_mixture_only_not_official_population,correlated,joint_triangular_l1,joint_triangular_l5,9,0,0,0.0,-253.78776433333346,-365.2724890000002,-150.0405956722221,9,-253.78776433333346,-238.60331099999985,0.0,-49.90322000000015,4.727960538121422,pointwise paired bootstrap; exploratory and not multiplicity-adjusted,very small stratum,-359.0528304444445,-155.10566368055538
stress,3,stress_design,all,__design_mixture__,design_mixture_only_not_official_population,deterministic,joint_triangular_l1,joint_triangular_l5,7,0,0,0.0,-237.2232569999998,-321.89155620714257,-151.20167742857095,7,-237.2232569999998,-209.03524599999946,0.0,-83.27916099999948,4.574493657481989,pointwise paired bootstrap; exploratory and not multiplicity-adjusted,very small stratum,-323.7754695678568,-152.59644514285694
stress,3,stress_design,all,__design_mixture__,design_mixture_only_not_official_population,extreme,joint_triangular_l1,joint_triangular_l5,4,0,0,0.0,-94.84935875000008,-173.5241572499998,-20.550734500000317,4,-94.84935875000008,-84.98820950000004,0.25,6.183027999999467,2.184709711009979,pointwise paired bootstrap; exploratory and not multiplicity-adjusted,very small stratum,-173.5241572499998,-20.550734500000317
stress,3,stress_design,confirmation,__design_mixture__,design_mixture_only_not_official_population,all,joint_triangular_l1,joint_triangular_l5,20,0,0,0.0,-216.20250564999998,-283.73150432374996,-150.46219623749988,20,-216.20250564999998,-200.36276699999962,0.05,6.183027999999467,4.165596964475332,pointwise paired bootstrap; exploratory and not multiplicity-adjusted,,-280.06106385375006,-151.07533564000002
stress,3,stress_design,confirmation,__design_mixture__,design_mixture_only_not_official_population,correlated,joint_triangular_l1,joint_triangular_l5,9,0,0,0.0,-253.78776433333346,-368.3127281500001,-148.18028144166655,9,-253.78776433333346,-238.60331099999985,0.0,-49.90322000000015,4.727960538121422,pointwise paired bootstrap; exploratory and not multiplicity-adjusted,very small stratum,-363.59065398333354,-154.81301236388893
stress,3,stress_design,confirmation,__design_mixture__,design_mixture_only_not_official_population,deterministic,joint_triangular_l1,joint_triangular_l5,7,0,0,0.0,-237.2232569999998,-323.5184505142855,-150.92912463571398,7,-237.2232569999998,-209.03524599999946,0.0,-83.27916099999948,4.574493657481989,pointwise paired bootstrap; exploratory and not multiplicity-adjusted,very small stratum,-325.9226458535711,-147.25698362499958
stress,3,stress_design,confirmation,__design_mixture__,design_mixture_only_not_official_population,extreme,joint_triangular_l1,joint_triangular_l5,4,0,0,0.0,-94.84935875000008,-173.5241572499998,-20.550734500000317,4,-94.84935875000008,-84.98820950000004,0.25,6.183027999999467,2.184709711009979,pointwise paired bootstrap; exploratory and not multiplicity-adjusted,very small stratum,-173.5241572499998,-20.550734500000317
stress,3,stress_design,all,assumption__radius_max__noise_correlated__scale_150,broad_or_stress_assumption,all,joint_triangular_l1,joint_triangular_l5,1,0,0,0.0,-576.0020490000006,,,1,-576.0020490000006,-576.0020490000006,0.0,-576.0020490000006,10.028542071118828,pointwise paired bootstrap; exploratory and not multiplicity-adjusted,very small stratum,,
stress,3,stress_design,all,assumption__radius_max__noise_correlated__scale_150,broad_or_stress_assumption,correlated,joint_triangular_l1,joint_triangular_l5,1,0,0,0.0,-576.0020490000006,,,1,-576.0020490000006,-576.0020490000006,0.0,-576.0020490000006,10.028542071118828,pointwise paired bootstrap; exploratory and not multiplicity-adjusted,very small stratum,,
stress,3,stress_design,confirmation,assumption__radius_max__noise_correlated__scale_150,broad_or_stress_assumption,all,joint_triangular_l1,joint_triangular_l5,1,0,0,0.0,-576.0020490000006,,,1,-576.0020490000006,-576.0020490000006,0.0,-576.0020490000006,10.028542071118828,pointwise paired bootstrap; exploratory and not multiplicity-adjusted,very small stratum,,
stress,3,stress_design,confirmation,assumption__radius_max__noise_correlated__scale_150,broad_or_stress_assumption,correlated,joint_triangular_l1,joint_triangular_l5,1,0,0,0.0,-576.0020490000006,,,1,-576.0020490000006,-576.0020490000006,0.0,-576.0020490000006,10.028542071118828,pointwise paired bootstrap; exploratory and not multiplicity-adjusted,very small stratum,,
stress,3,stress_design,all,assumption__radius_max__noise_correlated__scale_75,broad_or_stress_assumption,all,joint_triangular_l1,joint_triangular_l5,1,0,0,0.0,-414.5542570000007,,,1,-414.5542570000007,-414.5542570000007,0.0,-414.5542570000007,7.814607120876228,pointwise paired bootstrap; exploratory and not multiplicity-adjusted,very small stratum,,
stress,3,stress_design,all,assumption__radius_max__noise_correlated__scale_75,broad_or_stress_assumption,correlated,joint_triangular_l1,joint_triangular_l5,1,0,0,0.0,-414.5542570000007,,,1,-414.5542570000007,-414.5542570000007,0.0,-414.5542570000007,7.814607120876228,pointwise paired bootstrap; exploratory and not multiplicity-adjusted,very small stratum,,
stress,3,stress_design,confirmation,assumption__radius_max__noise_correlated__scale_75,broad_or_stress_assumption,all,joint_triangular_l1,joint_triangular_l5,1,0,0,0.0,-414.5542570000007,,,1,-414.5542570000007,-414.5542570000007,0.0,-414.5542570000007,7.814607120876228,pointwise paired bootstrap; exploratory and not multiplicity-adjusted,very small stratum,,
stress,3,stress_design,confirmation,assumption__radius_max__noise_correlated__scale_75,broad_or_stress_assumption,correlated,joint_triangular_l1,joint_triangular_l5,1,0,0,0.0,-414.5542570000007,,,1,-414.5542570000007,-414.5542570000007,0.0,-414.5542570000007,7.814607120876228,pointwise paired bootstrap; exploratory and not multiplicity-adjusted,very small stratum,,
stress,3,stress_design,all,assumption__radius_max__noise_deterministic__scale_150,broad_or_stress_assumption,all,joint_triangular_l1,joint_triangular_l5,1,0,0,0.0,-321.3374269999995,,,1,-321.3374269999995,-321.3374269999995,0.0,-321.3374269999995,5.894955461229576,pointwise paired bootstrap; exploratory and not multiplicity-adjusted,very small stratum,,
stress,3,stress_design,all,assumption__radius_max__noise_deterministic__scale_150,broad_or_stress_assumption,deterministic,joint_triangular_l1,joint_triangular_l5,1,0,0,0.0,-321.3374269999995,,,1,-321.3374269999995,-321.3374269999995,0.0,-321.3374269999995,5.894955461229576,pointwise paired bootstrap; exploratory and not multiplicity-adjusted,very small stratum,,
stress,3,stress_design,confirmation,assumption__radius_max__noise_deterministic__scale_150,broad_or_stress_assumption,all,joint_triangular_l1,joint_triangular_l5,1,0,0,0.0,-321.3374269999995,,,1,-321.3374269999995,-321.3374269999995,0.0,-321.3374269999995,5.894955461229576,pointwise paired bootstrap; exploratory and not multiplicity-adjusted,very small stratum,,
stress,3,stress_design,confirmation,assumption__radius_max__noise_deterministic__scale_150,broad_or_stress_assumption,deterministic,joint_triangular_l1,joint_triangular_l5,1,0,0,0.0,-321.3374269999995,,,1,-321.3374269999995,-321.3374269999995,0.0,-321.3374269999995,5.894955461229576,pointwise paired bootstrap; exploratory and not multiplicity-adjusted,very small stratum,,
stress,3,stress_design,all,assumption__radius_max__noise_deterministic__scale_75,broad_or_stress_assumption,all,joint_triangular_l1,joint_triangular_l5,1,0,0,0.0,-392.32982300000003,,,1,-392.32982300000003,-392.32982300000003,0.0,-392.32982300000003,8.264321558372322,pointwise paired bootstrap; exploratory and not multiplicity-adjusted,very small stratum,,
stress,3,stress_design,all,assumption__radius_max__noise_deterministic__scale_75,broad_or_stress_assumption,deterministic,joint_triangular_l1,joint_triangular_l5,1,0,0,0.0,-392.32982300000003,,,1,-392.32982300000003,-392.32982300000003,0.0,-392.32982300000003,8.264321558372322,pointwise paired bootstrap; exploratory and not multiplicity-adjusted,very small stratum,,
stress,3,stress_design,confirmation,assumption__radius_max__noise_deterministic__scale_75,broad_or_stress_assumption,all,joint_triangular_l1,joint_triangular_l5,1,0,0,0.0,-392.32982300000003,,,1,-392.32982300000003,-392.32982300000003,0.0,-392.32982300000003,8.264321558372322,pointwise paired bootstrap; exploratory and not multiplicity-adjusted,very small stratum,,
stress,3,stress_design,confirmation,assumption__radius_max__noise_deterministic__scale_75,broad_or_stress_assumption,deterministic,joint_triangular_l1,joint_triangular_l5,1,0,0,0.0,-392.32982300000003,,,1,-392.32982300000003,-392.32982300000003,0.0,-392.32982300000003,8.264321558372322,pointwise paired bootstrap; exploratory and not multiplicity-adjusted,very small stratum,,
stress,3,stress_design,all,assumption__radius_min__noise_correlated__scale_300,broad_or_stress_assumption,all,joint_triangular_l1,joint_triangular_l5,1,0,0,0.0,-238.60331099999985,,,1,-238.60331099999985,-238.60331099999985,0.0,-238.60331099999985,4.449948368166988,pointwise paired bootstrap; exploratory and not multiplicity-adjusted,very small stratum,,
stress,3,stress_design,all,assumption__radius_min__noise_correlated__scale_300,broad_or_stress_assumption,correlated,joint_triangular_l1,joint_triangular_l5,1,0,0,0.0,-238.60331099999985,,,1,-238.60331099999985,-238.60331099999985,0.0,-238.60331099999985,4.449948368166988,pointwise paired bootstrap; exploratory and not multiplicity-adjusted,very small stratum,,
stress,3,stress_design,confirmation,assumption__radius_min__noise_correlated__scale_300,broad_or_stress_assumption,all,joint_triangular_l1,joint_triangular_l5,1,0,0,0.0,-238.60331099999985,,,1,-238.60331099999985,-238.60331099999985,0.0,-238.60331099999985,4.449948368166988,pointwise paired bootstrap; exploratory and not multiplicity-adjusted,very small stratum,,
stress,3,stress_design,confirmation,assumption__radius_min__noise_correlated__scale_300,broad_or_stress_assumption,correlated,joint_triangular_l1,joint_triangular_l5,1,0,0,0.0,-238.60331099999985,,,1,-238.60331099999985,-238.60331099999985,0.0,-238.60331099999985,4.449948368166988,pointwise paired bootstrap; exploratory and not multiplicity-adjusted,very small stratum,,
stress,3,stress_design,all,assumption__radius_min__noise_correlated__scale_75,broad_or_stress_assumption,all,joint_triangular_l1,joint_triangular_l5,2,0,0,0.0,-184.0033884999998,-239.07370599999922,-128.93307100000038,2,-184.0033884999998,-184.0033884999998,0.0,-128.93307100000038,3.4932894523486153,pointwise paired bootstrap; exploratory and not multiplicity-adjusted,very small stratum,-239.07370599999922,-128.93307100000038
stress,3,stress_design,all,assumption__radius_min__noise_correlated__scale_75,broad_or_stress_assumption,correlated,joint_triangular_l1,joint_triangular_l5,2,0,0,0.0,-184.0033884999998,-239.07370599999922,-128.93307100000038,2,-184.0033884999998,-184.0033884999998,0.0,-128.93307100000038,3.4932894523486153,pointwise paired bootstrap; exploratory and not multiplicity-adjusted,very small stratum,-239.07370599999922,-128.93307100000038
stress,3,stress_design,confirmation,assumption__radius_min__noise_correlated__scale_75,broad_or_stress_assumption,all,joint_triangular_l1,joint_triangular_l5,2,0,0,0.0,-184.0033884999998,-239.07370599999922,-128.93307100000038,2,-184.0033884999998,-184.0033884999998,0.0,-128.93307100000038,3.4932894523486153,pointwise paired bootstrap; exploratory and not multiplicity-adjusted,very small stratum,-239.07370599999922,-128.93307100000038
stress,3,stress_design,confirmation,assumption__radius_min__noise_correlated__scale_75,broad_or_stress_assumption,correlated,joint_triangular_l1,joint_triangular_l5,2,0,0,0.0,-184.0033884999998,-239.07370599999922,-128.93307100000038,2,-184.0033884999998,-184.0033884999998,0.0,-128.93307100000038,3.4932894523486153,pointwise paired bootstrap; exploratory and not multiplicity-adjusted,very small stratum,-239.07370599999922,-128.93307100000038
stress,3,stress_design,all,assumption__radius_min__noise_deterministic__scale_150,broad_or_stress_assumption,all,joint_triangular_l1,joint_triangular_l5,1,0,0,0.0,-181.46852099999978,,,1,-181.46852099999978,-181.46852099999978,0.0,-181.46852099999978,3.474719750452861,pointwise paired bootstrap; exploratory and not multiplicity-adjusted,very small stratum,,
stress,3,stress_design,all,assumption__radius_min__noise_deterministic__scale_150,broad_or_stress_assumption,deterministic,joint_triangular_l1,joint_triangular_l5,1,0,0,0.0,-181.46852099999978,,,1,-181.46852099999978,-181.46852099999978,0.0,-181.46852099999978,3.474719750452861,pointwise paired bootstrap; exploratory and not multiplicity-adjusted,very small stratum,,
stress,3,stress_design,confirmation,assumption__radius_min__noise_deterministic__scale_150,broad_or_stress_assumption,all,joint_triangular_l1,joint_triangular_l5,1,0,0,0.0,-181.46852099999978,,,1,-181.46852099999978,-181.46852099999978,0.0,-181.46852099999978,3.474719750452861,pointwise paired bootstrap; exploratory and not multiplicity-adjusted,very small stratum,,
stress,3,stress_design,confirmation,assumption__radius_min__noise_deterministic__scale_150,broad_or_stress_assumption,deterministic,joint_triangular_l1,joint_triangular_l5,1,0,0,0.0,-181.46852099999978,,,1,-181.46852099999978,-181.46852099999978,0.0,-181.46852099999978,3.474719750452861,pointwise paired bootstrap; exploratory and not multiplicity-adjusted,very small stratum,,
stress,3,stress_design,all,assumption__radius_min__noise_extreme__scale_150,broad_or_stress_assumption,all,joint_triangular_l1,joint_triangular_l5,2,0,0,0.0,-169.14798299999984,-215.6040439999997,-122.69192199999998,2,-169.14798299999984,-169.14798299999984,0.0,-122.69192199999998,3.8591432834031805,pointwise paired bootstrap; exploratory and not multiplicity-adjusted,very small stratum,-215.6040439999997,-122.69192199999998
stress,3,stress_design,all,assumption__radius_min__noise_extreme__scale_150,broad_or_stress_assumption,extreme,joint_triangular_l1,joint_triangular_l5,2,0,0,0.0,-169.14798299999984,-215.6040439999997,-122.69192199999998,2,-169.14798299999984,-169.14798299999984,0.0,-122.69192199999998,3.8591432834031805,pointwise paired bootstrap; exploratory and not multiplicity-adjusted,very small stratum,-215.6040439999997,-122.69192199999998
stress,3,stress_design,confirmation,assumption__radius_min__noise_extreme__scale_150,broad_or_stress_assumption,all,joint_triangular_l1,joint_triangular_l5,2,0,0,0.0,-169.14798299999984,-215.6040439999997,-122.69192199999998,2,-169.14798299999984,-169.14798299999984,0.0,-122.69192199999998,3.8591432834031805,pointwise paired bootstrap; exploratory and not multiplicity-adjusted,very small stratum,-215.6040439999997,-122.69192199999998
stress,3,stress_design,confirmation,assumption__radius_min__noise_extreme__scale_150,broad_or_stress_assumption,extreme,joint_triangular_l1,joint_triangular_l5,2,0,0,0.0,-169.14798299999984,-215.6040439999997,-122.69192199999998,2,-169.14798299999984,-169.14798299999984,0.0,-122.69192199999998,3.8591432834031805,pointwise paired bootstrap; exploratory and not multiplicity-adjusted,very small stratum,-215.6040439999997,-122.69192199999998
stress,3,stress_design,all,assumption__radius_min__noise_extreme__scale_300,broad_or_stress_assumption,all,joint_triangular_l1,joint_triangular_l5,1,0,0,0.0,-47.2844970000001,,,1,-47.2844970000001,-47.2844970000001,0.0,-47.2844970000001,1.1665269147129151,pointwise paired bootstrap; exploratory and not multiplicity-adjusted,very small stratum,,
stress,3,stress_design,all,assumption__radius_min__noise_extreme__scale_300,broad_or_stress_assumption,extreme,joint_triangular_l1,joint_triangular_l5,1,0,0,0.0,-47.2844970000001,,,1,-47.2844970000001,-47.2844970000001,0.0,-47.2844970000001,1.1665269147129151,pointwise paired bootstrap; exploratory and not multiplicity-adjusted,very small stratum,,
stress,3,stress_design,confirmation,assumption__radius_min__noise_extreme__scale_300,broad_or_stress_assumption,all,joint_triangular_l1,joint_triangular_l5,1,0,0,0.0,-47.2844970000001,,,1,-47.2844970000001,-47.2844970000001,0.0,-47.2844970000001,1.1665269147129151,pointwise paired bootstrap; exploratory and not multiplicity-adjusted,very small stratum,,
stress,3,stress_design,confirmation,assumption__radius_min__noise_extreme__scale_300,broad_or_stress_assumption,extreme,joint_triangular_l1,joint_triangular_l5,1,0,0,0.0,-47.2844970000001,,,1,-47.2844970000001,-47.2844970000001,0.0,-47.2844970000001,1.1665269147129151,pointwise paired bootstrap; exploratory and not multiplicity-adjusted,very small stratum,,
stress,3,stress_design,all,assumption__radius_mixed__noise_correlated__scale_150,broad_or_stress_assumption,all,joint_triangular_l1,joint_triangular_l5,2,0,0,0.0,-58.49757150000005,-67.09192299999995,-49.90322000000015,2,-58.49757150000005,-58.49757150000005,0.0,-49.90322000000015,1.4047261347644153,pointwise paired bootstrap; exploratory and not multiplicity-adjusted,very small stratum,-67.09192299999995,-49.90322000000015
stress,3,stress_design,all,assumption__radius_mixed__noise_correlated__scale_150,broad_or_stress_assumption,correlated,joint_triangular_l1,joint_triangular_l5,2,0,0,0.0,-58.49757150000005,-67.09192299999995,-49.90322000000015,2,-58.49757150000005,-58.49757150000005,0.0,-49.90322000000015,1.4047261347644153,pointwise paired bootstrap; exploratory and not multiplicity-adjusted,very small stratum,-67.09192299999995,-49.90322000000015
stress,3,stress_design,confirmation,assumption__radius_mixed__noise_correlated__scale_150,broad_or_stress_assumption,all,joint_triangular_l1,joint_triangular_l5,2,0,0,0.0,-58.49757150000005,-67.09192299999995,-49.90322000000015,2,-58.49757150000005,-58.49757150000005,0.0,-49.90322000000015,1.4047261347644153,pointwise paired bootstrap; exploratory and not multiplicity-adjusted,very small stratum,-67.09192299999995,-49.90322000000015
stress,3,stress_design,confirmation,assumption__radius_mixed__noise_correlated__scale_150,broad_or_stress_assumption,correlated,joint_triangular_l1,joint_triangular_l5,2,0,0,0.0,-58.49757150000005,-67.09192299999995,-49.90322000000015,2,-58.49757150000005,-58.49757150000005,0.0,-49.90322000000015,1.4047261347644153,pointwise paired bootstrap; exploratory and not multiplicity-adjusted,very small stratum,-67.09192299999995,-49.90322000000015
stress,3,stress_design,all,assumption__radius_mixed__noise_correlated__scale_75,broad_or_stress_assumption,all,joint_triangular_l1,joint_triangular_l5,2,0,0,0.0,-284.9641710000001,-378.2380540000004,-191.69028799999978,2,-284.9641710000001,-284.9641710000001,0.0,-191.69028799999978,5.231258054352345,pointwise paired bootstrap; exploratory and not multiplicity-adjusted,very small stratum,-378.2380540000004,-191.69028799999978
stress,3,stress_design,all,assumption__radius_mixed__noise_correlated__scale_75,broad_or_stress_assumption,correlated,joint_triangular_l1,joint_triangular_l5,2,0,0,0.0,-284.9641710000001,-378.2380540000004,-191.69028799999978,2,-284.9641710000001,-284.9641710000001,0.0,-191.69028799999978,5.231258054352345,pointwise paired bootstrap; exploratory and not multiplicity-adjusted,very small stratum,-378.2380540000004,-191.69028799999978
stress,3,stress_design,confirmation,assumption__radius_mixed__noise_correlated__scale_75,broad_or_stress_assumption,all,joint_triangular_l1,joint_triangular_l5,2,0,0,0.0,-284.9641710000001,-378.2380540000004,-191.69028799999978,2,-284.9641710000001,-284.9641710000001,0.0,-191.69028799999978,5.231258054352345,pointwise paired bootstrap; exploratory and not multiplicity-adjusted,very small stratum,-378.2380540000004,-191.69028799999978
stress,3,stress_design,confirmation,assumption__radius_mixed__noise_correlated__scale_75,broad_or_stress_assumption,correlated,joint_triangular_l1,joint_triangular_l5,2,0,0,0.0,-284.9641710000001,-378.2380540000004,-191.69028799999978,2,-284.9641710000001,-284.9641710000001,0.0,-191.69028799999978,5.231258054352345,pointwise paired bootstrap; exploratory and not multiplicity-adjusted,very small stratum,-378.2380540000004,-191.69028799999978
stress,3,stress_design,all,assumption__radius_mixed__noise_deterministic__scale_150,broad_or_stress_assumption,all,joint_triangular_l1,joint_triangular_l5,1,0,0,0.0,-94.88780000000042,,,1,-94.88780000000042,-94.88780000000042,0.0,-94.88780000000042,1.9647792227662855,pointwise paired bootstrap; exploratory and not multiplicity-adjusted,very small stratum,,
stress,3,stress_design,all,assumption__radius_mixed__noise_deterministic__scale_150,broad_or_stress_assumption,deterministic,joint_triangular_l1,joint_triangular_l5,1,0,0,0.0,-94.88780000000042,,,1,-94.88780000000042,-94.88780000000042,0.0,-94.88780000000042,1.9647792227662855,pointwise paired bootstrap; exploratory and not multiplicity-adjusted,very small stratum,,
stress,3,stress_design,confirmation,assumption__radius_mixed__noise_deterministic__scale_150,broad_or_stress_assumption,all,joint_triangular_l1,joint_triangular_l5,1,0,0,0.0,-94.88780000000042,,,1,-94.88780000000042,-94.88780000000042,0.0,-94.88780000000042,1.9647792227662855,pointwise paired bootstrap; exploratory and not multiplicity-adjusted,very small stratum,,
stress,3,stress_design,confirmation,assumption__radius_mixed__noise_deterministic__scale_150,broad_or_stress_assumption,deterministic,joint_triangular_l1,joint_triangular_l5,1,0,0,0.0,-94.88780000000042,,,1,-94.88780000000042,-94.88780000000042,0.0,-94.88780000000042,1.9647792227662855,pointwise paired bootstrap; exploratory and not multiplicity-adjusted,very small stratum,,
stress,3,stress_design,all,assumption__radius_mixed__noise_deterministic__scale_300,broad_or_stress_assumption,all,joint_triangular_l1,joint_triangular_l5,2,0,0,0.0,-146.15720349999947,-209.03524599999946,-83.27916099999948,2,-146.15720349999947,-146.15720349999947,0.0,-83.27916099999948,2.7433605739035447,pointwise paired bootstrap; exploratory and not multiplicity-adjusted,very small stratum,-209.03524599999946,-83.27916099999948
stress,3,stress_design,all,assumption__radius_mixed__noise_deterministic__scale_300,broad_or_stress_assumption,deterministic,joint_triangular_l1,joint_triangular_l5,2,0,0,0.0,-146.15720349999947,-209.03524599999946,-83.27916099999948,2,-146.15720349999947,-146.15720349999947,0.0,-83.27916099999948,2.7433605739035447,pointwise paired bootstrap; exploratory and not multiplicity-adjusted,very small stratum,-209.03524599999946,-83.27916099999948
stress,3,stress_design,confirmation,assumption__radius_mixed__noise_deterministic__scale_300,broad_or_stress_assumption,all,joint_triangular_l1,joint_triangular_l5,2,0,0,0.0,-146.15720349999947,-209.03524599999946,-83.27916099999948,2,-146.15720349999947,-146.15720349999947,0.0,-83.27916099999948,2.7433605739035447,pointwise paired bootstrap; exploratory and not multiplicity-adjusted,very small stratum,-209.03524599999946,-83.27916099999948
stress,3,stress_design,confirmation,assumption__radius_mixed__noise_deterministic__scale_300,broad_or_stress_assumption,deterministic,joint_triangular_l1,joint_triangular_l5,2,0,0,0.0,-146.15720349999947,-209.03524599999946,-83.27916099999948,2,-146.15720349999947,-146.15720349999947,0.0,-83.27916099999948,2.7433605739035447,pointwise paired bootstrap; exploratory and not multiplicity-adjusted,very small stratum,-209.03524599999946,-83.27916099999948
stress,3,stress_design,all,assumption__radius_mixed__noise_deterministic__scale_75,broad_or_stress_assumption,all,joint_triangular_l1,joint_triangular_l5,1,0,0,0.0,-378.2248209999998,,,1,-378.2248209999998,-378.2248209999998,0.0,-378.2248209999998,6.935958461745791,pointwise paired bootstrap; exploratory and not multiplicity-adjusted,very small stratum,,
stress,3,stress_design,all,assumption__radius_mixed__noise_deterministic__scale_75,broad_or_stress_assumption,deterministic,joint_triangular_l1,joint_triangular_l5,1,0,0,0.0,-378.2248209999998,,,1,-378.2248209999998,-378.2248209999998,0.0,-378.2248209999998,6.935958461745791,pointwise paired bootstrap; exploratory and not multiplicity-adjusted,very small stratum,,
stress,3,stress_design,confirmation,assumption__radius_mixed__noise_deterministic__scale_75,broad_or_stress_assumption,all,joint_triangular_l1,joint_triangular_l5,1,0,0,0.0,-378.2248209999998,,,1,-378.2248209999998,-378.2248209999998,0.0,-378.2248209999998,6.935958461745791,pointwise paired bootstrap; exploratory and not multiplicity-adjusted,very small stratum,,
stress,3,stress_design,confirmation,assumption__radius_mixed__noise_deterministic__scale_75,broad_or_stress_assumption,deterministic,joint_triangular_l1,joint_triangular_l5,1,0,0,0.0,-378.2248209999998,,,1,-378.2248209999998,-378.2248209999998,0.0,-378.2248209999998,6.935958461745791,pointwise paired bootstrap; exploratory and not multiplicity-adjusted,very small stratum,,
stress,3,stress_design,all,assumption__radius_mixed__noise_extreme__scale_300,broad_or_stress_assumption,all,joint_triangular_l1,joint_triangular_l5,1,0,0,0.0,6.183027999999467,,,1,6.183027999999467,6.183027999999467,1.0,6.183027999999467,-0.14597463747935982,pointwise paired bootstrap; exploratory and not multiplicity-adjusted,very small stratum,,
stress,3,stress_design,all,assumption__radius_mixed__noise_extreme__scale_300,broad_or_stress_assumption,extreme,joint_triangular_l1,joint_triangular_l5,1,0,0,0.0,6.183027999999467,,,1,6.183027999999467,6.183027999999467,1.0,6.183027999999467,-0.14597463747935982,pointwise paired bootstrap; exploratory and not multiplicity-adjusted,very small stratum,,
stress,3,stress_design,confirmation,assumption__radius_mixed__noise_extreme__scale_300,broad_or_stress_assumption,all,joint_triangular_l1,joint_triangular_l5,1,0,0,0.0,6.183027999999467,,,1,6.183027999999467,6.183027999999467,1.0,6.183027999999467,-0.14597463747935982,pointwise paired bootstrap; exploratory and not multiplicity-adjusted,very small stratum,,
stress,3,stress_design,confirmation,assumption__radius_mixed__noise_extreme__scale_300,broad_or_stress_assumption,extreme,joint_triangular_l1,joint_triangular_l5,1,0,0,0.0,6.183027999999467,,,1,6.183027999999467,6.183027999999467,1.0,6.183027999999467,-0.14597463747935982,pointwise paired bootstrap; exploratory and not multiplicity-adjusted,very small stratum,,
stress,4,stress_design,all,__design_mixture__,design_mixture_only_not_official_population,all,joint_triangular_l1,joint_triangular_l5,20,0,0,0.0,-366.9295192999999,-519.2225461549998,-217.95807675749995,20,-366.9295192999999,-402.02322600000025,0.1,487.64459700000043,3.036208136275726,pointwise paired bootstrap; exploratory and not multiplicity-adjusted,,-518.8604802825,-206.93995750249988
stress,4,stress_design,all,__design_mixture__,design_mixture_only_not_official_population,correlated,joint_triangular_l1,joint_triangular_l5,6,0,0,0.0,-545.7858396666664,-801.4241160166662,-315.7230821166663,6,-545.7858396666664,-402.02322600000025,0.0,-218.116657999999,4.536416672402308,pointwise paired bootstrap; exploratory and not multiplicity-adjusted,very small stratum,-813.5239597000001,-326.6740458333331
stress,4,stress_design,all,__design_mixture__,design_mixture_only_not_official_population,deterministic,joint_triangular_l1,joint_triangular_l5,6,0,0,0.0,-461.3514343333333,-535.8627813333336,-375.46527633333335,6,-461.3514343333333,-490.32851649999975,0.0,-282.864771999999,4.038333856655583,pointwise paired bootstrap; exploratory and not multiplicity-adjusted,very small stratum,-536.0008782666666,-373.34726883333286
stress,4,stress_design,all,__design_mixture__,design_mixture_only_not_official_population,extreme,joint_triangular_l1,joint_triangular_l5,8,0,0,0.0,-161.97084274999997,-399.82384554999976,104.56977659999987,8,-161.97084274999997,-236.5321560000002,0.25,487.64459700000043,1.159457443895897,pointwise paired bootstrap; exploratory and not multiplicity-adjusted,very small stratum,-401.1603879999998,109.16540004687494
stress,4,stress_design,confirmation,__design_mixture__,design_mixture_only_not_official_population,all,joint_triangular_l1,joint_triangular_l5,20,0,0,0.0,-366.9295192999999,-505.2760326874999,-201.07414191500013,20,-366.9295192999999,-402.02322600000025,0.1,487.64459700000043,3.036208136275726,pointwise paired bootstrap; exploratory and not multiplicity-adjusted,,-506.530022805,-213.5907204175
stress,4,stress_design,confirmation,__design_mixture__,design_mixture_only_not_official_population,correlated,joint_triangular_l1,joint_triangular_l5,6,0,0,0.0,-545.7858396666664,-802.8760240041661,-314.1946636666662,6,-545.7858396666664,-402.02322600000025,0.0,-218.116657999999,4.536416672402308,pointwise paired bootstrap; exploratory and not multiplicity-adjusted,very small stratum,-813.5150031666668,-314.1946636666662
stress,4,stress_design,confirmation,__design_mixture__,design_mixture_only_not_official_population,deterministic,joint_triangular_l1,joint_triangular_l5,6,0,0,0.0,-461.3514343333333,-540.1558835000002,-376.9252801166662,6,-461.3514343333333,-490.32851649999975,0.0,-282.864771999999,4.038333856655583,pointwise paired bootstrap; exploratory and not multiplicity-adjusted,very small stratum,-536.1047234708336,-376.4652023166664
stress,4,stress_design,confirmation,__design_mixture__,design_mixture_only_not_official_population,extreme,joint_triangular_l1,joint_triangular_l5,8,0,0,0.0,-161.97084274999997,-403.8356324999998,100.1219733343741,8,-161.97084274999997,-236.5321560000002,0.25,487.64459700000043,1.159457443895897,pointwise paired bootstrap; exploratory and not multiplicity-adjusted,very small stratum,-406.98683377187496,102.16859262499997
stress,4,stress_design,all,assumption__radius_max__noise_correlated__scale_150,broad_or_stress_assumption,all,joint_triangular_l1,joint_triangular_l5,1,0,0,0.0,-322.44410699999935,,,1,-322.44410699999935,-322.44410699999935,0.0,-322.44410699999935,2.7252690790820044,pointwise paired bootstrap; exploratory and not multiplicity-adjusted,very small stratum,,
stress,4,stress_design,all,assumption__radius_max__noise_correlated__scale_150,broad_or_stress_assumption,correlated,joint_triangular_l1,joint_triangular_l5,1,0,0,0.0,-322.44410699999935,,,1,-322.44410699999935,-322.44410699999935,0.0,-322.44410699999935,2.7252690790820044,pointwise paired bootstrap; exploratory and not multiplicity-adjusted,very small stratum,,
stress,4,stress_design,confirmation,assumption__radius_max__noise_correlated__scale_150,broad_or_stress_assumption,all,joint_triangular_l1,joint_triangular_l5,1,0,0,0.0,-322.44410699999935,,,1,-322.44410699999935,-322.44410699999935,0.0,-322.44410699999935,2.7252690790820044,pointwise paired bootstrap; exploratory and not multiplicity-adjusted,very small stratum,,
stress,4,stress_design,confirmation,assumption__radius_max__noise_correlated__scale_150,broad_or_stress_assumption,correlated,joint_triangular_l1,joint_triangular_l5,1,0,0,0.0,-322.44410699999935,,,1,-322.44410699999935,-322.44410699999935,0.0,-322.44410699999935,2.7252690790820044,pointwise paired bootstrap; exploratory and not multiplicity-adjusted,very small stratum,,
stress,4,stress_design,all,assumption__radius_max__noise_correlated__scale_300,broad_or_stress_assumption,all,joint_triangular_l1,joint_triangular_l5,1,0,0,0.0,-1078.1706990000002,,,1,-1078.1706990000002,-1078.1706990000002,0.0,-1078.1706990000002,8.553222505502475,pointwise paired bootstrap; exploratory and not multiplicity-adjusted,very small stratum,,
stress,4,stress_design,all,assumption__radius_max__noise_correlated__scale_300,broad_or_stress_assumption,correlated,joint_triangular_l1,joint_triangular_l5,1,0,0,0.0,-1078.1706990000002,,,1,-1078.1706990000002,-1078.1706990000002,0.0,-1078.1706990000002,8.553222505502475,pointwise paired bootstrap; exploratory and not multiplicity-adjusted,very small stratum,,
stress,4,stress_design,confirmation,assumption__radius_max__noise_correlated__scale_300,broad_or_stress_assumption,all,joint_triangular_l1,joint_triangular_l5,1,0,0,0.0,-1078.1706990000002,,,1,-1078.1706990000002,-1078.1706990000002,0.0,-1078.1706990000002,8.553222505502475,pointwise paired bootstrap; exploratory and not multiplicity-adjusted,very small stratum,,
stress,4,stress_design,confirmation,assumption__radius_max__noise_correlated__scale_300,broad_or_stress_assumption,correlated,joint_triangular_l1,joint_triangular_l5,1,0,0,0.0,-1078.1706990000002,,,1,-1078.1706990000002,-1078.1706990000002,0.0,-1078.1706990000002,8.553222505502475,pointwise paired bootstrap; exploratory and not multiplicity-adjusted,very small stratum,,
stress,4,stress_design,all,assumption__radius_max__noise_deterministic__scale_150,broad_or_stress_assumption,all,joint_triangular_l1,joint_triangular_l5,1,0,0,0.0,-559.4751090000009,,,1,-559.4751090000009,-559.4751090000009,0.0,-559.4751090000009,4.847869870296499,pointwise paired bootstrap; exploratory and not multiplicity-adjusted,very small stratum,,
stress,4,stress_design,all,assumption__radius_max__noise_deterministic__scale_150,broad_or_stress_assumption,deterministic,joint_triangular_l1,joint_triangular_l5,1,0,0,0.0,-559.4751090000009,,,1,-559.4751090000009,-559.4751090000009,0.0,-559.4751090000009,4.847869870296499,pointwise paired bootstrap; exploratory and not multiplicity-adjusted,very small stratum,,
stress,4,stress_design,confirmation,assumption__radius_max__noise_deterministic__scale_150,broad_or_stress_assumption,all,joint_triangular_l1,joint_triangular_l5,1,0,0,0.0,-559.4751090000009,,,1,-559.4751090000009,-559.4751090000009,0.0,-559.4751090000009,4.847869870296499,pointwise paired bootstrap; exploratory and not multiplicity-adjusted,very small stratum,,
stress,4,stress_design,confirmation,assumption__radius_max__noise_deterministic__scale_150,broad_or_stress_assumption,deterministic,joint_triangular_l1,joint_triangular_l5,1,0,0,0.0,-559.4751090000009,,,1,-559.4751090000009,-559.4751090000009,0.0,-559.4751090000009,4.847869870296499,pointwise paired bootstrap; exploratory and not multiplicity-adjusted,very small stratum,,
stress,4,stress_design,all,assumption__radius_max__noise_deterministic__scale_300,broad_or_stress_assumption,all,joint_triangular_l1,joint_triangular_l5,1,0,0,0.0,-508.52081499999986,,,1,-508.52081499999986,-508.52081499999986,0.0,-508.52081499999986,4.618145685555213,pointwise paired bootstrap; exploratory and not multiplicity-adjusted,very small stratum,,
stress,4,stress_design,all,assumption__radius_max__noise_deterministic__scale_300,broad_or_stress_assumption,deterministic,joint_triangular_l1,joint_triangular_l5,1,0,0,0.0,-508.52081499999986,,,1,-508.52081499999986,-508.52081499999986,0.0,-508.52081499999986,4.618145685555213,pointwise paired bootstrap; exploratory and not multiplicity-adjusted,very small stratum,,
stress,4,stress_design,confirmation,assumption__radius_max__noise_deterministic__scale_300,broad_or_stress_assumption,all,joint_triangular_l1,joint_triangular_l5,1,0,0,0.0,-508.52081499999986,,,1,-508.52081499999986,-508.52081499999986,0.0,-508.52081499999986,4.618145685555213,pointwise paired bootstrap; exploratory and not multiplicity-adjusted,very small stratum,,
stress,4,stress_design,confirmation,assumption__radius_max__noise_deterministic__scale_300,broad_or_stress_assumption,deterministic,joint_triangular_l1,joint_triangular_l5,1,0,0,0.0,-508.52081499999986,,,1,-508.52081499999986,-508.52081499999986,0.0,-508.52081499999986,4.618145685555213,pointwise paired bootstrap; exploratory and not multiplicity-adjusted,very small stratum,,
stress,4,stress_design,all,assumption__radius_max__noise_extreme__scale_150,broad_or_stress_assumption,all,joint_triangular_l1,joint_triangular_l5,2,0,0,0.0,102.47782949999964,-114.63949700000012,319.5951559999994,2,102.47782949999964,102.47782949999964,0.5,319.5951559999994,-0.863139466783452,pointwise paired bootstrap; exploratory and not multiplicity-adjusted,very small stratum,-114.63949700000012,319.5951559999994
stress,4,stress_design,all,assumption__radius_max__noise_extreme__scale_150,broad_or_stress_assumption,extreme,joint_triangular_l1,joint_triangular_l5,2,0,0,0.0,102.47782949999964,-114.63949700000012,319.5951559999994,2,102.47782949999964,102.47782949999964,0.5,319.5951559999994,-0.863139466783452,pointwise paired bootstrap; exploratory and not multiplicity-adjusted,very small stratum,-114.63949700000012,319.5951559999994
stress,4,stress_design,confirmation,assumption__radius_max__noise_extreme__scale_150,broad_or_stress_assumption,all,joint_triangular_l1,joint_triangular_l5,2,0,0,0.0,102.47782949999964,-114.63949700000012,319.5951559999994,2,102.47782949999964,102.47782949999964,0.5,319.5951559999994,-0.863139466783452,pointwise paired bootstrap; exploratory and not multiplicity-adjusted,very small stratum,-114.63949700000012,319.5951559999994
stress,4,stress_design,confirmation,assumption__radius_max__noise_extreme__scale_150,broad_or_stress_assumption,extreme,joint_triangular_l1,joint_triangular_l5,2,0,0,0.0,102.47782949999964,-114.63949700000012,319.5951559999994,2,102.47782949999964,102.47782949999964,0.5,319.5951559999994,-0.863139466783452,pointwise paired bootstrap; exploratory and not multiplicity-adjusted,very small stratum,-114.63949700000012,319.5951559999994
stress,4,stress_design,all,assumption__radius_max__noise_extreme__scale_300,broad_or_stress_assumption,all,joint_triangular_l1,joint_triangular_l5,1,0,0,0.0,487.64459700000043,,,1,487.64459700000043,487.64459700000043,1.0,487.64459700000043,-4.978969051975201,pointwise paired bootstrap; exploratory and not multiplicity-adjusted,very small stratum,,
stress,4,stress_design,all,assumption__radius_max__noise_extreme__scale_300,broad_or_stress_assumption,extreme,joint_triangular_l1,joint_triangular_l5,1,0,0,0.0,487.64459700000043,,,1,487.64459700000043,487.64459700000043,1.0,487.64459700000043,-4.978969051975201,pointwise paired bootstrap; exploratory and not multiplicity-adjusted,very small stratum,,
stress,4,stress_design,confirmation,assumption__radius_max__noise_extreme__scale_300,broad_or_stress_assumption,all,joint_triangular_l1,joint_triangular_l5,1,0,0,0.0,487.64459700000043,,,1,487.64459700000043,487.64459700000043,1.0,487.64459700000043,-4.978969051975201,pointwise paired bootstrap; exploratory and not multiplicity-adjusted,very small stratum,,
stress,4,stress_design,confirmation,assumption__radius_max__noise_extreme__scale_300,broad_or_stress_assumption,extreme,joint_triangular_l1,joint_triangular_l5,1,0,0,0.0,487.64459700000043,,,1,487.64459700000043,487.64459700000043,1.0,487.64459700000043,-4.978969051975201,pointwise paired bootstrap; exploratory and not multiplicity-adjusted,very small stratum,,
stress,4,stress_design,all,assumption__radius_min__noise_correlated__scale_150,broad_or_stress_assumption,all,joint_triangular_l1,joint_triangular_l5,2,0,0,0.0,-312.4213549999995,-406.726052,-218.116657999999,2,-312.4213549999995,-312.4213549999995,0.0,-218.116657999999,2.8329418948924343,pointwise paired bootstrap; exploratory and not multiplicity-adjusted,very small stratum,-406.726052,-218.116657999999
stress,4,stress_design,all,assumption__radius_min__noise_correlated__scale_150,broad_or_stress_assumption,correlated,joint_triangular_l1,joint_triangular_l5,2,0,0,0.0,-312.4213549999995,-406.726052,-218.116657999999,2,-312.4213549999995,-312.4213549999995,0.0,-218.116657999999,2.8329418948924343,pointwise paired bootstrap; exploratory and not multiplicity-adjusted,very small stratum,-406.726052,-218.116657999999
stress,4,stress_design,confirmation,assumption__radius_min__noise_correlated__scale_150,broad_or_stress_assumption,all,joint_triangular_l1,joint_triangular_l5,2,0,0,0.0,-312.4213549999995,-406.726052,-218.116657999999,2,-312.4213549999995,-312.4213549999995,0.0,-218.116657999999,2.8329418948924343,pointwise paired bootstrap; exploratory and not multiplicity-adjusted,very small stratum,-406.726052,-218.116657999999
stress,4,stress_design,confirmation,assumption__radius_min__noise_correlated__scale_150,broad_or_stress_assumption,correlated,joint_triangular_l1,joint_triangular_l5,2,0,0,0.0,-312.4213549999995,-406.726052,-218.116657999999,2,-312.4213549999995,-312.4213549999995,0.0,-218.116657999999,2.8329418948924343,pointwise paired bootstrap; exploratory and not multiplicity-adjusted,very small stratum,-406.726052,-218.116657999999
stress,4,stress_design,all,assumption__radius_min__noise_deterministic__scale_300,broad_or_stress_assumption,all,joint_triangular_l1,joint_triangular_l5,2,0,0,0.0,-472.5558460000002,-570.664025,-374.44766700000037,2,-472.5558460000002,-472.5558460000002,0.0,-374.44766700000037,4.111060136918082,pointwise paired bootstrap; exploratory and not multiplicity-adjusted,very small stratum,-570.664025,-374.44766700000037
stress,4,stress_design,all,assumption__radius_min__noise_deterministic__scale_300,broad_or_stress_assumption,deterministic,joint_triangular_l1,joint_triangular_l5,2,0,0,0.0,-472.5558460000002,-570.664025,-374.44766700000037,2,-472.5558460000002,-472.5558460000002,0.0,-374.44766700000037,4.111060136918082,pointwise paired bootstrap; exploratory and not multiplicity-adjusted,very small stratum,-570.664025,-374.44766700000037
stress,4,stress_design,confirmation,assumption__radius_min__noise_deterministic__scale_300,broad_or_stress_assumption,all,joint_triangular_l1,joint_triangular_l5,2,0,0,0.0,-472.5558460000002,-570.664025,-374.44766700000037,2,-472.5558460000002,-472.5558460000002,0.0,-374.44766700000037,4.111060136918082,pointwise paired bootstrap; exploratory and not multiplicity-adjusted,very small stratum,-570.664025,-374.44766700000037
stress,4,stress_design,confirmation,assumption__radius_min__noise_deterministic__scale_300,broad_or_stress_assumption,deterministic,joint_triangular_l1,joint_triangular_l5,2,0,0,0.0,-472.5558460000002,-570.664025,-374.44766700000037,2,-472.5558460000002,-472.5558460000002,0.0,-374.44766700000037,4.111060136918082,pointwise paired bootstrap; exploratory and not multiplicity-adjusted,very small stratum,-570.664025,-374.44766700000037
stress,4,stress_design,all,assumption__radius_min__noise_deterministic__scale_75,broad_or_stress_assumption,all,joint_triangular_l1,joint_triangular_l5,1,0,0,0.0,-282.864771999999,,,1,-282.864771999999,-282.864771999999,0.0,-282.864771999999,2.6722210501623387,pointwise paired bootstrap; exploratory and not multiplicity-adjusted,very small stratum,,
stress,4,stress_design,all,assumption__radius_min__noise_deterministic__scale_75,broad_or_stress_assumption,deterministic,joint_triangular_l1,joint_triangular_l5,1,0,0,0.0,-282.864771999999,,,1,-282.864771999999,-282.864771999999,0.0,-282.864771999999,2.6722210501623387,pointwise paired bootstrap; exploratory and not multiplicity-adjusted,very small stratum,,
stress,4,stress_design,confirmation,assumption__radius_min__noise_deterministic__scale_75,broad_or_stress_assumption,all,joint_triangular_l1,joint_triangular_l5,1,0,0,0.0,-282.864771999999,,,1,-282.864771999999,-282.864771999999,0.0,-282.864771999999,2.6722210501623387,pointwise paired bootstrap; exploratory and not multiplicity-adjusted,very small stratum,,
stress,4,stress_design,confirmation,assumption__radius_min__noise_deterministic__scale_75,broad_or_stress_assumption,deterministic,joint_triangular_l1,joint_triangular_l5,1,0,0,0.0,-282.864771999999,,,1,-282.864771999999,-282.864771999999,0.0,-282.864771999999,2.6722210501623387,pointwise paired bootstrap; exploratory and not multiplicity-adjusted,very small stratum,,
stress,4,stress_design,all,assumption__radius_min__noise_extreme__scale_150,broad_or_stress_assumption,all,joint_triangular_l1,joint_triangular_l5,1,0,0,0.0,-411.6817520000004,,,1,-411.6817520000004,-411.6817520000004,0.0,-411.6817520000004,3.8573260884275204,pointwise paired bootstrap; exploratory and not multiplicity-adjusted,very small stratum,,
stress,4,stress_design,all,assumption__radius_min__noise_extreme__scale_150,broad_or_stress_assumption,extreme,joint_triangular_l1,joint_triangular_l5,1,0,0,0.0,-411.6817520000004,,,1,-411.6817520000004,-411.6817520000004,0.0,-411.6817520000004,3.8573260884275204,pointwise paired bootstrap; exploratory and not multiplicity-adjusted,very small stratum,,
stress,4,stress_design,confirmation,assumption__radius_min__noise_extreme__scale_150,broad_or_stress_assumption,all,joint_triangular_l1,joint_triangular_l5,1,0,0,0.0,-411.6817520000004,,,1,-411.6817520000004,-411.6817520000004,0.0,-411.6817520000004,3.8573260884275204,pointwise paired bootstrap; exploratory and not multiplicity-adjusted,very small stratum,,
stress,4,stress_design,confirmation,assumption__radius_min__noise_extreme__scale_150,broad_or_stress_assumption,extreme,joint_triangular_l1,joint_triangular_l5,1,0,0,0.0,-411.6817520000004,,,1,-411.6817520000004,-411.6817520000004,0.0,-411.6817520000004,3.8573260884275204,pointwise paired bootstrap; exploratory and not multiplicity-adjusted,very small stratum,,
stress,4,stress_design,all,assumption__radius_min__noise_extreme__scale_300,broad_or_stress_assumption,all,joint_triangular_l1,joint_triangular_l5,1,0,0,0.0,-565.0374979999997,,,1,-565.0374979999997,-565.0374979999997,0.0,-565.0374979999997,3.9081772546069145,pointwise paired bootstrap; exploratory and not multiplicity-adjusted,very small stratum,,
stress,4,stress_design,all,assumption__radius_min__noise_extreme__scale_300,broad_or_stress_assumption,extreme,joint_triangular_l1,joint_triangular_l5,1,0,0,0.0,-565.0374979999997,,,1,-565.0374979999997,-565.0374979999997,0.0,-565.0374979999997,3.9081772546069145,pointwise paired bootstrap; exploratory and not multiplicity-adjusted,very small stratum,,
stress,4,stress_design,confirmation,assumption__radius_min__noise_extreme__scale_300,broad_or_stress_assumption,all,joint_triangular_l1,joint_triangular_l5,1,0,0,0.0,-565.0374979999997,,,1,-565.0374979999997,-565.0374979999997,0.0,-565.0374979999997,3.9081772546069145,pointwise paired bootstrap; exploratory and not multiplicity-adjusted,very small stratum,,
stress,4,stress_design,confirmation,assumption__radius_min__noise_extreme__scale_300,broad_or_stress_assumption,extreme,joint_triangular_l1,joint_triangular_l5,1,0,0,0.0,-565.0374979999997,,,1,-565.0374979999997,-565.0374979999997,0.0,-565.0374979999997,3.9081772546069145,pointwise paired bootstrap; exploratory and not multiplicity-adjusted,very small stratum,,
stress,4,stress_design,all,assumption__radius_min__noise_extreme__scale_75,broad_or_stress_assumption,all,joint_triangular_l1,joint_triangular_l5,1,0,0,0.0,-58.72688500000004,,,1,-58.72688500000004,-58.72688500000004,0.0,-58.72688500000004,0.5918024296836287,pointwise paired bootstrap; exploratory and not multiplicity-adjusted,very small stratum,,
stress,4,stress_design,all,assumption__radius_min__noise_extreme__scale_75,broad_or_stress_assumption,extreme,joint_triangular_l1,joint_triangular_l5,1,0,0,0.0,-58.72688500000004,,,1,-58.72688500000004,-58.72688500000004,0.0,-58.72688500000004,0.5918024296836287,pointwise paired bootstrap; exploratory and not multiplicity-adjusted,very small stratum,,
stress,4,stress_design,confirmation,assumption__radius_min__noise_extreme__scale_75,broad_or_stress_assumption,all,joint_triangular_l1,joint_triangular_l5,1,0,0,0.0,-58.72688500000004,,,1,-58.72688500000004,-58.72688500000004,0.0,-58.72688500000004,0.5918024296836287,pointwise paired bootstrap; exploratory and not multiplicity-adjusted,very small stratum,,
stress,4,stress_design,confirmation,assumption__radius_min__noise_extreme__scale_75,broad_or_stress_assumption,extreme,joint_triangular_l1,joint_triangular_l5,1,0,0,0.0,-58.72688500000004,,,1,-58.72688500000004,-58.72688500000004,0.0,-58.72688500000004,0.5918024296836287,pointwise paired bootstrap; exploratory and not multiplicity-adjusted,very small stratum,,
stress,4,stress_design,all,assumption__radius_mixed__noise_correlated__scale_150,broad_or_stress_assumption,all,joint_triangular_l1,joint_triangular_l5,1,0,0,0.0,-397.3204000000005,,,1,-397.3204000000005,-397.3204000000005,0.0,-397.3204000000005,3.4600929003876844,pointwise paired bootstrap; exploratory and not multiplicity-adjusted,very small stratum,,
stress,4,stress_design,all,assumption__radius_mixed__noise_correlated__scale_150,broad_or_stress_assumption,correlated,joint_triangular_l1,joint_triangular_l5,1,0,0,0.0,-397.3204000000005,,,1,-397.3204000000005,-397.3204000000005,0.0,-397.3204000000005,3.4600929003876844,pointwise paired bootstrap; exploratory and not multiplicity-adjusted,very small stratum,,
stress,4,stress_design,confirmation,assumption__radius_mixed__noise_correlated__scale_150,broad_or_stress_assumption,all,joint_triangular_l1,joint_triangular_l5,1,0,0,0.0,-397.3204000000005,,,1,-397.3204000000005,-397.3204000000005,0.0,-397.3204000000005,3.4600929003876844,pointwise paired bootstrap; exploratory and not multiplicity-adjusted,very small stratum,,
stress,4,stress_design,confirmation,assumption__radius_mixed__noise_correlated__scale_150,broad_or_stress_assumption,correlated,joint_triangular_l1,joint_triangular_l5,1,0,0,0.0,-397.3204000000005,,,1,-397.3204000000005,-397.3204000000005,0.0,-397.3204000000005,3.4600929003876844,pointwise paired bootstrap; exploratory and not multiplicity-adjusted,very small stratum,,
stress,4,stress_design,all,assumption__radius_mixed__noise_correlated__scale_75,broad_or_stress_assumption,all,joint_triangular_l1,joint_triangular_l5,1,0,0,0.0,-851.9371219999994,,,1,-851.9371219999994,-851.9371219999994,0.0,-851.9371219999994,6.814031759656818,pointwise paired bootstrap; exploratory and not multiplicity-adjusted,very small stratum,,
stress,4,stress_design,all,assumption__radius_mixed__noise_correlated__scale_75,broad_or_stress_assumption,correlated,joint_triangular_l1,joint_triangular_l5,1,0,0,0.0,-851.9371219999994,,,1,-851.9371219999994,-851.9371219999994,0.0,-851.9371219999994,6.814031759656818,pointwise paired bootstrap; exploratory and not multiplicity-adjusted,very small stratum,,
stress,4,stress_design,confirmation,assumption__radius_mixed__noise_correlated__scale_75,broad_or_stress_assumption,all,joint_triangular_l1,joint_triangular_l5,1,0,0,0.0,-851.9371219999994,,,1,-851.9371219999994,-851.9371219999994,0.0,-851.9371219999994,6.814031759656818,pointwise paired bootstrap; exploratory and not multiplicity-adjusted,very small stratum,,
stress,4,stress_design,confirmation,assumption__radius_mixed__noise_correlated__scale_75,broad_or_stress_assumption,correlated,joint_triangular_l1,joint_triangular_l5,1,0,0,0.0,-851.9371219999994,,,1,-851.9371219999994,-851.9371219999994,0.0,-851.9371219999994,6.814031759656818,pointwise paired bootstrap; exploratory and not multiplicity-adjusted,very small stratum,,
stress,4,stress_design,all,assumption__radius_mixed__noise_deterministic__scale_150,broad_or_stress_assumption,all,joint_triangular_l1,joint_triangular_l5,1,0,0,0.0,-472.13621799999964,,,1,-472.13621799999964,-472.13621799999964,0.0,-472.13621799999964,3.869646260083278,pointwise paired bootstrap; exploratory and not multiplicity-adjusted,very small stratum,,
stress,4,stress_design,all,assumption__radius_mixed__noise_deterministic__scale_150,broad_or_stress_assumption,deterministic,joint_triangular_l1,joint_triangular_l5,1,0,0,0.0,-472.13621799999964,,,1,-472.13621799999964,-472.13621799999964,0.0,-472.13621799999964,3.869646260083278,pointwise paired bootstrap; exploratory and not multiplicity-adjusted,very small stratum,,
stress,4,stress_design,confirmation,assumption__radius_mixed__noise_deterministic__scale_150,broad_or_stress_assumption,all,joint_triangular_l1,joint_triangular_l5,1,0,0,0.0,-472.13621799999964,,,1,-472.13621799999964,-472.13621799999964,0.0,-472.13621799999964,3.869646260083278,pointwise paired bootstrap; exploratory and not multiplicity-adjusted,very small stratum,,
stress,4,stress_design,confirmation,assumption__radius_mixed__noise_deterministic__scale_150,broad_or_stress_assumption,deterministic,joint_triangular_l1,joint_triangular_l5,1,0,0,0.0,-472.13621799999964,,,1,-472.13621799999964,-472.13621799999964,0.0,-472.13621799999964,3.869646260083278,pointwise paired bootstrap; exploratory and not multiplicity-adjusted,very small stratum,,
stress,4,stress_design,all,assumption__radius_mixed__noise_extreme__scale_300,broad_or_stress_assumption,all,joint_triangular_l1,joint_triangular_l5,1,0,0,0.0,-594.4960479999991,,,1,-594.4960479999991,-594.4960479999991,0.0,-594.4960479999991,4.642679699915328,pointwise paired bootstrap; exploratory and not multiplicity-adjusted,very small stratum,,
stress,4,stress_design,all,assumption__radius_mixed__noise_extreme__scale_300,broad_or_stress_assumption,extreme,joint_triangular_l1,joint_triangular_l5,1,0,0,0.0,-594.4960479999991,,,1,-594.4960479999991,-594.4960479999991,0.0,-594.4960479999991,4.642679699915328,pointwise paired bootstrap; exploratory and not multiplicity-adjusted,very small stratum,,
stress,4,stress_design,confirmation,assumption__radius_mixed__noise_extreme__scale_300,broad_or_stress_assumption,all,joint_triangular_l1,joint_triangular_l5,1,0,0,0.0,-594.4960479999991,,,1,-594.4960479999991,-594.4960479999991,0.0,-594.4960479999991,4.642679699915328,pointwise paired bootstrap; exploratory and not multiplicity-adjusted,very small stratum,,
stress,4,stress_design,confirmation,assumption__radius_mixed__noise_extreme__scale_300,broad_or_stress_assumption,extreme,joint_triangular_l1,joint_triangular_l5,1,0,0,0.0,-594.4960479999991,,,1,-594.4960479999991,-594.4960479999991,0.0,-594.4960479999991,4.642679699915328,pointwise paired bootstrap; exploratory and not multiplicity-adjusted,very small stratum,,
stress,4,stress_design,all,assumption__radius_mixed__noise_extreme__scale_75,broad_or_stress_assumption,all,joint_triangular_l1,joint_triangular_l5,1,0,0,0.0,-358.4248150000003,,,1,-358.4248150000003,-358.4248150000003,0.0,-358.4248150000003,2.98092206407589,pointwise paired bootstrap; exploratory and not multiplicity-adjusted,very small stratum,,
stress,4,stress_design,all,assumption__radius_mixed__noise_extreme__scale_75,broad_or_stress_assumption,extreme,joint_triangular_l1,joint_triangular_l5,1,0,0,0.0,-358.4248150000003,,,1,-358.4248150000003,-358.4248150000003,0.0,-358.4248150000003,2.98092206407589,pointwise paired bootstrap; exploratory and not multiplicity-adjusted,very small stratum,,
stress,4,stress_design,confirmation,assumption__radius_mixed__noise_extreme__scale_75,broad_or_stress_assumption,all,joint_triangular_l1,joint_triangular_l5,1,0,0,0.0,-358.4248150000003,,,1,-358.4248150000003,-358.4248150000003,0.0,-358.4248150000003,2.98092206407589,pointwise paired bootstrap; exploratory and not multiplicity-adjusted,very small stratum,,
stress,4,stress_design,confirmation,assumption__radius_mixed__noise_extreme__scale_75,broad_or_stress_assumption,extreme,joint_triangular_l1,joint_triangular_l5,1,0,0,0.0,-358.4248150000003,,,1,-358.4248150000003,-358.4248150000003,0.0,-358.4248150000003,2.98092206407589,pointwise paired bootstrap; exploratory and not multiplicity-adjusted,very small stratum,,
