status,error,problem,config,walk_distance_m,switches,measures,clear_attempts,clear_successes,fallback_targets,certified_clears,initial_hull_invariant,total_virtual_time_s,independently_accounted_time_s,timing_residual_s,average_clear_time_s,program_real_time_s,source_total,clear_fraction,case_id,pool,composition_model,mechanism_id,mechanism_status,partition,layout,radius_mode,error_mode,n,n_directed,scenario_sha256,stage,manifest_sha256,variant,arm_sha256,solver_class,nosignal_config,evaluation_complete,environment,hull_invariant_violations,error_field_sha256,policy_core_sha256,dependency_sha256,failure_penalized_time_s,nosignal_choices,nosignal_changed_choices,nosignal_baseline_fallbacks,nosignal_convex_mixed_choices,sensing_variant
complete,,3,"{""bin_width_deg"":4.0,""clear_radius"":19.999,""coverage"":""triangular"",""epsilon_deg"":1.0051,""joint_detour_m"":800.0,""local_measure_limit"":1,""max_virtual_s"":360000.0,""nearest_safe"":true,""opportunistic_known_measurements"":false,""problem"":3,""radius_weight"":2.0,""reserve_real_s"":5.0,""scheduling"":""joint"",""sensing"":""active"",""spacing"":null}",20720.029316711425,71,72,37,15,9,6,True,4716.005863,4716.005863342285,-3.4228469303343445e-07,314.40039086666667,1.3964719000505283,15,1.0,stage2-round-broad-p3-0003-9b473e4173777437,broad,broad_joint,assumption__radius_max__noise_deterministic__scale_75,broad_or_stress_assumption,confirmation,random,max,deterministic,15,0,8cfdc099391355dd5b1185501e3fcc8f3100001d3657d5611e8f7e7c852f27d9,2,f9ffbe734bc37653bebadf06778320395c80106f25e85d538286de044da3fc27,normal,598a470e18f0cc7605daa46bb28b1a1250fbc8f78834c102c2dac6a9efb90dc4,normal,,True,self_built_fixed_scenario,[],5a62a47084f0b5e9a7e611275787305dbc3f4ce55f24a88cb8332db5058365de,1b673484453104a5d87d4605d30b20826a3b7ec64769fd6ce8d3c8f7a1ad24f6,"{""scripts/run_candidate_stages.py"":""c2e66de2b6e26dfd94409d1597cd4af87a371372b9a722dc25f90691b1c3cd1b"",""src/bsolver/nosignal_sensing.py"":""2073393686e1538ad046965cbc3b4cf1f16b6882a157b6efa5c7855ff50be6c0"",""src/bsolver/round_experiments.py"":""6836dedaa30c8a24e910cede983b3e811c97e52dbd994f4e1dbd4f3a576c8c7a""}",4716.005863,,,,,
complete,,3,"{""bin_width_deg"":4.0,""clear_radius"":19.999,""coverage"":""triangular"",""epsilon_deg"":1.0051,""joint_detour_m"":800.0,""local_measure_limit"":1,""max_virtual_s"":360000.0,""nearest_safe"":true,""opportunistic_known_measurements"":false,""problem"":3,""radius_weight"":2.0,""reserve_real_s"":5.0,""scheduling"":""joint"",""sensing"":""active"",""spacing"":null}",18282.468168258256,105,108,23,10,7,3,True,4390.493633,4390.493633651651,-6.516511348308995e-07,439.0493633,0.8858647999586537,10,1.0,stage2-round-broad-p3-0008-ff0b571c6571256c,broad,broad_joint,assumption__radius_mixed__noise_extreme__scale_75,broad_or_stress_assumption,confirmation,random,mixed,extreme,10,0,e96f33907e2ab65a050154a038b514bbad5f12796e585041de5a8e44dd011e0c,2,f9ffbe734bc37653bebadf06778320395c80106f25e85d538286de044da3fc27,normal,598a470e18f0cc7605daa46bb28b1a1250fbc8f78834c102c2dac6a9efb90dc4,normal,,True,self_built_fixed_scenario,[],3a7cd0a6c4fe18be675e8372dcddd7d10f13199b5a453e9dd6db9b56a7e487cf,1b673484453104a5d87d4605d30b20826a3b7ec64769fd6ce8d3c8f7a1ad24f6,"{""scripts/run_candidate_stages.py"":""c2e66de2b6e26dfd94409d1597cd4af87a371372b9a722dc25f90691b1c3cd1b"",""src/bsolver/nosignal_sensing.py"":""2073393686e1538ad046965cbc3b4cf1f16b6882a157b6efa5c7855ff50be6c0"",""src/bsolver/round_experiments.py"":""6836dedaa30c8a24e910cede983b3e811c97e52dbd994f4e1dbd4f3a576c8c7a""}",4390.493633,,,,,
complete,,3,"{""bin_width_deg"":4.0,""clear_radius"":19.999,""coverage"":""triangular"",""epsilon_deg"":1.0051,""joint_detour_m"":800.0,""local_measure_limit"":1,""max_virtual_s"":360000.0,""nearest_safe"":true,""opportunistic_known_measurements"":false,""problem"":3,""radius_weight"":2.0,""reserve_real_s"":5.0,""scheduling"":""joint"",""sensing"":""active"",""spacing"":null}",19227.74207244074,108,110,26,12,6,6,True,4605.548409,4605.5484144881475,-5.488147508003749e-06,383.79570075,1.0906596999848261,12,1.0,stage2-round-broad-p3-0019-b28ee2e0a2bfeda3,broad,broad_joint,assumption__radius_min__noise_correlated__scale_300,broad_or_stress_assumption,confirmation,random,min,correlated,12,0,2d5d7c31b6b99860c5cea41543880a9c8ccc08a0451ddf5615a21d0e9743475d,2,f9ffbe734bc37653bebadf06778320395c80106f25e85d538286de044da3fc27,normal,598a470e18f0cc7605daa46bb28b1a1250fbc8f78834c102c2dac6a9efb90dc4,normal,,True,self_built_fixed_scenario,[],4d0e3b90051658bfda7b8ffc2d9d57ba1d0ebf899fade67a58628fbaacbd4038,1b673484453104a5d87d4605d30b20826a3b7ec64769fd6ce8d3c8f7a1ad24f6,"{""scripts/run_candidate_stages.py"":""c2e66de2b6e26dfd94409d1597cd4af87a371372b9a722dc25f90691b1c3cd1b"",""src/bsolver/nosignal_sensing.py"":""2073393686e1538ad046965cbc3b4cf1f16b6882a157b6efa5c7855ff50be6c0"",""src/bsolver/round_experiments.py"":""6836dedaa30c8a24e910cede983b3e811c97e52dbd994f4e1dbd4f3a576c8c7a""}",4605.548409,,,,,
complete,,3,"{""bin_width_deg"":4.0,""clear_radius"":19.999,""coverage"":""triangular"",""epsilon_deg"":1.0051,""joint_detour_m"":800.0,""local_measure_limit"":1,""max_virtual_s"":360000.0,""nearest_safe"":true,""opportunistic_known_measurements"":false,""problem"":3,""radius_weight"":2.0,""reserve_real_s"":5.0,""scheduling"":""joint"",""sensing"":""active"",""spacing"":null}",20873.852056326556,101,103,34,14,10,4,True,4920.770412,4920.770411265311,7.346889105974697e-07,351.48360085714285,1.3808026999467984,14,1.0,stage2-round-broad-p3-0020-0372ae2d760e3bc7,broad,broad_joint,assumption__radius_min__noise_extreme__scale_300,broad_or_stress_assumption,confirmation,random,min,extreme,14,0,c0f8649d9e21e04d2bd2d02b74bccf75c74b6310988d69ef5892ec09fdcde67a,2,f9ffbe734bc37653bebadf06778320395c80106f25e85d538286de044da3fc27,normal,598a470e18f0cc7605daa46bb28b1a1250fbc8f78834c102c2dac6a9efb90dc4,normal,,True,self_built_fixed_scenario,[],452de50576dced9be218c399c945c0685e09cbc107ff5901c9860d71f3443f6e,1b673484453104a5d87d4605d30b20826a3b7ec64769fd6ce8d3c8f7a1ad24f6,"{""scripts/run_candidate_stages.py"":""c2e66de2b6e26dfd94409d1597cd4af87a371372b9a722dc25f90691b1c3cd1b"",""src/bsolver/nosignal_sensing.py"":""2073393686e1538ad046965cbc3b4cf1f16b6882a157b6efa5c7855ff50be6c0"",""src/bsolver/round_experiments.py"":""6836dedaa30c8a24e910cede983b3e811c97e52dbd994f4e1dbd4f3a576c8c7a""}",4920.770412,,,,,
complete,,3,"{""bin_width_deg"":4.0,""clear_radius"":19.999,""coverage"":""triangular"",""epsilon_deg"":1.0051,""joint_detour_m"":800.0,""local_measure_limit"":1,""max_virtual_s"":360000.0,""nearest_safe"":true,""opportunistic_known_measurements"":false,""problem"":3,""radius_weight"":2.0,""reserve_real_s"":5.0,""scheduling"":""joint"",""sensing"":""active"",""spacing"":null}",15385.440327271977,97,99,30,10,7,3,True,3779.088064,3779.0880654543953,-1.454395260225283e-06,377.9088064,0.9863136999774724,10,1.0,stage2-round-broad-p3-0022-d237873404bfcdf6,broad,broad_joint,assumption__radius_max__noise_correlated__scale_300,broad_or_stress_assumption,confirmation,random,max,correlated,10,0,d5219260de8566a00162fa87501c08f62f779713a6e8009051d72f3da29cfa19,2,f9ffbe734bc37653bebadf06778320395c80106f25e85d538286de044da3fc27,normal,598a470e18f0cc7605daa46bb28b1a1250fbc8f78834c102c2dac6a9efb90dc4,normal,,True,self_built_fixed_scenario,[],ee40a6a66b0b48d09bf84cfee6eb319bec50a16bd70e54f07c2eb4d6290e4a5a,1b673484453104a5d87d4605d30b20826a3b7ec64769fd6ce8d3c8f7a1ad24f6,"{""scripts/run_candidate_stages.py"":""c2e66de2b6e26dfd94409d1597cd4af87a371372b9a722dc25f90691b1c3cd1b"",""src/bsolver/nosignal_sensing.py"":""2073393686e1538ad046965cbc3b4cf1f16b6882a157b6efa5c7855ff50be6c0"",""src/bsolver/round_experiments.py"":""6836dedaa30c8a24e910cede983b3e811c97e52dbd994f4e1dbd4f3a576c8c7a""}",3779.088064,,,,,
complete,,3,"{""bin_width_deg"":4.0,""clear_radius"":19.999,""coverage"":""triangular"",""epsilon_deg"":1.0051,""joint_detour_m"":800.0,""local_measure_limit"":1,""max_virtual_s"":360000.0,""nearest_safe"":true,""opportunistic_known_measurements"":false,""problem"":3,""radius_weight"":2.0,""reserve_real_s"":5.0,""scheduling"":""joint"",""sensing"":""active"",""spacing"":null}",17959.761912609032,96,98,21,14,4,10,True,4268.95238,4268.952382521807,-2.5218068913090974e-06,304.92517,1.4083738999906927,14,1.0,stage2-round-broad-p3-0027-bdf02b832bf7c53a,broad,broad_joint,assumption__radius_min__noise_deterministic__scale_75,broad_or_stress_assumption,confirmation,random,min,deterministic,14,0,5bcd9e176e5923f34dcc0d2010caada1b9c17f1b2042a15717f2d64e0dc1c025,2,f9ffbe734bc37653bebadf06778320395c80106f25e85d538286de044da3fc27,normal,598a470e18f0cc7605daa46bb28b1a1250fbc8f78834c102c2dac6a9efb90dc4,normal,,True,self_built_fixed_scenario,[],b43c5d39c5b286fe134f75145e05ed9262908df0e5271d559b32001e210f7d03,1b673484453104a5d87d4605d30b20826a3b7ec64769fd6ce8d3c8f7a1ad24f6,"{""scripts/run_candidate_stages.py"":""c2e66de2b6e26dfd94409d1597cd4af87a371372b9a722dc25f90691b1c3cd1b"",""src/bsolver/nosignal_sensing.py"":""2073393686e1538ad046965cbc3b4cf1f16b6882a157b6efa5c7855ff50be6c0"",""src/bsolver/round_experiments.py"":""6836dedaa30c8a24e910cede983b3e811c97e52dbd994f4e1dbd4f3a576c8c7a""}",4268.95238,,,,,
complete,,3,"{""bin_width_deg"":4.0,""clear_radius"":19.999,""coverage"":""triangular"",""epsilon_deg"":1.0051,""joint_detour_m"":800.0,""local_measure_limit"":1,""max_virtual_s"":360000.0,""nearest_safe"":true,""opportunistic_known_measurements"":false,""problem"":3,""radius_weight"":2.0,""reserve_real_s"":5.0,""scheduling"":""joint"",""sensing"":""active"",""spacing"":null}",20514.39942542742,69,70,52,16,12,4,True,4709.879884,4709.879885085484,-1.0854837455553934e-06,294.36749275,1.5869038000237197,16,1.0,stage2-round-broad-p3-0030-282c287ccc13e140,broad,broad_joint,assumption__radius_max__noise_deterministic__scale_75,broad_or_stress_assumption,confirmation,random,max,deterministic,16,0,80729150a0f1be4f01e394e595b3e7e59b352a97026e2c3156c081fbdb13ea03,2,f9ffbe734bc37653bebadf06778320395c80106f25e85d538286de044da3fc27,normal,598a470e18f0cc7605daa46bb28b1a1250fbc8f78834c102c2dac6a9efb90dc4,normal,,True,self_built_fixed_scenario,[],ceedc5d5ba4ac243edfa5dda9cc32a868b9971511ad52d187649dbec92f783d6,1b673484453104a5d87d4605d30b20826a3b7ec64769fd6ce8d3c8f7a1ad24f6,"{""scripts/run_candidate_stages.py"":""c2e66de2b6e26dfd94409d1597cd4af87a371372b9a722dc25f90691b1c3cd1b"",""src/bsolver/nosignal_sensing.py"":""2073393686e1538ad046965cbc3b4cf1f16b6882a157b6efa5c7855ff50be6c0"",""src/bsolver/round_experiments.py"":""6836dedaa30c8a24e910cede983b3e811c97e52dbd994f4e1dbd4f3a576c8c7a""}",4709.879884,,,,,
complete,,3,"{""bin_width_deg"":4.0,""clear_radius"":19.999,""coverage"":""triangular"",""epsilon_deg"":1.0051,""joint_detour_m"":800.0,""local_measure_limit"":1,""max_virtual_s"":360000.0,""nearest_safe"":true,""opportunistic_known_measurements"":false,""problem"":3,""radius_weight"":2.0,""reserve_real_s"":5.0,""scheduling"":""joint"",""sensing"":""active"",""spacing"":null}",18157.44883134569,97,100,39,12,7,5,True,4369.489765,4369.489766269138,-1.2691380106844008e-06,364.12414708333336,1.212220299988985,12,1.0,stage2-round-broad-p3-0033-c646d5b77e8885f6,broad,broad_joint,assumption__radius_mixed__noise_deterministic__scale_75,broad_or_stress_assumption,confirmation,random,mixed,deterministic,12,0,e28769318ead3348a564b2da548c99f038657acc07dda4860ceb09bc880ce968,2,f9ffbe734bc37653bebadf06778320395c80106f25e85d538286de044da3fc27,normal,598a470e18f0cc7605daa46bb28b1a1250fbc8f78834c102c2dac6a9efb90dc4,normal,,True,self_built_fixed_scenario,[],f72003f7792ef40fcb9167e54fce102d494a4e9299f2149430d31cf23a91d42b,1b673484453104a5d87d4605d30b20826a3b7ec64769fd6ce8d3c8f7a1ad24f6,"{""scripts/run_candidate_stages.py"":""c2e66de2b6e26dfd94409d1597cd4af87a371372b9a722dc25f90691b1c3cd1b"",""src/bsolver/nosignal_sensing.py"":""2073393686e1538ad046965cbc3b4cf1f16b6882a157b6efa5c7855ff50be6c0"",""src/bsolver/round_experiments.py"":""6836dedaa30c8a24e910cede983b3e811c97e52dbd994f4e1dbd4f3a576c8c7a""}",4369.489765,,,,,
complete,,3,"{""bin_width_deg"":4.0,""clear_radius"":19.999,""coverage"":""triangular"",""epsilon_deg"":1.0051,""joint_detour_m"":800.0,""local_measure_limit"":1,""max_virtual_s"":360000.0,""nearest_safe"":true,""opportunistic_known_measurements"":false,""problem"":3,""radius_weight"":2.0,""reserve_real_s"":5.0,""scheduling"":""joint"",""sensing"":""active"",""spacing"":null}",21101.602212625072,88,90,33,16,8,8,True,4889.320439,4889.320442525014,-3.5250141081633046e-06,305.5825274375,1.4335458000423387,16,1.0,stage2-round-broad-p3-0037-1d6defd165bfebe7,broad,broad_joint,assumption__radius_min__noise_correlated__scale_150,broad_or_stress_assumption,confirmation,random,min,correlated,16,0,c3eb5b41a264a7eb5937b316fa5f94af3688b4730aa66797504e2f305033bcba,2,f9ffbe734bc37653bebadf06778320395c80106f25e85d538286de044da3fc27,normal,598a470e18f0cc7605daa46bb28b1a1250fbc8f78834c102c2dac6a9efb90dc4,normal,,True,self_built_fixed_scenario,[],0593cb5ccee4107100706efa73cb133bc3e554d91c627711f37c3e8fa85da820,1b673484453104a5d87d4605d30b20826a3b7ec64769fd6ce8d3c8f7a1ad24f6,"{""scripts/run_candidate_stages.py"":""c2e66de2b6e26dfd94409d1597cd4af87a371372b9a722dc25f90691b1c3cd1b"",""src/bsolver/nosignal_sensing.py"":""2073393686e1538ad046965cbc3b4cf1f16b6882a157b6efa5c7855ff50be6c0"",""src/bsolver/round_experiments.py"":""6836dedaa30c8a24e910cede983b3e811c97e52dbd994f4e1dbd4f3a576c8c7a""}",4889.320439,,,,,
complete,,3,"{""bin_width_deg"":4.0,""clear_radius"":19.999,""coverage"":""triangular"",""epsilon_deg"":1.0051,""joint_detour_m"":800.0,""local_measure_limit"":1,""max_virtual_s"":360000.0,""nearest_safe"":true,""opportunistic_known_measurements"":false,""problem"":3,""radius_weight"":2.0,""reserve_real_s"":5.0,""scheduling"":""joint"",""sensing"":""active"",""spacing"":null}",16825.49914443105,103,105,19,10,5,5,True,4070.099827,4070.09982888621,-1.8862101569538936e-06,407.0099827,0.9609062999952585,10,1.0,stage2-round-broad-p3-0043-b72786911a8cac18,broad,broad_joint,assumption__radius_mixed__noise_correlated__scale_150,broad_or_stress_assumption,confirmation,random,mixed,correlated,10,0,73e5dcacbf3ad797a2761ae13a5bbe7f6bb73c90239a75151a4a1929352671db,2,f9ffbe734bc37653bebadf06778320395c80106f25e85d538286de044da3fc27,normal,598a470e18f0cc7605daa46bb28b1a1250fbc8f78834c102c2dac6a9efb90dc4,normal,,True,self_built_fixed_scenario,[],bf6e697d6933fe18461982423b62e74d10e44861144af8ccb46f7481976d2328,1b673484453104a5d87d4605d30b20826a3b7ec64769fd6ce8d3c8f7a1ad24f6,"{""scripts/run_candidate_stages.py"":""c2e66de2b6e26dfd94409d1597cd4af87a371372b9a722dc25f90691b1c3cd1b"",""src/bsolver/nosignal_sensing.py"":""2073393686e1538ad046965cbc3b4cf1f16b6882a157b6efa5c7855ff50be6c0"",""src/bsolver/round_experiments.py"":""6836dedaa30c8a24e910cede983b3e811c97e52dbd994f4e1dbd4f3a576c8c7a""}",4070.099827,,,,,
complete,,3,"{""bin_width_deg"":4.0,""clear_radius"":19.999,""coverage"":""triangular"",""epsilon_deg"":1.0051,""joint_detour_m"":800.0,""local_measure_limit"":1,""max_virtual_s"":360000.0,""nearest_safe"":true,""opportunistic_known_measurements"":false,""problem"":3,""radius_weight"":2.0,""reserve_real_s"":5.0,""scheduling"":""joint"",""sensing"":""active"",""spacing"":null}",22091.177052042243,84,87,25,16,7,9,True,5044.23541,5044.235410408449,-4.0844861359801143e-07,315.264713125,1.4721059000585228,16,1.0,stage2-round-broad-p3-0044-4eb7de3d7ab1808c,broad,broad_joint,assumption__radius_mixed__noise_extreme__scale_150,broad_or_stress_assumption,confirmation,random,mixed,extreme,16,0,83ec8c033a4df8b9e86c95ce572de2dbfe3508ef6ca0f9c840ac67b981290d3a,2,f9ffbe734bc37653bebadf06778320395c80106f25e85d538286de044da3fc27,normal,598a470e18f0cc7605daa46bb28b1a1250fbc8f78834c102c2dac6a9efb90dc4,normal,,True,self_built_fixed_scenario,[],a41b6a6e134ea7a452ff56e9f46f137c30e68be2bd3e207bdacc9c52f86aba2c,1b673484453104a5d87d4605d30b20826a3b7ec64769fd6ce8d3c8f7a1ad24f6,"{""scripts/run_candidate_stages.py"":""c2e66de2b6e26dfd94409d1597cd4af87a371372b9a722dc25f90691b1c3cd1b"",""src/bsolver/nosignal_sensing.py"":""2073393686e1538ad046965cbc3b4cf1f16b6882a157b6efa5c7855ff50be6c0"",""src/bsolver/round_experiments.py"":""6836dedaa30c8a24e910cede983b3e811c97e52dbd994f4e1dbd4f3a576c8c7a""}",5044.23541,,,,,
complete,,3,"{""bin_width_deg"":4.0,""clear_radius"":19.999,""coverage"":""triangular"",""epsilon_deg"":1.0051,""joint_detour_m"":800.0,""local_measure_limit"":1,""max_virtual_s"":360000.0,""nearest_safe"":true,""opportunistic_known_measurements"":false,""problem"":3,""radius_weight"":2.0,""reserve_real_s"":5.0,""scheduling"":""joint"",""sensing"":""active"",""spacing"":null}",19933.12395117664,71,72,36,16,9,7,True,4557.624787,4557.624790235328,-3.235328222217504e-06,284.8515491875,1.4333631000481546,16,1.0,stage2-round-broad-p3-0051-b41785e23c4234b4,broad,broad_joint,assumption__radius_mixed__noise_deterministic__scale_300,broad_or_stress_assumption,confirmation,random,mixed,deterministic,16,0,45c9a02b062a4d2ad99ad277667e47ca8cfafc69978df7b52d3997d49047a2d2,2,f9ffbe734bc37653bebadf06778320395c80106f25e85d538286de044da3fc27,normal,598a470e18f0cc7605daa46bb28b1a1250fbc8f78834c102c2dac6a9efb90dc4,normal,,True,self_built_fixed_scenario,[],2b9ee13fdb5304dc89cffaac9851e37f84ccbb2281f7942b8ddf16dd4d48cb81,1b673484453104a5d87d4605d30b20826a3b7ec64769fd6ce8d3c8f7a1ad24f6,"{""scripts/run_candidate_stages.py"":""c2e66de2b6e26dfd94409d1597cd4af87a371372b9a722dc25f90691b1c3cd1b"",""src/bsolver/nosignal_sensing.py"":""2073393686e1538ad046965cbc3b4cf1f16b6882a157b6efa5c7855ff50be6c0"",""src/bsolver/round_experiments.py"":""6836dedaa30c8a24e910cede983b3e811c97e52dbd994f4e1dbd4f3a576c8c7a""}",4557.624787,,,,,
complete,,3,"{""bin_width_deg"":4.0,""clear_radius"":19.999,""coverage"":""triangular"",""epsilon_deg"":1.0051,""joint_detour_m"":800.0,""local_measure_limit"":1,""max_virtual_s"":360000.0,""nearest_safe"":true,""opportunistic_known_measurements"":false,""problem"":3,""radius_weight"":2.0,""reserve_real_s"":5.0,""scheduling"":""joint"",""sensing"":""active"",""spacing"":null}",20141.09101591543,108,112,26,14,3,11,True,4802.218203,4802.218203183086,-1.8308583094039932e-07,343.01558592857145,1.2419407999841496,14,1.0,stage2-round-broad-p3-0055-2eb56b36a0d98290,broad,broad_joint,assumption__radius_min__noise_correlated__scale_75,broad_or_stress_assumption,confirmation,random,min,correlated,14,0,a6c6b20e74315799658cc5049918282387729da17f369b32eefda8ad45702e15,2,f9ffbe734bc37653bebadf06778320395c80106f25e85d538286de044da3fc27,normal,598a470e18f0cc7605daa46bb28b1a1250fbc8f78834c102c2dac6a9efb90dc4,normal,,True,self_built_fixed_scenario,[],8407e235f2364ab271e7ecb8b05657d7489e4235563cf418c3d95f2d87fcbb28,1b673484453104a5d87d4605d30b20826a3b7ec64769fd6ce8d3c8f7a1ad24f6,"{""scripts/run_candidate_stages.py"":""c2e66de2b6e26dfd94409d1597cd4af87a371372b9a722dc25f90691b1c3cd1b"",""src/bsolver/nosignal_sensing.py"":""2073393686e1538ad046965cbc3b4cf1f16b6882a157b6efa5c7855ff50be6c0"",""src/bsolver/round_experiments.py"":""6836dedaa30c8a24e910cede983b3e811c97e52dbd994f4e1dbd4f3a576c8c7a""}",4802.218203,,,,,
complete,,3,"{""bin_width_deg"":4.0,""clear_radius"":19.999,""coverage"":""triangular"",""epsilon_deg"":1.0051,""joint_detour_m"":800.0,""local_measure_limit"":1,""max_virtual_s"":360000.0,""nearest_safe"":true,""opportunistic_known_measurements"":false,""problem"":3,""radius_weight"":2.0,""reserve_real_s"":5.0,""scheduling"":""joint"",""sensing"":""active"",""spacing"":null}",22637.269968455443,77,79,52,15,11,4,True,5185.453991,5185.453993691089,-2.6910884116659872e-06,345.69693273333337,1.3237117999233305,15,1.0,stage2-round-broad-p3-0059-fa4d46aff3b86bdb,broad,broad_joint,assumption__radius_max__noise_extreme__scale_75,broad_or_stress_assumption,confirmation,random,max,extreme,15,0,5e22bc30941a47ca5292a1cec3310632ef30f275bfc2e032f90c37f1eb875951,2,f9ffbe734bc37653bebadf06778320395c80106f25e85d538286de044da3fc27,normal,598a470e18f0cc7605daa46bb28b1a1250fbc8f78834c102c2dac6a9efb90dc4,normal,,True,self_built_fixed_scenario,[],959d037fc4571b145a61795cc58fb7b483948b9f4d67f0be640b9a77c4d4976f,1b673484453104a5d87d4605d30b20826a3b7ec64769fd6ce8d3c8f7a1ad24f6,"{""scripts/run_candidate_stages.py"":""c2e66de2b6e26dfd94409d1597cd4af87a371372b9a722dc25f90691b1c3cd1b"",""src/bsolver/nosignal_sensing.py"":""2073393686e1538ad046965cbc3b4cf1f16b6882a157b6efa5c7855ff50be6c0"",""src/bsolver/round_experiments.py"":""6836dedaa30c8a24e910cede983b3e811c97e52dbd994f4e1dbd4f3a576c8c7a""}",5185.453991,,,,,
complete,,3,"{""bin_width_deg"":4.0,""clear_radius"":19.999,""coverage"":""triangular"",""epsilon_deg"":1.0051,""joint_detour_m"":800.0,""local_measure_limit"":1,""max_virtual_s"":360000.0,""nearest_safe"":true,""opportunistic_known_measurements"":false,""problem"":3,""radius_weight"":2.0,""reserve_real_s"":5.0,""scheduling"":""joint"",""sensing"":""active"",""spacing"":null}",17722.932415051684,91,93,19,12,7,5,True,4181.586481,4181.586483010336,-2.0103361748624593e-06,348.46554008333334,1.1000582000706345,12,1.0,stage2-round-broad-p3-0075-94f195f20f60fe08,broad,broad_joint,assumption__radius_max__noise_deterministic__scale_300,broad_or_stress_assumption,confirmation,random,max,deterministic,12,0,dc15991cb958abbfae12edd1050d8d84c4674c9bb2ac1a3b070507e41911cdb8,2,f9ffbe734bc37653bebadf06778320395c80106f25e85d538286de044da3fc27,normal,598a470e18f0cc7605daa46bb28b1a1250fbc8f78834c102c2dac6a9efb90dc4,normal,,True,self_built_fixed_scenario,[],ef11511a41b0359639c66489eb577ec6bf0458bcd154b4ff05d029775141e28e,1b673484453104a5d87d4605d30b20826a3b7ec64769fd6ce8d3c8f7a1ad24f6,"{""scripts/run_candidate_stages.py"":""c2e66de2b6e26dfd94409d1597cd4af87a371372b9a722dc25f90691b1c3cd1b"",""src/bsolver/nosignal_sensing.py"":""2073393686e1538ad046965cbc3b4cf1f16b6882a157b6efa5c7855ff50be6c0"",""src/bsolver/round_experiments.py"":""6836dedaa30c8a24e910cede983b3e811c97e52dbd994f4e1dbd4f3a576c8c7a""}",4181.586481,,,,,
complete,,3,"{""bin_width_deg"":4.0,""clear_radius"":19.999,""coverage"":""triangular"",""epsilon_deg"":1.0051,""joint_detour_m"":800.0,""local_measure_limit"":1,""max_virtual_s"":360000.0,""nearest_safe"":true,""opportunistic_known_measurements"":false,""problem"":3,""radius_weight"":2.0,""reserve_real_s"":5.0,""scheduling"":""joint"",""sensing"":""active"",""spacing"":null}",19377.496142406533,87,88,27,16,9,7,True,4515.499227,4515.499228481307,-1.481306753703393e-06,282.2187016875,1.396749599953182,16,1.0,stage2-round-broad-p3-0079-eae298fcd2b6b06f,broad,broad_joint,assumption__radius_mixed__noise_correlated__scale_300,broad_or_stress_assumption,confirmation,random,mixed,correlated,16,0,978251229e5ec1fddbb9b28f1f207f3abcf96e978e16ecec345297d1e97c7e5c,2,f9ffbe734bc37653bebadf06778320395c80106f25e85d538286de044da3fc27,normal,598a470e18f0cc7605daa46bb28b1a1250fbc8f78834c102c2dac6a9efb90dc4,normal,,True,self_built_fixed_scenario,[],970a1490387857b2b92fc72714e2e02e01270151cd2fcff3bd179022f639db58,1b673484453104a5d87d4605d30b20826a3b7ec64769fd6ce8d3c8f7a1ad24f6,"{""scripts/run_candidate_stages.py"":""c2e66de2b6e26dfd94409d1597cd4af87a371372b9a722dc25f90691b1c3cd1b"",""src/bsolver/nosignal_sensing.py"":""2073393686e1538ad046965cbc3b4cf1f16b6882a157b6efa5c7855ff50be6c0"",""src/bsolver/round_experiments.py"":""6836dedaa30c8a24e910cede983b3e811c97e52dbd994f4e1dbd4f3a576c8c7a""}",4515.499227,,,,,
complete,,4,"{""bin_width_deg"":4.0,""clear_radius"":19.999,""coverage"":""triangular"",""epsilon_deg"":1.0051,""joint_detour_m"":800.0,""local_measure_limit"":1,""max_virtual_s"":360000.0,""nearest_safe"":true,""opportunistic_known_measurements"":false,""problem"":4,""radius_weight"":2.0,""reserve_real_s"":5.0,""scheduling"":""joint"",""sensing"":""active"",""spacing"":null}",42426.38824701298,324,348,137,11,8,3,True,10982.277648,10982.277649402597,-1.4025972632225603e-06,998.388877090909,1.008077200036496,11,1.0,stage2-round-broad-p4-0000-060cf9d069e8ac8c,broad,broad_joint,assumption__radius_min__noise_deterministic__scale_75,broad_or_stress_assumption,confirmation,random,min,deterministic,11,6,86e416c6125e79a201d70d90c6e9800e0de2a196448a865c3f45cf9a15a8c70c,2,f9ffbe734bc37653bebadf06778320395c80106f25e85d538286de044da3fc27,normal,c2573106c518ffecbb9e4a5f5d27d9a16a03271a41ad5393a6a8f02ba4458c2b,normal,,True,self_built_fixed_scenario,[],e0c9bf6908708db4fca2d21d1c6ca0658dab2f4ca0694dfc531e468b704871d2,1b673484453104a5d87d4605d30b20826a3b7ec64769fd6ce8d3c8f7a1ad24f6,"{""scripts/run_candidate_stages.py"":""c2e66de2b6e26dfd94409d1597cd4af87a371372b9a722dc25f90691b1c3cd1b"",""src/bsolver/nosignal_sensing.py"":""2073393686e1538ad046965cbc3b4cf1f16b6882a157b6efa5c7855ff50be6c0"",""src/bsolver/round_experiments.py"":""6836dedaa30c8a24e910cede983b3e811c97e52dbd994f4e1dbd4f3a576c8c7a""}",10982.277648,,,,,
complete,,4,"{""bin_width_deg"":4.0,""clear_radius"":19.999,""coverage"":""triangular"",""epsilon_deg"":1.0051,""joint_detour_m"":800.0,""local_measure_limit"":1,""max_virtual_s"":360000.0,""nearest_safe"":true,""opportunistic_known_measurements"":false,""problem"":4,""radius_weight"":2.0,""reserve_real_s"":5.0,""scheduling"":""joint"",""sensing"":""active"",""spacing"":null}",40983.88422322524,324,348,117,11,7,4,True,10633.776844,10633.776844645048,-6.450482032960281e-07,966.7069858181818,1.1382185000693426,11,1.0,stage2-round-broad-p4-0000-060cf9d069e8ac8c,broad,broad_joint,assumption__radius_min__noise_deterministic__scale_75,broad_or_stress_assumption,confirmation,random,min,deterministic,11,6,86e416c6125e79a201d70d90c6e9800e0de2a196448a865c3f45cf9a15a8c70c,2,f9ffbe734bc37653bebadf06778320395c80106f25e85d538286de044da3fc27,nosignal,cf5481795a87ccef6040c9b36f993dccc4ee3ed94cce9f5bd2abd99b2b4ad2a3,nosignal,"{""directional_prior"":0.5,""interior_fraction"":0.75,""orientation_sample_count"":24,""position_sample_count"":7,""radius_samples"":[1000.0,1250.0,1500.0]}",True,self_built_fixed_scenario,[],e0c9bf6908708db4fca2d21d1c6ca0658dab2f4ca0694dfc531e468b704871d2,1b673484453104a5d87d4605d30b20826a3b7ec64769fd6ce8d3c8f7a1ad24f6,"{""scripts/run_candidate_stages.py"":""c2e66de2b6e26dfd94409d1597cd4af87a371372b9a722dc25f90691b1c3cd1b"",""src/bsolver/nosignal_sensing.py"":""2073393686e1538ad046965cbc3b4cf1f16b6882a157b6efa5c7855ff50be6c0"",""src/bsolver/round_experiments.py"":""6836dedaa30c8a24e910cede983b3e811c97e52dbd994f4e1dbd4f3a576c8c7a""}",10633.776844,11,8,0,0,sampled_nosignal_v1
complete,,4,"{""bin_width_deg"":4.0,""clear_radius"":19.999,""coverage"":""triangular"",""epsilon_deg"":1.0051,""joint_detour_m"":800.0,""local_measure_limit"":1,""max_virtual_s"":360000.0,""nearest_safe"":true,""opportunistic_known_measurements"":false,""problem"":4,""radius_weight"":2.0,""reserve_real_s"":5.0,""scheduling"":""joint"",""sensing"":""active"",""spacing"":null}",47141.43342230119,343,369,249,10,10,0,True,12383.286684,12383.286684460238,-4.602370609063655e-07,1238.3286684,1.083750699996017,10,1.0,stage2-round-broad-p4-0005-168b8a3f081a1a7b,broad,broad_joint,assumption__radius_max__noise_extreme__scale_75,broad_or_stress_assumption,confirmation,random,max,extreme,10,7,73596ccc9258e22c7cf5c6a228fefacfd72b61a96c6ff66ccc6cf033b79b0de6,2,f9ffbe734bc37653bebadf06778320395c80106f25e85d538286de044da3fc27,normal,c2573106c518ffecbb9e4a5f5d27d9a16a03271a41ad5393a6a8f02ba4458c2b,normal,,True,self_built_fixed_scenario,[],e7cbd0bf92c4bbd03ea13a075f403d1b8ad6106d75c8b8f45d2ed9ec8986f561,1b673484453104a5d87d4605d30b20826a3b7ec64769fd6ce8d3c8f7a1ad24f6,"{""scripts/run_candidate_stages.py"":""c2e66de2b6e26dfd94409d1597cd4af87a371372b9a722dc25f90691b1c3cd1b"",""src/bsolver/nosignal_sensing.py"":""2073393686e1538ad046965cbc3b4cf1f16b6882a157b6efa5c7855ff50be6c0"",""src/bsolver/round_experiments.py"":""6836dedaa30c8a24e910cede983b3e811c97e52dbd994f4e1dbd4f3a576c8c7a""}",12383.286684,,,,,
complete,,4,"{""bin_width_deg"":4.0,""clear_radius"":19.999,""coverage"":""triangular"",""epsilon_deg"":1.0051,""joint_detour_m"":800.0,""local_measure_limit"":1,""max_virtual_s"":360000.0,""nearest_safe"":true,""opportunistic_known_measurements"":false,""problem"":4,""radius_weight"":2.0,""reserve_real_s"":5.0,""scheduling"":""joint"",""sensing"":""active"",""spacing"":null}",43226.33115140594,343,369,104,10,10,0,True,11165.266229,11165.266230281188,-1.2811869964934886e-06,1116.5266229000001,1.1583693999564275,10,1.0,stage2-round-broad-p4-0005-168b8a3f081a1a7b,broad,broad_joint,assumption__radius_max__noise_extreme__scale_75,broad_or_stress_assumption,confirmation,random,max,extreme,10,7,73596ccc9258e22c7cf5c6a228fefacfd72b61a96c6ff66ccc6cf033b79b0de6,2,f9ffbe734bc37653bebadf06778320395c80106f25e85d538286de044da3fc27,nosignal,cf5481795a87ccef6040c9b36f993dccc4ee3ed94cce9f5bd2abd99b2b4ad2a3,nosignal,"{""directional_prior"":0.5,""interior_fraction"":0.75,""orientation_sample_count"":24,""position_sample_count"":7,""radius_samples"":[1000.0,1250.0,1500.0]}",True,self_built_fixed_scenario,[],e7cbd0bf92c4bbd03ea13a075f403d1b8ad6106d75c8b8f45d2ed9ec8986f561,1b673484453104a5d87d4605d30b20826a3b7ec64769fd6ce8d3c8f7a1ad24f6,"{""scripts/run_candidate_stages.py"":""c2e66de2b6e26dfd94409d1597cd4af87a371372b9a722dc25f90691b1c3cd1b"",""src/bsolver/nosignal_sensing.py"":""2073393686e1538ad046965cbc3b4cf1f16b6882a157b6efa5c7855ff50be6c0"",""src/bsolver/round_experiments.py"":""6836dedaa30c8a24e910cede983b3e811c97e52dbd994f4e1dbd4f3a576c8c7a""}",11165.266229,10,9,0,0,sampled_nosignal_v1
complete,,4,"{""bin_width_deg"":4.0,""clear_radius"":19.999,""coverage"":""triangular"",""epsilon_deg"":1.0051,""joint_detour_m"":800.0,""local_measure_limit"":1,""max_virtual_s"":360000.0,""nearest_safe"":true,""opportunistic_known_measurements"":false,""problem"":4,""radius_weight"":2.0,""reserve_real_s"":5.0,""scheduling"":""joint"",""sensing"":""active"",""spacing"":null}",42939.50190225662,321,343,59,13,9,4,True,10826.90038,10826.900380451323,-4.513240128289908e-07,832.8384907692307,1.1990801999345422,13,1.0,stage2-round-broad-p4-0006-556b3893e47a6591,broad,broad_joint,assumption__radius_mixed__noise_deterministic__scale_75,broad_or_stress_assumption,confirmation,random,mixed,deterministic,13,12,0dd2f00821ae210a866cd82c1cf209a082d91f0de9113536aac44d59e8528aba,2,f9ffbe734bc37653bebadf06778320395c80106f25e85d538286de044da3fc27,normal,c2573106c518ffecbb9e4a5f5d27d9a16a03271a41ad5393a6a8f02ba4458c2b,normal,,True,self_built_fixed_scenario,[],116073e5e1dcef2f4da7fa793bc0bf7771de0295d1d9ea48c97301918ae0768f,1b673484453104a5d87d4605d30b20826a3b7ec64769fd6ce8d3c8f7a1ad24f6,"{""scripts/run_candidate_stages.py"":""c2e66de2b6e26dfd94409d1597cd4af87a371372b9a722dc25f90691b1c3cd1b"",""src/bsolver/nosignal_sensing.py"":""2073393686e1538ad046965cbc3b4cf1f16b6882a157b6efa5c7855ff50be6c0"",""src/bsolver/round_experiments.py"":""6836dedaa30c8a24e910cede983b3e811c97e52dbd994f4e1dbd4f3a576c8c7a""}",10826.90038,,,,,
complete,,4,"{""bin_width_deg"":4.0,""clear_radius"":19.999,""coverage"":""triangular"",""epsilon_deg"":1.0051,""joint_detour_m"":800.0,""local_measure_limit"":1,""max_virtual_s"":360000.0,""nearest_safe"":true,""opportunistic_known_measurements"":false,""problem"":4,""radius_weight"":2.0,""reserve_real_s"":5.0,""scheduling"":""joint"",""sensing"":""active"",""spacing"":null}",43957.57021409143,321,343,50,13,10,3,True,11003.514042,11003.514042818286,-8.182851161109284e-07,846.4241570769232,1.3512632000492886,13,1.0,stage2-round-broad-p4-0006-556b3893e47a6591,broad,broad_joint,assumption__radius_mixed__noise_deterministic__scale_75,broad_or_stress_assumption,confirmation,random,mixed,deterministic,13,12,0dd2f00821ae210a866cd82c1cf209a082d91f0de9113536aac44d59e8528aba,2,f9ffbe734bc37653bebadf06778320395c80106f25e85d538286de044da3fc27,nosignal,cf5481795a87ccef6040c9b36f993dccc4ee3ed94cce9f5bd2abd99b2b4ad2a3,nosignal,"{""directional_prior"":0.5,""interior_fraction"":0.75,""orientation_sample_count"":24,""position_sample_count"":7,""radius_samples"":[1000.0,1250.0,1500.0]}",True,self_built_fixed_scenario,[],116073e5e1dcef2f4da7fa793bc0bf7771de0295d1d9ea48c97301918ae0768f,1b673484453104a5d87d4605d30b20826a3b7ec64769fd6ce8d3c8f7a1ad24f6,"{""scripts/run_candidate_stages.py"":""c2e66de2b6e26dfd94409d1597cd4af87a371372b9a722dc25f90691b1c3cd1b"",""src/bsolver/nosignal_sensing.py"":""2073393686e1538ad046965cbc3b4cf1f16b6882a157b6efa5c7855ff50be6c0"",""src/bsolver/round_experiments.py"":""6836dedaa30c8a24e910cede983b3e811c97e52dbd994f4e1dbd4f3a576c8c7a""}",11003.514042,13,9,0,0,sampled_nosignal_v1
complete,,4,"{""bin_width_deg"":4.0,""clear_radius"":19.999,""coverage"":""triangular"",""epsilon_deg"":1.0051,""joint_detour_m"":800.0,""local_measure_limit"":1,""max_virtual_s"":360000.0,""nearest_safe"":true,""opportunistic_known_measurements"":false,""problem"":4,""radius_weight"":2.0,""reserve_real_s"":5.0,""scheduling"":""joint"",""sensing"":""active"",""spacing"":null}",41239.22760603035,330,348,101,14,8,6,True,10648.84552,10648.845521206069,-1.2060681910952553e-06,760.6318228571429,1.3824443999910727,14,1.0,stage2-round-broad-p4-0009-b3ab79d0ad78ed75,broad,broad_joint,assumption__radius_min__noise_deterministic__scale_150,broad_or_stress_assumption,confirmation,random,min,deterministic,14,13,f172b9570da54eee34b5be3d0a831e5258c0ac21c734cfc431796376c3cb0af3,2,f9ffbe734bc37653bebadf06778320395c80106f25e85d538286de044da3fc27,normal,c2573106c518ffecbb9e4a5f5d27d9a16a03271a41ad5393a6a8f02ba4458c2b,normal,,True,self_built_fixed_scenario,[],42c532daf5ef438fde1105b01bcbdba13e86d7647fbdcf5a83aeb19035a85b59,1b673484453104a5d87d4605d30b20826a3b7ec64769fd6ce8d3c8f7a1ad24f6,"{""scripts/run_candidate_stages.py"":""c2e66de2b6e26dfd94409d1597cd4af87a371372b9a722dc25f90691b1c3cd1b"",""src/bsolver/nosignal_sensing.py"":""2073393686e1538ad046965cbc3b4cf1f16b6882a157b6efa5c7855ff50be6c0"",""src/bsolver/round_experiments.py"":""6836dedaa30c8a24e910cede983b3e811c97e52dbd994f4e1dbd4f3a576c8c7a""}",10648.84552,,,,,
complete,,4,"{""bin_width_deg"":4.0,""clear_radius"":19.999,""coverage"":""triangular"",""epsilon_deg"":1.0051,""joint_detour_m"":800.0,""local_measure_limit"":1,""max_virtual_s"":360000.0,""nearest_safe"":true,""opportunistic_known_measurements"":false,""problem"":4,""radius_weight"":2.0,""reserve_real_s"":5.0,""scheduling"":""joint"",""sensing"":""active"",""spacing"":null}",38245.13084850618,330,348,67,14,11,3,True,9948.026169,9948.026169701236,-7.01234966982156e-07,710.5732977857143,1.4464474000269547,14,1.0,stage2-round-broad-p4-0009-b3ab79d0ad78ed75,broad,broad_joint,assumption__radius_min__noise_deterministic__scale_150,broad_or_stress_assumption,confirmation,random,min,deterministic,14,13,f172b9570da54eee34b5be3d0a831e5258c0ac21c734cfc431796376c3cb0af3,2,f9ffbe734bc37653bebadf06778320395c80106f25e85d538286de044da3fc27,nosignal,cf5481795a87ccef6040c9b36f993dccc4ee3ed94cce9f5bd2abd99b2b4ad2a3,nosignal,"{""directional_prior"":0.5,""interior_fraction"":0.75,""orientation_sample_count"":24,""position_sample_count"":7,""radius_samples"":[1000.0,1250.0,1500.0]}",True,self_built_fixed_scenario,[],42c532daf5ef438fde1105b01bcbdba13e86d7647fbdcf5a83aeb19035a85b59,1b673484453104a5d87d4605d30b20826a3b7ec64769fd6ce8d3c8f7a1ad24f6,"{""scripts/run_candidate_stages.py"":""c2e66de2b6e26dfd94409d1597cd4af87a371372b9a722dc25f90691b1c3cd1b"",""src/bsolver/nosignal_sensing.py"":""2073393686e1538ad046965cbc3b4cf1f16b6882a157b6efa5c7855ff50be6c0"",""src/bsolver/round_experiments.py"":""6836dedaa30c8a24e910cede983b3e811c97e52dbd994f4e1dbd4f3a576c8c7a""}",9948.026169,14,11,0,0,sampled_nosignal_v1
complete,,4,"{""bin_width_deg"":4.0,""clear_radius"":19.999,""coverage"":""triangular"",""epsilon_deg"":1.0051,""joint_detour_m"":800.0,""local_measure_limit"":1,""max_virtual_s"":360000.0,""nearest_safe"":true,""opportunistic_known_measurements"":false,""problem"":4,""radius_weight"":2.0,""reserve_real_s"":5.0,""scheduling"":""joint"",""sensing"":""active"",""spacing"":null}",41943.76382678777,308,332,110,13,8,5,True,10712.752765,10712.752765357554,-3.575551090762019e-07,824.0579049999999,1.235847600037232,13,1.0,stage2-round-broad-p4-0011-f3fa981dc5e8e10a,broad,broad_joint,assumption__radius_min__noise_extreme__scale_150,broad_or_stress_assumption,confirmation,random,min,extreme,13,5,6e9fd70b1e831d18fd93e9dd4561a272db39f72f517be09dc17c26d13bb4f954,2,f9ffbe734bc37653bebadf06778320395c80106f25e85d538286de044da3fc27,normal,c2573106c518ffecbb9e4a5f5d27d9a16a03271a41ad5393a6a8f02ba4458c2b,normal,,True,self_built_fixed_scenario,[],d151032d62382d29769c00b1611a65335462a1e144e34409b81b986a1fe08eff,1b673484453104a5d87d4605d30b20826a3b7ec64769fd6ce8d3c8f7a1ad24f6,"{""scripts/run_candidate_stages.py"":""c2e66de2b6e26dfd94409d1597cd4af87a371372b9a722dc25f90691b1c3cd1b"",""src/bsolver/nosignal_sensing.py"":""2073393686e1538ad046965cbc3b4cf1f16b6882a157b6efa5c7855ff50be6c0"",""src/bsolver/round_experiments.py"":""6836dedaa30c8a24e910cede983b3e811c97e52dbd994f4e1dbd4f3a576c8c7a""}",10712.752765,,,,,
complete,,4,"{""bin_width_deg"":4.0,""clear_radius"":19.999,""coverage"":""triangular"",""epsilon_deg"":1.0051,""joint_detour_m"":800.0,""local_measure_limit"":1,""max_virtual_s"":360000.0,""nearest_safe"":true,""opportunistic_known_measurements"":false,""problem"":4,""radius_weight"":2.0,""reserve_real_s"":5.0,""scheduling"":""joint"",""sensing"":""active"",""spacing"":null}",41888.840760415354,308,332,88,13,9,4,True,10635.768151,10635.76815208307,-1.083069946616888e-06,818.1360116153846,1.3290506000630558,13,1.0,stage2-round-broad-p4-0011-f3fa981dc5e8e10a,broad,broad_joint,assumption__radius_min__noise_extreme__scale_150,broad_or_stress_assumption,confirmation,random,min,extreme,13,5,6e9fd70b1e831d18fd93e9dd4561a272db39f72f517be09dc17c26d13bb4f954,2,f9ffbe734bc37653bebadf06778320395c80106f25e85d538286de044da3fc27,nosignal,cf5481795a87ccef6040c9b36f993dccc4ee3ed94cce9f5bd2abd99b2b4ad2a3,nosignal,"{""directional_prior"":0.5,""interior_fraction"":0.75,""orientation_sample_count"":24,""position_sample_count"":7,""radius_samples"":[1000.0,1250.0,1500.0]}",True,self_built_fixed_scenario,[],d151032d62382d29769c00b1611a65335462a1e144e34409b81b986a1fe08eff,1b673484453104a5d87d4605d30b20826a3b7ec64769fd6ce8d3c8f7a1ad24f6,"{""scripts/run_candidate_stages.py"":""c2e66de2b6e26dfd94409d1597cd4af87a371372b9a722dc25f90691b1c3cd1b"",""src/bsolver/nosignal_sensing.py"":""2073393686e1538ad046965cbc3b4cf1f16b6882a157b6efa5c7855ff50be6c0"",""src/bsolver/round_experiments.py"":""6836dedaa30c8a24e910cede983b3e811c97e52dbd994f4e1dbd4f3a576c8c7a""}",10635.768151,13,11,0,0,sampled_nosignal_v1
complete,,4,"{""bin_width_deg"":4.0,""clear_radius"":19.999,""coverage"":""triangular"",""epsilon_deg"":1.0051,""joint_detour_m"":800.0,""local_measure_limit"":1,""max_virtual_s"":360000.0,""nearest_safe"":true,""opportunistic_known_measurements"":false,""problem"":4,""radius_weight"":2.0,""reserve_real_s"":5.0,""scheduling"":""joint"",""sensing"":""active"",""spacing"":null}",42207.55191056832,357,379,141,12,8,4,True,11140.51038,11140.510382113664,-2.1136638679308817e-06,928.375865,1.2016670999582857,12,1.0,stage2-round-broad-p4-0019-c9c4b5331ec8504c,broad,broad_joint,assumption__radius_min__noise_correlated__scale_300,broad_or_stress_assumption,confirmation,random,min,correlated,12,9,b4dff5a1b0d690a077be2c249ab0a05cc847176baa3b0c7004628f1ffc077dda,2,f9ffbe734bc37653bebadf06778320395c80106f25e85d538286de044da3fc27,normal,c2573106c518ffecbb9e4a5f5d27d9a16a03271a41ad5393a6a8f02ba4458c2b,normal,,True,self_built_fixed_scenario,[],929bc702ea0992c42c8298d6d462e8825c16a3890a5688ef809190477c694042,1b673484453104a5d87d4605d30b20826a3b7ec64769fd6ce8d3c8f7a1ad24f6,"{""scripts/run_candidate_stages.py"":""c2e66de2b6e26dfd94409d1597cd4af87a371372b9a722dc25f90691b1c3cd1b"",""src/bsolver/nosignal_sensing.py"":""2073393686e1538ad046965cbc3b4cf1f16b6882a157b6efa5c7855ff50be6c0"",""src/bsolver/round_experiments.py"":""6836dedaa30c8a24e910cede983b3e811c97e52dbd994f4e1dbd4f3a576c8c7a""}",11140.51038,,,,,
complete,,4,"{""bin_width_deg"":4.0,""clear_radius"":19.999,""coverage"":""triangular"",""epsilon_deg"":1.0051,""joint_detour_m"":800.0,""local_measure_limit"":1,""max_virtual_s"":360000.0,""nearest_safe"":true,""opportunistic_known_measurements"":false,""problem"":4,""radius_weight"":2.0,""reserve_real_s"":5.0,""scheduling"":""joint"",""sensing"":""active"",""spacing"":null}",37900.91156733844,357,379,42,12,10,2,True,9982.182315,9982.182313467687,1.5323130355682224e-06,831.84852625,1.2870063000591472,12,1.0,stage2-round-broad-p4-0019-c9c4b5331ec8504c,broad,broad_joint,assumption__radius_min__noise_correlated__scale_300,broad_or_stress_assumption,confirmation,random,min,correlated,12,9,b4dff5a1b0d690a077be2c249ab0a05cc847176baa3b0c7004628f1ffc077dda,2,f9ffbe734bc37653bebadf06778320395c80106f25e85d538286de044da3fc27,nosignal,cf5481795a87ccef6040c9b36f993dccc4ee3ed94cce9f5bd2abd99b2b4ad2a3,nosignal,"{""directional_prior"":0.5,""interior_fraction"":0.75,""orientation_sample_count"":24,""position_sample_count"":7,""radius_samples"":[1000.0,1250.0,1500.0]}",True,self_built_fixed_scenario,[],929bc702ea0992c42c8298d6d462e8825c16a3890a5688ef809190477c694042,1b673484453104a5d87d4605d30b20826a3b7ec64769fd6ce8d3c8f7a1ad24f6,"{""scripts/run_candidate_stages.py"":""c2e66de2b6e26dfd94409d1597cd4af87a371372b9a722dc25f90691b1c3cd1b"",""src/bsolver/nosignal_sensing.py"":""2073393686e1538ad046965cbc3b4cf1f16b6882a157b6efa5c7855ff50be6c0"",""src/bsolver/round_experiments.py"":""6836dedaa30c8a24e910cede983b3e811c97e52dbd994f4e1dbd4f3a576c8c7a""}",9982.182315,12,9,0,0,sampled_nosignal_v1
complete,,4,"{""bin_width_deg"":4.0,""clear_radius"":19.999,""coverage"":""triangular"",""epsilon_deg"":1.0051,""joint_detour_m"":800.0,""local_measure_limit"":1,""max_virtual_s"":360000.0,""nearest_safe"":true,""opportunistic_known_measurements"":false,""problem"":4,""radius_weight"":2.0,""reserve_real_s"":5.0,""scheduling"":""joint"",""sensing"":""active"",""spacing"":null}",40654.55097356754,232,256,51,14,11,3,True,9823.910191,9823.910194713508,-3.713506885105744e-06,701.7078707857144,1.2682516000932083,14,1.0,stage2-round-broad-p4-0023-5e99d6f9fb83d029,broad,broad_joint,assumption__radius_max__noise_extreme__scale_300,broad_or_stress_assumption,confirmation,random,max,extreme,14,0,041c876a29f29f88c1769b6b7c4ad6f3a1d0e8e7f25a21500cfeadd59788e55e,2,f9ffbe734bc37653bebadf06778320395c80106f25e85d538286de044da3fc27,normal,c2573106c518ffecbb9e4a5f5d27d9a16a03271a41ad5393a6a8f02ba4458c2b,normal,,True,self_built_fixed_scenario,[],1f5e1eb74fedcb4ba27cf38843a05a1d07a3c0007b63f55c7dbca12f68f1dc5b,1b673484453104a5d87d4605d30b20826a3b7ec64769fd6ce8d3c8f7a1ad24f6,"{""scripts/run_candidate_stages.py"":""c2e66de2b6e26dfd94409d1597cd4af87a371372b9a722dc25f90691b1c3cd1b"",""src/bsolver/nosignal_sensing.py"":""2073393686e1538ad046965cbc3b4cf1f16b6882a157b6efa5c7855ff50be6c0"",""src/bsolver/round_experiments.py"":""6836dedaa30c8a24e910cede983b3e811c97e52dbd994f4e1dbd4f3a576c8c7a""}",9823.910191,,,,,
complete,,4,"{""bin_width_deg"":4.0,""clear_radius"":19.999,""coverage"":""triangular"",""epsilon_deg"":1.0051,""joint_detour_m"":800.0,""local_measure_limit"":1,""max_virtual_s"":360000.0,""nearest_safe"":true,""opportunistic_known_measurements"":false,""problem"":4,""radius_weight"":2.0,""reserve_real_s"":5.0,""scheduling"":""joint"",""sensing"":""active"",""spacing"":null}",43012.45103778762,232,256,86,14,10,4,True,10400.490205,10400.490207557525,-2.557524567237124e-06,742.8921575,1.3821916000451893,14,1.0,stage2-round-broad-p4-0023-5e99d6f9fb83d029,broad,broad_joint,assumption__radius_max__noise_extreme__scale_300,broad_or_stress_assumption,confirmation,random,max,extreme,14,0,041c876a29f29f88c1769b6b7c4ad6f3a1d0e8e7f25a21500cfeadd59788e55e,2,f9ffbe734bc37653bebadf06778320395c80106f25e85d538286de044da3fc27,nosignal,cf5481795a87ccef6040c9b36f993dccc4ee3ed94cce9f5bd2abd99b2b4ad2a3,nosignal,"{""directional_prior"":0.5,""interior_fraction"":0.75,""orientation_sample_count"":24,""position_sample_count"":7,""radius_samples"":[1000.0,1250.0,1500.0]}",True,self_built_fixed_scenario,[],1f5e1eb74fedcb4ba27cf38843a05a1d07a3c0007b63f55c7dbca12f68f1dc5b,1b673484453104a5d87d4605d30b20826a3b7ec64769fd6ce8d3c8f7a1ad24f6,"{""scripts/run_candidate_stages.py"":""c2e66de2b6e26dfd94409d1597cd4af87a371372b9a722dc25f90691b1c3cd1b"",""src/bsolver/nosignal_sensing.py"":""2073393686e1538ad046965cbc3b4cf1f16b6882a157b6efa5c7855ff50be6c0"",""src/bsolver/round_experiments.py"":""6836dedaa30c8a24e910cede983b3e811c97e52dbd994f4e1dbd4f3a576c8c7a""}",10400.490205,14,11,0,0,sampled_nosignal_v1
complete,,4,"{""bin_width_deg"":4.0,""clear_radius"":19.999,""coverage"":""triangular"",""epsilon_deg"":1.0051,""joint_detour_m"":800.0,""local_measure_limit"":1,""max_virtual_s"":360000.0,""nearest_safe"":true,""opportunistic_known_measurements"":false,""problem"":4,""radius_weight"":2.0,""reserve_real_s"":5.0,""scheduling"":""joint"",""sensing"":""active"",""spacing"":null}",43690.410342988514,317,339,102,15,11,4,True,11086.082065,11086.082068597703,-3.5977027437184006e-06,739.0721376666667,1.3763390999520198,15,1.0,stage2-round-broad-p4-0028-d71b1e6ce36c45ba,broad,broad_joint,assumption__radius_min__noise_correlated__scale_75,broad_or_stress_assumption,confirmation,random,min,correlated,15,11,9e4ff03decdf03b2afb0defd401f0a44053f5414b3d2681b2f65b794ec2f5116,2,f9ffbe734bc37653bebadf06778320395c80106f25e85d538286de044da3fc27,normal,c2573106c518ffecbb9e4a5f5d27d9a16a03271a41ad5393a6a8f02ba4458c2b,normal,,True,self_built_fixed_scenario,[],29a659d8ad04bec8be442c9ef499358557644a6c79d607f0788beb7bdf25155a,1b673484453104a5d87d4605d30b20826a3b7ec64769fd6ce8d3c8f7a1ad24f6,"{""scripts/run_candidate_stages.py"":""c2e66de2b6e26dfd94409d1597cd4af87a371372b9a722dc25f90691b1c3cd1b"",""src/bsolver/nosignal_sensing.py"":""2073393686e1538ad046965cbc3b4cf1f16b6882a157b6efa5c7855ff50be6c0"",""src/bsolver/round_experiments.py"":""6836dedaa30c8a24e910cede983b3e811c97e52dbd994f4e1dbd4f3a576c8c7a""}",11086.082065,,,,,
complete,,4,"{""bin_width_deg"":4.0,""clear_radius"":19.999,""coverage"":""triangular"",""epsilon_deg"":1.0051,""joint_detour_m"":800.0,""local_measure_limit"":1,""max_virtual_s"":360000.0,""nearest_safe"":true,""opportunistic_known_measurements"":false,""problem"":4,""radius_weight"":2.0,""reserve_real_s"":5.0,""scheduling"":""joint"",""sensing"":""active"",""spacing"":null}",43111.26836662839,317,339,79,15,13,2,True,10901.253673,10901.253673325678,-3.2567913876846433e-07,726.7502448666667,1.462941800011322,15,1.0,stage2-round-broad-p4-0028-d71b1e6ce36c45ba,broad,broad_joint,assumption__radius_min__noise_correlated__scale_75,broad_or_stress_assumption,confirmation,random,min,correlated,15,11,9e4ff03decdf03b2afb0defd401f0a44053f5414b3d2681b2f65b794ec2f5116,2,f9ffbe734bc37653bebadf06778320395c80106f25e85d538286de044da3fc27,nosignal,cf5481795a87ccef6040c9b36f993dccc4ee3ed94cce9f5bd2abd99b2b4ad2a3,nosignal,"{""directional_prior"":0.5,""interior_fraction"":0.75,""orientation_sample_count"":24,""position_sample_count"":7,""radius_samples"":[1000.0,1250.0,1500.0]}",True,self_built_fixed_scenario,[],29a659d8ad04bec8be442c9ef499358557644a6c79d607f0788beb7bdf25155a,1b673484453104a5d87d4605d30b20826a3b7ec64769fd6ce8d3c8f7a1ad24f6,"{""scripts/run_candidate_stages.py"":""c2e66de2b6e26dfd94409d1597cd4af87a371372b9a722dc25f90691b1c3cd1b"",""src/bsolver/nosignal_sensing.py"":""2073393686e1538ad046965cbc3b4cf1f16b6882a157b6efa5c7855ff50be6c0"",""src/bsolver/round_experiments.py"":""6836dedaa30c8a24e910cede983b3e811c97e52dbd994f4e1dbd4f3a576c8c7a""}",10901.253673,15,11,0,0,sampled_nosignal_v1
complete,,4,"{""bin_width_deg"":4.0,""clear_radius"":19.999,""coverage"":""triangular"",""epsilon_deg"":1.0051,""joint_detour_m"":800.0,""local_measure_limit"":1,""max_virtual_s"":360000.0,""nearest_safe"":true,""opportunistic_known_measurements"":false,""problem"":4,""radius_weight"":2.0,""reserve_real_s"":5.0,""scheduling"":""joint"",""sensing"":""active"",""spacing"":null}",49672.665042465866,248,271,215,15,13,2,True,12212.533009,12212.533008493174,5.068268364993855e-07,814.1688672666667,1.3687235000543296,15,1.0,stage2-round-broad-p4-0033-3f7083f88ed4a11b,broad,broad_joint,assumption__radius_mixed__noise_deterministic__scale_75,broad_or_stress_assumption,confirmation,random,mixed,deterministic,15,12,f20ae70fa79b7c68e97827e2395c869518d4adc3dd5470886da77893e981485e,2,f9ffbe734bc37653bebadf06778320395c80106f25e85d538286de044da3fc27,normal,c2573106c518ffecbb9e4a5f5d27d9a16a03271a41ad5393a6a8f02ba4458c2b,normal,,True,self_built_fixed_scenario,[],6ed3773b628b59d237d824c2d233c6b1f6e9da0f93a07957fa89b58ace6ad61c,1b673484453104a5d87d4605d30b20826a3b7ec64769fd6ce8d3c8f7a1ad24f6,"{""scripts/run_candidate_stages.py"":""c2e66de2b6e26dfd94409d1597cd4af87a371372b9a722dc25f90691b1c3cd1b"",""src/bsolver/nosignal_sensing.py"":""2073393686e1538ad046965cbc3b4cf1f16b6882a157b6efa5c7855ff50be6c0"",""src/bsolver/round_experiments.py"":""6836dedaa30c8a24e910cede983b3e811c97e52dbd994f4e1dbd4f3a576c8c7a""}",12212.533009,,,,,
complete,,4,"{""bin_width_deg"":4.0,""clear_radius"":19.999,""coverage"":""triangular"",""epsilon_deg"":1.0051,""joint_detour_m"":800.0,""local_measure_limit"":1,""max_virtual_s"":360000.0,""nearest_safe"":true,""opportunistic_known_measurements"":false,""problem"":4,""radius_weight"":2.0,""reserve_real_s"":5.0,""scheduling"":""joint"",""sensing"":""active"",""spacing"":null}",48953.34102064599,248,271,202,15,12,3,True,12029.668203,12029.668204129197,-1.1291976989014074e-06,801.9778802,1.668004299979657,15,1.0,stage2-round-broad-p4-0033-3f7083f88ed4a11b,broad,broad_joint,assumption__radius_mixed__noise_deterministic__scale_75,broad_or_stress_assumption,confirmation,random,mixed,deterministic,15,12,f20ae70fa79b7c68e97827e2395c869518d4adc3dd5470886da77893e981485e,2,f9ffbe734bc37653bebadf06778320395c80106f25e85d538286de044da3fc27,nosignal,cf5481795a87ccef6040c9b36f993dccc4ee3ed94cce9f5bd2abd99b2b4ad2a3,nosignal,"{""directional_prior"":0.5,""interior_fraction"":0.75,""orientation_sample_count"":24,""position_sample_count"":7,""radius_samples"":[1000.0,1250.0,1500.0]}",True,self_built_fixed_scenario,[],6ed3773b628b59d237d824c2d233c6b1f6e9da0f93a07957fa89b58ace6ad61c,1b673484453104a5d87d4605d30b20826a3b7ec64769fd6ce8d3c8f7a1ad24f6,"{""scripts/run_candidate_stages.py"":""c2e66de2b6e26dfd94409d1597cd4af87a371372b9a722dc25f90691b1c3cd1b"",""src/bsolver/nosignal_sensing.py"":""2073393686e1538ad046965cbc3b4cf1f16b6882a157b6efa5c7855ff50be6c0"",""src/bsolver/round_experiments.py"":""6836dedaa30c8a24e910cede983b3e811c97e52dbd994f4e1dbd4f3a576c8c7a""}",12029.668203,15,14,0,0,sampled_nosignal_v1
complete,,4,"{""bin_width_deg"":4.0,""clear_radius"":19.999,""coverage"":""triangular"",""epsilon_deg"":1.0051,""joint_detour_m"":800.0,""local_measure_limit"":1,""max_virtual_s"":360000.0,""nearest_safe"":true,""opportunistic_known_measurements"":false,""problem"":4,""radius_weight"":2.0,""reserve_real_s"":5.0,""scheduling"":""joint"",""sensing"":""active"",""spacing"":null}",38204.40189688728,189,204,209,16,13,3,True,9508.88038,9508.880379377455,6.225454853847623e-07,594.30502375,1.6844111999962479,16,1.0,stage2-round-broad-p4-0041-093e7de9967becd6,broad,broad_joint,assumption__radius_max__noise_extreme__scale_150,broad_or_stress_assumption,confirmation,random,max,extreme,16,6,d5fd5dfc8c7da4cc3a1c45201706e728637242bbdc7aa7bf3c00270297f5175a,2,f9ffbe734bc37653bebadf06778320395c80106f25e85d538286de044da3fc27,normal,c2573106c518ffecbb9e4a5f5d27d9a16a03271a41ad5393a6a8f02ba4458c2b,normal,,True,self_built_fixed_scenario,[],f37e9619c419aac30eb45200ea2c6a081845eb2a4421e2ebcac7f101f15754d7,1b673484453104a5d87d4605d30b20826a3b7ec64769fd6ce8d3c8f7a1ad24f6,"{""scripts/run_candidate_stages.py"":""c2e66de2b6e26dfd94409d1597cd4af87a371372b9a722dc25f90691b1c3cd1b"",""src/bsolver/nosignal_sensing.py"":""2073393686e1538ad046965cbc3b4cf1f16b6882a157b6efa5c7855ff50be6c0"",""src/bsolver/round_experiments.py"":""6836dedaa30c8a24e910cede983b3e811c97e52dbd994f4e1dbd4f3a576c8c7a""}",9508.88038,,,,,
complete,,4,"{""bin_width_deg"":4.0,""clear_radius"":19.999,""coverage"":""triangular"",""epsilon_deg"":1.0051,""joint_detour_m"":800.0,""local_measure_limit"":1,""max_virtual_s"":360000.0,""nearest_safe"":true,""opportunistic_known_measurements"":false,""problem"":4,""radius_weight"":2.0,""reserve_real_s"":5.0,""scheduling"":""joint"",""sensing"":""active"",""spacing"":null}",40582.606629756105,189,204,194,16,14,2,True,9939.521323,9939.52132595122,-2.951219357782975e-06,621.2200826875,1.719728900003247,16,1.0,stage2-round-broad-p4-0041-093e7de9967becd6,broad,broad_joint,assumption__radius_max__noise_extreme__scale_150,broad_or_stress_assumption,confirmation,random,max,extreme,16,6,d5fd5dfc8c7da4cc3a1c45201706e728637242bbdc7aa7bf3c00270297f5175a,2,f9ffbe734bc37653bebadf06778320395c80106f25e85d538286de044da3fc27,nosignal,cf5481795a87ccef6040c9b36f993dccc4ee3ed94cce9f5bd2abd99b2b4ad2a3,nosignal,"{""directional_prior"":0.5,""interior_fraction"":0.75,""orientation_sample_count"":24,""position_sample_count"":7,""radius_samples"":[1000.0,1250.0,1500.0]}",True,self_built_fixed_scenario,[],f37e9619c419aac30eb45200ea2c6a081845eb2a4421e2ebcac7f101f15754d7,1b673484453104a5d87d4605d30b20826a3b7ec64769fd6ce8d3c8f7a1ad24f6,"{""scripts/run_candidate_stages.py"":""c2e66de2b6e26dfd94409d1597cd4af87a371372b9a722dc25f90691b1c3cd1b"",""src/bsolver/nosignal_sensing.py"":""2073393686e1538ad046965cbc3b4cf1f16b6882a157b6efa5c7855ff50be6c0"",""src/bsolver/round_experiments.py"":""6836dedaa30c8a24e910cede983b3e811c97e52dbd994f4e1dbd4f3a576c8c7a""}",9939.521323,16,14,0,0,sampled_nosignal_v1
complete,,4,"{""bin_width_deg"":4.0,""clear_radius"":19.999,""coverage"":""triangular"",""epsilon_deg"":1.0051,""joint_detour_m"":800.0,""local_measure_limit"":1,""max_virtual_s"":360000.0,""nearest_safe"":true,""opportunistic_known_measurements"":false,""problem"":4,""radius_weight"":2.0,""reserve_real_s"":5.0,""scheduling"":""joint"",""sensing"":""active"",""spacing"":null}",46686.19177311134,281,303,116,16,12,4,True,11513.238352,11513.238354622268,-2.6222678570775315e-06,719.577397,1.39485549996607,16,1.0,stage2-round-broad-p4-0042-7ab2f963e34d7f01,broad,broad_joint,assumption__radius_mixed__noise_deterministic__scale_150,broad_or_stress_assumption,confirmation,random,mixed,deterministic,16,13,034c5aeeb74b1824d701053dc6059eec0a24169e2917aee598d6d43632c51401,2,f9ffbe734bc37653bebadf06778320395c80106f25e85d538286de044da3fc27,normal,c2573106c518ffecbb9e4a5f5d27d9a16a03271a41ad5393a6a8f02ba4458c2b,normal,,True,self_built_fixed_scenario,[],8a7cc06ded5673ab58e2f9844ea0c1a84b69499d19e3d87c05d018d24b40df71,1b673484453104a5d87d4605d30b20826a3b7ec64769fd6ce8d3c8f7a1ad24f6,"{""scripts/run_candidate_stages.py"":""c2e66de2b6e26dfd94409d1597cd4af87a371372b9a722dc25f90691b1c3cd1b"",""src/bsolver/nosignal_sensing.py"":""2073393686e1538ad046965cbc3b4cf1f16b6882a157b6efa5c7855ff50be6c0"",""src/bsolver/round_experiments.py"":""6836dedaa30c8a24e910cede983b3e811c97e52dbd994f4e1dbd4f3a576c8c7a""}",11513.238352,,,,,
complete,,4,"{""bin_width_deg"":4.0,""clear_radius"":19.999,""coverage"":""triangular"",""epsilon_deg"":1.0051,""joint_detour_m"":800.0,""local_measure_limit"":1,""max_virtual_s"":360000.0,""nearest_safe"":true,""opportunistic_known_measurements"":false,""problem"":4,""radius_weight"":2.0,""reserve_real_s"":5.0,""scheduling"":""joint"",""sensing"":""active"",""spacing"":null}",45099.445305858746,281,303,74,16,14,2,True,11069.88906,11069.889061171749,-1.1717493180185556e-06,691.86806625,1.597513800021261,16,1.0,stage2-round-broad-p4-0042-7ab2f963e34d7f01,broad,broad_joint,assumption__radius_mixed__noise_deterministic__scale_150,broad_or_stress_assumption,confirmation,random,mixed,deterministic,16,13,034c5aeeb74b1824d701053dc6059eec0a24169e2917aee598d6d43632c51401,2,f9ffbe734bc37653bebadf06778320395c80106f25e85d538286de044da3fc27,nosignal,cf5481795a87ccef6040c9b36f993dccc4ee3ed94cce9f5bd2abd99b2b4ad2a3,nosignal,"{""directional_prior"":0.5,""interior_fraction"":0.75,""orientation_sample_count"":24,""position_sample_count"":7,""radius_samples"":[1000.0,1250.0,1500.0]}",True,self_built_fixed_scenario,[],8a7cc06ded5673ab58e2f9844ea0c1a84b69499d19e3d87c05d018d24b40df71,1b673484453104a5d87d4605d30b20826a3b7ec64769fd6ce8d3c8f7a1ad24f6,"{""scripts/run_candidate_stages.py"":""c2e66de2b6e26dfd94409d1597cd4af87a371372b9a722dc25f90691b1c3cd1b"",""src/bsolver/nosignal_sensing.py"":""2073393686e1538ad046965cbc3b4cf1f16b6882a157b6efa5c7855ff50be6c0"",""src/bsolver/round_experiments.py"":""6836dedaa30c8a24e910cede983b3e811c97e52dbd994f4e1dbd4f3a576c8c7a""}",11069.88906,16,9,0,0,sampled_nosignal_v1
complete,,4,"{""bin_width_deg"":4.0,""clear_radius"":19.999,""coverage"":""triangular"",""epsilon_deg"":1.0051,""joint_detour_m"":800.0,""local_measure_limit"":1,""max_virtual_s"":360000.0,""nearest_safe"":true,""opportunistic_known_measurements"":false,""problem"":4,""radius_weight"":2.0,""reserve_real_s"":5.0,""scheduling"":""joint"",""sensing"":""active"",""spacing"":null}",44529.644664578016,294,317,64,14,7,7,True,11004.928931,11004.928932915604,-1.915603206725791e-06,786.0663522142858,1.3652165998937562,14,1.0,stage2-round-broad-p4-0046-82bc100679324e7d,broad,broad_joint,assumption__radius_min__noise_correlated__scale_300,broad_or_stress_assumption,confirmation,random,min,correlated,14,10,04a789d30c253b5479fca189afa0804b76938feba4923e75f1e01438618a7e48,2,f9ffbe734bc37653bebadf06778320395c80106f25e85d538286de044da3fc27,normal,c2573106c518ffecbb9e4a5f5d27d9a16a03271a41ad5393a6a8f02ba4458c2b,normal,,True,self_built_fixed_scenario,[],1a42586a5cfbb487211a7f21bf73782a72ca559093a2d47423fb37f04edaf098,1b673484453104a5d87d4605d30b20826a3b7ec64769fd6ce8d3c8f7a1ad24f6,"{""scripts/run_candidate_stages.py"":""c2e66de2b6e26dfd94409d1597cd4af87a371372b9a722dc25f90691b1c3cd1b"",""src/bsolver/nosignal_sensing.py"":""2073393686e1538ad046965cbc3b4cf1f16b6882a157b6efa5c7855ff50be6c0"",""src/bsolver/round_experiments.py"":""6836dedaa30c8a24e910cede983b3e811c97e52dbd994f4e1dbd4f3a576c8c7a""}",11004.928931,,,,,
complete,,4,"{""bin_width_deg"":4.0,""clear_radius"":19.999,""coverage"":""triangular"",""epsilon_deg"":1.0051,""joint_detour_m"":800.0,""local_measure_limit"":1,""max_virtual_s"":360000.0,""nearest_safe"":true,""opportunistic_known_measurements"":false,""problem"":4,""radius_weight"":2.0,""reserve_real_s"":5.0,""scheduling"":""joint"",""sensing"":""active"",""spacing"":null}",44601.02367552619,294,317,80,14,8,6,True,11067.204733,11067.204735105237,-2.1052364900242537e-06,790.5146237857143,1.5672569999005646,14,1.0,stage2-round-broad-p4-0046-82bc100679324e7d,broad,broad_joint,assumption__radius_min__noise_correlated__scale_300,broad_or_stress_assumption,confirmation,random,min,correlated,14,10,04a789d30c253b5479fca189afa0804b76938feba4923e75f1e01438618a7e48,2,f9ffbe734bc37653bebadf06778320395c80106f25e85d538286de044da3fc27,nosignal,cf5481795a87ccef6040c9b36f993dccc4ee3ed94cce9f5bd2abd99b2b4ad2a3,nosignal,"{""directional_prior"":0.5,""interior_fraction"":0.75,""orientation_sample_count"":24,""position_sample_count"":7,""radius_samples"":[1000.0,1250.0,1500.0]}",True,self_built_fixed_scenario,[],1a42586a5cfbb487211a7f21bf73782a72ca559093a2d47423fb37f04edaf098,1b673484453104a5d87d4605d30b20826a3b7ec64769fd6ce8d3c8f7a1ad24f6,"{""scripts/run_candidate_stages.py"":""c2e66de2b6e26dfd94409d1597cd4af87a371372b9a722dc25f90691b1c3cd1b"",""src/bsolver/nosignal_sensing.py"":""2073393686e1538ad046965cbc3b4cf1f16b6882a157b6efa5c7855ff50be6c0"",""src/bsolver/round_experiments.py"":""6836dedaa30c8a24e910cede983b3e811c97e52dbd994f4e1dbd4f3a576c8c7a""}",11067.204733,14,10,0,0,sampled_nosignal_v1
complete,,4,"{""bin_width_deg"":4.0,""clear_radius"":19.999,""coverage"":""triangular"",""epsilon_deg"":1.0051,""joint_detour_m"":800.0,""local_measure_limit"":1,""max_virtual_s"":360000.0,""nearest_safe"":true,""opportunistic_known_measurements"":false,""problem"":4,""radius_weight"":2.0,""reserve_real_s"":5.0,""scheduling"":""joint"",""sensing"":""active"",""spacing"":null}",46400.47482193732,265,289,183,14,11,3,True,11567.094962,11567.094964387465,-2.387465428910218e-06,826.2210687142857,1.48368229996413,14,1.0,stage2-round-broad-p4-0053-13910d7834ab38e4,broad,broad_joint,assumption__radius_mixed__noise_extreme__scale_300,broad_or_stress_assumption,confirmation,random,mixed,extreme,14,6,00f96eb7b6bcf652e55adca209bc6cbbdb87cacd65a82562b5507ae8d30b1bc2,2,f9ffbe734bc37653bebadf06778320395c80106f25e85d538286de044da3fc27,normal,c2573106c518ffecbb9e4a5f5d27d9a16a03271a41ad5393a6a8f02ba4458c2b,normal,,True,self_built_fixed_scenario,[],df6b40efd2df3b0c84e605ddc88c0d8f51f7185949c60768dbd871dc9382845c,1b673484453104a5d87d4605d30b20826a3b7ec64769fd6ce8d3c8f7a1ad24f6,"{""scripts/run_candidate_stages.py"":""c2e66de2b6e26dfd94409d1597cd4af87a371372b9a722dc25f90691b1c3cd1b"",""src/bsolver/nosignal_sensing.py"":""2073393686e1538ad046965cbc3b4cf1f16b6882a157b6efa5c7855ff50be6c0"",""src/bsolver/round_experiments.py"":""6836dedaa30c8a24e910cede983b3e811c97e52dbd994f4e1dbd4f3a576c8c7a""}",11567.094962,,,,,
complete,,4,"{""bin_width_deg"":4.0,""clear_radius"":19.999,""coverage"":""triangular"",""epsilon_deg"":1.0051,""joint_detour_m"":800.0,""local_measure_limit"":1,""max_virtual_s"":360000.0,""nearest_safe"":true,""opportunistic_known_measurements"":false,""problem"":4,""radius_weight"":2.0,""reserve_real_s"":5.0,""scheduling"":""joint"",""sensing"":""active"",""spacing"":null}",46216.98922317433,265,289,160,14,12,2,True,11461.397846,11461.397844634866,1.3651333574671298e-06,818.6712747142857,1.6328843999654055,14,1.0,stage2-round-broad-p4-0053-13910d7834ab38e4,broad,broad_joint,assumption__radius_mixed__noise_extreme__scale_300,broad_or_stress_assumption,confirmation,random,mixed,extreme,14,6,00f96eb7b6bcf652e55adca209bc6cbbdb87cacd65a82562b5507ae8d30b1bc2,2,f9ffbe734bc37653bebadf06778320395c80106f25e85d538286de044da3fc27,nosignal,cf5481795a87ccef6040c9b36f993dccc4ee3ed94cce9f5bd2abd99b2b4ad2a3,nosignal,"{""directional_prior"":0.5,""interior_fraction"":0.75,""orientation_sample_count"":24,""position_sample_count"":7,""radius_samples"":[1000.0,1250.0,1500.0]}",True,self_built_fixed_scenario,[],df6b40efd2df3b0c84e605ddc88c0d8f51f7185949c60768dbd871dc9382845c,1b673484453104a5d87d4605d30b20826a3b7ec64769fd6ce8d3c8f7a1ad24f6,"{""scripts/run_candidate_stages.py"":""c2e66de2b6e26dfd94409d1597cd4af87a371372b9a722dc25f90691b1c3cd1b"",""src/bsolver/nosignal_sensing.py"":""2073393686e1538ad046965cbc3b4cf1f16b6882a157b6efa5c7855ff50be6c0"",""src/bsolver/round_experiments.py"":""6836dedaa30c8a24e910cede983b3e811c97e52dbd994f4e1dbd4f3a576c8c7a""}",11461.397846,14,12,0,0,sampled_nosignal_v1
complete,,4,"{""bin_width_deg"":4.0,""clear_radius"":19.999,""coverage"":""triangular"",""epsilon_deg"":1.0051,""joint_detour_m"":800.0,""local_measure_limit"":1,""max_virtual_s"":360000.0,""nearest_safe"":true,""opportunistic_known_measurements"":false,""problem"":4,""radius_weight"":2.0,""reserve_real_s"":5.0,""scheduling"":""joint"",""sensing"":""active"",""spacing"":null}",37464.403001977174,359,384,32,10,7,3,True,9887.880597,9887.880600395434,-3.3954347600229084e-06,988.7880597,1.075168399955146,10,1.0,stage2-round-broad-p4-0068-15a71b9c67acb7a2,broad,broad_joint,assumption__radius_max__noise_extreme__scale_150,broad_or_stress_assumption,confirmation,random,max,extreme,10,0,6b16dd6190e00560ae20fcfe6f77bd4de9cec98500cb60ecb21e83017ab64cab,2,f9ffbe734bc37653bebadf06778320395c80106f25e85d538286de044da3fc27,normal,c2573106c518ffecbb9e4a5f5d27d9a16a03271a41ad5393a6a8f02ba4458c2b,normal,,True,self_built_fixed_scenario,[],2aa4ec9082cdf921af6e3bd26a16e165549cc13536ffb770cb2d1c3d65c05fc9,1b673484453104a5d87d4605d30b20826a3b7ec64769fd6ce8d3c8f7a1ad24f6,"{""scripts/run_candidate_stages.py"":""c2e66de2b6e26dfd94409d1597cd4af87a371372b9a722dc25f90691b1c3cd1b"",""src/bsolver/nosignal_sensing.py"":""2073393686e1538ad046965cbc3b4cf1f16b6882a157b6efa5c7855ff50be6c0"",""src/bsolver/round_experiments.py"":""6836dedaa30c8a24e910cede983b3e811c97e52dbd994f4e1dbd4f3a576c8c7a""}",9887.880597,,,,,
complete,,4,"{""bin_width_deg"":4.0,""clear_radius"":19.999,""coverage"":""triangular"",""epsilon_deg"":1.0051,""joint_detour_m"":800.0,""local_measure_limit"":1,""max_virtual_s"":360000.0,""nearest_safe"":true,""opportunistic_known_measurements"":false,""problem"":4,""radius_weight"":2.0,""reserve_real_s"":5.0,""scheduling"":""joint"",""sensing"":""active"",""spacing"":null}",39645.36763635279,359,384,64,10,9,1,True,10420.073525,10420.073527270559,-2.270558979944326e-06,1042.0073525,1.1688562000636011,10,1.0,stage2-round-broad-p4-0068-15a71b9c67acb7a2,broad,broad_joint,assumption__radius_max__noise_extreme__scale_150,broad_or_stress_assumption,confirmation,random,max,extreme,10,0,6b16dd6190e00560ae20fcfe6f77bd4de9cec98500cb60ecb21e83017ab64cab,2,f9ffbe734bc37653bebadf06778320395c80106f25e85d538286de044da3fc27,nosignal,cf5481795a87ccef6040c9b36f993dccc4ee3ed94cce9f5bd2abd99b2b4ad2a3,nosignal,"{""directional_prior"":0.5,""interior_fraction"":0.75,""orientation_sample_count"":24,""position_sample_count"":7,""radius_samples"":[1000.0,1250.0,1500.0]}",True,self_built_fixed_scenario,[],2aa4ec9082cdf921af6e3bd26a16e165549cc13536ffb770cb2d1c3d65c05fc9,1b673484453104a5d87d4605d30b20826a3b7ec64769fd6ce8d3c8f7a1ad24f6,"{""scripts/run_candidate_stages.py"":""c2e66de2b6e26dfd94409d1597cd4af87a371372b9a722dc25f90691b1c3cd1b"",""src/bsolver/nosignal_sensing.py"":""2073393686e1538ad046965cbc3b4cf1f16b6882a157b6efa5c7855ff50be6c0"",""src/bsolver/round_experiments.py"":""6836dedaa30c8a24e910cede983b3e811c97e52dbd994f4e1dbd4f3a576c8c7a""}",10420.073525,10,7,0,0,sampled_nosignal_v1
complete,,4,"{""bin_width_deg"":4.0,""clear_radius"":19.999,""coverage"":""triangular"",""epsilon_deg"":1.0051,""joint_detour_m"":800.0,""local_measure_limit"":1,""max_virtual_s"":360000.0,""nearest_safe"":true,""opportunistic_known_measurements"":false,""problem"":4,""radius_weight"":2.0,""reserve_real_s"":5.0,""scheduling"":""joint"",""sensing"":""active"",""spacing"":null}",45870.310176570805,328,352,202,12,10,2,True,11892.062033,11892.06203531416,-2.31416015594732e-06,991.0051694166667,1.2201971999602392,12,1.0,stage2-round-broad-p4-0070-101333d4e97cb4aa,broad,broad_joint,assumption__radius_mixed__noise_correlated__scale_150,broad_or_stress_assumption,confirmation,random,mixed,correlated,12,7,adc961d0284014eadb3f4bde7f99deb3536e08b79c8973738f63787a4559876b,2,f9ffbe734bc37653bebadf06778320395c80106f25e85d538286de044da3fc27,normal,c2573106c518ffecbb9e4a5f5d27d9a16a03271a41ad5393a6a8f02ba4458c2b,normal,,True,self_built_fixed_scenario,[],e4bfd0e589113fcc35c3af3b95c00b81c2b37098affa4b3fe2478dd9159c5d6b,1b673484453104a5d87d4605d30b20826a3b7ec64769fd6ce8d3c8f7a1ad24f6,"{""scripts/run_candidate_stages.py"":""c2e66de2b6e26dfd94409d1597cd4af87a371372b9a722dc25f90691b1c3cd1b"",""src/bsolver/nosignal_sensing.py"":""2073393686e1538ad046965cbc3b4cf1f16b6882a157b6efa5c7855ff50be6c0"",""src/bsolver/round_experiments.py"":""6836dedaa30c8a24e910cede983b3e811c97e52dbd994f4e1dbd4f3a576c8c7a""}",11892.062033,,,,,
complete,,4,"{""bin_width_deg"":4.0,""clear_radius"":19.999,""coverage"":""triangular"",""epsilon_deg"":1.0051,""joint_detour_m"":800.0,""local_measure_limit"":1,""max_virtual_s"":360000.0,""nearest_safe"":true,""opportunistic_known_measurements"":false,""problem"":4,""radius_weight"":2.0,""reserve_real_s"":5.0,""scheduling"":""joint"",""sensing"":""active"",""spacing"":null}",42194.12763795937,328,352,76,12,11,1,True,10778.825525,10778.825527591875,-2.591874363133684e-06,898.2354604166667,1.288696900010109,12,1.0,stage2-round-broad-p4-0070-101333d4e97cb4aa,broad,broad_joint,assumption__radius_mixed__noise_correlated__scale_150,broad_or_stress_assumption,confirmation,random,mixed,correlated,12,7,adc961d0284014eadb3f4bde7f99deb3536e08b79c8973738f63787a4559876b,2,f9ffbe734bc37653bebadf06778320395c80106f25e85d538286de044da3fc27,nosignal,cf5481795a87ccef6040c9b36f993dccc4ee3ed94cce9f5bd2abd99b2b4ad2a3,nosignal,"{""directional_prior"":0.5,""interior_fraction"":0.75,""orientation_sample_count"":24,""position_sample_count"":7,""radius_samples"":[1000.0,1250.0,1500.0]}",True,self_built_fixed_scenario,[],e4bfd0e589113fcc35c3af3b95c00b81c2b37098affa4b3fe2478dd9159c5d6b,1b673484453104a5d87d4605d30b20826a3b7ec64769fd6ce8d3c8f7a1ad24f6,"{""scripts/run_candidate_stages.py"":""c2e66de2b6e26dfd94409d1597cd4af87a371372b9a722dc25f90691b1c3cd1b"",""src/bsolver/nosignal_sensing.py"":""2073393686e1538ad046965cbc3b4cf1f16b6882a157b6efa5c7855ff50be6c0"",""src/bsolver/round_experiments.py"":""6836dedaa30c8a24e910cede983b3e811c97e52dbd994f4e1dbd4f3a576c8c7a""}",10778.825525,12,9,0,0,sampled_nosignal_v1
complete,,4,"{""bin_width_deg"":4.0,""clear_radius"":19.999,""coverage"":""triangular"",""epsilon_deg"":1.0051,""joint_detour_m"":800.0,""local_measure_limit"":1,""max_virtual_s"":360000.0,""nearest_safe"":true,""opportunistic_known_measurements"":false,""problem"":4,""radius_weight"":2.0,""reserve_real_s"":5.0,""scheduling"":""joint"",""sensing"":""active"",""spacing"":null}",46944.49894370121,324,346,308,11,10,1,True,12388.899785,12388.899788740242,-3.740242391359061e-06,1126.2636168181818,1.2440365999937057,11,1.0,stage2-round-broad-p4-0071-1d2ca27158b71d51,broad,broad_joint,assumption__radius_mixed__noise_extreme__scale_150,broad_or_stress_assumption,confirmation,random,mixed,extreme,11,9,b14240bc363aca7c122f7c66a2d253dc2fb17510ba6a9b88430f44710576813e,2,f9ffbe734bc37653bebadf06778320395c80106f25e85d538286de044da3fc27,normal,c2573106c518ffecbb9e4a5f5d27d9a16a03271a41ad5393a6a8f02ba4458c2b,normal,,True,self_built_fixed_scenario,[],aeb82230a5d46e4487296f25e895aefdc4f924c1f3a5504896c8fd6a0aaa92f2,1b673484453104a5d87d4605d30b20826a3b7ec64769fd6ce8d3c8f7a1ad24f6,"{""scripts/run_candidate_stages.py"":""c2e66de2b6e26dfd94409d1597cd4af87a371372b9a722dc25f90691b1c3cd1b"",""src/bsolver/nosignal_sensing.py"":""2073393686e1538ad046965cbc3b4cf1f16b6882a157b6efa5c7855ff50be6c0"",""src/bsolver/round_experiments.py"":""6836dedaa30c8a24e910cede983b3e811c97e52dbd994f4e1dbd4f3a576c8c7a""}",12388.899785,,,,,
complete,,4,"{""bin_width_deg"":4.0,""clear_radius"":19.999,""coverage"":""triangular"",""epsilon_deg"":1.0051,""joint_detour_m"":800.0,""local_measure_limit"":1,""max_virtual_s"":360000.0,""nearest_safe"":true,""opportunistic_known_measurements"":false,""problem"":4,""radius_weight"":2.0,""reserve_real_s"":5.0,""scheduling"":""joint"",""sensing"":""active"",""spacing"":null}",46032.79207011291,324,346,304,11,9,2,True,12194.558412,12194.558414022582,-2.02258161152713e-06,1108.5962192727272,1.3620345999952406,11,1.0,stage2-round-broad-p4-0071-1d2ca27158b71d51,broad,broad_joint,assumption__radius_mixed__noise_extreme__scale_150,broad_or_stress_assumption,confirmation,random,mixed,extreme,11,9,b14240bc363aca7c122f7c66a2d253dc2fb17510ba6a9b88430f44710576813e,2,f9ffbe734bc37653bebadf06778320395c80106f25e85d538286de044da3fc27,nosignal,cf5481795a87ccef6040c9b36f993dccc4ee3ed94cce9f5bd2abd99b2b4ad2a3,nosignal,"{""directional_prior"":0.5,""interior_fraction"":0.75,""orientation_sample_count"":24,""position_sample_count"":7,""radius_samples"":[1000.0,1250.0,1500.0]}",True,self_built_fixed_scenario,[],aeb82230a5d46e4487296f25e895aefdc4f924c1f3a5504896c8fd6a0aaa92f2,1b673484453104a5d87d4605d30b20826a3b7ec64769fd6ce8d3c8f7a1ad24f6,"{""scripts/run_candidate_stages.py"":""c2e66de2b6e26dfd94409d1597cd4af87a371372b9a722dc25f90691b1c3cd1b"",""src/bsolver/nosignal_sensing.py"":""2073393686e1538ad046965cbc3b4cf1f16b6882a157b6efa5c7855ff50be6c0"",""src/bsolver/round_experiments.py"":""6836dedaa30c8a24e910cede983b3e811c97e52dbd994f4e1dbd4f3a576c8c7a""}",12194.558412,11,10,0,0,sampled_nosignal_v1
complete,,3,"{""bin_width_deg"":4.0,""clear_radius"":19.999,""coverage"":""triangular"",""epsilon_deg"":1.0051,""joint_detour_m"":800.0,""local_measure_limit"":1,""max_virtual_s"":360000.0,""nearest_safe"":true,""opportunistic_known_measurements"":false,""problem"":3,""radius_weight"":2.0,""reserve_real_s"":5.0,""scheduling"":""joint"",""sensing"":""active"",""spacing"":null}",16380.807071213514,111,113,29,10,6,4,True,4059.161412,4059.161414242703,-2.2427029762184247e-06,405.91614119999997,0.8460467000259086,10,1.0,stage2-round-calibrated-p3-0007-acbb3ee5fa71c149,calibrated,broad_joint,mixed_extreme150_after_observable_screen,unresolved,confirmation,random,mixed,extreme,10,0,f5a56d597b45a04853ef5eec465c94e1e80c30fa6506cb0ec8b677e3ae3bfd98,2,f9ffbe734bc37653bebadf06778320395c80106f25e85d538286de044da3fc27,normal,598a470e18f0cc7605daa46bb28b1a1250fbc8f78834c102c2dac6a9efb90dc4,normal,,True,self_built_fixed_scenario,[],ae0cfdce78307b9361c20daf40f5a271a49c4e0c4eaee3af740872c7514e2ea6,1b673484453104a5d87d4605d30b20826a3b7ec64769fd6ce8d3c8f7a1ad24f6,"{""scripts/run_candidate_stages.py"":""c2e66de2b6e26dfd94409d1597cd4af87a371372b9a722dc25f90691b1c3cd1b"",""src/bsolver/nosignal_sensing.py"":""2073393686e1538ad046965cbc3b4cf1f16b6882a157b6efa5c7855ff50be6c0"",""src/bsolver/round_experiments.py"":""6836dedaa30c8a24e910cede983b3e811c97e52dbd994f4e1dbd4f3a576c8c7a""}",4059.161412,,,,,
complete,,3,"{""bin_width_deg"":4.0,""clear_radius"":19.999,""coverage"":""triangular"",""epsilon_deg"":1.0051,""joint_detour_m"":800.0,""local_measure_limit"":1,""max_virtual_s"":360000.0,""nearest_safe"":true,""opportunistic_known_measurements"":false,""problem"":3,""radius_weight"":2.0,""reserve_real_s"":5.0,""scheduling"":""joint"",""sensing"":""active"",""spacing"":null}",19369.44359888478,85,86,28,16,12,4,True,4504.888719,4504.888719776956,-7.769567673676647e-07,281.5555449375,1.3655567000387236,16,1.0,stage2-round-calibrated-p3-0008-abc8e9a55e266250,calibrated,smoothed_joint,mixed_correlated150_after_observable_screen,unresolved,confirmation,random,mixed,correlated,16,0,fa084963f8c48b800dcd19bc1b5fbb409dd79e1e9a1155f95bf6a4fdff1314d1,2,f9ffbe734bc37653bebadf06778320395c80106f25e85d538286de044da3fc27,normal,598a470e18f0cc7605daa46bb28b1a1250fbc8f78834c102c2dac6a9efb90dc4,normal,,True,self_built_fixed_scenario,[],b840de8cec012c7a771f5284a4a17b31afefc2bc078daa1617ddf5cdfcd91e70,1b673484453104a5d87d4605d30b20826a3b7ec64769fd6ce8d3c8f7a1ad24f6,"{""scripts/run_candidate_stages.py"":""c2e66de2b6e26dfd94409d1597cd4af87a371372b9a722dc25f90691b1c3cd1b"",""src/bsolver/nosignal_sensing.py"":""2073393686e1538ad046965cbc3b4cf1f16b6882a157b6efa5c7855ff50be6c0"",""src/bsolver/round_experiments.py"":""6836dedaa30c8a24e910cede983b3e811c97e52dbd994f4e1dbd4f3a576c8c7a""}",4504.888719,,,,,
complete,,3,"{""bin_width_deg"":4.0,""clear_radius"":19.999,""coverage"":""triangular"",""epsilon_deg"":1.0051,""joint_detour_m"":800.0,""local_measure_limit"":1,""max_virtual_s"":360000.0,""nearest_safe"":true,""opportunistic_known_measurements"":false,""problem"":3,""radius_weight"":2.0,""reserve_real_s"":5.0,""scheduling"":""joint"",""sensing"":""active"",""spacing"":null}",18837.498667235635,104,106,28,12,8,4,True,4509.499733,4509.499733447127,-4.471276042750105e-07,375.79164441666666,1.0058495999546722,12,1.0,stage2-round-calibrated-p3-0010-940eb3da9f18a236,calibrated,smoothed_joint,mixed_extreme150_after_observable_screen,unresolved,confirmation,random,mixed,extreme,12,0,588687544ab7923bc6e78df56138b5418ef50203178cd06fb250b0dab2e24177,2,f9ffbe734bc37653bebadf06778320395c80106f25e85d538286de044da3fc27,normal,598a470e18f0cc7605daa46bb28b1a1250fbc8f78834c102c2dac6a9efb90dc4,normal,,True,self_built_fixed_scenario,[],0f9e71bc6f3307c99d474f12289ad4246df82dbe779d4e5ad83e015931b2366b,1b673484453104a5d87d4605d30b20826a3b7ec64769fd6ce8d3c8f7a1ad24f6,"{""scripts/run_candidate_stages.py"":""c2e66de2b6e26dfd94409d1597cd4af87a371372b9a722dc25f90691b1c3cd1b"",""src/bsolver/nosignal_sensing.py"":""2073393686e1538ad046965cbc3b4cf1f16b6882a157b6efa5c7855ff50be6c0"",""src/bsolver/round_experiments.py"":""6836dedaa30c8a24e910cede983b3e811c97e52dbd994f4e1dbd4f3a576c8c7a""}",4509.499733,,,,,
complete,,3,"{""bin_width_deg"":4.0,""clear_radius"":19.999,""coverage"":""triangular"",""epsilon_deg"":1.0051,""joint_detour_m"":800.0,""local_measure_limit"":1,""max_virtual_s"":360000.0,""nearest_safe"":true,""opportunistic_known_measurements"":false,""problem"":3,""radius_weight"":2.0,""reserve_real_s"":5.0,""scheduling"":""joint"",""sensing"":""active"",""spacing"":null}",17748.924369058564,101,103,17,11,6,5,True,4238.784874,4238.784873811713,1.882872311398387e-07,385.34407945454547,0.937187600065954,11,1.0,stage2-round-calibrated-p3-0018-ac373ceeea598fa9,calibrated,smoothed_joint,mixed_extreme150_after_observable_screen,unresolved,confirmation,random,mixed,extreme,11,0,13714b77b15ed70d176029dcb38a5d085090a6c02253a46353e6a36e5151c95f,2,f9ffbe734bc37653bebadf06778320395c80106f25e85d538286de044da3fc27,normal,598a470e18f0cc7605daa46bb28b1a1250fbc8f78834c102c2dac6a9efb90dc4,normal,,True,self_built_fixed_scenario,[],a8b7c66611f5ed4a4e622059b60588045c7303a4e09a31f68c7349dd136c7083,1b673484453104a5d87d4605d30b20826a3b7ec64769fd6ce8d3c8f7a1ad24f6,"{""scripts/run_candidate_stages.py"":""c2e66de2b6e26dfd94409d1597cd4af87a371372b9a722dc25f90691b1c3cd1b"",""src/bsolver/nosignal_sensing.py"":""2073393686e1538ad046965cbc3b4cf1f16b6882a157b6efa5c7855ff50be6c0"",""src/bsolver/round_experiments.py"":""6836dedaa30c8a24e910cede983b3e811c97e52dbd994f4e1dbd4f3a576c8c7a""}",4238.784874,,,,,
complete,,3,"{""bin_width_deg"":4.0,""clear_radius"":19.999,""coverage"":""triangular"",""epsilon_deg"":1.0051,""joint_detour_m"":800.0,""local_measure_limit"":1,""max_virtual_s"":360000.0,""nearest_safe"":true,""opportunistic_known_measurements"":false,""problem"":3,""radius_weight"":2.0,""reserve_real_s"":5.0,""scheduling"":""joint"",""sensing"":""active"",""spacing"":null}",16347.297212259433,104,106,25,10,8,2,True,3998.459441,3998.4594424518864,-1.4518864190904424e-06,399.8459441,0.897829300025478,10,1.0,stage2-round-calibrated-p3-0021-4c33d2ce11cfcc71,calibrated,broad_joint,mixed_correlated150_after_observable_screen,unresolved,confirmation,random,mixed,correlated,10,0,b9c731eba4a0f4a81b6ab14b0ede35072955e0c82cc5827bdd62ac83d83dc312,2,f9ffbe734bc37653bebadf06778320395c80106f25e85d538286de044da3fc27,normal,598a470e18f0cc7605daa46bb28b1a1250fbc8f78834c102c2dac6a9efb90dc4,normal,,True,self_built_fixed_scenario,[],7d6a37c2d1e39f06081dcda2b5a749b495b730ed77d4d96e861cd96c32c3b584,1b673484453104a5d87d4605d30b20826a3b7ec64769fd6ce8d3c8f7a1ad24f6,"{""scripts/run_candidate_stages.py"":""c2e66de2b6e26dfd94409d1597cd4af87a371372b9a722dc25f90691b1c3cd1b"",""src/bsolver/nosignal_sensing.py"":""2073393686e1538ad046965cbc3b4cf1f16b6882a157b6efa5c7855ff50be6c0"",""src/bsolver/round_experiments.py"":""6836dedaa30c8a24e910cede983b3e811c97e52dbd994f4e1dbd4f3a576c8c7a""}",3998.459441,,,,,
complete,,3,"{""bin_width_deg"":4.0,""clear_radius"":19.999,""coverage"":""triangular"",""epsilon_deg"":1.0051,""joint_detour_m"":800.0,""local_measure_limit"":1,""max_virtual_s"":360000.0,""nearest_safe"":true,""opportunistic_known_measurements"":false,""problem"":3,""radius_weight"":2.0,""reserve_real_s"":5.0,""scheduling"":""joint"",""sensing"":""active"",""spacing"":null}",16723.00718350153,101,103,33,11,8,3,True,4081.601433,4081.601436700306,-3.700306024256861e-06,371.0546757272727,0.9384572999551892,11,1.0,stage2-round-calibrated-p3-0025-5ff00b0c855ca44a,calibrated,broad_joint,mixed_correlated150_after_observable_screen,unresolved,confirmation,random,mixed,correlated,11,0,dc6cc8d804f5c90adecd9c900ac8c05e3a727a7ca1ffa546db5ac3d50c6efb40,2,f9ffbe734bc37653bebadf06778320395c80106f25e85d538286de044da3fc27,normal,598a470e18f0cc7605daa46bb28b1a1250fbc8f78834c102c2dac6a9efb90dc4,normal,,True,self_built_fixed_scenario,[],206e683863348c11ce9182a830534139def8caf539824211dfbd290617f10586,1b673484453104a5d87d4605d30b20826a3b7ec64769fd6ce8d3c8f7a1ad24f6,"{""scripts/run_candidate_stages.py"":""c2e66de2b6e26dfd94409d1597cd4af87a371372b9a722dc25f90691b1c3cd1b"",""src/bsolver/nosignal_sensing.py"":""2073393686e1538ad046965cbc3b4cf1f16b6882a157b6efa5c7855ff50be6c0"",""src/bsolver/round_experiments.py"":""6836dedaa30c8a24e910cede983b3e811c97e52dbd994f4e1dbd4f3a576c8c7a""}",4081.601433,,,,,
complete,,3,"{""bin_width_deg"":4.0,""clear_radius"":19.999,""coverage"":""triangular"",""epsilon_deg"":1.0051,""joint_detour_m"":800.0,""local_measure_limit"":1,""max_virtual_s"":360000.0,""nearest_safe"":true,""opportunistic_known_measurements"":false,""problem"":3,""radius_weight"":2.0,""reserve_real_s"":5.0,""scheduling"":""joint"",""sensing"":""active"",""spacing"":null}",16556.91713852105,99,101,31,10,6,4,True,4028.383426,4028.38342770421,-1.7042102626874112e-06,402.8383426,0.8244604000356048,10,1.0,stage2-round-calibrated-p3-0026-f066e0af013c4665,calibrated,smoothed_joint,mixed_extreme150_after_observable_screen,unresolved,confirmation,random,mixed,extreme,10,0,0f33c8dbe394231ed985dc9aa5eb60108580ed2e8031a993640e6b8535206d62,2,f9ffbe734bc37653bebadf06778320395c80106f25e85d538286de044da3fc27,normal,598a470e18f0cc7605daa46bb28b1a1250fbc8f78834c102c2dac6a9efb90dc4,normal,,True,self_built_fixed_scenario,[],8f0db6242b18521fa628fc412ecb990776cc5d8e017c68c79fa1b2075776cb2d,1b673484453104a5d87d4605d30b20826a3b7ec64769fd6ce8d3c8f7a1ad24f6,"{""scripts/run_candidate_stages.py"":""c2e66de2b6e26dfd94409d1597cd4af87a371372b9a722dc25f90691b1c3cd1b"",""src/bsolver/nosignal_sensing.py"":""2073393686e1538ad046965cbc3b4cf1f16b6882a157b6efa5c7855ff50be6c0"",""src/bsolver/round_experiments.py"":""6836dedaa30c8a24e910cede983b3e811c97e52dbd994f4e1dbd4f3a576c8c7a""}",4028.383426,,,,,
complete,,3,"{""bin_width_deg"":4.0,""clear_radius"":19.999,""coverage"":""triangular"",""epsilon_deg"":1.0051,""joint_detour_m"":800.0,""local_measure_limit"":1,""max_virtual_s"":360000.0,""nearest_safe"":true,""opportunistic_known_measurements"":false,""problem"":3,""radius_weight"":2.0,""reserve_real_s"":5.0,""scheduling"":""joint"",""sensing"":""active"",""spacing"":null}",20163.010340874796,86,88,36,13,7,6,True,4692.602068,4692.60206817496,-1.749594957800582e-07,360.96938984615383,1.1001983999740332,13,1.0,stage2-round-calibrated-p3-0031-8fb03ae470432c40,calibrated,broad_joint,mixed_extreme150_after_observable_screen,unresolved,confirmation,random,mixed,extreme,13,0,6599716768080c4c7d3e00cf9b49fa684f688a5b440c19620b1edae95aeb574d,2,f9ffbe734bc37653bebadf06778320395c80106f25e85d538286de044da3fc27,normal,598a470e18f0cc7605daa46bb28b1a1250fbc8f78834c102c2dac6a9efb90dc4,normal,,True,self_built_fixed_scenario,[],9ba0c47e61451c7fbbc407ce8e1723964e79770195024b6c614258047171eddf,1b673484453104a5d87d4605d30b20826a3b7ec64769fd6ce8d3c8f7a1ad24f6,"{""scripts/run_candidate_stages.py"":""c2e66de2b6e26dfd94409d1597cd4af87a371372b9a722dc25f90691b1c3cd1b"",""src/bsolver/nosignal_sensing.py"":""2073393686e1538ad046965cbc3b4cf1f16b6882a157b6efa5c7855ff50be6c0"",""src/bsolver/round_experiments.py"":""6836dedaa30c8a24e910cede983b3e811c97e52dbd994f4e1dbd4f3a576c8c7a""}",4692.602068,,,,,
complete,,3,"{""bin_width_deg"":4.0,""clear_radius"":19.999,""coverage"":""triangular"",""epsilon_deg"":1.0051,""joint_detour_m"":800.0,""local_measure_limit"":1,""max_virtual_s"":360000.0,""nearest_safe"":true,""opportunistic_known_measurements"":false,""problem"":3,""radius_weight"":2.0,""reserve_real_s"":5.0,""scheduling"":""joint"",""sensing"":""active"",""spacing"":null}",16983.279738172863,93,95,23,13,7,6,True,4059.655945,4059.655947634573,-2.6345728656451683e-06,312.2812265384615,1.0594211000716314,13,1.0,stage2-round-calibrated-p3-0046-2ea4b4c419e93afd,calibrated,smoothed_joint,mixed_extreme150_after_observable_screen,unresolved,confirmation,random,mixed,extreme,13,0,20472f9059b508320235fdfeceb041bd4accbc76bfdb68d560323ed66660467b,2,f9ffbe734bc37653bebadf06778320395c80106f25e85d538286de044da3fc27,normal,598a470e18f0cc7605daa46bb28b1a1250fbc8f78834c102c2dac6a9efb90dc4,normal,,True,self_built_fixed_scenario,[],0498df29311428314bab6d5fd1c6ff846954b2ed78a9692b0149c4249ea96e73,1b673484453104a5d87d4605d30b20826a3b7ec64769fd6ce8d3c8f7a1ad24f6,"{""scripts/run_candidate_stages.py"":""c2e66de2b6e26dfd94409d1597cd4af87a371372b9a722dc25f90691b1c3cd1b"",""src/bsolver/nosignal_sensing.py"":""2073393686e1538ad046965cbc3b4cf1f16b6882a157b6efa5c7855ff50be6c0"",""src/bsolver/round_experiments.py"":""6836dedaa30c8a24e910cede983b3e811c97e52dbd994f4e1dbd4f3a576c8c7a""}",4059.655945,,,,,
complete,,3,"{""bin_width_deg"":4.0,""clear_radius"":19.999,""coverage"":""triangular"",""epsilon_deg"":1.0051,""joint_detour_m"":800.0,""local_measure_limit"":1,""max_virtual_s"":360000.0,""nearest_safe"":true,""opportunistic_known_measurements"":false,""problem"":3,""radius_weight"":2.0,""reserve_real_s"":5.0,""scheduling"":""joint"",""sensing"":""active"",""spacing"":null}",18233.482905894874,100,102,22,10,6,4,True,4342.696579,4342.696581178975,-2.1789746824651957e-06,434.2696579,0.8608698999742046,10,1.0,stage2-round-calibrated-p3-0048-81a6d5f04ee71dbb,calibrated,smoothed_joint,mixed_correlated150_after_observable_screen,unresolved,confirmation,random,mixed,correlated,10,0,9658c21f1609257c2e1bdf86ab2fd9046c97b31877e1e88f6858d47a488e0197,2,f9ffbe734bc37653bebadf06778320395c80106f25e85d538286de044da3fc27,normal,598a470e18f0cc7605daa46bb28b1a1250fbc8f78834c102c2dac6a9efb90dc4,normal,,True,self_built_fixed_scenario,[],14aea9bc8388a286449b0a08485a7dd9cad50da9d5fb4f6795d8425fd3cc3c71,1b673484453104a5d87d4605d30b20826a3b7ec64769fd6ce8d3c8f7a1ad24f6,"{""scripts/run_candidate_stages.py"":""c2e66de2b6e26dfd94409d1597cd4af87a371372b9a722dc25f90691b1c3cd1b"",""src/bsolver/nosignal_sensing.py"":""2073393686e1538ad046965cbc3b4cf1f16b6882a157b6efa5c7855ff50be6c0"",""src/bsolver/round_experiments.py"":""6836dedaa30c8a24e910cede983b3e811c97e52dbd994f4e1dbd4f3a576c8c7a""}",4342.696579,,,,,
complete,,3,"{""bin_width_deg"":4.0,""clear_radius"":19.999,""coverage"":""triangular"",""epsilon_deg"":1.0051,""joint_detour_m"":800.0,""local_measure_limit"":1,""max_virtual_s"":360000.0,""nearest_safe"":true,""opportunistic_known_measurements"":false,""problem"":3,""radius_weight"":2.0,""reserve_real_s"":5.0,""scheduling"":""joint"",""sensing"":""active"",""spacing"":null}",19051.029004751177,93,95,34,12,9,3,True,4504.2058,4504.205800950235,-9.502355169388466e-07,375.35048333333333,1.0464277000864968,12,1.0,stage2-round-calibrated-p3-0061-e10263244ddea3df,calibrated,broad_joint,mixed_correlated150_after_observable_screen,unresolved,confirmation,random,mixed,correlated,12,0,2e7ab0bb9dd7a5521fd68742af8af820bf47f60cad60faf6ea677ee8b6d38fc7,2,f9ffbe734bc37653bebadf06778320395c80106f25e85d538286de044da3fc27,normal,598a470e18f0cc7605daa46bb28b1a1250fbc8f78834c102c2dac6a9efb90dc4,normal,,True,self_built_fixed_scenario,[],7fa42aee57fe401121b81996f56bd48a4eb6b1cace480ef5427628d76a852f8a,1b673484453104a5d87d4605d30b20826a3b7ec64769fd6ce8d3c8f7a1ad24f6,"{""scripts/run_candidate_stages.py"":""c2e66de2b6e26dfd94409d1597cd4af87a371372b9a722dc25f90691b1c3cd1b"",""src/bsolver/nosignal_sensing.py"":""2073393686e1538ad046965cbc3b4cf1f16b6882a157b6efa5c7855ff50be6c0"",""src/bsolver/round_experiments.py"":""6836dedaa30c8a24e910cede983b3e811c97e52dbd994f4e1dbd4f3a576c8c7a""}",4504.2058,,,,,
complete,,3,"{""bin_width_deg"":4.0,""clear_radius"":19.999,""coverage"":""triangular"",""epsilon_deg"":1.0051,""joint_detour_m"":800.0,""local_measure_limit"":1,""max_virtual_s"":360000.0,""nearest_safe"":true,""opportunistic_known_measurements"":false,""problem"":3,""radius_weight"":2.0,""reserve_real_s"":5.0,""scheduling"":""joint"",""sensing"":""active"",""spacing"":null}",19982.959292065385,82,83,38,16,9,7,True,4639.591857,4639.591858413077,-1.413076461176388e-06,289.9744910625,1.3930916999233887,16,1.0,stage2-round-calibrated-p3-0062-27097aeea81167e9,calibrated,smoothed_joint,mixed_extreme150_after_observable_screen,unresolved,confirmation,random,mixed,extreme,16,0,722acbbb367a769fd912607ed7cb9fdcade89bf4d88b1d45ec53c0f07dfd1cc6,2,f9ffbe734bc37653bebadf06778320395c80106f25e85d538286de044da3fc27,normal,598a470e18f0cc7605daa46bb28b1a1250fbc8f78834c102c2dac6a9efb90dc4,normal,,True,self_built_fixed_scenario,[],42d7bcaac09da4f42c68077f75ef58615ce0f614f914c1066969cd0b6e5ae6b2,1b673484453104a5d87d4605d30b20826a3b7ec64769fd6ce8d3c8f7a1ad24f6,"{""scripts/run_candidate_stages.py"":""c2e66de2b6e26dfd94409d1597cd4af87a371372b9a722dc25f90691b1c3cd1b"",""src/bsolver/nosignal_sensing.py"":""2073393686e1538ad046965cbc3b4cf1f16b6882a157b6efa5c7855ff50be6c0"",""src/bsolver/round_experiments.py"":""6836dedaa30c8a24e910cede983b3e811c97e52dbd994f4e1dbd4f3a576c8c7a""}",4639.591857,,,,,
complete,,3,"{""bin_width_deg"":4.0,""clear_radius"":19.999,""coverage"":""triangular"",""epsilon_deg"":1.0051,""joint_detour_m"":800.0,""local_measure_limit"":1,""max_virtual_s"":360000.0,""nearest_safe"":true,""opportunistic_known_measurements"":false,""problem"":3,""radius_weight"":2.0,""reserve_real_s"":5.0,""scheduling"":""joint"",""sensing"":""active"",""spacing"":null}",22323.918701564784,82,84,44,16,11,5,True,5130.783737,5130.783740312957,-3.3129572329926305e-06,320.6739835625,1.4080994999967515,16,1.0,stage2-round-calibrated-p3-0067-c36caf4284e87563,calibrated,broad_joint,mixed_extreme150_after_observable_screen,unresolved,confirmation,random,mixed,extreme,16,0,14533e1c5d1c9334c00ebb91a2d58b48da61e2f97d8efdb975654f6e323e3fd6,2,f9ffbe734bc37653bebadf06778320395c80106f25e85d538286de044da3fc27,normal,598a470e18f0cc7605daa46bb28b1a1250fbc8f78834c102c2dac6a9efb90dc4,normal,,True,self_built_fixed_scenario,[],899d0d3bb746fac464757e769b39b2f8660bd16c5201e42fec1be7bc19efeab2,1b673484453104a5d87d4605d30b20826a3b7ec64769fd6ce8d3c8f7a1ad24f6,"{""scripts/run_candidate_stages.py"":""c2e66de2b6e26dfd94409d1597cd4af87a371372b9a722dc25f90691b1c3cd1b"",""src/bsolver/nosignal_sensing.py"":""2073393686e1538ad046965cbc3b4cf1f16b6882a157b6efa5c7855ff50be6c0"",""src/bsolver/round_experiments.py"":""6836dedaa30c8a24e910cede983b3e811c97e52dbd994f4e1dbd4f3a576c8c7a""}",5130.783737,,,,,
complete,,3,"{""bin_width_deg"":4.0,""clear_radius"":19.999,""coverage"":""triangular"",""epsilon_deg"":1.0051,""joint_detour_m"":800.0,""local_measure_limit"":1,""max_virtual_s"":360000.0,""nearest_safe"":true,""opportunistic_known_measurements"":false,""problem"":3,""radius_weight"":2.0,""reserve_real_s"":5.0,""scheduling"":""joint"",""sensing"":""active"",""spacing"":null}",17986.51097656949,89,93,32,13,11,2,True,4273.302195,4273.302195313898,-3.138975444016978e-07,328.7155534615385,1.0991625998867676,13,1.0,stage2-round-calibrated-p3-0069-300df2483c3dfafe,calibrated,broad_joint,mixed_correlated150_after_observable_screen,unresolved,confirmation,random,mixed,correlated,13,0,e75a3653d5f8634bc8cbb01b0d77ffba199413ecb5b5a18205354aeaac7fdf6a,2,f9ffbe734bc37653bebadf06778320395c80106f25e85d538286de044da3fc27,normal,598a470e18f0cc7605daa46bb28b1a1250fbc8f78834c102c2dac6a9efb90dc4,normal,,True,self_built_fixed_scenario,[],15977cb8dc5dd6ec7feff48d6b53e528945b9f6fabaae9d5e16f7f0632e9222b,1b673484453104a5d87d4605d30b20826a3b7ec64769fd6ce8d3c8f7a1ad24f6,"{""scripts/run_candidate_stages.py"":""c2e66de2b6e26dfd94409d1597cd4af87a371372b9a722dc25f90691b1c3cd1b"",""src/bsolver/nosignal_sensing.py"":""2073393686e1538ad046965cbc3b4cf1f16b6882a157b6efa5c7855ff50be6c0"",""src/bsolver/round_experiments.py"":""6836dedaa30c8a24e910cede983b3e811c97e52dbd994f4e1dbd4f3a576c8c7a""}",4273.302195,,,,,
complete,,3,"{""bin_width_deg"":4.0,""clear_radius"":19.999,""coverage"":""triangular"",""epsilon_deg"":1.0051,""joint_detour_m"":800.0,""local_measure_limit"":1,""max_virtual_s"":360000.0,""nearest_safe"":true,""opportunistic_known_measurements"":false,""problem"":3,""radius_weight"":2.0,""reserve_real_s"":5.0,""scheduling"":""joint"",""sensing"":""active"",""spacing"":null}",18018.45141531879,80,83,21,12,8,4,True,4185.690282,4185.690283063757,-1.0637577361194417e-06,348.80752349999995,1.0071471000555903,12,1.0,stage2-round-calibrated-p3-0073-6ee26e033b87ff8a,calibrated,broad_joint,mixed_correlated150_after_observable_screen,unresolved,confirmation,random,mixed,correlated,12,0,61b8fc972c4e1d3695202a2fa7cf462146d644c6df26da2753b00d366440c728,2,f9ffbe734bc37653bebadf06778320395c80106f25e85d538286de044da3fc27,normal,598a470e18f0cc7605daa46bb28b1a1250fbc8f78834c102c2dac6a9efb90dc4,normal,,True,self_built_fixed_scenario,[],e87e1ba74cb919e23f9adc0b95ebe8e999c709bc6e7852ddc1e38879d8dd1fbc,1b673484453104a5d87d4605d30b20826a3b7ec64769fd6ce8d3c8f7a1ad24f6,"{""scripts/run_candidate_stages.py"":""c2e66de2b6e26dfd94409d1597cd4af87a371372b9a722dc25f90691b1c3cd1b"",""src/bsolver/nosignal_sensing.py"":""2073393686e1538ad046965cbc3b4cf1f16b6882a157b6efa5c7855ff50be6c0"",""src/bsolver/round_experiments.py"":""6836dedaa30c8a24e910cede983b3e811c97e52dbd994f4e1dbd4f3a576c8c7a""}",4185.690282,,,,,
complete,,3,"{""bin_width_deg"":4.0,""clear_radius"":19.999,""coverage"":""triangular"",""epsilon_deg"":1.0051,""joint_detour_m"":800.0,""local_measure_limit"":1,""max_virtual_s"":360000.0,""nearest_safe"":true,""opportunistic_known_measurements"":false,""problem"":3,""radius_weight"":2.0,""reserve_real_s"":5.0,""scheduling"":""joint"",""sensing"":""active"",""spacing"":null}",14934.365643050576,102,105,23,10,6,4,True,3702.873129,3702.873128610115,3.898849172401242e-07,370.2873129,0.8527885000221431,10,1.0,stage2-round-calibrated-p3-0076-361b74dc9a5663ed,calibrated,smoothed_joint,mixed_correlated150_after_observable_screen,unresolved,confirmation,random,mixed,correlated,10,0,aec6f883dff5cfc735800c86d4d90850a7a1ca8b3be33b0aaefd14103205d7a6,2,f9ffbe734bc37653bebadf06778320395c80106f25e85d538286de044da3fc27,normal,598a470e18f0cc7605daa46bb28b1a1250fbc8f78834c102c2dac6a9efb90dc4,normal,,True,self_built_fixed_scenario,[],63bc62e9337f5dfcacfc68713dbb31ec4045463321f18792ccf8c3c29952d3df,1b673484453104a5d87d4605d30b20826a3b7ec64769fd6ce8d3c8f7a1ad24f6,"{""scripts/run_candidate_stages.py"":""c2e66de2b6e26dfd94409d1597cd4af87a371372b9a722dc25f90691b1c3cd1b"",""src/bsolver/nosignal_sensing.py"":""2073393686e1538ad046965cbc3b4cf1f16b6882a157b6efa5c7855ff50be6c0"",""src/bsolver/round_experiments.py"":""6836dedaa30c8a24e910cede983b3e811c97e52dbd994f4e1dbd4f3a576c8c7a""}",3702.873129,,,,,
complete,,4,"{""bin_width_deg"":4.0,""clear_radius"":19.999,""coverage"":""triangular"",""epsilon_deg"":1.0051,""joint_detour_m"":800.0,""local_measure_limit"":1,""max_virtual_s"":360000.0,""nearest_safe"":true,""opportunistic_known_measurements"":false,""problem"":4,""radius_weight"":2.0,""reserve_real_s"":5.0,""scheduling"":""joint"",""sensing"":""active"",""spacing"":null}",48162.21033100473,359,382,248,11,10,1,True,12667.442066,12667.442066200947,-2.0094739738851786e-07,1151.5856423636362,1.1170108000515029,11,1.0,stage2-round-calibrated-p4-0001-680042f8d9cc2a35,calibrated,broad_joint,mixed_correlated150_after_observable_screen,unresolved,confirmation,random,mixed,correlated,11,10,e01a9ccb078428d549e1459d06d385d4a35266a956d55309aee392617622e901,2,f9ffbe734bc37653bebadf06778320395c80106f25e85d538286de044da3fc27,normal,c2573106c518ffecbb9e4a5f5d27d9a16a03271a41ad5393a6a8f02ba4458c2b,normal,,True,self_built_fixed_scenario,[],3db32190cd1c15207732f6f3f53a1a10349fbdbcbec279e1a493f24d8c47346b,1b673484453104a5d87d4605d30b20826a3b7ec64769fd6ce8d3c8f7a1ad24f6,"{""scripts/run_candidate_stages.py"":""c2e66de2b6e26dfd94409d1597cd4af87a371372b9a722dc25f90691b1c3cd1b"",""src/bsolver/nosignal_sensing.py"":""2073393686e1538ad046965cbc3b4cf1f16b6882a157b6efa5c7855ff50be6c0"",""src/bsolver/round_experiments.py"":""6836dedaa30c8a24e910cede983b3e811c97e52dbd994f4e1dbd4f3a576c8c7a""}",12667.442066,,,,,
complete,,4,"{""bin_width_deg"":4.0,""clear_radius"":19.999,""coverage"":""triangular"",""epsilon_deg"":1.0051,""joint_detour_m"":800.0,""local_measure_limit"":1,""max_virtual_s"":360000.0,""nearest_safe"":true,""opportunistic_known_measurements"":false,""problem"":4,""radius_weight"":2.0,""reserve_real_s"":5.0,""scheduling"":""joint"",""sensing"":""active"",""spacing"":null}",44336.38209212619,359,382,199,11,10,1,True,11755.276417,11755.276418425237,-1.4252382243284956e-06,1068.6614924545454,1.1522070999490097,11,1.0,stage2-round-calibrated-p4-0001-680042f8d9cc2a35,calibrated,broad_joint,mixed_correlated150_after_observable_screen,unresolved,confirmation,random,mixed,correlated,11,10,e01a9ccb078428d549e1459d06d385d4a35266a956d55309aee392617622e901,2,f9ffbe734bc37653bebadf06778320395c80106f25e85d538286de044da3fc27,nosignal,cf5481795a87ccef6040c9b36f993dccc4ee3ed94cce9f5bd2abd99b2b4ad2a3,nosignal,"{""directional_prior"":0.5,""interior_fraction"":0.75,""orientation_sample_count"":24,""position_sample_count"":7,""radius_samples"":[1000.0,1250.0,1500.0]}",True,self_built_fixed_scenario,[],3db32190cd1c15207732f6f3f53a1a10349fbdbcbec279e1a493f24d8c47346b,1b673484453104a5d87d4605d30b20826a3b7ec64769fd6ce8d3c8f7a1ad24f6,"{""scripts/run_candidate_stages.py"":""c2e66de2b6e26dfd94409d1597cd4af87a371372b9a722dc25f90691b1c3cd1b"",""src/bsolver/nosignal_sensing.py"":""2073393686e1538ad046965cbc3b4cf1f16b6882a157b6efa5c7855ff50be6c0"",""src/bsolver/round_experiments.py"":""6836dedaa30c8a24e910cede983b3e811c97e52dbd994f4e1dbd4f3a576c8c7a""}",11755.276417,11,9,0,0,sampled_nosignal_v1
complete,,4,"{""bin_width_deg"":4.0,""clear_radius"":19.999,""coverage"":""triangular"",""epsilon_deg"":1.0051,""joint_detour_m"":800.0,""local_measure_limit"":1,""max_virtual_s"":360000.0,""nearest_safe"":true,""opportunistic_known_measurements"":false,""problem"":4,""radius_weight"":2.0,""reserve_real_s"":5.0,""scheduling"":""joint"",""sensing"":""active"",""spacing"":null}",38019.36682124978,328,350,35,12,9,3,True,9810.87336,9810.873364249956,-4.249955964041874e-06,817.57278,1.0831848999951035,12,1.0,stage2-round-calibrated-p4-0004-4714242d3b406574,calibrated,smoothed_joint,mixed_correlated150_after_observable_screen,unresolved,confirmation,random,mixed,correlated,12,4,7b99508f823893e38fcf0f8a63ba5bd16fc0d3f3c22c7ba764b6e104cdd56d96,2,f9ffbe734bc37653bebadf06778320395c80106f25e85d538286de044da3fc27,normal,c2573106c518ffecbb9e4a5f5d27d9a16a03271a41ad5393a6a8f02ba4458c2b,normal,,True,self_built_fixed_scenario,[],35a94d186d5e1e14f3f0a952b11dd0cb7a867cad379e9ac53d8b9d39bee2cff2,1b673484453104a5d87d4605d30b20826a3b7ec64769fd6ce8d3c8f7a1ad24f6,"{""scripts/run_candidate_stages.py"":""c2e66de2b6e26dfd94409d1597cd4af87a371372b9a722dc25f90691b1c3cd1b"",""src/bsolver/nosignal_sensing.py"":""2073393686e1538ad046965cbc3b4cf1f16b6882a157b6efa5c7855ff50be6c0"",""src/bsolver/round_experiments.py"":""6836dedaa30c8a24e910cede983b3e811c97e52dbd994f4e1dbd4f3a576c8c7a""}",9810.87336,,,,,
complete,,4,"{""bin_width_deg"":4.0,""clear_radius"":19.999,""coverage"":""triangular"",""epsilon_deg"":1.0051,""joint_detour_m"":800.0,""local_measure_limit"":1,""max_virtual_s"":360000.0,""nearest_safe"":true,""opportunistic_known_measurements"":false,""problem"":4,""radius_weight"":2.0,""reserve_real_s"":5.0,""scheduling"":""joint"",""sensing"":""active"",""spacing"":null}",39855.41117646407,328,350,88,12,11,1,True,10337.082234,10337.082235292813,-1.2928139767609537e-06,861.4235195,1.1977185000432655,12,1.0,stage2-round-calibrated-p4-0004-4714242d3b406574,calibrated,smoothed_joint,mixed_correlated150_after_observable_screen,unresolved,confirmation,random,mixed,correlated,12,4,7b99508f823893e38fcf0f8a63ba5bd16fc0d3f3c22c7ba764b6e104cdd56d96,2,f9ffbe734bc37653bebadf06778320395c80106f25e85d538286de044da3fc27,nosignal,cf5481795a87ccef6040c9b36f993dccc4ee3ed94cce9f5bd2abd99b2b4ad2a3,nosignal,"{""directional_prior"":0.5,""interior_fraction"":0.75,""orientation_sample_count"":24,""position_sample_count"":7,""radius_samples"":[1000.0,1250.0,1500.0]}",True,self_built_fixed_scenario,[],35a94d186d5e1e14f3f0a952b11dd0cb7a867cad379e9ac53d8b9d39bee2cff2,1b673484453104a5d87d4605d30b20826a3b7ec64769fd6ce8d3c8f7a1ad24f6,"{""scripts/run_candidate_stages.py"":""c2e66de2b6e26dfd94409d1597cd4af87a371372b9a722dc25f90691b1c3cd1b"",""src/bsolver/nosignal_sensing.py"":""2073393686e1538ad046965cbc3b4cf1f16b6882a157b6efa5c7855ff50be6c0"",""src/bsolver/round_experiments.py"":""6836dedaa30c8a24e910cede983b3e811c97e52dbd994f4e1dbd4f3a576c8c7a""}",10337.082234,12,10,0,0,sampled_nosignal_v1
complete,,4,"{""bin_width_deg"":4.0,""clear_radius"":19.999,""coverage"":""triangular"",""epsilon_deg"":1.0051,""joint_detour_m"":800.0,""local_measure_limit"":1,""max_virtual_s"":360000.0,""nearest_safe"":true,""opportunistic_known_measurements"":false,""problem"":4,""radius_weight"":2.0,""reserve_real_s"":5.0,""scheduling"":""joint"",""sensing"":""active"",""spacing"":null}",42742.38970392242,261,284,34,15,10,5,True,10361.477942,10361.477940784484,1.2155160220572725e-06,690.7651961333333,1.2829320000018924,15,1.0,stage2-round-calibrated-p4-0005-dba9bef715a0bb9e,calibrated,broad_joint,mixed_correlated150_after_observable_screen,unresolved,confirmation,random,mixed,correlated,15,1,74fe286759426f7e276622d8beb107e57e22eb89f44b20ff8cc618e603a0a6fb,2,f9ffbe734bc37653bebadf06778320395c80106f25e85d538286de044da3fc27,normal,c2573106c518ffecbb9e4a5f5d27d9a16a03271a41ad5393a6a8f02ba4458c2b,normal,,True,self_built_fixed_scenario,[],d7f569364a45172b9e35d516e8f03bb4ea2d1ac9856c31263d49e66024ea72c9,1b673484453104a5d87d4605d30b20826a3b7ec64769fd6ce8d3c8f7a1ad24f6,"{""scripts/run_candidate_stages.py"":""c2e66de2b6e26dfd94409d1597cd4af87a371372b9a722dc25f90691b1c3cd1b"",""src/bsolver/nosignal_sensing.py"":""2073393686e1538ad046965cbc3b4cf1f16b6882a157b6efa5c7855ff50be6c0"",""src/bsolver/round_experiments.py"":""6836dedaa30c8a24e910cede983b3e811c97e52dbd994f4e1dbd4f3a576c8c7a""}",10361.477942,,,,,
complete,,4,"{""bin_width_deg"":4.0,""clear_radius"":19.999,""coverage"":""triangular"",""epsilon_deg"":1.0051,""joint_detour_m"":800.0,""local_measure_limit"":1,""max_virtual_s"":360000.0,""nearest_safe"":true,""opportunistic_known_measurements"":false,""problem"":4,""radius_weight"":2.0,""reserve_real_s"":5.0,""scheduling"":""joint"",""sensing"":""active"",""spacing"":null}",44958.12635293279,261,284,80,15,10,5,True,10942.625272,10942.625270586559,1.4134402590570971e-06,729.5083514666666,1.4196177000412717,15,1.0,stage2-round-calibrated-p4-0005-dba9bef715a0bb9e,calibrated,broad_joint,mixed_correlated150_after_observable_screen,unresolved,confirmation,random,mixed,correlated,15,1,74fe286759426f7e276622d8beb107e57e22eb89f44b20ff8cc618e603a0a6fb,2,f9ffbe734bc37653bebadf06778320395c80106f25e85d538286de044da3fc27,nosignal,cf5481795a87ccef6040c9b36f993dccc4ee3ed94cce9f5bd2abd99b2b4ad2a3,nosignal,"{""directional_prior"":0.5,""interior_fraction"":0.75,""orientation_sample_count"":24,""position_sample_count"":7,""radius_samples"":[1000.0,1250.0,1500.0]}",True,self_built_fixed_scenario,[],d7f569364a45172b9e35d516e8f03bb4ea2d1ac9856c31263d49e66024ea72c9,1b673484453104a5d87d4605d30b20826a3b7ec64769fd6ce8d3c8f7a1ad24f6,"{""scripts/run_candidate_stages.py"":""c2e66de2b6e26dfd94409d1597cd4af87a371372b9a722dc25f90691b1c3cd1b"",""src/bsolver/nosignal_sensing.py"":""2073393686e1538ad046965cbc3b4cf1f16b6882a157b6efa5c7855ff50be6c0"",""src/bsolver/round_experiments.py"":""6836dedaa30c8a24e910cede983b3e811c97e52dbd994f4e1dbd4f3a576c8c7a""}",10942.625272,15,12,0,0,sampled_nosignal_v1
complete,,4,"{""bin_width_deg"":4.0,""clear_radius"":19.999,""coverage"":""triangular"",""epsilon_deg"":1.0051,""joint_detour_m"":800.0,""local_measure_limit"":1,""max_virtual_s"":360000.0,""nearest_safe"":true,""opportunistic_known_measurements"":false,""problem"":4,""radius_weight"":2.0,""reserve_real_s"":5.0,""scheduling"":""joint"",""sensing"":""active"",""spacing"":null}",45813.64135300371,350,375,153,10,9,1,True,11866.728271,11866.728270600743,3.992572601418942e-07,1186.6728271,0.9543367000296712,10,1.0,stage2-round-calibrated-p4-0008-87225ba66189e092,calibrated,smoothed_joint,mixed_correlated150_after_observable_screen,unresolved,confirmation,random,mixed,correlated,10,6,5fcec21fe7fc1b5395b0d17505b4ab9d7087ad07fb85bd826b0b3e8bed1c0fdf,2,f9ffbe734bc37653bebadf06778320395c80106f25e85d538286de044da3fc27,normal,c2573106c518ffecbb9e4a5f5d27d9a16a03271a41ad5393a6a8f02ba4458c2b,normal,,True,self_built_fixed_scenario,[],196ca283b0a5653df5cb84cc917234bbb86dc0e8bd9540ed8981cc2941d7bee5,1b673484453104a5d87d4605d30b20826a3b7ec64769fd6ce8d3c8f7a1ad24f6,"{""scripts/run_candidate_stages.py"":""c2e66de2b6e26dfd94409d1597cd4af87a371372b9a722dc25f90691b1c3cd1b"",""src/bsolver/nosignal_sensing.py"":""2073393686e1538ad046965cbc3b4cf1f16b6882a157b6efa5c7855ff50be6c0"",""src/bsolver/round_experiments.py"":""6836dedaa30c8a24e910cede983b3e811c97e52dbd994f4e1dbd4f3a576c8c7a""}",11866.728271,,,,,
complete,,4,"{""bin_width_deg"":4.0,""clear_radius"":19.999,""coverage"":""triangular"",""epsilon_deg"":1.0051,""joint_detour_m"":800.0,""local_measure_limit"":1,""max_virtual_s"":360000.0,""nearest_safe"":true,""opportunistic_known_measurements"":false,""problem"":4,""radius_weight"":2.0,""reserve_real_s"":5.0,""scheduling"":""joint"",""sensing"":""active"",""spacing"":null}",43213.651669087354,350,375,91,10,7,3,True,11160.730335,11160.730333817472,1.1825286492239684e-06,1116.0730335,1.0721717999549583,10,1.0,stage2-round-calibrated-p4-0008-87225ba66189e092,calibrated,smoothed_joint,mixed_correlated150_after_observable_screen,unresolved,confirmation,random,mixed,correlated,10,6,5fcec21fe7fc1b5395b0d17505b4ab9d7087ad07fb85bd826b0b3e8bed1c0fdf,2,f9ffbe734bc37653bebadf06778320395c80106f25e85d538286de044da3fc27,nosignal,cf5481795a87ccef6040c9b36f993dccc4ee3ed94cce9f5bd2abd99b2b4ad2a3,nosignal,"{""directional_prior"":0.5,""interior_fraction"":0.75,""orientation_sample_count"":24,""position_sample_count"":7,""radius_samples"":[1000.0,1250.0,1500.0]}",True,self_built_fixed_scenario,[],196ca283b0a5653df5cb84cc917234bbb86dc0e8bd9540ed8981cc2941d7bee5,1b673484453104a5d87d4605d30b20826a3b7ec64769fd6ce8d3c8f7a1ad24f6,"{""scripts/run_candidate_stages.py"":""c2e66de2b6e26dfd94409d1597cd4af87a371372b9a722dc25f90691b1c3cd1b"",""src/bsolver/nosignal_sensing.py"":""2073393686e1538ad046965cbc3b4cf1f16b6882a157b6efa5c7855ff50be6c0"",""src/bsolver/round_experiments.py"":""6836dedaa30c8a24e910cede983b3e811c97e52dbd994f4e1dbd4f3a576c8c7a""}",11160.730335,10,10,0,0,sampled_nosignal_v1
complete,,4,"{""bin_width_deg"":4.0,""clear_radius"":19.999,""coverage"":""triangular"",""epsilon_deg"":1.0051,""joint_detour_m"":800.0,""local_measure_limit"":1,""max_virtual_s"":360000.0,""nearest_safe"":true,""opportunistic_known_measurements"":false,""problem"":4,""radius_weight"":2.0,""reserve_real_s"":5.0,""scheduling"":""joint"",""sensing"":""active"",""spacing"":null}",43214.96371691299,257,273,284,16,13,3,True,11148.992742,11148.992743382598,-1.3825974747305736e-06,696.812046375,1.4647665999364108,16,1.0,stage2-round-calibrated-p4-0023-589e3c738f5d29d0,calibrated,broad_joint,mixed_extreme150_after_observable_screen,unresolved,confirmation,random,mixed,extreme,16,16,75192af5f5d8fc46a78c517c10ac96f5c6b868e80243e49ca4d614f0d9e2d0c8,2,f9ffbe734bc37653bebadf06778320395c80106f25e85d538286de044da3fc27,normal,c2573106c518ffecbb9e4a5f5d27d9a16a03271a41ad5393a6a8f02ba4458c2b,normal,,True,self_built_fixed_scenario,[],a58f23e75c0c637f84284d54c67ff038a5681200ce637933edec6391a24c878b,1b673484453104a5d87d4605d30b20826a3b7ec64769fd6ce8d3c8f7a1ad24f6,"{""scripts/run_candidate_stages.py"":""c2e66de2b6e26dfd94409d1597cd4af87a371372b9a722dc25f90691b1c3cd1b"",""src/bsolver/nosignal_sensing.py"":""2073393686e1538ad046965cbc3b4cf1f16b6882a157b6efa5c7855ff50be6c0"",""src/bsolver/round_experiments.py"":""6836dedaa30c8a24e910cede983b3e811c97e52dbd994f4e1dbd4f3a576c8c7a""}",11148.992742,,,,,
complete,,4,"{""bin_width_deg"":4.0,""clear_radius"":19.999,""coverage"":""triangular"",""epsilon_deg"":1.0051,""joint_detour_m"":800.0,""local_measure_limit"":1,""max_virtual_s"":360000.0,""nearest_safe"":true,""opportunistic_known_measurements"":false,""problem"":4,""radius_weight"":2.0,""reserve_real_s"":5.0,""scheduling"":""joint"",""sensing"":""active"",""spacing"":null}",43236.56307896443,257,273,248,16,12,4,True,11045.312617,11045.312615792885,1.2071141100022942e-06,690.3320385625,1.5689064000034705,16,1.0,stage2-round-calibrated-p4-0023-589e3c738f5d29d0,calibrated,broad_joint,mixed_extreme150_after_observable_screen,unresolved,confirmation,random,mixed,extreme,16,16,75192af5f5d8fc46a78c517c10ac96f5c6b868e80243e49ca4d614f0d9e2d0c8,2,f9ffbe734bc37653bebadf06778320395c80106f25e85d538286de044da3fc27,nosignal,cf5481795a87ccef6040c9b36f993dccc4ee3ed94cce9f5bd2abd99b2b4ad2a3,nosignal,"{""directional_prior"":0.5,""interior_fraction"":0.75,""orientation_sample_count"":24,""position_sample_count"":7,""radius_samples"":[1000.0,1250.0,1500.0]}",True,self_built_fixed_scenario,[],a58f23e75c0c637f84284d54c67ff038a5681200ce637933edec6391a24c878b,1b673484453104a5d87d4605d30b20826a3b7ec64769fd6ce8d3c8f7a1ad24f6,"{""scripts/run_candidate_stages.py"":""c2e66de2b6e26dfd94409d1597cd4af87a371372b9a722dc25f90691b1c3cd1b"",""src/bsolver/nosignal_sensing.py"":""2073393686e1538ad046965cbc3b4cf1f16b6882a157b6efa5c7855ff50be6c0"",""src/bsolver/round_experiments.py"":""6836dedaa30c8a24e910cede983b3e811c97e52dbd994f4e1dbd4f3a576c8c7a""}",11045.312617,16,12,1,0,sampled_nosignal_v1
complete,,4,"{""bin_width_deg"":4.0,""clear_radius"":19.999,""coverage"":""triangular"",""epsilon_deg"":1.0051,""joint_detour_m"":800.0,""local_measure_limit"":1,""max_virtual_s"":360000.0,""nearest_safe"":true,""opportunistic_known_measurements"":false,""problem"":4,""radius_weight"":2.0,""reserve_real_s"":5.0,""scheduling"":""joint"",""sensing"":""active"",""spacing"":null}",46288.734509157206,338,361,141,13,10,3,True,11849.7469,11849.74690183144,-1.8314403860131279e-06,911.5189923076923,1.2213953000027686,13,1.0,stage2-round-calibrated-p4-0024-0d7d9ab1fdff7647,calibrated,smoothed_joint,mixed_correlated150_after_observable_screen,unresolved,confirmation,random,mixed,correlated,13,12,dae0d192a193446f586a4a338804114a7f3ef79e77a1cf4c8251e41d57f60a7a,2,f9ffbe734bc37653bebadf06778320395c80106f25e85d538286de044da3fc27,normal,c2573106c518ffecbb9e4a5f5d27d9a16a03271a41ad5393a6a8f02ba4458c2b,normal,,True,self_built_fixed_scenario,[],68981cef3fda154a9b7c547ccc5ca1dde8cdaba4010c9a18a96129cc91b6eb8c,1b673484453104a5d87d4605d30b20826a3b7ec64769fd6ce8d3c8f7a1ad24f6,"{""scripts/run_candidate_stages.py"":""c2e66de2b6e26dfd94409d1597cd4af87a371372b9a722dc25f90691b1c3cd1b"",""src/bsolver/nosignal_sensing.py"":""2073393686e1538ad046965cbc3b4cf1f16b6882a157b6efa5c7855ff50be6c0"",""src/bsolver/round_experiments.py"":""6836dedaa30c8a24e910cede983b3e811c97e52dbd994f4e1dbd4f3a576c8c7a""}",11849.7469,,,,,
complete,,4,"{""bin_width_deg"":4.0,""clear_radius"":19.999,""coverage"":""triangular"",""epsilon_deg"":1.0051,""joint_detour_m"":800.0,""local_measure_limit"":1,""max_virtual_s"":360000.0,""nearest_safe"":true,""opportunistic_known_measurements"":false,""problem"":4,""radius_weight"":2.0,""reserve_real_s"":5.0,""scheduling"":""joint"",""sensing"":""active"",""spacing"":null}",43090.27536539954,338,361,61,13,12,1,True,10970.055071,10970.055073079908,-2.0799070625798777e-06,843.8503900769231,1.2134838999481872,13,1.0,stage2-round-calibrated-p4-0024-0d7d9ab1fdff7647,calibrated,smoothed_joint,mixed_correlated150_after_observable_screen,unresolved,confirmation,random,mixed,correlated,13,12,dae0d192a193446f586a4a338804114a7f3ef79e77a1cf4c8251e41d57f60a7a,2,f9ffbe734bc37653bebadf06778320395c80106f25e85d538286de044da3fc27,nosignal,cf5481795a87ccef6040c9b36f993dccc4ee3ed94cce9f5bd2abd99b2b4ad2a3,nosignal,"{""directional_prior"":0.5,""interior_fraction"":0.75,""orientation_sample_count"":24,""position_sample_count"":7,""radius_samples"":[1000.0,1250.0,1500.0]}",True,self_built_fixed_scenario,[],68981cef3fda154a9b7c547ccc5ca1dde8cdaba4010c9a18a96129cc91b6eb8c,1b673484453104a5d87d4605d30b20826a3b7ec64769fd6ce8d3c8f7a1ad24f6,"{""scripts/run_candidate_stages.py"":""c2e66de2b6e26dfd94409d1597cd4af87a371372b9a722dc25f90691b1c3cd1b"",""src/bsolver/nosignal_sensing.py"":""2073393686e1538ad046965cbc3b4cf1f16b6882a157b6efa5c7855ff50be6c0"",""src/bsolver/round_experiments.py"":""6836dedaa30c8a24e910cede983b3e811c97e52dbd994f4e1dbd4f3a576c8c7a""}",10970.055071,13,11,0,0,sampled_nosignal_v1
complete,,4,"{""bin_width_deg"":4.0,""clear_radius"":19.999,""coverage"":""triangular"",""epsilon_deg"":1.0051,""joint_detour_m"":800.0,""local_measure_limit"":1,""max_virtual_s"":360000.0,""nearest_safe"":true,""opportunistic_known_measurements"":false,""problem"":4,""radius_weight"":2.0,""reserve_real_s"":5.0,""scheduling"":""joint"",""sensing"":""active"",""spacing"":null}",41189.43270032332,357,381,80,11,10,1,True,10761.886536,10761.886540064665,-4.064664608449675e-06,978.3533214545455,1.0297253000317141,11,1.0,stage2-round-calibrated-p4-0033-94f1c31dfa438d41,calibrated,broad_joint,mixed_correlated150_after_observable_screen,unresolved,confirmation,random,mixed,correlated,11,5,e05e4923f862c515ff0e5baede69edb8df324d71aa01547eedc4d7c61944b108,2,f9ffbe734bc37653bebadf06778320395c80106f25e85d538286de044da3fc27,normal,c2573106c518ffecbb9e4a5f5d27d9a16a03271a41ad5393a6a8f02ba4458c2b,normal,,True,self_built_fixed_scenario,[],9500ef008e87e36470ac76e88961f405946968c61359f863682abc13d28d170e,1b673484453104a5d87d4605d30b20826a3b7ec64769fd6ce8d3c8f7a1ad24f6,"{""scripts/run_candidate_stages.py"":""c2e66de2b6e26dfd94409d1597cd4af87a371372b9a722dc25f90691b1c3cd1b"",""src/bsolver/nosignal_sensing.py"":""2073393686e1538ad046965cbc3b4cf1f16b6882a157b6efa5c7855ff50be6c0"",""src/bsolver/round_experiments.py"":""6836dedaa30c8a24e910cede983b3e811c97e52dbd994f4e1dbd4f3a576c8c7a""}",10761.886536,,,,,
complete,,4,"{""bin_width_deg"":4.0,""clear_radius"":19.999,""coverage"":""triangular"",""epsilon_deg"":1.0051,""joint_detour_m"":800.0,""local_measure_limit"":1,""max_virtual_s"":360000.0,""nearest_safe"":true,""opportunistic_known_measurements"":false,""problem"":4,""radius_weight"":2.0,""reserve_real_s"":5.0,""scheduling"":""joint"",""sensing"":""active"",""spacing"":null}",41343.51226152993,357,381,84,11,9,2,True,10804.70245,10804.702452305986,-2.305985617567785e-06,982.2456772727273,1.0813763999613002,11,1.0,stage2-round-calibrated-p4-0033-94f1c31dfa438d41,calibrated,broad_joint,mixed_correlated150_after_observable_screen,unresolved,confirmation,random,mixed,correlated,11,5,e05e4923f862c515ff0e5baede69edb8df324d71aa01547eedc4d7c61944b108,2,f9ffbe734bc37653bebadf06778320395c80106f25e85d538286de044da3fc27,nosignal,cf5481795a87ccef6040c9b36f993dccc4ee3ed94cce9f5bd2abd99b2b4ad2a3,nosignal,"{""directional_prior"":0.5,""interior_fraction"":0.75,""orientation_sample_count"":24,""position_sample_count"":7,""radius_samples"":[1000.0,1250.0,1500.0]}",True,self_built_fixed_scenario,[],9500ef008e87e36470ac76e88961f405946968c61359f863682abc13d28d170e,1b673484453104a5d87d4605d30b20826a3b7ec64769fd6ce8d3c8f7a1ad24f6,"{""scripts/run_candidate_stages.py"":""c2e66de2b6e26dfd94409d1597cd4af87a371372b9a722dc25f90691b1c3cd1b"",""src/bsolver/nosignal_sensing.py"":""2073393686e1538ad046965cbc3b4cf1f16b6882a157b6efa5c7855ff50be6c0"",""src/bsolver/round_experiments.py"":""6836dedaa30c8a24e910cede983b3e811c97e52dbd994f4e1dbd4f3a576c8c7a""}",10804.70245,11,8,0,0,sampled_nosignal_v1
complete,,4,"{""bin_width_deg"":4.0,""clear_radius"":19.999,""coverage"":""triangular"",""epsilon_deg"":1.0051,""joint_detour_m"":800.0,""local_measure_limit"":1,""max_virtual_s"":360000.0,""nearest_safe"":true,""opportunistic_known_measurements"":false,""problem"":4,""radius_weight"":2.0,""reserve_real_s"":5.0,""scheduling"":""joint"",""sensing"":""active"",""spacing"":null}",40087.527359928,382,406,101,10,9,1,True,10752.505471,10752.5054719856,-9.855993994278833e-07,1075.2505471,0.9079494000179693,10,1.0,stage2-round-calibrated-p4-0034-4e261939377e25d1,calibrated,smoothed_joint,mixed_extreme150_after_observable_screen,unresolved,confirmation,random,mixed,extreme,10,7,3df62b94c2ed605c8e04fb678a26ffdfc96161cffc20a751ebf4599fdfb3165f,2,f9ffbe734bc37653bebadf06778320395c80106f25e85d538286de044da3fc27,normal,c2573106c518ffecbb9e4a5f5d27d9a16a03271a41ad5393a6a8f02ba4458c2b,normal,,True,self_built_fixed_scenario,[],974bc2a9dd595bbbef881cec7375cf0818bce4ead462d3d0601f378a7c00e336,1b673484453104a5d87d4605d30b20826a3b7ec64769fd6ce8d3c8f7a1ad24f6,"{""scripts/run_candidate_stages.py"":""c2e66de2b6e26dfd94409d1597cd4af87a371372b9a722dc25f90691b1c3cd1b"",""src/bsolver/nosignal_sensing.py"":""2073393686e1538ad046965cbc3b4cf1f16b6882a157b6efa5c7855ff50be6c0"",""src/bsolver/round_experiments.py"":""6836dedaa30c8a24e910cede983b3e811c97e52dbd994f4e1dbd4f3a576c8c7a""}",10752.505471,,,,,
complete,,4,"{""bin_width_deg"":4.0,""clear_radius"":19.999,""coverage"":""triangular"",""epsilon_deg"":1.0051,""joint_detour_m"":800.0,""local_measure_limit"":1,""max_virtual_s"":360000.0,""nearest_safe"":true,""opportunistic_known_measurements"":false,""problem"":4,""radius_weight"":2.0,""reserve_real_s"":5.0,""scheduling"":""joint"",""sensing"":""active"",""spacing"":null}",38391.88905637772,382,406,60,10,9,1,True,10290.377809,10290.377811275543,-2.2755430109100416e-06,1029.0377809,1.0496695999754593,10,1.0,stage2-round-calibrated-p4-0034-4e261939377e25d1,calibrated,smoothed_joint,mixed_extreme150_after_observable_screen,unresolved,confirmation,random,mixed,extreme,10,7,3df62b94c2ed605c8e04fb678a26ffdfc96161cffc20a751ebf4599fdfb3165f,2,f9ffbe734bc37653bebadf06778320395c80106f25e85d538286de044da3fc27,nosignal,cf5481795a87ccef6040c9b36f993dccc4ee3ed94cce9f5bd2abd99b2b4ad2a3,nosignal,"{""directional_prior"":0.5,""interior_fraction"":0.75,""orientation_sample_count"":24,""position_sample_count"":7,""radius_samples"":[1000.0,1250.0,1500.0]}",True,self_built_fixed_scenario,[],974bc2a9dd595bbbef881cec7375cf0818bce4ead462d3d0601f378a7c00e336,1b673484453104a5d87d4605d30b20826a3b7ec64769fd6ce8d3c8f7a1ad24f6,"{""scripts/run_candidate_stages.py"":""c2e66de2b6e26dfd94409d1597cd4af87a371372b9a722dc25f90691b1c3cd1b"",""src/bsolver/nosignal_sensing.py"":""2073393686e1538ad046965cbc3b4cf1f16b6882a157b6efa5c7855ff50be6c0"",""src/bsolver/round_experiments.py"":""6836dedaa30c8a24e910cede983b3e811c97e52dbd994f4e1dbd4f3a576c8c7a""}",10290.377809,10,5,0,0,sampled_nosignal_v1
complete,,4,"{""bin_width_deg"":4.0,""clear_radius"":19.999,""coverage"":""triangular"",""epsilon_deg"":1.0051,""joint_detour_m"":800.0,""local_measure_limit"":1,""max_virtual_s"":360000.0,""nearest_safe"":true,""opportunistic_known_measurements"":false,""problem"":4,""radius_weight"":2.0,""reserve_real_s"":5.0,""scheduling"":""joint"",""sensing"":""active"",""spacing"":null}",46141.89415018704,381,405,197,10,9,1,True,12245.37883,12245.378830037409,-3.7409336073324084e-08,1224.537883,0.9750458999769762,10,1.0,stage2-round-calibrated-p4-0036-a1334caf0b9978af,calibrated,smoothed_joint,mixed_correlated150_after_observable_screen,unresolved,confirmation,random,mixed,correlated,10,8,7f5c9b7db6f6e53a6a9fab5648a57735a286a3ae6aec4d24922ec01df107c91f,2,f9ffbe734bc37653bebadf06778320395c80106f25e85d538286de044da3fc27,normal,c2573106c518ffecbb9e4a5f5d27d9a16a03271a41ad5393a6a8f02ba4458c2b,normal,,True,self_built_fixed_scenario,[],99f529775e598e95e01f4765d468c2eef151d2e4b0e0ec213a57e206814470fa,1b673484453104a5d87d4605d30b20826a3b7ec64769fd6ce8d3c8f7a1ad24f6,"{""scripts/run_candidate_stages.py"":""c2e66de2b6e26dfd94409d1597cd4af87a371372b9a722dc25f90691b1c3cd1b"",""src/bsolver/nosignal_sensing.py"":""2073393686e1538ad046965cbc3b4cf1f16b6882a157b6efa5c7855ff50be6c0"",""src/bsolver/round_experiments.py"":""6836dedaa30c8a24e910cede983b3e811c97e52dbd994f4e1dbd4f3a576c8c7a""}",12245.37883,,,,,
complete,,4,"{""bin_width_deg"":4.0,""clear_radius"":19.999,""coverage"":""triangular"",""epsilon_deg"":1.0051,""joint_detour_m"":800.0,""local_measure_limit"":1,""max_virtual_s"":360000.0,""nearest_safe"":true,""opportunistic_known_measurements"":false,""problem"":4,""radius_weight"":2.0,""reserve_real_s"":5.0,""scheduling"":""joint"",""sensing"":""active"",""spacing"":null}",45624.681680750866,381,405,176,10,8,2,True,12078.936335,12078.936336150173,-1.1501724657136947e-06,1207.8936335,1.0789041999960318,10,1.0,stage2-round-calibrated-p4-0036-a1334caf0b9978af,calibrated,smoothed_joint,mixed_correlated150_after_observable_screen,unresolved,confirmation,random,mixed,correlated,10,8,7f5c9b7db6f6e53a6a9fab5648a57735a286a3ae6aec4d24922ec01df107c91f,2,f9ffbe734bc37653bebadf06778320395c80106f25e85d538286de044da3fc27,nosignal,cf5481795a87ccef6040c9b36f993dccc4ee3ed94cce9f5bd2abd99b2b4ad2a3,nosignal,"{""directional_prior"":0.5,""interior_fraction"":0.75,""orientation_sample_count"":24,""position_sample_count"":7,""radius_samples"":[1000.0,1250.0,1500.0]}",True,self_built_fixed_scenario,[],99f529775e598e95e01f4765d468c2eef151d2e4b0e0ec213a57e206814470fa,1b673484453104a5d87d4605d30b20826a3b7ec64769fd6ce8d3c8f7a1ad24f6,"{""scripts/run_candidate_stages.py"":""c2e66de2b6e26dfd94409d1597cd4af87a371372b9a722dc25f90691b1c3cd1b"",""src/bsolver/nosignal_sensing.py"":""2073393686e1538ad046965cbc3b4cf1f16b6882a157b6efa5c7855ff50be6c0"",""src/bsolver/round_experiments.py"":""6836dedaa30c8a24e910cede983b3e811c97e52dbd994f4e1dbd4f3a576c8c7a""}",12078.936335,10,8,0,0,sampled_nosignal_v1
complete,,4,"{""bin_width_deg"":4.0,""clear_radius"":19.999,""coverage"":""triangular"",""epsilon_deg"":1.0051,""joint_detour_m"":800.0,""local_measure_limit"":1,""max_virtual_s"":360000.0,""nearest_safe"":true,""opportunistic_known_measurements"":false,""problem"":4,""radius_weight"":2.0,""reserve_real_s"":5.0,""scheduling"":""joint"",""sensing"":""active"",""spacing"":null}",37039.66934981869,345,367,36,11,8,3,True,9717.933869,9717.933869963737,-9.637369657866657e-07,883.4485335454546,0.9723917000228539,11,1.0,stage2-round-calibrated-p4-0037-a1cf3fda2102107e,calibrated,broad_joint,mixed_correlated150_after_observable_screen,unresolved,confirmation,random,mixed,correlated,11,1,85153dee3bf94d3fc43556ab85f342a63316498e0ff04666827f0542e9e23527,2,f9ffbe734bc37653bebadf06778320395c80106f25e85d538286de044da3fc27,normal,c2573106c518ffecbb9e4a5f5d27d9a16a03271a41ad5393a6a8f02ba4458c2b,normal,,True,self_built_fixed_scenario,[],ea3433ba34efa54e4f39a85261678cd59435d39a2e6304b4131fe15a1db7d97a,1b673484453104a5d87d4605d30b20826a3b7ec64769fd6ce8d3c8f7a1ad24f6,"{""scripts/run_candidate_stages.py"":""c2e66de2b6e26dfd94409d1597cd4af87a371372b9a722dc25f90691b1c3cd1b"",""src/bsolver/nosignal_sensing.py"":""2073393686e1538ad046965cbc3b4cf1f16b6882a157b6efa5c7855ff50be6c0"",""src/bsolver/round_experiments.py"":""6836dedaa30c8a24e910cede983b3e811c97e52dbd994f4e1dbd4f3a576c8c7a""}",9717.933869,,,,,
complete,,4,"{""bin_width_deg"":4.0,""clear_radius"":19.999,""coverage"":""triangular"",""epsilon_deg"":1.0051,""joint_detour_m"":800.0,""local_measure_limit"":1,""max_virtual_s"":360000.0,""nearest_safe"":true,""opportunistic_known_measurements"":false,""problem"":4,""radius_weight"":2.0,""reserve_real_s"":5.0,""scheduling"":""joint"",""sensing"":""active"",""spacing"":null}",36740.4245579837,345,367,40,11,7,4,True,9670.08491,9670.08491159674,-1.596739821252413e-06,879.0986281818182,1.1231565000489354,11,1.0,stage2-round-calibrated-p4-0037-a1cf3fda2102107e,calibrated,broad_joint,mixed_correlated150_after_observable_screen,unresolved,confirmation,random,mixed,correlated,11,1,85153dee3bf94d3fc43556ab85f342a63316498e0ff04666827f0542e9e23527,2,f9ffbe734bc37653bebadf06778320395c80106f25e85d538286de044da3fc27,nosignal,cf5481795a87ccef6040c9b36f993dccc4ee3ed94cce9f5bd2abd99b2b4ad2a3,nosignal,"{""directional_prior"":0.5,""interior_fraction"":0.75,""orientation_sample_count"":24,""position_sample_count"":7,""radius_samples"":[1000.0,1250.0,1500.0]}",True,self_built_fixed_scenario,[],ea3433ba34efa54e4f39a85261678cd59435d39a2e6304b4131fe15a1db7d97a,1b673484453104a5d87d4605d30b20826a3b7ec64769fd6ce8d3c8f7a1ad24f6,"{""scripts/run_candidate_stages.py"":""c2e66de2b6e26dfd94409d1597cd4af87a371372b9a722dc25f90691b1c3cd1b"",""src/bsolver/nosignal_sensing.py"":""2073393686e1538ad046965cbc3b4cf1f16b6882a157b6efa5c7855ff50be6c0"",""src/bsolver/round_experiments.py"":""6836dedaa30c8a24e910cede983b3e811c97e52dbd994f4e1dbd4f3a576c8c7a""}",9670.08491,11,6,0,0,sampled_nosignal_v1
complete,,4,"{""bin_width_deg"":4.0,""clear_radius"":19.999,""coverage"":""triangular"",""epsilon_deg"":1.0051,""joint_detour_m"":800.0,""local_measure_limit"":1,""max_virtual_s"":360000.0,""nearest_safe"":true,""opportunistic_known_measurements"":false,""problem"":4,""radius_weight"":2.0,""reserve_real_s"":5.0,""scheduling"":""joint"",""sensing"":""active"",""spacing"":null}",38590.33329777452,259,280,38,13,11,2,True,9517.066658,9517.066659554905,-1.554904883960262e-06,732.0820506153846,1.1208465000381693,13,1.0,stage2-round-calibrated-p4-0038-6cf6563b5452cde4,calibrated,smoothed_joint,mixed_extreme150_after_observable_screen,unresolved,confirmation,random,mixed,extreme,13,3,b0d431981fc40a1c3972942f5f195e0ad0af20f4f53316202a64465cd282d6e1,2,f9ffbe734bc37653bebadf06778320395c80106f25e85d538286de044da3fc27,normal,c2573106c518ffecbb9e4a5f5d27d9a16a03271a41ad5393a6a8f02ba4458c2b,normal,,True,self_built_fixed_scenario,[],ce370b1a50d05e5f4b7f1978fb8aba9e07b73f3aabe49a7f974c65d22f211db7,1b673484453104a5d87d4605d30b20826a3b7ec64769fd6ce8d3c8f7a1ad24f6,"{""scripts/run_candidate_stages.py"":""c2e66de2b6e26dfd94409d1597cd4af87a371372b9a722dc25f90691b1c3cd1b"",""src/bsolver/nosignal_sensing.py"":""2073393686e1538ad046965cbc3b4cf1f16b6882a157b6efa5c7855ff50be6c0"",""src/bsolver/round_experiments.py"":""6836dedaa30c8a24e910cede983b3e811c97e52dbd994f4e1dbd4f3a576c8c7a""}",9517.066658,,,,,
complete,,4,"{""bin_width_deg"":4.0,""clear_radius"":19.999,""coverage"":""triangular"",""epsilon_deg"":1.0051,""joint_detour_m"":800.0,""local_measure_limit"":1,""max_virtual_s"":360000.0,""nearest_safe"":true,""opportunistic_known_measurements"":false,""problem"":4,""radius_weight"":2.0,""reserve_real_s"":5.0,""scheduling"":""joint"",""sensing"":""active"",""spacing"":null}",38593.43608112172,259,280,59,13,12,1,True,9580.687212,9580.687216224344,-4.224342774250545e-06,736.9759393846155,1.2302178000099957,13,1.0,stage2-round-calibrated-p4-0038-6cf6563b5452cde4,calibrated,smoothed_joint,mixed_extreme150_after_observable_screen,unresolved,confirmation,random,mixed,extreme,13,3,b0d431981fc40a1c3972942f5f195e0ad0af20f4f53316202a64465cd282d6e1,2,f9ffbe734bc37653bebadf06778320395c80106f25e85d538286de044da3fc27,nosignal,cf5481795a87ccef6040c9b36f993dccc4ee3ed94cce9f5bd2abd99b2b4ad2a3,nosignal,"{""directional_prior"":0.5,""interior_fraction"":0.75,""orientation_sample_count"":24,""position_sample_count"":7,""radius_samples"":[1000.0,1250.0,1500.0]}",True,self_built_fixed_scenario,[],ce370b1a50d05e5f4b7f1978fb8aba9e07b73f3aabe49a7f974c65d22f211db7,1b673484453104a5d87d4605d30b20826a3b7ec64769fd6ce8d3c8f7a1ad24f6,"{""scripts/run_candidate_stages.py"":""c2e66de2b6e26dfd94409d1597cd4af87a371372b9a722dc25f90691b1c3cd1b"",""src/bsolver/nosignal_sensing.py"":""2073393686e1538ad046965cbc3b4cf1f16b6882a157b6efa5c7855ff50be6c0"",""src/bsolver/round_experiments.py"":""6836dedaa30c8a24e910cede983b3e811c97e52dbd994f4e1dbd4f3a576c8c7a""}",9580.687212,13,10,0,0,sampled_nosignal_v1
complete,,4,"{""bin_width_deg"":4.0,""clear_radius"":19.999,""coverage"":""triangular"",""epsilon_deg"":1.0051,""joint_detour_m"":800.0,""local_measure_limit"":1,""max_virtual_s"":360000.0,""nearest_safe"":true,""opportunistic_known_measurements"":false,""problem"":4,""radius_weight"":2.0,""reserve_real_s"":5.0,""scheduling"":""joint"",""sensing"":""active"",""spacing"":null}",41554.431017129245,331,354,59,11,8,3,True,10610.886203,10610.886203425849,-4.258490662323311e-07,964.6260184545455,0.9954414000967517,11,1.0,stage2-round-calibrated-p4-0054-e53da62d8c07d18d,calibrated,smoothed_joint,mixed_extreme150_after_observable_screen,unresolved,confirmation,random,mixed,extreme,11,5,251a7520d70af1485c306785220943d22422939880a1979a31d52a619578414b,2,f9ffbe734bc37653bebadf06778320395c80106f25e85d538286de044da3fc27,normal,c2573106c518ffecbb9e4a5f5d27d9a16a03271a41ad5393a6a8f02ba4458c2b,normal,,True,self_built_fixed_scenario,[],963e557d353a994fa194313d084773da45ea9e45ee374a0e8ff3515aae5ca8d4,1b673484453104a5d87d4605d30b20826a3b7ec64769fd6ce8d3c8f7a1ad24f6,"{""scripts/run_candidate_stages.py"":""c2e66de2b6e26dfd94409d1597cd4af87a371372b9a722dc25f90691b1c3cd1b"",""src/bsolver/nosignal_sensing.py"":""2073393686e1538ad046965cbc3b4cf1f16b6882a157b6efa5c7855ff50be6c0"",""src/bsolver/round_experiments.py"":""6836dedaa30c8a24e910cede983b3e811c97e52dbd994f4e1dbd4f3a576c8c7a""}",10610.886203,,,,,
complete,,4,"{""bin_width_deg"":4.0,""clear_radius"":19.999,""coverage"":""triangular"",""epsilon_deg"":1.0051,""joint_detour_m"":800.0,""local_measure_limit"":1,""max_virtual_s"":360000.0,""nearest_safe"":true,""opportunistic_known_measurements"":false,""problem"":4,""radius_weight"":2.0,""reserve_real_s"":5.0,""scheduling"":""joint"",""sensing"":""active"",""spacing"":null}",42883.592715923485,331,354,60,11,10,1,True,10879.718544,10879.718543184697,8.153019734891132e-07,989.0653221818181,1.1086006999248639,11,1.0,stage2-round-calibrated-p4-0054-e53da62d8c07d18d,calibrated,smoothed_joint,mixed_extreme150_after_observable_screen,unresolved,confirmation,random,mixed,extreme,11,5,251a7520d70af1485c306785220943d22422939880a1979a31d52a619578414b,2,f9ffbe734bc37653bebadf06778320395c80106f25e85d538286de044da3fc27,nosignal,cf5481795a87ccef6040c9b36f993dccc4ee3ed94cce9f5bd2abd99b2b4ad2a3,nosignal,"{""directional_prior"":0.5,""interior_fraction"":0.75,""orientation_sample_count"":24,""position_sample_count"":7,""radius_samples"":[1000.0,1250.0,1500.0]}",True,self_built_fixed_scenario,[],963e557d353a994fa194313d084773da45ea9e45ee374a0e8ff3515aae5ca8d4,1b673484453104a5d87d4605d30b20826a3b7ec64769fd6ce8d3c8f7a1ad24f6,"{""scripts/run_candidate_stages.py"":""c2e66de2b6e26dfd94409d1597cd4af87a371372b9a722dc25f90691b1c3cd1b"",""src/bsolver/nosignal_sensing.py"":""2073393686e1538ad046965cbc3b4cf1f16b6882a157b6efa5c7855ff50be6c0"",""src/bsolver/round_experiments.py"":""6836dedaa30c8a24e910cede983b3e811c97e52dbd994f4e1dbd4f3a576c8c7a""}",10879.718544,11,5,0,0,sampled_nosignal_v1
complete,,4,"{""bin_width_deg"":4.0,""clear_radius"":19.999,""coverage"":""triangular"",""epsilon_deg"":1.0051,""joint_detour_m"":800.0,""local_measure_limit"":1,""max_virtual_s"":360000.0,""nearest_safe"":true,""opportunistic_known_measurements"":false,""problem"":4,""radius_weight"":2.0,""reserve_real_s"":5.0,""scheduling"":""joint"",""sensing"":""active"",""spacing"":null}",37004.540358780716,330,352,59,11,9,2,True,9689.908069,9689.908071756143,-2.756143658189103e-06,880.9007335454545,0.9771184000419453,11,1.0,stage2-round-calibrated-p4-0065-2ccce9100005d598,calibrated,broad_joint,mixed_correlated150_after_observable_screen,unresolved,confirmation,random,mixed,correlated,11,3,46a11fe4773b0ae10eb7c2da0cfacf73f449b1fa1e649c46b68546321754bd6f,2,f9ffbe734bc37653bebadf06778320395c80106f25e85d538286de044da3fc27,normal,c2573106c518ffecbb9e4a5f5d27d9a16a03271a41ad5393a6a8f02ba4458c2b,normal,,True,self_built_fixed_scenario,[],e388593dea9b3c506d514170da874e3619a7bec62359ccf376f9187f10bf0280,1b673484453104a5d87d4605d30b20826a3b7ec64769fd6ce8d3c8f7a1ad24f6,"{""scripts/run_candidate_stages.py"":""c2e66de2b6e26dfd94409d1597cd4af87a371372b9a722dc25f90691b1c3cd1b"",""src/bsolver/nosignal_sensing.py"":""2073393686e1538ad046965cbc3b4cf1f16b6882a157b6efa5c7855ff50be6c0"",""src/bsolver/round_experiments.py"":""6836dedaa30c8a24e910cede983b3e811c97e52dbd994f4e1dbd4f3a576c8c7a""}",9689.908069,,,,,
complete,,4,"{""bin_width_deg"":4.0,""clear_radius"":19.999,""coverage"":""triangular"",""epsilon_deg"":1.0051,""joint_detour_m"":800.0,""local_measure_limit"":1,""max_virtual_s"":360000.0,""nearest_safe"":true,""opportunistic_known_measurements"":false,""problem"":4,""radius_weight"":2.0,""reserve_real_s"":5.0,""scheduling"":""joint"",""sensing"":""active"",""spacing"":null}",36191.11091442695,330,352,44,11,7,4,True,9482.222181,9482.22218288539,-1.885391611722298e-06,862.0201982727272,0.999300800031051,11,1.0,stage2-round-calibrated-p4-0065-2ccce9100005d598,calibrated,broad_joint,mixed_correlated150_after_observable_screen,unresolved,confirmation,random,mixed,correlated,11,3,46a11fe4773b0ae10eb7c2da0cfacf73f449b1fa1e649c46b68546321754bd6f,2,f9ffbe734bc37653bebadf06778320395c80106f25e85d538286de044da3fc27,nosignal,cf5481795a87ccef6040c9b36f993dccc4ee3ed94cce9f5bd2abd99b2b4ad2a3,nosignal,"{""directional_prior"":0.5,""interior_fraction"":0.75,""orientation_sample_count"":24,""position_sample_count"":7,""radius_samples"":[1000.0,1250.0,1500.0]}",True,self_built_fixed_scenario,[],e388593dea9b3c506d514170da874e3619a7bec62359ccf376f9187f10bf0280,1b673484453104a5d87d4605d30b20826a3b7ec64769fd6ce8d3c8f7a1ad24f6,"{""scripts/run_candidate_stages.py"":""c2e66de2b6e26dfd94409d1597cd4af87a371372b9a722dc25f90691b1c3cd1b"",""src/bsolver/nosignal_sensing.py"":""2073393686e1538ad046965cbc3b4cf1f16b6882a157b6efa5c7855ff50be6c0"",""src/bsolver/round_experiments.py"":""6836dedaa30c8a24e910cede983b3e811c97e52dbd994f4e1dbd4f3a576c8c7a""}",9482.222181,11,7,0,0,sampled_nosignal_v1
complete,,4,"{""bin_width_deg"":4.0,""clear_radius"":19.999,""coverage"":""triangular"",""epsilon_deg"":1.0051,""joint_detour_m"":800.0,""local_measure_limit"":1,""max_virtual_s"":360000.0,""nearest_safe"":true,""opportunistic_known_measurements"":false,""problem"":4,""radius_weight"":2.0,""reserve_real_s"":5.0,""scheduling"":""joint"",""sensing"":""active"",""spacing"":null}",39495.68163121009,388,411,109,10,7,3,True,10689.136322,10689.136326242018,-4.2420178942848e-06,1068.9136322,0.991543099982664,10,1.0,stage2-round-calibrated-p4-0071-a750c99e66204754,calibrated,broad_joint,mixed_extreme150_after_observable_screen,unresolved,confirmation,random,mixed,extreme,10,7,282b46859946f5cd45a7aa805b2f071a2c53d475f8f06a7bc92b0a11c3d9ecdd,2,f9ffbe734bc37653bebadf06778320395c80106f25e85d538286de044da3fc27,normal,c2573106c518ffecbb9e4a5f5d27d9a16a03271a41ad5393a6a8f02ba4458c2b,normal,,True,self_built_fixed_scenario,[],5163118d353ef22920b8637e68945b2b327eb3c383ac95c35186ece246155949,1b673484453104a5d87d4605d30b20826a3b7ec64769fd6ce8d3c8f7a1ad24f6,"{""scripts/run_candidate_stages.py"":""c2e66de2b6e26dfd94409d1597cd4af87a371372b9a722dc25f90691b1c3cd1b"",""src/bsolver/nosignal_sensing.py"":""2073393686e1538ad046965cbc3b4cf1f16b6882a157b6efa5c7855ff50be6c0"",""src/bsolver/round_experiments.py"":""6836dedaa30c8a24e910cede983b3e811c97e52dbd994f4e1dbd4f3a576c8c7a""}",10689.136322,,,,,
complete,,4,"{""bin_width_deg"":4.0,""clear_radius"":19.999,""coverage"":""triangular"",""epsilon_deg"":1.0051,""joint_detour_m"":800.0,""local_measure_limit"":1,""max_virtual_s"":360000.0,""nearest_safe"":true,""opportunistic_known_measurements"":false,""problem"":4,""radius_weight"":2.0,""reserve_real_s"":5.0,""scheduling"":""joint"",""sensing"":""active"",""spacing"":null}",40130.850839508574,388,411,116,10,9,1,True,10837.170166,10837.170167901715,-1.9017152226297185e-06,1083.7170166,1.1257097000489011,10,1.0,stage2-round-calibrated-p4-0071-a750c99e66204754,calibrated,broad_joint,mixed_extreme150_after_observable_screen,unresolved,confirmation,random,mixed,extreme,10,7,282b46859946f5cd45a7aa805b2f071a2c53d475f8f06a7bc92b0a11c3d9ecdd,2,f9ffbe734bc37653bebadf06778320395c80106f25e85d538286de044da3fc27,nosignal,cf5481795a87ccef6040c9b36f993dccc4ee3ed94cce9f5bd2abd99b2b4ad2a3,nosignal,"{""directional_prior"":0.5,""interior_fraction"":0.75,""orientation_sample_count"":24,""position_sample_count"":7,""radius_samples"":[1000.0,1250.0,1500.0]}",True,self_built_fixed_scenario,[],5163118d353ef22920b8637e68945b2b327eb3c383ac95c35186ece246155949,1b673484453104a5d87d4605d30b20826a3b7ec64769fd6ce8d3c8f7a1ad24f6,"{""scripts/run_candidate_stages.py"":""c2e66de2b6e26dfd94409d1597cd4af87a371372b9a722dc25f90691b1c3cd1b"",""src/bsolver/nosignal_sensing.py"":""2073393686e1538ad046965cbc3b4cf1f16b6882a157b6efa5c7855ff50be6c0"",""src/bsolver/round_experiments.py"":""6836dedaa30c8a24e910cede983b3e811c97e52dbd994f4e1dbd4f3a576c8c7a""}",10837.170166,10,8,0,0,sampled_nosignal_v1
complete,,4,"{""bin_width_deg"":4.0,""clear_radius"":19.999,""coverage"":""triangular"",""epsilon_deg"":1.0051,""joint_detour_m"":800.0,""local_measure_limit"":1,""max_virtual_s"":360000.0,""nearest_safe"":true,""opportunistic_known_measurements"":false,""problem"":4,""radius_weight"":2.0,""reserve_real_s"":5.0,""scheduling"":""joint"",""sensing"":""active"",""spacing"":null}",43231.13446377522,305,328,149,13,11,2,True,11064.226891,11064.226892755043,-1.7550428310642019e-06,851.0943762307693,1.1748478000517935,13,1.0,stage2-round-calibrated-p4-0072-5593291f89f80fd8,calibrated,smoothed_joint,mixed_correlated150_after_observable_screen,unresolved,confirmation,random,mixed,correlated,13,12,5953aa57bf5819a6ebeb2cfb97f04b06c2332dd364b7486b31b200952a25dc4e,2,f9ffbe734bc37653bebadf06778320395c80106f25e85d538286de044da3fc27,normal,c2573106c518ffecbb9e4a5f5d27d9a16a03271a41ad5393a6a8f02ba4458c2b,normal,,True,self_built_fixed_scenario,[],5483ca11990c29cbcf4e75530a8d123623635a12890a6999b9ce752f23c4b9a4,1b673484453104a5d87d4605d30b20826a3b7ec64769fd6ce8d3c8f7a1ad24f6,"{""scripts/run_candidate_stages.py"":""c2e66de2b6e26dfd94409d1597cd4af87a371372b9a722dc25f90691b1c3cd1b"",""src/bsolver/nosignal_sensing.py"":""2073393686e1538ad046965cbc3b4cf1f16b6882a157b6efa5c7855ff50be6c0"",""src/bsolver/round_experiments.py"":""6836dedaa30c8a24e910cede983b3e811c97e52dbd994f4e1dbd4f3a576c8c7a""}",11064.226891,,,,,
complete,,4,"{""bin_width_deg"":4.0,""clear_radius"":19.999,""coverage"":""triangular"",""epsilon_deg"":1.0051,""joint_detour_m"":800.0,""local_measure_limit"":1,""max_virtual_s"":360000.0,""nearest_safe"":true,""opportunistic_known_measurements"":false,""problem"":4,""radius_weight"":2.0,""reserve_real_s"":5.0,""scheduling"":""joint"",""sensing"":""active"",""spacing"":null}",44656.227249831565,305,328,156,13,11,2,True,11370.245448,11370.245449966313,-1.9663129933178425e-06,874.6342652307692,1.2644840999273583,13,1.0,stage2-round-calibrated-p4-0072-5593291f89f80fd8,calibrated,smoothed_joint,mixed_correlated150_after_observable_screen,unresolved,confirmation,random,mixed,correlated,13,12,5953aa57bf5819a6ebeb2cfb97f04b06c2332dd364b7486b31b200952a25dc4e,2,f9ffbe734bc37653bebadf06778320395c80106f25e85d538286de044da3fc27,nosignal,cf5481795a87ccef6040c9b36f993dccc4ee3ed94cce9f5bd2abd99b2b4ad2a3,nosignal,"{""directional_prior"":0.5,""interior_fraction"":0.75,""orientation_sample_count"":24,""position_sample_count"":7,""radius_samples"":[1000.0,1250.0,1500.0]}",True,self_built_fixed_scenario,[],5483ca11990c29cbcf4e75530a8d123623635a12890a6999b9ce752f23c4b9a4,1b673484453104a5d87d4605d30b20826a3b7ec64769fd6ce8d3c8f7a1ad24f6,"{""scripts/run_candidate_stages.py"":""c2e66de2b6e26dfd94409d1597cd4af87a371372b9a722dc25f90691b1c3cd1b"",""src/bsolver/nosignal_sensing.py"":""2073393686e1538ad046965cbc3b4cf1f16b6882a157b6efa5c7855ff50be6c0"",""src/bsolver/round_experiments.py"":""6836dedaa30c8a24e910cede983b3e811c97e52dbd994f4e1dbd4f3a576c8c7a""}",11370.245448,13,10,0,0,sampled_nosignal_v1
complete,,4,"{""bin_width_deg"":4.0,""clear_radius"":19.999,""coverage"":""triangular"",""epsilon_deg"":1.0051,""joint_detour_m"":800.0,""local_measure_limit"":1,""max_virtual_s"":360000.0,""nearest_safe"":true,""opportunistic_known_measurements"":false,""problem"":4,""radius_weight"":2.0,""reserve_real_s"":5.0,""scheduling"":""joint"",""sensing"":""active"",""spacing"":null}",45033.04296165421,228,250,134,15,14,1,True,10916.608592,10916.608592330842,-3.3084143069572747e-07,727.7739061333334,1.3177459000144154,15,1.0,stage2-round-calibrated-p4-0077-7305a2bec3ed5e63,calibrated,broad_joint,mixed_correlated150_after_observable_screen,unresolved,confirmation,random,mixed,correlated,15,14,a9ace45e23afc92ea6794c98113cb6cffe4b430076e47392857b86fdb937fb22,2,f9ffbe734bc37653bebadf06778320395c80106f25e85d538286de044da3fc27,normal,c2573106c518ffecbb9e4a5f5d27d9a16a03271a41ad5393a6a8f02ba4458c2b,normal,,True,self_built_fixed_scenario,[],26d6723402fca4a8ccca8e47f11e0fc28fdafe007b76828fe3752193b2d0eb77,1b673484453104a5d87d4605d30b20826a3b7ec64769fd6ce8d3c8f7a1ad24f6,"{""scripts/run_candidate_stages.py"":""c2e66de2b6e26dfd94409d1597cd4af87a371372b9a722dc25f90691b1c3cd1b"",""src/bsolver/nosignal_sensing.py"":""2073393686e1538ad046965cbc3b4cf1f16b6882a157b6efa5c7855ff50be6c0"",""src/bsolver/round_experiments.py"":""6836dedaa30c8a24e910cede983b3e811c97e52dbd994f4e1dbd4f3a576c8c7a""}",10916.608592,,,,,
complete,,4,"{""bin_width_deg"":4.0,""clear_radius"":19.999,""coverage"":""triangular"",""epsilon_deg"":1.0051,""joint_detour_m"":800.0,""local_measure_limit"":1,""max_virtual_s"":360000.0,""nearest_safe"":true,""opportunistic_known_measurements"":false,""problem"":4,""radius_weight"":2.0,""reserve_real_s"":5.0,""scheduling"":""joint"",""sensing"":""active"",""spacing"":null}",46709.76194079297,228,250,169,15,11,4,True,11356.952389,11356.952388158594,8.414062904193997e-07,757.1301592666666,1.6961915999418125,15,1.0,stage2-round-calibrated-p4-0077-7305a2bec3ed5e63,calibrated,broad_joint,mixed_correlated150_after_observable_screen,unresolved,confirmation,random,mixed,correlated,15,14,a9ace45e23afc92ea6794c98113cb6cffe4b430076e47392857b86fdb937fb22,2,f9ffbe734bc37653bebadf06778320395c80106f25e85d538286de044da3fc27,nosignal,cf5481795a87ccef6040c9b36f993dccc4ee3ed94cce9f5bd2abd99b2b4ad2a3,nosignal,"{""directional_prior"":0.5,""interior_fraction"":0.75,""orientation_sample_count"":24,""position_sample_count"":7,""radius_samples"":[1000.0,1250.0,1500.0]}",True,self_built_fixed_scenario,[],26d6723402fca4a8ccca8e47f11e0fc28fdafe007b76828fe3752193b2d0eb77,1b673484453104a5d87d4605d30b20826a3b7ec64769fd6ce8d3c8f7a1ad24f6,"{""scripts/run_candidate_stages.py"":""c2e66de2b6e26dfd94409d1597cd4af87a371372b9a722dc25f90691b1c3cd1b"",""src/bsolver/nosignal_sensing.py"":""2073393686e1538ad046965cbc3b4cf1f16b6882a157b6efa5c7855ff50be6c0"",""src/bsolver/round_experiments.py"":""6836dedaa30c8a24e910cede983b3e811c97e52dbd994f4e1dbd4f3a576c8c7a""}",11356.952389,15,13,0,0,sampled_nosignal_v1
complete,,3,"{""bin_width_deg"":4.0,""clear_radius"":19.999,""coverage"":""triangular"",""epsilon_deg"":1.0051,""joint_detour_m"":800.0,""local_measure_limit"":1,""max_virtual_s"":360000.0,""nearest_safe"":true,""opportunistic_known_measurements"":false,""problem"":3,""radius_weight"":2.0,""reserve_real_s"":5.0,""scheduling"":""joint"",""sensing"":""active"",""spacing"":null}",18253.81749398012,75,78,13,13,2,11,True,4180.763498,4180.763498796025,-7.960243237903342e-07,321.59719215384615,1.2055700001074001,13,1.0,stage2-round-stress-p3-0002-91322f1b7157d91b,stress,stress_design,assumption__radius_min__noise_extreme__scale_75,broad_or_stress_assumption,confirmation,hidden_outward_last,min,extreme,13,0,51f0a2aa87e915230964eccdd4bd0a5e813d82b3be4821e61d2dcd6c06cde567,2,f9ffbe734bc37653bebadf06778320395c80106f25e85d538286de044da3fc27,normal,598a470e18f0cc7605daa46bb28b1a1250fbc8f78834c102c2dac6a9efb90dc4,normal,,True,self_built_fixed_scenario,[],415b0a91bb12028b7fee7bff1d6e300c1af2c28ef6f530a3562bb1ba663a3d2f,1b673484453104a5d87d4605d30b20826a3b7ec64769fd6ce8d3c8f7a1ad24f6,"{""scripts/run_candidate_stages.py"":""c2e66de2b6e26dfd94409d1597cd4af87a371372b9a722dc25f90691b1c3cd1b"",""src/bsolver/nosignal_sensing.py"":""2073393686e1538ad046965cbc3b4cf1f16b6882a157b6efa5c7855ff50be6c0"",""src/bsolver/round_experiments.py"":""6836dedaa30c8a24e910cede983b3e811c97e52dbd994f4e1dbd4f3a576c8c7a""}",4180.763498,,,,,
complete,,3,"{""bin_width_deg"":4.0,""clear_radius"":19.999,""coverage"":""triangular"",""epsilon_deg"":1.0051,""joint_detour_m"":800.0,""local_measure_limit"":1,""max_virtual_s"":360000.0,""nearest_safe"":true,""opportunistic_known_measurements"":false,""problem"":3,""radius_weight"":2.0,""reserve_real_s"":5.0,""scheduling"":""joint"",""sensing"":""active"",""spacing"":null}",20560.51373193072,61,65,17,15,3,12,True,4579.102745,4579.102746386145,-1.386144504067488e-06,305.27351633333336,1.357241899939254,15,1.0,stage2-round-stress-p3-0010-1c6988d668e387c6,stress,stress_design,assumption__radius_min__noise_correlated__scale_150,broad_or_stress_assumption,confirmation,clustered,min,correlated,15,0,654525e8d91e793d01aaca7ed6760c078c6786cc4d02ad348c5f518bcaf1f726,2,f9ffbe734bc37653bebadf06778320395c80106f25e85d538286de044da3fc27,normal,598a470e18f0cc7605daa46bb28b1a1250fbc8f78834c102c2dac6a9efb90dc4,normal,,True,self_built_fixed_scenario,[],5ffbc15574a784343b99d4061c514ad24c72fc7c329078306506921cdada7702,1b673484453104a5d87d4605d30b20826a3b7ec64769fd6ce8d3c8f7a1ad24f6,"{""scripts/run_candidate_stages.py"":""c2e66de2b6e26dfd94409d1597cd4af87a371372b9a722dc25f90691b1c3cd1b"",""src/bsolver/nosignal_sensing.py"":""2073393686e1538ad046965cbc3b4cf1f16b6882a157b6efa5c7855ff50be6c0"",""src/bsolver/round_experiments.py"":""6836dedaa30c8a24e910cede983b3e811c97e52dbd994f4e1dbd4f3a576c8c7a""}",4579.102745,,,,,
complete,,3,"{""bin_width_deg"":4.0,""clear_radius"":19.999,""coverage"":""triangular"",""epsilon_deg"":1.0051,""joint_detour_m"":800.0,""local_measure_limit"":1,""max_virtual_s"":360000.0,""nearest_safe"":true,""opportunistic_known_measurements"":false,""problem"":3,""radius_weight"":2.0,""reserve_real_s"":5.0,""scheduling"":""joint"",""sensing"":""active"",""spacing"":null}",18847.144412487243,70,73,16,14,1,13,True,4280.428878,4280.428882497448,-4.497448571783025e-06,305.74491985714286,1.2704809999559075,14,1.0,stage2-round-stress-p3-0014-0ce62a68df71f634,stress,stress_design,assumption__radius_max__noise_extreme__scale_150,broad_or_stress_assumption,confirmation,hidden_outward_last,max,extreme,14,0,b4f5cfe19135e49abfe178755c71c5ae0a70ab92860966a6428d9fda6fcd6ded,2,f9ffbe734bc37653bebadf06778320395c80106f25e85d538286de044da3fc27,normal,598a470e18f0cc7605daa46bb28b1a1250fbc8f78834c102c2dac6a9efb90dc4,normal,,True,self_built_fixed_scenario,[],907d5adc729ee7b589ae8d4a66a8067aea3e623d9bfaa08f69a6efcbf215d8e2,1b673484453104a5d87d4605d30b20826a3b7ec64769fd6ce8d3c8f7a1ad24f6,"{""scripts/run_candidate_stages.py"":""c2e66de2b6e26dfd94409d1597cd4af87a371372b9a722dc25f90691b1c3cd1b"",""src/bsolver/nosignal_sensing.py"":""2073393686e1538ad046965cbc3b4cf1f16b6882a157b6efa5c7855ff50be6c0"",""src/bsolver/round_experiments.py"":""6836dedaa30c8a24e910cede983b3e811c97e52dbd994f4e1dbd4f3a576c8c7a""}",4280.428878,,,,,
complete,,3,"{""bin_width_deg"":4.0,""clear_radius"":19.999,""coverage"":""triangular"",""epsilon_deg"":1.0051,""joint_detour_m"":800.0,""local_measure_limit"":1,""max_virtual_s"":360000.0,""nearest_safe"":true,""opportunistic_known_measurements"":false,""problem"":3,""radius_weight"":2.0,""reserve_real_s"":5.0,""scheduling"":""joint"",""sensing"":""active"",""spacing"":null}",18536.96730524409,60,64,26,15,5,10,True,4195.393459,4195.393461048818,-2.0488178051891737e-06,279.69289726666665,1.2631338000064716,15,1.0,stage2-round-stress-p3-0017-898f598e8c8ff4f7,stress,stress_design,assumption__radius_mixed__noise_extreme__scale_150,broad_or_stress_assumption,confirmation,near_lattice_vertices,mixed,extreme,15,0,ee177957fddb83d5d1919f0c8013165270dc8ca28ea4bbaaaef92ab148a4c96d,2,f9ffbe734bc37653bebadf06778320395c80106f25e85d538286de044da3fc27,normal,598a470e18f0cc7605daa46bb28b1a1250fbc8f78834c102c2dac6a9efb90dc4,normal,,True,self_built_fixed_scenario,[],3b2e531dda697434a7753d456be2664bf62a06cbb486fdcbe35a968dac97c9bc,1b673484453104a5d87d4605d30b20826a3b7ec64769fd6ce8d3c8f7a1ad24f6,"{""scripts/run_candidate_stages.py"":""c2e66de2b6e26dfd94409d1597cd4af87a371372b9a722dc25f90691b1c3cd1b"",""src/bsolver/nosignal_sensing.py"":""2073393686e1538ad046965cbc3b4cf1f16b6882a157b6efa5c7855ff50be6c0"",""src/bsolver/round_experiments.py"":""6836dedaa30c8a24e910cede983b3e811c97e52dbd994f4e1dbd4f3a576c8c7a""}",4195.393459,,,,,
complete,,3,"{""bin_width_deg"":4.0,""clear_radius"":19.999,""coverage"":""triangular"",""epsilon_deg"":1.0051,""joint_detour_m"":800.0,""local_measure_limit"":1,""max_virtual_s"":360000.0,""nearest_safe"":true,""opportunistic_known_measurements"":false,""problem"":3,""radius_weight"":2.0,""reserve_real_s"":5.0,""scheduling"":""joint"",""sensing"":""active"",""spacing"":null}",17628.56091833781,70,74,28,13,5,8,True,4075.712184,4075.7121836675624,3.3243759389733896e-07,313.51632184615386,1.0889934999868274,13,1.0,stage2-round-stress-p3-0023-c4fa74660a7fbb56,stress,stress_design,assumption__radius_max__noise_extreme__scale_300,broad_or_stress_assumption,confirmation,near_lattice_vertices,max,extreme,13,0,2722ac4d9aa1d47c357671e5340ec5baa578c2545cffe31fe973179a7d8cb093,2,f9ffbe734bc37653bebadf06778320395c80106f25e85d538286de044da3fc27,normal,598a470e18f0cc7605daa46bb28b1a1250fbc8f78834c102c2dac6a9efb90dc4,normal,,True,self_built_fixed_scenario,[],5be1fe04542322f9fb0b4f2704bc880ba2b8b1838e3085c8ccceebb79cbb307f,1b673484453104a5d87d4605d30b20826a3b7ec64769fd6ce8d3c8f7a1ad24f6,"{""scripts/run_candidate_stages.py"":""c2e66de2b6e26dfd94409d1597cd4af87a371372b9a722dc25f90691b1c3cd1b"",""src/bsolver/nosignal_sensing.py"":""2073393686e1538ad046965cbc3b4cf1f16b6882a157b6efa5c7855ff50be6c0"",""src/bsolver/round_experiments.py"":""6836dedaa30c8a24e910cede983b3e811c97e52dbd994f4e1dbd4f3a576c8c7a""}",4075.712184,,,,,
complete,,3,"{""bin_width_deg"":4.0,""clear_radius"":19.999,""coverage"":""triangular"",""epsilon_deg"":1.0051,""joint_detour_m"":800.0,""local_measure_limit"":1,""max_virtual_s"":360000.0,""nearest_safe"":true,""opportunistic_known_measurements"":false,""problem"":3,""radius_weight"":2.0,""reserve_real_s"":5.0,""scheduling"":""joint"",""sensing"":""active"",""spacing"":null}",16279.677363169261,75,79,23,12,5,7,True,3818.935472,3818.9354726338524,-6.338523235172033e-07,318.24462266666666,0.9991350000491366,12,1.0,stage2-round-stress-p3-0029-e76bd646801e4aff,stress,stress_design,assumption__radius_min__noise_extreme__scale_75,broad_or_stress_assumption,confirmation,near_lattice_vertices,min,extreme,12,0,214e5ec838e33e77674e634e2c5824306f9ac966f1c64becc2a08cb6e52a9185,2,f9ffbe734bc37653bebadf06778320395c80106f25e85d538286de044da3fc27,normal,598a470e18f0cc7605daa46bb28b1a1250fbc8f78834c102c2dac6a9efb90dc4,normal,,True,self_built_fixed_scenario,[],09923fbe3b42816e7796e5280d3b07a736daba6c71ee843fa16959cab86246a2,1b673484453104a5d87d4605d30b20826a3b7ec64769fd6ce8d3c8f7a1ad24f6,"{""scripts/run_candidate_stages.py"":""c2e66de2b6e26dfd94409d1597cd4af87a371372b9a722dc25f90691b1c3cd1b"",""src/bsolver/nosignal_sensing.py"":""2073393686e1538ad046965cbc3b4cf1f16b6882a157b6efa5c7855ff50be6c0"",""src/bsolver/round_experiments.py"":""6836dedaa30c8a24e910cede983b3e811c97e52dbd994f4e1dbd4f3a576c8c7a""}",3818.935472,,,,,
complete,,3,"{""bin_width_deg"":4.0,""clear_radius"":19.999,""coverage"":""triangular"",""epsilon_deg"":1.0051,""joint_detour_m"":800.0,""local_measure_limit"":1,""max_virtual_s"":360000.0,""nearest_safe"":true,""opportunistic_known_measurements"":false,""problem"":3,""radius_weight"":2.0,""reserve_real_s"":5.0,""scheduling"":""joint"",""sensing"":""active"",""spacing"":null}",15183.887257581175,84,89,11,10,1,9,True,3618.777449,3618.777451516235,-2.5162348720186856e-06,361.87774490000004,0.8495338999200612,10,1.0,stage2-round-stress-p3-0034-efb410d47336e11b,stress,stress_design,assumption__radius_mixed__noise_correlated__scale_75,broad_or_stress_assumption,confirmation,clustered,mixed,correlated,10,0,57233a83974c51264ec4c7f21ab32943328383cb7df875ebe10b8b21ef70c091,2,f9ffbe734bc37653bebadf06778320395c80106f25e85d538286de044da3fc27,normal,598a470e18f0cc7605daa46bb28b1a1250fbc8f78834c102c2dac6a9efb90dc4,normal,,True,self_built_fixed_scenario,[],ad6fa4563402e767aee6e37370b5b712ea83d51dd92f399060363ffbf7c7c421,1b673484453104a5d87d4605d30b20826a3b7ec64769fd6ce8d3c8f7a1ad24f6,"{""scripts/run_candidate_stages.py"":""c2e66de2b6e26dfd94409d1597cd4af87a371372b9a722dc25f90691b1c3cd1b"",""src/bsolver/nosignal_sensing.py"":""2073393686e1538ad046965cbc3b4cf1f16b6882a157b6efa5c7855ff50be6c0"",""src/bsolver/round_experiments.py"":""6836dedaa30c8a24e910cede983b3e811c97e52dbd994f4e1dbd4f3a576c8c7a""}",3618.777449,,,,,
complete,,3,"{""bin_width_deg"":4.0,""clear_radius"":19.999,""coverage"":""triangular"",""epsilon_deg"":1.0051,""joint_detour_m"":800.0,""local_measure_limit"":1,""max_virtual_s"":360000.0,""nearest_safe"":true,""opportunistic_known_measurements"":false,""problem"":3,""radius_weight"":2.0,""reserve_real_s"":5.0,""scheduling"":""joint"",""sensing"":""active"",""spacing"":null}",20626.38842341378,120,122,29,12,6,6,True,4966.277685,4966.277684682756,3.172435754095204e-07,413.85647375,0.860965900006704,12,1.0,stage2-round-stress-p3-0036-507b77ec60e589ff,stress,stress_design,assumption__radius_min__noise_deterministic__scale_150,broad_or_stress_assumption,confirmation,boundary_outward,min,deterministic,12,0,030c42914b0a7522af5b68b09296823759dd7c7161e1160379fe24205d240320,2,f9ffbe734bc37653bebadf06778320395c80106f25e85d538286de044da3fc27,normal,598a470e18f0cc7605daa46bb28b1a1250fbc8f78834c102c2dac6a9efb90dc4,normal,,True,self_built_fixed_scenario,[],bc8dca5d44752b6235ad117f0bf6b9590f99e1828e0ef1df504edd04719cbcf3,1b673484453104a5d87d4605d30b20826a3b7ec64769fd6ce8d3c8f7a1ad24f6,"{""scripts/run_candidate_stages.py"":""c2e66de2b6e26dfd94409d1597cd4af87a371372b9a722dc25f90691b1c3cd1b"",""src/bsolver/nosignal_sensing.py"":""2073393686e1538ad046965cbc3b4cf1f16b6882a157b6efa5c7855ff50be6c0"",""src/bsolver/round_experiments.py"":""6836dedaa30c8a24e910cede983b3e811c97e52dbd994f4e1dbd4f3a576c8c7a""}",4966.277685,,,,,
complete,,4,"{""bin_width_deg"":4.0,""clear_radius"":19.999,""coverage"":""triangular"",""epsilon_deg"":1.0051,""joint_detour_m"":800.0,""local_measure_limit"":1,""max_virtual_s"":360000.0,""nearest_safe"":true,""opportunistic_known_measurements"":false,""problem"":4,""radius_weight"":2.0,""reserve_real_s"":5.0,""scheduling"":""joint"",""sensing"":""active"",""spacing"":null}",45710.753725175964,303,324,72,16,15,1,True,11313.150745,11313.150745035193,-3.5191987990401685e-08,707.0719215625,1.25965429993812,16,1.0,stage2-round-stress-p4-0000-f846284b7f552da2,stress,stress_design,assumption__radius_min__noise_deterministic__scale_75,broad_or_stress_assumption,confirmation,boundary_outward,min,deterministic,16,1,235ef1037c195d8f6e9bd4abdd62342d471b608a1579a424f36c8750f7262110,2,f9ffbe734bc37653bebadf06778320395c80106f25e85d538286de044da3fc27,normal,c2573106c518ffecbb9e4a5f5d27d9a16a03271a41ad5393a6a8f02ba4458c2b,normal,,True,self_built_fixed_scenario,[],68c21783e2ba9e219819c7acd17ba148975cabc5c716c8ca9d49c4e79b1c4229,1b673484453104a5d87d4605d30b20826a3b7ec64769fd6ce8d3c8f7a1ad24f6,"{""scripts/run_candidate_stages.py"":""c2e66de2b6e26dfd94409d1597cd4af87a371372b9a722dc25f90691b1c3cd1b"",""src/bsolver/nosignal_sensing.py"":""2073393686e1538ad046965cbc3b4cf1f16b6882a157b6efa5c7855ff50be6c0"",""src/bsolver/round_experiments.py"":""6836dedaa30c8a24e910cede983b3e811c97e52dbd994f4e1dbd4f3a576c8c7a""}",11313.150745,,,,,
complete,,4,"{""bin_width_deg"":4.0,""clear_radius"":19.999,""coverage"":""triangular"",""epsilon_deg"":1.0051,""joint_detour_m"":800.0,""local_measure_limit"":1,""max_virtual_s"":360000.0,""nearest_safe"":true,""opportunistic_known_measurements"":false,""problem"":4,""radius_weight"":2.0,""reserve_real_s"":5.0,""scheduling"":""joint"",""sensing"":""active"",""spacing"":null}",46414.6837811235,303,324,88,16,15,1,True,11501.936758,11501.9367562247,1.7752990970620885e-06,718.871047375,1.4500265999231488,16,1.0,stage2-round-stress-p4-0000-f846284b7f552da2,stress,stress_design,assumption__radius_min__noise_deterministic__scale_75,broad_or_stress_assumption,confirmation,boundary_outward,min,deterministic,16,1,235ef1037c195d8f6e9bd4abdd62342d471b608a1579a424f36c8750f7262110,2,f9ffbe734bc37653bebadf06778320395c80106f25e85d538286de044da3fc27,nosignal,cf5481795a87ccef6040c9b36f993dccc4ee3ed94cce9f5bd2abd99b2b4ad2a3,nosignal,"{""directional_prior"":0.5,""interior_fraction"":0.75,""orientation_sample_count"":24,""position_sample_count"":7,""radius_samples"":[1000.0,1250.0,1500.0]}",True,self_built_fixed_scenario,[],68c21783e2ba9e219819c7acd17ba148975cabc5c716c8ca9d49c4e79b1c4229,1b673484453104a5d87d4605d30b20826a3b7ec64769fd6ce8d3c8f7a1ad24f6,"{""scripts/run_candidate_stages.py"":""c2e66de2b6e26dfd94409d1597cd4af87a371372b9a722dc25f90691b1c3cd1b"",""src/bsolver/nosignal_sensing.py"":""2073393686e1538ad046965cbc3b4cf1f16b6882a157b6efa5c7855ff50be6c0"",""src/bsolver/round_experiments.py"":""6836dedaa30c8a24e910cede983b3e811c97e52dbd994f4e1dbd4f3a576c8c7a""}",11501.936758,16,8,0,0,sampled_nosignal_v1
complete,,4,"{""bin_width_deg"":4.0,""clear_radius"":19.999,""coverage"":""triangular"",""epsilon_deg"":1.0051,""joint_detour_m"":800.0,""local_measure_limit"":1,""max_virtual_s"":360000.0,""nearest_safe"":true,""opportunistic_known_measurements"":false,""problem"":4,""radius_weight"":2.0,""reserve_real_s"":5.0,""scheduling"":""joint"",""sensing"":""active"",""spacing"":null}",45664.51772109354,300,327,250,12,10,2,True,11841.903542,11841.903544218709,-2.2187086869962513e-06,986.8252951666667,1.297099499963224,12,1.0,stage2-round-stress-p4-0004-1b1c93f106eb88b0,stress,stress_design,assumption__radius_max__noise_correlated__scale_75,broad_or_stress_assumption,confirmation,clustered,max,correlated,12,12,5f10c0cf38b8047fd41d763a43dbdc00a29b92e9612723112815b0f630eae903,2,f9ffbe734bc37653bebadf06778320395c80106f25e85d538286de044da3fc27,normal,c2573106c518ffecbb9e4a5f5d27d9a16a03271a41ad5393a6a8f02ba4458c2b,normal,,True,self_built_fixed_scenario,[],4498152ee55f480f4b3ec1a5f6a1cbba2b8f2e834fae480f24b4b2d05bea369b,1b673484453104a5d87d4605d30b20826a3b7ec64769fd6ce8d3c8f7a1ad24f6,"{""scripts/run_candidate_stages.py"":""c2e66de2b6e26dfd94409d1597cd4af87a371372b9a722dc25f90691b1c3cd1b"",""src/bsolver/nosignal_sensing.py"":""2073393686e1538ad046965cbc3b4cf1f16b6882a157b6efa5c7855ff50be6c0"",""src/bsolver/round_experiments.py"":""6836dedaa30c8a24e910cede983b3e811c97e52dbd994f4e1dbd4f3a576c8c7a""}",11841.903542,,,,,
complete,,4,"{""bin_width_deg"":4.0,""clear_radius"":19.999,""coverage"":""triangular"",""epsilon_deg"":1.0051,""joint_detour_m"":800.0,""local_measure_limit"":1,""max_virtual_s"":360000.0,""nearest_safe"":true,""opportunistic_known_measurements"":false,""problem"":4,""radius_weight"":2.0,""reserve_real_s"":5.0,""scheduling"":""joint"",""sensing"":""active"",""spacing"":null}",44490.932054284516,300,327,255,12,10,2,True,11622.186408,11622.186410856903,-2.8569029382197186e-06,968.515534,1.2958523000124842,12,1.0,stage2-round-stress-p4-0004-1b1c93f106eb88b0,stress,stress_design,assumption__radius_max__noise_correlated__scale_75,broad_or_stress_assumption,confirmation,clustered,max,correlated,12,12,5f10c0cf38b8047fd41d763a43dbdc00a29b92e9612723112815b0f630eae903,2,f9ffbe734bc37653bebadf06778320395c80106f25e85d538286de044da3fc27,nosignal,cf5481795a87ccef6040c9b36f993dccc4ee3ed94cce9f5bd2abd99b2b4ad2a3,nosignal,"{""directional_prior"":0.5,""interior_fraction"":0.75,""orientation_sample_count"":24,""position_sample_count"":7,""radius_samples"":[1000.0,1250.0,1500.0]}",True,self_built_fixed_scenario,[],4498152ee55f480f4b3ec1a5f6a1cbba2b8f2e834fae480f24b4b2d05bea369b,1b673484453104a5d87d4605d30b20826a3b7ec64769fd6ce8d3c8f7a1ad24f6,"{""scripts/run_candidate_stages.py"":""c2e66de2b6e26dfd94409d1597cd4af87a371372b9a722dc25f90691b1c3cd1b"",""src/bsolver/nosignal_sensing.py"":""2073393686e1538ad046965cbc3b4cf1f16b6882a157b6efa5c7855ff50be6c0"",""src/bsolver/round_experiments.py"":""6836dedaa30c8a24e910cede983b3e811c97e52dbd994f4e1dbd4f3a576c8c7a""}",11622.186408,12,12,0,0,sampled_nosignal_v1
complete,,4,"{""bin_width_deg"":4.0,""clear_radius"":19.999,""coverage"":""triangular"",""epsilon_deg"":1.0051,""joint_detour_m"":800.0,""local_measure_limit"":1,""max_virtual_s"":360000.0,""nearest_safe"":true,""opportunistic_known_measurements"":false,""problem"":4,""radius_weight"":2.0,""reserve_real_s"":5.0,""scheduling"":""joint"",""sensing"":""active"",""spacing"":null}",49602.10056250663,236,263,269,16,8,8,True,12310.420114,12310.420112501326,1.4986744645284489e-06,769.401257125,1.422398200025782,16,1.0,stage2-round-stress-p4-0008-f2a689649ee697b7,stress,stress_design,assumption__radius_mixed__noise_extreme__scale_75,broad_or_stress_assumption,confirmation,hidden_outward_last,mixed,extreme,16,11,19597715bd4542dd0428f675570402f60b3d72b979ae09fe2312c9fd815265c4,2,f9ffbe734bc37653bebadf06778320395c80106f25e85d538286de044da3fc27,normal,c2573106c518ffecbb9e4a5f5d27d9a16a03271a41ad5393a6a8f02ba4458c2b,normal,,True,self_built_fixed_scenario,[],b998c1d07593f05fd3169ae2051bbfcc6ebdaaf7d9f723177d6df6dda6275d86,1b673484453104a5d87d4605d30b20826a3b7ec64769fd6ce8d3c8f7a1ad24f6,"{""scripts/run_candidate_stages.py"":""c2e66de2b6e26dfd94409d1597cd4af87a371372b9a722dc25f90691b1c3cd1b"",""src/bsolver/nosignal_sensing.py"":""2073393686e1538ad046965cbc3b4cf1f16b6882a157b6efa5c7855ff50be6c0"",""src/bsolver/round_experiments.py"":""6836dedaa30c8a24e910cede983b3e811c97e52dbd994f4e1dbd4f3a576c8c7a""}",12310.420114,,,,,
complete,,4,"{""bin_width_deg"":4.0,""clear_radius"":19.999,""coverage"":""triangular"",""epsilon_deg"":1.0051,""joint_detour_m"":800.0,""local_measure_limit"":1,""max_virtual_s"":360000.0,""nearest_safe"":true,""opportunistic_known_measurements"":false,""problem"":4,""radius_weight"":2.0,""reserve_real_s"":5.0,""scheduling"":""joint"",""sensing"":""active"",""spacing"":null}",42110.46499163272,236,263,44,16,9,7,True,10137.093,10137.092998326543,1.6734575183363631e-06,633.5683125,1.6711118000093848,16,1.0,stage2-round-stress-p4-0008-f2a689649ee697b7,stress,stress_design,assumption__radius_mixed__noise_extreme__scale_75,broad_or_stress_assumption,confirmation,hidden_outward_last,mixed,extreme,16,11,19597715bd4542dd0428f675570402f60b3d72b979ae09fe2312c9fd815265c4,2,f9ffbe734bc37653bebadf06778320395c80106f25e85d538286de044da3fc27,nosignal,cf5481795a87ccef6040c9b36f993dccc4ee3ed94cce9f5bd2abd99b2b4ad2a3,nosignal,"{""directional_prior"":0.5,""interior_fraction"":0.75,""orientation_sample_count"":24,""position_sample_count"":7,""radius_samples"":[1000.0,1250.0,1500.0]}",True,self_built_fixed_scenario,[],b998c1d07593f05fd3169ae2051bbfcc6ebdaaf7d9f723177d6df6dda6275d86,1b673484453104a5d87d4605d30b20826a3b7ec64769fd6ce8d3c8f7a1ad24f6,"{""scripts/run_candidate_stages.py"":""c2e66de2b6e26dfd94409d1597cd4af87a371372b9a722dc25f90691b1c3cd1b"",""src/bsolver/nosignal_sensing.py"":""2073393686e1538ad046965cbc3b4cf1f16b6882a157b6efa5c7855ff50be6c0"",""src/bsolver/round_experiments.py"":""6836dedaa30c8a24e910cede983b3e811c97e52dbd994f4e1dbd4f3a576c8c7a""}",10137.093,16,15,0,0,sampled_nosignal_v1
complete,,4,"{""bin_width_deg"":4.0,""clear_radius"":19.999,""coverage"":""triangular"",""epsilon_deg"":1.0051,""joint_detour_m"":800.0,""local_measure_limit"":1,""max_virtual_s"":360000.0,""nearest_safe"":true,""opportunistic_known_measurements"":false,""problem"":4,""radius_weight"":2.0,""reserve_real_s"":5.0,""scheduling"":""joint"",""sensing"":""active"",""spacing"":null}",39097.202802946886,380,402,33,11,6,5,True,10330.440558,10330.440560589377,-2.5893768906826153e-06,939.1309598181819,1.0405446999939159,11,1.0,stage2-round-stress-p4-0009-16539b1379e2e9ae,stress,stress_design,assumption__radius_min__noise_deterministic__scale_150,broad_or_stress_assumption,confirmation,center_and_boundary,min,deterministic,11,5,23fdcdec1ddfb78fb098de1bec97dc38ac0b1f707b360fadb17ee7ad049375f4,2,f9ffbe734bc37653bebadf06778320395c80106f25e85d538286de044da3fc27,normal,c2573106c518ffecbb9e4a5f5d27d9a16a03271a41ad5393a6a8f02ba4458c2b,normal,,True,self_built_fixed_scenario,[],5c4b43734f779741d2b448032f7cc745b205bca4085c4313ed26bf35be93c2f1,1b673484453104a5d87d4605d30b20826a3b7ec64769fd6ce8d3c8f7a1ad24f6,"{""scripts/run_candidate_stages.py"":""c2e66de2b6e26dfd94409d1597cd4af87a371372b9a722dc25f90691b1c3cd1b"",""src/bsolver/nosignal_sensing.py"":""2073393686e1538ad046965cbc3b4cf1f16b6882a157b6efa5c7855ff50be6c0"",""src/bsolver/round_experiments.py"":""6836dedaa30c8a24e910cede983b3e811c97e52dbd994f4e1dbd4f3a576c8c7a""}",10330.440558,,,,,
complete,,4,"{""bin_width_deg"":4.0,""clear_radius"":19.999,""coverage"":""triangular"",""epsilon_deg"":1.0051,""joint_detour_m"":800.0,""local_measure_limit"":1,""max_virtual_s"":360000.0,""nearest_safe"":true,""opportunistic_known_measurements"":false,""problem"":4,""radius_weight"":2.0,""reserve_real_s"":5.0,""scheduling"":""joint"",""sensing"":""active"",""spacing"":null}",38942.75423361967,380,402,49,11,6,5,True,10347.550843,10347.550846723934,-3.723933332366869e-06,940.6864402727274,1.1332354999613017,11,1.0,stage2-round-stress-p4-0009-16539b1379e2e9ae,stress,stress_design,assumption__radius_min__noise_deterministic__scale_150,broad_or_stress_assumption,confirmation,center_and_boundary,min,deterministic,11,5,23fdcdec1ddfb78fb098de1bec97dc38ac0b1f707b360fadb17ee7ad049375f4,2,f9ffbe734bc37653bebadf06778320395c80106f25e85d538286de044da3fc27,nosignal,cf5481795a87ccef6040c9b36f993dccc4ee3ed94cce9f5bd2abd99b2b4ad2a3,nosignal,"{""directional_prior"":0.5,""interior_fraction"":0.75,""orientation_sample_count"":24,""position_sample_count"":7,""radius_samples"":[1000.0,1250.0,1500.0]}",True,self_built_fixed_scenario,[],5c4b43734f779741d2b448032f7cc745b205bca4085c4313ed26bf35be93c2f1,1b673484453104a5d87d4605d30b20826a3b7ec64769fd6ce8d3c8f7a1ad24f6,"{""scripts/run_candidate_stages.py"":""c2e66de2b6e26dfd94409d1597cd4af87a371372b9a722dc25f90691b1c3cd1b"",""src/bsolver/nosignal_sensing.py"":""2073393686e1538ad046965cbc3b4cf1f16b6882a157b6efa5c7855ff50be6c0"",""src/bsolver/round_experiments.py"":""6836dedaa30c8a24e910cede983b3e811c97e52dbd994f4e1dbd4f3a576c8c7a""}",10347.550843,10,6,0,0,sampled_nosignal_v1
complete,,4,"{""bin_width_deg"":4.0,""clear_radius"":19.999,""coverage"":""triangular"",""epsilon_deg"":1.0051,""joint_detour_m"":800.0,""local_measure_limit"":1,""max_virtual_s"":360000.0,""nearest_safe"":true,""opportunistic_known_measurements"":false,""problem"":4,""radius_weight"":2.0,""reserve_real_s"":5.0,""scheduling"":""joint"",""sensing"":""active"",""spacing"":null}",34876.65933324044,300,329,24,11,3,8,True,9014.331865,9014.331866648088,-1.648088073125109e-06,819.484715,1.164005700033158,11,1.0,stage2-round-stress-p4-0011-21bece76969193a7,stress,stress_design,assumption__radius_min__noise_extreme__scale_150,broad_or_stress_assumption,confirmation,near_lattice_vertices,min,extreme,11,3,9050bea1075f45ac67f3017b4793e75227636ba4448c8b2d828dfe121bcc5f8c,2,f9ffbe734bc37653bebadf06778320395c80106f25e85d538286de044da3fc27,normal,c2573106c518ffecbb9e4a5f5d27d9a16a03271a41ad5393a6a8f02ba4458c2b,normal,,True,self_built_fixed_scenario,[],25c6ef6a97ee789e2510e3242e6b06cef021403fd1154a4c7c4a09927f1a7a06,1b673484453104a5d87d4605d30b20826a3b7ec64769fd6ce8d3c8f7a1ad24f6,"{""scripts/run_candidate_stages.py"":""c2e66de2b6e26dfd94409d1597cd4af87a371372b9a722dc25f90691b1c3cd1b"",""src/bsolver/nosignal_sensing.py"":""2073393686e1538ad046965cbc3b4cf1f16b6882a157b6efa5c7855ff50be6c0"",""src/bsolver/round_experiments.py"":""6836dedaa30c8a24e910cede983b3e811c97e52dbd994f4e1dbd4f3a576c8c7a""}",9014.331865,,,,,
complete,,4,"{""bin_width_deg"":4.0,""clear_radius"":19.999,""coverage"":""triangular"",""epsilon_deg"":1.0051,""joint_detour_m"":800.0,""local_measure_limit"":1,""max_virtual_s"":360000.0,""nearest_safe"":true,""opportunistic_known_measurements"":false,""problem"":4,""radius_weight"":2.0,""reserve_real_s"":5.0,""scheduling"":""joint"",""sensing"":""active"",""spacing"":null}",35837.062473167076,300,329,38,11,8,3,True,9248.412495,9248.412494633416,3.6658457247540355e-07,840.7647722727273,1.1827868999680504,11,1.0,stage2-round-stress-p4-0011-21bece76969193a7,stress,stress_design,assumption__radius_min__noise_extreme__scale_150,broad_or_stress_assumption,confirmation,near_lattice_vertices,min,extreme,11,3,9050bea1075f45ac67f3017b4793e75227636ba4448c8b2d828dfe121bcc5f8c,2,f9ffbe734bc37653bebadf06778320395c80106f25e85d538286de044da3fc27,nosignal,cf5481795a87ccef6040c9b36f993dccc4ee3ed94cce9f5bd2abd99b2b4ad2a3,nosignal,"{""directional_prior"":0.5,""interior_fraction"":0.75,""orientation_sample_count"":24,""position_sample_count"":7,""radius_samples"":[1000.0,1250.0,1500.0]}",True,self_built_fixed_scenario,[],25c6ef6a97ee789e2510e3242e6b06cef021403fd1154a4c7c4a09927f1a7a06,1b673484453104a5d87d4605d30b20826a3b7ec64769fd6ce8d3c8f7a1ad24f6,"{""scripts/run_candidate_stages.py"":""c2e66de2b6e26dfd94409d1597cd4af87a371372b9a722dc25f90691b1c3cd1b"",""src/bsolver/nosignal_sensing.py"":""2073393686e1538ad046965cbc3b4cf1f16b6882a157b6efa5c7855ff50be6c0"",""src/bsolver/round_experiments.py"":""6836dedaa30c8a24e910cede983b3e811c97e52dbd994f4e1dbd4f3a576c8c7a""}",9248.412495,10,9,0,0,sampled_nosignal_v1
complete,,4,"{""bin_width_deg"":4.0,""clear_radius"":19.999,""coverage"":""triangular"",""epsilon_deg"":1.0051,""joint_detour_m"":800.0,""local_measure_limit"":1,""max_virtual_s"":360000.0,""nearest_safe"":true,""opportunistic_known_measurements"":false,""problem"":4,""radius_weight"":2.0,""reserve_real_s"":5.0,""scheduling"":""joint"",""sensing"":""active"",""spacing"":null}",39444.36453587442,422,445,72,10,9,1,True,10771.872905,10771.872907174884,-2.174883775296621e-06,1077.1872905,1.0012215999886394,10,1.0,stage2-round-stress-p4-0012-83256edc8e0a20ff,stress,stress_design,assumption__radius_max__noise_deterministic__scale_150,broad_or_stress_assumption,confirmation,boundary_outward,max,deterministic,10,5,b86068b6c11eca69ebdfaea519db19f0f183ba4fa685f6ce3d29fda03a3c2ce2,2,f9ffbe734bc37653bebadf06778320395c80106f25e85d538286de044da3fc27,normal,c2573106c518ffecbb9e4a5f5d27d9a16a03271a41ad5393a6a8f02ba4458c2b,normal,,True,self_built_fixed_scenario,[],80d041e631522a74a71bef8c30442e25af857661403d93a6a39c215f680dcc44,1b673484453104a5d87d4605d30b20826a3b7ec64769fd6ce8d3c8f7a1ad24f6,"{""scripts/run_candidate_stages.py"":""c2e66de2b6e26dfd94409d1597cd4af87a371372b9a722dc25f90691b1c3cd1b"",""src/bsolver/nosignal_sensing.py"":""2073393686e1538ad046965cbc3b4cf1f16b6882a157b6efa5c7855ff50be6c0"",""src/bsolver/round_experiments.py"":""6836dedaa30c8a24e910cede983b3e811c97e52dbd994f4e1dbd4f3a576c8c7a""}",10771.872905,,,,,
complete,,4,"{""bin_width_deg"":4.0,""clear_radius"":19.999,""coverage"":""triangular"",""epsilon_deg"":1.0051,""joint_detour_m"":800.0,""local_measure_limit"":1,""max_virtual_s"":360000.0,""nearest_safe"":true,""opportunistic_known_measurements"":false,""problem"":4,""radius_weight"":2.0,""reserve_real_s"":5.0,""scheduling"":""joint"",""sensing"":""active"",""spacing"":null}",38707.59335051549,422,445,57,10,8,2,True,10579.51867,10579.518670103098,-1.030985004035756e-07,1057.951867,1.090270800050348,10,1.0,stage2-round-stress-p4-0012-83256edc8e0a20ff,stress,stress_design,assumption__radius_max__noise_deterministic__scale_150,broad_or_stress_assumption,confirmation,boundary_outward,max,deterministic,10,5,b86068b6c11eca69ebdfaea519db19f0f183ba4fa685f6ce3d29fda03a3c2ce2,2,f9ffbe734bc37653bebadf06778320395c80106f25e85d538286de044da3fc27,nosignal,cf5481795a87ccef6040c9b36f993dccc4ee3ed94cce9f5bd2abd99b2b4ad2a3,nosignal,"{""directional_prior"":0.5,""interior_fraction"":0.75,""orientation_sample_count"":24,""position_sample_count"":7,""radius_samples"":[1000.0,1250.0,1500.0]}",True,self_built_fixed_scenario,[],80d041e631522a74a71bef8c30442e25af857661403d93a6a39c215f680dcc44,1b673484453104a5d87d4605d30b20826a3b7ec64769fd6ce8d3c8f7a1ad24f6,"{""scripts/run_candidate_stages.py"":""c2e66de2b6e26dfd94409d1597cd4af87a371372b9a722dc25f90691b1c3cd1b"",""src/bsolver/nosignal_sensing.py"":""2073393686e1538ad046965cbc3b4cf1f16b6882a157b6efa5c7855ff50be6c0"",""src/bsolver/round_experiments.py"":""6836dedaa30c8a24e910cede983b3e811c97e52dbd994f4e1dbd4f3a576c8c7a""}",10579.51867,10,8,0,0,sampled_nosignal_v1
complete,,4,"{""bin_width_deg"":4.0,""clear_radius"":19.999,""coverage"":""triangular"",""epsilon_deg"":1.0051,""joint_detour_m"":800.0,""local_measure_limit"":1,""max_virtual_s"":360000.0,""nearest_safe"":true,""opportunistic_known_measurements"":false,""problem"":4,""radius_weight"":2.0,""reserve_real_s"":5.0,""scheduling"":""joint"",""sensing"":""active"",""spacing"":null}",42141.54451304635,360,379,102,15,12,3,True,11019.308899,11019.30890260927,-3.6092696973355487e-06,734.6205932666667,1.0563722000224516,15,1.0,stage2-round-stress-p4-0036-150250eb7ac7629a,stress,stress_design,assumption__radius_min__noise_deterministic__scale_150,broad_or_stress_assumption,confirmation,boundary_outward,min,deterministic,15,8,9f3c13b45060199b493b8bd31eae925bee088d3744d1a34d73cb2605af5a02f9,2,f9ffbe734bc37653bebadf06778320395c80106f25e85d538286de044da3fc27,normal,c2573106c518ffecbb9e4a5f5d27d9a16a03271a41ad5393a6a8f02ba4458c2b,normal,,True,self_built_fixed_scenario,[],92ed7ab0ab5c4297ab4ca2fd9914e40eb0966f8653bcfdbf0429d8816b764b48,1b673484453104a5d87d4605d30b20826a3b7ec64769fd6ce8d3c8f7a1ad24f6,"{""scripts/run_candidate_stages.py"":""c2e66de2b6e26dfd94409d1597cd4af87a371372b9a722dc25f90691b1c3cd1b"",""src/bsolver/nosignal_sensing.py"":""2073393686e1538ad046965cbc3b4cf1f16b6882a157b6efa5c7855ff50be6c0"",""src/bsolver/round_experiments.py"":""6836dedaa30c8a24e910cede983b3e811c97e52dbd994f4e1dbd4f3a576c8c7a""}",11019.308899,,,,,
complete,,4,"{""bin_width_deg"":4.0,""clear_radius"":19.999,""coverage"":""triangular"",""epsilon_deg"":1.0051,""joint_detour_m"":800.0,""local_measure_limit"":1,""max_virtual_s"":360000.0,""nearest_safe"":true,""opportunistic_known_measurements"":false,""problem"":4,""radius_weight"":2.0,""reserve_real_s"":5.0,""scheduling"":""joint"",""sensing"":""active"",""spacing"":null}",40753.743476983786,360,379,67,15,12,3,True,10636.748694,10636.748695396756,-1.3967564882477745e-06,709.1165796,1.1683192000491545,15,1.0,stage2-round-stress-p4-0036-150250eb7ac7629a,stress,stress_design,assumption__radius_min__noise_deterministic__scale_150,broad_or_stress_assumption,confirmation,boundary_outward,min,deterministic,15,8,9f3c13b45060199b493b8bd31eae925bee088d3744d1a34d73cb2605af5a02f9,2,f9ffbe734bc37653bebadf06778320395c80106f25e85d538286de044da3fc27,nosignal,cf5481795a87ccef6040c9b36f993dccc4ee3ed94cce9f5bd2abd99b2b4ad2a3,nosignal,"{""directional_prior"":0.5,""interior_fraction"":0.75,""orientation_sample_count"":24,""position_sample_count"":7,""radius_samples"":[1000.0,1250.0,1500.0]}",True,self_built_fixed_scenario,[],92ed7ab0ab5c4297ab4ca2fd9914e40eb0966f8653bcfdbf0429d8816b764b48,1b673484453104a5d87d4605d30b20826a3b7ec64769fd6ce8d3c8f7a1ad24f6,"{""scripts/run_candidate_stages.py"":""c2e66de2b6e26dfd94409d1597cd4af87a371372b9a722dc25f90691b1c3cd1b"",""src/bsolver/nosignal_sensing.py"":""2073393686e1538ad046965cbc3b4cf1f16b6882a157b6efa5c7855ff50be6c0"",""src/bsolver/round_experiments.py"":""6836dedaa30c8a24e910cede983b3e811c97e52dbd994f4e1dbd4f3a576c8c7a""}",10636.748694,15,9,0,0,sampled_nosignal_v1
complete,,4,"{""bin_width_deg"":4.0,""clear_radius"":19.999,""coverage"":""triangular"",""epsilon_deg"":1.0051,""joint_detour_m"":800.0,""local_measure_limit"":1,""max_virtual_s"":360000.0,""nearest_safe"":true,""opportunistic_known_measurements"":false,""problem"":4,""radius_weight"":2.0,""reserve_real_s"":5.0,""scheduling"":""joint"",""sensing"":""active"",""spacing"":null}",51729.4040721763,219,244,262,16,9,7,True,12602.880816,12602.88081443526,1.5647401596652344e-06,787.680051,1.596940700081177,16,1.0,stage2-round-stress-p4-0038-df995cec88525ec6,stress,stress_design,assumption__radius_min__noise_extreme__scale_150,broad_or_stress_assumption,confirmation,hidden_outward_last,min,extreme,16,10,e0a83539e0d86163976e55cb217c1dc5752e633bcde3a0d3ee5ade0787ad9025,2,f9ffbe734bc37653bebadf06778320395c80106f25e85d538286de044da3fc27,normal,c2573106c518ffecbb9e4a5f5d27d9a16a03271a41ad5393a6a8f02ba4458c2b,normal,,True,self_built_fixed_scenario,[],95b7103e922a29ced9784c1b7bf96e347684de746442fe12fe11b02b87cf4f4e,1b673484453104a5d87d4605d30b20826a3b7ec64769fd6ce8d3c8f7a1ad24f6,"{""scripts/run_candidate_stages.py"":""c2e66de2b6e26dfd94409d1597cd4af87a371372b9a722dc25f90691b1c3cd1b"",""src/bsolver/nosignal_sensing.py"":""2073393686e1538ad046965cbc3b4cf1f16b6882a157b6efa5c7855ff50be6c0"",""src/bsolver/round_experiments.py"":""6836dedaa30c8a24e910cede983b3e811c97e52dbd994f4e1dbd4f3a576c8c7a""}",12602.880816,,,,,
complete,,4,"{""bin_width_deg"":4.0,""clear_radius"":19.999,""coverage"":""triangular"",""epsilon_deg"":1.0051,""joint_detour_m"":800.0,""local_measure_limit"":1,""max_virtual_s"":360000.0,""nearest_safe"":true,""opportunistic_known_measurements"":false,""problem"":4,""radius_weight"":2.0,""reserve_real_s"":5.0,""scheduling"":""joint"",""sensing"":""active"",""spacing"":null}",43035.462879943065,219,244,30,16,10,6,True,10168.092576,10168.092575988612,1.1386873666197062e-08,635.505786,1.4087343999417499,16,1.0,stage2-round-stress-p4-0038-df995cec88525ec6,stress,stress_design,assumption__radius_min__noise_extreme__scale_150,broad_or_stress_assumption,confirmation,hidden_outward_last,min,extreme,16,10,e0a83539e0d86163976e55cb217c1dc5752e633bcde3a0d3ee5ade0787ad9025,2,f9ffbe734bc37653bebadf06778320395c80106f25e85d538286de044da3fc27,nosignal,cf5481795a87ccef6040c9b36f993dccc4ee3ed94cce9f5bd2abd99b2b4ad2a3,nosignal,"{""directional_prior"":0.5,""interior_fraction"":0.75,""orientation_sample_count"":24,""position_sample_count"":7,""radius_samples"":[1000.0,1250.0,1500.0]}",True,self_built_fixed_scenario,[],95b7103e922a29ced9784c1b7bf96e347684de746442fe12fe11b02b87cf4f4e,1b673484453104a5d87d4605d30b20826a3b7ec64769fd6ce8d3c8f7a1ad24f6,"{""scripts/run_candidate_stages.py"":""c2e66de2b6e26dfd94409d1597cd4af87a371372b9a722dc25f90691b1c3cd1b"",""src/bsolver/nosignal_sensing.py"":""2073393686e1538ad046965cbc3b4cf1f16b6882a157b6efa5c7855ff50be6c0"",""src/bsolver/round_experiments.py"":""6836dedaa30c8a24e910cede983b3e811c97e52dbd994f4e1dbd4f3a576c8c7a""}",10168.092576,16,13,0,0,sampled_nosignal_v1
