status,error,problem,config,walk_distance_m,switches,measures,clear_attempts,clear_successes,fallback_targets,certified_clears,initial_hull_invariant,total_virtual_time_s,independently_accounted_time_s,timing_residual_s,average_clear_time_s,program_real_time_s,source_total,clear_fraction,case_id,pool,composition_model,mechanism_id,mechanism_status,partition,layout,radius_mode,error_mode,n,n_directed,scenario_sha256,stage,manifest_sha256,variant,arm_sha256,solver_class,nosignal_config,evaluation_complete,environment,hull_invariant_violations,error_field_sha256,policy_core_sha256,dependency_sha256,failure_penalized_time_s,nosignal_choices,nosignal_changed_choices,nosignal_baseline_fallbacks,nosignal_convex_mixed_choices,sensing_variant
complete,,3,"{""bin_width_deg"":4.0,""clear_radius"":19.999,""coverage"":""triangular"",""epsilon_deg"":1.0051,""joint_detour_m"":800.0,""local_measure_limit"":1,""max_virtual_s"":360000.0,""nearest_safe"":true,""opportunistic_known_measurements"":false,""problem"":3,""radius_weight"":2.0,""reserve_real_s"":5.0,""scheduling"":""joint"",""sensing"":""active"",""spacing"":null}",19264.03984869285,94,97,22,14,4,10,True,4525.807969,4525.80796973857,-7.385697244899347e-07,323.2719977857143,1.4652420999482274,14,1.0,stage3-round-broad-p3-0002-c440580eaee1a34b,broad,broad_joint,assumption__radius_min__noise_extreme__scale_75,broad_or_stress_assumption,confirmation,random,min,extreme,14,0,bd6a0312eb9a03b9126f5e5402ad0c5f16efd207bab14002c373ee6c19a132fc,3,cd1e242cb9e30b1167239aaab152a2f8cb6ca89aa41498b580ec1889fd2c4b5c,joint,014f90c85d9df17918ca4aa165cefc62925fd937cec297da9b08baff35e26380,normal,,True,self_built_fixed_scenario,[],e50fbda34ab240b397e66dec39932b3b08436e050e3a4163f12b66a32fea5776,1b673484453104a5d87d4605d30b20826a3b7ec64769fd6ce8d3c8f7a1ad24f6,"{""scripts/run_candidate_stages.py"":""c2e66de2b6e26dfd94409d1597cd4af87a371372b9a722dc25f90691b1c3cd1b"",""src/bsolver/nosignal_sensing.py"":""2073393686e1538ad046965cbc3b4cf1f16b6882a157b6efa5c7855ff50be6c0"",""src/bsolver/round_experiments.py"":""6836dedaa30c8a24e910cede983b3e811c97e52dbd994f4e1dbd4f3a576c8c7a""}",4525.807969,,,,,
complete,,3,"{""bin_width_deg"":4.0,""clear_radius"":19.999,""coverage"":""triangular"",""epsilon_deg"":1.0051,""joint_detour_m"":800.0,""local_measure_limit"":1,""max_virtual_s"":360000.0,""nearest_safe"":true,""opportunistic_known_measurements"":false,""problem"":3,""radius_weight"":2.0,""reserve_real_s"":5.0,""scheduling"":""joint"",""sensing"":""active"",""spacing"":null}",18482.559884768318,88,89,23,13,6,7,True,4324.511976,4324.511976953663,-9.536634024698287e-07,332.65476738461535,1.3310719999717548,13,1.0,stage3-round-broad-p3-0008-132ec9ed8e945a0d,broad,broad_joint,assumption__radius_mixed__noise_extreme__scale_75,broad_or_stress_assumption,confirmation,random,mixed,extreme,13,0,b4dedf73b0faaf0eea84a13fca44f389fdec8a82edfb1f9470d9efd5f630ae91,3,cd1e242cb9e30b1167239aaab152a2f8cb6ca89aa41498b580ec1889fd2c4b5c,joint,014f90c85d9df17918ca4aa165cefc62925fd937cec297da9b08baff35e26380,normal,,True,self_built_fixed_scenario,[],4ab13c3f2eea722c9aea93eabae585b5bebe162f4624052ed51831949f56f38f,1b673484453104a5d87d4605d30b20826a3b7ec64769fd6ce8d3c8f7a1ad24f6,"{""scripts/run_candidate_stages.py"":""c2e66de2b6e26dfd94409d1597cd4af87a371372b9a722dc25f90691b1c3cd1b"",""src/bsolver/nosignal_sensing.py"":""2073393686e1538ad046965cbc3b4cf1f16b6882a157b6efa5c7855ff50be6c0"",""src/bsolver/round_experiments.py"":""6836dedaa30c8a24e910cede983b3e811c97e52dbd994f4e1dbd4f3a576c8c7a""}",4324.511976,,,,,
complete,,3,"{""bin_width_deg"":4.0,""clear_radius"":19.999,""coverage"":""triangular"",""epsilon_deg"":1.0051,""joint_detour_m"":800.0,""local_measure_limit"":1,""max_virtual_s"":360000.0,""nearest_safe"":true,""opportunistic_known_measurements"":false,""problem"":3,""radius_weight"":2.0,""reserve_real_s"":5.0,""scheduling"":""joint"",""sensing"":""active"",""spacing"":null}",22632.87500058354,72,73,46,16,11,5,True,5133.574997,5133.575000116708,-3.1167082852334715e-06,320.8484373125,1.6415197000605986,16,1.0,stage3-round-broad-p3-0013-090b5d65c436241f,broad,broad_joint,assumption__radius_max__noise_correlated__scale_150,broad_or_stress_assumption,confirmation,random,max,correlated,16,0,ee187b1d80b90cc3e56b38f2d0c007f44c458760ed25db7186c42df91d125178,3,cd1e242cb9e30b1167239aaab152a2f8cb6ca89aa41498b580ec1889fd2c4b5c,joint,014f90c85d9df17918ca4aa165cefc62925fd937cec297da9b08baff35e26380,normal,,True,self_built_fixed_scenario,[],609181fc94c0fba8cee91a21040518c86291ecd85bdb6c72700d3e0361a45d37,1b673484453104a5d87d4605d30b20826a3b7ec64769fd6ce8d3c8f7a1ad24f6,"{""scripts/run_candidate_stages.py"":""c2e66de2b6e26dfd94409d1597cd4af87a371372b9a722dc25f90691b1c3cd1b"",""src/bsolver/nosignal_sensing.py"":""2073393686e1538ad046965cbc3b4cf1f16b6882a157b6efa5c7855ff50be6c0"",""src/bsolver/round_experiments.py"":""6836dedaa30c8a24e910cede983b3e811c97e52dbd994f4e1dbd4f3a576c8c7a""}",5133.574997,,,,,
complete,,3,"{""bin_width_deg"":4.0,""clear_radius"":19.999,""coverage"":""triangular"",""epsilon_deg"":1.0051,""joint_detour_m"":800.0,""local_measure_limit"":1,""max_virtual_s"":360000.0,""nearest_safe"":true,""opportunistic_known_measurements"":false,""problem"":3,""radius_weight"":2.0,""reserve_real_s"":5.0,""scheduling"":""joint"",""sensing"":""active"",""spacing"":null}",18180.559906257477,91,93,35,11,8,3,True,4319.11198,4319.111981251495,-1.2514956324594095e-06,392.6465436363636,1.1508188999723643,11,1.0,stage3-round-broad-p3-0014-721d6bc1f475e3e8,broad,broad_joint,assumption__radius_max__noise_extreme__scale_150,broad_or_stress_assumption,confirmation,random,max,extreme,11,0,388cf39ca2baecd9bdc5365f193581450368fe8d1b4a9988e1da79c475670b77,3,cd1e242cb9e30b1167239aaab152a2f8cb6ca89aa41498b580ec1889fd2c4b5c,joint,014f90c85d9df17918ca4aa165cefc62925fd937cec297da9b08baff35e26380,normal,,True,self_built_fixed_scenario,[],fb59638886a9390ffd899397512bb079e55cc6c7bcf2a3b2945e0188142b47f6,1b673484453104a5d87d4605d30b20826a3b7ec64769fd6ce8d3c8f7a1ad24f6,"{""scripts/run_candidate_stages.py"":""c2e66de2b6e26dfd94409d1597cd4af87a371372b9a722dc25f90691b1c3cd1b"",""src/bsolver/nosignal_sensing.py"":""2073393686e1538ad046965cbc3b4cf1f16b6882a157b6efa5c7855ff50be6c0"",""src/bsolver/round_experiments.py"":""6836dedaa30c8a24e910cede983b3e811c97e52dbd994f4e1dbd4f3a576c8c7a""}",4319.11198,,,,,
complete,,3,"{""bin_width_deg"":4.0,""clear_radius"":19.999,""coverage"":""triangular"",""epsilon_deg"":1.0051,""joint_detour_m"":800.0,""local_measure_limit"":1,""max_virtual_s"":360000.0,""nearest_safe"":true,""opportunistic_known_measurements"":false,""problem"":3,""radius_weight"":2.0,""reserve_real_s"":5.0,""scheduling"":""joint"",""sensing"":""active"",""spacing"":null}",19129.263178130786,91,93,51,11,9,2,True,4556.852636,4556.852635626157,3.738423401955515e-07,414.25933054545453,1.1675094000529498,11,1.0,stage3-round-broad-p3-0021-3853fbb1d5ee001e,broad,broad_joint,assumption__radius_max__noise_deterministic__scale_300,broad_or_stress_assumption,confirmation,random,max,deterministic,11,0,c9273ff2fddcb652aac26655e59d13ef91f70ab51e688a97779e5781d06e7a76,3,cd1e242cb9e30b1167239aaab152a2f8cb6ca89aa41498b580ec1889fd2c4b5c,joint,014f90c85d9df17918ca4aa165cefc62925fd937cec297da9b08baff35e26380,normal,,True,self_built_fixed_scenario,[],9ddea158bbe804fc73c52f6b799010e355c59615a4bb42ba8c69f61936cf6d36,1b673484453104a5d87d4605d30b20826a3b7ec64769fd6ce8d3c8f7a1ad24f6,"{""scripts/run_candidate_stages.py"":""c2e66de2b6e26dfd94409d1597cd4af87a371372b9a722dc25f90691b1c3cd1b"",""src/bsolver/nosignal_sensing.py"":""2073393686e1538ad046965cbc3b4cf1f16b6882a157b6efa5c7855ff50be6c0"",""src/bsolver/round_experiments.py"":""6836dedaa30c8a24e910cede983b3e811c97e52dbd994f4e1dbd4f3a576c8c7a""}",4556.852636,,,,,
complete,,3,"{""bin_width_deg"":4.0,""clear_radius"":19.999,""coverage"":""triangular"",""epsilon_deg"":1.0051,""joint_detour_m"":800.0,""local_measure_limit"":1,""max_virtual_s"":360000.0,""nearest_safe"":true,""opportunistic_known_measurements"":false,""problem"":3,""radius_weight"":2.0,""reserve_real_s"":5.0,""scheduling"":""joint"",""sensing"":""active"",""spacing"":null}",19117.024792454595,83,84,42,14,9,5,True,4480.404958,4480.404958490919,-4.909188646706752e-07,320.0289255714286,1.4531239999923855,14,1.0,stage3-round-broad-p3-0030-e9e675fabfd857d1,broad,broad_joint,assumption__radius_max__noise_deterministic__scale_75,broad_or_stress_assumption,confirmation,random,max,deterministic,14,0,edadc2f3e990d3495bfaab700f49cee2ad735ce5a7a51007e4624438276f3a3a,3,cd1e242cb9e30b1167239aaab152a2f8cb6ca89aa41498b580ec1889fd2c4b5c,joint,014f90c85d9df17918ca4aa165cefc62925fd937cec297da9b08baff35e26380,normal,,True,self_built_fixed_scenario,[],d4afb5978369dbd3e323ebdd29cfa33d8aaeb529f813d24c176edc9874ad2a40,1b673484453104a5d87d4605d30b20826a3b7ec64769fd6ce8d3c8f7a1ad24f6,"{""scripts/run_candidate_stages.py"":""c2e66de2b6e26dfd94409d1597cd4af87a371372b9a722dc25f90691b1c3cd1b"",""src/bsolver/nosignal_sensing.py"":""2073393686e1538ad046965cbc3b4cf1f16b6882a157b6efa5c7855ff50be6c0"",""src/bsolver/round_experiments.py"":""6836dedaa30c8a24e910cede983b3e811c97e52dbd994f4e1dbd4f3a576c8c7a""}",4480.404958,,,,,
complete,,3,"{""bin_width_deg"":4.0,""clear_radius"":19.999,""coverage"":""triangular"",""epsilon_deg"":1.0051,""joint_detour_m"":800.0,""local_measure_limit"":1,""max_virtual_s"":360000.0,""nearest_safe"":true,""opportunistic_known_measurements"":false,""problem"":3,""radius_weight"":2.0,""reserve_real_s"":5.0,""scheduling"":""joint"",""sensing"":""active"",""spacing"":null}",19158.811739542518,90,93,42,11,9,2,True,4534.762349,4534.762347908503,1.0914964150288142e-06,412.2511226363636,1.13856830005534,11,1.0,stage3-round-broad-p3-0049-705a99fabb8b1b6d,broad,broad_joint,assumption__radius_max__noise_correlated__scale_300,broad_or_stress_assumption,confirmation,random,max,correlated,11,0,6f5e6755efbd88a666ab1dbbeaddb9989f48ae2b5f70d763494f7be5a32d6bc1,3,cd1e242cb9e30b1167239aaab152a2f8cb6ca89aa41498b580ec1889fd2c4b5c,joint,014f90c85d9df17918ca4aa165cefc62925fd937cec297da9b08baff35e26380,normal,,True,self_built_fixed_scenario,[],6761f4f4993ac7f8c60edebfd0663850ad155117597dfd3923282b9b75b431cc,1b673484453104a5d87d4605d30b20826a3b7ec64769fd6ce8d3c8f7a1ad24f6,"{""scripts/run_candidate_stages.py"":""c2e66de2b6e26dfd94409d1597cd4af87a371372b9a722dc25f90691b1c3cd1b"",""src/bsolver/nosignal_sensing.py"":""2073393686e1538ad046965cbc3b4cf1f16b6882a157b6efa5c7855ff50be6c0"",""src/bsolver/round_experiments.py"":""6836dedaa30c8a24e910cede983b3e811c97e52dbd994f4e1dbd4f3a576c8c7a""}",4534.762349,,,,,
complete,,3,"{""bin_width_deg"":4.0,""clear_radius"":19.999,""coverage"":""triangular"",""epsilon_deg"":1.0051,""joint_detour_m"":800.0,""local_measure_limit"":1,""max_virtual_s"":360000.0,""nearest_safe"":true,""opportunistic_known_measurements"":false,""problem"":3,""radius_weight"":2.0,""reserve_real_s"":5.0,""scheduling"":""joint"",""sensing"":""active"",""spacing"":null}",19495.539646682133,90,92,43,13,12,1,True,4604.10793,4604.107929336426,6.635737008764409e-07,354.1621484615385,1.3153853999683633,13,1.0,stage3-round-broad-p3-0050-82c88f4277be32dd,broad,broad_joint,assumption__radius_max__noise_extreme__scale_300,broad_or_stress_assumption,confirmation,random,max,extreme,13,0,50a8e0e09a7d7be4a789b5df96aad55af5397d85af5c1d76b3d361b34e28ef25,3,cd1e242cb9e30b1167239aaab152a2f8cb6ca89aa41498b580ec1889fd2c4b5c,joint,014f90c85d9df17918ca4aa165cefc62925fd937cec297da9b08baff35e26380,normal,,True,self_built_fixed_scenario,[],4a77ac1aaedc63e2b5e8fa035ae1d186946cd03b10ce902867e032b09cd27784,1b673484453104a5d87d4605d30b20826a3b7ec64769fd6ce8d3c8f7a1ad24f6,"{""scripts/run_candidate_stages.py"":""c2e66de2b6e26dfd94409d1597cd4af87a371372b9a722dc25f90691b1c3cd1b"",""src/bsolver/nosignal_sensing.py"":""2073393686e1538ad046965cbc3b4cf1f16b6882a157b6efa5c7855ff50be6c0"",""src/bsolver/round_experiments.py"":""6836dedaa30c8a24e910cede983b3e811c97e52dbd994f4e1dbd4f3a576c8c7a""}",4604.10793,,,,,
complete,,3,"{""bin_width_deg"":4.0,""clear_radius"":19.999,""coverage"":""triangular"",""epsilon_deg"":1.0051,""joint_detour_m"":800.0,""local_measure_limit"":1,""max_virtual_s"":360000.0,""nearest_safe"":true,""opportunistic_known_measurements"":false,""problem"":3,""radius_weight"":2.0,""reserve_real_s"":5.0,""scheduling"":""joint"",""sensing"":""active"",""spacing"":null}",17192.977366143357,101,103,28,12,9,3,True,4162.595467,4162.595473228672,-6.228671736607794e-06,346.88295558333334,1.2448168999981135,12,1.0,stage3-round-broad-p3-0052-b78e39d7c0f25d95,broad,broad_joint,assumption__radius_mixed__noise_correlated__scale_300,broad_or_stress_assumption,confirmation,random,mixed,correlated,12,0,61df7738efe8ac020f73778fd0e8ad9d0052273169c2cf24a19aa5068a38dee6,3,cd1e242cb9e30b1167239aaab152a2f8cb6ca89aa41498b580ec1889fd2c4b5c,joint,014f90c85d9df17918ca4aa165cefc62925fd937cec297da9b08baff35e26380,normal,,True,self_built_fixed_scenario,[],cf1007e0c9b96a9cd59ff49664e047658af4257521642904079b38b378b6119c,1b673484453104a5d87d4605d30b20826a3b7ec64769fd6ce8d3c8f7a1ad24f6,"{""scripts/run_candidate_stages.py"":""c2e66de2b6e26dfd94409d1597cd4af87a371372b9a722dc25f90691b1c3cd1b"",""src/bsolver/nosignal_sensing.py"":""2073393686e1538ad046965cbc3b4cf1f16b6882a157b6efa5c7855ff50be6c0"",""src/bsolver/round_experiments.py"":""6836dedaa30c8a24e910cede983b3e811c97e52dbd994f4e1dbd4f3a576c8c7a""}",4162.595467,,,,,
complete,,3,"{""bin_width_deg"":4.0,""clear_radius"":19.999,""coverage"":""triangular"",""epsilon_deg"":1.0051,""joint_detour_m"":800.0,""local_measure_limit"":1,""max_virtual_s"":360000.0,""nearest_safe"":true,""opportunistic_known_measurements"":false,""problem"":3,""radius_weight"":2.0,""reserve_real_s"":5.0,""scheduling"":""joint"",""sensing"":""active"",""spacing"":null}",21937.269456782982,85,87,46,16,11,5,True,5077.45389,5077.453891356597,-1.3565968401962891e-06,317.340868125,1.7806139999302104,16,1.0,stage3-round-broad-p3-0062-c52a8c5fc7ec9825,broad,broad_joint,assumption__radius_mixed__noise_extreme__scale_75,broad_or_stress_assumption,confirmation,random,mixed,extreme,16,0,aafce117698940cd59d8c4db7c8ea4c75015487566d7486695ec5a13ecd9b3f2,3,cd1e242cb9e30b1167239aaab152a2f8cb6ca89aa41498b580ec1889fd2c4b5c,joint,014f90c85d9df17918ca4aa165cefc62925fd937cec297da9b08baff35e26380,normal,,True,self_built_fixed_scenario,[],b8bb7c4966163c63269652ae3c9f2cbfc0f50b5f857eab4bcf289396cf048b70,1b673484453104a5d87d4605d30b20826a3b7ec64769fd6ce8d3c8f7a1ad24f6,"{""scripts/run_candidate_stages.py"":""c2e66de2b6e26dfd94409d1597cd4af87a371372b9a722dc25f90691b1c3cd1b"",""src/bsolver/nosignal_sensing.py"":""2073393686e1538ad046965cbc3b4cf1f16b6882a157b6efa5c7855ff50be6c0"",""src/bsolver/round_experiments.py"":""6836dedaa30c8a24e910cede983b3e811c97e52dbd994f4e1dbd4f3a576c8c7a""}",5077.45389,,,,,
complete,,3,"{""bin_width_deg"":4.0,""clear_radius"":19.999,""coverage"":""triangular"",""epsilon_deg"":1.0051,""joint_detour_m"":800.0,""local_measure_limit"":1,""max_virtual_s"":360000.0,""nearest_safe"":true,""opportunistic_known_measurements"":false,""problem"":3,""radius_weight"":2.0,""reserve_real_s"":5.0,""scheduling"":""joint"",""sensing"":""active"",""spacing"":null}",16537.557553615676,104,106,27,11,6,5,True,4044.51151,4044.511510723135,-7.231351446534973e-07,367.68286454545455,1.1296714999480173,11,1.0,stage3-round-broad-p3-0063-ef82cdcc9aee0831,broad,broad_joint,assumption__radius_min__noise_deterministic__scale_150,broad_or_stress_assumption,confirmation,random,min,deterministic,11,0,30a05f03d6f0fc95b483c5ec75abbacce5884c9b438c39fc16c5bc9e34847e3b,3,cd1e242cb9e30b1167239aaab152a2f8cb6ca89aa41498b580ec1889fd2c4b5c,joint,014f90c85d9df17918ca4aa165cefc62925fd937cec297da9b08baff35e26380,normal,,True,self_built_fixed_scenario,[],4c45e8680374442fd155bbee36e591a35479d433614545b0ecf9a04e2d5c8bd7,1b673484453104a5d87d4605d30b20826a3b7ec64769fd6ce8d3c8f7a1ad24f6,"{""scripts/run_candidate_stages.py"":""c2e66de2b6e26dfd94409d1597cd4af87a371372b9a722dc25f90691b1c3cd1b"",""src/bsolver/nosignal_sensing.py"":""2073393686e1538ad046965cbc3b4cf1f16b6882a157b6efa5c7855ff50be6c0"",""src/bsolver/round_experiments.py"":""6836dedaa30c8a24e910cede983b3e811c97e52dbd994f4e1dbd4f3a576c8c7a""}",4044.51151,,,,,
complete,,3,"{""bin_width_deg"":4.0,""clear_radius"":19.999,""coverage"":""triangular"",""epsilon_deg"":1.0051,""joint_detour_m"":800.0,""local_measure_limit"":1,""max_virtual_s"":360000.0,""nearest_safe"":true,""opportunistic_known_measurements"":false,""problem"":3,""radius_weight"":2.0,""reserve_real_s"":5.0,""scheduling"":""joint"",""sensing"":""active"",""spacing"":null}",20886.153920345918,102,104,46,13,9,4,True,4963.230782,4963.230784069184,-2.069184120045975e-06,381.7869832307692,1.409724700031802,13,1.0,stage3-round-broad-p3-0071-fba9c50680445d46,broad,broad_joint,assumption__radius_mixed__noise_extreme__scale_150,broad_or_stress_assumption,confirmation,random,mixed,extreme,13,0,45c121a39560a8019d33ac229f4e41112e74e539eca8f6889738e4d3e35c69a1,3,cd1e242cb9e30b1167239aaab152a2f8cb6ca89aa41498b580ec1889fd2c4b5c,joint,014f90c85d9df17918ca4aa165cefc62925fd937cec297da9b08baff35e26380,normal,,True,self_built_fixed_scenario,[],14c36608c59d502f3c9bab19b2d99efa2eeae701ebd8f32663494ff8f84f955e,1b673484453104a5d87d4605d30b20826a3b7ec64769fd6ce8d3c8f7a1ad24f6,"{""scripts/run_candidate_stages.py"":""c2e66de2b6e26dfd94409d1597cd4af87a371372b9a722dc25f90691b1c3cd1b"",""src/bsolver/nosignal_sensing.py"":""2073393686e1538ad046965cbc3b4cf1f16b6882a157b6efa5c7855ff50be6c0"",""src/bsolver/round_experiments.py"":""6836dedaa30c8a24e910cede983b3e811c97e52dbd994f4e1dbd4f3a576c8c7a""}",4963.230782,,,,,
complete,,3,"{""bin_width_deg"":4.0,""clear_radius"":19.999,""coverage"":""triangular"",""epsilon_deg"":1.0051,""joint_detour_m"":800.0,""local_measure_limit"":1,""max_virtual_s"":360000.0,""nearest_safe"":true,""opportunistic_known_measurements"":false,""problem"":3,""radius_weight"":2.0,""reserve_real_s"":5.0,""scheduling"":""joint"",""sensing"":""active"",""spacing"":null}",20696.7713353016,111,113,26,15,6,9,True,4923.35427,4923.35426706032,2.93967968900688e-06,328.223618,1.749918199959211,15,1.0,stage3-round-broad-p3-0074-0ac34f642ded8f19,broad,broad_joint,assumption__radius_min__noise_extreme__scale_300,broad_or_stress_assumption,confirmation,random,min,extreme,15,0,eee06208cebe58377f49d470a26a2909f54925f27531b7e38a5a313e935c3416,3,cd1e242cb9e30b1167239aaab152a2f8cb6ca89aa41498b580ec1889fd2c4b5c,joint,014f90c85d9df17918ca4aa165cefc62925fd937cec297da9b08baff35e26380,normal,,True,self_built_fixed_scenario,[],67cc67a5f5cb06aef5e4c8ab405651670dc5dd4256a45dcb2e4e15e8ef34519f,1b673484453104a5d87d4605d30b20826a3b7ec64769fd6ce8d3c8f7a1ad24f6,"{""scripts/run_candidate_stages.py"":""c2e66de2b6e26dfd94409d1597cd4af87a371372b9a722dc25f90691b1c3cd1b"",""src/bsolver/nosignal_sensing.py"":""2073393686e1538ad046965cbc3b4cf1f16b6882a157b6efa5c7855ff50be6c0"",""src/bsolver/round_experiments.py"":""6836dedaa30c8a24e910cede983b3e811c97e52dbd994f4e1dbd4f3a576c8c7a""}",4923.35427,,,,,
complete,,3,"{""bin_width_deg"":4.0,""clear_radius"":19.999,""coverage"":""triangular"",""epsilon_deg"":1.0051,""joint_detour_m"":800.0,""local_measure_limit"":1,""max_virtual_s"":360000.0,""nearest_safe"":true,""opportunistic_known_measurements"":false,""problem"":3,""radius_weight"":2.0,""reserve_real_s"":5.0,""scheduling"":""joint"",""sensing"":""active"",""spacing"":null}",16251.33484991369,92,95,37,10,7,3,True,3948.266968,3948.266969982738,-1.9827380128845107e-06,394.8266968,1.097348399925977,10,1.0,stage3-round-broad-p3-0075-582cb7d002d0dc76,broad,broad_joint,assumption__radius_max__noise_deterministic__scale_300,broad_or_stress_assumption,confirmation,random,max,deterministic,10,0,54fa106e38197914cb124eec0ce52720cb773b844ab09ab9ab049c44a77d1a48,3,cd1e242cb9e30b1167239aaab152a2f8cb6ca89aa41498b580ec1889fd2c4b5c,joint,014f90c85d9df17918ca4aa165cefc62925fd937cec297da9b08baff35e26380,normal,,True,self_built_fixed_scenario,[],d33b3d495270c8ff1592aed8173164a693234cbffa2c77de1e184cf8b89fd4f9,1b673484453104a5d87d4605d30b20826a3b7ec64769fd6ce8d3c8f7a1ad24f6,"{""scripts/run_candidate_stages.py"":""c2e66de2b6e26dfd94409d1597cd4af87a371372b9a722dc25f90691b1c3cd1b"",""src/bsolver/nosignal_sensing.py"":""2073393686e1538ad046965cbc3b4cf1f16b6882a157b6efa5c7855ff50be6c0"",""src/bsolver/round_experiments.py"":""6836dedaa30c8a24e910cede983b3e811c97e52dbd994f4e1dbd4f3a576c8c7a""}",3948.266968,,,,,
complete,,3,"{""bin_width_deg"":4.0,""clear_radius"":19.999,""coverage"":""triangular"",""epsilon_deg"":1.0051,""joint_detour_m"":800.0,""local_measure_limit"":1,""max_virtual_s"":360000.0,""nearest_safe"":true,""opportunistic_known_measurements"":false,""problem"":3,""radius_weight"":2.0,""reserve_real_s"":5.0,""scheduling"":""joint"",""sensing"":""active"",""spacing"":null}",17715.290035171754,83,85,30,11,10,1,True,4163.058008,4163.058007034351,9.656487236497924e-07,378.4598189090909,1.2139309999765828,11,1.0,stage3-round-broad-p3-0077-7c834dc080bade6f,broad,broad_joint,assumption__radius_max__noise_extreme__scale_300,broad_or_stress_assumption,confirmation,random,max,extreme,11,0,0ae85f8c9ab9e5a9810d0e719443ba88d41c5dc861110e514ce32e457de6b7ac,3,cd1e242cb9e30b1167239aaab152a2f8cb6ca89aa41498b580ec1889fd2c4b5c,joint,014f90c85d9df17918ca4aa165cefc62925fd937cec297da9b08baff35e26380,normal,,True,self_built_fixed_scenario,[],d68b425a47a1cf55d0990c78940b408c4fd9ee6cb3e7404c783edbab25c3fd34,1b673484453104a5d87d4605d30b20826a3b7ec64769fd6ce8d3c8f7a1ad24f6,"{""scripts/run_candidate_stages.py"":""c2e66de2b6e26dfd94409d1597cd4af87a371372b9a722dc25f90691b1c3cd1b"",""src/bsolver/nosignal_sensing.py"":""2073393686e1538ad046965cbc3b4cf1f16b6882a157b6efa5c7855ff50be6c0"",""src/bsolver/round_experiments.py"":""6836dedaa30c8a24e910cede983b3e811c97e52dbd994f4e1dbd4f3a576c8c7a""}",4163.058008,,,,,
complete,,3,"{""bin_width_deg"":4.0,""clear_radius"":19.999,""coverage"":""triangular"",""epsilon_deg"":1.0051,""joint_detour_m"":800.0,""local_measure_limit"":1,""max_virtual_s"":360000.0,""nearest_safe"":true,""opportunistic_known_measurements"":false,""problem"":3,""radius_weight"":2.0,""reserve_real_s"":5.0,""scheduling"":""joint"",""sensing"":""active"",""spacing"":null}",18794.84448234003,97,99,26,13,5,8,True,4454.968895,4454.968896468006,-1.4680063031846657e-06,342.689915,1.5158616000553593,13,1.0,stage3-round-broad-p3-0078-05c04cb8fe2141bf,broad,broad_joint,assumption__radius_mixed__noise_deterministic__scale_300,broad_or_stress_assumption,confirmation,random,mixed,deterministic,13,0,7795182078f77653260ae17cee43f1167bf93ab00097c1dc1d3008127cbb855a,3,cd1e242cb9e30b1167239aaab152a2f8cb6ca89aa41498b580ec1889fd2c4b5c,joint,014f90c85d9df17918ca4aa165cefc62925fd937cec297da9b08baff35e26380,normal,,True,self_built_fixed_scenario,[],7afb842fef54834d27db83a99cc2b4a1869c53a394405ab55d65750190054baf,1b673484453104a5d87d4605d30b20826a3b7ec64769fd6ce8d3c8f7a1ad24f6,"{""scripts/run_candidate_stages.py"":""c2e66de2b6e26dfd94409d1597cd4af87a371372b9a722dc25f90691b1c3cd1b"",""src/bsolver/nosignal_sensing.py"":""2073393686e1538ad046965cbc3b4cf1f16b6882a157b6efa5c7855ff50be6c0"",""src/bsolver/round_experiments.py"":""6836dedaa30c8a24e910cede983b3e811c97e52dbd994f4e1dbd4f3a576c8c7a""}",4454.968895,,,,,
complete,,4,"{""bin_width_deg"":4.0,""clear_radius"":19.999,""coverage"":""triangular"",""epsilon_deg"":1.0051,""joint_detour_m"":800.0,""local_measure_limit"":1,""max_virtual_s"":360000.0,""nearest_safe"":true,""opportunistic_known_measurements"":false,""problem"":4,""radius_weight"":2.0,""reserve_real_s"":5.0,""scheduling"":""joint"",""sensing"":""active"",""spacing"":null}",44880.64967307565,242,265,117,14,12,2,True,10922.129934,10922.12993461513,-6.151294655865058e-07,780.1521381428572,1.9099561999319121,14,1.0,stage3-round-broad-p4-0004-2bba563621b456fc,broad,broad_joint,assumption__radius_max__noise_correlated__scale_75,broad_or_stress_assumption,confirmation,random,max,correlated,14,8,ec93f0ba90773ac7a6762a56a804a1c408b5825340c7e2933e7512632e5c1ce4,3,cd1e242cb9e30b1167239aaab152a2f8cb6ca89aa41498b580ec1889fd2c4b5c,joint,d32b06f867543ec26a39bcfe4f6ea9e662a9e4006475821d18a405dede2bcff0,nosignal,"{""directional_prior"":0.5,""interior_fraction"":0.75,""orientation_sample_count"":24,""position_sample_count"":7,""radius_samples"":[1000.0,1250.0,1500.0]}",True,self_built_fixed_scenario,[],3eb6239599856b56e76e27490ebca80427ed4e7286465b4c4d57c0d1bc9c7e7c,1b673484453104a5d87d4605d30b20826a3b7ec64769fd6ce8d3c8f7a1ad24f6,"{""scripts/run_candidate_stages.py"":""c2e66de2b6e26dfd94409d1597cd4af87a371372b9a722dc25f90691b1c3cd1b"",""src/bsolver/nosignal_sensing.py"":""2073393686e1538ad046965cbc3b4cf1f16b6882a157b6efa5c7855ff50be6c0"",""src/bsolver/round_experiments.py"":""6836dedaa30c8a24e910cede983b3e811c97e52dbd994f4e1dbd4f3a576c8c7a""}",10922.129934,14,10,0,0,sampled_nosignal_v1
complete,,4,"{""bin_width_deg"":4.0,""clear_radius"":19.999,""coverage"":""triangular"",""epsilon_deg"":1.0051,""joint_detour_m"":800.0,""local_measure_limit"":1,""max_virtual_s"":360000.0,""nearest_safe"":true,""opportunistic_known_measurements"":false,""problem"":4,""radius_weight"":2.0,""reserve_real_s"":5.0,""scheduling"":""joint"",""sensing"":""active"",""spacing"":null}",38030.550058452536,359,380,86,12,7,5,True,10147.110011,10147.110011690507,-6.905065674800426e-07,845.5925009166667,1.681231199996546,12,1.0,stage3-round-broad-p4-0008-790a8a6e91782831,broad,broad_joint,assumption__radius_mixed__noise_extreme__scale_75,broad_or_stress_assumption,confirmation,random,mixed,extreme,12,4,cca7d062bd5a02ffe80efd2cd7f9fb9686d87edb52f0d28bdb732b79e8efe63c,3,cd1e242cb9e30b1167239aaab152a2f8cb6ca89aa41498b580ec1889fd2c4b5c,joint,d32b06f867543ec26a39bcfe4f6ea9e662a9e4006475821d18a405dede2bcff0,nosignal,"{""directional_prior"":0.5,""interior_fraction"":0.75,""orientation_sample_count"":24,""position_sample_count"":7,""radius_samples"":[1000.0,1250.0,1500.0]}",True,self_built_fixed_scenario,[],019086617ee1a81b44cc6a47bce9dc9c033d479ff037fbf9b8858de9e3a0f529,1b673484453104a5d87d4605d30b20826a3b7ec64769fd6ce8d3c8f7a1ad24f6,"{""scripts/run_candidate_stages.py"":""c2e66de2b6e26dfd94409d1597cd4af87a371372b9a722dc25f90691b1c3cd1b"",""src/bsolver/nosignal_sensing.py"":""2073393686e1538ad046965cbc3b4cf1f16b6882a157b6efa5c7855ff50be6c0"",""src/bsolver/round_experiments.py"":""6836dedaa30c8a24e910cede983b3e811c97e52dbd994f4e1dbd4f3a576c8c7a""}",10147.110011,12,11,0,0,sampled_nosignal_v1
complete,,4,"{""bin_width_deg"":4.0,""clear_radius"":19.999,""coverage"":""triangular"",""epsilon_deg"":1.0051,""joint_detour_m"":800.0,""local_measure_limit"":1,""max_virtual_s"":360000.0,""nearest_safe"":true,""opportunistic_known_measurements"":false,""problem"":4,""radius_weight"":2.0,""reserve_real_s"":5.0,""scheduling"":""joint"",""sensing"":""active"",""spacing"":null}",38655.39292397842,302,323,72,15,11,4,True,9894.078585,9894.078584795683,2.0431616576388478e-07,659.605239,1.9797956000547856,15,1.0,stage3-round-broad-p4-0009-e4a1b703e259a46f,broad,broad_joint,assumption__radius_min__noise_deterministic__scale_150,broad_or_stress_assumption,confirmation,random,min,deterministic,15,2,b32d683c08492cb19938d4f6704bc065c1565021fc55931d466c158d13b84091,3,cd1e242cb9e30b1167239aaab152a2f8cb6ca89aa41498b580ec1889fd2c4b5c,joint,d32b06f867543ec26a39bcfe4f6ea9e662a9e4006475821d18a405dede2bcff0,nosignal,"{""directional_prior"":0.5,""interior_fraction"":0.75,""orientation_sample_count"":24,""position_sample_count"":7,""radius_samples"":[1000.0,1250.0,1500.0]}",True,self_built_fixed_scenario,[],fa6fcc906e1f5fb99eebe912c2dae072325e3651d89b3ed1eeaf135b99cad4f5,1b673484453104a5d87d4605d30b20826a3b7ec64769fd6ce8d3c8f7a1ad24f6,"{""scripts/run_candidate_stages.py"":""c2e66de2b6e26dfd94409d1597cd4af87a371372b9a722dc25f90691b1c3cd1b"",""src/bsolver/nosignal_sensing.py"":""2073393686e1538ad046965cbc3b4cf1f16b6882a157b6efa5c7855ff50be6c0"",""src/bsolver/round_experiments.py"":""6836dedaa30c8a24e910cede983b3e811c97e52dbd994f4e1dbd4f3a576c8c7a""}",9894.078585,15,12,0,0,sampled_nosignal_v1
complete,,4,"{""bin_width_deg"":4.0,""clear_radius"":19.999,""coverage"":""triangular"",""epsilon_deg"":1.0051,""joint_detour_m"":800.0,""local_measure_limit"":1,""max_virtual_s"":360000.0,""nearest_safe"":true,""opportunistic_known_measurements"":false,""problem"":4,""radius_weight"":2.0,""reserve_real_s"":5.0,""scheduling"":""joint"",""sensing"":""active"",""spacing"":null}",51821.53931745291,270,292,271,14,12,2,True,12935.30786,12935.307863490581,-3.4905806387541816e-06,923.9505614285715,1.9658353000413626,14,1.0,stage3-round-broad-p4-0011-5c146eb81202e968,broad,broad_joint,assumption__radius_min__noise_extreme__scale_150,broad_or_stress_assumption,confirmation,random,min,extreme,14,13,3e09b1e217541b2786d14a7fd3789a41d277fc442a2f66fc288ede2b18abfff6,3,cd1e242cb9e30b1167239aaab152a2f8cb6ca89aa41498b580ec1889fd2c4b5c,joint,d32b06f867543ec26a39bcfe4f6ea9e662a9e4006475821d18a405dede2bcff0,nosignal,"{""directional_prior"":0.5,""interior_fraction"":0.75,""orientation_sample_count"":24,""position_sample_count"":7,""radius_samples"":[1000.0,1250.0,1500.0]}",True,self_built_fixed_scenario,[],8cfaa39cedfbfdada3424a3ca23669b49638fc96d6d96186bef51e4b8c84971f,1b673484453104a5d87d4605d30b20826a3b7ec64769fd6ce8d3c8f7a1ad24f6,"{""scripts/run_candidate_stages.py"":""c2e66de2b6e26dfd94409d1597cd4af87a371372b9a722dc25f90691b1c3cd1b"",""src/bsolver/nosignal_sensing.py"":""2073393686e1538ad046965cbc3b4cf1f16b6882a157b6efa5c7855ff50be6c0"",""src/bsolver/round_experiments.py"":""6836dedaa30c8a24e910cede983b3e811c97e52dbd994f4e1dbd4f3a576c8c7a""}",12935.30786,14,9,0,0,sampled_nosignal_v1
complete,,4,"{""bin_width_deg"":4.0,""clear_radius"":19.999,""coverage"":""triangular"",""epsilon_deg"":1.0051,""joint_detour_m"":800.0,""local_measure_limit"":1,""max_virtual_s"":360000.0,""nearest_safe"":true,""opportunistic_known_measurements"":false,""problem"":4,""radius_weight"":2.0,""reserve_real_s"":5.0,""scheduling"":""joint"",""sensing"":""active"",""spacing"":null}",40904.256120346945,294,316,44,13,10,3,True,10212.851224,10212.851224069389,-6.938898877706379e-08,785.6039403076923,1.7212798999389634,13,1.0,stage3-round-broad-p4-0027-841cb96c2e8bb55b,broad,broad_joint,assumption__radius_min__noise_deterministic__scale_75,broad_or_stress_assumption,confirmation,random,min,deterministic,13,2,e065b95d18c4afd603f69bd43264d9f1b613a8dc9e85acdad37efb8b2cdaa708,3,cd1e242cb9e30b1167239aaab152a2f8cb6ca89aa41498b580ec1889fd2c4b5c,joint,d32b06f867543ec26a39bcfe4f6ea9e662a9e4006475821d18a405dede2bcff0,nosignal,"{""directional_prior"":0.5,""interior_fraction"":0.75,""orientation_sample_count"":24,""position_sample_count"":7,""radius_samples"":[1000.0,1250.0,1500.0]}",True,self_built_fixed_scenario,[],bc6215e326bc1332071ee876a0aa96d71f8d0e9afa2535bf87c8c9aa41fe0f31,1b673484453104a5d87d4605d30b20826a3b7ec64769fd6ce8d3c8f7a1ad24f6,"{""scripts/run_candidate_stages.py"":""c2e66de2b6e26dfd94409d1597cd4af87a371372b9a722dc25f90691b1c3cd1b"",""src/bsolver/nosignal_sensing.py"":""2073393686e1538ad046965cbc3b4cf1f16b6882a157b6efa5c7855ff50be6c0"",""src/bsolver/round_experiments.py"":""6836dedaa30c8a24e910cede983b3e811c97e52dbd994f4e1dbd4f3a576c8c7a""}",10212.851224,13,11,0,0,sampled_nosignal_v1
complete,,4,"{""bin_width_deg"":4.0,""clear_radius"":19.999,""coverage"":""triangular"",""epsilon_deg"":1.0051,""joint_detour_m"":800.0,""local_measure_limit"":1,""max_virtual_s"":360000.0,""nearest_safe"":true,""opportunistic_known_measurements"":false,""problem"":4,""radius_weight"":2.0,""reserve_real_s"":5.0,""scheduling"":""joint"",""sensing"":""active"",""spacing"":null}",49706.54302124198,199,222,164,16,15,1,True,11774.308605,11774.308604248396,7.516046025557443e-07,735.8942878125,2.117977699963376,16,1.0,stage3-round-broad-p4-0032-d8cd836936a01d0e,broad,broad_joint,assumption__radius_max__noise_extreme__scale_75,broad_or_stress_assumption,confirmation,random,max,extreme,16,7,7afa36e39aae2e4bb868f8ca16f06a62247802de5a5fe59894e8611bcdb7e477,3,cd1e242cb9e30b1167239aaab152a2f8cb6ca89aa41498b580ec1889fd2c4b5c,joint,d32b06f867543ec26a39bcfe4f6ea9e662a9e4006475821d18a405dede2bcff0,nosignal,"{""directional_prior"":0.5,""interior_fraction"":0.75,""orientation_sample_count"":24,""position_sample_count"":7,""radius_samples"":[1000.0,1250.0,1500.0]}",True,self_built_fixed_scenario,[],4ae858a2cb34a2c66b48cbf6807f5290ce173578cbd6403299b2887931e68544,1b673484453104a5d87d4605d30b20826a3b7ec64769fd6ce8d3c8f7a1ad24f6,"{""scripts/run_candidate_stages.py"":""c2e66de2b6e26dfd94409d1597cd4af87a371372b9a722dc25f90691b1c3cd1b"",""src/bsolver/nosignal_sensing.py"":""2073393686e1538ad046965cbc3b4cf1f16b6882a157b6efa5c7855ff50be6c0"",""src/bsolver/round_experiments.py"":""6836dedaa30c8a24e910cede983b3e811c97e52dbd994f4e1dbd4f3a576c8c7a""}",11774.308605,16,13,0,0,sampled_nosignal_v1
complete,,4,"{""bin_width_deg"":4.0,""clear_radius"":19.999,""coverage"":""triangular"",""epsilon_deg"":1.0051,""joint_detour_m"":800.0,""local_measure_limit"":1,""max_virtual_s"":360000.0,""nearest_safe"":true,""opportunistic_known_measurements"":false,""problem"":4,""radius_weight"":2.0,""reserve_real_s"":5.0,""scheduling"":""joint"",""sensing"":""active"",""spacing"":null}",42876.16674256724,241,265,71,15,8,7,True,10384.233348,10384.233348513448,-5.134479579282925e-07,692.2822232,1.9560718000866473,15,1.0,stage3-round-broad-p4-0034-b61541eb7aa72fa2,broad,broad_joint,assumption__radius_mixed__noise_correlated__scale_75,broad_or_stress_assumption,confirmation,random,mixed,correlated,15,1,ea7f30a06c5228b5c65595e28e23ad3163d9e1b9ff38fb3133b0a6bb11af5215,3,cd1e242cb9e30b1167239aaab152a2f8cb6ca89aa41498b580ec1889fd2c4b5c,joint,d32b06f867543ec26a39bcfe4f6ea9e662a9e4006475821d18a405dede2bcff0,nosignal,"{""directional_prior"":0.5,""interior_fraction"":0.75,""orientation_sample_count"":24,""position_sample_count"":7,""radius_samples"":[1000.0,1250.0,1500.0]}",True,self_built_fixed_scenario,[],8830470d3bdf588afff98370ac32533402ee0c27bc720a4d1e5a0c7beba472ce,1b673484453104a5d87d4605d30b20826a3b7ec64769fd6ce8d3c8f7a1ad24f6,"{""scripts/run_candidate_stages.py"":""c2e66de2b6e26dfd94409d1597cd4af87a371372b9a722dc25f90691b1c3cd1b"",""src/bsolver/nosignal_sensing.py"":""2073393686e1538ad046965cbc3b4cf1f16b6882a157b6efa5c7855ff50be6c0"",""src/bsolver/round_experiments.py"":""6836dedaa30c8a24e910cede983b3e811c97e52dbd994f4e1dbd4f3a576c8c7a""}",10384.233348,15,14,0,0,sampled_nosignal_v1
complete,,4,"{""bin_width_deg"":4.0,""clear_radius"":19.999,""coverage"":""triangular"",""epsilon_deg"":1.0051,""joint_detour_m"":800.0,""local_measure_limit"":1,""max_virtual_s"":360000.0,""nearest_safe"":true,""opportunistic_known_measurements"":false,""problem"":4,""radius_weight"":2.0,""reserve_real_s"":5.0,""scheduling"":""joint"",""sensing"":""active"",""spacing"":null}",42694.20076881673,284,305,60,14,8,6,True,10555.840154,10555.840153763345,2.3665415938012302e-07,753.9885824285714,1.814252799958922,14,1.0,stage3-round-broad-p4-0055-e49f23daae87449d,broad,broad_joint,assumption__radius_min__noise_correlated__scale_75,broad_or_stress_assumption,confirmation,random,min,correlated,14,7,32e1d2fdf6361e03137e9f37838c5828490990b7f722c8dcafcb89fed937496f,3,cd1e242cb9e30b1167239aaab152a2f8cb6ca89aa41498b580ec1889fd2c4b5c,joint,d32b06f867543ec26a39bcfe4f6ea9e662a9e4006475821d18a405dede2bcff0,nosignal,"{""directional_prior"":0.5,""interior_fraction"":0.75,""orientation_sample_count"":24,""position_sample_count"":7,""radius_samples"":[1000.0,1250.0,1500.0]}",True,self_built_fixed_scenario,[],4b4cdc20fc5500aed135b232312285f2c17202f671b141a95b00521dde39eaba,1b673484453104a5d87d4605d30b20826a3b7ec64769fd6ce8d3c8f7a1ad24f6,"{""scripts/run_candidate_stages.py"":""c2e66de2b6e26dfd94409d1597cd4af87a371372b9a722dc25f90691b1c3cd1b"",""src/bsolver/nosignal_sensing.py"":""2073393686e1538ad046965cbc3b4cf1f16b6882a157b6efa5c7855ff50be6c0"",""src/bsolver/round_experiments.py"":""6836dedaa30c8a24e910cede983b3e811c97e52dbd994f4e1dbd4f3a576c8c7a""}",10555.840154,14,11,0,0,sampled_nosignal_v1
complete,,4,"{""bin_width_deg"":4.0,""clear_radius"":19.999,""coverage"":""triangular"",""epsilon_deg"":1.0051,""joint_detour_m"":800.0,""local_measure_limit"":1,""max_virtual_s"":360000.0,""nearest_safe"":true,""opportunistic_known_measurements"":false,""problem"":4,""radius_weight"":2.0,""reserve_real_s"":5.0,""scheduling"":""joint"",""sensing"":""active"",""spacing"":null}",45931.641753501775,255,278,143,13,12,1,True,11286.32835,11286.328350700354,-7.003545761108398e-07,868.1791038461538,1.5739943999797106,13,1.0,stage3-round-broad-p4-0058-0d3cf882db84f8da,broad,broad_joint,assumption__radius_max__noise_correlated__scale_75,broad_or_stress_assumption,confirmation,random,max,correlated,13,3,51480c91377dbbd5dc7fa9170e4f1b980a32803add9b8ee4af9a85282fe085e4,3,cd1e242cb9e30b1167239aaab152a2f8cb6ca89aa41498b580ec1889fd2c4b5c,joint,d32b06f867543ec26a39bcfe4f6ea9e662a9e4006475821d18a405dede2bcff0,nosignal,"{""directional_prior"":0.5,""interior_fraction"":0.75,""orientation_sample_count"":24,""position_sample_count"":7,""radius_samples"":[1000.0,1250.0,1500.0]}",True,self_built_fixed_scenario,[],20ebad01e7f4c7800e37999a7889b7fe48e5f4a0feb47ce0ea00ad11e3b64886,1b673484453104a5d87d4605d30b20826a3b7ec64769fd6ce8d3c8f7a1ad24f6,"{""scripts/run_candidate_stages.py"":""c2e66de2b6e26dfd94409d1597cd4af87a371372b9a722dc25f90691b1c3cd1b"",""src/bsolver/nosignal_sensing.py"":""2073393686e1538ad046965cbc3b4cf1f16b6882a157b6efa5c7855ff50be6c0"",""src/bsolver/round_experiments.py"":""6836dedaa30c8a24e910cede983b3e811c97e52dbd994f4e1dbd4f3a576c8c7a""}",11286.32835,13,7,0,0,sampled_nosignal_v1
complete,,4,"{""bin_width_deg"":4.0,""clear_radius"":19.999,""coverage"":""triangular"",""epsilon_deg"":1.0051,""joint_detour_m"":800.0,""local_measure_limit"":1,""max_virtual_s"":360000.0,""nearest_safe"":true,""opportunistic_known_measurements"":false,""problem"":4,""radius_weight"":2.0,""reserve_real_s"":5.0,""scheduling"":""joint"",""sensing"":""active"",""spacing"":null}",40559.651775457365,210,225,107,16,14,2,True,9799.930354,9799.930355091474,-1.09147367766127e-06,612.495647125,1.7349550999933854,16,1.0,stage3-round-broad-p4-0059-1c98f278450857f2,broad,broad_joint,assumption__radius_max__noise_extreme__scale_75,broad_or_stress_assumption,confirmation,random,max,extreme,16,12,9954ea5f007141e54c0a40323ed4fc5716ae3ae7c361e2e8f785c5509d37a792,3,cd1e242cb9e30b1167239aaab152a2f8cb6ca89aa41498b580ec1889fd2c4b5c,joint,d32b06f867543ec26a39bcfe4f6ea9e662a9e4006475821d18a405dede2bcff0,nosignal,"{""directional_prior"":0.5,""interior_fraction"":0.75,""orientation_sample_count"":24,""position_sample_count"":7,""radius_samples"":[1000.0,1250.0,1500.0]}",True,self_built_fixed_scenario,[],744b31f783a545948ba6e3bf3a0bc752882742d242ff05c22c791f155ecc9490,1b673484453104a5d87d4605d30b20826a3b7ec64769fd6ce8d3c8f7a1ad24f6,"{""scripts/run_candidate_stages.py"":""c2e66de2b6e26dfd94409d1597cd4af87a371372b9a722dc25f90691b1c3cd1b"",""src/bsolver/nosignal_sensing.py"":""2073393686e1538ad046965cbc3b4cf1f16b6882a157b6efa5c7855ff50be6c0"",""src/bsolver/round_experiments.py"":""6836dedaa30c8a24e910cede983b3e811c97e52dbd994f4e1dbd4f3a576c8c7a""}",9799.930354,16,10,0,0,sampled_nosignal_v1
complete,,4,"{""bin_width_deg"":4.0,""clear_radius"":19.999,""coverage"":""triangular"",""epsilon_deg"":1.0051,""joint_detour_m"":800.0,""local_measure_limit"":1,""max_virtual_s"":360000.0,""nearest_safe"":true,""opportunistic_known_measurements"":false,""problem"":4,""radius_weight"":2.0,""reserve_real_s"":5.0,""scheduling"":""joint"",""sensing"":""active"",""spacing"":null}",39097.07615398784,370,395,76,10,10,0,True,10412.415232,10412.415230797567,1.2024320312775671e-06,1041.2415231999998,1.2768629000056535,10,1.0,stage3-round-broad-p4-0060-975d49f558b912ff,broad,broad_joint,assumption__radius_mixed__noise_deterministic__scale_75,broad_or_stress_assumption,confirmation,random,mixed,deterministic,10,9,f9f3ea70b6bd2c433651e7de1213db8db0f942f2010706575051470a172a1af2,3,cd1e242cb9e30b1167239aaab152a2f8cb6ca89aa41498b580ec1889fd2c4b5c,joint,d32b06f867543ec26a39bcfe4f6ea9e662a9e4006475821d18a405dede2bcff0,nosignal,"{""directional_prior"":0.5,""interior_fraction"":0.75,""orientation_sample_count"":24,""position_sample_count"":7,""radius_samples"":[1000.0,1250.0,1500.0]}",True,self_built_fixed_scenario,[],72be345885481d7c785b2d2b02366ae560d08f3b71d5ff271005eac33c9dac4e,1b673484453104a5d87d4605d30b20826a3b7ec64769fd6ce8d3c8f7a1ad24f6,"{""scripts/run_candidate_stages.py"":""c2e66de2b6e26dfd94409d1597cd4af87a371372b9a722dc25f90691b1c3cd1b"",""src/bsolver/nosignal_sensing.py"":""2073393686e1538ad046965cbc3b4cf1f16b6882a157b6efa5c7855ff50be6c0"",""src/bsolver/round_experiments.py"":""6836dedaa30c8a24e910cede983b3e811c97e52dbd994f4e1dbd4f3a576c8c7a""}",10412.415232,10,9,0,0,sampled_nosignal_v1
complete,,4,"{""bin_width_deg"":4.0,""clear_radius"":19.999,""coverage"":""triangular"",""epsilon_deg"":1.0051,""joint_detour_m"":800.0,""local_measure_limit"":1,""max_virtual_s"":360000.0,""nearest_safe"":true,""opportunistic_known_measurements"":false,""problem"":4,""radius_weight"":2.0,""reserve_real_s"":5.0,""scheduling"":""joint"",""sensing"":""active"",""spacing"":null}",36050.86995077773,377,400,25,11,7,4,True,9684.173988,9684.173990155545,-2.1555442799581215e-06,880.3794534545455,1.3361730999313295,11,1.0,stage3-round-broad-p4-0063-d571c0f820a827c4,broad,broad_joint,assumption__radius_min__noise_deterministic__scale_150,broad_or_stress_assumption,confirmation,random,min,deterministic,11,7,9afa939a01b3fa441d2bd100fd752bb858aaa5a26ce1e478491eb11563dff1b3,3,cd1e242cb9e30b1167239aaab152a2f8cb6ca89aa41498b580ec1889fd2c4b5c,joint,d32b06f867543ec26a39bcfe4f6ea9e662a9e4006475821d18a405dede2bcff0,nosignal,"{""directional_prior"":0.5,""interior_fraction"":0.75,""orientation_sample_count"":24,""position_sample_count"":7,""radius_samples"":[1000.0,1250.0,1500.0]}",True,self_built_fixed_scenario,[],50116041093a8cd32bab76c3c83807c3478f4f745aa11c82e63fa07247c155b7,1b673484453104a5d87d4605d30b20826a3b7ec64769fd6ce8d3c8f7a1ad24f6,"{""scripts/run_candidate_stages.py"":""c2e66de2b6e26dfd94409d1597cd4af87a371372b9a722dc25f90691b1c3cd1b"",""src/bsolver/nosignal_sensing.py"":""2073393686e1538ad046965cbc3b4cf1f16b6882a157b6efa5c7855ff50be6c0"",""src/bsolver/round_experiments.py"":""6836dedaa30c8a24e910cede983b3e811c97e52dbd994f4e1dbd4f3a576c8c7a""}",9684.173988,11,7,0,0,sampled_nosignal_v1
complete,,4,"{""bin_width_deg"":4.0,""clear_radius"":19.999,""coverage"":""triangular"",""epsilon_deg"":1.0051,""joint_detour_m"":800.0,""local_measure_limit"":1,""max_virtual_s"":360000.0,""nearest_safe"":true,""opportunistic_known_measurements"":false,""problem"":4,""radius_weight"":2.0,""reserve_real_s"":5.0,""scheduling"":""joint"",""sensing"":""active"",""spacing"":null}",41606.70512368226,355,380,138,11,6,5,True,11012.341023,11012.341024736452,-1.7364509403705597e-06,1001.1219111818183,1.390059599885717,11,1.0,stage3-round-broad-p4-0064-e72cead6efd426d5,broad,broad_joint,assumption__radius_min__noise_correlated__scale_150,broad_or_stress_assumption,confirmation,random,min,correlated,11,5,bc302c467425bbdadc47fb8c3f884d9971aa6074b2d8729c243b2109dd5a2dd0,3,cd1e242cb9e30b1167239aaab152a2f8cb6ca89aa41498b580ec1889fd2c4b5c,joint,d32b06f867543ec26a39bcfe4f6ea9e662a9e4006475821d18a405dede2bcff0,nosignal,"{""directional_prior"":0.5,""interior_fraction"":0.75,""orientation_sample_count"":24,""position_sample_count"":7,""radius_samples"":[1000.0,1250.0,1500.0]}",True,self_built_fixed_scenario,[],dce493a2f72cb6ccb87c8e0cd6fd3331c6e04ebd5a23b799986628e4f13d2ae5,1b673484453104a5d87d4605d30b20826a3b7ec64769fd6ce8d3c8f7a1ad24f6,"{""scripts/run_candidate_stages.py"":""c2e66de2b6e26dfd94409d1597cd4af87a371372b9a722dc25f90691b1c3cd1b"",""src/bsolver/nosignal_sensing.py"":""2073393686e1538ad046965cbc3b4cf1f16b6882a157b6efa5c7855ff50be6c0"",""src/bsolver/round_experiments.py"":""6836dedaa30c8a24e910cede983b3e811c97e52dbd994f4e1dbd4f3a576c8c7a""}",11012.341023,11,8,0,0,sampled_nosignal_v1
complete,,4,"{""bin_width_deg"":4.0,""clear_radius"":19.999,""coverage"":""triangular"",""epsilon_deg"":1.0051,""joint_detour_m"":800.0,""local_measure_limit"":1,""max_virtual_s"":360000.0,""nearest_safe"":true,""opportunistic_known_measurements"":false,""problem"":4,""radius_weight"":2.0,""reserve_real_s"":5.0,""scheduling"":""joint"",""sensing"":""active"",""spacing"":null}",38280.078332891106,377,400,35,10,5,5,True,10158.015663,10158.015666578221,-3.5782213672064245e-06,1015.8015663,1.2049622000195086,10,1.0,stage3-round-broad-p4-0065-a01aed206571bf9d,broad,broad_joint,assumption__radius_min__noise_extreme__scale_150,broad_or_stress_assumption,confirmation,random,min,extreme,10,2,8823fa60c1615461d73af9ee273cd559f36cea55871358b43623bc5be5e30e6e,3,cd1e242cb9e30b1167239aaab152a2f8cb6ca89aa41498b580ec1889fd2c4b5c,joint,d32b06f867543ec26a39bcfe4f6ea9e662a9e4006475821d18a405dede2bcff0,nosignal,"{""directional_prior"":0.5,""interior_fraction"":0.75,""orientation_sample_count"":24,""position_sample_count"":7,""radius_samples"":[1000.0,1250.0,1500.0]}",True,self_built_fixed_scenario,[],308d0fa8fec480b36f90cd19a0b45a0c6581d3d95c5d4d061613cef13e9c3f8f,1b673484453104a5d87d4605d30b20826a3b7ec64769fd6ce8d3c8f7a1ad24f6,"{""scripts/run_candidate_stages.py"":""c2e66de2b6e26dfd94409d1597cd4af87a371372b9a722dc25f90691b1c3cd1b"",""src/bsolver/nosignal_sensing.py"":""2073393686e1538ad046965cbc3b4cf1f16b6882a157b6efa5c7855ff50be6c0"",""src/bsolver/round_experiments.py"":""6836dedaa30c8a24e910cede983b3e811c97e52dbd994f4e1dbd4f3a576c8c7a""}",10158.015663,10,7,0,0,sampled_nosignal_v1
complete,,4,"{""bin_width_deg"":4.0,""clear_radius"":19.999,""coverage"":""triangular"",""epsilon_deg"":1.0051,""joint_detour_m"":800.0,""local_measure_limit"":1,""max_virtual_s"":360000.0,""nearest_safe"":true,""opportunistic_known_measurements"":false,""problem"":4,""radius_weight"":2.0,""reserve_real_s"":5.0,""scheduling"":""joint"",""sensing"":""active"",""spacing"":null}",46190.6549001358,286,309,95,14,14,0,True,11382.13098,11382.13098002716,-2.7159330784343183e-08,813.0093557142857,1.5398219999624416,14,1.0,stage3-round-broad-p4-0070-4b7e4513c7b03a13,broad,broad_joint,assumption__radius_mixed__noise_correlated__scale_150,broad_or_stress_assumption,confirmation,random,mixed,correlated,14,11,3b1a7292819ee247bf16aea2e91ce534951773dad4ff7204d829990a55b5329a,3,cd1e242cb9e30b1167239aaab152a2f8cb6ca89aa41498b580ec1889fd2c4b5c,joint,d32b06f867543ec26a39bcfe4f6ea9e662a9e4006475821d18a405dede2bcff0,nosignal,"{""directional_prior"":0.5,""interior_fraction"":0.75,""orientation_sample_count"":24,""position_sample_count"":7,""radius_samples"":[1000.0,1250.0,1500.0]}",True,self_built_fixed_scenario,[],f1d05fd3a58bd663899e77a0ea855f27135e80cbe0859f555ff737c9d9358a95,1b673484453104a5d87d4605d30b20826a3b7ec64769fd6ce8d3c8f7a1ad24f6,"{""scripts/run_candidate_stages.py"":""c2e66de2b6e26dfd94409d1597cd4af87a371372b9a722dc25f90691b1c3cd1b"",""src/bsolver/nosignal_sensing.py"":""2073393686e1538ad046965cbc3b4cf1f16b6882a157b6efa5c7855ff50be6c0"",""src/bsolver/round_experiments.py"":""6836dedaa30c8a24e910cede983b3e811c97e52dbd994f4e1dbd4f3a576c8c7a""}",11382.13098,14,10,0,0,sampled_nosignal_v1
complete,,4,"{""bin_width_deg"":4.0,""clear_radius"":19.999,""coverage"":""triangular"",""epsilon_deg"":1.0051,""joint_detour_m"":800.0,""local_measure_limit"":1,""max_virtual_s"":360000.0,""nearest_safe"":true,""opportunistic_known_measurements"":false,""problem"":4,""radius_weight"":2.0,""reserve_real_s"":5.0,""scheduling"":""joint"",""sensing"":""active"",""spacing"":null}",48573.559627001065,248,269,230,16,13,3,True,12029.711926,12029.711925400214,5.997862899675965e-07,751.856995375,1.8998326000291854,16,1.0,stage3-round-broad-p4-0079-263e478b38e7de9c,broad,broad_joint,assumption__radius_mixed__noise_correlated__scale_300,broad_or_stress_assumption,confirmation,random,mixed,correlated,16,15,884c9d4d87821d83b31c289b0ff1c722872290ac8ab859d5c50a2443ce8448bc,3,cd1e242cb9e30b1167239aaab152a2f8cb6ca89aa41498b580ec1889fd2c4b5c,joint,d32b06f867543ec26a39bcfe4f6ea9e662a9e4006475821d18a405dede2bcff0,nosignal,"{""directional_prior"":0.5,""interior_fraction"":0.75,""orientation_sample_count"":24,""position_sample_count"":7,""radius_samples"":[1000.0,1250.0,1500.0]}",True,self_built_fixed_scenario,[],c7b1793bf9be4474ed185a6d63989e40452cfb774d3358d6dd971ead35a576f0,1b673484453104a5d87d4605d30b20826a3b7ec64769fd6ce8d3c8f7a1ad24f6,"{""scripts/run_candidate_stages.py"":""c2e66de2b6e26dfd94409d1597cd4af87a371372b9a722dc25f90691b1c3cd1b"",""src/bsolver/nosignal_sensing.py"":""2073393686e1538ad046965cbc3b4cf1f16b6882a157b6efa5c7855ff50be6c0"",""src/bsolver/round_experiments.py"":""6836dedaa30c8a24e910cede983b3e811c97e52dbd994f4e1dbd4f3a576c8c7a""}",12029.711926,16,9,0,0,sampled_nosignal_v1
complete,,3,"{""bin_width_deg"":4.0,""clear_radius"":19.999,""coverage"":""triangular"",""epsilon_deg"":1.0051,""joint_detour_m"":800.0,""local_measure_limit"":1,""max_virtual_s"":360000.0,""nearest_safe"":true,""opportunistic_known_measurements"":false,""problem"":3,""radius_weight"":2.0,""reserve_real_s"":5.0,""scheduling"":""joint"",""sensing"":""active"",""spacing"":null}",18978.161928215806,95,96,40,13,12,1,True,4516.632382,4516.632385643161,-3.643161107902415e-06,347.43326015384616,1.2559645998990163,13,1.0,stage3-round-calibrated-p3-0003-3f51b0dadd49d0a8,calibrated,broad_joint,mixed_extreme150_after_observable_screen,unresolved,confirmation,random,mixed,extreme,13,0,cab8ca920207a995e1af9fe234c2eb049e81ab4ebd863bae503051f0a1b3816e,3,cd1e242cb9e30b1167239aaab152a2f8cb6ca89aa41498b580ec1889fd2c4b5c,joint,014f90c85d9df17918ca4aa165cefc62925fd937cec297da9b08baff35e26380,normal,,True,self_built_fixed_scenario,[],09ad71b3b92180d12acc5aec78598f0ee3ba3117c71fe7e5dde916492fafed0f,1b673484453104a5d87d4605d30b20826a3b7ec64769fd6ce8d3c8f7a1ad24f6,"{""scripts/run_candidate_stages.py"":""c2e66de2b6e26dfd94409d1597cd4af87a371372b9a722dc25f90691b1c3cd1b"",""src/bsolver/nosignal_sensing.py"":""2073393686e1538ad046965cbc3b4cf1f16b6882a157b6efa5c7855ff50be6c0"",""src/bsolver/round_experiments.py"":""6836dedaa30c8a24e910cede983b3e811c97e52dbd994f4e1dbd4f3a576c8c7a""}",4516.632382,,,,,
complete,,3,"{""bin_width_deg"":4.0,""clear_radius"":19.999,""coverage"":""triangular"",""epsilon_deg"":1.0051,""joint_detour_m"":800.0,""local_measure_limit"":1,""max_virtual_s"":360000.0,""nearest_safe"":true,""opportunistic_known_measurements"":false,""problem"":3,""radius_weight"":2.0,""reserve_real_s"":5.0,""scheduling"":""joint"",""sensing"":""active"",""spacing"":null}",20298.487849833644,78,80,28,16,10,6,True,4653.697568,4653.697569966729,-1.9667295418912545e-06,290.856098,1.5307810999220237,16,1.0,stage3-round-calibrated-p3-0014-e5558cc30e494467,calibrated,smoothed_joint,mixed_extreme150_after_observable_screen,unresolved,confirmation,random,mixed,extreme,16,0,7ca0ca3725431ec10a46a83e46e9a36c9a0789922832e89a48263e1092c480cc,3,cd1e242cb9e30b1167239aaab152a2f8cb6ca89aa41498b580ec1889fd2c4b5c,joint,014f90c85d9df17918ca4aa165cefc62925fd937cec297da9b08baff35e26380,normal,,True,self_built_fixed_scenario,[],4bfb4476e634b05712432e64b0f72175db9e0bab134fbc2ed7c2c0eff29a61ad,1b673484453104a5d87d4605d30b20826a3b7ec64769fd6ce8d3c8f7a1ad24f6,"{""scripts/run_candidate_stages.py"":""c2e66de2b6e26dfd94409d1597cd4af87a371372b9a722dc25f90691b1c3cd1b"",""src/bsolver/nosignal_sensing.py"":""2073393686e1538ad046965cbc3b4cf1f16b6882a157b6efa5c7855ff50be6c0"",""src/bsolver/round_experiments.py"":""6836dedaa30c8a24e910cede983b3e811c97e52dbd994f4e1dbd4f3a576c8c7a""}",4653.697568,,,,,
complete,,3,"{""bin_width_deg"":4.0,""clear_radius"":19.999,""coverage"":""triangular"",""epsilon_deg"":1.0051,""joint_detour_m"":800.0,""local_measure_limit"":1,""max_virtual_s"":360000.0,""nearest_safe"":true,""opportunistic_known_measurements"":false,""problem"":3,""radius_weight"":2.0,""reserve_real_s"":5.0,""scheduling"":""joint"",""sensing"":""active"",""spacing"":null}",19847.88919331116,73,75,36,16,10,6,True,4557.577836,4557.577838662231,-2.662231054273434e-06,284.84861475,1.6795788999879733,16,1.0,stage3-round-calibrated-p3-0020-c5f2dad833ae9062,calibrated,smoothed_joint,mixed_correlated150_after_observable_screen,unresolved,confirmation,random,mixed,correlated,16,0,2fe3e6d208447c7ef030b52b819eb909c5205ed6a9d68c1940d88ad057118263,3,cd1e242cb9e30b1167239aaab152a2f8cb6ca89aa41498b580ec1889fd2c4b5c,joint,014f90c85d9df17918ca4aa165cefc62925fd937cec297da9b08baff35e26380,normal,,True,self_built_fixed_scenario,[],03ad40be453b843ad6b2ec1edaa5e7f3e745c8a6df2aa8627313358ea3520cbd,1b673484453104a5d87d4605d30b20826a3b7ec64769fd6ce8d3c8f7a1ad24f6,"{""scripts/run_candidate_stages.py"":""c2e66de2b6e26dfd94409d1597cd4af87a371372b9a722dc25f90691b1c3cd1b"",""src/bsolver/nosignal_sensing.py"":""2073393686e1538ad046965cbc3b4cf1f16b6882a157b6efa5c7855ff50be6c0"",""src/bsolver/round_experiments.py"":""6836dedaa30c8a24e910cede983b3e811c97e52dbd994f4e1dbd4f3a576c8c7a""}",4557.577836,,,,,
complete,,3,"{""bin_width_deg"":4.0,""clear_radius"":19.999,""coverage"":""triangular"",""epsilon_deg"":1.0051,""joint_detour_m"":800.0,""local_measure_limit"":1,""max_virtual_s"":360000.0,""nearest_safe"":true,""opportunistic_known_measurements"":false,""problem"":3,""radius_weight"":2.0,""reserve_real_s"":5.0,""scheduling"":""joint"",""sensing"":""active"",""spacing"":null}",19223.344692999235,84,88,35,15,10,5,True,4503.668937,4503.668938599847,-1.5998466551536694e-06,300.2445958,1.4903184999711812,15,1.0,stage3-round-calibrated-p3-0025-9c74b8a8847bd572,calibrated,broad_joint,mixed_correlated150_after_observable_screen,unresolved,confirmation,random,mixed,correlated,15,0,f777ee92f0c816b2fbc482c6c8e30c4a70611ded63cc7025bdb5b85392d1e84e,3,cd1e242cb9e30b1167239aaab152a2f8cb6ca89aa41498b580ec1889fd2c4b5c,joint,014f90c85d9df17918ca4aa165cefc62925fd937cec297da9b08baff35e26380,normal,,True,self_built_fixed_scenario,[],a4d23f614e9b0d83ef4c8f5eb7f87d6a8750de22a2bc9dacd8f63a13552470fe,1b673484453104a5d87d4605d30b20826a3b7ec64769fd6ce8d3c8f7a1ad24f6,"{""scripts/run_candidate_stages.py"":""c2e66de2b6e26dfd94409d1597cd4af87a371372b9a722dc25f90691b1c3cd1b"",""src/bsolver/nosignal_sensing.py"":""2073393686e1538ad046965cbc3b4cf1f16b6882a157b6efa5c7855ff50be6c0"",""src/bsolver/round_experiments.py"":""6836dedaa30c8a24e910cede983b3e811c97e52dbd994f4e1dbd4f3a576c8c7a""}",4503.668937,,,,,
complete,,3,"{""bin_width_deg"":4.0,""clear_radius"":19.999,""coverage"":""triangular"",""epsilon_deg"":1.0051,""joint_detour_m"":800.0,""local_measure_limit"":1,""max_virtual_s"":360000.0,""nearest_safe"":true,""opportunistic_known_measurements"":false,""problem"":3,""radius_weight"":2.0,""reserve_real_s"":5.0,""scheduling"":""joint"",""sensing"":""active"",""spacing"":null}",20911.565125383317,92,93,32,14,10,4,True,4863.313023,4863.3130250766635,-2.0766638044733554e-06,347.3795016428571,1.3891860999865457,14,1.0,stage3-round-calibrated-p3-0028-7d90c63638eeb4ec,calibrated,smoothed_joint,mixed_correlated150_after_observable_screen,unresolved,confirmation,random,mixed,correlated,14,0,488805d1cc504d8b95fef4c2b6847a43c47181a7456057cac3234ecae6a0220c,3,cd1e242cb9e30b1167239aaab152a2f8cb6ca89aa41498b580ec1889fd2c4b5c,joint,014f90c85d9df17918ca4aa165cefc62925fd937cec297da9b08baff35e26380,normal,,True,self_built_fixed_scenario,[],a9d3644f3b8be59db0d627eaccc193ad1dcd21e16b1ff9533e701ecd4c0040a0,1b673484453104a5d87d4605d30b20826a3b7ec64769fd6ce8d3c8f7a1ad24f6,"{""scripts/run_candidate_stages.py"":""c2e66de2b6e26dfd94409d1597cd4af87a371372b9a722dc25f90691b1c3cd1b"",""src/bsolver/nosignal_sensing.py"":""2073393686e1538ad046965cbc3b4cf1f16b6882a157b6efa5c7855ff50be6c0"",""src/bsolver/round_experiments.py"":""6836dedaa30c8a24e910cede983b3e811c97e52dbd994f4e1dbd4f3a576c8c7a""}",4863.313023,,,,,
complete,,3,"{""bin_width_deg"":4.0,""clear_radius"":19.999,""coverage"":""triangular"",""epsilon_deg"":1.0051,""joint_detour_m"":800.0,""local_measure_limit"":1,""max_virtual_s"":360000.0,""nearest_safe"":true,""opportunistic_known_measurements"":false,""problem"":3,""radius_weight"":2.0,""reserve_real_s"":5.0,""scheduling"":""joint"",""sensing"":""active"",""spacing"":null}",16436.90471983271,100,103,39,11,11,0,True,4041.380944,4041.380943966542,3.34580363414716e-08,367.39826763636364,1.0835744000505656,11,1.0,stage3-round-calibrated-p3-0049-62884321ca2a6367,calibrated,broad_joint,mixed_correlated150_after_observable_screen,unresolved,confirmation,random,mixed,correlated,11,0,f4b58462a2bad18335ab9b632d25c55fb7e52214a12e9483ca9ece814b191866,3,cd1e242cb9e30b1167239aaab152a2f8cb6ca89aa41498b580ec1889fd2c4b5c,joint,014f90c85d9df17918ca4aa165cefc62925fd937cec297da9b08baff35e26380,normal,,True,self_built_fixed_scenario,[],675d319dc8fc66127f9a5c091afb3e3ea67c63198e9832751e1cda5abb0b6980,1b673484453104a5d87d4605d30b20826a3b7ec64769fd6ce8d3c8f7a1ad24f6,"{""scripts/run_candidate_stages.py"":""c2e66de2b6e26dfd94409d1597cd4af87a371372b9a722dc25f90691b1c3cd1b"",""src/bsolver/nosignal_sensing.py"":""2073393686e1538ad046965cbc3b4cf1f16b6882a157b6efa5c7855ff50be6c0"",""src/bsolver/round_experiments.py"":""6836dedaa30c8a24e910cede983b3e811c97e52dbd994f4e1dbd4f3a576c8c7a""}",4041.380944,,,,,
complete,,3,"{""bin_width_deg"":4.0,""clear_radius"":19.999,""coverage"":""triangular"",""epsilon_deg"":1.0051,""joint_detour_m"":800.0,""local_measure_limit"":1,""max_virtual_s"":360000.0,""nearest_safe"":true,""opportunistic_known_measurements"":false,""problem"":3,""radius_weight"":2.0,""reserve_real_s"":5.0,""scheduling"":""joint"",""sensing"":""active"",""spacing"":null}",21881.25488499842,96,99,62,15,11,4,True,5183.250975,5183.250976999684,-1.9996841729152948e-06,345.550065,1.5483926000306383,15,1.0,stage3-round-calibrated-p3-0050-032e96864cd7ce51,calibrated,smoothed_joint,mixed_extreme150_after_observable_screen,unresolved,confirmation,random,mixed,extreme,15,0,16f731f11b84e4f71d40bf9bb2223f74914c2b9279c3e524e5649434ca32d42f,3,cd1e242cb9e30b1167239aaab152a2f8cb6ca89aa41498b580ec1889fd2c4b5c,joint,014f90c85d9df17918ca4aa165cefc62925fd937cec297da9b08baff35e26380,normal,,True,self_built_fixed_scenario,[],e4366e625f9f7d4614881f3ef4b92412441c5d0efe501532775e3c9cee053b72,1b673484453104a5d87d4605d30b20826a3b7ec64769fd6ce8d3c8f7a1ad24f6,"{""scripts/run_candidate_stages.py"":""c2e66de2b6e26dfd94409d1597cd4af87a371372b9a722dc25f90691b1c3cd1b"",""src/bsolver/nosignal_sensing.py"":""2073393686e1538ad046965cbc3b4cf1f16b6882a157b6efa5c7855ff50be6c0"",""src/bsolver/round_experiments.py"":""6836dedaa30c8a24e910cede983b3e811c97e52dbd994f4e1dbd4f3a576c8c7a""}",5183.250975,,,,,
complete,,3,"{""bin_width_deg"":4.0,""clear_radius"":19.999,""coverage"":""triangular"",""epsilon_deg"":1.0051,""joint_detour_m"":800.0,""local_measure_limit"":1,""max_virtual_s"":360000.0,""nearest_safe"":true,""opportunistic_known_measurements"":false,""problem"":3,""radius_weight"":2.0,""reserve_real_s"":5.0,""scheduling"":""joint"",""sensing"":""active"",""spacing"":null}",18688.25644813269,86,89,32,14,9,5,True,4392.651286,4392.6512896265385,-3.6265382732381113e-06,313.7608061428572,1.4441212000092492,14,1.0,stage3-round-calibrated-p3-0061-c824af933f5c9da2,calibrated,broad_joint,mixed_correlated150_after_observable_screen,unresolved,confirmation,random,mixed,correlated,14,0,02186331949a7b1c45cfa74e0c300ebb4fc2849cb7bc6e78673ae59ee6c04eee,3,cd1e242cb9e30b1167239aaab152a2f8cb6ca89aa41498b580ec1889fd2c4b5c,joint,014f90c85d9df17918ca4aa165cefc62925fd937cec297da9b08baff35e26380,normal,,True,self_built_fixed_scenario,[],99658ca21f9d639c208e49caad50b2ffb1b987f5cd4520e68061ae61ecee835b,1b673484453104a5d87d4605d30b20826a3b7ec64769fd6ce8d3c8f7a1ad24f6,"{""scripts/run_candidate_stages.py"":""c2e66de2b6e26dfd94409d1597cd4af87a371372b9a722dc25f90691b1c3cd1b"",""src/bsolver/nosignal_sensing.py"":""2073393686e1538ad046965cbc3b4cf1f16b6882a157b6efa5c7855ff50be6c0"",""src/bsolver/round_experiments.py"":""6836dedaa30c8a24e910cede983b3e811c97e52dbd994f4e1dbd4f3a576c8c7a""}",4392.651286,,,,,
complete,,3,"{""bin_width_deg"":4.0,""clear_radius"":19.999,""coverage"":""triangular"",""epsilon_deg"":1.0051,""joint_detour_m"":800.0,""local_measure_limit"":1,""max_virtual_s"":360000.0,""nearest_safe"":true,""opportunistic_known_measurements"":false,""problem"":3,""radius_weight"":2.0,""reserve_real_s"":5.0,""scheduling"":""joint"",""sensing"":""active"",""spacing"":null}",19916.496627066055,82,83,44,16,9,7,True,4644.299324,4644.299325413211,-1.4132110663922504e-06,290.26870775,1.5441018000710756,16,1.0,stage3-round-calibrated-p3-0062-20df9cd2738dc141,calibrated,smoothed_joint,mixed_extreme150_after_observable_screen,unresolved,confirmation,random,mixed,extreme,16,0,5552d6212f49ed79c7a5e91d9002ef41650757e07db5b7f8f751bc6f35e37340,3,cd1e242cb9e30b1167239aaab152a2f8cb6ca89aa41498b580ec1889fd2c4b5c,joint,014f90c85d9df17918ca4aa165cefc62925fd937cec297da9b08baff35e26380,normal,,True,self_built_fixed_scenario,[],1a08ff41399d6a4e302e5f9e44e8a759b6680d155094d86ed3c2d23ee5943963,1b673484453104a5d87d4605d30b20826a3b7ec64769fd6ce8d3c8f7a1ad24f6,"{""scripts/run_candidate_stages.py"":""c2e66de2b6e26dfd94409d1597cd4af87a371372b9a722dc25f90691b1c3cd1b"",""src/bsolver/nosignal_sensing.py"":""2073393686e1538ad046965cbc3b4cf1f16b6882a157b6efa5c7855ff50be6c0"",""src/bsolver/round_experiments.py"":""6836dedaa30c8a24e910cede983b3e811c97e52dbd994f4e1dbd4f3a576c8c7a""}",4644.299324,,,,,
complete,,3,"{""bin_width_deg"":4.0,""clear_radius"":19.999,""coverage"":""triangular"",""epsilon_deg"":1.0051,""joint_detour_m"":800.0,""local_measure_limit"":1,""max_virtual_s"":360000.0,""nearest_safe"":true,""opportunistic_known_measurements"":false,""problem"":3,""radius_weight"":2.0,""reserve_real_s"":5.0,""scheduling"":""joint"",""sensing"":""active"",""spacing"":null}",19245.513131631826,88,90,31,15,6,9,True,4510.102624,4510.102626326365,-2.326364665350411e-06,300.67350826666666,1.4190073000499979,15,1.0,stage3-round-calibrated-p3-0063-17b39d8a8fe6961f,calibrated,broad_joint,mixed_extreme150_after_observable_screen,unresolved,confirmation,random,mixed,extreme,15,0,2ec652d443bcf71a3af53ead155d29bec4e9eb15cec53b2a033ab368d6a71f4d,3,cd1e242cb9e30b1167239aaab152a2f8cb6ca89aa41498b580ec1889fd2c4b5c,joint,014f90c85d9df17918ca4aa165cefc62925fd937cec297da9b08baff35e26380,normal,,True,self_built_fixed_scenario,[],d5a7becc555642971da2e6f2ca6e0fe4ae2a39e5fc7c804da673c78170fd3a3b,1b673484453104a5d87d4605d30b20826a3b7ec64769fd6ce8d3c8f7a1ad24f6,"{""scripts/run_candidate_stages.py"":""c2e66de2b6e26dfd94409d1597cd4af87a371372b9a722dc25f90691b1c3cd1b"",""src/bsolver/nosignal_sensing.py"":""2073393686e1538ad046965cbc3b4cf1f16b6882a157b6efa5c7855ff50be6c0"",""src/bsolver/round_experiments.py"":""6836dedaa30c8a24e910cede983b3e811c97e52dbd994f4e1dbd4f3a576c8c7a""}",4510.102624,,,,,
complete,,3,"{""bin_width_deg"":4.0,""clear_radius"":19.999,""coverage"":""triangular"",""epsilon_deg"":1.0051,""joint_detour_m"":800.0,""local_measure_limit"":1,""max_virtual_s"":360000.0,""nearest_safe"":true,""opportunistic_known_measurements"":false,""problem"":3,""radius_weight"":2.0,""reserve_real_s"":5.0,""scheduling"":""joint"",""sensing"":""active"",""spacing"":null}",20611.830836485577,99,103,42,12,9,3,True,4886.366165,4886.366167297116,-2.2971153157413937e-06,407.1971804166667,1.1889893999323249,12,1.0,stage3-round-calibrated-p3-0065-856dd6c9461ca04c,calibrated,broad_joint,mixed_correlated150_after_observable_screen,unresolved,confirmation,random,mixed,correlated,12,0,70c24c1de66fff6fd7af6c46bb08cd00677c2b88cfbae37cbc0bec62a8b32425,3,cd1e242cb9e30b1167239aaab152a2f8cb6ca89aa41498b580ec1889fd2c4b5c,joint,014f90c85d9df17918ca4aa165cefc62925fd937cec297da9b08baff35e26380,normal,,True,self_built_fixed_scenario,[],8517c50b2ab314f87b8d3ff56a3822e3e1adc8566b7b721fd9f2072f16ef67da,1b673484453104a5d87d4605d30b20826a3b7ec64769fd6ce8d3c8f7a1ad24f6,"{""scripts/run_candidate_stages.py"":""c2e66de2b6e26dfd94409d1597cd4af87a371372b9a722dc25f90691b1c3cd1b"",""src/bsolver/nosignal_sensing.py"":""2073393686e1538ad046965cbc3b4cf1f16b6882a157b6efa5c7855ff50be6c0"",""src/bsolver/round_experiments.py"":""6836dedaa30c8a24e910cede983b3e811c97e52dbd994f4e1dbd4f3a576c8c7a""}",4886.366165,,,,,
complete,,3,"{""bin_width_deg"":4.0,""clear_radius"":19.999,""coverage"":""triangular"",""epsilon_deg"":1.0051,""joint_detour_m"":800.0,""local_measure_limit"":1,""max_virtual_s"":360000.0,""nearest_safe"":true,""opportunistic_known_measurements"":false,""problem"":3,""radius_weight"":2.0,""reserve_real_s"":5.0,""scheduling"":""joint"",""sensing"":""active"",""spacing"":null}",17625.406502498117,84,87,30,13,8,5,True,4160.0813,4160.0813004996235,-4.996236384613439e-07,320.0062538461538,1.2450105999596417,13,1.0,stage3-round-calibrated-p3-0070-e679de6bdfab516c,calibrated,smoothed_joint,mixed_extreme150_after_observable_screen,unresolved,confirmation,random,mixed,extreme,13,0,7dc6519ae27b70c409d22322d79785c0469e0aa493263094ce1d1a3165487c91,3,cd1e242cb9e30b1167239aaab152a2f8cb6ca89aa41498b580ec1889fd2c4b5c,joint,014f90c85d9df17918ca4aa165cefc62925fd937cec297da9b08baff35e26380,normal,,True,self_built_fixed_scenario,[],1d6f81d86228a264f4004ccbadbcb95797a7d16082fa1dc69fb9ddba78a0e0f5,1b673484453104a5d87d4605d30b20826a3b7ec64769fd6ce8d3c8f7a1ad24f6,"{""scripts/run_candidate_stages.py"":""c2e66de2b6e26dfd94409d1597cd4af87a371372b9a722dc25f90691b1c3cd1b"",""src/bsolver/nosignal_sensing.py"":""2073393686e1538ad046965cbc3b4cf1f16b6882a157b6efa5c7855ff50be6c0"",""src/bsolver/round_experiments.py"":""6836dedaa30c8a24e910cede983b3e811c97e52dbd994f4e1dbd4f3a576c8c7a""}",4160.0813,,,,,
complete,,3,"{""bin_width_deg"":4.0,""clear_radius"":19.999,""coverage"":""triangular"",""epsilon_deg"":1.0051,""joint_detour_m"":800.0,""local_measure_limit"":1,""max_virtual_s"":360000.0,""nearest_safe"":true,""opportunistic_known_measurements"":false,""problem"":3,""radius_weight"":2.0,""reserve_real_s"":5.0,""scheduling"":""joint"",""sensing"":""active"",""spacing"":null}",17706.03920555116,105,108,32,11,9,2,True,4304.20784,4304.207841110232,-1.1102320058853365e-06,391.2916218181818,1.1326520000584424,11,1.0,stage3-round-calibrated-p3-0073-4c824f355f1e0eec,calibrated,broad_joint,mixed_correlated150_after_observable_screen,unresolved,confirmation,random,mixed,correlated,11,0,56e68d2091076d5ca62cb43e2d33bc14706111036e420e78d4fe459747ce9549,3,cd1e242cb9e30b1167239aaab152a2f8cb6ca89aa41498b580ec1889fd2c4b5c,joint,014f90c85d9df17918ca4aa165cefc62925fd937cec297da9b08baff35e26380,normal,,True,self_built_fixed_scenario,[],0e9d03fcad6c23792f1629fa142d989facbe3b2a105143b41127a18f516a7cb0,1b673484453104a5d87d4605d30b20826a3b7ec64769fd6ce8d3c8f7a1ad24f6,"{""scripts/run_candidate_stages.py"":""c2e66de2b6e26dfd94409d1597cd4af87a371372b9a722dc25f90691b1c3cd1b"",""src/bsolver/nosignal_sensing.py"":""2073393686e1538ad046965cbc3b4cf1f16b6882a157b6efa5c7855ff50be6c0"",""src/bsolver/round_experiments.py"":""6836dedaa30c8a24e910cede983b3e811c97e52dbd994f4e1dbd4f3a576c8c7a""}",4304.20784,,,,,
complete,,3,"{""bin_width_deg"":4.0,""clear_radius"":19.999,""coverage"":""triangular"",""epsilon_deg"":1.0051,""joint_detour_m"":800.0,""local_measure_limit"":1,""max_virtual_s"":360000.0,""nearest_safe"":true,""opportunistic_known_measurements"":false,""problem"":3,""radius_weight"":2.0,""reserve_real_s"":5.0,""scheduling"":""joint"",""sensing"":""active"",""spacing"":null}",16258.042094571238,109,111,26,10,5,5,True,4013.608418,4013.6084189142475,-9.142477210843936e-07,401.3608418,0.9376093000173569,10,1.0,stage3-round-calibrated-p3-0075-7e0b2201b1f095b9,calibrated,broad_joint,mixed_extreme150_after_observable_screen,unresolved,confirmation,random,mixed,extreme,10,0,1f189f7fb012326cc9520c202e866d2e6b14d30b8595fd36f52918e6737d8863,3,cd1e242cb9e30b1167239aaab152a2f8cb6ca89aa41498b580ec1889fd2c4b5c,joint,014f90c85d9df17918ca4aa165cefc62925fd937cec297da9b08baff35e26380,normal,,True,self_built_fixed_scenario,[],49658eca0143d9fdcc1aa0373f28bda06852115517fc25b7373dadb7d3bc1e3d,1b673484453104a5d87d4605d30b20826a3b7ec64769fd6ce8d3c8f7a1ad24f6,"{""scripts/run_candidate_stages.py"":""c2e66de2b6e26dfd94409d1597cd4af87a371372b9a722dc25f90691b1c3cd1b"",""src/bsolver/nosignal_sensing.py"":""2073393686e1538ad046965cbc3b4cf1f16b6882a157b6efa5c7855ff50be6c0"",""src/bsolver/round_experiments.py"":""6836dedaa30c8a24e910cede983b3e811c97e52dbd994f4e1dbd4f3a576c8c7a""}",4013.608418,,,,,
complete,,3,"{""bin_width_deg"":4.0,""clear_radius"":19.999,""coverage"":""triangular"",""epsilon_deg"":1.0051,""joint_detour_m"":800.0,""local_measure_limit"":1,""max_virtual_s"":360000.0,""nearest_safe"":true,""opportunistic_known_measurements"":false,""problem"":3,""radius_weight"":2.0,""reserve_real_s"":5.0,""scheduling"":""joint"",""sensing"":""active"",""spacing"":null}",21002.867997627745,96,98,37,14,10,4,True,4925.573596,4925.573599525549,-3.525548891047947e-06,351.82668542857147,1.3970534999389201,14,1.0,stage3-round-calibrated-p3-0076-c69889c8d3acade9,calibrated,smoothed_joint,mixed_correlated150_after_observable_screen,unresolved,confirmation,random,mixed,correlated,14,0,ed430f533496c5e8a51a4d8cefcff23016af9bcd3ae7bce44ad1f21bf5616061,3,cd1e242cb9e30b1167239aaab152a2f8cb6ca89aa41498b580ec1889fd2c4b5c,joint,014f90c85d9df17918ca4aa165cefc62925fd937cec297da9b08baff35e26380,normal,,True,self_built_fixed_scenario,[],6b11bdb34a720b39fb8690822ab2976ef540e3f773820b678eb8a952c5144058,1b673484453104a5d87d4605d30b20826a3b7ec64769fd6ce8d3c8f7a1ad24f6,"{""scripts/run_candidate_stages.py"":""c2e66de2b6e26dfd94409d1597cd4af87a371372b9a722dc25f90691b1c3cd1b"",""src/bsolver/nosignal_sensing.py"":""2073393686e1538ad046965cbc3b4cf1f16b6882a157b6efa5c7855ff50be6c0"",""src/bsolver/round_experiments.py"":""6836dedaa30c8a24e910cede983b3e811c97e52dbd994f4e1dbd4f3a576c8c7a""}",4925.573596,,,,,
complete,,3,"{""bin_width_deg"":4.0,""clear_radius"":19.999,""coverage"":""triangular"",""epsilon_deg"":1.0051,""joint_detour_m"":800.0,""local_measure_limit"":1,""max_virtual_s"":360000.0,""nearest_safe"":true,""opportunistic_known_measurements"":false,""problem"":3,""radius_weight"":2.0,""reserve_real_s"":5.0,""scheduling"":""joint"",""sensing"":""active"",""spacing"":null}",17719.318354426236,73,74,41,14,11,3,True,4137.86367,4137.863670885247,-8.85247573023662e-07,295.5616907142857,1.410147099988535,14,1.0,stage3-round-calibrated-p3-0078-a8e161b71107de87,calibrated,smoothed_joint,mixed_extreme150_after_observable_screen,unresolved,confirmation,random,mixed,extreme,14,0,b1310e07d4fc113df9e83243ec1855d370a9424d425946f1934a3f16ef4ef33b,3,cd1e242cb9e30b1167239aaab152a2f8cb6ca89aa41498b580ec1889fd2c4b5c,joint,014f90c85d9df17918ca4aa165cefc62925fd937cec297da9b08baff35e26380,normal,,True,self_built_fixed_scenario,[],47b9f71680b91db8253f0a85e025b8999ca4d46f6f13e558cd8c2674300cfa00,1b673484453104a5d87d4605d30b20826a3b7ec64769fd6ce8d3c8f7a1ad24f6,"{""scripts/run_candidate_stages.py"":""c2e66de2b6e26dfd94409d1597cd4af87a371372b9a722dc25f90691b1c3cd1b"",""src/bsolver/nosignal_sensing.py"":""2073393686e1538ad046965cbc3b4cf1f16b6882a157b6efa5c7855ff50be6c0"",""src/bsolver/round_experiments.py"":""6836dedaa30c8a24e910cede983b3e811c97e52dbd994f4e1dbd4f3a576c8c7a""}",4137.86367,,,,,
complete,,4,"{""bin_width_deg"":4.0,""clear_radius"":19.999,""coverage"":""triangular"",""epsilon_deg"":1.0051,""joint_detour_m"":800.0,""local_measure_limit"":1,""max_virtual_s"":360000.0,""nearest_safe"":true,""opportunistic_known_measurements"":false,""problem"":4,""radius_weight"":2.0,""reserve_real_s"":5.0,""scheduling"":""joint"",""sensing"":""active"",""spacing"":null}",41044.7465816795,280,301,52,15,13,2,True,10179.949314,10179.9493163359,-2.3359007172985002e-06,678.6632876,1.681673200102523,15,1.0,stage3-round-calibrated-p4-0004-7363f18122914fc6,calibrated,smoothed_joint,mixed_correlated150_after_observable_screen,unresolved,confirmation,random,mixed,correlated,15,5,7c820dae11484c8c3662c909ccf69c9a77fb4eb8d811e8ffc531b9cf047922ba,3,cd1e242cb9e30b1167239aaab152a2f8cb6ca89aa41498b580ec1889fd2c4b5c,joint,d32b06f867543ec26a39bcfe4f6ea9e662a9e4006475821d18a405dede2bcff0,nosignal,"{""directional_prior"":0.5,""interior_fraction"":0.75,""orientation_sample_count"":24,""position_sample_count"":7,""radius_samples"":[1000.0,1250.0,1500.0]}",True,self_built_fixed_scenario,[],6b1599ae1785a704411882116d208edfb88dcaf4fd50010f93e7ec0556f8a562,1b673484453104a5d87d4605d30b20826a3b7ec64769fd6ce8d3c8f7a1ad24f6,"{""scripts/run_candidate_stages.py"":""c2e66de2b6e26dfd94409d1597cd4af87a371372b9a722dc25f90691b1c3cd1b"",""src/bsolver/nosignal_sensing.py"":""2073393686e1538ad046965cbc3b4cf1f16b6882a157b6efa5c7855ff50be6c0"",""src/bsolver/round_experiments.py"":""6836dedaa30c8a24e910cede983b3e811c97e52dbd994f4e1dbd4f3a576c8c7a""}",10179.949314,15,11,0,0,sampled_nosignal_v1
complete,,4,"{""bin_width_deg"":4.0,""clear_radius"":19.999,""coverage"":""triangular"",""epsilon_deg"":1.0051,""joint_detour_m"":800.0,""local_measure_limit"":1,""max_virtual_s"":360000.0,""nearest_safe"":true,""opportunistic_known_measurements"":false,""problem"":4,""radius_weight"":2.0,""reserve_real_s"":5.0,""scheduling"":""joint"",""sensing"":""active"",""spacing"":null}",44495.01021421112,324,347,177,12,11,1,True,11513.002042,11513.002042842225,-8.422248356509954e-07,959.4168368333334,1.4710739000001922,12,1.0,stage3-round-calibrated-p4-0016-5375e71f3790ec29,calibrated,smoothed_joint,mixed_correlated150_after_observable_screen,unresolved,confirmation,random,mixed,correlated,12,5,1cbc20868b7c3929834ea93565c8668b4883ccbad4b017252dde50b804040ca3,3,cd1e242cb9e30b1167239aaab152a2f8cb6ca89aa41498b580ec1889fd2c4b5c,joint,d32b06f867543ec26a39bcfe4f6ea9e662a9e4006475821d18a405dede2bcff0,nosignal,"{""directional_prior"":0.5,""interior_fraction"":0.75,""orientation_sample_count"":24,""position_sample_count"":7,""radius_samples"":[1000.0,1250.0,1500.0]}",True,self_built_fixed_scenario,[],0ff6764e552335bc1f173675db054771ca6acd22821f9292f71712b1619ca194,1b673484453104a5d87d4605d30b20826a3b7ec64769fd6ce8d3c8f7a1ad24f6,"{""scripts/run_candidate_stages.py"":""c2e66de2b6e26dfd94409d1597cd4af87a371372b9a722dc25f90691b1c3cd1b"",""src/bsolver/nosignal_sensing.py"":""2073393686e1538ad046965cbc3b4cf1f16b6882a157b6efa5c7855ff50be6c0"",""src/bsolver/round_experiments.py"":""6836dedaa30c8a24e910cede983b3e811c97e52dbd994f4e1dbd4f3a576c8c7a""}",11513.002042,12,11,0,0,sampled_nosignal_v1
complete,,4,"{""bin_width_deg"":4.0,""clear_radius"":19.999,""coverage"":""triangular"",""epsilon_deg"":1.0051,""joint_detour_m"":800.0,""local_measure_limit"":1,""max_virtual_s"":360000.0,""nearest_safe"":true,""opportunistic_known_measurements"":false,""problem"":4,""radius_weight"":2.0,""reserve_real_s"":5.0,""scheduling"":""joint"",""sensing"":""active"",""spacing"":null}",39092.38504060319,334,357,30,12,10,2,True,10051.477007,10051.477008120639,-1.1206393537577242e-06,837.6230839166666,1.3773247000062838,12,1.0,stage3-round-calibrated-p4-0026-2ec29a2c7bcfda18,calibrated,smoothed_joint,mixed_extreme150_after_observable_screen,unresolved,confirmation,random,mixed,extreme,12,8,b4e6c53daf1c9498bf58b7739d6dd9c4b84b8a5f54881654d89cad55ce298c7a,3,cd1e242cb9e30b1167239aaab152a2f8cb6ca89aa41498b580ec1889fd2c4b5c,joint,d32b06f867543ec26a39bcfe4f6ea9e662a9e4006475821d18a405dede2bcff0,nosignal,"{""directional_prior"":0.5,""interior_fraction"":0.75,""orientation_sample_count"":24,""position_sample_count"":7,""radius_samples"":[1000.0,1250.0,1500.0]}",True,self_built_fixed_scenario,[],33045476005de52c0f198c316c36f7d06cd6d33653bcdcafcee65b9837de1aa6,1b673484453104a5d87d4605d30b20826a3b7ec64769fd6ce8d3c8f7a1ad24f6,"{""scripts/run_candidate_stages.py"":""c2e66de2b6e26dfd94409d1597cd4af87a371372b9a722dc25f90691b1c3cd1b"",""src/bsolver/nosignal_sensing.py"":""2073393686e1538ad046965cbc3b4cf1f16b6882a157b6efa5c7855ff50be6c0"",""src/bsolver/round_experiments.py"":""6836dedaa30c8a24e910cede983b3e811c97e52dbd994f4e1dbd4f3a576c8c7a""}",10051.477007,12,7,0,0,sampled_nosignal_v1
complete,,4,"{""bin_width_deg"":4.0,""clear_radius"":19.999,""coverage"":""triangular"",""epsilon_deg"":1.0051,""joint_detour_m"":800.0,""local_measure_limit"":1,""max_virtual_s"":360000.0,""nearest_safe"":true,""opportunistic_known_measurements"":false,""problem"":4,""radius_weight"":2.0,""reserve_real_s"":5.0,""scheduling"":""joint"",""sensing"":""active"",""spacing"":null}",44447.1269970997,371,396,144,11,11,0,True,11694.425399,11694.42539941994,-4.1994098864961416e-07,1063.1295817272728,1.3782450000289828,11,1.0,stage3-round-calibrated-p4-0029-3750f3af907c80bf,calibrated,broad_joint,mixed_correlated150_after_observable_screen,unresolved,confirmation,random,mixed,correlated,11,10,f6497dfe3500cb187dc3edf23986721a105b45a22bac2f5be3533b23cdb78137,3,cd1e242cb9e30b1167239aaab152a2f8cb6ca89aa41498b580ec1889fd2c4b5c,joint,d32b06f867543ec26a39bcfe4f6ea9e662a9e4006475821d18a405dede2bcff0,nosignal,"{""directional_prior"":0.5,""interior_fraction"":0.75,""orientation_sample_count"":24,""position_sample_count"":7,""radius_samples"":[1000.0,1250.0,1500.0]}",True,self_built_fixed_scenario,[],b35bed190fc048f297df64d9245f0cb7807c57ace294b82ce2199b22a6e37f7e,1b673484453104a5d87d4605d30b20826a3b7ec64769fd6ce8d3c8f7a1ad24f6,"{""scripts/run_candidate_stages.py"":""c2e66de2b6e26dfd94409d1597cd4af87a371372b9a722dc25f90691b1c3cd1b"",""src/bsolver/nosignal_sensing.py"":""2073393686e1538ad046965cbc3b4cf1f16b6882a157b6efa5c7855ff50be6c0"",""src/bsolver/round_experiments.py"":""6836dedaa30c8a24e910cede983b3e811c97e52dbd994f4e1dbd4f3a576c8c7a""}",11694.425399,11,9,0,0,sampled_nosignal_v1
complete,,4,"{""bin_width_deg"":4.0,""clear_radius"":19.999,""coverage"":""triangular"",""epsilon_deg"":1.0051,""joint_detour_m"":800.0,""local_measure_limit"":1,""max_virtual_s"":360000.0,""nearest_safe"":true,""opportunistic_known_measurements"":false,""problem"":4,""radius_weight"":2.0,""reserve_real_s"":5.0,""scheduling"":""joint"",""sensing"":""active"",""spacing"":null}",43954.341348374524,240,260,188,15,12,3,True,10924.868266,10924.868269674906,-3.6749061109730974e-06,728.3245510666667,1.7524389000609517,15,1.0,stage3-round-calibrated-p4-0030-e6bea6e459e1e123,calibrated,smoothed_joint,mixed_extreme150_after_observable_screen,unresolved,confirmation,random,mixed,extreme,15,5,cadde5ac15362c15df20007cb5d3053552f50968ad019f78856b66910a33e1e0,3,cd1e242cb9e30b1167239aaab152a2f8cb6ca89aa41498b580ec1889fd2c4b5c,joint,d32b06f867543ec26a39bcfe4f6ea9e662a9e4006475821d18a405dede2bcff0,nosignal,"{""directional_prior"":0.5,""interior_fraction"":0.75,""orientation_sample_count"":24,""position_sample_count"":7,""radius_samples"":[1000.0,1250.0,1500.0]}",True,self_built_fixed_scenario,[],65dac32bbce4ce51d1611e14be539a59889de3b5eb4999bb73c7497e17f16beb,1b673484453104a5d87d4605d30b20826a3b7ec64769fd6ce8d3c8f7a1ad24f6,"{""scripts/run_candidate_stages.py"":""c2e66de2b6e26dfd94409d1597cd4af87a371372b9a722dc25f90691b1c3cd1b"",""src/bsolver/nosignal_sensing.py"":""2073393686e1538ad046965cbc3b4cf1f16b6882a157b6efa5c7855ff50be6c0"",""src/bsolver/round_experiments.py"":""6836dedaa30c8a24e910cede983b3e811c97e52dbd994f4e1dbd4f3a576c8c7a""}",10924.868266,15,12,0,0,sampled_nosignal_v1
complete,,4,"{""bin_width_deg"":4.0,""clear_radius"":19.999,""coverage"":""triangular"",""epsilon_deg"":1.0051,""joint_detour_m"":800.0,""local_measure_limit"":1,""max_virtual_s"":360000.0,""nearest_safe"":true,""opportunistic_known_measurements"":false,""problem"":4,""radius_weight"":2.0,""reserve_real_s"":5.0,""scheduling"":""joint"",""sensing"":""active"",""spacing"":null}",49262.893632043386,219,242,173,16,13,3,True,11832.578726,11832.578726408678,-4.086778062628582e-07,739.536170375,1.9285727000096813,16,1.0,stage3-round-calibrated-p4-0033-ca5f54378e9b4ae2,calibrated,broad_joint,mixed_correlated150_after_observable_screen,unresolved,confirmation,random,mixed,correlated,16,2,2796020bfd66ac6273097ff1f073a42d2c0258bf40ab23a96d3ca54bbdb6fa87,3,cd1e242cb9e30b1167239aaab152a2f8cb6ca89aa41498b580ec1889fd2c4b5c,joint,d32b06f867543ec26a39bcfe4f6ea9e662a9e4006475821d18a405dede2bcff0,nosignal,"{""directional_prior"":0.5,""interior_fraction"":0.75,""orientation_sample_count"":24,""position_sample_count"":7,""radius_samples"":[1000.0,1250.0,1500.0]}",True,self_built_fixed_scenario,[],bfaba5e22ae4d2da0b56940ea76fd750680fa7980a1ebc31afda1597257e94b1,1b673484453104a5d87d4605d30b20826a3b7ec64769fd6ce8d3c8f7a1ad24f6,"{""scripts/run_candidate_stages.py"":""c2e66de2b6e26dfd94409d1597cd4af87a371372b9a722dc25f90691b1c3cd1b"",""src/bsolver/nosignal_sensing.py"":""2073393686e1538ad046965cbc3b4cf1f16b6882a157b6efa5c7855ff50be6c0"",""src/bsolver/round_experiments.py"":""6836dedaa30c8a24e910cede983b3e811c97e52dbd994f4e1dbd4f3a576c8c7a""}",11832.578726,16,12,0,0,sampled_nosignal_v1
complete,,4,"{""bin_width_deg"":4.0,""clear_radius"":19.999,""coverage"":""triangular"",""epsilon_deg"":1.0051,""joint_detour_m"":800.0,""local_measure_limit"":1,""max_virtual_s"":360000.0,""nearest_safe"":true,""opportunistic_known_measurements"":false,""problem"":4,""radius_weight"":2.0,""reserve_real_s"":5.0,""scheduling"":""joint"",""sensing"":""active"",""spacing"":null}",38560.5204052524,303,329,46,12,9,3,True,9822.104078,9822.10408105048,-3.0504797905450687e-06,818.5086731666667,1.4554982000263408,12,1.0,stage3-round-calibrated-p4-0040-948cf83533147868,calibrated,smoothed_joint,mixed_correlated150_after_observable_screen,unresolved,confirmation,random,mixed,correlated,12,3,a5cdc9fe625bf359ef80b5cf05166abe5bbaac1a323e4f5b3c6513af57900c3f,3,cd1e242cb9e30b1167239aaab152a2f8cb6ca89aa41498b580ec1889fd2c4b5c,joint,d32b06f867543ec26a39bcfe4f6ea9e662a9e4006475821d18a405dede2bcff0,nosignal,"{""directional_prior"":0.5,""interior_fraction"":0.75,""orientation_sample_count"":24,""position_sample_count"":7,""radius_samples"":[1000.0,1250.0,1500.0]}",True,self_built_fixed_scenario,[],725397711d02252ecb9dc1213786a4e5d211cc68b71fc149d1d05e88a9723cde,1b673484453104a5d87d4605d30b20826a3b7ec64769fd6ce8d3c8f7a1ad24f6,"{""scripts/run_candidate_stages.py"":""c2e66de2b6e26dfd94409d1597cd4af87a371372b9a722dc25f90691b1c3cd1b"",""src/bsolver/nosignal_sensing.py"":""2073393686e1538ad046965cbc3b4cf1f16b6882a157b6efa5c7855ff50be6c0"",""src/bsolver/round_experiments.py"":""6836dedaa30c8a24e910cede983b3e811c97e52dbd994f4e1dbd4f3a576c8c7a""}",9822.104078,12,10,0,0,sampled_nosignal_v1
complete,,4,"{""bin_width_deg"":4.0,""clear_radius"":19.999,""coverage"":""triangular"",""epsilon_deg"":1.0051,""joint_detour_m"":800.0,""local_measure_limit"":1,""max_virtual_s"":360000.0,""nearest_safe"":true,""opportunistic_known_measurements"":false,""problem"":4,""radius_weight"":2.0,""reserve_real_s"":5.0,""scheduling"":""joint"",""sensing"":""active"",""spacing"":null}",39354.33858716567,299,319,59,13,11,2,True,9967.867718,9967.867717433135,5.668644007528201e-07,766.7590552307691,1.5780659000156447,13,1.0,stage3-round-calibrated-p4-0041-f1f476b4a01a9d88,calibrated,broad_joint,mixed_correlated150_after_observable_screen,unresolved,confirmation,random,mixed,correlated,13,1,53971f1978d86fe3fc6ea51ae083ab8f9c4984daf1836edc0f0b0b89762f588b,3,cd1e242cb9e30b1167239aaab152a2f8cb6ca89aa41498b580ec1889fd2c4b5c,joint,d32b06f867543ec26a39bcfe4f6ea9e662a9e4006475821d18a405dede2bcff0,nosignal,"{""directional_prior"":0.5,""interior_fraction"":0.75,""orientation_sample_count"":24,""position_sample_count"":7,""radius_samples"":[1000.0,1250.0,1500.0]}",True,self_built_fixed_scenario,[],05c5b01f916897f26121aa8d5c45b82f0dd50a6d1bfa933c2b0ca05888e0e9c1,1b673484453104a5d87d4605d30b20826a3b7ec64769fd6ce8d3c8f7a1ad24f6,"{""scripts/run_candidate_stages.py"":""c2e66de2b6e26dfd94409d1597cd4af87a371372b9a722dc25f90691b1c3cd1b"",""src/bsolver/nosignal_sensing.py"":""2073393686e1538ad046965cbc3b4cf1f16b6882a157b6efa5c7855ff50be6c0"",""src/bsolver/round_experiments.py"":""6836dedaa30c8a24e910cede983b3e811c97e52dbd994f4e1dbd4f3a576c8c7a""}",9967.867718,13,10,0,0,sampled_nosignal_v1
complete,,4,"{""bin_width_deg"":4.0,""clear_radius"":19.999,""coverage"":""triangular"",""epsilon_deg"":1.0051,""joint_detour_m"":800.0,""local_measure_limit"":1,""max_virtual_s"":360000.0,""nearest_safe"":true,""opportunistic_known_measurements"":false,""problem"":4,""radius_weight"":2.0,""reserve_real_s"":5.0,""scheduling"":""joint"",""sensing"":""active"",""spacing"":null}",41823.13100245685,304,324,59,14,11,3,True,10493.626199,10493.62620049137,-1.4913694030838087e-06,749.5447285,1.5874796999851242,14,1.0,stage3-round-calibrated-p4-0045-2dfb82895c33edce,calibrated,broad_joint,mixed_correlated150_after_observable_screen,unresolved,confirmation,random,mixed,correlated,14,13,96cf0649f2d31c25b891e943fae1a753b86b60632697a07adb0f4c4360251f55,3,cd1e242cb9e30b1167239aaab152a2f8cb6ca89aa41498b580ec1889fd2c4b5c,joint,d32b06f867543ec26a39bcfe4f6ea9e662a9e4006475821d18a405dede2bcff0,nosignal,"{""directional_prior"":0.5,""interior_fraction"":0.75,""orientation_sample_count"":24,""position_sample_count"":7,""radius_samples"":[1000.0,1250.0,1500.0]}",True,self_built_fixed_scenario,[],5354ba142cc18de0f2122c1c85b6b434c0e187d11356a1bf41ec6150e87f6aa0,1b673484453104a5d87d4605d30b20826a3b7ec64769fd6ce8d3c8f7a1ad24f6,"{""scripts/run_candidate_stages.py"":""c2e66de2b6e26dfd94409d1597cd4af87a371372b9a722dc25f90691b1c3cd1b"",""src/bsolver/nosignal_sensing.py"":""2073393686e1538ad046965cbc3b4cf1f16b6882a157b6efa5c7855ff50be6c0"",""src/bsolver/round_experiments.py"":""6836dedaa30c8a24e910cede983b3e811c97e52dbd994f4e1dbd4f3a576c8c7a""}",10493.626199,14,10,0,0,sampled_nosignal_v1
complete,,4,"{""bin_width_deg"":4.0,""clear_radius"":19.999,""coverage"":""triangular"",""epsilon_deg"":1.0051,""joint_detour_m"":800.0,""local_measure_limit"":1,""max_virtual_s"":360000.0,""nearest_safe"":true,""opportunistic_known_measurements"":false,""problem"":4,""radius_weight"":2.0,""reserve_real_s"":5.0,""scheduling"":""joint"",""sensing"":""active"",""spacing"":null}",38595.0282064455,344,368,40,11,8,3,True,10045.00564,10045.0056412891,-1.2891014193883166e-06,913.1823309090909,1.402832500054501,11,1.0,stage3-round-calibrated-p4-0050-f4dc66877413d629,calibrated,smoothed_joint,mixed_extreme150_after_observable_screen,unresolved,confirmation,random,mixed,extreme,11,5,2da310c77b60bd2003ecd5194322dfbb4cec4e2f85581156b63c28b19b477342,3,cd1e242cb9e30b1167239aaab152a2f8cb6ca89aa41498b580ec1889fd2c4b5c,joint,d32b06f867543ec26a39bcfe4f6ea9e662a9e4006475821d18a405dede2bcff0,nosignal,"{""directional_prior"":0.5,""interior_fraction"":0.75,""orientation_sample_count"":24,""position_sample_count"":7,""radius_samples"":[1000.0,1250.0,1500.0]}",True,self_built_fixed_scenario,[],8033b8fea7136c74d37ab964898f9bf2756984e1b9641d0e53781e194e28b488,1b673484453104a5d87d4605d30b20826a3b7ec64769fd6ce8d3c8f7a1ad24f6,"{""scripts/run_candidate_stages.py"":""c2e66de2b6e26dfd94409d1597cd4af87a371372b9a722dc25f90691b1c3cd1b"",""src/bsolver/nosignal_sensing.py"":""2073393686e1538ad046965cbc3b4cf1f16b6882a157b6efa5c7855ff50be6c0"",""src/bsolver/round_experiments.py"":""6836dedaa30c8a24e910cede983b3e811c97e52dbd994f4e1dbd4f3a576c8c7a""}",10045.00564,11,6,0,0,sampled_nosignal_v1
complete,,4,"{""bin_width_deg"":4.0,""clear_radius"":19.999,""coverage"":""triangular"",""epsilon_deg"":1.0051,""joint_detour_m"":800.0,""local_measure_limit"":1,""max_virtual_s"":360000.0,""nearest_safe"":true,""opportunistic_known_measurements"":false,""problem"":4,""radius_weight"":2.0,""reserve_real_s"":5.0,""scheduling"":""joint"",""sensing"":""active"",""spacing"":null}",39223.75015990316,330,353,145,11,10,1,True,10396.75003,10396.750031980631,-1.9806320779025555e-06,945.1590936363635,1.2542762999655679,11,1.0,stage3-round-calibrated-p4-0054-8921882923248e9d,calibrated,smoothed_joint,mixed_extreme150_after_observable_screen,unresolved,confirmation,random,mixed,extreme,11,9,7bacb6345cae0e5a692b918fd806f189a8adfe85db4b1d234a7f0ccab5e8404b,3,cd1e242cb9e30b1167239aaab152a2f8cb6ca89aa41498b580ec1889fd2c4b5c,joint,d32b06f867543ec26a39bcfe4f6ea9e662a9e4006475821d18a405dede2bcff0,nosignal,"{""directional_prior"":0.5,""interior_fraction"":0.75,""orientation_sample_count"":24,""position_sample_count"":7,""radius_samples"":[1000.0,1250.0,1500.0]}",True,self_built_fixed_scenario,[],d11dfc69e7ed9a151d3d018e5dd739fdcea1663d0dddd115c8e11e78f9d50652,1b673484453104a5d87d4605d30b20826a3b7ec64769fd6ce8d3c8f7a1ad24f6,"{""scripts/run_candidate_stages.py"":""c2e66de2b6e26dfd94409d1597cd4af87a371372b9a722dc25f90691b1c3cd1b"",""src/bsolver/nosignal_sensing.py"":""2073393686e1538ad046965cbc3b4cf1f16b6882a157b6efa5c7855ff50be6c0"",""src/bsolver/round_experiments.py"":""6836dedaa30c8a24e910cede983b3e811c97e52dbd994f4e1dbd4f3a576c8c7a""}",10396.75003,11,8,0,0,sampled_nosignal_v1
complete,,4,"{""bin_width_deg"":4.0,""clear_radius"":19.999,""coverage"":""triangular"",""epsilon_deg"":1.0051,""joint_detour_m"":800.0,""local_measure_limit"":1,""max_virtual_s"":360000.0,""nearest_safe"":true,""opportunistic_known_measurements"":false,""problem"":4,""radius_weight"":2.0,""reserve_real_s"":5.0,""scheduling"":""joint"",""sensing"":""active"",""spacing"":null}",44665.69344557101,220,241,145,15,11,4,True,10823.138689,10823.138689114201,-1.1420161172281951e-07,721.5425792666666,1.7454813999356702,15,1.0,stage3-round-calibrated-p4-0065-e7a1d237aa8e9b84,calibrated,broad_joint,mixed_correlated150_after_observable_screen,unresolved,confirmation,random,mixed,correlated,15,2,88b594aceffb6fd56928e5d0a5df7b6f409b1e68adced2b715d30a2b22ce3a82,3,cd1e242cb9e30b1167239aaab152a2f8cb6ca89aa41498b580ec1889fd2c4b5c,joint,d32b06f867543ec26a39bcfe4f6ea9e662a9e4006475821d18a405dede2bcff0,nosignal,"{""directional_prior"":0.5,""interior_fraction"":0.75,""orientation_sample_count"":24,""position_sample_count"":7,""radius_samples"":[1000.0,1250.0,1500.0]}",True,self_built_fixed_scenario,[],6f6286357b7da5e8e33fc61f587efaf7673e0a4e255b7be6e5d7c100ca62be54,1b673484453104a5d87d4605d30b20826a3b7ec64769fd6ce8d3c8f7a1ad24f6,"{""scripts/run_candidate_stages.py"":""c2e66de2b6e26dfd94409d1597cd4af87a371372b9a722dc25f90691b1c3cd1b"",""src/bsolver/nosignal_sensing.py"":""2073393686e1538ad046965cbc3b4cf1f16b6882a157b6efa5c7855ff50be6c0"",""src/bsolver/round_experiments.py"":""6836dedaa30c8a24e910cede983b3e811c97e52dbd994f4e1dbd4f3a576c8c7a""}",10823.138689,15,12,0,0,sampled_nosignal_v1
complete,,4,"{""bin_width_deg"":4.0,""clear_radius"":19.999,""coverage"":""triangular"",""epsilon_deg"":1.0051,""joint_detour_m"":800.0,""local_measure_limit"":1,""max_virtual_s"":360000.0,""nearest_safe"":true,""opportunistic_known_measurements"":false,""problem"":4,""radius_weight"":2.0,""reserve_real_s"":5.0,""scheduling"":""joint"",""sensing"":""active"",""spacing"":null}",36331.58380760632,319,345,28,10,5,5,True,9414.316761,9414.316761521264,-5.21264155395329e-07,941.4316761,1.2032138999784365,10,1.0,stage3-round-calibrated-p4-0067-a36cd6375e33f809,calibrated,broad_joint,mixed_extreme150_after_observable_screen,unresolved,confirmation,random,mixed,extreme,10,3,a831bd88bc8a0386abe3363119f661948245fdb09860e982e23e10460b358181,3,cd1e242cb9e30b1167239aaab152a2f8cb6ca89aa41498b580ec1889fd2c4b5c,joint,d32b06f867543ec26a39bcfe4f6ea9e662a9e4006475821d18a405dede2bcff0,nosignal,"{""directional_prior"":0.5,""interior_fraction"":0.75,""orientation_sample_count"":24,""position_sample_count"":7,""radius_samples"":[1000.0,1250.0,1500.0]}",True,self_built_fixed_scenario,[],a0709d9cf20d633f9525de41e08f5a42c875df902ac16fba8216895391a8917d,1b673484453104a5d87d4605d30b20826a3b7ec64769fd6ce8d3c8f7a1ad24f6,"{""scripts/run_candidate_stages.py"":""c2e66de2b6e26dfd94409d1597cd4af87a371372b9a722dc25f90691b1c3cd1b"",""src/bsolver/nosignal_sensing.py"":""2073393686e1538ad046965cbc3b4cf1f16b6882a157b6efa5c7855ff50be6c0"",""src/bsolver/round_experiments.py"":""6836dedaa30c8a24e910cede983b3e811c97e52dbd994f4e1dbd4f3a576c8c7a""}",9414.316761,10,10,0,0,sampled_nosignal_v1
complete,,4,"{""bin_width_deg"":4.0,""clear_radius"":19.999,""coverage"":""triangular"",""epsilon_deg"":1.0051,""joint_detour_m"":800.0,""local_measure_limit"":1,""max_virtual_s"":360000.0,""nearest_safe"":true,""opportunistic_known_measurements"":false,""problem"":4,""radius_weight"":2.0,""reserve_real_s"":5.0,""scheduling"":""joint"",""sensing"":""active"",""spacing"":null}",48397.971599600605,207,230,123,16,13,3,True,11437.594323,11437.594319920121,3.079878297285177e-06,714.8496451875,1.8714610999450088,16,1.0,stage3-round-calibrated-p4-0068-cb9341a7f98df74a,calibrated,smoothed_joint,mixed_correlated150_after_observable_screen,unresolved,confirmation,random,mixed,correlated,16,12,00ca97212252c31a2358f9096ff637476ef9c24cd2d924d7a6fc879d54a65f35,3,cd1e242cb9e30b1167239aaab152a2f8cb6ca89aa41498b580ec1889fd2c4b5c,joint,d32b06f867543ec26a39bcfe4f6ea9e662a9e4006475821d18a405dede2bcff0,nosignal,"{""directional_prior"":0.5,""interior_fraction"":0.75,""orientation_sample_count"":24,""position_sample_count"":7,""radius_samples"":[1000.0,1250.0,1500.0]}",True,self_built_fixed_scenario,[],9345d2b4eceadbfdf649b22ef092749b5437a97db7adf3799ef24fca3cbfa91e,1b673484453104a5d87d4605d30b20826a3b7ec64769fd6ce8d3c8f7a1ad24f6,"{""scripts/run_candidate_stages.py"":""c2e66de2b6e26dfd94409d1597cd4af87a371372b9a722dc25f90691b1c3cd1b"",""src/bsolver/nosignal_sensing.py"":""2073393686e1538ad046965cbc3b4cf1f16b6882a157b6efa5c7855ff50be6c0"",""src/bsolver/round_experiments.py"":""6836dedaa30c8a24e910cede983b3e811c97e52dbd994f4e1dbd4f3a576c8c7a""}",11437.594323,16,15,0,0,sampled_nosignal_v1
complete,,4,"{""bin_width_deg"":4.0,""clear_radius"":19.999,""coverage"":""triangular"",""epsilon_deg"":1.0051,""joint_detour_m"":800.0,""local_measure_limit"":1,""max_virtual_s"":360000.0,""nearest_safe"":true,""opportunistic_known_measurements"":false,""problem"":4,""radius_weight"":2.0,""reserve_real_s"":5.0,""scheduling"":""joint"",""sensing"":""active"",""spacing"":null}",45629.47155731139,342,365,105,12,9,3,True,11631.894311,11631.894311462278,-4.6227796701714396e-07,969.3245259166666,1.5051147000631317,12,1.0,stage3-round-calibrated-p4-0071-12ae10b1329f5837,calibrated,broad_joint,mixed_extreme150_after_observable_screen,unresolved,confirmation,random,mixed,extreme,12,7,b836ba3851088b831efe2dcfeba7a85b21f0bede3338c8b5f754626be0472d9a,3,cd1e242cb9e30b1167239aaab152a2f8cb6ca89aa41498b580ec1889fd2c4b5c,joint,d32b06f867543ec26a39bcfe4f6ea9e662a9e4006475821d18a405dede2bcff0,nosignal,"{""directional_prior"":0.5,""interior_fraction"":0.75,""orientation_sample_count"":24,""position_sample_count"":7,""radius_samples"":[1000.0,1250.0,1500.0]}",True,self_built_fixed_scenario,[],0f56dd88692a2eb2aa65987e0685b7afa2ebf2786df3de8e177452dac3587571,1b673484453104a5d87d4605d30b20826a3b7ec64769fd6ce8d3c8f7a1ad24f6,"{""scripts/run_candidate_stages.py"":""c2e66de2b6e26dfd94409d1597cd4af87a371372b9a722dc25f90691b1c3cd1b"",""src/bsolver/nosignal_sensing.py"":""2073393686e1538ad046965cbc3b4cf1f16b6882a157b6efa5c7855ff50be6c0"",""src/bsolver/round_experiments.py"":""6836dedaa30c8a24e910cede983b3e811c97e52dbd994f4e1dbd4f3a576c8c7a""}",11631.894311,12,10,0,0,sampled_nosignal_v1
complete,,4,"{""bin_width_deg"":4.0,""clear_radius"":19.999,""coverage"":""triangular"",""epsilon_deg"":1.0051,""joint_detour_m"":800.0,""local_measure_limit"":1,""max_virtual_s"":360000.0,""nearest_safe"":true,""opportunistic_known_measurements"":false,""problem"":4,""radius_weight"":2.0,""reserve_real_s"":5.0,""scheduling"":""joint"",""sensing"":""active"",""spacing"":null}",37478.665096801844,355,380,48,10,10,0,True,9914.733019,9914.733019360368,-3.6036908568348736e-07,991.4733018999999,1.1993032000027597,10,1.0,stage3-round-calibrated-p4-0075-f7fa334065de4365,calibrated,broad_joint,mixed_extreme150_after_observable_screen,unresolved,confirmation,random,mixed,extreme,10,4,3336e3c56b3968980e42a13732ad54c7c72694eab17ae58100ea4778a66fa4cf,3,cd1e242cb9e30b1167239aaab152a2f8cb6ca89aa41498b580ec1889fd2c4b5c,joint,d32b06f867543ec26a39bcfe4f6ea9e662a9e4006475821d18a405dede2bcff0,nosignal,"{""directional_prior"":0.5,""interior_fraction"":0.75,""orientation_sample_count"":24,""position_sample_count"":7,""radius_samples"":[1000.0,1250.0,1500.0]}",True,self_built_fixed_scenario,[],4681fe52f8de763ecb72491320b50916779d76d192761739103fe25e627b912f,1b673484453104a5d87d4605d30b20826a3b7ec64769fd6ce8d3c8f7a1ad24f6,"{""scripts/run_candidate_stages.py"":""c2e66de2b6e26dfd94409d1597cd4af87a371372b9a722dc25f90691b1c3cd1b"",""src/bsolver/nosignal_sensing.py"":""2073393686e1538ad046965cbc3b4cf1f16b6882a157b6efa5c7855ff50be6c0"",""src/bsolver/round_experiments.py"":""6836dedaa30c8a24e910cede983b3e811c97e52dbd994f4e1dbd4f3a576c8c7a""}",9914.733019,10,6,0,0,sampled_nosignal_v1
complete,,3,"{""bin_width_deg"":4.0,""clear_radius"":19.999,""coverage"":""triangular"",""epsilon_deg"":1.0051,""joint_detour_m"":800.0,""local_measure_limit"":1,""max_virtual_s"":360000.0,""nearest_safe"":true,""opportunistic_known_measurements"":false,""problem"":3,""radius_weight"":2.0,""reserve_real_s"":5.0,""scheduling"":""joint"",""sensing"":""active"",""spacing"":null}",22324.90258933239,104,106,42,16,7,9,True,5256.980516,5256.980517866477,-1.8664777599042282e-06,328.56128225,1.4207144000101835,16,1.0,stage3-round-stress-p3-0003-6c16342b3d2c31bf,stress,stress_design,assumption__radius_max__noise_deterministic__scale_75,broad_or_stress_assumption,confirmation,center_and_boundary,max,deterministic,16,0,9cb30f5d3da62f410508f60dcaa71e1c3aa2a1d528a3bb2eb1e12494a6c24457,3,cd1e242cb9e30b1167239aaab152a2f8cb6ca89aa41498b580ec1889fd2c4b5c,joint,014f90c85d9df17918ca4aa165cefc62925fd937cec297da9b08baff35e26380,normal,,True,self_built_fixed_scenario,[],1c3e6ef5ade996e4f379ce787da4bd04672bddb834526154f65b0439599ef4f8,1b673484453104a5d87d4605d30b20826a3b7ec64769fd6ce8d3c8f7a1ad24f6,"{""scripts/run_candidate_stages.py"":""c2e66de2b6e26dfd94409d1597cd4af87a371372b9a722dc25f90691b1c3cd1b"",""src/bsolver/nosignal_sensing.py"":""2073393686e1538ad046965cbc3b4cf1f16b6882a157b6efa5c7855ff50be6c0"",""src/bsolver/round_experiments.py"":""6836dedaa30c8a24e910cede983b3e811c97e52dbd994f4e1dbd4f3a576c8c7a""}",5256.980516,,,,,
complete,,3,"{""bin_width_deg"":4.0,""clear_radius"":19.999,""coverage"":""triangular"",""epsilon_deg"":1.0051,""joint_detour_m"":800.0,""local_measure_limit"":1,""max_virtual_s"":360000.0,""nearest_safe"":true,""opportunistic_known_measurements"":false,""problem"":3,""radius_weight"":2.0,""reserve_real_s"":5.0,""scheduling"":""joint"",""sensing"":""active"",""spacing"":null}",19828.969978945654,67,70,16,14,3,11,True,4458.793995,4458.79399578913,-7.891303539508954e-07,318.48528535714286,1.4150136000243947,14,1.0,stage3-round-stress-p3-0004-421e170a1d20fc09,stress,stress_design,assumption__radius_max__noise_correlated__scale_75,broad_or_stress_assumption,confirmation,clustered,max,correlated,14,0,dd4a0f5b4abce8468288748c7705e15a80877de3acc8c77d0345109801ce065e,3,cd1e242cb9e30b1167239aaab152a2f8cb6ca89aa41498b580ec1889fd2c4b5c,joint,014f90c85d9df17918ca4aa165cefc62925fd937cec297da9b08baff35e26380,normal,,True,self_built_fixed_scenario,[],bc16804cdbb8267ba1730b7f4d24aae21efd3bb171a11ab9ed92ee6c0a72e5a4,1b673484453104a5d87d4605d30b20826a3b7ec64769fd6ce8d3c8f7a1ad24f6,"{""scripts/run_candidate_stages.py"":""c2e66de2b6e26dfd94409d1597cd4af87a371372b9a722dc25f90691b1c3cd1b"",""src/bsolver/nosignal_sensing.py"":""2073393686e1538ad046965cbc3b4cf1f16b6882a157b6efa5c7855ff50be6c0"",""src/bsolver/round_experiments.py"":""6836dedaa30c8a24e910cede983b3e811c97e52dbd994f4e1dbd4f3a576c8c7a""}",4458.793995,,,,,
complete,,3,"{""bin_width_deg"":4.0,""clear_radius"":19.999,""coverage"":""triangular"",""epsilon_deg"":1.0051,""joint_detour_m"":800.0,""local_measure_limit"":1,""max_virtual_s"":360000.0,""nearest_safe"":true,""opportunistic_known_measurements"":false,""problem"":3,""radius_weight"":2.0,""reserve_real_s"":5.0,""scheduling"":""joint"",""sensing"":""active"",""spacing"":null}",17161.091671245606,85,88,16,11,2,9,True,4027.218334,4027.218334249121,-2.4912105800467543e-07,366.11075763636364,1.1618878000881523,11,1.0,stage3-round-stress-p3-0008-9312f574e79a96c9,stress,stress_design,assumption__radius_mixed__noise_extreme__scale_75,broad_or_stress_assumption,confirmation,hidden_outward_last,mixed,extreme,11,0,33296cf3e4d7052b6e6214970601ae7ec3cb05aefdd34fdc363f28d715cc36c0,3,cd1e242cb9e30b1167239aaab152a2f8cb6ca89aa41498b580ec1889fd2c4b5c,joint,014f90c85d9df17918ca4aa165cefc62925fd937cec297da9b08baff35e26380,normal,,True,self_built_fixed_scenario,[],3b43dc81e9078fdb5d1dfcb4898982d3aa933cd82de284926bc7307ef9fe88f1,1b673484453104a5d87d4605d30b20826a3b7ec64769fd6ce8d3c8f7a1ad24f6,"{""scripts/run_candidate_stages.py"":""c2e66de2b6e26dfd94409d1597cd4af87a371372b9a722dc25f90691b1c3cd1b"",""src/bsolver/nosignal_sensing.py"":""2073393686e1538ad046965cbc3b4cf1f16b6882a157b6efa5c7855ff50be6c0"",""src/bsolver/round_experiments.py"":""6836dedaa30c8a24e910cede983b3e811c97e52dbd994f4e1dbd4f3a576c8c7a""}",4027.218334,,,,,
complete,,3,"{""bin_width_deg"":4.0,""clear_radius"":19.999,""coverage"":""triangular"",""epsilon_deg"":1.0051,""joint_detour_m"":800.0,""local_measure_limit"":1,""max_virtual_s"":360000.0,""nearest_safe"":true,""opportunistic_known_measurements"":false,""problem"":3,""radius_weight"":2.0,""reserve_real_s"":5.0,""scheduling"":""joint"",""sensing"":""active"",""spacing"":null}",22179.373125379676,117,119,33,15,7,8,True,5276.874626,5276.874625075935,9.240648068953305e-07,351.79164173333334,1.3027030999073759,15,1.0,stage3-round-stress-p3-0019-6618adac32f495dd,stress,stress_design,assumption__radius_min__noise_correlated__scale_300,broad_or_stress_assumption,confirmation,boundary_tangent,min,correlated,15,0,048b76f125899a07b85d4c519171d693d4f34184c8f22ddddf2f7b25f0396ac1,3,cd1e242cb9e30b1167239aaab152a2f8cb6ca89aa41498b580ec1889fd2c4b5c,joint,014f90c85d9df17918ca4aa165cefc62925fd937cec297da9b08baff35e26380,normal,,True,self_built_fixed_scenario,[],ae99c003b09e7c75b3af05307fdeea43d983ab1fa9c432805cbf296e484075c4,1b673484453104a5d87d4605d30b20826a3b7ec64769fd6ce8d3c8f7a1ad24f6,"{""scripts/run_candidate_stages.py"":""c2e66de2b6e26dfd94409d1597cd4af87a371372b9a722dc25f90691b1c3cd1b"",""src/bsolver/nosignal_sensing.py"":""2073393686e1538ad046965cbc3b4cf1f16b6882a157b6efa5c7855ff50be6c0"",""src/bsolver/round_experiments.py"":""6836dedaa30c8a24e910cede983b3e811c97e52dbd994f4e1dbd4f3a576c8c7a""}",5276.874626,,,,,
complete,,3,"{""bin_width_deg"":4.0,""clear_radius"":19.999,""coverage"":""triangular"",""epsilon_deg"":1.0051,""joint_detour_m"":800.0,""local_measure_limit"":1,""max_virtual_s"":360000.0,""nearest_safe"":true,""opportunistic_known_measurements"":false,""problem"":3,""radius_weight"":2.0,""reserve_real_s"":5.0,""scheduling"":""joint"",""sensing"":""active"",""spacing"":null}",18740.20928794139,65,68,17,15,2,13,True,4234.041854,4234.041857588278,-3.5882776501239277e-06,282.26945693333334,1.4841440999880433,15,1.0,stage3-round-stress-p3-0026-afee9acba0616a20,stress,stress_design,assumption__radius_mixed__noise_extreme__scale_300,broad_or_stress_assumption,confirmation,hidden_outward_last,mixed,extreme,15,0,1b297791542897fbb684da05f5483214eeccf46416987db863d098ab08b47b53,3,cd1e242cb9e30b1167239aaab152a2f8cb6ca89aa41498b580ec1889fd2c4b5c,joint,014f90c85d9df17918ca4aa165cefc62925fd937cec297da9b08baff35e26380,normal,,True,self_built_fixed_scenario,[],721fab104ba837e8aa4aa11654b15b12c64be4487c32cd02689086cb37114abe,1b673484453104a5d87d4605d30b20826a3b7ec64769fd6ce8d3c8f7a1ad24f6,"{""scripts/run_candidate_stages.py"":""c2e66de2b6e26dfd94409d1597cd4af87a371372b9a722dc25f90691b1c3cd1b"",""src/bsolver/nosignal_sensing.py"":""2073393686e1538ad046965cbc3b4cf1f16b6882a157b6efa5c7855ff50be6c0"",""src/bsolver/round_experiments.py"":""6836dedaa30c8a24e910cede983b3e811c97e52dbd994f4e1dbd4f3a576c8c7a""}",4234.041854,,,,,
complete,,3,"{""bin_width_deg"":4.0,""clear_radius"":19.999,""coverage"":""triangular"",""epsilon_deg"":1.0051,""joint_detour_m"":800.0,""local_measure_limit"":1,""max_virtual_s"":360000.0,""nearest_safe"":true,""opportunistic_known_measurements"":false,""problem"":3,""radius_weight"":2.0,""reserve_real_s"":5.0,""scheduling"":""joint"",""sensing"":""active"",""spacing"":null}",17622.448081629536,114,117,21,10,3,7,True,4306.489615,4306.489616325907,-1.3259068509796634e-06,430.64896150000004,0.8770921999821439,10,1.0,stage3-round-stress-p3-0027-ed25074692f602d2,stress,stress_design,assumption__radius_min__noise_deterministic__scale_75,broad_or_stress_assumption,confirmation,center_and_boundary,min,deterministic,10,0,29bd1e9a028803b66e46d261259e8bba9962ff23e787bf3e8f9cb12b68dec0e9,3,cd1e242cb9e30b1167239aaab152a2f8cb6ca89aa41498b580ec1889fd2c4b5c,joint,014f90c85d9df17918ca4aa165cefc62925fd937cec297da9b08baff35e26380,normal,,True,self_built_fixed_scenario,[],5958d0806e8e68c2f009e5ed03f3456981895113af2b8e2da4dae9805debf987,1b673484453104a5d87d4605d30b20826a3b7ec64769fd6ce8d3c8f7a1ad24f6,"{""scripts/run_candidate_stages.py"":""c2e66de2b6e26dfd94409d1597cd4af87a371372b9a722dc25f90691b1c3cd1b"",""src/bsolver/nosignal_sensing.py"":""2073393686e1538ad046965cbc3b4cf1f16b6882a157b6efa5c7855ff50be6c0"",""src/bsolver/round_experiments.py"":""6836dedaa30c8a24e910cede983b3e811c97e52dbd994f4e1dbd4f3a576c8c7a""}",4306.489615,,,,,
complete,,3,"{""bin_width_deg"":4.0,""clear_radius"":19.999,""coverage"":""triangular"",""epsilon_deg"":1.0051,""joint_detour_m"":800.0,""local_measure_limit"":1,""max_virtual_s"":360000.0,""nearest_safe"":true,""opportunistic_known_measurements"":false,""problem"":3,""radius_weight"":2.0,""reserve_real_s"":5.0,""scheduling"":""joint"",""sensing"":""active"",""spacing"":null}",17916.817329507507,76,79,27,12,7,5,True,4159.363463,4159.3634659015015,-2.9015018299105577e-06,346.61362191666666,1.0174120999872684,12,1.0,stage3-round-stress-p3-0035-fbe90f5132f4d11b,stress,stress_design,assumption__radius_mixed__noise_extreme__scale_75,broad_or_stress_assumption,confirmation,near_lattice_vertices,mixed,extreme,12,0,01af061d2697eeec1b2ffa2682ab136c1f001b6fa064fc80077e77cb55429570,3,cd1e242cb9e30b1167239aaab152a2f8cb6ca89aa41498b580ec1889fd2c4b5c,joint,014f90c85d9df17918ca4aa165cefc62925fd937cec297da9b08baff35e26380,normal,,True,self_built_fixed_scenario,[],b9e1f0e60c832cd070d511cdcca2a23cb3e48447c06d3e68914a2c241c9e2f45,1b673484453104a5d87d4605d30b20826a3b7ec64769fd6ce8d3c8f7a1ad24f6,"{""scripts/run_candidate_stages.py"":""c2e66de2b6e26dfd94409d1597cd4af87a371372b9a722dc25f90691b1c3cd1b"",""src/bsolver/nosignal_sensing.py"":""2073393686e1538ad046965cbc3b4cf1f16b6882a157b6efa5c7855ff50be6c0"",""src/bsolver/round_experiments.py"":""6836dedaa30c8a24e910cede983b3e811c97e52dbd994f4e1dbd4f3a576c8c7a""}",4159.363463,,,,,
complete,,3,"{""bin_width_deg"":4.0,""clear_radius"":19.999,""coverage"":""triangular"",""epsilon_deg"":1.0051,""joint_detour_m"":800.0,""local_measure_limit"":1,""max_virtual_s"":360000.0,""nearest_safe"":true,""opportunistic_known_measurements"":false,""problem"":3,""radius_weight"":2.0,""reserve_real_s"":5.0,""scheduling"":""joint"",""sensing"":""active"",""spacing"":null}",22237.156716240694,104,106,44,14,8,6,True,5241.431343,5241.431343248139,-2.481383489794098e-07,374.38795307142857,1.1053773999447003,14,1.0,stage3-round-stress-p3-0039-872313d54fed9270,stress,stress_design,assumption__radius_max__noise_deterministic__scale_150,broad_or_stress_assumption,confirmation,center_and_boundary,max,deterministic,14,0,08997102180090e0bb3532017692e0f8e35e5180056ac25c78c7e1bd7a4dd19b,3,cd1e242cb9e30b1167239aaab152a2f8cb6ca89aa41498b580ec1889fd2c4b5c,joint,014f90c85d9df17918ca4aa165cefc62925fd937cec297da9b08baff35e26380,normal,,True,self_built_fixed_scenario,[],565488c9749c20d179853d634d6903995ac0110fd7d33a30637ac08e9928594f,1b673484453104a5d87d4605d30b20826a3b7ec64769fd6ce8d3c8f7a1ad24f6,"{""scripts/run_candidate_stages.py"":""c2e66de2b6e26dfd94409d1597cd4af87a371372b9a722dc25f90691b1c3cd1b"",""src/bsolver/nosignal_sensing.py"":""2073393686e1538ad046965cbc3b4cf1f16b6882a157b6efa5c7855ff50be6c0"",""src/bsolver/round_experiments.py"":""6836dedaa30c8a24e910cede983b3e811c97e52dbd994f4e1dbd4f3a576c8c7a""}",5241.431343,,,,,
complete,,4,"{""bin_width_deg"":4.0,""clear_radius"":19.999,""coverage"":""triangular"",""epsilon_deg"":1.0051,""joint_detour_m"":800.0,""local_measure_limit"":1,""max_virtual_s"":360000.0,""nearest_safe"":true,""opportunistic_known_measurements"":false,""problem"":4,""radius_weight"":2.0,""reserve_real_s"":5.0,""scheduling"":""joint"",""sensing"":""active"",""spacing"":null}",39736.659324032786,352,379,33,12,10,2,True,10317.331865,10317.331864806558,1.9344224710948765e-07,859.7776554166667,1.364252100000158,12,1.0,stage3-round-stress-p4-0002-89b241614f743c13,stress,stress_design,assumption__radius_min__noise_extreme__scale_75,broad_or_stress_assumption,confirmation,hidden_outward_last,min,extreme,12,11,d9b42f2e3e51f079177d5e899fa7131b71c3f25d860602967d418364c3566984,3,cd1e242cb9e30b1167239aaab152a2f8cb6ca89aa41498b580ec1889fd2c4b5c,joint,d32b06f867543ec26a39bcfe4f6ea9e662a9e4006475821d18a405dede2bcff0,nosignal,"{""directional_prior"":0.5,""interior_fraction"":0.75,""orientation_sample_count"":24,""position_sample_count"":7,""radius_samples"":[1000.0,1250.0,1500.0]}",True,self_built_fixed_scenario,[],61e8fe20914efb4ed1faf81e77deb0af25597c9e31a93483d63b69c3d6459a14,1b673484453104a5d87d4605d30b20826a3b7ec64769fd6ce8d3c8f7a1ad24f6,"{""scripts/run_candidate_stages.py"":""c2e66de2b6e26dfd94409d1597cd4af87a371372b9a722dc25f90691b1c3cd1b"",""src/bsolver/nosignal_sensing.py"":""2073393686e1538ad046965cbc3b4cf1f16b6882a157b6efa5c7855ff50be6c0"",""src/bsolver/round_experiments.py"":""6836dedaa30c8a24e910cede983b3e811c97e52dbd994f4e1dbd4f3a576c8c7a""}",10317.331865,12,12,0,0,sampled_nosignal_v1
complete,,4,"{""bin_width_deg"":4.0,""clear_radius"":19.999,""coverage"":""triangular"",""epsilon_deg"":1.0051,""joint_detour_m"":800.0,""local_measure_limit"":1,""max_virtual_s"":360000.0,""nearest_safe"":true,""opportunistic_known_measurements"":false,""problem"":4,""radius_weight"":2.0,""reserve_real_s"":5.0,""scheduling"":""joint"",""sensing"":""active"",""spacing"":null}",40063.2513714733,220,246,102,14,4,10,True,9796.650273,9796.65027429466,-1.2946602510055527e-06,699.7607337857143,1.5211292000021785,14,1.0,stage3-round-stress-p4-0010-5b4401c981943861,stress,stress_design,assumption__radius_min__noise_correlated__scale_150,broad_or_stress_assumption,confirmation,clustered,min,correlated,14,4,18cc26c726360305786eebb1e0da812174df8dc32e69ffa61cb6a7071e536f1e,3,cd1e242cb9e30b1167239aaab152a2f8cb6ca89aa41498b580ec1889fd2c4b5c,joint,d32b06f867543ec26a39bcfe4f6ea9e662a9e4006475821d18a405dede2bcff0,nosignal,"{""directional_prior"":0.5,""interior_fraction"":0.75,""orientation_sample_count"":24,""position_sample_count"":7,""radius_samples"":[1000.0,1250.0,1500.0]}",True,self_built_fixed_scenario,[],2eddb236d1ffe9088c3b75667fb3b2bb7e6ec0751d6e610d468c24625b091710,1b673484453104a5d87d4605d30b20826a3b7ec64769fd6ce8d3c8f7a1ad24f6,"{""scripts/run_candidate_stages.py"":""c2e66de2b6e26dfd94409d1597cd4af87a371372b9a722dc25f90691b1c3cd1b"",""src/bsolver/nosignal_sensing.py"":""2073393686e1538ad046965cbc3b4cf1f16b6882a157b6efa5c7855ff50be6c0"",""src/bsolver/round_experiments.py"":""6836dedaa30c8a24e910cede983b3e811c97e52dbd994f4e1dbd4f3a576c8c7a""}",9796.650273,14,11,0,0,sampled_nosignal_v1
complete,,4,"{""bin_width_deg"":4.0,""clear_radius"":19.999,""coverage"":""triangular"",""epsilon_deg"":1.0051,""joint_detour_m"":800.0,""local_measure_limit"":1,""max_virtual_s"":360000.0,""nearest_safe"":true,""opportunistic_known_measurements"":false,""problem"":4,""radius_weight"":2.0,""reserve_real_s"":5.0,""scheduling"":""joint"",""sensing"":""active"",""spacing"":null}",41118.146964491076,200,228,38,14,10,4,True,9705.629392,9705.629392898216,-8.982151484815404e-07,693.2592422857143,1.439120199996978,14,1.0,stage3-round-stress-p4-0011-42b74f530b0bc01d,stress,stress_design,assumption__radius_min__noise_extreme__scale_150,broad_or_stress_assumption,confirmation,near_lattice_vertices,min,extreme,14,2,bd52f5028f309102855ca1a453f17a974d2bc0daedb8400fa2cc9fabfc5eecc2,3,cd1e242cb9e30b1167239aaab152a2f8cb6ca89aa41498b580ec1889fd2c4b5c,joint,d32b06f867543ec26a39bcfe4f6ea9e662a9e4006475821d18a405dede2bcff0,nosignal,"{""directional_prior"":0.5,""interior_fraction"":0.75,""orientation_sample_count"":24,""position_sample_count"":7,""radius_samples"":[1000.0,1250.0,1500.0]}",True,self_built_fixed_scenario,[],da2ef10f6e6ed73365b6313631347f0fd9a546d363cf920e4faaf82701010039,1b673484453104a5d87d4605d30b20826a3b7ec64769fd6ce8d3c8f7a1ad24f6,"{""scripts/run_candidate_stages.py"":""c2e66de2b6e26dfd94409d1597cd4af87a371372b9a722dc25f90691b1c3cd1b"",""src/bsolver/nosignal_sensing.py"":""2073393686e1538ad046965cbc3b4cf1f16b6882a157b6efa5c7855ff50be6c0"",""src/bsolver/round_experiments.py"":""6836dedaa30c8a24e910cede983b3e811c97e52dbd994f4e1dbd4f3a576c8c7a""}",9705.629392,13,11,0,0,sampled_nosignal_v1
complete,,4,"{""bin_width_deg"":4.0,""clear_radius"":19.999,""coverage"":""triangular"",""epsilon_deg"":1.0051,""joint_detour_m"":800.0,""local_measure_limit"":1,""max_virtual_s"":360000.0,""nearest_safe"":true,""opportunistic_known_measurements"":false,""problem"":4,""radius_weight"":2.0,""reserve_real_s"":5.0,""scheduling"":""joint"",""sensing"":""active"",""spacing"":null}",37732.07248568974,201,228,30,14,5,9,True,9005.414498,9005.414497137948,8.620518201496452e-07,643.2438927142857,1.5246580999810249,14,1.0,stage3-round-stress-p4-0014-1b5badafdba223b0,stress,stress_design,assumption__radius_max__noise_extreme__scale_150,broad_or_stress_assumption,confirmation,hidden_outward_last,max,extreme,14,0,9f7631bda1004df44f90c2d04f78ab92f9d5174169cb077556f0d9e9bac52e90,3,cd1e242cb9e30b1167239aaab152a2f8cb6ca89aa41498b580ec1889fd2c4b5c,joint,d32b06f867543ec26a39bcfe4f6ea9e662a9e4006475821d18a405dede2bcff0,nosignal,"{""directional_prior"":0.5,""interior_fraction"":0.75,""orientation_sample_count"":24,""position_sample_count"":7,""radius_samples"":[1000.0,1250.0,1500.0]}",True,self_built_fixed_scenario,[],90281c5857d95f7e1fc2d01983c6429872ec25283c999c30ebbbfe94af49e40a,1b673484453104a5d87d4605d30b20826a3b7ec64769fd6ce8d3c8f7a1ad24f6,"{""scripts/run_candidate_stages.py"":""c2e66de2b6e26dfd94409d1597cd4af87a371372b9a722dc25f90691b1c3cd1b"",""src/bsolver/nosignal_sensing.py"":""2073393686e1538ad046965cbc3b4cf1f16b6882a157b6efa5c7855ff50be6c0"",""src/bsolver/round_experiments.py"":""6836dedaa30c8a24e910cede983b3e811c97e52dbd994f4e1dbd4f3a576c8c7a""}",9005.414498,14,11,0,0,sampled_nosignal_v1
complete,,4,"{""bin_width_deg"":4.0,""clear_radius"":19.999,""coverage"":""triangular"",""epsilon_deg"":1.0051,""joint_detour_m"":800.0,""local_measure_limit"":1,""max_virtual_s"":360000.0,""nearest_safe"":true,""opportunistic_known_measurements"":false,""problem"":4,""radius_weight"":2.0,""reserve_real_s"":5.0,""scheduling"":""joint"",""sensing"":""active"",""spacing"":null}",23649.20544555538,136,150,28,16,3,13,True,5731.841087,5731.841089111076,-2.1110763555043377e-06,358.2400679375,1.5611893999157473,16,1.0,stage3-round-stress-p4-0016-ea0d2f5f3bb3bb34,stress,stress_design,assumption__radius_mixed__noise_correlated__scale_150,broad_or_stress_assumption,confirmation,clustered,mixed,correlated,16,6,16ba38bdd4e42fbf87aa857cd9e9d834bcf410b091263513a9f1644b8f5346dd,3,cd1e242cb9e30b1167239aaab152a2f8cb6ca89aa41498b580ec1889fd2c4b5c,joint,d32b06f867543ec26a39bcfe4f6ea9e662a9e4006475821d18a405dede2bcff0,nosignal,"{""directional_prior"":0.5,""interior_fraction"":0.75,""orientation_sample_count"":24,""position_sample_count"":7,""radius_samples"":[1000.0,1250.0,1500.0]}",True,self_built_fixed_scenario,[],2a2f656acfbf01ea9394a917c952087dbbed8ebe6ca9c427ca7ac495bc2a31a9,1b673484453104a5d87d4605d30b20826a3b7ec64769fd6ce8d3c8f7a1ad24f6,"{""scripts/run_candidate_stages.py"":""c2e66de2b6e26dfd94409d1597cd4af87a371372b9a722dc25f90691b1c3cd1b"",""src/bsolver/nosignal_sensing.py"":""2073393686e1538ad046965cbc3b4cf1f16b6882a157b6efa5c7855ff50be6c0"",""src/bsolver/round_experiments.py"":""6836dedaa30c8a24e910cede983b3e811c97e52dbd994f4e1dbd4f3a576c8c7a""}",5731.841087,15,13,0,0,sampled_nosignal_v1
complete,,4,"{""bin_width_deg"":4.0,""clear_radius"":19.999,""coverage"":""triangular"",""epsilon_deg"":1.0051,""joint_detour_m"":800.0,""local_measure_limit"":1,""max_virtual_s"":360000.0,""nearest_safe"":true,""opportunistic_known_measurements"":false,""problem"":4,""radius_weight"":2.0,""reserve_real_s"":5.0,""scheduling"":""joint"",""sensing"":""active"",""spacing"":null}",39411.80229092006,209,236,23,14,4,10,True,9368.360456,9368.360458184012,-2.184011464123614e-06,669.1686040000001,1.4352726000361145,14,1.0,stage3-round-stress-p4-0028-4c5415a1d3ba0c49,stress,stress_design,assumption__radius_min__noise_correlated__scale_75,broad_or_stress_assumption,confirmation,clustered,min,correlated,14,5,57899eda886a6b57d947f797c03445bff0dcfdb79e89ba9b720561495435570a,3,cd1e242cb9e30b1167239aaab152a2f8cb6ca89aa41498b580ec1889fd2c4b5c,joint,d32b06f867543ec26a39bcfe4f6ea9e662a9e4006475821d18a405dede2bcff0,nosignal,"{""directional_prior"":0.5,""interior_fraction"":0.75,""orientation_sample_count"":24,""position_sample_count"":7,""radius_samples"":[1000.0,1250.0,1500.0]}",True,self_built_fixed_scenario,[],73f8427844952b216d09ae92662b9457b40ca5608d4b287745b84c98851d9f8a,1b673484453104a5d87d4605d30b20826a3b7ec64769fd6ce8d3c8f7a1ad24f6,"{""scripts/run_candidate_stages.py"":""c2e66de2b6e26dfd94409d1597cd4af87a371372b9a722dc25f90691b1c3cd1b"",""src/bsolver/nosignal_sensing.py"":""2073393686e1538ad046965cbc3b4cf1f16b6882a157b6efa5c7855ff50be6c0"",""src/bsolver/round_experiments.py"":""6836dedaa30c8a24e910cede983b3e811c97e52dbd994f4e1dbd4f3a576c8c7a""}",9368.360456,14,11,0,0,sampled_nosignal_v1
complete,,4,"{""bin_width_deg"":4.0,""clear_radius"":19.999,""coverage"":""triangular"",""epsilon_deg"":1.0051,""joint_detour_m"":800.0,""local_measure_limit"":1,""max_virtual_s"":360000.0,""nearest_safe"":true,""opportunistic_known_measurements"":false,""problem"":4,""radius_weight"":2.0,""reserve_real_s"":5.0,""scheduling"":""joint"",""sensing"":""active"",""spacing"":null}",43799.41057332057,331,351,120,14,12,2,True,11233.88211,11233.882114664115,-4.664114385377616e-06,802.4201507142858,1.2193341000238433,14,1.0,stage3-round-stress-p4-0031-0b2a4d4c07fd5427,stress,stress_design,assumption__radius_max__noise_correlated__scale_75,broad_or_stress_assumption,confirmation,boundary_tangent,max,correlated,14,8,9bf9c8e518ea99bc9e5d95ec0caafc663ecca5aab26de12a3fe89f1ee9be335f,3,cd1e242cb9e30b1167239aaab152a2f8cb6ca89aa41498b580ec1889fd2c4b5c,joint,d32b06f867543ec26a39bcfe4f6ea9e662a9e4006475821d18a405dede2bcff0,nosignal,"{""directional_prior"":0.5,""interior_fraction"":0.75,""orientation_sample_count"":24,""position_sample_count"":7,""radius_samples"":[1000.0,1250.0,1500.0]}",True,self_built_fixed_scenario,[],43d313795404f2eaee721e196d3fb6300a1e6fef73425bb5d257fc336cefdb6e,1b673484453104a5d87d4605d30b20826a3b7ec64769fd6ce8d3c8f7a1ad24f6,"{""scripts/run_candidate_stages.py"":""c2e66de2b6e26dfd94409d1597cd4af87a371372b9a722dc25f90691b1c3cd1b"",""src/bsolver/nosignal_sensing.py"":""2073393686e1538ad046965cbc3b4cf1f16b6882a157b6efa5c7855ff50be6c0"",""src/bsolver/round_experiments.py"":""6836dedaa30c8a24e910cede983b3e811c97e52dbd994f4e1dbd4f3a576c8c7a""}",11233.88211,14,8,0,0,sampled_nosignal_v1
complete,,4,"{""bin_width_deg"":4.0,""clear_radius"":19.999,""coverage"":""triangular"",""epsilon_deg"":1.0051,""joint_detour_m"":800.0,""local_measure_limit"":1,""max_virtual_s"":360000.0,""nearest_safe"":true,""opportunistic_known_measurements"":false,""problem"":4,""radius_weight"":2.0,""reserve_real_s"":5.0,""scheduling"":""joint"",""sensing"":""active"",""spacing"":null}",43805.63594904171,352,370,104,15,12,3,True,11305.127189,11305.127189808341,-8.083407010417432e-07,753.6751459333334,1.1452861999860033,15,1.0,stage3-round-stress-p4-0039-8ac51ddfcf5593fc,stress,stress_design,assumption__radius_max__noise_deterministic__scale_150,broad_or_stress_assumption,confirmation,center_and_boundary,max,deterministic,15,14,7481262af0de72113450261f02ae66468056be4b5be54438b1d14e42be7ec87f,3,cd1e242cb9e30b1167239aaab152a2f8cb6ca89aa41498b580ec1889fd2c4b5c,joint,d32b06f867543ec26a39bcfe4f6ea9e662a9e4006475821d18a405dede2bcff0,nosignal,"{""directional_prior"":0.5,""interior_fraction"":0.75,""orientation_sample_count"":24,""position_sample_count"":7,""radius_samples"":[1000.0,1250.0,1500.0]}",True,self_built_fixed_scenario,[],27725556139eadfcbd354daf8b6998f19d18f8d7087084feb15bb52443360de0,1b673484453104a5d87d4605d30b20826a3b7ec64769fd6ce8d3c8f7a1ad24f6,"{""scripts/run_candidate_stages.py"":""c2e66de2b6e26dfd94409d1597cd4af87a371372b9a722dc25f90691b1c3cd1b"",""src/bsolver/nosignal_sensing.py"":""2073393686e1538ad046965cbc3b4cf1f16b6882a157b6efa5c7855ff50be6c0"",""src/bsolver/round_experiments.py"":""6836dedaa30c8a24e910cede983b3e811c97e52dbd994f4e1dbd4f3a576c8c7a""}",11305.127189,14,9,0,0,sampled_nosignal_v1
