pool,problem,composition_model,partition,mechanism_id,mechanism_status,noise_model,variant,baseline_variant,n_pairs,baseline_failures,candidate_failures,completion_delta_mean,penalized_time_delta_mean_s,penalized_delta_ci_low_s,penalized_delta_ci_high_s,both_complete_n,completed_time_delta_mean_s,completed_time_delta_median_s,completed_regression_rate,completed_worst_regression_s,mean_completed_reduction_pct,ci_scope,precision_warning,completed_delta_ci_low_s,completed_delta_ci_high_s
broad,3,broad_joint,all,__design_mixture__,design_mixture_only_not_official_population,all,joint_triangular_l1,joint_triangular_l5,160,0,0,0.0,-470.63981397500004,-510.13099083875,-435.31563883578133,160,-470.63981397500004,-423.5614234999998,0.0,-44.94883800000025,9.362763058380292,pointwise paired bootstrap; exploratory and not multiplicity-adjusted,,-508.02699381406245,-434.5490893257813
broad,3,broad_joint,all,__design_mixture__,design_mixture_only_not_official_population,all,joint_triangular_l2,joint_triangular_l5,160,0,0,0.0,-348.32380761875,-376.8802124817187,-319.88172814859377,160,-348.32380761875,-319.4038290000003,0.0,-25.54374100000041,6.9281117814667965,pointwise paired bootstrap; exploratory and not multiplicity-adjusted,,-376.91435721484385,-320.764225814375
broad,3,broad_joint,all,__design_mixture__,design_mixture_only_not_official_population,all,joint_triangular_l3,joint_triangular_l5,160,0,0,0.0,-238.16868354999997,-259.1415518590625,-218.09315684984378,160,-238.16868354999997,-224.9212050000001,0.0,-8.830489999999372,4.730871706202869,pointwise paired bootstrap; exploratory and not multiplicity-adjusted,,-259.1587902584374,-218.42987205156246
broad,3,broad_joint,all,__design_mixture__,design_mixture_only_not_official_population,correlated,joint_triangular_l1,joint_triangular_l5,55,0,0,0.0,-552.2285585636364,-616.7627941722726,-488.4185664345454,55,-552.2285585636364,-512.7314969999998,0.0,-117.74840500000028,10.88281465700158,pointwise paired bootstrap; exploratory and not multiplicity-adjusted,,-618.2277477904546,-489.3205102895457
broad,3,broad_joint,all,__design_mixture__,design_mixture_only_not_official_population,correlated,joint_triangular_l2,joint_triangular_l5,55,0,0,0.0,-410.34610949090904,-458.1906603295453,-360.4389255263636,55,-410.34610949090904,-351.91815700000006,0.0,-88.78842299999997,8.093376050232921,pointwise paired bootstrap; exploratory and not multiplicity-adjusted,,-459.672741890909,-363.71561639636366
broad,3,broad_joint,all,__design_mixture__,design_mixture_only_not_official_population,correlated,joint_triangular_l3,joint_triangular_l5,55,0,0,0.0,-283.0065395090909,-320.2696171277271,-248.11963120818186,55,-283.0065395090909,-258.1854979999998,0.0,-60.79600299999947,5.585227336731664,pointwise paired bootstrap; exploratory and not multiplicity-adjusted,,-320.73133299272735,-248.94369839636354
broad,3,broad_joint,all,__design_mixture__,design_mixture_only_not_official_population,deterministic,joint_triangular_l1,joint_triangular_l5,56,0,0,0.0,-475.8138316607142,-550.4881691348213,-409.0732499517857,56,-475.8138316607142,-452.0100030000003,0.0,-74.16711899999973,9.360454823444957,pointwise paired bootstrap; exploratory and not multiplicity-adjusted,,-541.0698735066964,-408.20487015401784
broad,3,broad_joint,all,__design_mixture__,design_mixture_only_not_official_population,deterministic,joint_triangular_l2,joint_triangular_l5,56,0,0,0.0,-353.3343219464286,-405.0043662196429,-306.3419835625,56,-353.3343219464286,-345.6978009999998,0.0,-48.78682099999969,6.959908164511782,pointwise paired bootstrap; exploratory and not multiplicity-adjusted,,-405.174167166518,-302.82216556875
broad,3,broad_joint,all,__design_mixture__,design_mixture_only_not_official_population,deterministic,joint_triangular_l3,joint_triangular_l5,56,0,0,0.0,-246.1118519285714,-283.0605326169643,-211.64656010892847,56,-246.1118519285714,-240.2084850000001,0.0,-8.830489999999372,4.849759211961046,pointwise paired bootstrap; exploratory and not multiplicity-adjusted,,-283.5114692410714,-210.8144316714285
broad,3,broad_joint,all,__design_mixture__,design_mixture_only_not_official_population,extreme,joint_triangular_l1,joint_triangular_l5,49,0,0,0.0,-373.14744779591837,-413.17034168061235,-331.5587519418368,49,-373.14744779591837,-378.07067199999983,0.0,-44.94883800000025,7.659220675364121,pointwise paired bootstrap; exploratory and not multiplicity-adjusted,,-417.39345203724486,-331.16377649489795
broad,3,broad_joint,all,__design_mixture__,design_mixture_only_not_official_population,extreme,joint_triangular_l2,joint_triangular_l5,49,0,0,0.0,-272.98063608163267,-306.6223233688776,-238.8679827107143,49,-272.98063608163267,-267.22685400000046,0.0,-25.54374100000041,5.583823368555449,pointwise paired bootstrap; exploratory and not multiplicity-adjusted,,-303.620123102551,-241.99045480714284
broad,3,broad_joint,all,__design_mixture__,design_mixture_only_not_official_population,extreme,joint_triangular_l3,joint_triangular_l5,49,0,0,0.0,-178.76257116326528,-201.41529016632649,-156.5076652647959,49,-178.76257116326528,-169.42848499999945,0.0,-28.25840100000005,3.6360296653550805,pointwise paired bootstrap; exploratory and not multiplicity-adjusted,,-200.50845627704072,-157.20973608724495
broad,3,broad_joint,development,__design_mixture__,design_mixture_only_not_official_population,all,joint_triangular_l1,joint_triangular_l5,160,0,0,0.0,-470.63981397500004,-509.86075063312495,-433.0297346889062,160,-470.63981397500004,-423.5614234999998,0.0,-44.94883800000025,9.362763058380292,pointwise paired bootstrap; exploratory and not multiplicity-adjusted,,-508.05513099875,-434.71722936937505
broad,3,broad_joint,development,__design_mixture__,design_mixture_only_not_official_population,all,joint_triangular_l2,joint_triangular_l5,160,0,0,0.0,-348.32380761875,-376.5311129239062,-322.42521318218746,160,-348.32380761875,-319.4038290000003,0.0,-25.54374100000041,6.9281117814667965,pointwise paired bootstrap; exploratory and not multiplicity-adjusted,,-375.39706529140625,-319.7358827240625
broad,3,broad_joint,development,__design_mixture__,design_mixture_only_not_official_population,all,joint_triangular_l3,joint_triangular_l5,160,0,0,0.0,-238.16868354999997,-259.50280435624995,-217.73931283171873,160,-238.16868354999997,-224.9212050000001,0.0,-8.830489999999372,4.730871706202869,pointwise paired bootstrap; exploratory and not multiplicity-adjusted,,-258.8711602898438,-217.69850763453124
broad,3,broad_joint,development,__design_mixture__,design_mixture_only_not_official_population,correlated,joint_triangular_l1,joint_triangular_l5,55,0,0,0.0,-552.2285585636364,-623.0211986118184,-490.11605043136376,55,-552.2285585636364,-512.7314969999998,0.0,-117.74840500000028,10.88281465700158,pointwise paired bootstrap; exploratory and not multiplicity-adjusted,,-617.8910326318181,-491.0961274836363
broad,3,broad_joint,development,__design_mixture__,design_mixture_only_not_official_population,correlated,joint_triangular_l2,joint_triangular_l5,55,0,0,0.0,-410.34610949090904,-459.4796871377272,-361.96598719318166,55,-410.34610949090904,-351.91815700000006,0.0,-88.78842299999997,8.093376050232921,pointwise paired bootstrap; exploratory and not multiplicity-adjusted,,-460.1718217527272,-360.795503234091
broad,3,broad_joint,development,__design_mixture__,design_mixture_only_not_official_population,correlated,joint_triangular_l3,joint_triangular_l5,55,0,0,0.0,-283.0065395090909,-320.2024639563635,-247.17380961636357,55,-283.0065395090909,-258.1854979999998,0.0,-60.79600299999947,5.585227336731664,pointwise paired bootstrap; exploratory and not multiplicity-adjusted,,-322.42265894772714,-246.47553626954547
broad,3,broad_joint,development,__design_mixture__,design_mixture_only_not_official_population,deterministic,joint_triangular_l1,joint_triangular_l5,56,0,0,0.0,-475.8138316607142,-545.9690654562498,-409.1515482901785,56,-475.8138316607142,-452.0100030000003,0.0,-74.16711899999973,9.360454823444957,pointwise paired bootstrap; exploratory and not multiplicity-adjusted,,-546.0026267665177,-407.4785195450892
broad,3,broad_joint,development,__design_mixture__,design_mixture_only_not_official_population,deterministic,joint_triangular_l2,joint_triangular_l5,56,0,0,0.0,-353.3343219464286,-405.9233704044643,-303.9019813660715,56,-353.3343219464286,-345.6978009999998,0.0,-48.78682099999969,6.959908164511782,pointwise paired bootstrap; exploratory and not multiplicity-adjusted,,-405.6345535598215,-303.6218795120535
broad,3,broad_joint,development,__design_mixture__,design_mixture_only_not_official_population,deterministic,joint_triangular_l3,joint_triangular_l5,56,0,0,0.0,-246.1118519285714,-283.1953587892857,-208.39372634508928,56,-246.1118519285714,-240.2084850000001,0.0,-8.830489999999372,4.849759211961046,pointwise paired bootstrap; exploratory and not multiplicity-adjusted,,-284.7469945535714,-210.60797481160708
broad,3,broad_joint,development,__design_mixture__,design_mixture_only_not_official_population,extreme,joint_triangular_l1,joint_triangular_l5,49,0,0,0.0,-373.14744779591837,-414.9871003510204,-330.76358374744905,49,-373.14744779591837,-378.07067199999983,0.0,-44.94883800000025,7.659220675364121,pointwise paired bootstrap; exploratory and not multiplicity-adjusted,,-415.28871124336723,-330.70137410714295
broad,3,broad_joint,development,__design_mixture__,design_mixture_only_not_official_population,extreme,joint_triangular_l2,joint_triangular_l5,49,0,0,0.0,-272.98063608163267,-306.22546308214277,-243.0737235020408,49,-272.98063608163267,-267.22685400000046,0.0,-25.54374100000041,5.583823368555449,pointwise paired bootstrap; exploratory and not multiplicity-adjusted,,-303.7585346622449,-240.15142669234697
broad,3,broad_joint,development,__design_mixture__,design_mixture_only_not_official_population,extreme,joint_triangular_l3,joint_triangular_l5,49,0,0,0.0,-178.76257116326528,-202.24386788622456,-156.12633125714285,49,-178.76257116326528,-169.42848499999945,0.0,-28.25840100000005,3.6360296653550805,pointwise paired bootstrap; exploratory and not multiplicity-adjusted,,-200.6468535709183,-156.5308113209183
broad,3,broad_joint,all,assumption__radius_max__noise_correlated__scale_150,broad_or_stress_assumption,all,joint_triangular_l1,joint_triangular_l5,5,0,0,0.0,-766.8039016000001,-935.7428034000001,-595.6143798000002,5,-766.8039016000001,-816.950597,0.0,-527.8836940000001,14.069858292711675,pointwise paired bootstrap; exploratory and not multiplicity-adjusted,very small stratum,-935.7428034000001,-595.6143798000002
broad,3,broad_joint,all,assumption__radius_max__noise_correlated__scale_150,broad_or_stress_assumption,all,joint_triangular_l2,joint_triangular_l5,5,0,0,0.0,-546.6674079999999,-655.6099096649997,-430.45836919999965,5,-546.6674079999999,-583.3707859999995,0.0,-351.91815700000006,9.9792828103246,pointwise paired bootstrap; exploratory and not multiplicity-adjusted,very small stratum,-662.8764468000002,-424.5005244
broad,3,broad_joint,all,assumption__radius_max__noise_correlated__scale_150,broad_or_stress_assumption,all,joint_triangular_l3,joint_triangular_l5,5,0,0,0.0,-362.1703911999999,-452.9412842,-272.5894251999998,5,-362.1703911999999,-312.356229,0.0,-258.1854979999998,6.634267335802176,pointwise paired bootstrap; exploratory and not multiplicity-adjusted,very small stratum,-452.9412842,-271.3994981999998
broad,3,broad_joint,all,assumption__radius_max__noise_correlated__scale_150,broad_or_stress_assumption,correlated,joint_triangular_l1,joint_triangular_l5,5,0,0,0.0,-766.8039016000001,-935.0683964,-604.1828710000002,5,-766.8039016000001,-816.950597,0.0,-527.8836940000001,14.069858292711675,pointwise paired bootstrap; exploratory and not multiplicity-adjusted,very small stratum,-935.0683964,-595.6143798000002
broad,3,broad_joint,all,assumption__radius_max__noise_correlated__scale_150,broad_or_stress_assumption,correlated,joint_triangular_l2,joint_triangular_l5,5,0,0,0.0,-546.6674079999999,-662.8764468000002,-430.45836919999965,5,-546.6674079999999,-583.3707859999995,0.0,-351.91815700000006,9.9792828103246,pointwise paired bootstrap; exploratory and not multiplicity-adjusted,very small stratum,-662.8764468000002,-424.5005244
broad,3,broad_joint,all,assumption__radius_max__noise_correlated__scale_150,broad_or_stress_assumption,correlated,joint_triangular_l3,joint_triangular_l5,5,0,0,0.0,-362.1703911999999,-451.43212979999953,-271.3994981999998,5,-362.1703911999999,-312.356229,0.0,-258.1854979999998,6.634267335802176,pointwise paired bootstrap; exploratory and not multiplicity-adjusted,very small stratum,-452.9412842,-272.5894251999998
broad,3,broad_joint,development,assumption__radius_max__noise_correlated__scale_150,broad_or_stress_assumption,all,joint_triangular_l1,joint_triangular_l5,5,0,0,0.0,-766.8039016000001,-935.0683964,-604.1828710000002,5,-766.8039016000001,-816.950597,0.0,-527.8836940000001,14.069858292711675,pointwise paired bootstrap; exploratory and not multiplicity-adjusted,very small stratum,-935.0683964,-595.6143798000002
broad,3,broad_joint,development,assumption__radius_max__noise_correlated__scale_150,broad_or_stress_assumption,all,joint_triangular_l2,joint_triangular_l5,5,0,0,0.0,-546.6674079999999,-662.8764468000002,-430.39177284000004,5,-546.6674079999999,-583.3707859999995,0.0,-351.91815700000006,9.9792828103246,pointwise paired bootstrap; exploratory and not multiplicity-adjusted,very small stratum,-662.8764468000002,-430.45836919999965
broad,3,broad_joint,development,assumption__radius_max__noise_correlated__scale_150,broad_or_stress_assumption,all,joint_triangular_l3,joint_triangular_l5,5,0,0,0.0,-362.1703911999999,-452.9412842,-271.3994981999998,5,-362.1703911999999,-312.356229,0.0,-258.1854979999998,6.634267335802176,pointwise paired bootstrap; exploratory and not multiplicity-adjusted,very small stratum,-452.9412842,-271.3994981999998
broad,3,broad_joint,development,assumption__radius_max__noise_correlated__scale_150,broad_or_stress_assumption,correlated,joint_triangular_l1,joint_triangular_l5,5,0,0,0.0,-766.8039016000001,-935.7428034000001,-595.5975196250002,5,-766.8039016000001,-816.950597,0.0,-527.8836940000001,14.069858292711675,pointwise paired bootstrap; exploratory and not multiplicity-adjusted,very small stratum,-935.7428034000001,-595.6143798000002
broad,3,broad_joint,development,assumption__radius_max__noise_correlated__scale_150,broad_or_stress_assumption,correlated,joint_triangular_l2,joint_triangular_l5,5,0,0,0.0,-546.6674079999999,-671.5484313999999,-427.79451480000006,5,-546.6674079999999,-583.3707859999995,0.0,-351.91815700000006,9.9792828103246,pointwise paired bootstrap; exploratory and not multiplicity-adjusted,very small stratum,-662.8764468000002,-430.45836919999965
broad,3,broad_joint,development,assumption__radius_max__noise_correlated__scale_150,broad_or_stress_assumption,correlated,joint_triangular_l3,joint_triangular_l5,5,0,0,0.0,-362.1703911999999,-452.9412842,-272.5894251999998,5,-362.1703911999999,-312.356229,0.0,-258.1854979999998,6.634267335802176,pointwise paired bootstrap; exploratory and not multiplicity-adjusted,very small stratum,-452.9412842,-271.3994981999998
broad,3,broad_joint,all,assumption__radius_max__noise_correlated__scale_300,broad_or_stress_assumption,all,joint_triangular_l1,joint_triangular_l5,4,0,0,0.0,-780.9529867499998,-966.2554734999999,-595.6504999999997,4,-780.9529867499998,-811.8407079999997,0.0,-524.7542720000001,15.051853049389635,pointwise paired bootstrap; exploratory and not multiplicity-adjusted,very small stratum,-966.2554734999999,-595.6504999999997
broad,3,broad_joint,all,assumption__radius_max__noise_correlated__scale_300,broad_or_stress_assumption,all,joint_triangular_l2,joint_triangular_l5,4,0,0,0.0,-611.7124887499999,-773.3846214999999,-450.040356,4,-611.7124887499999,-626.1382649999996,0.0,-407.2200810000004,11.784671640704214,pointwise paired bootstrap; exploratory and not multiplicity-adjusted,very small stratum,-773.3846214999999,-450.040356
broad,3,broad_joint,all,assumption__radius_max__noise_correlated__scale_300,broad_or_stress_assumption,all,joint_triangular_l3,joint_triangular_l5,4,0,0,0.0,-425.9376682499999,-542.1179164999999,-309.7574199999999,4,-425.9376682499999,-445.0976719999999,0.0,-269.88015300000006,8.196403646484514,pointwise paired bootstrap; exploratory and not multiplicity-adjusted,very small stratum,-542.1179164999999,-309.7574199999999
broad,3,broad_joint,all,assumption__radius_max__noise_correlated__scale_300,broad_or_stress_assumption,correlated,joint_triangular_l1,joint_triangular_l5,4,0,0,0.0,-780.9529867499998,-966.2554734999999,-595.6504999999997,4,-780.9529867499998,-811.8407079999997,0.0,-524.7542720000001,15.051853049389635,pointwise paired bootstrap; exploratory and not multiplicity-adjusted,very small stratum,-966.2554734999999,-595.6504999999997
broad,3,broad_joint,all,assumption__radius_max__noise_correlated__scale_300,broad_or_stress_assumption,correlated,joint_triangular_l2,joint_triangular_l5,4,0,0,0.0,-611.7124887499999,-773.3846214999999,-450.040356,4,-611.7124887499999,-626.1382649999996,0.0,-407.2200810000004,11.784671640704214,pointwise paired bootstrap; exploratory and not multiplicity-adjusted,very small stratum,-773.3846214999999,-450.040356
broad,3,broad_joint,all,assumption__radius_max__noise_correlated__scale_300,broad_or_stress_assumption,correlated,joint_triangular_l3,joint_triangular_l5,4,0,0,0.0,-425.9376682499999,-542.1179164999999,-309.7574199999999,4,-425.9376682499999,-445.0976719999999,0.0,-269.88015300000006,8.196403646484514,pointwise paired bootstrap; exploratory and not multiplicity-adjusted,very small stratum,-542.1179164999999,-309.7574199999999
broad,3,broad_joint,development,assumption__radius_max__noise_correlated__scale_300,broad_or_stress_assumption,all,joint_triangular_l1,joint_triangular_l5,4,0,0,0.0,-780.9529867499998,-966.2554734999999,-595.6504999999997,4,-780.9529867499998,-811.8407079999997,0.0,-524.7542720000001,15.051853049389635,pointwise paired bootstrap; exploratory and not multiplicity-adjusted,very small stratum,-966.2554734999999,-595.6504999999997
broad,3,broad_joint,development,assumption__radius_max__noise_correlated__scale_300,broad_or_stress_assumption,all,joint_triangular_l2,joint_triangular_l5,4,0,0,0.0,-611.7124887499999,-773.3846214999999,-450.040356,4,-611.7124887499999,-626.1382649999996,0.0,-407.2200810000004,11.784671640704214,pointwise paired bootstrap; exploratory and not multiplicity-adjusted,very small stratum,-773.3846214999999,-450.040356
broad,3,broad_joint,development,assumption__radius_max__noise_correlated__scale_300,broad_or_stress_assumption,all,joint_triangular_l3,joint_triangular_l5,4,0,0,0.0,-425.9376682499999,-542.1179164999999,-309.7574199999999,4,-425.9376682499999,-445.0976719999999,0.0,-269.88015300000006,8.196403646484514,pointwise paired bootstrap; exploratory and not multiplicity-adjusted,very small stratum,-542.1179164999999,-309.7574199999999
broad,3,broad_joint,development,assumption__radius_max__noise_correlated__scale_300,broad_or_stress_assumption,correlated,joint_triangular_l1,joint_triangular_l5,4,0,0,0.0,-780.9529867499998,-966.2554734999999,-595.6504999999997,4,-780.9529867499998,-811.8407079999997,0.0,-524.7542720000001,15.051853049389635,pointwise paired bootstrap; exploratory and not multiplicity-adjusted,very small stratum,-966.2554734999999,-595.6504999999997
broad,3,broad_joint,development,assumption__radius_max__noise_correlated__scale_300,broad_or_stress_assumption,correlated,joint_triangular_l2,joint_triangular_l5,4,0,0,0.0,-611.7124887499999,-773.3846214999999,-428.6302185000002,4,-611.7124887499999,-626.1382649999996,0.0,-407.2200810000004,11.784671640704214,pointwise paired bootstrap; exploratory and not multiplicity-adjusted,very small stratum,-773.3846214999999,-450.040356
broad,3,broad_joint,development,assumption__radius_max__noise_correlated__scale_300,broad_or_stress_assumption,correlated,joint_triangular_l3,joint_triangular_l5,4,0,0,0.0,-425.9376682499999,-542.1179164999999,-309.7574199999999,4,-425.9376682499999,-445.0976719999999,0.0,-269.88015300000006,8.196403646484514,pointwise paired bootstrap; exploratory and not multiplicity-adjusted,very small stratum,-542.1179164999999,-309.7574199999999
broad,3,broad_joint,all,assumption__radius_max__noise_correlated__scale_75,broad_or_stress_assumption,all,joint_triangular_l1,joint_triangular_l5,6,0,0,0.0,-880.4707760000002,-1041.4174578250004,-693.0998428333334,6,-880.4707760000002,-936.2432660000004,0.0,-531.3716169999998,15.915504125908894,pointwise paired bootstrap; exploratory and not multiplicity-adjusted,very small stratum,-1041.450777491667,-693.0998428333334
broad,3,broad_joint,all,assumption__radius_max__noise_correlated__scale_75,broad_or_stress_assumption,all,joint_triangular_l2,joint_triangular_l5,6,0,0,0.0,-644.0896088333334,-780.6228830000001,-519.6618110250005,6,-644.0896088333334,-645.7144170000001,0.0,-418.4210499999999,11.676227483005144,pointwise paired bootstrap; exploratory and not multiplicity-adjusted,very small stratum,-778.6034398166668,-508.4304938333333
broad,3,broad_joint,all,assumption__radius_max__noise_correlated__scale_75,broad_or_stress_assumption,all,joint_triangular_l3,joint_triangular_l5,6,0,0,0.0,-452.0251233333336,-571.0814910000003,-338.6347251333337,6,-452.0251233333336,-450.4624735000002,0.0,-260.9195300000001,8.168017833874968,pointwise paired bootstrap; exploratory and not multiplicity-adjusted,very small stratum,-570.1387206875004,-338.6681743333335
broad,3,broad_joint,all,assumption__radius_max__noise_correlated__scale_75,broad_or_stress_assumption,correlated,joint_triangular_l1,joint_triangular_l5,6,0,0,0.0,-880.4707760000002,-1041.1706586666671,-693.4124483333334,6,-880.4707760000002,-936.2432660000004,0.0,-531.3716169999998,15.915504125908894,pointwise paired bootstrap; exploratory and not multiplicity-adjusted,very small stratum,-1041.1706586666671,-694.4741111666667
broad,3,broad_joint,all,assumption__radius_max__noise_correlated__scale_75,broad_or_stress_assumption,correlated,joint_triangular_l2,joint_triangular_l5,6,0,0,0.0,-644.0896088333334,-779.2482911666667,-508.68071016666664,6,-644.0896088333334,-645.7144170000001,0.0,-418.4210499999999,11.676227483005144,pointwise paired bootstrap; exploratory and not multiplicity-adjusted,very small stratum,-779.2482911666667,-512.2134163333334
broad,3,broad_joint,all,assumption__radius_max__noise_correlated__scale_75,broad_or_stress_assumption,correlated,joint_triangular_l3,joint_triangular_l5,6,0,0,0.0,-452.0251233333336,-569.6206581666671,-347.70127550000035,6,-452.0251233333336,-450.4624735000002,0.0,-260.9195300000001,8.168017833874968,pointwise paired bootstrap; exploratory and not multiplicity-adjusted,very small stratum,-569.6206581666671,-338.6681743333335
broad,3,broad_joint,development,assumption__radius_max__noise_correlated__scale_75,broad_or_stress_assumption,all,joint_triangular_l1,joint_triangular_l5,6,0,0,0.0,-880.4707760000002,-1041.1373390000006,-693.4124483333334,6,-880.4707760000002,-936.2432660000004,0.0,-531.3716169999998,15.915504125908894,pointwise paired bootstrap; exploratory and not multiplicity-adjusted,very small stratum,-1041.1040193333338,-693.4124483333334
broad,3,broad_joint,development,assumption__radius_max__noise_correlated__scale_75,broad_or_stress_assumption,all,joint_triangular_l2,joint_triangular_l5,6,0,0,0.0,-644.0896088333334,-777.2123133333334,-510.716688,6,-644.0896088333334,-645.7144170000001,0.0,-418.4210499999999,11.676227483005144,pointwise paired bootstrap; exploratory and not multiplicity-adjusted,very small stratum,-767.1044261791667,-508.68071016666664
broad,3,broad_joint,development,assumption__radius_max__noise_correlated__scale_75,broad_or_stress_assumption,all,joint_triangular_l3,joint_triangular_l5,6,0,0,0.0,-452.0251233333336,-569.6206581666671,-339.723938166667,6,-452.0251233333336,-450.4624735000002,0.0,-260.9195300000001,8.168017833874968,pointwise paired bootstrap; exploratory and not multiplicity-adjusted,very small stratum,-569.6206581666671,-340.90181718333406
broad,3,broad_joint,development,assumption__radius_max__noise_correlated__scale_75,broad_or_stress_assumption,correlated,joint_triangular_l1,joint_triangular_l5,6,0,0,0.0,-880.4707760000002,-1041.1040193333338,-693.4124483333334,6,-880.4707760000002,-936.2432660000004,0.0,-531.3716169999998,15.915504125908894,pointwise paired bootstrap; exploratory and not multiplicity-adjusted,very small stratum,-1041.1040193333338,-693.0998428333334
broad,3,broad_joint,development,assumption__radius_max__noise_correlated__scale_75,broad_or_stress_assumption,correlated,joint_triangular_l2,joint_triangular_l5,6,0,0,0.0,-644.0896088333334,-777.2466781291668,-508.4304938333333,6,-644.0896088333334,-645.7144170000001,0.0,-418.4210499999999,11.676227483005144,pointwise paired bootstrap; exploratory and not multiplicity-adjusted,very small stratum,-787.3006525000001,-508.68071016666664
broad,3,broad_joint,development,assumption__radius_max__noise_correlated__scale_75,broad_or_stress_assumption,correlated,joint_triangular_l3,joint_triangular_l5,6,0,0,0.0,-452.0251233333336,-569.6206581666671,-336.78987113333375,6,-452.0251233333336,-450.4624735000002,0.0,-260.9195300000001,8.168017833874968,pointwise paired bootstrap; exploratory and not multiplicity-adjusted,very small stratum,-569.6206581666671,-337.33020633333354
broad,3,broad_joint,all,assumption__radius_max__noise_deterministic__scale_150,broad_or_stress_assumption,all,joint_triangular_l1,joint_triangular_l5,7,0,0,0.0,-714.5503945714283,-913.0387088571432,-518.439744264286,7,-714.5503945714283,-748.8529950000006,0.0,-363.7306789999993,13.811137269056632,pointwise paired bootstrap; exploratory and not multiplicity-adjusted,very small stratum,-911.7618957142857,-521.9320690464284
broad,3,broad_joint,all,assumption__radius_max__noise_deterministic__scale_150,broad_or_stress_assumption,all,joint_triangular_l2,joint_triangular_l5,7,0,0,0.0,-530.3362890000001,-668.9044533821431,-407.80809828571415,7,-530.3362890000001,-583.3517960000008,0.0,-285.63634,10.248666201516246,pointwise paired bootstrap; exploratory and not multiplicity-adjusted,very small stratum,-667.7135746107141,-402.69317342857147
broad,3,broad_joint,all,assumption__radius_max__noise_deterministic__scale_150,broad_or_stress_assumption,all,joint_triangular_l3,joint_triangular_l5,7,0,0,0.0,-382.0398754285713,-472.69040671785706,-299.04070785714276,7,-382.0398754285713,-415.869361,0.0,-228.2197159999996,7.392126873717822,pointwise paired bootstrap; exploratory and not multiplicity-adjusted,very small stratum,-471.9865244285714,-299.4868397214286
broad,3,broad_joint,all,assumption__radius_max__noise_deterministic__scale_150,broad_or_stress_assumption,deterministic,joint_triangular_l1,joint_triangular_l5,7,0,0,0.0,-714.5503945714283,-902.4358395428569,-530.9002063321428,7,-714.5503945714283,-748.8529950000006,0.0,-363.7306789999993,13.811137269056632,pointwise paired bootstrap; exploratory and not multiplicity-adjusted,very small stratum,-910.882926417857,-524.4302587142856
broad,3,broad_joint,all,assumption__radius_max__noise_deterministic__scale_150,broad_or_stress_assumption,deterministic,joint_triangular_l2,joint_triangular_l5,7,0,0,0.0,-530.3362890000001,-655.6950427142858,-398.5910578178571,7,-530.3362890000001,-583.3517960000008,0.0,-285.63634,10.248666201516246,pointwise paired bootstrap; exploratory and not multiplicity-adjusted,very small stratum,-660.7952090964287,-399.9133877142857
broad,3,broad_joint,all,assumption__radius_max__noise_deterministic__scale_150,broad_or_stress_assumption,deterministic,joint_triangular_l3,joint_triangular_l5,7,0,0,0.0,-382.0398754285713,-470.40586621428554,-295.1084480285713,7,-382.0398754285713,-415.869361,0.0,-228.2197159999996,7.392126873717822,pointwise paired bootstrap; exploratory and not multiplicity-adjusted,very small stratum,-467.36670914285696,-292.53355551428575
broad,3,broad_joint,development,assumption__radius_max__noise_deterministic__scale_150,broad_or_stress_assumption,all,joint_triangular_l1,joint_triangular_l5,7,0,0,0.0,-714.5503945714283,-911.7618957142859,-530.9396848571427,7,-714.5503945714283,-748.8529950000006,0.0,-363.7306789999993,13.811137269056632,pointwise paired bootstrap; exploratory and not multiplicity-adjusted,very small stratum,-911.0969776321429,-539.5077178035714
broad,3,broad_joint,development,assumption__radius_max__noise_deterministic__scale_150,broad_or_stress_assumption,all,joint_triangular_l2,joint_triangular_l5,7,0,0,0.0,-530.3362890000001,-655.5689174285717,-398.15951170714305,7,-530.3362890000001,-583.3517960000008,0.0,-285.63634,10.248666201516246,pointwise paired bootstrap; exploratory and not multiplicity-adjusted,very small stratum,-668.9025078571431,-398.15717051071454
broad,3,broad_joint,development,assumption__radius_max__noise_deterministic__scale_150,broad_or_stress_assumption,all,joint_triangular_l3,joint_triangular_l5,7,0,0,0.0,-382.0398754285713,-465.05324300357125,-294.41101214285703,7,-382.0398754285713,-415.869361,0.0,-228.2197159999996,7.392126873717822,pointwise paired bootstrap; exploratory and not multiplicity-adjusted,very small stratum,-466.18786869285714,-297.41111851428565
broad,3,broad_joint,development,assumption__radius_max__noise_deterministic__scale_150,broad_or_stress_assumption,deterministic,joint_triangular_l1,joint_triangular_l5,7,0,0,0.0,-714.5503945714283,-917.6157719714283,-524.4302587142856,7,-714.5503945714283,-748.8529950000006,0.0,-363.7306789999993,13.811137269056632,pointwise paired bootstrap; exploratory and not multiplicity-adjusted,very small stratum,-912.2981749035714,-524.8127839428568
broad,3,broad_joint,development,assumption__radius_max__noise_deterministic__scale_150,broad_or_stress_assumption,deterministic,joint_triangular_l2,joint_triangular_l5,7,0,0,0.0,-530.3362890000001,-667.5889267500004,-403.64139393928593,7,-530.3362890000001,-583.3517960000008,0.0,-285.63634,10.248666201516246,pointwise paired bootstrap; exploratory and not multiplicity-adjusted,very small stratum,-667.5877191428575,-399.90522701428574
broad,3,broad_joint,development,assumption__radius_max__noise_deterministic__scale_150,broad_or_stress_assumption,deterministic,joint_triangular_l3,joint_triangular_l5,7,0,0,0.0,-382.0398754285713,-472.2186355714284,-298.34584191785706,7,-382.0398754285713,-415.869361,0.0,-228.2197159999996,7.392126873717822,pointwise paired bootstrap; exploratory and not multiplicity-adjusted,very small stratum,-466.06461428571413,-298.1436794285711
broad,3,broad_joint,all,assumption__radius_max__noise_deterministic__scale_300,broad_or_stress_assumption,all,joint_triangular_l1,joint_triangular_l5,6,0,0,0.0,-537.9557508333334,-718.6769856666664,-419.4757611666666,6,-537.9557508333334,-462.4111164999995,0.0,-379.5724930000001,10.630939162372158,pointwise paired bootstrap; exploratory and not multiplicity-adjusted,very small stratum,-717.0993796666666,-418.76168900000033
broad,3,broad_joint,all,assumption__radius_max__noise_deterministic__scale_300,broad_or_stress_assumption,all,joint_triangular_l2,joint_triangular_l5,6,0,0,0.0,-423.8055006666666,-558.9924073333331,-338.8031343333333,6,-423.8055006666666,-364.76613250000014,0.0,-309.84268599999996,8.425830936589913,pointwise paired bootstrap; exploratory and not multiplicity-adjusted,very small stratum,-563.5669718166663,-338.8031343333333
broad,3,broad_joint,all,assumption__radius_max__noise_deterministic__scale_300,broad_or_stress_assumption,all,joint_triangular_l3,joint_triangular_l5,6,0,0,0.0,-305.50445133333324,-405.90019233333305,-248.1392071666669,6,-305.50445133333324,-260.52325900000005,0.0,-240.91082300000016,6.10539847735608,pointwise paired bootstrap; exploratory and not multiplicity-adjusted,very small stratum,-407.1901611666664,-247.90890533333354
broad,3,broad_joint,all,assumption__radius_max__noise_deterministic__scale_300,broad_or_stress_assumption,deterministic,joint_triangular_l1,joint_triangular_l5,6,0,0,0.0,-537.9557508333334,-717.0993796666666,-413.4052951666669,6,-537.9557508333334,-462.4111164999995,0.0,-379.5724930000001,10.630939162372158,pointwise paired bootstrap; exploratory and not multiplicity-adjusted,very small stratum,-717.1388198166665,-416.3205491666669
broad,3,broad_joint,all,assumption__radius_max__noise_deterministic__scale_300,broad_or_stress_assumption,deterministic,joint_triangular_l2,joint_triangular_l5,6,0,0,0.0,-423.8055006666666,-563.5669718166663,-339.8055285000001,6,-423.8055006666666,-364.76613250000014,0.0,-309.84268599999996,8.425830936589913,pointwise paired bootstrap; exploratory and not multiplicity-adjusted,very small stratum,-558.7354279999996,-338.8329985000001
broad,3,broad_joint,all,assumption__radius_max__noise_deterministic__scale_300,broad_or_stress_assumption,deterministic,joint_triangular_l3,joint_triangular_l5,6,0,0,0.0,-305.50445133333324,-408.17849449999966,-247.90890533333354,6,-305.50445133333324,-260.52325900000005,0.0,-240.91082300000016,6.10539847735608,pointwise paired bootstrap; exploratory and not multiplicity-adjusted,very small stratum,-406.6087374666664,-247.90890533333354
broad,3,broad_joint,development,assumption__radius_max__noise_deterministic__scale_300,broad_or_stress_assumption,all,joint_triangular_l1,joint_triangular_l5,6,0,0,0.0,-537.9557508333334,-717.0993796666666,-417.8617931375003,6,-537.9557508333334,-462.4111164999995,0.0,-379.5724930000001,10.630939162372158,pointwise paired bootstrap; exploratory and not multiplicity-adjusted,very small stratum,-711.1520385,-414.1193673333332
broad,3,broad_joint,development,assumption__radius_max__noise_deterministic__scale_300,broad_or_stress_assumption,all,joint_triangular_l2,joint_triangular_l5,6,0,0,0.0,-423.8055006666666,-561.7634889374997,-339.8055285000001,6,-423.8055006666666,-364.76613250000014,0.0,-309.84268599999996,8.425830936589913,pointwise paired bootstrap; exploratory and not multiplicity-adjusted,very small stratum,-561.7926064999998,-339.8055285000001
broad,3,broad_joint,development,assumption__radius_max__noise_deterministic__scale_300,broad_or_stress_assumption,all,joint_triangular_l3,joint_triangular_l5,6,0,0,0.0,-305.50445133333324,-407.42046299999976,-248.89148112083348,6,-305.50445133333324,-260.52325900000005,0.0,-240.91082300000016,6.10539847735608,pointwise paired bootstrap; exploratory and not multiplicity-adjusted,very small stratum,-407.1901611666664,-247.90890533333354
broad,3,broad_joint,development,assumption__radius_max__noise_deterministic__scale_300,broad_or_stress_assumption,deterministic,joint_triangular_l1,joint_triangular_l5,6,0,0,0.0,-537.9557508333334,-717.0993796666666,-417.89815516666675,6,-537.9557508333334,-462.4111164999995,0.0,-379.5724930000001,10.630939162372158,pointwise paired bootstrap; exploratory and not multiplicity-adjusted,very small stratum,-726.4745193333332,-417.8617931375003
broad,3,broad_joint,development,assumption__radius_max__noise_deterministic__scale_300,broad_or_stress_assumption,deterministic,joint_triangular_l2,joint_triangular_l5,6,0,0,0.0,-423.8055006666666,-561.7926064999998,-339.8055285000001,6,-423.8055006666666,-364.76613250000014,0.0,-309.84268599999996,8.425830936589913,pointwise paired bootstrap; exploratory and not multiplicity-adjusted,very small stratum,-559.016720583333,-338.54615499999994
broad,3,broad_joint,development,assumption__radius_max__noise_deterministic__scale_300,broad_or_stress_assumption,deterministic,joint_triangular_l3,joint_triangular_l5,6,0,0,0.0,-305.50445133333324,-405.90019233333305,-247.67860350000015,6,-305.50445133333324,-260.52325900000005,0.0,-240.91082300000016,6.10539847735608,pointwise paired bootstrap; exploratory and not multiplicity-adjusted,very small stratum,-406.59382916666647,-248.1392071666669
broad,3,broad_joint,all,assumption__radius_max__noise_deterministic__scale_75,broad_or_stress_assumption,all,joint_triangular_l1,joint_triangular_l5,6,0,0,0.0,-584.6887654999997,-748.801285383333,-420.6524251666662,6,-584.6887654999997,-558.3762074999997,0.0,-254.45434599999953,11.698334252560825,pointwise paired bootstrap; exploratory and not multiplicity-adjusted,very small stratum,-759.6931533333333,-421.4001039999996
broad,3,broad_joint,all,assumption__radius_max__noise_deterministic__scale_75,broad_or_stress_assumption,all,joint_triangular_l2,joint_triangular_l5,6,0,0,0.0,-418.35459599999973,-548.3868209750002,-300.4306149999995,6,-418.35459599999973,-389.4168689999999,0.0,-181.18541299999924,8.360952755026444,pointwise paired bootstrap; exploratory and not multiplicity-adjusted,very small stratum,-548.3496306666669,-305.5636476666662
broad,3,broad_joint,all,assumption__radius_max__noise_deterministic__scale_75,broad_or_stress_assumption,all,joint_triangular_l3,joint_triangular_l5,6,0,0,0.0,-305.76343866666656,-411.2236406666666,-210.21708466666618,6,-305.76343866666656,-283.09338750000006,0.0,-140.83788299999924,6.10957998247705,pointwise paired bootstrap; exploratory and not multiplicity-adjusted,very small stratum,-405.7681041666668,-213.86741799999967
broad,3,broad_joint,all,assumption__radius_max__noise_deterministic__scale_75,broad_or_stress_assumption,deterministic,joint_triangular_l1,joint_triangular_l5,6,0,0,0.0,-584.6887654999997,-759.8059277416664,-414.05841166666625,6,-584.6887654999997,-558.3762074999997,0.0,-254.45434599999953,11.698334252560825,pointwise paired bootstrap; exploratory and not multiplicity-adjusted,very small stratum,-762.4098169999997,-419.6057913333329
broad,3,broad_joint,all,assumption__radius_max__noise_deterministic__scale_75,broad_or_stress_assumption,deterministic,joint_triangular_l2,joint_triangular_l5,6,0,0,0.0,-418.35459599999973,-544.7414006416666,-300.59700633333273,6,-418.35459599999973,-389.4168689999999,0.0,-181.18541299999924,8.360952755026444,pointwise paired bootstrap; exploratory and not multiplicity-adjusted,very small stratum,-544.7042103333333,-300.4306149999995
broad,3,broad_joint,all,assumption__radius_max__noise_deterministic__scale_75,broad_or_stress_assumption,deterministic,joint_triangular_l3,joint_triangular_l5,6,0,0,0.0,-305.76343866666656,-408.34787466666677,-212.6982279999996,6,-305.76343866666656,-283.09338750000006,0.0,-140.83788299999924,6.10957998247705,pointwise paired bootstrap; exploratory and not multiplicity-adjusted,very small stratum,-402.1177708333333,-212.6982279999996
broad,3,broad_joint,development,assumption__radius_max__noise_deterministic__scale_75,broad_or_stress_assumption,all,joint_triangular_l1,joint_triangular_l5,6,0,0,0.0,-584.6887654999997,-764.2962445624997,-419.6057913333329,6,-584.6887654999997,-558.3762074999997,0.0,-254.45434599999953,11.698334252560825,pointwise paired bootstrap; exploratory and not multiplicity-adjusted,very small stratum,-762.4546748166663,-419.42822507916696
broad,3,broad_joint,development,assumption__radius_max__noise_deterministic__scale_75,broad_or_stress_assumption,all,joint_triangular_l2,joint_triangular_l5,6,0,0,0.0,-418.35459599999973,-549.8414027833334,-305.5636476666662,6,-418.35459599999973,-389.4168689999999,0.0,-181.18541299999924,8.360952755026444,pointwise paired bootstrap; exploratory and not multiplicity-adjusted,very small stratum,-546.1918226666666,-300.4306149999995
broad,3,broad_joint,development,assumption__radius_max__noise_deterministic__scale_75,broad_or_stress_assumption,all,joint_triangular_l3,joint_triangular_l5,6,0,0,0.0,-305.76343866666656,-410.8290180000002,-212.6982279999996,6,-305.76343866666656,-283.09338750000006,0.0,-140.83788299999924,6.10957998247705,pointwise paired bootstrap; exploratory and not multiplicity-adjusted,very small stratum,-410.8290180000002,-215.2779984999996
broad,3,broad_joint,development,assumption__radius_max__noise_deterministic__scale_75,broad_or_stress_assumption,deterministic,joint_triangular_l1,joint_triangular_l5,6,0,0,0.0,-584.6887654999997,-744.2243599999998,-419.6040795541662,6,-584.6887654999997,-558.3762074999997,0.0,-254.45434599999953,11.698334252560825,pointwise paired bootstrap; exploratory and not multiplicity-adjusted,very small stratum,-759.7610699249998,-426.13133366666625
broad,3,broad_joint,development,assumption__radius_max__noise_deterministic__scale_75,broad_or_stress_assumption,deterministic,joint_triangular_l2,joint_triangular_l5,6,0,0,0.0,-418.35459599999973,-542.8303149333332,-298.5086709999994,6,-418.35459599999973,-389.4168689999999,0.0,-181.18541299999924,8.360952755026444,pointwise paired bootstrap; exploratory and not multiplicity-adjusted,very small stratum,-550.0036343333334,-300.4306149999995
broad,3,broad_joint,development,assumption__radius_max__noise_deterministic__scale_75,broad_or_stress_assumption,deterministic,joint_triangular_l3,joint_triangular_l5,6,0,0,0.0,-305.76343866666656,-405.79350311250005,-217.75914183333302,6,-305.76343866666656,-283.09338750000006,0.0,-140.83788299999924,6.10957998247705,pointwise paired bootstrap; exploratory and not multiplicity-adjusted,very small stratum,-410.8388835666668,-217.31235615000023
broad,3,broad_joint,all,assumption__radius_max__noise_extreme__scale_150,broad_or_stress_assumption,all,joint_triangular_l1,joint_triangular_l5,3,0,0,0.0,-470.2562056666666,-641.5247610000006,-317.9837259999995,3,-470.2562056666666,-451.26012999999966,0.0,-317.9837259999995,9.40237579154113,pointwise paired bootstrap; exploratory and not multiplicity-adjusted,very small stratum,-641.5247610000006,-317.9837259999995
broad,3,broad_joint,all,assumption__radius_max__noise_extreme__scale_150,broad_or_stress_assumption,all,joint_triangular_l2,joint_triangular_l5,3,0,0,0.0,-370.6318133333334,-517.4217260000005,-212.82719899999938,3,-370.6318133333334,-381.64651500000036,0.0,-212.82719899999938,7.374692998980307,pointwise paired bootstrap; exploratory and not multiplicity-adjusted,very small stratum,-517.4217260000005,-212.82719899999938
broad,3,broad_joint,all,assumption__radius_max__noise_extreme__scale_150,broad_or_stress_assumption,all,joint_triangular_l3,joint_triangular_l5,3,0,0,0.0,-236.3762193333332,-314.4109920000001,-127.16818199999943,3,-236.3762193333332,-267.5494840000001,0.0,-127.16818199999943,4.702950015214916,pointwise paired bootstrap; exploratory and not multiplicity-adjusted,very small stratum,-314.4109920000001,-127.16818199999943
broad,3,broad_joint,all,assumption__radius_max__noise_extreme__scale_150,broad_or_stress_assumption,extreme,joint_triangular_l1,joint_triangular_l5,3,0,0,0.0,-470.2562056666666,-641.5247610000006,-317.9837259999995,3,-470.2562056666666,-451.26012999999966,0.0,-317.9837259999995,9.40237579154113,pointwise paired bootstrap; exploratory and not multiplicity-adjusted,very small stratum,-641.5247610000006,-317.9837259999995
broad,3,broad_joint,all,assumption__radius_max__noise_extreme__scale_150,broad_or_stress_assumption,extreme,joint_triangular_l2,joint_triangular_l5,3,0,0,0.0,-370.6318133333334,-517.4217260000005,-212.82719899999938,3,-370.6318133333334,-381.64651500000036,0.0,-212.82719899999938,7.374692998980307,pointwise paired bootstrap; exploratory and not multiplicity-adjusted,very small stratum,-517.4217260000005,-212.82719899999938
broad,3,broad_joint,all,assumption__radius_max__noise_extreme__scale_150,broad_or_stress_assumption,extreme,joint_triangular_l3,joint_triangular_l5,3,0,0,0.0,-236.3762193333332,-314.4109920000001,-127.16818199999943,3,-236.3762193333332,-267.5494840000001,0.0,-127.16818199999943,4.702950015214916,pointwise paired bootstrap; exploratory and not multiplicity-adjusted,very small stratum,-314.4109920000001,-127.16818199999943
broad,3,broad_joint,development,assumption__radius_max__noise_extreme__scale_150,broad_or_stress_assumption,all,joint_triangular_l1,joint_triangular_l5,3,0,0,0.0,-470.2562056666666,-641.5247610000006,-317.9837259999995,3,-470.2562056666666,-451.26012999999966,0.0,-317.9837259999995,9.40237579154113,pointwise paired bootstrap; exploratory and not multiplicity-adjusted,very small stratum,-641.5247610000006,-317.9837259999995
broad,3,broad_joint,development,assumption__radius_max__noise_extreme__scale_150,broad_or_stress_assumption,all,joint_triangular_l2,joint_triangular_l5,3,0,0,0.0,-370.6318133333334,-517.4217260000005,-212.82719899999938,3,-370.6318133333334,-381.64651500000036,0.0,-212.82719899999938,7.374692998980307,pointwise paired bootstrap; exploratory and not multiplicity-adjusted,very small stratum,-517.4217260000005,-212.82719899999938
broad,3,broad_joint,development,assumption__radius_max__noise_extreme__scale_150,broad_or_stress_assumption,all,joint_triangular_l3,joint_triangular_l5,3,0,0,0.0,-236.3762193333332,-314.4109920000001,-127.16818199999943,3,-236.3762193333332,-267.5494840000001,0.0,-127.16818199999943,4.702950015214916,pointwise paired bootstrap; exploratory and not multiplicity-adjusted,very small stratum,-314.4109920000001,-127.16818199999943
broad,3,broad_joint,development,assumption__radius_max__noise_extreme__scale_150,broad_or_stress_assumption,extreme,joint_triangular_l1,joint_triangular_l5,3,0,0,0.0,-470.2562056666666,-641.5247610000006,-317.9837259999995,3,-470.2562056666666,-451.26012999999966,0.0,-317.9837259999995,9.40237579154113,pointwise paired bootstrap; exploratory and not multiplicity-adjusted,very small stratum,-641.5247610000006,-317.9837259999995
broad,3,broad_joint,development,assumption__radius_max__noise_extreme__scale_150,broad_or_stress_assumption,extreme,joint_triangular_l2,joint_triangular_l5,3,0,0,0.0,-370.6318133333334,-517.4217260000005,-212.82719899999938,3,-370.6318133333334,-381.64651500000036,0.0,-212.82719899999938,7.374692998980307,pointwise paired bootstrap; exploratory and not multiplicity-adjusted,very small stratum,-517.4217260000005,-212.82719899999938
broad,3,broad_joint,development,assumption__radius_max__noise_extreme__scale_150,broad_or_stress_assumption,extreme,joint_triangular_l3,joint_triangular_l5,3,0,0,0.0,-236.3762193333332,-314.4109920000001,-127.16818199999943,3,-236.3762193333332,-267.5494840000001,0.0,-127.16818199999943,4.702950015214916,pointwise paired bootstrap; exploratory and not multiplicity-adjusted,very small stratum,-314.4109920000001,-127.16818199999943
broad,3,broad_joint,all,assumption__radius_max__noise_extreme__scale_300,broad_or_stress_assumption,all,joint_triangular_l1,joint_triangular_l5,7,0,0,0.0,-525.6825327142858,-616.3358563607142,-422.8519533535717,7,-525.6825327142858,-588.9437070000004,0.0,-292.89552900000035,10.69133360013714,pointwise paired bootstrap; exploratory and not multiplicity-adjusted,very small stratum,-615.1332955714286,-419.81092297500027
broad,3,broad_joint,all,assumption__radius_max__noise_extreme__scale_300,broad_or_stress_assumption,all,joint_triangular_l2,joint_triangular_l5,7,0,0,0.0,-384.198474,-460.2091418178574,-306.90439671428555,7,-384.198474,-448.5064460000003,0.0,-212.35167600000023,7.820452248198799,pointwise paired bootstrap; exploratory and not multiplicity-adjusted,very small stratum,-453.76947528571446,-305.9952800499998
broad,3,broad_joint,all,assumption__radius_max__noise_extreme__scale_300,broad_or_stress_assumption,all,joint_triangular_l3,joint_triangular_l5,7,0,0,0.0,-240.44861928571436,-300.6419307678573,-161.19891728571443,7,-240.44861928571436,-308.34484599999996,0.0,-125.41804600000069,4.837537283438479,pointwise paired bootstrap; exploratory and not multiplicity-adjusted,very small stratum,-301.5238694285717,-163.9445903500002
broad,3,broad_joint,all,assumption__radius_max__noise_extreme__scale_300,broad_or_stress_assumption,extreme,joint_triangular_l1,joint_triangular_l5,7,0,0,0.0,-525.6825327142858,-622.2412929999998,-424.8504223321431,7,-525.6825327142858,-588.9437070000004,0.0,-292.89552900000035,10.69133360013714,pointwise paired bootstrap; exploratory and not multiplicity-adjusted,very small stratum,-616.8772095499999,-418.2121181428573
broad,3,broad_joint,all,assumption__radius_max__noise_extreme__scale_300,broad_or_stress_assumption,extreme,joint_triangular_l2,joint_triangular_l5,7,0,0,0.0,-384.198474,-453.95581657142867,-307.120318682143,7,-384.198474,-448.5064460000003,0.0,-212.35167600000023,7.820452248198799,pointwise paired bootstrap; exploratory and not multiplicity-adjusted,very small stratum,-451.95432185714293,-304.2019722107144
broad,3,broad_joint,all,assumption__radius_max__noise_extreme__scale_300,broad_or_stress_assumption,extreme,joint_triangular_l3,joint_triangular_l5,7,0,0,0.0,-240.44861928571436,-316.4706069571428,-181.81057971428578,7,-240.44861928571436,-308.34484599999996,0.0,-125.41804600000069,4.837537283438479,pointwise paired bootstrap; exploratory and not multiplicity-adjusted,very small stratum,-301.0198445714288,-159.2972787035715
broad,3,broad_joint,development,assumption__radius_max__noise_extreme__scale_300,broad_or_stress_assumption,all,joint_triangular_l1,joint_triangular_l5,7,0,0,0.0,-525.6825327142858,-615.440238642857,-423.97035390714296,7,-525.6825327142858,-588.9437070000004,0.0,-292.89552900000035,10.69133360013714,pointwise paired bootstrap; exploratory and not multiplicity-adjusted,very small stratum,-614.5409216964285,-422.35890685714304
broad,3,broad_joint,development,assumption__radius_max__noise_extreme__scale_300,broad_or_stress_assumption,all,joint_triangular_l2,joint_triangular_l5,7,0,0,0.0,-384.198474,-452.8618985714287,-302.69715802857104,7,-384.198474,-448.5064460000003,0.0,-212.35167600000023,7.820452248198799,pointwise paired bootstrap; exploratory and not multiplicity-adjusted,very small stratum,-455.0497345714286,-302.48312978928595
broad,3,broad_joint,development,assumption__radius_max__noise_extreme__scale_300,broad_or_stress_assumption,all,joint_triangular_l3,joint_triangular_l5,7,0,0,0.0,-240.44861928571436,-299.08665885714294,-159.4731022178574,7,-240.44861928571436,-308.34484599999996,0.0,-125.41804600000069,4.837537283438479,pointwise paired bootstrap; exploratory and not multiplicity-adjusted,very small stratum,-301.0348095678573,-162.200766717857
broad,3,broad_joint,development,assumption__radius_max__noise_extreme__scale_300,broad_or_stress_assumption,extreme,joint_triangular_l1,joint_triangular_l5,7,0,0,0.0,-525.6825327142858,-621.9324315750001,-424.77173647500024,7,-525.6825327142858,-588.9437070000004,0.0,-292.89552900000035,10.69133360013714,pointwise paired bootstrap; exploratory and not multiplicity-adjusted,very small stratum,-620.4590005535713,-419.9882133357146
broad,3,broad_joint,development,assumption__radius_max__noise_extreme__scale_300,broad_or_stress_assumption,extreme,joint_triangular_l2,joint_triangular_l5,7,0,0,0.0,-384.198474,-455.9682936285715,-305.9952800499998,7,-384.198474,-448.5064460000003,0.0,-212.35167600000023,7.820452248198799,pointwise paired bootstrap; exploratory and not multiplicity-adjusted,very small stratum,-457.49052300000005,-310.5475228428573
broad,3,broad_joint,development,assumption__radius_max__noise_extreme__scale_300,broad_or_stress_assumption,extreme,joint_triangular_l3,joint_triangular_l5,7,0,0,0.0,-240.44861928571436,-299.5915956392858,-161.50785242857117,7,-240.44861928571436,-308.34484599999996,0.0,-125.41804600000069,4.837537283438479,pointwise paired bootstrap; exploratory and not multiplicity-adjusted,very small stratum,-299.30561908571457,-162.0691255607143
broad,3,broad_joint,all,assumption__radius_max__noise_extreme__scale_75,broad_or_stress_assumption,all,joint_triangular_l1,joint_triangular_l5,6,0,0,0.0,-399.2053756666666,-492.0446510000001,-310.7589403333334,6,-399.2053756666666,-398.5086289999997,0.0,-238.4111499999999,8.49145568267283,pointwise paired bootstrap; exploratory and not multiplicity-adjusted,very small stratum,-487.8842593333334,-310.7589403333334
broad,3,broad_joint,all,assumption__radius_max__noise_extreme__scale_75,broad_or_stress_assumption,all,joint_triangular_l2,joint_triangular_l5,6,0,0,0.0,-254.3783981666667,-331.3923371166667,-177.8769275000001,6,-254.3783981666667,-250.41421949999994,0.0,-93.94672300000002,5.415169253239021,pointwise paired bootstrap; exploratory and not multiplicity-adjusted,very small stratum,-328.37661866666684,-173.43570466666657
broad,3,broad_joint,all,assumption__radius_max__noise_extreme__scale_75,broad_or_stress_assumption,all,joint_triangular_l3,joint_triangular_l5,6,0,0,0.0,-160.86581066666653,-207.7081045,-112.4084514999998,6,-160.86581066666653,-178.49324249999972,0.0,-59.21242900000016,3.4030548938123677,pointwise paired bootstrap; exploratory and not multiplicity-adjusted,very small stratum,-207.91664933333308,-108.71216166666666
broad,3,broad_joint,all,assumption__radius_max__noise_extreme__scale_75,broad_or_stress_assumption,extreme,joint_triangular_l1,joint_triangular_l5,6,0,0,0.0,-399.2053756666666,-491.8122026666665,-311.7212703333332,6,-399.2053756666666,-398.5086289999997,0.0,-238.4111499999999,8.49145568267283,pointwise paired bootstrap; exploratory and not multiplicity-adjusted,very small stratum,-487.8842593333334,-310.7589403333334
broad,3,broad_joint,all,assumption__radius_max__noise_extreme__scale_75,broad_or_stress_assumption,extreme,joint_triangular_l2,joint_triangular_l5,6,0,0,0.0,-254.3783981666667,-328.37661866666684,-177.8769275000001,6,-254.3783981666667,-250.41421949999994,0.0,-93.94672300000002,5.415169253239021,pointwise paired bootstrap; exploratory and not multiplicity-adjusted,very small stratum,-328.37661866666684,-174.88941650000015
broad,3,broad_joint,all,assumption__radius_max__noise_extreme__scale_75,broad_or_stress_assumption,extreme,joint_triangular_l3,joint_triangular_l5,6,0,0,0.0,-160.86581066666653,-207.91664933333308,-109.38686566666638,6,-160.86581066666653,-178.49324249999972,0.0,-59.21242900000016,3.4030548938123677,pointwise paired bootstrap; exploratory and not multiplicity-adjusted,very small stratum,-208.76626445833327,-107.47486016666637
broad,3,broad_joint,development,assumption__radius_max__noise_extreme__scale_75,broad_or_stress_assumption,all,joint_triangular_l1,joint_triangular_l5,6,0,0,0.0,-399.2053756666666,-492.0446510000001,-311.7212703333332,6,-399.2053756666666,-398.5086289999997,0.0,-238.4111499999999,8.49145568267283,pointwise paired bootstrap; exploratory and not multiplicity-adjusted,very small stratum,-487.6518109999998,-310.7589403333334
broad,3,broad_joint,development,assumption__radius_max__noise_extreme__scale_75,broad_or_stress_assumption,all,joint_triangular_l2,joint_triangular_l5,6,0,0,0.0,-254.3783981666667,-329.341996666667,-178.4027919624999,6,-254.3783981666667,-250.41421949999994,0.0,-93.94672300000002,5.415169253239021,pointwise paired bootstrap; exploratory and not multiplicity-adjusted,very small stratum,-331.3682026666667,-179.41479966666643
broad,3,broad_joint,development,assumption__radius_max__noise_extreme__scale_75,broad_or_stress_assumption,all,joint_triangular_l3,joint_triangular_l5,6,0,0,0.0,-160.86581066666653,-207.9209174791664,-109.38686566666638,6,-160.86581066666653,-178.49324249999972,0.0,-59.21242900000016,3.4030548938123677,pointwise paired bootstrap; exploratory and not multiplicity-adjusted,very small stratum,-208.08737516666648,-109.38686566666638
broad,3,broad_joint,development,assumption__radius_max__noise_extreme__scale_75,broad_or_stress_assumption,extreme,joint_triangular_l1,joint_triangular_l5,6,0,0,0.0,-399.2053756666666,-491.8122026666665,-306.6231283333334,6,-399.2053756666666,-398.5086289999997,0.0,-238.4111499999999,8.49145568267283,pointwise paired bootstrap; exploratory and not multiplicity-adjusted,very small stratum,-493.00698099999994,-311.7212703333332
broad,3,broad_joint,development,assumption__radius_max__noise_extreme__scale_75,broad_or_stress_assumption,extreme,joint_triangular_l2,joint_triangular_l5,6,0,0,0.0,-254.3783981666667,-335.80942550000026,-177.8769275000001,6,-254.3783981666667,-250.41421949999994,0.0,-93.94672300000002,5.415169253239021,pointwise paired bootstrap; exploratory and not multiplicity-adjusted,very small stratum,-329.341996666667,-177.8769275000001
broad,3,broad_joint,development,assumption__radius_max__noise_extreme__scale_75,broad_or_stress_assumption,extreme,joint_triangular_l3,joint_triangular_l5,6,0,0,0.0,-160.86581066666653,-207.15641274583336,-109.55759149999979,6,-160.86581066666653,-178.49324249999972,0.0,-59.21242900000016,3.4030548938123677,pointwise paired bootstrap; exploratory and not multiplicity-adjusted,very small stratum,-208.76626445833327,-109.38686566666638
broad,3,broad_joint,all,assumption__radius_min__noise_correlated__scale_150,broad_or_stress_assumption,all,joint_triangular_l1,joint_triangular_l5,6,0,0,0.0,-416.5722291666668,-526.9438265000002,-305.79609783333336,6,-416.5722291666668,-396.10664799999995,0.0,-257.14955800000007,8.601524593436073,pointwise paired bootstrap; exploratory and not multiplicity-adjusted,very small stratum,-530.0249346666669,-308.47267200000016
broad,3,broad_joint,all,assumption__radius_min__noise_correlated__scale_150,broad_or_stress_assumption,all,joint_triangular_l2,joint_triangular_l5,6,0,0,0.0,-298.1698903333334,-383.9420054124996,-215.20816649166704,6,-298.1698903333334,-299.69425850000016,0.0,-151.8936190000004,6.1608222186212735,pointwise paired bootstrap; exploratory and not multiplicity-adjusted,very small stratum,-388.53512083333317,-208.18878200000032
broad,3,broad_joint,all,assumption__radius_min__noise_correlated__scale_150,broad_or_stress_assumption,all,joint_triangular_l3,joint_triangular_l5,6,0,0,0.0,-215.52977266666662,-273.32904299999973,-164.59131916666684,6,-215.52977266666662,-218.58571949999987,0.0,-130.26742000000013,4.451083009163566,pointwise paired bootstrap; exploratory and not multiplicity-adjusted,very small stratum,-273.310739333333,-166.51871882083364
broad,3,broad_joint,all,assumption__radius_min__noise_correlated__scale_150,broad_or_stress_assumption,correlated,joint_triangular_l1,joint_triangular_l5,6,0,0,0.0,-416.5722291666668,-525.0208506666668,-310.8001818333335,6,-416.5722291666668,-396.10664799999995,0.0,-257.14955800000007,8.601524593436073,pointwise paired bootstrap; exploratory and not multiplicity-adjusted,very small stratum,-528.8670695625002,-308.07414652916697
broad,3,broad_joint,all,assumption__radius_min__noise_correlated__scale_150,broad_or_stress_assumption,correlated,joint_triangular_l2,joint_triangular_l5,6,0,0,0.0,-298.1698903333334,-383.84474416666643,-211.3266153333337,6,-298.1698903333334,-299.69425850000016,0.0,-151.8936190000004,6.1608222186212735,pointwise paired bootstrap; exploratory and not multiplicity-adjusted,very small stratum,-387.7351939999997,-214.7819679541674
broad,3,broad_joint,all,assumption__radius_min__noise_correlated__scale_150,broad_or_stress_assumption,correlated,joint_triangular_l3,joint_triangular_l5,6,0,0,0.0,-215.52977266666662,-273.32904299999973,-160.19103900000027,6,-215.52977266666662,-218.58571949999987,0.0,-130.26742000000013,4.451083009163566,pointwise paired bootstrap; exploratory and not multiplicity-adjusted,very small stratum,-273.3356992166664,-164.16280000000006
broad,3,broad_joint,development,assumption__radius_min__noise_correlated__scale_150,broad_or_stress_assumption,all,joint_triangular_l1,joint_triangular_l5,6,0,0,0.0,-416.5722291666668,-526.9438265000002,-310.45111750000007,6,-416.5722291666668,-396.10664799999995,0.0,-257.14955800000007,8.601524593436073,pointwise paired bootstrap; exploratory and not multiplicity-adjusted,very small stratum,-526.244716075,-308.1236076666667
broad,3,broad_joint,development,assumption__radius_min__noise_correlated__scale_150,broad_or_stress_assumption,all,joint_triangular_l2,joint_triangular_l5,6,0,0,0.0,-298.1698903333334,-387.7351939999997,-214.7819679541674,6,-298.1698903333334,-299.69425850000016,0.0,-151.8936190000004,6.1608222186212735,pointwise paired bootstrap; exploratory and not multiplicity-adjusted,very small stratum,-387.7351939999997,-217.5239947916672
broad,3,broad_joint,development,assumption__radius_min__noise_correlated__scale_150,broad_or_stress_assumption,all,joint_triangular_l3,joint_triangular_l5,6,0,0,0.0,-215.52977266666662,-273.32904299999973,-164.53072093333384,6,-215.52977266666662,-218.58571949999987,0.0,-130.26742000000013,4.451083009163566,pointwise paired bootstrap; exploratory and not multiplicity-adjusted,very small stratum,-273.59529166666624,-159.72515683333344
broad,3,broad_joint,development,assumption__radius_min__noise_correlated__scale_150,broad_or_stress_assumption,correlated,joint_triangular_l1,joint_triangular_l5,6,0,0,0.0,-416.5722291666668,-526.2267901666668,-317.3750813333333,6,-416.5722291666668,-396.10664799999995,0.0,-257.14955800000007,8.601524593436073,pointwise paired bootstrap; exploratory and not multiplicity-adjusted,very small stratum,-530.0428605750002,-310.45111750000007
broad,3,broad_joint,development,assumption__radius_min__noise_correlated__scale_150,broad_or_stress_assumption,correlated,joint_triangular_l2,joint_triangular_l5,6,0,0,0.0,-298.1698903333334,-383.4976958416664,-215.217065166667,6,-298.1698903333334,-299.69425850000016,0.0,-151.8936190000004,6.1608222186212735,pointwise paired bootstrap; exploratory and not multiplicity-adjusted,very small stratum,-383.84474416666643,-214.86111816666698
broad,3,broad_joint,development,assumption__radius_min__noise_correlated__scale_150,broad_or_stress_assumption,correlated,joint_triangular_l3,joint_triangular_l5,6,0,0,0.0,-215.52977266666662,-274.6558283333329,-164.59131916666684,6,-215.52977266666662,-218.58571949999987,0.0,-130.26742000000013,4.451083009163566,pointwise paired bootstrap; exploratory and not multiplicity-adjusted,very small stratum,-274.67413199999964,-162.14908616666676
broad,3,broad_joint,all,assumption__radius_min__noise_correlated__scale_300,broad_or_stress_assumption,all,joint_triangular_l1,joint_triangular_l5,7,0,0,0.0,-327.16693157142873,-400.40296831071424,-247.5201430750003,7,-327.16693157142873,-333.4294460000001,0.0,-117.74840500000028,6.869690636852697,pointwise paired bootstrap; exploratory and not multiplicity-adjusted,very small stratum,-403.81303785714283,-249.63310458214318
broad,3,broad_joint,all,assumption__radius_min__noise_correlated__scale_300,broad_or_stress_assumption,all,joint_triangular_l2,joint_triangular_l5,7,0,0,0.0,-262.98184442857126,-318.61486478928566,-193.7272138571428,7,-262.98184442857126,-293.92468099999996,0.0,-88.78842299999997,5.541521316241839,pointwise paired bootstrap; exploratory and not multiplicity-adjusted,very small stratum,-317.98615817857143,-192.34259642857128
broad,3,broad_joint,all,assumption__radius_min__noise_correlated__scale_300,broad_or_stress_assumption,all,joint_triangular_l3,joint_triangular_l5,7,0,0,0.0,-189.05182742857127,-231.09044272499983,-143.02824351428572,7,-189.05182742857127,-223.03651200000013,0.0,-77.40290400000004,3.9817259302563848,pointwise paired bootstrap; exploratory and not multiplicity-adjusted,very small stratum,-230.8427770678569,-141.34075526428572
broad,3,broad_joint,all,assumption__radius_min__noise_correlated__scale_300,broad_or_stress_assumption,correlated,joint_triangular_l1,joint_triangular_l5,7,0,0,0.0,-327.16693157142873,-400.4899598357142,-248.08782233928616,7,-327.16693157142873,-333.4294460000001,0.0,-117.74840500000028,6.869690636852697,pointwise paired bootstrap; exploratory and not multiplicity-adjusted,very small stratum,-402.98937531428567,-243.101128953572
broad,3,broad_joint,all,assumption__radius_min__noise_correlated__scale_300,broad_or_stress_assumption,correlated,joint_triangular_l2,joint_triangular_l5,7,0,0,0.0,-262.98184442857126,-319.1622497142856,-195.638122507143,7,-262.98184442857126,-293.92468099999996,0.0,-88.78842299999997,5.541521316241839,pointwise paired bootstrap; exploratory and not multiplicity-adjusted,very small stratum,-318.26550078928545,-193.27005642857128
broad,3,broad_joint,all,assumption__radius_min__noise_correlated__scale_300,broad_or_stress_assumption,correlated,joint_triangular_l3,joint_triangular_l5,7,0,0,0.0,-189.05182742857127,-230.78186471428566,-140.32610412142853,7,-189.05182742857127,-223.03651200000013,0.0,-77.40290400000004,3.9817259302563848,pointwise paired bootstrap; exploratory and not multiplicity-adjusted,very small stratum,-231.43475519999984,-140.42222151428564
broad,3,broad_joint,development,assumption__radius_min__noise_correlated__scale_300,broad_or_stress_assumption,all,joint_triangular_l1,joint_triangular_l5,7,0,0,0.0,-327.16693157142873,-400.2790974035715,-242.559967014286,7,-327.16693157142873,-333.4294460000001,0.0,-117.74840500000028,6.869690636852697,pointwise paired bootstrap; exploratory and not multiplicity-adjusted,very small stratum,-401.6276631178572,-242.83425642857168
broad,3,broad_joint,development,assumption__radius_min__noise_correlated__scale_300,broad_or_stress_assumption,all,joint_triangular_l2,joint_triangular_l5,7,0,0,0.0,-262.98184442857126,-319.50069617857133,-195.6864639999999,7,-262.98184442857126,-293.92468099999996,0.0,-88.78842299999997,5.541521316241839,pointwise paired bootstrap; exploratory and not multiplicity-adjusted,very small stratum,-316.2105259142856,-195.52843654999998
broad,3,broad_joint,development,assumption__radius_min__noise_correlated__scale_300,broad_or_stress_assumption,all,joint_triangular_l3,joint_triangular_l5,7,0,0,0.0,-189.05182742857127,-233.24007220000004,-140.33187789999994,7,-189.05182742857127,-223.03651200000013,0.0,-77.40290400000004,3.9817259302563848,pointwise paired bootstrap; exploratory and not multiplicity-adjusted,very small stratum,-231.83031718928532,-141.17623167499997
broad,3,broad_joint,development,assumption__radius_min__noise_correlated__scale_300,broad_or_stress_assumption,correlated,joint_triangular_l1,joint_triangular_l5,7,0,0,0.0,-327.16693157142873,-402.8992185499999,-246.27566757142878,7,-327.16693157142873,-333.4294460000001,0.0,-117.74840500000028,6.869690636852697,pointwise paired bootstrap; exploratory and not multiplicity-adjusted,very small stratum,-403.81303785714283,-241.31112742857164
broad,3,broad_joint,development,assumption__radius_min__noise_correlated__scale_300,broad_or_stress_assumption,correlated,joint_triangular_l2,joint_triangular_l5,7,0,0,0.0,-262.98184442857126,-317.2337106464284,-194.73384900714285,7,-262.98184442857126,-293.92468099999996,0.0,-88.78842299999997,5.541521316241839,pointwise paired bootstrap; exploratory and not multiplicity-adjusted,very small stratum,-319.49699614285703,-197.09263315714279
broad,3,broad_joint,development,assumption__radius_min__noise_correlated__scale_300,broad_or_stress_assumption,correlated,joint_triangular_l3,joint_triangular_l5,7,0,0,0.0,-189.05182742857127,-230.20327603571397,-142.0147122857142,7,-189.05182742857127,-223.03651200000013,0.0,-77.40290400000004,3.9817259302563848,pointwise paired bootstrap; exploratory and not multiplicity-adjusted,very small stratum,-231.22655495357105,-140.4229339999999
broad,3,broad_joint,all,assumption__radius_min__noise_correlated__scale_75,broad_or_stress_assumption,all,joint_triangular_l1,joint_triangular_l5,8,0,0,0.0,-345.82671637500005,-430.40509443749977,-273.3683684437502,8,-345.82671637500005,-333.14100450000024,0.0,-230.06728899999962,7.378283780155485,pointwise paired bootstrap; exploratory and not multiplicity-adjusted,very small stratum,-432.7793339499999,-274.770745125
broad,3,broad_joint,all,assumption__radius_min__noise_correlated__scale_75,broad_or_stress_assumption,all,joint_triangular_l2,joint_triangular_l5,8,0,0,0.0,-258.02872899999994,-351.5866947187497,-188.83994462499982,8,-258.02872899999994,-245.53018050000037,0.0,-114.66445199999998,5.507440560786004,pointwise paired bootstrap; exploratory and not multiplicity-adjusted,very small stratum,-343.6199700499997,-189.9759226249999
broad,3,broad_joint,all,assumption__radius_min__noise_correlated__scale_75,broad_or_stress_assumption,all,joint_triangular_l3,joint_triangular_l5,8,0,0,0.0,-182.31045149999994,-249.08909514999993,-127.62803199687487,8,-182.31045149999994,-159.63538450000033,0.0,-60.79600299999947,3.9006831134059667,pointwise paired bootstrap; exploratory and not multiplicity-adjusted,very small stratum,-250.47258809062484,-126.71894462499966
broad,3,broad_joint,all,assumption__radius_min__noise_correlated__scale_75,broad_or_stress_assumption,correlated,joint_triangular_l1,joint_triangular_l5,8,0,0,0.0,-345.82671637500005,-432.7756824999999,-276.5364169625003,8,-345.82671637500005,-333.14100450000024,0.0,-230.06728899999962,7.378283780155485,pointwise paired bootstrap; exploratory and not multiplicity-adjusted,very small stratum,-432.2652312437499,-275.4917727656253
broad,3,broad_joint,all,assumption__radius_min__noise_correlated__scale_75,broad_or_stress_assumption,correlated,joint_triangular_l2,joint_triangular_l5,8,0,0,0.0,-258.02872899999994,-349.4210837687497,-189.5837721968751,8,-258.02872899999994,-245.53018050000037,0.0,-114.66445199999998,5.507440560786004,pointwise paired bootstrap; exploratory and not multiplicity-adjusted,very small stratum,-351.76628138125,-189.00675987187503
broad,3,broad_joint,all,assumption__radius_min__noise_correlated__scale_75,broad_or_stress_assumption,correlated,joint_triangular_l3,joint_triangular_l5,8,0,0,0.0,-182.31045149999994,-250.47594556249985,-127.08058703124976,8,-182.31045149999994,-159.63538450000033,0.0,-60.79600299999947,3.9006831134059667,pointwise paired bootstrap; exploratory and not multiplicity-adjusted,very small stratum,-253.14752605625029,-127.77581352812487
broad,3,broad_joint,development,assumption__radius_min__noise_correlated__scale_75,broad_or_stress_assumption,all,joint_triangular_l1,joint_triangular_l5,8,0,0,0.0,-345.82671637500005,-429.9390919343749,-276.01702651250025,8,-345.82671637500005,-333.14100450000024,0.0,-230.06728899999962,7.378283780155485,pointwise paired bootstrap; exploratory and not multiplicity-adjusted,very small stratum,-431.8883826749999,-274.6532106437503
broad,3,broad_joint,development,assumption__radius_min__noise_correlated__scale_75,broad_or_stress_assumption,all,joint_triangular_l2,joint_triangular_l5,8,0,0,0.0,-258.02872899999994,-348.36278974062486,-187.42989407499988,8,-258.02872899999994,-245.53018050000037,0.0,-114.66445199999998,5.507440560786004,pointwise paired bootstrap; exploratory and not multiplicity-adjusted,very small stratum,-352.55763710625,-191.0049200093748
broad,3,broad_joint,development,assumption__radius_min__noise_correlated__scale_75,broad_or_stress_assumption,all,joint_triangular_l3,joint_triangular_l5,8,0,0,0.0,-182.31045149999994,-253.272288384375,-126.74059657187463,8,-182.31045149999994,-159.63538450000033,0.0,-60.79600299999947,3.9006831134059667,pointwise paired bootstrap; exploratory and not multiplicity-adjusted,very small stratum,-252.5056738750001,-127.12634562499983
broad,3,broad_joint,development,assumption__radius_min__noise_correlated__scale_75,broad_or_stress_assumption,correlated,joint_triangular_l1,joint_triangular_l5,8,0,0,0.0,-345.82671637500005,-434.71617516874977,-275.61657148749987,8,-345.82671637500005,-333.14100450000024,0.0,-230.06728899999962,7.378283780155485,pointwise paired bootstrap; exploratory and not multiplicity-adjusted,very small stratum,-428.55413896874995,-273.2191489874999
broad,3,broad_joint,development,assumption__radius_min__noise_correlated__scale_75,broad_or_stress_assumption,correlated,joint_triangular_l2,joint_triangular_l5,8,0,0,0.0,-258.02872899999994,-345.37624810625,-187.33657423124995,8,-258.02872899999994,-245.53018050000037,0.0,-114.66445199999998,5.507440560786004,pointwise paired bootstrap; exploratory and not multiplicity-adjusted,very small stratum,-347.02598764374983,-190.2425986156248
broad,3,broad_joint,development,assumption__radius_min__noise_correlated__scale_75,broad_or_stress_assumption,correlated,joint_triangular_l3,joint_triangular_l5,8,0,0,0.0,-182.31045149999994,-255.13905458125004,-129.5280232281248,8,-182.31045149999994,-159.63538450000033,0.0,-60.79600299999947,3.9006831134059667,pointwise paired bootstrap; exploratory and not multiplicity-adjusted,very small stratum,-255.12007501250008,-127.64487212499978
broad,3,broad_joint,all,assumption__radius_min__noise_deterministic__scale_150,broad_or_stress_assumption,all,joint_triangular_l1,joint_triangular_l5,8,0,0,0.0,-261.8465118749997,-327.0176863093747,-191.93877881562477,8,-261.8465118749997,-301.3569779999998,0.0,-86.5918959999999,5.371037115123077,pointwise paired bootstrap; exploratory and not multiplicity-adjusted,very small stratum,-324.67179499999963,-193.19136094062478
broad,3,broad_joint,all,assumption__radius_min__noise_deterministic__scale_150,broad_or_stress_assumption,all,joint_triangular_l2,joint_triangular_l5,8,0,0,0.0,-187.92034449999994,-237.31957699999998,-138.63189641562494,8,-187.92034449999994,-190.005447,0.0,-87.65200699999968,3.87145662584498,pointwise paired bootstrap; exploratory and not multiplicity-adjusted,very small stratum,-237.32645411249996,-137.29519404062484
broad,3,broad_joint,all,assumption__radius_min__noise_deterministic__scale_150,broad_or_stress_assumption,all,joint_triangular_l3,joint_triangular_l5,8,0,0,0.0,-125.00970162499993,-163.77007800624992,-88.03716112500001,8,-125.00970162499993,-113.66794750000008,0.0,-50.26876599999923,2.5807093624348254,pointwise paired bootstrap; exploratory and not multiplicity-adjusted,very small stratum,-163.71687712499985,-86.86318885937483
broad,3,broad_joint,all,assumption__radius_min__noise_deterministic__scale_150,broad_or_stress_assumption,deterministic,joint_triangular_l1,joint_triangular_l5,8,0,0,0.0,-261.8465118749997,-325.7399040218747,-192.7921837374997,8,-261.8465118749997,-301.3569779999998,0.0,-86.5918959999999,5.371037115123077,pointwise paired bootstrap; exploratory and not multiplicity-adjusted,very small stratum,-326.1798777687497,-193.41220124999973
broad,3,broad_joint,all,assumption__radius_min__noise_deterministic__scale_150,broad_or_stress_assumption,deterministic,joint_triangular_l2,joint_triangular_l5,8,0,0,0.0,-187.92034449999994,-238.479933125,-136.02746244374987,8,-187.92034449999994,-190.005447,0.0,-87.65200699999968,3.87145662584498,pointwise paired bootstrap; exploratory and not multiplicity-adjusted,very small stratum,-238.00052144375,-137.0192104875
broad,3,broad_joint,all,assumption__radius_min__noise_deterministic__scale_150,broad_or_stress_assumption,deterministic,joint_triangular_l3,joint_triangular_l5,8,0,0,0.0,-125.00970162499993,-163.146041509375,-86.82274066562499,8,-125.00970162499993,-113.66794750000008,0.0,-50.26876599999923,2.5807093624348254,pointwise paired bootstrap; exploratory and not multiplicity-adjusted,very small stratum,-162.82560274999992,-87.17108382187494
broad,3,broad_joint,development,assumption__radius_min__noise_deterministic__scale_150,broad_or_stress_assumption,all,joint_triangular_l1,joint_triangular_l5,8,0,0,0.0,-261.8465118749997,-323.5495969656247,-192.76671263437478,8,-261.8465118749997,-301.3569779999998,0.0,-86.5918959999999,5.371037115123077,pointwise paired bootstrap; exploratory and not multiplicity-adjusted,very small stratum,-326.1791839781247,-192.62022902812467
broad,3,broad_joint,development,assumption__radius_min__noise_deterministic__scale_150,broad_or_stress_assumption,all,joint_triangular_l2,joint_triangular_l5,8,0,0,0.0,-187.92034449999994,-237.67561039687496,-136.19833935937487,8,-187.92034449999994,-190.005447,0.0,-87.65200699999968,3.87145662584498,pointwise paired bootstrap; exploratory and not multiplicity-adjusted,very small stratum,-238.73805112812485,-136.62030765312502
broad,3,broad_joint,development,assumption__radius_min__noise_deterministic__scale_150,broad_or_stress_assumption,all,joint_triangular_l3,joint_triangular_l5,8,0,0,0.0,-125.00970162499993,-163.40454999999997,-89.63703662499984,8,-125.00970162499993,-113.66794750000008,0.0,-50.26876599999923,2.5807093624348254,pointwise paired bootstrap; exploratory and not multiplicity-adjusted,very small stratum,-164.66535290937495,-89.01089245624992
broad,3,broad_joint,development,assumption__radius_min__noise_deterministic__scale_150,broad_or_stress_assumption,deterministic,joint_triangular_l1,joint_triangular_l5,8,0,0,0.0,-261.8465118749997,-323.2333848281246,-191.60242286249976,8,-261.8465118749997,-301.3569779999998,0.0,-86.5918959999999,5.371037115123077,pointwise paired bootstrap; exploratory and not multiplicity-adjusted,very small stratum,-326.1458348312496,-191.92961502499983
broad,3,broad_joint,development,assumption__radius_min__noise_deterministic__scale_150,broad_or_stress_assumption,deterministic,joint_triangular_l2,joint_triangular_l5,8,0,0,0.0,-187.92034449999994,-237.96333109374996,-138.50437094375,8,-187.92034449999994,-190.005447,0.0,-87.65200699999968,3.87145662584498,pointwise paired bootstrap; exploratory and not multiplicity-adjusted,very small stratum,-240.10225986874994,-139.07814324374988
broad,3,broad_joint,development,assumption__radius_min__noise_deterministic__scale_150,broad_or_stress_assumption,deterministic,joint_triangular_l3,joint_triangular_l5,8,0,0,0.0,-125.00970162499993,-163.3594686812501,-87.76040202812501,8,-125.00970162499993,-113.66794750000008,0.0,-50.26876599999923,2.5807093624348254,pointwise paired bootstrap; exploratory and not multiplicity-adjusted,very small stratum,-163.4619197999999,-89.05261240937473
broad,3,broad_joint,all,assumption__radius_min__noise_deterministic__scale_300,broad_or_stress_assumption,all,joint_triangular_l1,joint_triangular_l5,4,0,0,0.0,-237.46977800000002,-309.22334350000006,-165.71621249999998,4,-237.46977800000002,-233.14733249999995,0.0,-143.1191090000002,5.005951410085882,pointwise paired bootstrap; exploratory and not multiplicity-adjusted,very small stratum,-309.22334350000006,-165.71621249999998
broad,3,broad_joint,all,assumption__radius_min__noise_deterministic__scale_300,broad_or_stress_assumption,all,joint_triangular_l2,joint_triangular_l5,4,0,0,0.0,-177.13474674999998,-246.9703055,-107.65340749999996,4,-177.13474674999998,-198.19258649999983,0.0,-64.82928900000024,3.782571852878035,pointwise paired bootstrap; exploratory and not multiplicity-adjusted,very small stratum,-246.616086,-107.65340749999996
broad,3,broad_joint,all,assumption__radius_min__noise_deterministic__scale_300,broad_or_stress_assumption,all,joint_triangular_l3,joint_triangular_l5,4,0,0,0.0,-117.62521325000012,-152.11136850000048,-83.13905799999975,4,-117.62521325000012,-118.33822099999998,0.0,-70.56578400000035,2.5026938410923085,pointwise paired bootstrap; exploratory and not multiplicity-adjusted,very small stratum,-152.11136850000048,-83.13905799999975
broad,3,broad_joint,all,assumption__radius_min__noise_deterministic__scale_300,broad_or_stress_assumption,deterministic,joint_triangular_l1,joint_triangular_l5,4,0,0,0.0,-237.46977800000002,-309.22334350000006,-165.71621249999998,4,-237.46977800000002,-233.14733249999995,0.0,-143.1191090000002,5.005951410085882,pointwise paired bootstrap; exploratory and not multiplicity-adjusted,very small stratum,-309.22334350000006,-165.71621249999998
broad,3,broad_joint,all,assumption__radius_min__noise_deterministic__scale_300,broad_or_stress_assumption,deterministic,joint_triangular_l2,joint_triangular_l5,4,0,0,0.0,-177.13474674999998,-246.616086,-107.65340749999996,4,-177.13474674999998,-198.19258649999983,0.0,-64.82928900000024,3.782571852878035,pointwise paired bootstrap; exploratory and not multiplicity-adjusted,very small stratum,-246.616086,-107.65340749999996
broad,3,broad_joint,all,assumption__radius_min__noise_deterministic__scale_300,broad_or_stress_assumption,deterministic,joint_triangular_l3,joint_triangular_l5,4,0,0,0.0,-117.62521325000012,-152.11136850000048,-83.13905799999975,4,-117.62521325000012,-118.33822099999998,0.0,-70.56578400000035,2.5026938410923085,pointwise paired bootstrap; exploratory and not multiplicity-adjusted,very small stratum,-152.11136850000048,-83.13905799999975
broad,3,broad_joint,development,assumption__radius_min__noise_deterministic__scale_300,broad_or_stress_assumption,all,joint_triangular_l1,joint_triangular_l5,4,0,0,0.0,-237.46977800000002,-309.22334350000006,-165.71621249999998,4,-237.46977800000002,-233.14733249999995,0.0,-143.1191090000002,5.005951410085882,pointwise paired bootstrap; exploratory and not multiplicity-adjusted,very small stratum,-309.22334350000006,-165.71621249999998
broad,3,broad_joint,development,assumption__radius_min__noise_deterministic__scale_300,broad_or_stress_assumption,all,joint_triangular_l2,joint_triangular_l5,4,0,0,0.0,-177.13474674999998,-246.616086,-107.65340749999996,4,-177.13474674999998,-198.19258649999983,0.0,-64.82928900000024,3.782571852878035,pointwise paired bootstrap; exploratory and not multiplicity-adjusted,very small stratum,-246.616086,-107.65340749999996
broad,3,broad_joint,development,assumption__radius_min__noise_deterministic__scale_300,broad_or_stress_assumption,all,joint_triangular_l3,joint_triangular_l5,4,0,0,0.0,-117.62521325000012,-152.11136850000048,-83.13905799999975,4,-117.62521325000012,-118.33822099999998,0.0,-70.56578400000035,2.5026938410923085,pointwise paired bootstrap; exploratory and not multiplicity-adjusted,very small stratum,-157.68499775000032,-83.13905799999975
broad,3,broad_joint,development,assumption__radius_min__noise_deterministic__scale_300,broad_or_stress_assumption,deterministic,joint_triangular_l1,joint_triangular_l5,4,0,0,0.0,-237.46977800000002,-309.22334350000006,-165.71621249999998,4,-237.46977800000002,-233.14733249999995,0.0,-143.1191090000002,5.005951410085882,pointwise paired bootstrap; exploratory and not multiplicity-adjusted,very small stratum,-309.22334350000006,-165.71621249999998
broad,3,broad_joint,development,assumption__radius_min__noise_deterministic__scale_300,broad_or_stress_assumption,deterministic,joint_triangular_l2,joint_triangular_l5,4,0,0,0.0,-177.13474674999998,-246.616086,-107.65340749999996,4,-177.13474674999998,-198.19258649999983,0.0,-64.82928900000024,3.782571852878035,pointwise paired bootstrap; exploratory and not multiplicity-adjusted,very small stratum,-246.616086,-107.65340749999996
broad,3,broad_joint,development,assumption__radius_min__noise_deterministic__scale_300,broad_or_stress_assumption,deterministic,joint_triangular_l3,joint_triangular_l5,4,0,0,0.0,-117.62521325000012,-152.11136850000048,-83.13905799999975,4,-117.62521325000012,-118.33822099999998,0.0,-70.56578400000035,2.5026938410923085,pointwise paired bootstrap; exploratory and not multiplicity-adjusted,very small stratum,-152.11136850000048,-83.13905799999975
broad,3,broad_joint,all,assumption__radius_min__noise_deterministic__scale_75,broad_or_stress_assumption,all,joint_triangular_l1,joint_triangular_l5,6,0,0,0.0,-191.67211416666655,-288.7216983333331,-111.06731449999991,6,-191.67211416666655,-164.89588950000007,0.0,-74.16711899999973,3.852506159561662,pointwise paired bootstrap; exploratory and not multiplicity-adjusted,very small stratum,-288.7216983333331,-114.39595049999996
broad,3,broad_joint,all,assumption__radius_min__noise_deterministic__scale_75,broad_or_stress_assumption,all,joint_triangular_l2,joint_triangular_l5,6,0,0,0.0,-130.62434500000003,-211.7190743333334,-63.35198166666638,6,-130.62434500000003,-86.04857800000036,0.0,-48.78682099999969,2.619762142680544,pointwise paired bootstrap; exploratory and not multiplicity-adjusted,very small stratum,-213.32257766666694,-62.637123333333115
broad,3,broad_joint,all,assumption__radius_min__noise_deterministic__scale_75,broad_or_stress_assumption,all,joint_triangular_l3,joint_triangular_l5,6,0,0,0.0,-87.14207450000004,-149.86717350000026,-35.4931341666664,6,-87.14207450000004,-57.26151850000042,0.0,-8.830489999999372,1.7396186354249779,pointwise paired bootstrap; exploratory and not multiplicity-adjusted,very small stratum,-151.9819243333336,-35.4931341666664
broad,3,broad_joint,all,assumption__radius_min__noise_deterministic__scale_75,broad_or_stress_assumption,deterministic,joint_triangular_l1,joint_triangular_l5,6,0,0,0.0,-191.67211416666655,-288.7216983333331,-114.39595049999996,6,-191.67211416666655,-164.89588950000007,0.0,-74.16711899999973,3.852506159561662,pointwise paired bootstrap; exploratory and not multiplicity-adjusted,very small stratum,-289.51140966666634,-114.39595049999996
broad,3,broad_joint,all,assumption__radius_min__noise_deterministic__scale_75,broad_or_stress_assumption,deterministic,joint_triangular_l2,joint_triangular_l5,6,0,0,0.0,-130.62434500000003,-213.67705479166682,-65.23540000000003,6,-130.62434500000003,-86.04857800000036,0.0,-48.78682099999969,2.619762142680544,pointwise paired bootstrap; exploratory and not multiplicity-adjusted,very small stratum,-215.03220933333355,-65.20618600000017
broad,3,broad_joint,all,assumption__radius_min__noise_deterministic__scale_75,broad_or_stress_assumption,deterministic,joint_triangular_l3,joint_triangular_l5,6,0,0,0.0,-87.14207450000004,-153.17394400000043,-36.882888666666226,6,-87.14207450000004,-57.26151850000042,0.0,-8.830489999999372,1.7396186354249779,pointwise paired bootstrap; exploratory and not multiplicity-adjusted,very small stratum,-149.86717350000026,-35.48413986249979
broad,3,broad_joint,development,assumption__radius_min__noise_deterministic__scale_75,broad_or_stress_assumption,all,joint_triangular_l1,joint_triangular_l5,6,0,0,0.0,-191.67211416666655,-286.3462991708331,-113.50362133333313,6,-191.67211416666655,-164.89588950000007,0.0,-74.16711899999973,3.852506159561662,pointwise paired bootstrap; exploratory and not multiplicity-adjusted,very small stratum,-285.3930623333331,-113.74940499999973
broad,3,broad_joint,development,assumption__radius_min__noise_deterministic__scale_75,broad_or_stress_assumption,all,joint_triangular_l2,joint_triangular_l5,6,0,0,0.0,-130.62434500000003,-213.3309928083336,-63.343566524999765,6,-130.62434500000003,-86.04857800000036,0.0,-48.78682099999969,2.619762142680544,pointwise paired bootstrap; exploratory and not multiplicity-adjusted,very small stratum,-209.29458433333352,-62.6287081916665
broad,3,broad_joint,development,assumption__radius_min__noise_deterministic__scale_75,broad_or_stress_assumption,all,joint_triangular_l3,joint_triangular_l5,6,0,0,0.0,-87.14207450000004,-149.86717350000026,-35.4931341666664,6,-87.14207450000004,-57.26151850000042,0.0,-8.830489999999372,1.7396186354249779,pointwise paired bootstrap; exploratory and not multiplicity-adjusted,very small stratum,-149.66398666666677,-37.24811283333323
broad,3,broad_joint,development,assumption__radius_min__noise_deterministic__scale_75,broad_or_stress_assumption,deterministic,joint_triangular_l1,joint_triangular_l5,6,0,0,0.0,-191.67211416666655,-283.54799264583306,-111.69769636250022,6,-191.67211416666655,-164.89588950000007,0.0,-74.16711899999973,3.852506159561662,pointwise paired bootstrap; exploratory and not multiplicity-adjusted,very small stratum,-282.7307146166666,-113.50362133333313
broad,3,broad_joint,development,assumption__radius_min__noise_deterministic__scale_75,broad_or_stress_assumption,deterministic,joint_triangular_l2,joint_triangular_l5,6,0,0,0.0,-130.62434500000003,-211.7190743333334,-63.00591968333322,6,-130.62434500000003,-86.04857800000036,0.0,-48.78682099999969,2.619762142680544,pointwise paired bootstrap; exploratory and not multiplicity-adjusted,very small stratum,-214.37404166666678,-63.35198166666638
broad,3,broad_joint,development,assumption__radius_min__noise_deterministic__scale_75,broad_or_stress_assumption,deterministic,joint_triangular_l3,joint_triangular_l5,6,0,0,0.0,-87.14207450000004,-148.30897602916687,-35.4931341666664,6,-87.14207450000004,-57.26151850000042,0.0,-8.830489999999372,1.7396186354249779,pointwise paired bootstrap; exploratory and not multiplicity-adjusted,very small stratum,-153.53371616666695,-36.218130499999916
broad,3,broad_joint,all,assumption__radius_min__noise_extreme__scale_150,broad_or_stress_assumption,all,joint_triangular_l1,joint_triangular_l5,3,0,0,0.0,-224.31137266666687,-339.6913990000003,-124.35658600000079,3,-224.31137266666687,-208.88613299999952,0.0,-124.35658600000079,4.5860269285074295,pointwise paired bootstrap; exploratory and not multiplicity-adjusted,very small stratum,-339.6913990000003,-124.35658600000079
broad,3,broad_joint,all,assumption__radius_min__noise_extreme__scale_150,broad_or_stress_assumption,all,joint_triangular_l2,joint_triangular_l5,3,0,0,0.0,-173.90234766666663,-313.83740899999975,-83.57404300000053,3,-173.90234766666663,-124.2955909999996,0.0,-83.57404300000053,3.45123452396227,pointwise paired bootstrap; exploratory and not multiplicity-adjusted,very small stratum,-313.83740899999975,-83.57404300000053
broad,3,broad_joint,all,assumption__radius_min__noise_extreme__scale_150,broad_or_stress_assumption,all,joint_triangular_l3,joint_triangular_l5,3,0,0,0.0,-119.2566613333335,-228.4268060000004,-58.082688999999846,3,-119.2566613333335,-71.26048900000023,0.0,-58.082688999999846,2.335637399697167,pointwise paired bootstrap; exploratory and not multiplicity-adjusted,very small stratum,-228.4268060000004,-58.082688999999846
broad,3,broad_joint,all,assumption__radius_min__noise_extreme__scale_150,broad_or_stress_assumption,extreme,joint_triangular_l1,joint_triangular_l5,3,0,0,0.0,-224.31137266666687,-339.6913990000003,-124.35658600000079,3,-224.31137266666687,-208.88613299999952,0.0,-124.35658600000079,4.5860269285074295,pointwise paired bootstrap; exploratory and not multiplicity-adjusted,very small stratum,-339.6913990000003,-124.35658600000079
broad,3,broad_joint,all,assumption__radius_min__noise_extreme__scale_150,broad_or_stress_assumption,extreme,joint_triangular_l2,joint_triangular_l5,3,0,0,0.0,-173.90234766666663,-313.83740899999975,-83.57404300000053,3,-173.90234766666663,-124.2955909999996,0.0,-83.57404300000053,3.45123452396227,pointwise paired bootstrap; exploratory and not multiplicity-adjusted,very small stratum,-313.83740899999975,-83.57404300000053
broad,3,broad_joint,all,assumption__radius_min__noise_extreme__scale_150,broad_or_stress_assumption,extreme,joint_triangular_l3,joint_triangular_l5,3,0,0,0.0,-119.2566613333335,-228.4268060000004,-58.082688999999846,3,-119.2566613333335,-71.26048900000023,0.0,-58.082688999999846,2.335637399697167,pointwise paired bootstrap; exploratory and not multiplicity-adjusted,very small stratum,-228.4268060000004,-58.082688999999846
broad,3,broad_joint,development,assumption__radius_min__noise_extreme__scale_150,broad_or_stress_assumption,all,joint_triangular_l1,joint_triangular_l5,3,0,0,0.0,-224.31137266666687,-339.6913990000003,-124.35658600000079,3,-224.31137266666687,-208.88613299999952,0.0,-124.35658600000079,4.5860269285074295,pointwise paired bootstrap; exploratory and not multiplicity-adjusted,very small stratum,-339.6913990000003,-124.35658600000079
broad,3,broad_joint,development,assumption__radius_min__noise_extreme__scale_150,broad_or_stress_assumption,all,joint_triangular_l2,joint_triangular_l5,3,0,0,0.0,-173.90234766666663,-313.83740899999975,-83.57404300000053,3,-173.90234766666663,-124.2955909999996,0.0,-83.57404300000053,3.45123452396227,pointwise paired bootstrap; exploratory and not multiplicity-adjusted,very small stratum,-313.83740899999975,-83.57404300000053
broad,3,broad_joint,development,assumption__radius_min__noise_extreme__scale_150,broad_or_stress_assumption,all,joint_triangular_l3,joint_triangular_l5,3,0,0,0.0,-119.2566613333335,-228.4268060000004,-58.082688999999846,3,-119.2566613333335,-71.26048900000023,0.0,-58.082688999999846,2.335637399697167,pointwise paired bootstrap; exploratory and not multiplicity-adjusted,very small stratum,-228.4268060000004,-58.082688999999846
broad,3,broad_joint,development,assumption__radius_min__noise_extreme__scale_150,broad_or_stress_assumption,extreme,joint_triangular_l1,joint_triangular_l5,3,0,0,0.0,-224.31137266666687,-339.6913990000003,-124.35658600000079,3,-224.31137266666687,-208.88613299999952,0.0,-124.35658600000079,4.5860269285074295,pointwise paired bootstrap; exploratory and not multiplicity-adjusted,very small stratum,-339.6913990000003,-124.35658600000079
broad,3,broad_joint,development,assumption__radius_min__noise_extreme__scale_150,broad_or_stress_assumption,extreme,joint_triangular_l2,joint_triangular_l5,3,0,0,0.0,-173.90234766666663,-313.83740899999975,-83.57404300000053,3,-173.90234766666663,-124.2955909999996,0.0,-83.57404300000053,3.45123452396227,pointwise paired bootstrap; exploratory and not multiplicity-adjusted,very small stratum,-313.83740899999975,-83.57404300000053
broad,3,broad_joint,development,assumption__radius_min__noise_extreme__scale_150,broad_or_stress_assumption,extreme,joint_triangular_l3,joint_triangular_l5,3,0,0,0.0,-119.2566613333335,-228.4268060000004,-58.082688999999846,3,-119.2566613333335,-71.26048900000023,0.0,-58.082688999999846,2.335637399697167,pointwise paired bootstrap; exploratory and not multiplicity-adjusted,very small stratum,-228.4268060000004,-58.082688999999846
broad,3,broad_joint,all,assumption__radius_min__noise_extreme__scale_300,broad_or_stress_assumption,all,joint_triangular_l1,joint_triangular_l5,6,0,0,0.0,-344.96843216666684,-431.2455105000002,-260.06809150000043,6,-344.96843216666684,-343.5916944999999,0.0,-211.2834330000005,6.795455297643323,pointwise paired bootstrap; exploratory and not multiplicity-adjusted,very small stratum,-434.740734,-260.06386323750047
broad,3,broad_joint,all,assumption__radius_min__noise_extreme__scale_300,broad_or_stress_assumption,all,joint_triangular_l2,joint_triangular_l5,6,0,0,0.0,-289.19626166666677,-357.8440720000003,-223.00059049999996,6,-289.19626166666677,-288.0332659999999,0.0,-179.8119310000002,5.6902139258604505,pointwise paired bootstrap; exploratory and not multiplicity-adjusted,very small stratum,-355.1137532666669,-222.66377116666672
broad,3,broad_joint,all,assumption__radius_min__noise_extreme__scale_300,broad_or_stress_assumption,all,joint_triangular_l3,joint_triangular_l5,6,0,0,0.0,-218.66753300000013,-268.87194866666687,-170.96861166666667,6,-218.66753300000013,-207.6536430000001,0.0,-136.50054900000032,4.300937059034779,pointwise paired bootstrap; exploratory and not multiplicity-adjusted,very small stratum,-268.87194866666687,-169.82563143333329
broad,3,broad_joint,all,assumption__radius_min__noise_extreme__scale_300,broad_or_stress_assumption,extreme,joint_triangular_l1,joint_triangular_l5,6,0,0,0.0,-344.96843216666684,-432.98089099999993,-261.9323718708336,6,-344.96843216666684,-343.5916944999999,0.0,-211.2834330000005,6.795455297643323,pointwise paired bootstrap; exploratory and not multiplicity-adjusted,very small stratum,-432.9414523333333,-261.90148533333377
broad,3,broad_joint,all,assumption__radius_min__noise_extreme__scale_300,broad_or_stress_assumption,extreme,joint_triangular_l2,joint_triangular_l5,6,0,0,0.0,-289.19626166666677,-355.989311166667,-225.1476713333333,6,-289.19626166666677,-288.0332659999999,0.0,-179.8119310000002,5.6902139258604505,pointwise paired bootstrap; exploratory and not multiplicity-adjusted,very small stratum,-357.8440720000003,-223.00059049999996
broad,3,broad_joint,all,assumption__radius_min__noise_extreme__scale_300,broad_or_stress_assumption,extreme,joint_triangular_l3,joint_triangular_l5,6,0,0,0.0,-218.66753300000013,-270.93450926250034,-170.96861166666667,6,-218.66753300000013,-207.6536430000001,0.0,-136.50054900000032,4.300937059034779,pointwise paired bootstrap; exploratory and not multiplicity-adjusted,very small stratum,-268.04510450000026,-170.66806701250042
broad,3,broad_joint,development,assumption__radius_min__noise_extreme__scale_300,broad_or_stress_assumption,all,joint_triangular_l1,joint_triangular_l5,6,0,0,0.0,-344.96843216666684,-431.07638000000014,-258.6596753333336,6,-344.96843216666684,-343.5916944999999,0.0,-211.2834330000005,6.795455297643323,pointwise paired bootstrap; exploratory and not multiplicity-adjusted,very small stratum,-432.9414523333333,-258.6596753333336
broad,3,broad_joint,development,assumption__radius_min__noise_extreme__scale_300,broad_or_stress_assumption,all,joint_triangular_l2,joint_triangular_l5,6,0,0,0.0,-289.19626166666677,-355.696991166667,-221.11327464166675,6,-289.19626166666677,-288.0332659999999,0.0,-179.8119310000002,5.6902139258604505,pointwise paired bootstrap; exploratory and not multiplicity-adjusted,very small stratum,-353.81126335833375,-222.9534274541669
broad,3,broad_joint,development,assumption__radius_min__noise_extreme__scale_300,broad_or_stress_assumption,all,joint_triangular_l3,joint_triangular_l5,6,0,0,0.0,-218.66753300000013,-268.87194866666687,-170.66944290416708,6,-218.66753300000013,-207.6536430000001,0.0,-136.50054900000032,4.300937059034779,pointwise paired bootstrap; exploratory and not multiplicity-adjusted,very small stratum,-269.7932668333336,-170.96861166666667
broad,3,broad_joint,development,assumption__radius_min__noise_extreme__scale_300,broad_or_stress_assumption,extreme,joint_triangular_l1,joint_triangular_l5,6,0,0,0.0,-344.96843216666684,-434.5189990000002,-260.06386323750047,6,-344.96843216666684,-343.5916944999999,0.0,-211.2834330000005,6.795455297643323,pointwise paired bootstrap; exploratory and not multiplicity-adjusted,very small stratum,-439.46097909583347,-261.90148533333377
broad,3,broad_joint,development,assumption__radius_min__noise_extreme__scale_300,broad_or_stress_assumption,extreme,joint_triangular_l2,joint_triangular_l5,6,0,0,0.0,-289.19626166666677,-355.989311166667,-225.1476713333333,6,-289.19626166666677,-288.0332659999999,0.0,-179.8119310000002,5.6902139258604505,pointwise paired bootstrap; exploratory and not multiplicity-adjusted,very small stratum,-358.48781935416696,-223.00059049999996
broad,3,broad_joint,development,assumption__radius_min__noise_extreme__scale_300,broad_or_stress_assumption,extreme,joint_triangular_l3,joint_triangular_l5,6,0,0,0.0,-218.66753300000013,-268.647861666667,-171.02227144166648,6,-218.66753300000013,-207.6536430000001,0.0,-136.50054900000032,4.300937059034779,pointwise paired bootstrap; exploratory and not multiplicity-adjusted,very small stratum,-267.5118595000002,-172.07621377916692
broad,3,broad_joint,all,assumption__radius_min__noise_extreme__scale_75,broad_or_stress_assumption,all,joint_triangular_l1,joint_triangular_l5,5,0,0,0.0,-234.56967860000003,-316.8261979999999,-129.0970276000002,5,-234.56967860000003,-261.9365379999999,0.0,-44.94883800000025,4.70132043825187,pointwise paired bootstrap; exploratory and not multiplicity-adjusted,very small stratum,-316.8261979999999,-138.82575406000115
broad,3,broad_joint,all,assumption__radius_min__noise_extreme__scale_75,broad_or_stress_assumption,all,joint_triangular_l2,joint_triangular_l5,5,0,0,0.0,-170.68353420000022,-240.73017420000014,-90.21381400000027,5,-170.68353420000022,-185.95428900000024,0.0,-25.54374100000041,3.411872024081686,pointwise paired bootstrap; exploratory and not multiplicity-adjusted,very small stratum,-240.73017420000014,-90.20997631000029
broad,3,broad_joint,all,assumption__radius_min__noise_extreme__scale_75,broad_or_stress_assumption,all,joint_triangular_l3,joint_triangular_l5,5,0,0,0.0,-120.94379719999998,-168.02053579999992,-71.98277419999995,5,-120.94379719999998,-121.52504500000032,0.0,-28.25840100000005,2.4180137672382083,pointwise paired bootstrap; exploratory and not multiplicity-adjusted,very small stratum,-168.02053579999992,-72.04223496499998
broad,3,broad_joint,all,assumption__radius_min__noise_extreme__scale_75,broad_or_stress_assumption,extreme,joint_triangular_l1,joint_triangular_l5,5,0,0,0.0,-234.56967860000003,-316.8261979999999,-139.00733960000017,5,-234.56967860000003,-261.9365379999999,0.0,-44.94883800000025,4.70132043825187,pointwise paired bootstrap; exploratory and not multiplicity-adjusted,very small stratum,-316.8261979999999,-139.00733960000017
broad,3,broad_joint,all,assumption__radius_min__noise_extreme__scale_75,broad_or_stress_assumption,extreme,joint_triangular_l2,joint_triangular_l5,5,0,0,0.0,-170.68353420000022,-240.73017420000014,-90.21381400000027,5,-170.68353420000022,-185.95428900000024,0.0,-25.54374100000041,3.411872024081686,pointwise paired bootstrap; exploratory and not multiplicity-adjusted,very small stratum,-235.5071148000001,-90.06030640000026
broad,3,broad_joint,all,assumption__radius_min__noise_extreme__scale_75,broad_or_stress_assumption,extreme,joint_triangular_l3,joint_triangular_l5,5,0,0,0.0,-120.94379719999998,-167.9595503999999,-72.04375959999997,5,-120.94379719999998,-121.52504500000032,0.0,-28.25840100000005,2.4180137672382083,pointwise paired bootstrap; exploratory and not multiplicity-adjusted,very small stratum,-168.02053579999992,-68.69139419999992
broad,3,broad_joint,development,assumption__radius_min__noise_extreme__scale_75,broad_or_stress_assumption,all,joint_triangular_l1,joint_triangular_l5,5,0,0,0.0,-234.56967860000003,-316.8261979999999,-131.74391800000012,5,-234.56967860000003,-261.9365379999999,0.0,-44.94883800000025,4.70132043825187,pointwise paired bootstrap; exploratory and not multiplicity-adjusted,very small stratum,-316.8261979999999,-131.74391800000012
broad,3,broad_joint,development,assumption__radius_min__noise_extreme__scale_75,broad_or_stress_assumption,all,joint_triangular_l2,joint_triangular_l5,5,0,0,0.0,-170.68353420000022,-240.60296692500023,-90.21381400000027,5,-170.68353420000022,-185.95428900000024,0.0,-25.54374100000041,3.411872024081686,pointwise paired bootstrap; exploratory and not multiplicity-adjusted,very small stratum,-240.59970520000024,-90.06030640000026
broad,3,broad_joint,development,assumption__radius_min__noise_extreme__scale_75,broad_or_stress_assumption,all,joint_triangular_l3,joint_triangular_l5,5,0,0,0.0,-120.94379719999998,-168.02053579999992,-65.56505860000016,5,-120.94379719999998,-121.52504500000032,0.0,-28.25840100000005,2.4180137672382083,pointwise paired bootstrap; exploratory and not multiplicity-adjusted,very small stratum,-168.02053579999992,-71.98277419999995
broad,3,broad_joint,development,assumption__radius_min__noise_extreme__scale_75,broad_or_stress_assumption,extreme,joint_triangular_l1,joint_triangular_l5,5,0,0,0.0,-234.56967860000003,-316.8261979999999,-140.51117700000015,5,-234.56967860000003,-261.9365379999999,0.0,-44.94883800000025,4.70132043825187,pointwise paired bootstrap; exploratory and not multiplicity-adjusted,very small stratum,-316.8261979999999,-129.0970276000002
broad,3,broad_joint,development,assumption__radius_min__noise_extreme__scale_75,broad_or_stress_assumption,extreme,joint_triangular_l2,joint_triangular_l5,5,0,0,0.0,-170.68353420000022,-240.73017420000014,-89.70796020000034,5,-170.68353420000022,-185.95428900000024,0.0,-25.54374100000041,3.411872024081686,pointwise paired bootstrap; exploratory and not multiplicity-adjusted,very small stratum,-240.73017420000014,-95.43687340000034
broad,3,broad_joint,development,assumption__radius_min__noise_extreme__scale_75,broad_or_stress_assumption,extreme,joint_triangular_l3,joint_triangular_l5,5,0,0,0.0,-120.94379719999998,-168.02053579999992,-71.98277419999995,5,-120.94379719999998,-121.52504500000032,0.0,-28.25840100000005,2.4180137672382083,pointwise paired bootstrap; exploratory and not multiplicity-adjusted,very small stratum,-168.02053579999992,-72.04375959999997
broad,3,broad_joint,all,assumption__radius_mixed__noise_correlated__scale_150,broad_or_stress_assumption,all,joint_triangular_l1,joint_triangular_l5,6,0,0,0.0,-574.2967130000001,-666.8068666666667,-485.65041866666706,6,-574.2967130000001,-560.9143744999997,0.0,-407.18547000000035,11.523248341282034,pointwise paired bootstrap; exploratory and not multiplicity-adjusted,very small stratum,-664.7692845208333,-481.903287604167
broad,3,broad_joint,all,assumption__radius_mixed__noise_correlated__scale_150,broad_or_stress_assumption,all,joint_triangular_l2,joint_triangular_l5,6,0,0,0.0,-415.733283,-515.8920576666663,-326.1385380291669,6,-415.733283,-401.5155299999999,0.0,-269.934029,8.302246278392436,pointwise paired bootstrap; exploratory and not multiplicity-adjusted,very small stratum,-512.1420919999998,-326.16228766666677
broad,3,broad_joint,all,assumption__radius_mixed__noise_correlated__scale_150,broad_or_stress_assumption,all,joint_triangular_l3,joint_triangular_l5,6,0,0,0.0,-264.8104818333333,-339.2177523166664,-192.58261783333333,6,-264.8104818333333,-264.6190894999995,0.0,-133.78257900000062,5.278043223636686,pointwise paired bootstrap; exploratory and not multiplicity-adjusted,very small stratum,-337.35015016666665,-193.60043804583339
broad,3,broad_joint,all,assumption__radius_mixed__noise_correlated__scale_150,broad_or_stress_assumption,correlated,joint_triangular_l1,joint_triangular_l5,6,0,0,0.0,-574.2967130000001,-667.161165183333,-479.20320254166694,6,-574.2967130000001,-560.9143744999997,0.0,-407.18547000000035,11.523248341282034,pointwise paired bootstrap; exploratory and not multiplicity-adjusted,very small stratum,-671.2629356666666,-481.92146550000024
broad,3,broad_joint,all,assumption__radius_mixed__noise_correlated__scale_150,broad_or_stress_assumption,correlated,joint_triangular_l2,joint_triangular_l5,6,0,0,0.0,-415.733283,-510.53817199999986,-319.97840850000006,6,-415.733283,-401.5155299999999,0.0,-269.934029,8.302246278392436,pointwise paired bootstrap; exploratory and not multiplicity-adjusted,very small stratum,-505.9582128333331,-326.16228766666677
broad,3,broad_joint,all,assumption__radius_mixed__noise_correlated__scale_150,broad_or_stress_assumption,correlated,joint_triangular_l3,joint_triangular_l5,6,0,0,0.0,-264.8104818333333,-339.2162471666664,-194.64435621249996,6,-264.8104818333333,-264.6190894999995,0.0,-133.78257900000062,5.278043223636686,pointwise paired bootstrap; exploratory and not multiplicity-adjusted,very small stratum,-329.57372141249976,-191.07662433333357
broad,3,broad_joint,development,assumption__radius_mixed__noise_correlated__scale_150,broad_or_stress_assumption,all,joint_triangular_l1,joint_triangular_l5,6,0,0,0.0,-574.2967130000001,-671.9900514999998,-480.683147208333,6,-574.2967130000001,-560.9143744999997,0.0,-407.18547000000035,11.523248341282034,pointwise paired bootstrap; exploratory and not multiplicity-adjusted,very small stratum,-671.2629356666666,-481.8801308208338
broad,3,broad_joint,development,assumption__radius_mixed__noise_correlated__scale_150,broad_or_stress_assumption,all,joint_triangular_l2,joint_triangular_l5,6,0,0,0.0,-415.733283,-505.9582128333331,-322.1244541666667,6,-415.733283,-401.5155299999999,0.0,-269.934029,8.302246278392436,pointwise paired bootstrap; exploratory and not multiplicity-adjusted,very small stratum,-520.4720168333332,-326.16228766666677
broad,3,broad_joint,development,assumption__radius_mixed__noise_correlated__scale_150,broad_or_stress_assumption,all,joint_triangular_l3,joint_triangular_l5,6,0,0,0.0,-264.8104818333333,-338.23253499999964,-188.73718966666684,6,-264.8104818333333,-264.6190894999995,0.0,-133.78257900000062,5.278043223636686,pointwise paired bootstrap; exploratory and not multiplicity-adjusted,very small stratum,-330.83684999999997,-194.67045416666647
broad,3,broad_joint,development,assumption__radius_mixed__noise_correlated__scale_150,broad_or_stress_assumption,correlated,joint_triangular_l1,joint_triangular_l5,6,0,0,0.0,-574.2967130000001,-671.0072548333334,-486.3775345000002,6,-574.2967130000001,-560.9143744999997,0.0,-407.18547000000035,11.523248341282034,pointwise paired bootstrap; exploratory and not multiplicity-adjusted,very small stratum,-671.7343706666666,-477.7028994375002
broad,3,broad_joint,development,assumption__radius_mixed__noise_correlated__scale_150,broad_or_stress_assumption,correlated,joint_triangular_l2,joint_triangular_l5,6,0,0,0.0,-415.733283,-512.1420919999998,-325.1588556041671,6,-415.733283,-401.5155299999999,0.0,-269.934029,8.302246278392436,pointwise paired bootstrap; exploratory and not multiplicity-adjusted,very small stratum,-515.2381231666665,-325.2123021666668
broad,3,broad_joint,development,assumption__radius_mixed__noise_correlated__scale_150,broad_or_stress_assumption,correlated,joint_triangular_l3,joint_triangular_l5,6,0,0,0.0,-264.8104818333333,-338.23253499999964,-190.032706166667,6,-264.8104818333333,-264.6190894999995,0.0,-133.78257900000062,5.278043223636686,pointwise paired bootstrap; exploratory and not multiplicity-adjusted,very small stratum,-339.2162471666664,-193.6265359999999
broad,3,broad_joint,all,assumption__radius_mixed__noise_correlated__scale_300,broad_or_stress_assumption,all,joint_triangular_l1,joint_triangular_l5,7,0,0,0.0,-487.7546491428571,-579.8523520785714,-405.99203514285716,7,-487.7546491428571,-463.4882040000002,0.0,-332.6736599999995,9.930560262306354,pointwise paired bootstrap; exploratory and not multiplicity-adjusted,very small stratum,-582.9533690000001,-408.99391899999995
broad,3,broad_joint,all,assumption__radius_mixed__noise_correlated__scale_300,broad_or_stress_assumption,all,joint_triangular_l2,joint_triangular_l5,7,0,0,0.0,-358.41478714285705,-440.13598838928567,-283.12617676785715,7,-358.41478714285705,-341.8998580000007,0.0,-215.99198499999966,7.3043305018189875,pointwise paired bootstrap; exploratory and not multiplicity-adjusted,very small stratum,-446.097045975,-282.63337591785705
broad,3,broad_joint,all,assumption__radius_mixed__noise_correlated__scale_300,broad_or_stress_assumption,all,joint_triangular_l3,joint_triangular_l5,7,0,0,0.0,-246.1533669999999,-326.47675628571415,-185.23115041071432,7,-246.1533669999999,-206.8806000000004,0.0,-135.75939299999936,5.012997950188199,pointwise paired bootstrap; exploratory and not multiplicity-adjusted,very small stratum,-323.69499245714275,-185.23060637500004
broad,3,broad_joint,all,assumption__radius_mixed__noise_correlated__scale_300,broad_or_stress_assumption,correlated,joint_triangular_l1,joint_triangular_l5,7,0,0,0.0,-487.7546491428571,-585.12232485,-408.2737688714284,7,-487.7546491428571,-463.4882040000002,0.0,-332.6736599999995,9.930560262306354,pointwise paired bootstrap; exploratory and not multiplicity-adjusted,very small stratum,-580.146538,-407.2442001428569
broad,3,broad_joint,all,assumption__radius_mixed__noise_correlated__scale_300,broad_or_stress_assumption,correlated,joint_triangular_l2,joint_triangular_l5,7,0,0,0.0,-358.41478714285705,-442.67131583214234,-282.65048514285706,7,-358.41478714285705,-341.8998580000007,0.0,-215.99198499999966,7.3043305018189875,pointwise paired bootstrap; exploratory and not multiplicity-adjusted,very small stratum,-447.3559538321426,-282.8783096321428
broad,3,broad_joint,all,assumption__radius_mixed__noise_correlated__scale_300,broad_or_stress_assumption,correlated,joint_triangular_l3,joint_triangular_l5,7,0,0,0.0,-246.1533669999999,-325.76946128571427,-183.22259671428543,7,-246.1533669999999,-206.8806000000004,0.0,-135.75939299999936,5.012997950188199,pointwise paired bootstrap; exploratory and not multiplicity-adjusted,very small stratum,-321.1606689142856,-184.29266455357137
broad,3,broad_joint,development,assumption__radius_mixed__noise_correlated__scale_300,broad_or_stress_assumption,all,joint_triangular_l1,joint_triangular_l5,7,0,0,0.0,-487.7546491428571,-580.7204436464285,-403.69431206428567,7,-487.7546491428571,-463.4882040000002,0.0,-332.6736599999995,9.930560262306354,pointwise paired bootstrap; exploratory and not multiplicity-adjusted,very small stratum,-581.372325292857,-404.2424429999998
broad,3,broad_joint,development,assumption__radius_mixed__noise_correlated__scale_300,broad_or_stress_assumption,all,joint_triangular_l2,joint_triangular_l5,7,0,0,0.0,-358.41478714285705,-447.2430089999998,-282.8892955142857,7,-358.41478714285705,-341.8998580000007,0.0,-215.99198499999966,7.3043305018189875,pointwise paired bootstrap; exploratory and not multiplicity-adjusted,very small stratum,-446.11929706071425,-281.73790657142865
broad,3,broad_joint,development,assumption__radius_mixed__noise_correlated__scale_300,broad_or_stress_assumption,all,joint_triangular_l3,joint_triangular_l5,7,0,0,0.0,-246.1533669999999,-326.27691415714276,-185.2425624285714,7,-246.1533669999999,-206.8806000000004,0.0,-135.75939299999936,5.012997950188199,pointwise paired bootstrap; exploratory and not multiplicity-adjusted,very small stratum,-325.3872316964284,-185.23191702142861
broad,3,broad_joint,development,assumption__radius_mixed__noise_correlated__scale_300,broad_or_stress_assumption,correlated,joint_triangular_l1,joint_triangular_l5,7,0,0,0.0,-487.7546491428571,-585.1129360000001,-407.7466958571427,7,-487.7546491428571,-463.4882040000002,0.0,-332.6736599999995,9.930560262306354,pointwise paired bootstrap; exploratory and not multiplicity-adjusted,very small stratum,-585.8649869999999,-408.19065011785716
broad,3,broad_joint,development,assumption__radius_mixed__noise_correlated__scale_300,broad_or_stress_assumption,correlated,joint_triangular_l2,joint_triangular_l5,7,0,0,0.0,-358.41478714285705,-441.4104389999997,-282.65048514285706,7,-358.41478714285705,-341.8998580000007,0.0,-215.99198499999966,7.3043305018189875,pointwise paired bootstrap; exploratory and not multiplicity-adjusted,very small stratum,-441.4104389999997,-283.24835097499994
broad,3,broad_joint,development,assumption__radius_mixed__noise_correlated__scale_300,broad_or_stress_assumption,correlated,joint_triangular_l3,joint_triangular_l5,7,0,0,0.0,-246.1533669999999,-325.76946128571427,-185.23115041071432,7,-246.1533669999999,-206.8806000000004,0.0,-135.75939299999936,5.012997950188199,pointwise paired bootstrap; exploratory and not multiplicity-adjusted,very small stratum,-324.70477164285694,-183.22259671428543
broad,3,broad_joint,all,assumption__radius_mixed__noise_correlated__scale_75,broad_or_stress_assumption,all,joint_triangular_l1,joint_triangular_l5,6,0,0,0.0,-619.2726935,-775.6561115,-461.18746483333325,6,-619.2726935,-651.3930559999999,0.0,-363.92610700000023,12.52140226247513,pointwise paired bootstrap; exploratory and not multiplicity-adjusted,very small stratum,-773.4043943333332,-465.7194403333333
broad,3,broad_joint,all,assumption__radius_mixed__noise_correlated__scale_75,broad_or_stress_assumption,all,joint_triangular_l2,joint_triangular_l5,6,0,0,0.0,-471.14768016666653,-580.7168435,-361.31282633333313,6,-471.14768016666653,-525.6662749999996,0.0,-276.16910499999994,9.54738650925731,pointwise paired bootstrap; exploratory and not multiplicity-adjusted,very small stratum,-579.062961733333,-360.32382733333316
broad,3,broad_joint,all,assumption__radius_mixed__noise_correlated__scale_75,broad_or_stress_assumption,all,joint_triangular_l3,joint_triangular_l5,6,0,0,0.0,-325.27413400000006,-414.77255666666696,-235.08397266666648,6,-325.27413400000006,-371.94183399999974,0.0,-165.61743399999978,6.613192630813569,pointwise paired bootstrap; exploratory and not multiplicity-adjusted,very small stratum,-414.20145200000024,-235.08397266666648
broad,3,broad_joint,all,assumption__radius_mixed__noise_correlated__scale_75,broad_or_stress_assumption,correlated,joint_triangular_l1,joint_triangular_l5,6,0,0,0.0,-619.2726935,-772.8259466666667,-465.7194403333333,6,-619.2726935,-651.3930559999999,0.0,-363.92610700000023,12.52140226247513,pointwise paired bootstrap; exploratory and not multiplicity-adjusted,very small stratum,-767.5887210000001,-460.4252082083337
broad,3,broad_joint,all,assumption__radius_mixed__noise_correlated__scale_75,broad_or_stress_assumption,correlated,joint_triangular_l2,joint_triangular_l5,6,0,0,0.0,-471.14768016666653,-578.7767843333332,-361.2881013583333,6,-471.14768016666653,-525.6662749999996,0.0,-276.16910499999994,9.54738650925731,pointwise paired bootstrap; exploratory and not multiplicity-adjusted,very small stratum,-580.9825339999999,-360.0831686416678
broad,3,broad_joint,all,assumption__radius_mixed__noise_correlated__scale_75,broad_or_stress_assumption,correlated,joint_triangular_l3,joint_triangular_l5,6,0,0,0.0,-325.27413400000006,-419.67003066666695,-235.75841786666663,6,-325.27413400000006,-371.94183399999974,0.0,-165.61743399999978,6.613192630813569,pointwise paired bootstrap; exploratory and not multiplicity-adjusted,very small stratum,-414.14537633333356,-234.39223399999977
broad,3,broad_joint,development,assumption__radius_mixed__noise_correlated__scale_75,broad_or_stress_assumption,all,joint_triangular_l1,joint_triangular_l5,6,0,0,0.0,-619.2726935,-772.8259466666667,-462.7339318333334,6,-619.2726935,-651.3930559999999,0.0,-363.92610700000023,12.52140226247513,pointwise paired bootstrap; exploratory and not multiplicity-adjusted,very small stratum,-766.0978863624998,-465.7194403333333
broad,3,broad_joint,development,assumption__radius_mixed__noise_correlated__scale_75,broad_or_stress_assumption,all,joint_triangular_l2,joint_triangular_l5,6,0,0,0.0,-471.14768016666653,-578.7767843333332,-360.2991023583333,6,-471.14768016666653,-525.6662749999996,0.0,-276.16910499999994,9.54738650925731,pointwise paired bootstrap; exploratory and not multiplicity-adjusted,very small stratum,-574.5208145041667,-361.5348842083332
broad,3,broad_joint,development,assumption__radius_mixed__noise_correlated__scale_75,broad_or_stress_assumption,all,joint_triangular_l3,joint_triangular_l5,6,0,0,0.0,-325.27413400000006,-411.7246771666669,-235.08397266666648,6,-325.27413400000006,-371.94183399999974,0.0,-165.61743399999978,6.613192630813569,pointwise paired bootstrap; exploratory and not multiplicity-adjusted,very small stratum,-415.39973700000036,-235.08397266666648
broad,3,broad_joint,development,assumption__radius_mixed__noise_correlated__scale_75,broad_or_stress_assumption,correlated,joint_triangular_l1,joint_triangular_l5,6,0,0,0.0,-619.2726935,-772.8967007874999,-462.7339318333334,6,-619.2726935,-651.3930559999999,0.0,-363.92610700000023,12.52140226247513,pointwise paired bootstrap; exploratory and not multiplicity-adjusted,very small stratum,-772.8259466666667,-460.4822146666667
broad,3,broad_joint,development,assumption__radius_mixed__noise_correlated__scale_75,broad_or_stress_assumption,correlated,joint_triangular_l2,joint_triangular_l5,6,0,0,0.0,-471.14768016666653,-580.7201961583334,-361.31282633333313,6,-471.14768016666653,-525.6662749999996,0.0,-276.16910499999994,9.54738650925731,pointwise paired bootstrap; exploratory and not multiplicity-adjusted,very small stratum,-580.9825339999999,-361.31282633333313
broad,3,broad_joint,development,assumption__radius_mixed__noise_correlated__scale_75,broad_or_stress_assumption,correlated,joint_triangular_l3,joint_triangular_l5,6,0,0,0.0,-325.27413400000006,-414.77255666666696,-234.39223399999977,6,-325.27413400000006,-371.94183399999974,0.0,-165.61743399999978,6.613192630813569,pointwise paired bootstrap; exploratory and not multiplicity-adjusted,very small stratum,-414.77255666666696,-235.08397266666648
broad,3,broad_joint,all,assumption__radius_mixed__noise_deterministic__scale_150,broad_or_stress_assumption,all,joint_triangular_l1,joint_triangular_l5,6,0,0,0.0,-480.98060383333313,-627.850160333333,-310.10152850000003,6,-480.98060383333313,-543.4709989999997,0.0,-135.64440900000045,9.676824102520898,pointwise paired bootstrap; exploratory and not multiplicity-adjusted,very small stratum,-627.850160333333,-315.9525452333333
broad,3,broad_joint,all,assumption__radius_mixed__noise_deterministic__scale_150,broad_or_stress_assumption,all,joint_triangular_l2,joint_triangular_l5,6,0,0,0.0,-363.97082166666655,-475.68716266666644,-250.13061433333337,6,-363.97082166666655,-399.93517349999956,0.0,-121.8873580000004,7.324052117610004,pointwise paired bootstrap; exploratory and not multiplicity-adjusted,very small stratum,-476.966140833333,-243.99102300000013
broad,3,broad_joint,all,assumption__radius_mixed__noise_deterministic__scale_150,broad_or_stress_assumption,all,joint_triangular_l3,joint_triangular_l5,6,0,0,0.0,-245.97356616666653,-331.3539193333331,-156.56067866666658,6,-245.97356616666653,-274.2589374999998,0.0,-79.68400800000018,4.927403403368664,pointwise paired bootstrap; exploratory and not multiplicity-adjusted,very small stratum,-334.4924544999997,-157.4323278541668
broad,3,broad_joint,all,assumption__radius_mixed__noise_deterministic__scale_150,broad_or_stress_assumption,deterministic,joint_triangular_l1,joint_triangular_l5,6,0,0,0.0,-480.98060383333313,-627.8542915249997,-308.6700956250002,6,-480.98060383333313,-543.4709989999997,0.0,-135.64440900000045,9.676824102520898,pointwise paired bootstrap; exploratory and not multiplicity-adjusted,very small stratum,-623.676031833333,-315.4655613333334
broad,3,broad_joint,all,assumption__radius_mixed__noise_deterministic__scale_150,broad_or_stress_assumption,deterministic,joint_triangular_l2,joint_triangular_l5,6,0,0,0.0,-363.97082166666655,-476.966140833333,-242.73364660833352,6,-363.97082166666655,-399.93517349999956,0.0,-121.8873580000004,7.324052117610004,pointwise paired bootstrap; exploratory and not multiplicity-adjusted,very small stratum,-475.71913712083307,-242.69092262916703
broad,3,broad_joint,all,assumption__radius_mixed__noise_deterministic__scale_150,broad_or_stress_assumption,deterministic,joint_triangular_l3,joint_triangular_l5,6,0,0,0.0,-245.97356616666653,-334.4924544999997,-158.32632702083356,6,-245.97356616666653,-274.2589374999998,0.0,-79.68400800000018,4.927403403368664,pointwise paired bootstrap; exploratory and not multiplicity-adjusted,very small stratum,-334.4924544999997,-151.8701470208336
broad,3,broad_joint,development,assumption__radius_mixed__noise_deterministic__scale_150,broad_or_stress_assumption,all,joint_triangular_l1,joint_triangular_l5,6,0,0,0.0,-480.98060383333313,-624.8999826666663,-308.71233,6,-480.98060383333313,-543.4709989999997,0.0,-135.64440900000045,9.676824102520898,pointwise paired bootstrap; exploratory and not multiplicity-adjusted,very small stratum,-624.8999826666663,-315.4655613333334
broad,3,broad_joint,development,assumption__radius_mixed__noise_deterministic__scale_150,broad_or_stress_assumption,all,joint_triangular_l2,joint_triangular_l5,6,0,0,0.0,-363.97082166666655,-476.966140833333,-243.99102300000013,6,-363.97082166666655,-399.93517349999956,0.0,-121.8873580000004,7.324052117610004,pointwise paired bootstrap; exploratory and not multiplicity-adjusted,very small stratum,-474.44539833333266,-241.45522233333364
broad,3,broad_joint,development,assumption__radius_mixed__noise_deterministic__scale_150,broad_or_stress_assumption,all,joint_triangular_l3,joint_triangular_l5,6,0,0,0.0,-245.97356616666653,-331.3539193333331,-158.66572945000004,6,-245.97356616666653,-274.2589374999998,0.0,-79.68400800000018,4.927403403368664,pointwise paired bootstrap; exploratory and not multiplicity-adjusted,very small stratum,-327.7110924999999,-156.5402745416667
broad,3,broad_joint,development,assumption__radius_mixed__noise_deterministic__scale_150,broad_or_stress_assumption,deterministic,joint_triangular_l1,joint_triangular_l5,6,0,0,0.0,-480.98060383333313,-632.0242888333329,-314.27565699999997,6,-480.98060383333313,-543.4709989999997,0.0,-135.64440900000045,9.676824102520898,pointwise paired bootstrap; exploratory and not multiplicity-adjusted,very small stratum,-623.676031833333,-315.43581372500023
broad,3,broad_joint,development,assumption__radius_mixed__noise_deterministic__scale_150,broad_or_stress_assumption,deterministic,joint_triangular_l2,joint_triangular_l5,6,0,0,0.0,-363.97082166666655,-478.24511899999953,-242.71204483333358,6,-363.97082166666655,-399.93517349999956,0.0,-121.8873580000004,7.324052117610004,pointwise paired bootstrap; exploratory and not multiplicity-adjusted,very small stratum,-475.68716266666644,-253.07721316666675
broad,3,broad_joint,development,assumption__radius_mixed__noise_deterministic__scale_150,broad_or_stress_assumption,deterministic,joint_triangular_l3,joint_triangular_l5,6,0,0,0.0,-245.97356616666653,-333.20759549999985,-150.1044986666666,6,-245.97356616666653,-274.2589374999998,0.0,-79.68400800000018,4.927403403368664,pointwise paired bootstrap; exploratory and not multiplicity-adjusted,very small stratum,-331.3656366833331,-157.45467783333334
broad,3,broad_joint,all,assumption__radius_mixed__noise_deterministic__scale_300,broad_or_stress_assumption,all,joint_triangular_l1,joint_triangular_l5,7,0,0,0.0,-574.2932114285715,-692.074476414286,-461.58886228571413,7,-574.2932114285715,-483.0824279999997,0.0,-376.57660399999986,11.214781626592233,pointwise paired bootstrap; exploratory and not multiplicity-adjusted,very small stratum,-691.3877041285716,-464.2945288285716
broad,3,broad_joint,all,assumption__radius_mixed__noise_deterministic__scale_300,broad_or_stress_assumption,all,joint_triangular_l2,joint_triangular_l5,7,0,0,0.0,-432.3880875714286,-523.6560562857145,-341.874650857143,7,-432.3880875714286,-413.3463389999997,0.0,-246.42097300000023,8.44520156233703,pointwise paired bootstrap; exploratory and not multiplicity-adjusted,very small stratum,-522.2416192535715,-343.73901595714295
broad,3,broad_joint,all,assumption__radius_mixed__noise_deterministic__scale_300,broad_or_stress_assumption,all,joint_triangular_l3,joint_triangular_l5,7,0,0,0.0,-294.1367675714285,-366.44561299999987,-225.5597910535715,7,-294.1367675714285,-278.9508189999997,0.0,-158.03272000000015,5.754189021089286,pointwise paired bootstrap; exploratory and not multiplicity-adjusted,very small stratum,-369.6507786607141,-226.06761628928572
broad,3,broad_joint,all,assumption__radius_mixed__noise_deterministic__scale_300,broad_or_stress_assumption,deterministic,joint_triangular_l1,joint_triangular_l5,7,0,0,0.0,-574.2932114285715,-690.5457286535716,-457.69876055,7,-574.2932114285715,-483.0824279999997,0.0,-376.57660399999986,11.214781626592233,pointwise paired bootstrap; exploratory and not multiplicity-adjusted,very small stratum,-690.4690602464286,-461.91337654999995
broad,3,broad_joint,all,assumption__radius_mixed__noise_deterministic__scale_300,broad_or_stress_assumption,deterministic,joint_triangular_l2,joint_triangular_l5,7,0,0,0.0,-432.3880875714286,-524.0967527142858,-342.25771052857164,7,-432.3880875714286,-413.3463389999997,0.0,-246.42097300000023,8.44520156233703,pointwise paired bootstrap; exploratory and not multiplicity-adjusted,very small stratum,-523.6560562857145,-343.35595628571434
broad,3,broad_joint,all,assumption__radius_mixed__noise_deterministic__scale_300,broad_or_stress_assumption,deterministic,joint_triangular_l3,joint_triangular_l5,7,0,0,0.0,-294.1367675714285,-367.4580872857141,-224.78868325,7,-294.1367675714285,-278.9508189999997,0.0,-158.03272000000015,5.754189021089286,pointwise paired bootstrap; exploratory and not multiplicity-adjusted,very small stratum,-363.5068576071427,-224.74555899999996
broad,3,broad_joint,development,assumption__radius_mixed__noise_deterministic__scale_300,broad_or_stress_assumption,all,joint_triangular_l1,joint_triangular_l5,7,0,0,0.0,-574.2932114285715,-685.6622078428574,-465.86885514285717,7,-574.2932114285715,-483.0824279999997,0.0,-376.57660399999986,11.214781626592233,pointwise paired bootstrap; exploratory and not multiplicity-adjusted,very small stratum,-690.5242325714288,-463.2892645499999
broad,3,broad_joint,development,assumption__radius_mixed__noise_deterministic__scale_300,broad_or_stress_assumption,all,joint_triangular_l2,joint_triangular_l5,7,0,0,0.0,-432.3880875714286,-521.4202188571429,-346.68992052857146,7,-432.3880875714286,-413.3463389999997,0.0,-246.42097300000023,8.44520156233703,pointwise paired bootstrap; exploratory and not multiplicity-adjusted,very small stratum,-521.4202188571429,-341.4041926714286
broad,3,broad_joint,development,assumption__radius_mixed__noise_deterministic__scale_300,broad_or_stress_assumption,all,joint_triangular_l3,joint_triangular_l5,7,0,0,0.0,-294.1367675714285,-369.15502642857126,-224.78868325,7,-294.1367675714285,-278.9508189999997,0.0,-158.03272000000015,5.754189021089286,pointwise paired bootstrap; exploratory and not multiplicity-adjusted,very small stratum,-364.6821589821427,-222.5581484285714
broad,3,broad_joint,development,assumption__radius_mixed__noise_deterministic__scale_300,broad_or_stress_assumption,deterministic,joint_triangular_l1,joint_triangular_l5,7,0,0,0.0,-574.2932114285715,-692.968339782143,-462.9558725642856,7,-574.2932114285715,-483.0824279999997,0.0,-376.57660399999986,11.214781626592233,pointwise paired bootstrap; exploratory and not multiplicity-adjusted,very small stratum,-695.1014796,-460.34163662500004
broad,3,broad_joint,development,assumption__radius_mixed__noise_deterministic__scale_300,broad_or_stress_assumption,deterministic,joint_triangular_l2,joint_triangular_l5,7,0,0,0.0,-432.3880875714286,-523.2826997142859,-343.74883800000003,7,-432.3880875714286,-413.3463389999997,0.0,-246.42097300000023,8.44520156233703,pointwise paired bootstrap; exploratory and not multiplicity-adjusted,very small stratum,-518.0947973785716,-345.6014968142859
broad,3,broad_joint,development,assumption__radius_mixed__noise_deterministic__scale_300,broad_or_stress_assumption,deterministic,joint_triangular_l3,joint_triangular_l5,7,0,0,0.0,-294.1367675714285,-369.67930137499974,-226.53138382142856,7,-294.1367675714285,-278.9508189999997,0.0,-158.03272000000015,5.754189021089286,pointwise paired bootstrap; exploratory and not multiplicity-adjusted,very small stratum,-364.7428258214284,-226.51801628571434
broad,3,broad_joint,all,assumption__radius_mixed__noise_deterministic__scale_75,broad_or_stress_assumption,all,joint_triangular_l1,joint_triangular_l5,6,0,0,0.0,-634.5391196666668,-854.8628488333334,-446.3410750000003,6,-634.5391196666668,-539.2387669999998,0.0,-349.34456800000044,11.810052203325705,pointwise paired bootstrap; exploratory and not multiplicity-adjusted,very small stratum,-861.4315956666666,-446.3410750000003
broad,3,broad_joint,all,assumption__radius_mixed__noise_deterministic__scale_75,broad_or_stress_assumption,all,joint_triangular_l2,joint_triangular_l5,6,0,0,0.0,-469.20301166666695,-634.6828902333334,-340.08833733333375,6,-469.20301166666695,-431.5513645000001,0.0,-262.71772599999986,8.73537578932892,pointwise paired bootstrap; exploratory and not multiplicity-adjusted,very small stratum,-634.515166666667,-340.0727069375005
broad,3,broad_joint,all,assumption__radius_mixed__noise_deterministic__scale_75,broad_or_stress_assumption,all,joint_triangular_l3,joint_triangular_l5,6,0,0,0.0,-318.69125950000017,-428.3299173333333,-236.74538350000026,6,-318.69125950000017,-286.96342000000004,0.0,-195.0657970000002,5.935641891760061,pointwise paired bootstrap; exploratory and not multiplicity-adjusted,very small stratum,-424.99454350000013,-240.08075733333348
broad,3,broad_joint,all,assumption__radius_mixed__noise_deterministic__scale_75,broad_or_stress_assumption,deterministic,joint_triangular_l1,joint_triangular_l5,6,0,0,0.0,-634.5391196666668,-861.4315956666666,-446.3410750000003,6,-634.5391196666668,-539.2387669999998,0.0,-349.34456800000044,11.810052203325705,pointwise paired bootstrap; exploratory and not multiplicity-adjusted,very small stratum,-871.3249808333334,-452.52273350000013
broad,3,broad_joint,all,assumption__radius_mixed__noise_deterministic__scale_75,broad_or_stress_assumption,deterministic,joint_triangular_l2,joint_triangular_l5,6,0,0,0.0,-469.20301166666695,-632.7527590000003,-339.4631215000002,6,-469.20301166666695,-431.5513645000001,0.0,-262.71772599999986,8.73537578932892,pointwise paired bootstrap; exploratory and not multiplicity-adjusted,very small stratum,-642.9865170000004,-339.4631215000002
broad,3,broad_joint,all,assumption__radius_mixed__noise_deterministic__scale_75,broad_or_stress_assumption,deterministic,joint_triangular_l3,joint_triangular_l5,6,0,0,0.0,-318.69125950000017,-425.0779278458333,-236.74090295416696,6,-318.69125950000017,-286.96342000000004,0.0,-195.0657970000002,5.935641891760061,pointwise paired bootstrap; exploratory and not multiplicity-adjusted,very small stratum,-424.99454350000013,-236.74538350000026
broad,3,broad_joint,development,assumption__radius_mixed__noise_deterministic__scale_75,broad_or_stress_assumption,all,joint_triangular_l1,joint_triangular_l5,6,0,0,0.0,-634.5391196666668,-861.4315956666666,-452.9001446250002,6,-634.5391196666668,-539.2387669999998,0.0,-349.34456800000044,11.810052203325705,pointwise paired bootstrap; exploratory and not multiplicity-adjusted,very small stratum,-857.802416,-452.9001446250002
broad,3,broad_joint,development,assumption__radius_mixed__noise_deterministic__scale_75,broad_or_stress_assumption,all,joint_triangular_l2,joint_triangular_l5,6,0,0,0.0,-469.20301166666695,-641.2681695250003,-334.8335611666671,6,-469.20301166666695,-431.5513645000001,0.0,-262.71772599999986,8.73537578932892,pointwise paired bootstrap; exploratory and not multiplicity-adjusted,very small stratum,-633.3779748333337,-337.7007138333335
broad,3,broad_joint,development,assumption__radius_mixed__noise_deterministic__scale_75,broad_or_stress_assumption,all,joint_triangular_l3,joint_triangular_l5,6,0,0,0.0,-318.69125950000017,-432.00653133333327,-236.74538350000026,6,-318.69125950000017,-286.96342000000004,0.0,-195.0657970000002,5.935641891760061,pointwise paired bootstrap; exploratory and not multiplicity-adjusted,very small stratum,-423.10963766666663,-236.74538350000026
broad,3,broad_joint,development,assumption__radius_mixed__noise_deterministic__scale_75,broad_or_stress_assumption,deterministic,joint_triangular_l1,joint_triangular_l5,6,0,0,0.0,-634.5391196666668,-861.6789302958329,-446.3410750000003,6,-634.5391196666668,-539.2387669999998,0.0,-349.34456800000044,11.810052203325705,pointwise paired bootstrap; exploratory and not multiplicity-adjusted,very small stratum,-877.8937276666666,-446.3410750000003
broad,3,broad_joint,development,assumption__radius_mixed__noise_deterministic__scale_75,broad_or_stress_assumption,deterministic,joint_triangular_l2,joint_triangular_l5,6,0,0,0.0,-469.20301166666695,-642.9865170000004,-337.7007138333335,6,-469.20301166666695,-431.5513645000001,0.0,-262.71772599999986,8.73537578932892,pointwise paired bootstrap; exploratory and not multiplicity-adjusted,very small stratum,-634.515166666667,-336.59596883333387
broad,3,broad_joint,development,assumption__radius_mixed__noise_deterministic__scale_75,broad_or_stress_assumption,deterministic,joint_triangular_l3,joint_triangular_l5,6,0,0,0.0,-318.69125950000017,-428.3299173333333,-238.37507333333346,6,-318.69125950000017,-286.96342000000004,0.0,-195.0657970000002,5.935641891760061,pointwise paired bootstrap; exploratory and not multiplicity-adjusted,very small stratum,-428.92928313333346,-238.37507333333346
broad,3,broad_joint,all,assumption__radius_mixed__noise_extreme__scale_150,broad_or_stress_assumption,all,joint_triangular_l1,joint_triangular_l5,6,0,0,0.0,-334.2609756666668,-430.06186246250024,-238.48915216666668,6,-334.2609756666668,-374.58307650000006,0.0,-170.16598900000008,6.898355078719277,pointwise paired bootstrap; exploratory and not multiplicity-adjusted,very small stratum,-428.8702673333337,-238.48915216666668
broad,3,broad_joint,all,assumption__radius_mixed__noise_extreme__scale_150,broad_or_stress_assumption,all,joint_triangular_l2,joint_triangular_l5,6,0,0,0.0,-258.70837066666655,-360.18355533333306,-157.65766000000008,6,-258.70837066666655,-261.77487250000013,0.0,-89.303359,5.305710341836629,pointwise paired bootstrap; exploratory and not multiplicity-adjusted,very small stratum,-351.51448083333315,-157.65766000000008
broad,3,broad_joint,all,assumption__radius_mixed__noise_extreme__scale_150,broad_or_stress_assumption,all,joint_triangular_l3,joint_triangular_l5,6,0,0,0.0,-165.43148933333336,-234.8071931666665,-98.21077850000013,6,-165.43148933333336,-157.66124450000007,0.0,-52.32069899999988,3.3771707234462767,pointwise paired bootstrap; exploratory and not multiplicity-adjusted,very small stratum,-232.76568499999985,-98.21077850000013
broad,3,broad_joint,all,assumption__radius_mixed__noise_extreme__scale_150,broad_or_stress_assumption,extreme,joint_triangular_l1,joint_triangular_l5,6,0,0,0.0,-334.2609756666668,-430.03279916666696,-238.48915216666668,6,-334.2609756666668,-374.58307650000006,0.0,-170.16598900000008,6.898355078719277,pointwise paired bootstrap; exploratory and not multiplicity-adjusted,very small stratum,-431.1953310000002,-238.39478349166671
broad,3,broad_joint,all,assumption__radius_mixed__noise_extreme__scale_150,broad_or_stress_assumption,extreme,joint_triangular_l2,joint_triangular_l5,6,0,0,0.0,-258.70837066666655,-359.37893866666633,-164.21251983333323,6,-258.70837066666655,-261.77487250000013,0.0,-89.303359,5.305710341836629,pointwise paired bootstrap; exploratory and not multiplicity-adjusted,very small stratum,-351.71118618749983,-165.9022605
broad,3,broad_joint,all,assumption__radius_mixed__noise_extreme__scale_150,broad_or_stress_assumption,extreme,joint_triangular_l3,joint_triangular_l5,6,0,0,0.0,-165.43148933333336,-234.9206779999998,-98.8042051333338,6,-165.43148933333336,-157.66124450000007,0.0,-52.32069899999988,3.3771707234462767,pointwise paired bootstrap; exploratory and not multiplicity-adjusted,very small stratum,-232.70607499166647,-98.21077850000013
broad,3,broad_joint,development,assumption__radius_mixed__noise_extreme__scale_150,broad_or_stress_assumption,all,joint_triangular_l1,joint_triangular_l5,6,0,0,0.0,-334.2609756666668,-431.2478123291668,-238.48915216666668,6,-334.2609756666668,-374.58307650000006,0.0,-170.16598900000008,6.898355078719277,pointwise paired bootstrap; exploratory and not multiplicity-adjusted,very small stratum,-430.06186246250024,-238.39478349166671
broad,3,broad_joint,development,assumption__radius_mixed__noise_extreme__scale_150,broad_or_stress_assumption,all,joint_triangular_l2,joint_triangular_l5,6,0,0,0.0,-258.70837066666655,-359.07378365416633,-165.9022605,6,-258.70837066666655,-261.77487250000013,0.0,-89.303359,5.305710341836629,pointwise paired bootstrap; exploratory and not multiplicity-adjusted,very small stratum,-351.5239843999998,-173.75337416666662
broad,3,broad_joint,development,assumption__radius_mixed__noise_extreme__scale_150,broad_or_stress_assumption,all,joint_triangular_l3,joint_triangular_l5,6,0,0,0.0,-165.43148933333336,-230.54460693749985,-97.57781955000002,6,-165.43148933333336,-157.66124450000007,0.0,-52.32069899999988,3.3771707234462767,pointwise paired bootstrap; exploratory and not multiplicity-adjusted,very small stratum,-230.4972071666666,-99.87832988333349
broad,3,broad_joint,development,assumption__radius_mixed__noise_extreme__scale_150,broad_or_stress_assumption,extreme,joint_triangular_l1,joint_triangular_l5,6,0,0,0.0,-334.2609756666668,-430.06186246250024,-237.51075433333335,6,-334.2609756666668,-374.58307650000006,0.0,-170.16598900000008,6.898355078719277,pointwise paired bootstrap; exploratory and not multiplicity-adjusted,very small stratum,-428.8702673333337,-238.48915216666668
broad,3,broad_joint,development,assumption__radius_mixed__noise_extreme__scale_150,broad_or_stress_assumption,extreme,joint_triangular_l2,joint_triangular_l5,6,0,0,0.0,-258.70837066666655,-352.6317477791663,-165.01713649999996,6,-258.70837066666655,-261.77487250000013,0.0,-89.303359,5.305710341836629,pointwise paired bootstrap; exploratory and not multiplicity-adjusted,very small stratum,-351.51448083333315,-165.01713649999996
broad,3,broad_joint,development,assumption__radius_mixed__noise_extreme__scale_150,broad_or_stress_assumption,extreme,joint_triangular_l3,joint_triangular_l5,6,0,0,0.0,-165.43148933333336,-230.65525464999982,-102.9728454833334,6,-165.43148933333336,-157.66124450000007,0.0,-52.32069899999988,3.3771707234462767,pointwise paired bootstrap; exploratory and not multiplicity-adjusted,very small stratum,-232.81672270416644,-98.21077850000013
broad,3,broad_joint,all,assumption__radius_mixed__noise_extreme__scale_300,broad_or_stress_assumption,all,joint_triangular_l1,joint_triangular_l5,6,0,0,0.0,-360.6881744999998,-424.8863068083332,-265.7241443333331,6,-360.6881744999998,-390.889451,0.0,-139.3898849999996,7.3962025492780406,pointwise paired bootstrap; exploratory and not multiplicity-adjusted,very small stratum,-424.31174533333314,-270.4430878333331
broad,3,broad_joint,all,assumption__radius_mixed__noise_extreme__scale_300,broad_or_stress_assumption,all,joint_triangular_l2,joint_triangular_l5,6,0,0,0.0,-249.33009149999984,-310.4966165000001,-178.2005779999998,6,-249.33009149999984,-256.3273214999999,0.0,-105.94196599999941,5.104081264085884,pointwise paired bootstrap; exploratory and not multiplicity-adjusted,very small stratum,-310.90789566666643,-181.99282250000002
broad,3,broad_joint,all,assumption__radius_mixed__noise_extreme__scale_300,broad_or_stress_assumption,all,joint_triangular_l3,joint_triangular_l5,6,0,0,0.0,-156.68938983333297,-198.79791716666645,-112.05307633333298,6,-156.68938983333297,-161.76448500000015,0.0,-51.204068999999436,3.206942624882636,pointwise paired bootstrap; exploratory and not multiplicity-adjusted,very small stratum,-197.05540333333298,-105.68082433333318
broad,3,broad_joint,all,assumption__radius_mixed__noise_extreme__scale_300,broad_or_stress_assumption,extreme,joint_triangular_l1,joint_triangular_l5,6,0,0,0.0,-360.6881744999998,-426.82501233333306,-266.55573666666623,6,-360.6881744999998,-390.889451,0.0,-139.3898849999996,7.3962025492780406,pointwise paired bootstrap; exploratory and not multiplicity-adjusted,very small stratum,-428.210376333333,-266.534946858333
broad,3,broad_joint,all,assumption__radius_mixed__noise_extreme__scale_300,broad_or_stress_assumption,extreme,joint_triangular_l2,joint_triangular_l5,6,0,0,0.0,-249.33009149999984,-310.90789566666643,-180.43465760416674,6,-249.33009149999984,-256.3273214999999,0.0,-105.94196599999941,5.104081264085884,pointwise paired bootstrap; exploratory and not multiplicity-adjusted,very small stratum,-312.7484833333336,-178.2005779999998
broad,3,broad_joint,all,assumption__radius_mixed__noise_extreme__scale_300,broad_or_stress_assumption,extreme,joint_triangular_l3,joint_triangular_l5,6,0,0,0.0,-156.68938983333297,-198.8297916916664,-109.94633353749957,6,-156.68938983333297,-161.76448500000015,0.0,-51.204068999999436,3.206942624882636,pointwise paired bootstrap; exploratory and not multiplicity-adjusted,very small stratum,-198.46599283333293,-111.16781857499987
broad,3,broad_joint,development,assumption__radius_mixed__noise_extreme__scale_300,broad_or_stress_assumption,all,joint_triangular_l1,joint_triangular_l5,6,0,0,0.0,-360.6881744999998,-426.30101049999985,-268.23741133333306,6,-360.6881744999998,-390.889451,0.0,-139.3898849999996,7.3962025492780406,pointwise paired bootstrap; exploratory and not multiplicity-adjusted,very small stratum,-425.697109333333,-270.4430878333331
broad,3,broad_joint,development,assumption__radius_mixed__noise_extreme__scale_300,broad_or_stress_assumption,all,joint_triangular_l2,joint_triangular_l5,6,0,0,0.0,-249.33009149999984,-310.4966165000001,-180.43465760416674,6,-249.33009149999984,-256.3273214999999,0.0,-105.94196599999941,5.104081264085884,pointwise paired bootstrap; exploratory and not multiplicity-adjusted,very small stratum,-308.89525583333307,-184.37132199999937
broad,3,broad_joint,development,assumption__radius_mixed__noise_extreme__scale_300,broad_or_stress_assumption,all,joint_triangular_l3,joint_triangular_l5,6,0,0,0.0,-156.68938983333297,-198.46599283333293,-106.95580533333289,6,-156.68938983333297,-161.76448500000015,0.0,-51.204068999999436,3.206942624882636,pointwise paired bootstrap; exploratory and not multiplicity-adjusted,very small stratum,-198.66230866666623,-107.28772966666641
broad,3,broad_joint,development,assumption__radius_mixed__noise_extreme__scale_300,broad_or_stress_assumption,extreme,joint_triangular_l1,joint_triangular_l5,6,0,0,0.0,-360.6881744999998,-424.83574716666635,-266.534946858333,6,-360.6881744999998,-390.889451,0.0,-139.3898849999996,7.3962025492780406,pointwise paired bootstrap; exploratory and not multiplicity-adjusted,very small stratum,-425.697109333333,-264.8627821666664
broad,3,broad_joint,development,assumption__radius_mixed__noise_extreme__scale_300,broad_or_stress_assumption,extreme,joint_triangular_l2,joint_triangular_l5,6,0,0,0.0,-249.33009149999984,-307.9421371666667,-184.22402718333365,6,-249.33009149999984,-256.3273214999999,0.0,-105.94196599999941,5.104081264085884,pointwise paired bootstrap; exploratory and not multiplicity-adjusted,very small stratum,-313.15976249999994,-181.87782566666633
broad,3,broad_joint,development,assumption__radius_mixed__noise_extreme__scale_300,broad_or_stress_assumption,extreme,joint_triangular_l3,joint_triangular_l5,6,0,0,0.0,-156.68938983333297,-198.3337745458327,-112.03240205833309,6,-156.68938983333297,-161.76448500000015,0.0,-51.204068999999436,3.206942624882636,pointwise paired bootstrap; exploratory and not multiplicity-adjusted,very small stratum,-198.46599283333293,-108.56271066666613
broad,3,broad_joint,all,assumption__radius_mixed__noise_extreme__scale_75,broad_or_stress_assumption,all,joint_triangular_l1,joint_triangular_l5,7,0,0,0.0,-387.5940481428571,-479.78379180714296,-279.09413615000005,7,-387.5940481428571,-398.84523000000036,0.0,-147.66007600000012,8.21455084151373,pointwise paired bootstrap; exploratory and not multiplicity-adjusted,very small stratum,-476.6284083107142,-282.89807615000007
broad,3,broad_joint,all,assumption__radius_mixed__noise_extreme__scale_75,broad_or_stress_assumption,all,joint_triangular_l2,joint_triangular_l5,7,0,0,0.0,-269.99470914285706,-305.18284099999994,-230.1271359999998,7,-269.99470914285706,-285.9224239999994,0.0,-189.94908399999986,5.747998274636764,pointwise paired bootstrap; exploratory and not multiplicity-adjusted,very small stratum,-308.9083425714286,-231.0763141357141
broad,3,broad_joint,all,assumption__radius_mixed__noise_extreme__scale_75,broad_or_stress_assumption,all,joint_triangular_l3,joint_triangular_l5,7,0,0,0.0,-170.66895528571436,-200.93335557142876,-140.0074387142857,7,-170.66895528571436,-163.88453500000014,0.0,-105.31511500000033,3.6240328186208504,pointwise paired bootstrap; exploratory and not multiplicity-adjusted,very small stratum,-200.93568670357163,-139.51100366428545
broad,3,broad_joint,all,assumption__radius_mixed__noise_extreme__scale_75,broad_or_stress_assumption,extreme,joint_triangular_l1,joint_triangular_l5,7,0,0,0.0,-387.5940481428571,-479.24924887499975,-279.0988132857143,7,-387.5940481428571,-398.84523000000036,0.0,-147.66007600000012,8.21455084151373,pointwise paired bootstrap; exploratory and not multiplicity-adjusted,very small stratum,-481.9874260999999,-282.89807615000007
broad,3,broad_joint,all,assumption__radius_mixed__noise_extreme__scale_75,broad_or_stress_assumption,extreme,joint_triangular_l2,joint_triangular_l5,7,0,0,0.0,-269.99470914285706,-308.1541222500003,-228.59598156428564,7,-269.99470914285706,-285.9224239999994,0.0,-189.94908399999986,5.747998274636764,pointwise paired bootstrap; exploratory and not multiplicity-adjusted,very small stratum,-306.78024157142863,-230.6703909999998
broad,3,broad_joint,all,assumption__radius_mixed__noise_extreme__scale_75,broad_or_stress_assumption,extreme,joint_triangular_l3,joint_triangular_l5,7,0,0,0.0,-170.66895528571436,-201.8229429285715,-141.01107401071428,7,-170.66895528571436,-163.88453500000014,0.0,-105.31511500000033,3.6240328186208504,pointwise paired bootstrap; exploratory and not multiplicity-adjusted,very small stratum,-200.67613557142886,-137.85769296428597
broad,3,broad_joint,development,assumption__radius_mixed__noise_extreme__scale_75,broad_or_stress_assumption,all,joint_triangular_l1,joint_triangular_l5,7,0,0,0.0,-387.5940481428571,-482.96415614285706,-279.0988132857143,7,-387.5940481428571,-398.84523000000036,0.0,-147.66007600000012,8.21455084151373,pointwise paired bootstrap; exploratory and not multiplicity-adjusted,very small stratum,-485.78668896428564,-283.3926230071429
broad,3,broad_joint,development,assumption__radius_mixed__noise_extreme__scale_75,broad_or_stress_assumption,all,joint_triangular_l2,joint_triangular_l5,7,0,0,0.0,-269.99470914285706,-307.54371814285724,-230.12163046071413,7,-269.99470914285706,-285.9224239999994,0.0,-189.94908399999986,5.747998274636764,pointwise paired bootstrap; exploratory and not multiplicity-adjusted,very small stratum,-308.9083425714286,-228.7625115714284
broad,3,broad_joint,development,assumption__radius_mixed__noise_extreme__scale_75,broad_or_stress_assumption,all,joint_triangular_l3,joint_triangular_l5,7,0,0,0.0,-170.66895528571436,-201.03303135714327,-138.93920872500027,7,-170.66895528571436,-163.88453500000014,0.0,-105.31511500000033,3.6240328186208504,pointwise paired bootstrap; exploratory and not multiplicity-adjusted,very small stratum,-200.67613557142886,-141.00796413928575
broad,3,broad_joint,development,assumption__radius_mixed__noise_extreme__scale_75,broad_or_stress_assumption,extreme,joint_triangular_l1,joint_triangular_l5,7,0,0,0.0,-387.5940481428571,-486.2709074285714,-287.5559738571429,7,-387.5940481428571,-398.84523000000036,0.0,-147.66007600000012,8.21455084151373,pointwise paired bootstrap; exploratory and not multiplicity-adjusted,very small stratum,-485.6969847071429,-282.8140231500002
broad,3,broad_joint,development,assumption__radius_mixed__noise_extreme__scale_75,broad_or_stress_assumption,extreme,joint_triangular_l2,joint_triangular_l5,7,0,0,0.0,-269.99470914285706,-307.5109251857144,-226.69286371428566,7,-269.99470914285706,-285.9224239999994,0.0,-189.94908399999986,5.747998274636764,pointwise paired bootstrap; exploratory and not multiplicity-adjusted,very small stratum,-308.6171132857141,-227.45083474642857
broad,3,broad_joint,development,assumption__radius_mixed__noise_extreme__scale_75,broad_or_stress_assumption,extreme,joint_triangular_l3,joint_triangular_l5,7,0,0,0.0,-170.66895528571436,-200.76230971428595,-138.5177614285715,7,-170.66895528571436,-163.88453500000014,0.0,-105.31511500000033,3.6240328186208504,pointwise paired bootstrap; exploratory and not multiplicity-adjusted,very small stratum,-200.67613557142886,-138.5078335214287
broad,4,broad_joint,all,__design_mixture__,design_mixture_only_not_official_population,all,joint_triangular_l1,joint_triangular_l5,160,0,0,0.0,-433.07203147499996,-490.8698075446874,-369.61631851812484,160,-433.07203147499996,-462.079554500001,0.1125,1247.3789969999998,3.8313869547930928,pointwise paired bootstrap; exploratory and not multiplicity-adjusted,,-494.9418569849999,-371.3926150268749
broad,4,broad_joint,all,__design_mixture__,design_mixture_only_not_official_population,all,joint_triangular_l2,joint_triangular_l5,160,0,0,0.0,-322.17662551875003,-376.0858895135937,-264.75872686718753,160,-322.17662551875003,-340.2752064999995,0.1125,1298.629879,2.8376538829931284,pointwise paired bootstrap; exploratory and not multiplicity-adjusted,,-372.0189302414063,-269.5696800740627
broad,4,broad_joint,all,__design_mixture__,design_mixture_only_not_official_population,all,joint_triangular_l3,joint_triangular_l5,160,0,0,0.0,-248.4271382,-291.5430719403125,-205.8108882540625,160,-248.4271382,-267.35613550000016,0.1,1016.6745119999996,2.179408341039344,pointwise paired bootstrap; exploratory and not multiplicity-adjusted,,-290.4606041484375,-205.73534616515633
broad,4,broad_joint,all,__design_mixture__,design_mixture_only_not_official_population,correlated,joint_triangular_l1,joint_triangular_l5,58,0,0,0.0,-534.4876005862069,-626.4773479353448,-434.48146760043096,58,-534.4876005862069,-561.5440330000001,0.06896551724137931,870.1394,4.754993763828436,pointwise paired bootstrap; exploratory and not multiplicity-adjusted,,-626.500158663793,-439.2971257176722
broad,4,broad_joint,all,__design_mixture__,design_mixture_only_not_official_population,correlated,joint_triangular_l2,joint_triangular_l5,58,0,0,0.0,-428.77440936206904,-502.8076496969827,-345.03549516422447,58,-428.77440936206904,-482.9235904999996,0.05172413793103448,933.2171569999991,3.8005540898535575,pointwise paired bootstrap; exploratory and not multiplicity-adjusted,,-500.47153310732756,-348.63397040818984
broad,4,broad_joint,all,__design_mixture__,design_mixture_only_not_official_population,correlated,joint_triangular_l3,joint_triangular_l5,58,0,0,0.0,-326.01938768965516,-395.26664967499994,-257.2618867375003,58,-326.01938768965516,-355.53637399999934,0.06896551724137931,1016.6745119999996,2.8761874019247196,pointwise paired bootstrap; exploratory and not multiplicity-adjusted,,-392.56097294008634,-252.18364964784485
broad,4,broad_joint,all,__design_mixture__,design_mixture_only_not_official_population,deterministic,joint_triangular_l1,joint_triangular_l5,49,0,0,0.0,-473.8334645918366,-575.53744655051,-363.836480281633,49,-473.8334645918366,-515.8516049999998,0.061224489795918366,1247.3789969999998,4.153862869865519,pointwise paired bootstrap; exploratory and not multiplicity-adjusted,,-576.3067015071427,-358.28572494132635
broad,4,broad_joint,all,__design_mixture__,design_mixture_only_not_official_population,deterministic,joint_triangular_l2,joint_triangular_l5,49,0,0,0.0,-322.6892215510204,-421.2807559387754,-210.98179833265306,49,-322.6892215510204,-378.39495199999874,0.14285714285714285,1298.629879,2.816236502520582,pointwise paired bootstrap; exploratory and not multiplicity-adjusted,,-416.41991254999976,-214.83468151836726
broad,4,broad_joint,all,__design_mixture__,design_mixture_only_not_official_population,deterministic,joint_triangular_l3,joint_triangular_l5,49,0,0,0.0,-255.20726720408157,-326.82096507806125,-178.77449182244902,49,-255.20726720408157,-317.1977369999995,0.12244897959183673,621.0357199999999,2.2395129821221325,pointwise paired bootstrap; exploratory and not multiplicity-adjusted,,-327.4981689744899,-176.39542685459185
broad,4,broad_joint,all,__design_mixture__,design_mixture_only_not_official_population,extreme,joint_triangular_l1,joint_triangular_l5,53,0,0,0.0,-284.4038573018867,-384.0117334160376,-184.3924501853775,53,-284.4038573018867,-359.2389179999991,0.20754716981132076,786.8606519999994,2.522509317762926,pointwise paired bootstrap; exploratory and not multiplicity-adjusted,,-388.0056836622641,-184.059951521698
broad,4,broad_joint,all,__design_mixture__,design_mixture_only_not_official_population,extreme,joint_triangular_l2,joint_triangular_l5,53,0,0,0.0,-205.04853743396228,-288.6007928070754,-114.16505594575489,53,-205.04853743396228,-277.8018069999998,0.1509433962264151,831.3693179999991,1.8037150083752016,pointwise paired bootstrap; exploratory and not multiplicity-adjusted,,-288.0061181396226,-113.41252015566042
broad,4,broad_joint,all,__design_mixture__,design_mixture_only_not_official_population,extreme,joint_triangular_l3,joint_triangular_l5,53,0,0,0.0,-157.24644401886786,-216.52642679905654,-91.53939991415086,53,-157.24644401886786,-207.29017400000066,0.11320754716981132,788.5403249999999,1.3613269647297501,pointwise paired bootstrap; exploratory and not multiplicity-adjusted,,-219.40357300424517,-90.49327666084916
broad,4,broad_joint,development,__design_mixture__,design_mixture_only_not_official_population,all,joint_triangular_l1,joint_triangular_l5,160,0,0,0.0,-433.07203147499996,-492.90979748625,-367.659651091875,160,-433.07203147499996,-462.079554500001,0.1125,1247.3789969999998,3.8313869547930928,pointwise paired bootstrap; exploratory and not multiplicity-adjusted,,-490.8750857898437,-370.1287723468752
broad,4,broad_joint,development,__design_mixture__,design_mixture_only_not_official_population,all,joint_triangular_l2,joint_triangular_l5,160,0,0,0.0,-322.17662551875003,-373.0014227343751,-268.63728855984385,160,-322.17662551875003,-340.2752064999995,0.1125,1298.629879,2.8376538829931284,pointwise paired bootstrap; exploratory and not multiplicity-adjusted,,-370.1649190184375,-269.0227910282813
broad,4,broad_joint,development,__design_mixture__,design_mixture_only_not_official_population,all,joint_triangular_l3,joint_triangular_l5,160,0,0,0.0,-248.4271382,-287.47240432156246,-205.36028741203123,160,-248.4271382,-267.35613550000016,0.1,1016.6745119999996,2.179408341039344,pointwise paired bootstrap; exploratory and not multiplicity-adjusted,,-290.40657961671866,-205.03434542531247
broad,4,broad_joint,development,__design_mixture__,design_mixture_only_not_official_population,correlated,joint_triangular_l1,joint_triangular_l5,58,0,0,0.0,-534.4876005862069,-625.0894662913792,-433.11334662672414,58,-534.4876005862069,-561.5440330000001,0.06896551724137931,870.1394,4.754993763828436,pointwise paired bootstrap; exploratory and not multiplicity-adjusted,,-623.119638752586,-435.05371829396574
broad,4,broad_joint,development,__design_mixture__,design_mixture_only_not_official_population,correlated,joint_triangular_l2,joint_triangular_l5,58,0,0,0.0,-428.77440936206904,-502.67331663189645,-344.2874055818966,58,-428.77440936206904,-482.9235904999996,0.05172413793103448,933.2171569999991,3.8005540898535575,pointwise paired bootstrap; exploratory and not multiplicity-adjusted,,-501.42406865862074,-347.86957877500015
broad,4,broad_joint,development,__design_mixture__,design_mixture_only_not_official_population,correlated,joint_triangular_l3,joint_triangular_l5,58,0,0,0.0,-326.01938768965516,-388.8369679288794,-257.0723328271555,58,-326.01938768965516,-355.53637399999934,0.06896551724137931,1016.6745119999996,2.8761874019247196,pointwise paired bootstrap; exploratory and not multiplicity-adjusted,,-392.5830693715516,-248.97663311810365
broad,4,broad_joint,development,__design_mixture__,design_mixture_only_not_official_population,deterministic,joint_triangular_l1,joint_triangular_l5,49,0,0,0.0,-473.8334645918366,-573.7079702061222,-356.4521402612246,49,-473.8334645918366,-515.8516049999998,0.061224489795918366,1247.3789969999998,4.153862869865519,pointwise paired bootstrap; exploratory and not multiplicity-adjusted,,-573.4715313015304,-354.9680730928571
broad,4,broad_joint,development,__design_mixture__,design_mixture_only_not_official_population,deterministic,joint_triangular_l2,joint_triangular_l5,49,0,0,0.0,-322.6892215510204,-421.8895358377553,-206.2190440357145,49,-322.6892215510204,-378.39495199999874,0.14285714285714285,1298.629879,2.816236502520582,pointwise paired bootstrap; exploratory and not multiplicity-adjusted,,-418.7233374836737,-217.39875777091834
broad,4,broad_joint,development,__design_mixture__,design_mixture_only_not_official_population,deterministic,joint_triangular_l3,joint_triangular_l5,49,0,0,0.0,-255.20726720408157,-326.85579663418343,-176.21276927959187,49,-255.20726720408157,-317.1977369999995,0.12244897959183673,621.0357199999999,2.2395129821221325,pointwise paired bootstrap; exploratory and not multiplicity-adjusted,,-325.54559106530604,-177.14273912346943
broad,4,broad_joint,development,__design_mixture__,design_mixture_only_not_official_population,extreme,joint_triangular_l1,joint_triangular_l5,53,0,0,0.0,-284.4038573018867,-381.3723244768866,-178.74378905047166,53,-284.4038573018867,-359.2389179999991,0.20754716981132076,786.8606519999994,2.522509317762926,pointwise paired bootstrap; exploratory and not multiplicity-adjusted,,-383.22207277547164,-180.23665050518872
broad,4,broad_joint,development,__design_mixture__,design_mixture_only_not_official_population,extreme,joint_triangular_l2,joint_triangular_l5,53,0,0,0.0,-205.04853743396228,-286.7188008688679,-120.18462496839628,53,-205.04853743396228,-277.8018069999998,0.1509433962264151,831.3693179999991,1.8037150083752016,pointwise paired bootstrap; exploratory and not multiplicity-adjusted,,-287.2083403603772,-118.27223105801893
broad,4,broad_joint,development,__design_mixture__,design_mixture_only_not_official_population,extreme,joint_triangular_l3,joint_triangular_l5,53,0,0,0.0,-157.24644401886786,-216.34437667877336,-87.52314591698115,53,-157.24644401886786,-207.29017400000066,0.11320754716981132,788.5403249999999,1.3613269647297501,pointwise paired bootstrap; exploratory and not multiplicity-adjusted,,-219.20171351839605,-84.080721793396
broad,4,broad_joint,all,assumption__radius_max__noise_correlated__scale_150,broad_or_stress_assumption,all,joint_triangular_l1,joint_triangular_l5,5,0,0,0.0,-731.0981965999999,-1014.7333881999996,-396.3438112,5,-731.0981965999999,-815.6307020000004,0.0,-172.50806999999986,6.310438002326663,pointwise paired bootstrap; exploratory and not multiplicity-adjusted,very small stratum,-1014.7333881999996,-396.3438112
broad,4,broad_joint,all,assumption__radius_max__noise_correlated__scale_150,broad_or_stress_assumption,all,joint_triangular_l2,joint_triangular_l5,5,0,0,0.0,-722.7262496000003,-830.2348559999998,-615.2176432000008,5,-722.7262496000003,-746.3284359999998,0.0,-542.0356470000006,6.1617678494131,pointwise paired bootstrap; exploratory and not multiplicity-adjusted,very small stratum,-840.3590505999997,-615.2176432000008
broad,4,broad_joint,all,assumption__radius_max__noise_correlated__scale_150,broad_or_stress_assumption,all,joint_triangular_l3,joint_triangular_l5,5,0,0,0.0,-562.1801694000002,-652.8071914,-473.9378626000005,5,-562.1801694000002,-578.6188110000003,0.0,-432.3052150000003,4.796480353022745,pointwise paired bootstrap; exploratory and not multiplicity-adjusted,very small stratum,-652.8071914,-467.7528984000004
broad,4,broad_joint,all,assumption__radius_max__noise_correlated__scale_150,broad_or_stress_assumption,correlated,joint_triangular_l1,joint_triangular_l5,5,0,0,0.0,-731.0981965999999,-1014.7333881999996,-417.3642611999996,5,-731.0981965999999,-815.6307020000004,0.0,-172.50806999999986,6.310438002326663,pointwise paired bootstrap; exploratory and not multiplicity-adjusted,very small stratum,-1001.1409037999995,-417.3642611999996
broad,4,broad_joint,all,assumption__radius_max__noise_correlated__scale_150,broad_or_stress_assumption,correlated,joint_triangular_l2,joint_triangular_l5,5,0,0,0.0,-722.7262496000003,-830.2348559999998,-609.6655958000007,5,-722.7262496000003,-746.3284359999998,0.0,-542.0356470000006,6.1617678494131,pointwise paired bootstrap; exploratory and not multiplicity-adjusted,very small stratum,-830.2348559999998,-609.6655958000007
broad,4,broad_joint,all,assumption__radius_max__noise_correlated__scale_150,broad_or_stress_assumption,correlated,joint_triangular_l3,joint_triangular_l5,5,0,0,0.0,-562.1801694000002,-652.8071914,-472.97257960000024,5,-562.1801694000002,-578.6188110000003,0.0,-432.3052150000003,4.796480353022745,pointwise paired bootstrap; exploratory and not multiplicity-adjusted,very small stratum,-652.8071914,-472.97257960000024
broad,4,broad_joint,development,assumption__radius_max__noise_correlated__scale_150,broad_or_stress_assumption,all,joint_triangular_l1,joint_triangular_l5,5,0,0,0.0,-731.0981965999999,-1001.1409037999995,-443.34960720000015,5,-731.0981965999999,-815.6307020000004,0.0,-172.50806999999986,6.310438002326663,pointwise paired bootstrap; exploratory and not multiplicity-adjusted,very small stratum,-1014.7333881999996,-429.75712280000005
broad,4,broad_joint,development,assumption__radius_max__noise_correlated__scale_150,broad_or_stress_assumption,all,joint_triangular_l2,joint_triangular_l5,5,0,0,0.0,-722.7262496000003,-831.0819064899995,-609.6655958000007,5,-722.7262496000003,-746.3284359999998,0.0,-542.0356470000006,6.1617678494131,pointwise paired bootstrap; exploratory and not multiplicity-adjusted,very small stratum,-830.2348559999998,-609.6655958000007
broad,4,broad_joint,development,assumption__radius_max__noise_correlated__scale_150,broad_or_stress_assumption,all,joint_triangular_l3,joint_triangular_l5,5,0,0,0.0,-562.1801694000002,-652.8071914,-472.97257960000024,5,-562.1801694000002,-578.6188110000003,0.0,-432.3052150000003,4.796480353022745,pointwise paired bootstrap; exploratory and not multiplicity-adjusted,very small stratum,-652.8071914,-472.97257960000024
broad,4,broad_joint,development,assumption__radius_max__noise_correlated__scale_150,broad_or_stress_assumption,correlated,joint_triangular_l1,joint_triangular_l5,5,0,0,0.0,-731.0981965999999,-1014.7333881999996,-429.75712280000005,5,-731.0981965999999,-815.6307020000004,0.0,-172.50806999999986,6.310438002326663,pointwise paired bootstrap; exploratory and not multiplicity-adjusted,very small stratum,-1011.4188204000002,-396.3438112
broad,4,broad_joint,development,assumption__radius_max__noise_correlated__scale_150,broad_or_stress_assumption,correlated,joint_triangular_l2,joint_triangular_l5,5,0,0,0.0,-722.7262496000003,-840.3590505999997,-609.6655958000007,5,-722.7262496000003,-746.3284359999998,0.0,-542.0356470000006,6.1617678494131,pointwise paired bootstrap; exploratory and not multiplicity-adjusted,very small stratum,-830.2348559999998,-609.6655958000007
broad,4,broad_joint,development,assumption__radius_max__noise_correlated__scale_150,broad_or_stress_assumption,correlated,joint_triangular_l3,joint_triangular_l5,5,0,0,0.0,-562.1801694000002,-652.8071914,-472.97257960000024,5,-562.1801694000002,-578.6188110000003,0.0,-432.3052150000003,4.796480353022745,pointwise paired bootstrap; exploratory and not multiplicity-adjusted,very small stratum,-652.8071914,-473.9378626000005
broad,4,broad_joint,all,assumption__radius_max__noise_correlated__scale_300,broad_or_stress_assumption,all,joint_triangular_l1,joint_triangular_l5,7,0,0,0.0,-594.2010124285716,-836.0386993464289,-281.9973177607141,7,-594.2010124285716,-701.8524529999995,0.14285714285714285,255.71541100000104,5.403265959057195,pointwise paired bootstrap; exploratory and not multiplicity-adjusted,very small stratum,-850.0631977928573,-277.35116108928577
broad,4,broad_joint,all,assumption__radius_max__noise_correlated__scale_300,broad_or_stress_assumption,all,joint_triangular_l2,joint_triangular_l5,7,0,0,0.0,-466.60664771428594,-606.7690911642856,-305.37616087142993,7,-466.60664771428594,-491.01175200000034,0.0,-102.97543700000097,4.244158034146922,pointwise paired bootstrap; exploratory and not multiplicity-adjusted,very small stratum,-607.4175449214287,-322.34326701071484
broad,4,broad_joint,all,assumption__radius_max__noise_correlated__scale_300,broad_or_stress_assumption,all,joint_triangular_l3,joint_triangular_l5,7,0,0,0.0,-347.29747871428583,-461.7011710678573,-185.65113411428663,7,-347.29747871428583,-376.788321,0.14285714285714285,86.83705299999929,3.1620815522684613,pointwise paired bootstrap; exploratory and not multiplicity-adjusted,very small stratum,-461.24682742857163,-190.75508771428576
broad,4,broad_joint,all,assumption__radius_max__noise_correlated__scale_300,broad_or_stress_assumption,correlated,joint_triangular_l1,joint_triangular_l5,7,0,0,0.0,-594.2010124285716,-842.4104133785719,-283.2791593142855,7,-594.2010124285716,-701.8524529999995,0.14285714285714285,255.71541100000104,5.403265959057195,pointwise paired bootstrap; exploratory and not multiplicity-adjusted,very small stratum,-847.3862813250001,-281.8250509999998
broad,4,broad_joint,all,assumption__radius_max__noise_correlated__scale_300,broad_or_stress_assumption,correlated,joint_triangular_l2,joint_triangular_l5,7,0,0,0.0,-466.60664771428594,-607.4032223500001,-307.82817101071487,7,-466.60664771428594,-491.01175200000034,0.0,-102.97543700000097,4.244158034146922,pointwise paired bootstrap; exploratory and not multiplicity-adjusted,very small stratum,-607.4466858285715,-320.0621603642862
broad,4,broad_joint,all,assumption__radius_max__noise_correlated__scale_300,broad_or_stress_assumption,correlated,joint_triangular_l3,joint_triangular_l5,7,0,0,0.0,-347.29747871428583,-465.69817842857185,-183.58690938571502,7,-347.29747871428583,-376.788321,0.14285714285714285,86.83705299999929,3.1620815522684613,pointwise paired bootstrap; exploratory and not multiplicity-adjusted,very small stratum,-460.28306406785725,-192.82609071428593
broad,4,broad_joint,development,assumption__radius_max__noise_correlated__scale_300,broad_or_stress_assumption,all,joint_triangular_l1,joint_triangular_l5,7,0,0,0.0,-594.2010124285716,-845.6756072000001,-267.9728193142858,7,-594.2010124285716,-701.8524529999995,0.14285714285714285,255.71541100000104,5.403265959057195,pointwise paired bootstrap; exploratory and not multiplicity-adjusted,very small stratum,-847.3778154535715,-267.9728193142858
broad,4,broad_joint,development,assumption__radius_max__noise_correlated__scale_300,broad_or_stress_assumption,all,joint_triangular_l2,joint_triangular_l5,7,0,0,0.0,-466.60664771428594,-609.1590113214286,-318.87073371428625,7,-466.60664771428594,-491.01175200000034,0.0,-102.97543700000097,4.244158034146922,pointwise paired bootstrap; exploratory and not multiplicity-adjusted,very small stratum,-607.3885417142857,-315.40356958214346
broad,4,broad_joint,development,assumption__radius_max__noise_correlated__scale_300,broad_or_stress_assumption,all,joint_triangular_l3,joint_triangular_l5,7,0,0,0.0,-347.29747871428583,-462.67023338214307,-192.3851528571431,7,-347.29747871428583,-376.788321,0.14285714285714285,86.83705299999929,3.1620815522684613,pointwise paired bootstrap; exploratory and not multiplicity-adjusted,very small stratum,-460.80588957142885,-181.90268233928578
broad,4,broad_joint,development,assumption__radius_max__noise_correlated__scale_300,broad_or_stress_assumption,correlated,joint_triangular_l1,joint_triangular_l5,7,0,0,0.0,-594.2010124285716,-834.2130884428574,-272.42406564285807,7,-594.2010124285716,-701.8524529999995,0.14285714285714285,255.71541100000104,5.403265959057195,pointwise paired bootstrap; exploratory and not multiplicity-adjusted,very small stratum,-836.1966015714291,-266.3567599999998
broad,4,broad_joint,development,assumption__radius_max__noise_correlated__scale_300,broad_or_stress_assumption,correlated,joint_triangular_l2,joint_triangular_l5,7,0,0,0.0,-466.60664771428594,-610.2054205714285,-307.8421355178578,7,-466.60664771428594,-491.01175200000034,0.0,-102.97543700000097,4.244158034146922,pointwise paired bootstrap; exploratory and not multiplicity-adjusted,very small stratum,-609.1291542857143,-324.0841411428576
broad,4,broad_joint,development,assumption__radius_max__noise_correlated__scale_300,broad_or_stress_assumption,correlated,joint_triangular_l3,joint_triangular_l5,7,0,0,0.0,-347.29747871428583,-459.42438440357165,-181.94767914285694,7,-347.29747871428583,-376.788321,0.14285714285714285,86.83705299999929,3.1620815522684613,pointwise paired bootstrap; exploratory and not multiplicity-adjusted,very small stratum,-459.8436485714288,-193.80325985714313
broad,4,broad_joint,all,assumption__radius_max__noise_correlated__scale_75,broad_or_stress_assumption,all,joint_triangular_l1,joint_triangular_l5,6,0,0,0.0,-538.2122878333333,-823.9585918333332,-324.16133100000025,6,-538.2122878333333,-485.28075999999965,0.0,-195.17891000000054,5.298842284754201,pointwise paired bootstrap; exploratory and not multiplicity-adjusted,very small stratum,-839.6572996041665,-319.81227433333333
broad,4,broad_joint,all,assumption__radius_max__noise_correlated__scale_75,broad_or_stress_assumption,all,joint_triangular_l2,joint_triangular_l5,6,0,0,0.0,-387.856436833333,-599.8234523749999,-123.99991199999931,6,-387.856436833333,-397.596364,0.16666666666666666,193.8388300000006,3.720113345288942,pointwise paired bootstrap; exploratory and not multiplicity-adjusted,very small stratum,-614.1030842874995,-131.01324099999965
broad,4,broad_joint,all,assumption__radius_max__noise_correlated__scale_75,broad_or_stress_assumption,all,joint_triangular_l3,joint_triangular_l5,6,0,0,0.0,-350.50938283333306,-466.67951666666676,-233.86416374583249,6,-350.50938283333306,-346.5577424999992,0.0,-143.9242749999994,3.3307072394503656,pointwise paired bootstrap; exploratory and not multiplicity-adjusted,very small stratum,-473.3986478333334,-234.8762928833327
broad,4,broad_joint,all,assumption__radius_max__noise_correlated__scale_75,broad_or_stress_assumption,correlated,joint_triangular_l1,joint_triangular_l5,6,0,0,0.0,-538.2122878333333,-823.9585918333332,-317.6341943375008,6,-538.2122878333333,-485.28075999999965,0.0,-195.17891000000054,5.298842284754201,pointwise paired bootstrap; exploratory and not multiplicity-adjusted,very small stratum,-822.9170178333334,-330.59353566666687
broad,4,broad_joint,all,assumption__radius_max__noise_correlated__scale_75,broad_or_stress_assumption,correlated,joint_triangular_l2,joint_triangular_l5,6,0,0,0.0,-387.856436833333,-621.0835445708333,-135.72693849999965,6,-387.856436833333,-397.596364,0.16666666666666666,193.8388300000006,3.720113345288942,pointwise paired bootstrap; exploratory and not multiplicity-adjusted,very small stratum,-609.4497384374995,-135.72693849999965
broad,4,broad_joint,all,assumption__radius_max__noise_correlated__scale_75,broad_or_stress_assumption,correlated,joint_triangular_l3,joint_triangular_l5,6,0,0,0.0,-350.50938283333306,-469.8804726499997,-240.52489749999935,6,-350.50938283333306,-346.5577424999992,0.0,-143.9242749999994,3.3307072394503656,pointwise paired bootstrap; exploratory and not multiplicity-adjusted,very small stratum,-468.25508949999994,-233.23892449999948
broad,4,broad_joint,development,assumption__radius_max__noise_correlated__scale_75,broad_or_stress_assumption,all,joint_triangular_l1,joint_triangular_l5,6,0,0,0.0,-538.2122878333333,-824.0933575999996,-324.16133100000025,6,-538.2122878333333,-485.28075999999965,0.0,-195.17891000000054,5.298842284754201,pointwise paired bootstrap; exploratory and not multiplicity-adjusted,very small stratum,-829.3492225,-323.0185623208339
broad,4,broad_joint,development,assumption__radius_max__noise_correlated__scale_75,broad_or_stress_assumption,all,joint_triangular_l2,joint_triangular_l5,6,0,0,0.0,-387.856436833333,-604.6181984999997,-98.37210249999953,6,-387.856436833333,-397.596364,0.16666666666666666,193.8388300000006,3.720113345288942,pointwise paired bootstrap; exploratory and not multiplicity-adjusted,very small stratum,-609.3318959999997,-142.56493427500092
broad,4,broad_joint,development,assumption__radius_max__noise_correlated__scale_75,broad_or_stress_assumption,all,joint_triangular_l3,joint_triangular_l5,6,0,0,0.0,-350.50938283333306,-461.915604166667,-239.99618902499964,6,-350.50938283333306,-346.5577424999992,0.0,-143.9242749999994,3.3307072394503656,pointwise paired bootstrap; exploratory and not multiplicity-adjusted,very small stratum,-461.915604166667,-243.05480183333293
broad,4,broad_joint,development,assumption__radius_max__noise_correlated__scale_75,broad_or_stress_assumption,correlated,joint_triangular_l1,joint_triangular_l5,6,0,0,0.0,-538.2122878333333,-823.9585918333332,-319.7862349833335,6,-538.2122878333333,-485.28075999999965,0.0,-195.17891000000054,5.298842284754201,pointwise paired bootstrap; exploratory and not multiplicity-adjusted,very small stratum,-829.6049596124996,-318.7707003333335
broad,4,broad_joint,development,assumption__radius_max__noise_correlated__scale_75,broad_or_stress_assumption,correlated,joint_triangular_l2,joint_triangular_l5,6,0,0,0.0,-387.856436833333,-599.8234523749999,-105.38543149999987,6,-387.856436833333,-397.596364,0.16666666666666666,193.8388300000006,3.720113345288942,pointwise paired bootstrap; exploratory and not multiplicity-adjusted,very small stratum,-599.8234523749999,-128.7136094999993
broad,4,broad_joint,development,assumption__radius_max__noise_correlated__scale_75,broad_or_stress_assumption,correlated,joint_triangular_l3,joint_triangular_l5,6,0,0,0.0,-350.50938283333306,-466.7189059875,-234.9060908333325,6,-350.50938283333306,-346.5577424999992,0.0,-143.9242749999994,3.3307072394503656,pointwise paired bootstrap; exploratory and not multiplicity-adjusted,very small stratum,-462.0740913,-240.51301629166608
broad,4,broad_joint,all,assumption__radius_max__noise_deterministic__scale_150,broad_or_stress_assumption,all,joint_triangular_l1,joint_triangular_l5,5,0,0,0.0,-561.8678190000006,-838.0573474000012,-299.26710579999997,5,-561.8678190000006,-548.9276150000005,0.0,-231.6075669999991,4.579995345723111,pointwise paired bootstrap; exploratory and not multiplicity-adjusted,very small stratum,-868.015893200001,-299.26710579999997
broad,4,broad_joint,all,assumption__radius_max__noise_deterministic__scale_150,broad_or_stress_assumption,all,joint_triangular_l2,joint_triangular_l5,5,0,0,0.0,-427.5829380000003,-615.7254824000004,-294.4440450000002,5,-427.5829380000003,-317.59639099999913,0.0,-280.0185760000004,3.444758237536984,pointwise paired bootstrap; exploratory and not multiplicity-adjusted,very small stratum,-593.7192925999996,-295.034560575
broad,4,broad_joint,all,assumption__radius_max__noise_deterministic__scale_150,broad_or_stress_assumption,all,joint_triangular_l3,joint_triangular_l5,5,0,0,0.0,-347.223919,-500.56480200000004,-193.7860320250005,5,-347.223919,-350.0317380000015,0.0,-124.88174699999945,2.7509383238484206,pointwise paired bootstrap; exploratory and not multiplicity-adjusted,very small stratum,-515.5579386000009,-193.883036
broad,4,broad_joint,all,assumption__radius_max__noise_deterministic__scale_150,broad_or_stress_assumption,deterministic,joint_triangular_l1,joint_triangular_l5,5,0,0,0.0,-561.8678190000006,-838.0573474000012,-301.3648704000003,5,-561.8678190000006,-548.9276150000005,0.0,-231.6075669999991,4.579995345723111,pointwise paired bootstrap; exploratory and not multiplicity-adjusted,very small stratum,-838.0573474000012,-299.26710579999997
broad,4,broad_joint,all,assumption__radius_max__noise_deterministic__scale_150,broad_or_stress_assumption,deterministic,joint_triangular_l2,joint_triangular_l5,5,0,0,0.0,-427.5829380000003,-615.7254824000004,-297.89899800000023,5,-427.5829380000003,-317.59639099999913,0.0,-280.0185760000004,3.444758237536984,pointwise paired bootstrap; exploratory and not multiplicity-adjusted,very small stratum,-615.7254824000004,-294.4440450000002
broad,4,broad_joint,all,assumption__radius_max__noise_deterministic__scale_150,broad_or_stress_assumption,deterministic,joint_triangular_l3,joint_triangular_l5,5,0,0,0.0,-347.223919,-500.56480200000004,-193.883036,5,-347.223919,-350.0317380000015,0.0,-124.88174699999945,2.7509383238484206,pointwise paired bootstrap; exploratory and not multiplicity-adjusted,very small stratum,-502.6047176,-193.883036
broad,4,broad_joint,development,assumption__radius_max__noise_deterministic__scale_150,broad_or_stress_assumption,all,joint_triangular_l1,joint_triangular_l5,5,0,0,0.0,-561.8678190000006,-838.0573474000012,-328.5770403999999,5,-561.8678190000006,-548.9276150000005,0.0,-231.6075669999991,4.579995345723111,pointwise paired bootstrap; exploratory and not multiplicity-adjusted,very small stratum,-838.0573474000012,-299.26710579999997
broad,4,broad_joint,development,assumption__radius_max__noise_deterministic__scale_150,broad_or_stress_assumption,all,joint_triangular_l2,joint_triangular_l5,5,0,0,0.0,-427.5829380000003,-615.7254824000004,-294.4440450000002,5,-427.5829380000003,-317.59639099999913,0.0,-280.0185760000004,3.444758237536984,pointwise paired bootstrap; exploratory and not multiplicity-adjusted,very small stratum,-615.7254824000004,-295.0497019999999
broad,4,broad_joint,development,assumption__radius_max__noise_deterministic__scale_150,broad_or_stress_assumption,all,joint_triangular_l3,joint_triangular_l5,5,0,0,0.0,-347.223919,-502.6047176,-193.883036,5,-347.223919,-350.0317380000015,0.0,-124.88174699999945,2.7509383238484206,pointwise paired bootstrap; exploratory and not multiplicity-adjusted,very small stratum,-502.92854812499945,-193.883036
broad,4,broad_joint,development,assumption__radius_max__noise_deterministic__scale_150,broad_or_stress_assumption,deterministic,joint_triangular_l1,joint_triangular_l5,5,0,0,0.0,-561.8678190000006,-838.0573474000012,-299.26710579999997,5,-561.8678190000006,-548.9276150000005,0.0,-231.6075669999991,4.579995345723111,pointwise paired bootstrap; exploratory and not multiplicity-adjusted,very small stratum,-838.0573474000012,-299.26710579999997
broad,4,broad_joint,development,assumption__radius_max__noise_deterministic__scale_150,broad_or_stress_assumption,deterministic,joint_triangular_l2,joint_triangular_l5,5,0,0,0.0,-427.5829380000003,-593.7192925999996,-297.89899800000023,5,-427.5829380000003,-317.59639099999913,0.0,-280.0185760000004,3.444758237536984,pointwise paired bootstrap; exploratory and not multiplicity-adjusted,very small stratum,-619.1804354000003,-295.0497019999999
broad,4,broad_joint,development,assumption__radius_max__noise_deterministic__scale_150,broad_or_stress_assumption,deterministic,joint_triangular_l3,joint_triangular_l5,5,0,0,0.0,-347.223919,-502.6047176,-193.883036,5,-347.223919,-350.0317380000015,0.0,-124.88174699999945,2.7509383238484206,pointwise paired bootstrap; exploratory and not multiplicity-adjusted,very small stratum,-502.6047176,-201.98852239999943
broad,4,broad_joint,all,assumption__radius_max__noise_deterministic__scale_300,broad_or_stress_assumption,all,joint_triangular_l1,joint_triangular_l5,5,0,0,0.0,-415.6636771999991,-799.1539799999991,20.437690400000793,5,-415.6636771999991,-450.9392799999987,0.2,252.0657480000009,3.549590415089015,pointwise paired bootstrap; exploratory and not multiplicity-adjusted,very small stratum,-791.4058948499986,-32.17337439999901
broad,4,broad_joint,all,assumption__radius_max__noise_deterministic__scale_300,broad_or_stress_assumption,all,joint_triangular_l2,joint_triangular_l5,5,0,0,0.0,-227.40330919999943,-560.7892329999999,184.14727620000085,5,-227.40330919999943,-432.0001949999987,0.2,524.8157920000012,2.0176367002973357,pointwise paired bootstrap; exploratory and not multiplicity-adjusted,very small stratum,-554.2117486449996,190.89341400000086
broad,4,broad_joint,all,assumption__radius_max__noise_deterministic__scale_300,broad_or_stress_assumption,all,joint_triangular_l3,joint_triangular_l5,5,0,0,0.0,-258.7753595999999,-415.6391617999998,-83.1155555999998,5,-258.7753595999999,-375.4261370000004,0.2,51.84399200000007,2.2022041747793724,pointwise paired bootstrap; exploratory and not multiplicity-adjusted,very small stratum,-410.8874093999999,-72.51254799999988
broad,4,broad_joint,all,assumption__radius_max__noise_deterministic__scale_300,broad_or_stress_assumption,deterministic,joint_triangular_l1,joint_triangular_l5,5,0,0,0.0,-415.6636771999991,-799.1539799999991,-32.17337439999901,5,-415.6636771999991,-450.9392799999987,0.2,252.0657480000009,3.549590415089015,pointwise paired bootstrap; exploratory and not multiplicity-adjusted,very small stratum,-799.1539799999991,-29.13626319999894
broad,4,broad_joint,all,assumption__radius_max__noise_deterministic__scale_300,broad_or_stress_assumption,deterministic,joint_triangular_l2,joint_triangular_l5,5,0,0,0.0,-227.40330919999943,-560.7892329999999,184.14727620000085,5,-227.40330919999943,-432.0001949999987,0.2,524.8157920000012,2.0176367002973357,pointwise paired bootstrap; exploratory and not multiplicity-adjusted,very small stratum,-560.7892329999999,184.31592964499993
broad,4,broad_joint,all,assumption__radius_max__noise_deterministic__scale_300,broad_or_stress_assumption,deterministic,joint_triangular_l3,joint_triangular_l5,5,0,0,0.0,-258.7753595999999,-415.6391617999998,-72.51254799999988,5,-258.7753595999999,-375.4261370000004,0.2,51.84399200000007,2.2022041747793724,pointwise paired bootstrap; exploratory and not multiplicity-adjusted,very small stratum,-415.6391617999998,-67.76079559999998
broad,4,broad_joint,development,assumption__radius_max__noise_deterministic__scale_300,broad_or_stress_assumption,all,joint_triangular_l1,joint_triangular_l5,5,0,0,0.0,-415.6636771999991,-791.207225999999,-32.17337439999901,5,-415.6636771999991,-450.9392799999987,0.2,252.0657480000009,3.549590415089015,pointwise paired bootstrap; exploratory and not multiplicity-adjusted,very small stratum,-791.207225999999,-29.13626319999894
broad,4,broad_joint,development,assumption__radius_max__noise_deterministic__scale_300,broad_or_stress_assumption,all,joint_triangular_l2,joint_triangular_l5,5,0,0,0.0,-227.40330919999943,-560.7892329999999,184.14727620000085,5,-227.40330919999943,-432.0001949999987,0.2,524.8157920000012,2.0176367002973357,pointwise paired bootstrap; exploratory and not multiplicity-adjusted,very small stratum,-554.0430951999999,184.14727620000085
broad,4,broad_joint,development,assumption__radius_max__noise_deterministic__scale_300,broad_or_stress_assumption,all,joint_triangular_l3,joint_triangular_l5,5,0,0,0.0,-258.7753595999999,-415.6391617999998,-83.1155555999998,5,-258.7753595999999,-375.4261370000004,0.2,51.84399200000007,2.2022041747793724,pointwise paired bootstrap; exploratory and not multiplicity-adjusted,very small stratum,-415.6391617999998,-82.85048041000124
broad,4,broad_joint,development,assumption__radius_max__noise_deterministic__scale_300,broad_or_stress_assumption,deterministic,joint_triangular_l1,joint_triangular_l5,5,0,0,0.0,-415.6636771999991,-799.1539799999991,-32.17337439999901,5,-415.6636771999991,-450.9392799999987,0.2,252.0657480000009,3.549590415089015,pointwise paired bootstrap; exploratory and not multiplicity-adjusted,very small stratum,-791.207225999999,-35.21048559999908
broad,4,broad_joint,development,assumption__radius_max__noise_deterministic__scale_300,broad_or_stress_assumption,deterministic,joint_triangular_l2,joint_triangular_l5,5,0,0,0.0,-227.40330919999943,-554.2117486449996,184.14727620000085,5,-227.40330919999943,-432.0001949999987,0.2,524.8157920000012,2.0176367002973357,pointwise paired bootstrap; exploratory and not multiplicity-adjusted,very small stratum,-560.7892329999999,142.08939720000126
broad,4,broad_joint,development,assumption__radius_max__noise_deterministic__scale_300,broad_or_stress_assumption,deterministic,joint_triangular_l3,joint_triangular_l5,5,0,0,0.0,-258.7753595999999,-415.6391617999998,-72.51254799999988,5,-258.7753595999999,-375.4261370000004,0.2,51.84399200000007,2.2022041747793724,pointwise paired bootstrap; exploratory and not multiplicity-adjusted,very small stratum,-415.6391617999998,-83.1155555999998
broad,4,broad_joint,all,assumption__radius_max__noise_deterministic__scale_75,broad_or_stress_assumption,all,joint_triangular_l1,joint_triangular_l5,5,0,0,0.0,-595.7780448000001,-971.9235079999995,-141.93502160000062,5,-595.7780448000001,-875.2399019999993,0.2,239.7628169999989,5.145589009582578,pointwise paired bootstrap; exploratory and not multiplicity-adjusted,very small stratum,-971.9235079999995,-109.27708980000098
broad,4,broad_joint,all,assumption__radius_max__noise_deterministic__scale_75,broad_or_stress_assumption,all,joint_triangular_l2,joint_triangular_l5,5,0,0,0.0,-354.3967420000005,-690.3398592000001,82.8136375999995,5,-354.3967420000005,-608.906352,0.2,442.63512099999934,3.072269916645606,pointwise paired bootstrap; exploratory and not multiplicity-adjusted,very small stratum,-690.3398592000001,66.46444419999898
broad,4,broad_joint,all,assumption__radius_max__noise_deterministic__scale_75,broad_or_stress_assumption,all,joint_triangular_l3,joint_triangular_l5,5,0,0,0.0,-190.06141680000036,-509.0966625999998,249.2891451999996,5,-190.06141680000036,-446.0014050000009,0.2,617.3224599999994,1.6762909990557635,pointwise paired bootstrap; exploratory and not multiplicity-adjusted,very small stratum,-509.0966625999998,203.79667299999892
broad,4,broad_joint,all,assumption__radius_max__noise_deterministic__scale_75,broad_or_stress_assumption,deterministic,joint_triangular_l1,joint_triangular_l5,5,0,0,0.0,-595.7780448000001,-971.9235079999995,-141.25738269000433,5,-595.7780448000001,-875.2399019999993,0.2,239.7628169999989,5.145589009582578,pointwise paired bootstrap; exploratory and not multiplicity-adjusted,very small stratum,-971.9235079999995,-109.27708980000098
broad,4,broad_joint,all,assumption__radius_max__noise_deterministic__scale_75,broad_or_stress_assumption,deterministic,joint_triangular_l2,joint_triangular_l5,5,0,0,0.0,-354.3967420000005,-690.3398592000001,82.8136375999995,5,-354.3967420000005,-608.906352,0.2,442.63512099999934,3.072269916645606,pointwise paired bootstrap; exploratory and not multiplicity-adjusted,very small stratum,-682.8106864000005,90.34281039999914
broad,4,broad_joint,all,assumption__radius_max__noise_deterministic__scale_75,broad_or_stress_assumption,deterministic,joint_triangular_l3,joint_triangular_l5,5,0,0,0.0,-190.06141680000036,-509.0966625999998,252.7947419999993,5,-190.06141680000036,-446.0014050000009,0.2,617.3224599999994,1.6762909990557635,pointwise paired bootstrap; exploratory and not multiplicity-adjusted,very small stratum,-505.5910658000001,203.79667299999892
broad,4,broad_joint,development,assumption__radius_max__noise_deterministic__scale_75,broad_or_stress_assumption,all,joint_triangular_l1,joint_triangular_l5,5,0,0,0.0,-595.7780448000001,-971.9235079999995,-109.27708980000098,5,-595.7780448000001,-875.2399019999993,0.2,239.7628169999989,5.145589009582578,pointwise paired bootstrap; exploratory and not multiplicity-adjusted,very small stratum,-964.0815723999992,-109.27708980000098
broad,4,broad_joint,development,assumption__radius_max__noise_deterministic__scale_75,broad_or_stress_assumption,all,joint_triangular_l2,joint_triangular_l5,5,0,0,0.0,-354.3967420000005,-682.8106864000005,82.8136375999995,5,-354.3967420000005,-608.906352,0.2,442.63512099999934,3.072269916645606,pointwise paired bootstrap; exploratory and not multiplicity-adjusted,very small stratum,-682.8106864000005,82.8136375999995
broad,4,broad_joint,development,assumption__radius_max__noise_deterministic__scale_75,broad_or_stress_assumption,all,joint_triangular_l3,joint_triangular_l5,5,0,0,0.0,-190.06141680000036,-509.0966625999998,252.7947419999993,5,-190.06141680000036,-446.0014050000009,0.2,617.3224599999994,1.6762909990557635,pointwise paired bootstrap; exploratory and not multiplicity-adjusted,very small stratum,-509.0966625999998,249.2891451999996
broad,4,broad_joint,development,assumption__radius_max__noise_deterministic__scale_75,broad_or_stress_assumption,deterministic,joint_triangular_l1,joint_triangular_l5,5,0,0,0.0,-595.7780448000001,-971.9235079999995,-114.82946520000114,5,-595.7780448000001,-875.2399019999993,0.2,239.7628169999989,5.145589009582578,pointwise paired bootstrap; exploratory and not multiplicity-adjusted,very small stratum,-971.9235079999995,-109.27708980000098
broad,4,broad_joint,development,assumption__radius_max__noise_deterministic__scale_75,broad_or_stress_assumption,deterministic,joint_triangular_l2,joint_triangular_l5,5,0,0,0.0,-354.3967420000005,-690.3398592000001,90.34281039999914,5,-354.3967420000005,-608.906352,0.2,442.63512099999934,3.072269916645606,pointwise paired bootstrap; exploratory and not multiplicity-adjusted,very small stratum,-690.3398592000001,82.8136375999995
broad,4,broad_joint,development,assumption__radius_max__noise_deterministic__scale_75,broad_or_stress_assumption,deterministic,joint_triangular_l3,joint_triangular_l5,5,0,0,0.0,-190.06141680000036,-509.0966625999998,249.2891451999996,5,-190.06141680000036,-446.0014050000009,0.2,617.3224599999994,1.6762909990557635,pointwise paired bootstrap; exploratory and not multiplicity-adjusted,very small stratum,-509.0966625999998,203.79667299999892
broad,4,broad_joint,all,assumption__radius_max__noise_extreme__scale_150,broad_or_stress_assumption,all,joint_triangular_l1,joint_triangular_l5,6,0,0,0.0,-347.06157366666685,-498.5564408333339,-130.48586749999959,6,-347.06157366666685,-425.7004185000005,0.16666666666666666,122.10757800000101,3.4922469382157484,pointwise paired bootstrap; exploratory and not multiplicity-adjusted,very small stratum,-500.2251528333339,-128.8171554999996
broad,4,broad_joint,all,assumption__radius_max__noise_extreme__scale_150,broad_or_stress_assumption,all,joint_triangular_l2,joint_triangular_l5,6,0,0,0.0,-217.32927483333347,-381.00453286666686,1.1160511666665418,6,-217.32927483333347,-318.3858580000001,0.16666666666666666,280.6550189999998,2.176531930360642,pointwise paired bootstrap; exploratory and not multiplicity-adjusted,very small stratum,-389.0188528333336,-4.735205833333263
broad,4,broad_joint,all,assumption__radius_max__noise_extreme__scale_150,broad_or_stress_assumption,all,joint_triangular_l3,joint_triangular_l5,6,0,0,0.0,-103.55553133333358,-235.62557800000027,55.29897566666674,6,-103.55553133333358,-219.0196230000006,0.3333333333333333,233.38290600000073,1.0552282459163054,pointwise paired bootstrap; exploratory and not multiplicity-adjusted,very small stratum,-235.89017366666698,51.659605783333426
broad,4,broad_joint,all,assumption__radius_max__noise_extreme__scale_150,broad_or_stress_assumption,extreme,joint_triangular_l1,joint_triangular_l5,6,0,0,0.0,-347.06157366666685,-500.17825777083385,-135.62020716666635,6,-347.06157366666685,-425.7004185000005,0.16666666666666666,122.10757800000101,3.4922469382157484,pointwise paired bootstrap; exploratory and not multiplicity-adjusted,very small stratum,-500.2251528333339,-144.51180064166726
broad,4,broad_joint,all,assumption__radius_max__noise_extreme__scale_150,broad_or_stress_assumption,extreme,joint_triangular_l2,joint_triangular_l5,6,0,0,0.0,-217.32927483333347,-377.4423323041669,1.1160511666665418,6,-217.32927483333347,-318.3858580000001,0.16666666666666666,280.6550189999998,2.176531930360642,pointwise paired bootstrap; exploratory and not multiplicity-adjusted,very small stratum,-385.8143860000003,1.1160511666665418
broad,4,broad_joint,all,assumption__radius_max__noise_extreme__scale_150,broad_or_stress_assumption,extreme,joint_triangular_l3,joint_triangular_l5,6,0,0,0.0,-103.55553133333358,-235.62557800000027,51.659605783333426,6,-103.55553133333358,-219.0196230000006,0.3333333333333333,233.38290600000073,1.0552282459163054,pointwise paired bootstrap; exploratory and not multiplicity-adjusted,very small stratum,-235.62557800000027,50.89053233333349
broad,4,broad_joint,development,assumption__radius_max__noise_extreme__scale_150,broad_or_stress_assumption,all,joint_triangular_l1,joint_triangular_l5,6,0,0,0.0,-347.06157366666685,-498.60453833333395,-130.48586749999959,6,-347.06157366666685,-425.7004185000005,0.16666666666666666,122.10757800000101,3.4922469382157484,pointwise paired bootstrap; exploratory and not multiplicity-adjusted,very small stratum,-500.31256325833385,-138.9095336666663
broad,4,broad_joint,development,assumption__radius_max__noise_extreme__scale_150,broad_or_stress_assumption,all,joint_triangular_l2,joint_triangular_l5,6,0,0,0.0,-217.32927483333347,-389.18880966666694,-7.287148333333486,6,-217.32927483333347,-318.3858580000001,0.16666666666666666,280.6550189999998,2.176531930360642,pointwise paired bootstrap; exploratory and not multiplicity-adjusted,very small stratum,-381.00453286666686,17.752493333333252
broad,4,broad_joint,development,assumption__radius_max__noise_extreme__scale_150,broad_or_stress_assumption,all,joint_triangular_l3,joint_triangular_l5,6,0,0,0.0,-103.55553133333358,-235.89017366666698,55.29897566666674,6,-103.55553133333358,-219.0196230000006,0.3333333333333333,233.38290600000073,1.0552282459163054,pointwise paired bootstrap; exploratory and not multiplicity-adjusted,very small stratum,-236.39465145000025,59.707418999999994
broad,4,broad_joint,development,assumption__radius_max__noise_extreme__scale_150,broad_or_stress_assumption,extreme,joint_triangular_l1,joint_triangular_l5,6,0,0,0.0,-347.06157366666685,-500.2732503333339,-130.48586749999959,6,-347.06157366666685,-425.7004185000005,0.16666666666666666,122.10757800000101,3.4922469382157484,pointwise paired bootstrap; exploratory and not multiplicity-adjusted,very small stratum,-500.2732503333339,-122.0204835333331
broad,4,broad_joint,development,assumption__radius_max__noise_extreme__scale_150,broad_or_stress_assumption,extreme,joint_triangular_l2,joint_triangular_l5,6,0,0,0.0,-217.32927483333347,-389.18880966666694,-9.24578300000015,6,-217.32927483333347,-318.3858580000001,0.16666666666666666,280.6550189999998,2.176531930360642,pointwise paired bootstrap; exploratory and not multiplicity-adjusted,very small stratum,-387.1091840333336,9.725081733332114
broad,4,broad_joint,development,assumption__radius_max__noise_extreme__scale_150,broad_or_stress_assumption,extreme,joint_triangular_l3,joint_triangular_l5,6,0,0,0.0,-103.55553133333358,-235.8960244500003,51.88778633333337,6,-103.55553133333358,-219.0196230000006,0.3333333333333333,233.38290600000073,1.0552282459163054,pointwise paired bootstrap; exploratory and not multiplicity-adjusted,very small stratum,-236.38880066666692,55.29897566666674
broad,4,broad_joint,all,assumption__radius_max__noise_extreme__scale_300,broad_or_stress_assumption,all,joint_triangular_l1,joint_triangular_l5,5,0,0,0.0,-295.60104979999994,-670.6403265999998,81.10304739999992,5,-295.60104979999994,-434.64029499999924,0.4,315.45166900000004,2.366088522784241,pointwise paired bootstrap; exploratory and not multiplicity-adjusted,very small stratum,-670.6403265999998,81.10304739999992
broad,4,broad_joint,all,assumption__radius_max__noise_extreme__scale_300,broad_or_stress_assumption,all,joint_triangular_l2,joint_triangular_l5,5,0,0,0.0,-351.0688994,-608.5928919999999,-17.68152420000006,5,-351.0688994,-497.88020999999935,0.2,286.01915999999983,2.8325131371828247,pointwise paired bootstrap; exploratory and not multiplicity-adjusted,very small stratum,-608.5928919999999,-17.68152420000006
broad,4,broad_joint,all,assumption__radius_max__noise_extreme__scale_300,broad_or_stress_assumption,all,joint_triangular_l3,joint_triangular_l5,5,0,0,0.0,-369.08084759999986,-470.17543899999947,-281.41159059999916,5,-369.08084759999986,-362.0751760000003,0.0,-216.20391799999925,3.0814865428111835,pointwise paired bootstrap; exploratory and not multiplicity-adjusted,very small stratum,-470.17543899999947,-279.82130539999963
broad,4,broad_joint,all,assumption__radius_max__noise_extreme__scale_300,broad_or_stress_assumption,extreme,joint_triangular_l1,joint_triangular_l5,5,0,0,0.0,-295.60104979999994,-664.6422297999998,79.43822699999983,5,-295.60104979999994,-434.64029499999924,0.4,315.45166900000004,2.366088522784241,pointwise paired bootstrap; exploratory and not multiplicity-adjusted,very small stratum,-635.3057191999997,81.10304739999992
broad,4,broad_joint,all,assumption__radius_max__noise_extreme__scale_300,broad_or_stress_assumption,extreme,joint_triangular_l2,joint_triangular_l5,5,0,0,0.0,-351.0688994,-608.5928919999999,-27.540587999999843,5,-351.0688994,-497.88020999999935,0.2,286.01915999999983,2.8325131371828247,pointwise paired bootstrap; exploratory and not multiplicity-adjusted,very small stratum,-604.4663513999992,-17.68152420000006
broad,4,broad_joint,all,assumption__radius_max__noise_extreme__scale_300,broad_or_stress_assumption,extreme,joint_triangular_l3,joint_triangular_l5,5,0,0,0.0,-369.08084759999986,-465.1811165499993,-281.3718334699994,5,-369.08084759999986,-362.0751760000003,0.0,-216.20391799999925,3.0814865428111835,pointwise paired bootstrap; exploratory and not multiplicity-adjusted,very small stratum,-470.17543899999947,-279.82130539999963
broad,4,broad_joint,development,assumption__radius_max__noise_extreme__scale_300,broad_or_stress_assumption,all,joint_triangular_l1,joint_triangular_l5,5,0,0,0.0,-295.60104979999994,-670.6403265999998,81.58707236499727,5,-295.60104979999994,-434.64029499999924,0.4,315.45166900000004,2.366088522784241,pointwise paired bootstrap; exploratory and not multiplicity-adjusted,very small stratum,-664.6422297999998,79.43822699999983
broad,4,broad_joint,development,assumption__radius_max__noise_extreme__scale_300,broad_or_stress_assumption,all,joint_triangular_l2,joint_triangular_l5,5,0,0,0.0,-351.0688994,-608.5928919999999,-17.68152420000006,5,-351.0688994,-497.88020999999935,0.2,286.01915999999983,2.8325131371828247,pointwise paired bootstrap; exploratory and not multiplicity-adjusted,very small stratum,-594.6675640599994,-27.540587999999843
broad,4,broad_joint,development,assumption__radius_max__noise_extreme__scale_300,broad_or_stress_assumption,all,joint_triangular_l3,joint_triangular_l5,5,0,0,0.0,-369.08084759999986,-465.0530569999995,-279.82130539999963,5,-369.08084759999986,-362.0751760000003,0.0,-216.20391799999925,3.0814865428111835,pointwise paired bootstrap; exploratory and not multiplicity-adjusted,very small stratum,-465.0530569999995,-274.69892339999967
broad,4,broad_joint,development,assumption__radius_max__noise_extreme__scale_300,broad_or_stress_assumption,extreme,joint_triangular_l1,joint_triangular_l5,5,0,0,0.0,-295.60104979999994,-664.6422297999998,88.7659646,5,-295.60104979999994,-434.64029499999924,0.4,315.45166900000004,2.366088522784241,pointwise paired bootstrap; exploratory and not multiplicity-adjusted,very small stratum,-670.6403265999998,81.10304739999992
broad,4,broad_joint,development,assumption__radius_max__noise_extreme__scale_300,broad_or_stress_assumption,extreme,joint_triangular_l2,joint_triangular_l5,5,0,0,0.0,-351.0688994,-608.5928919999999,-17.68152420000006,5,-351.0688994,-497.88020999999935,0.2,286.01915999999983,2.8325131371828247,pointwise paired bootstrap; exploratory and not multiplicity-adjusted,very small stratum,-608.5928919999999,-47.36821520000012
broad,4,broad_joint,development,assumption__radius_max__noise_extreme__scale_300,broad_or_stress_assumption,extreme,joint_triangular_l3,joint_triangular_l5,5,0,0,0.0,-369.08084759999986,-465.0530569999995,-279.82130539999963,5,-369.08084759999986,-362.0751760000003,0.0,-216.20391799999925,3.0814865428111835,pointwise paired bootstrap; exploratory and not multiplicity-adjusted,very small stratum,-470.17543899999947,-279.82130539999963
broad,4,broad_joint,all,assumption__radius_max__noise_extreme__scale_75,broad_or_stress_assumption,all,joint_triangular_l1,joint_triangular_l5,6,0,0,0.0,-295.00811633333313,-586.7889613333331,48.65378066666684,6,-295.00811633333313,-394.291287,0.3333333333333333,382.14181199999985,2.7696836152909845,pointwise paired bootstrap; exploratory and not multiplicity-adjusted,very small stratum,-586.7889613333331,21.96708195833294
broad,4,broad_joint,all,assumption__radius_max__noise_extreme__scale_75,broad_or_stress_assumption,all,joint_triangular_l2,joint_triangular_l5,6,0,0,0.0,-116.2193566666668,-312.68465600000064,175.33475197083254,6,-116.2193566666668,-199.57103500000085,0.16666666666666666,562.0775560000002,1.113052590550511,pointwise paired bootstrap; exploratory and not multiplicity-adjusted,very small stratum,-307.2490733333331,165.75219549999989
broad,4,broad_joint,all,assumption__radius_max__noise_extreme__scale_75,broad_or_stress_assumption,all,joint_triangular_l3,joint_triangular_l5,6,0,0,0.0,-68.58832999999989,-221.58290983333336,145.3937384916667,6,-68.58832999999989,-156.9526295000005,0.16666666666666666,445.47103100000095,0.6561785287445957,pointwise paired bootstrap; exploratory and not multiplicity-adjusted,very small stratum,-221.58290983333336,154.33504583333374
broad,4,broad_joint,all,assumption__radius_max__noise_extreme__scale_75,broad_or_stress_assumption,extreme,joint_triangular_l1,joint_triangular_l5,6,0,0,0.0,-295.00811633333313,-573.1779458583328,21.88255566666673,6,-295.00811633333313,-394.291287,0.3333333333333333,382.14181199999985,2.7696836152909845,pointwise paired bootstrap; exploratory and not multiplicity-adjusted,very small stratum,-586.7889613333331,21.88255566666673
broad,4,broad_joint,all,assumption__radius_max__noise_extreme__scale_75,broad_or_stress_assumption,extreme,joint_triangular_l2,joint_triangular_l5,6,0,0,0.0,-116.2193566666668,-313.9627179333334,173.34235266666624,6,-116.2193566666668,-199.57103500000085,0.16666666666666666,562.0775560000002,1.113052590550511,pointwise paired bootstrap; exploratory and not multiplicity-adjusted,very small stratum,-312.68465600000064,165.75219549999989
broad,4,broad_joint,all,assumption__radius_max__noise_extreme__scale_75,broad_or_stress_assumption,extreme,joint_triangular_l3,joint_triangular_l5,6,0,0,0.0,-68.58832999999989,-216.55290866666624,156.55481733333363,6,-68.58832999999989,-156.9526295000005,0.16666666666666666,445.47103100000095,0.6561785287445957,pointwise paired bootstrap; exploratory and not multiplicity-adjusted,very small stratum,-216.5802597416662,142.41920800000057
broad,4,broad_joint,development,assumption__radius_max__noise_extreme__scale_75,broad_or_stress_assumption,all,joint_triangular_l1,joint_triangular_l5,6,0,0,0.0,-295.00811633333313,-585.6910796666667,18.51559190833311,6,-295.00811633333313,-394.291287,0.3333333333333333,382.14181199999985,2.7696836152909845,pointwise paired bootstrap; exploratory and not multiplicity-adjusted,very small stratum,-577.1380888749999,30.462993500000266
broad,4,broad_joint,development,assumption__radius_max__noise_extreme__scale_75,broad_or_stress_assumption,all,joint_triangular_l2,joint_triangular_l5,6,0,0,0.0,-116.2193566666668,-313.60009199999996,173.34235266666624,6,-116.2193566666668,-199.57103500000085,0.16666666666666666,562.0775560000002,1.113052590550511,pointwise paired bootstrap; exploratory and not multiplicity-adjusted,very small stratum,-307.29608932916636,165.9419494291655
broad,4,broad_joint,development,assumption__radius_max__noise_extreme__scale_75,broad_or_stress_assumption,all,joint_triangular_l3,joint_triangular_l5,6,0,0,0.0,-68.58832999999989,-223.31168612083323,154.33504583333374,6,-68.58832999999989,-156.9526295000005,0.16666666666666666,445.47103100000095,0.6561785287445957,pointwise paired bootstrap; exploratory and not multiplicity-adjusted,very small stratum,-223.80268133333325,154.33504583333374
broad,4,broad_joint,development,assumption__radius_max__noise_extreme__scale_75,broad_or_stress_assumption,extreme,joint_triangular_l1,joint_triangular_l5,6,0,0,0.0,-295.00811633333313,-577.1380888749999,25.263607333333614,6,-295.00811633333313,-394.291287,0.3333333333333333,382.14181199999985,2.7696836152909845,pointwise paired bootstrap; exploratory and not multiplicity-adjusted,very small stratum,-578.4230344458325,30.462993500000266
broad,4,broad_joint,development,assumption__radius_max__noise_extreme__scale_75,broad_or_stress_assumption,extreme,joint_triangular_l2,joint_triangular_l5,6,0,0,0.0,-116.2193566666668,-312.7075419000006,165.75219549999989,6,-116.2193566666668,-199.57103500000085,0.16666666666666666,562.0775560000002,1.113052590550511,pointwise paired bootstrap; exploratory and not multiplicity-adjusted,very small stratum,-309.1297131666667,165.75219549999989
broad,4,broad_joint,development,assumption__radius_max__noise_extreme__scale_75,broad_or_stress_assumption,extreme,joint_triangular_l3,joint_triangular_l5,6,0,0,0.0,-68.58832999999989,-224.5574403249996,145.36908650000018,6,-68.58832999999989,-156.9526295000005,0.16666666666666666,445.47103100000095,0.6561785287445957,pointwise paired bootstrap; exploratory and not multiplicity-adjusted,very small stratum,-216.55290866666624,156.55481733333363
broad,4,broad_joint,all,assumption__radius_min__noise_correlated__scale_150,broad_or_stress_assumption,all,joint_triangular_l1,joint_triangular_l5,6,0,0,0.0,-438.1168046666665,-530.5683653333332,-347.17069033333365,6,-438.1168046666665,-433.8485734999995,0.0,-232.5831990000006,4.074697689387486,pointwise paired bootstrap; exploratory and not multiplicity-adjusted,very small stratum,-531.0847519999998,-342.47635666666673
broad,4,broad_joint,all,assumption__radius_min__noise_correlated__scale_150,broad_or_stress_assumption,all,joint_triangular_l2,joint_triangular_l5,6,0,0,0.0,-386.3399356666666,-457.30033000000003,-325.6826828958336,6,-386.3399356666666,-342.8983835000008,0.0,-307.4885059999997,3.5787566174981174,pointwise paired bootstrap; exploratory and not multiplicity-adjusted,very small stratum,-458.2814661666668,-325.6840128333336
broad,4,broad_joint,all,assumption__radius_min__noise_correlated__scale_150,broad_or_stress_assumption,all,joint_triangular_l3,joint_triangular_l5,6,0,0,0.0,-306.09052900000034,-359.6925874999997,-257.87186750000063,6,-306.09052900000034,-267.35613550000016,0.0,-245.40006500000163,2.838273378860409,pointwise paired bootstrap; exploratory and not multiplicity-adjusted,very small stratum,-361.62526576250025,-257.9897913333337
broad,4,broad_joint,all,assumption__radius_min__noise_correlated__scale_150,broad_or_stress_assumption,correlated,joint_triangular_l1,joint_triangular_l5,6,0,0,0.0,-438.1168046666665,-528.846639833333,-341.459552295834,6,-438.1168046666665,-433.8485734999995,0.0,-232.5831990000006,4.074697689387486,pointwise paired bootstrap; exploratory and not multiplicity-adjusted,very small stratum,-530.5683653333332,-345.6285649541667
broad,4,broad_joint,all,assumption__radius_min__noise_correlated__scale_150,broad_or_stress_assumption,correlated,joint_triangular_l2,joint_triangular_l5,6,0,0,0.0,-386.3399356666666,-456.7437197249996,-326.1597710958333,6,-386.3399356666666,-342.8983835000008,0.0,-307.4885059999997,3.5787566174981174,pointwise paired bootstrap; exploratory and not multiplicity-adjusted,very small stratum,-455.8201826666661,-325.14178266666664
broad,4,broad_joint,all,assumption__radius_min__noise_correlated__scale_150,broad_or_stress_assumption,correlated,joint_triangular_l3,joint_triangular_l5,6,0,0,0.0,-306.09052900000034,-361.74024149999997,-257.9897913333337,6,-306.09052900000034,-267.35613550000016,0.0,-245.40006500000163,2.838273378860409,pointwise paired bootstrap; exploratory and not multiplicity-adjusted,very small stratum,-361.6223176666669,-257.9868432375004
broad,4,broad_joint,development,assumption__radius_min__noise_correlated__scale_150,broad_or_stress_assumption,all,joint_triangular_l1,joint_triangular_l5,6,0,0,0.0,-438.1168046666665,-530.5683653333332,-338.51821619583376,6,-438.1168046666665,-433.8485734999995,0.0,-232.5831990000006,4.074697689387486,pointwise paired bootstrap; exploratory and not multiplicity-adjusted,very small stratum,-530.5683653333332,-344.1980821666669
broad,4,broad_joint,development,assumption__radius_min__noise_correlated__scale_150,broad_or_stress_assumption,all,joint_triangular_l2,joint_triangular_l5,6,0,0,0.0,-386.3399356666666,-456.7437197249996,-326.61195149999975,6,-386.3399356666666,-342.8983835000008,0.0,-307.4885059999997,3.5787566174981174,pointwise paired bootstrap; exploratory and not multiplicity-adjusted,very small stratum,-453.3481666666664,-325.1530366666666
broad,4,broad_joint,development,assumption__radius_min__noise_correlated__scale_150,broad_or_stress_assumption,all,joint_triangular_l3,joint_triangular_l5,6,0,0,0.0,-306.09052900000034,-361.6223176666669,-257.87186750000063,6,-306.09052900000034,-267.35613550000016,0.0,-245.40006500000163,2.838273378860409,pointwise paired bootstrap; exploratory and not multiplicity-adjusted,very small stratum,-361.74024149999997,-257.87186750000063
broad,4,broad_joint,development,assumption__radius_min__noise_correlated__scale_150,broad_or_stress_assumption,correlated,joint_triangular_l1,joint_triangular_l5,6,0,0,0.0,-438.1168046666665,-530.5683653333332,-342.47635666666673,6,-438.1168046666665,-433.8485734999995,0.0,-232.5831990000006,4.074697689387486,pointwise paired bootstrap; exploratory and not multiplicity-adjusted,very small stratum,-527.9277128958332,-342.47635666666673
broad,4,broad_joint,development,assumption__radius_min__noise_correlated__scale_150,broad_or_stress_assumption,correlated,joint_triangular_l2,joint_triangular_l5,6,0,0,0.0,-386.3399356666666,-454.3293028333331,-325.1530366666666,6,-386.3399356666666,-342.8983835000008,0.0,-307.4885059999997,3.5787566174981174,pointwise paired bootstrap; exploratory and not multiplicity-adjusted,very small stratum,-455.83265794583275,-324.1719004999998
broad,4,broad_joint,development,assumption__radius_min__noise_correlated__scale_150,broad_or_stress_assumption,correlated,joint_triangular_l3,joint_triangular_l5,6,0,0,0.0,-306.09052900000034,-361.74024149999997,-258.10476707083353,6,-306.09052900000034,-267.35613550000016,0.0,-245.40006500000163,2.838273378860409,pointwise paired bootstrap; exploratory and not multiplicity-adjusted,very small stratum,-359.69553559583306,-258.10476707083353
broad,4,broad_joint,all,assumption__radius_min__noise_correlated__scale_300,broad_or_stress_assumption,all,joint_triangular_l1,joint_triangular_l5,6,0,0,0.0,-463.88670383333346,-773.1554141666675,-181.09627416666657,6,-463.88670383333346,-432.77652299999954,0.16666666666666666,79.24025299999994,4.21004815351329,pointwise paired bootstrap; exploratory and not multiplicity-adjusted,very small stratum,-782.6885606666674,-155.5211376666663
broad,4,broad_joint,all,assumption__radius_min__noise_correlated__scale_300,broad_or_stress_assumption,all,joint_triangular_l2,joint_triangular_l5,6,0,0,0.0,-333.0738428333331,-582.0967734999998,-76.2947320000003,6,-333.0738428333331,-375.9098779999995,0.16666666666666666,231.88374499999918,3.0292405282385544,pointwise paired bootstrap; exploratory and not multiplicity-adjusted,very small stratum,-573.5250213333329,-74.90818499999993
broad,4,broad_joint,all,assumption__radius_min__noise_correlated__scale_300,broad_or_stress_assumption,all,joint_triangular_l3,joint_triangular_l5,6,0,0,0.0,-243.6106423333334,-470.90650133333384,25.41972733333326,6,-243.6106423333334,-297.9889169999997,0.16666666666666666,328.5207869999995,2.26542367881486,pointwise paired bootstrap; exploratory and not multiplicity-adjusted,very small stratum,-471.03099991666693,18.568947166666778
broad,4,broad_joint,all,assumption__radius_min__noise_correlated__scale_300,broad_or_stress_assumption,correlated,joint_triangular_l1,joint_triangular_l5,6,0,0,0.0,-463.88670383333346,-782.6885606666674,-177.1418940999996,6,-463.88670383333346,-432.77652299999954,0.16666666666666666,79.24025299999994,4.21004815351329,pointwise paired bootstrap; exploratory and not multiplicity-adjusted,very small stratum,-782.6885606666674,-181.09627416666657
broad,4,broad_joint,all,assumption__radius_min__noise_correlated__scale_300,broad_or_stress_assumption,correlated,joint_triangular_l2,joint_triangular_l5,6,0,0,0.0,-333.0738428333331,-582.0967734999998,-74.54634823750192,6,-333.0738428333331,-375.9098779999995,0.16666666666666666,231.88374499999918,3.0292405282385544,pointwise paired bootstrap; exploratory and not multiplicity-adjusted,very small stratum,-582.0967734999998,-60.43471450000046
broad,4,broad_joint,all,assumption__radius_min__noise_correlated__scale_300,broad_or_stress_assumption,correlated,joint_triangular_l3,joint_triangular_l5,6,0,0,0.0,-243.6106423333334,-470.90650133333384,12.77596333333319,6,-243.6106423333334,-297.9889169999997,0.16666666666666666,328.5207869999995,2.26542367881486,pointwise paired bootstrap; exploratory and not multiplicity-adjusted,very small stratum,-469.08243542083403,17.755906666666608
broad,4,broad_joint,development,assumption__radius_min__noise_correlated__scale_300,broad_or_stress_assumption,all,joint_triangular_l1,joint_triangular_l5,6,0,0,0.0,-463.88670383333346,-789.849305166667,-164.9560979875001,6,-463.88670383333346,-432.77652299999954,0.16666666666666666,79.24025299999994,4.21004815351329,pointwise paired bootstrap; exploratory and not multiplicity-adjusted,very small stratum,-782.6885606666674,-165.05428416666624
broad,4,broad_joint,development,assumption__radius_min__noise_correlated__scale_300,broad_or_stress_assumption,all,joint_triangular_l2,joint_triangular_l5,6,0,0,0.0,-333.0738428333331,-584.1161973124997,-67.65661408750115,6,-333.0738428333331,-375.9098779999995,0.16666666666666666,231.88374499999918,3.0292405282385544,pointwise paired bootstrap; exploratory and not multiplicity-adjusted,very small stratum,-582.0967734999998,-76.63510807500013
broad,4,broad_joint,development,assumption__radius_min__noise_correlated__scale_300,broad_or_stress_assumption,all,joint_triangular_l3,joint_triangular_l5,6,0,0,0.0,-243.6106423333334,-469.0356645000008,5.9251831666667085,6,-243.6106423333334,-297.9889169999997,0.16666666666666666,328.5207869999995,2.26542367881486,pointwise paired bootstrap; exploratory and not multiplicity-adjusted,very small stratum,-469.0356645000008,10.905126500000128
broad,4,broad_joint,development,assumption__radius_min__noise_correlated__scale_300,broad_or_stress_assumption,correlated,joint_triangular_l1,joint_triangular_l5,6,0,0,0.0,-463.88670383333346,-789.849305166667,-171.4004065791675,6,-463.88670383333346,-432.77652299999954,0.16666666666666666,79.24025299999994,4.21004815351329,pointwise paired bootstrap; exploratory and not multiplicity-adjusted,very small stratum,-782.6885606666674,-155.5211376666663
broad,4,broad_joint,development,assumption__radius_min__noise_correlated__scale_300,broad_or_stress_assumption,correlated,joint_triangular_l2,joint_triangular_l5,6,0,0,0.0,-333.0738428333331,-582.0967734999998,-58.929356333333395,6,-333.0738428333331,-375.9098779999995,0.16666666666666666,231.88374499999918,3.0292405282385544,pointwise paired bootstrap; exploratory and not multiplicity-adjusted,very small stratum,-582.0967734999998,-83.98157614166749
broad,4,broad_joint,development,assumption__radius_min__noise_correlated__scale_300,broad_or_stress_assumption,correlated,joint_triangular_l3,joint_triangular_l5,6,0,0,0.0,-243.6106423333334,-447.01791066666675,30.39967066666668,6,-243.6106423333334,-297.9889169999997,0.16666666666666666,328.5207869999995,2.26542367881486,pointwise paired bootstrap; exploratory and not multiplicity-adjusted,very small stratum,-475.8864446666673,25.41972733333326
broad,4,broad_joint,all,assumption__radius_min__noise_correlated__scale_75,broad_or_stress_assumption,all,joint_triangular_l1,joint_triangular_l5,7,0,0,0.0,-568.3036525714285,-728.3428428357142,-419.08339798214234,7,-568.3036525714285,-411.2455600000012,0.0,-339.6649669999988,4.615945343252915,pointwise paired bootstrap; exploratory and not multiplicity-adjusted,very small stratum,-751.7312222999997,-422.7400211428571
broad,4,broad_joint,all,assumption__radius_min__noise_correlated__scale_75,broad_or_stress_assumption,all,joint_triangular_l2,joint_triangular_l5,7,0,0,0.0,-427.8061292857141,-550.5126929571428,-315.0612585714277,7,-427.8061292857141,-340.59543799999847,0.0,-247.78859699999884,3.466181137616649,pointwise paired bootstrap; exploratory and not multiplicity-adjusted,very small stratum,-550.4592287142857,-315.1444199999995
broad,4,broad_joint,all,assumption__radius_min__noise_correlated__scale_75,broad_or_stress_assumption,all,joint_triangular_l3,joint_triangular_l5,7,0,0,0.0,-319.67967671428545,-453.06736861071425,-201.08940412857143,7,-319.67967671428545,-239.618289,0.0,-122.9663099999998,2.559324554794764,pointwise paired bootstrap; exploratory and not multiplicity-adjusted,very small stratum,-456.2276420464281,-200.90471071428536
broad,4,broad_joint,all,assumption__radius_min__noise_correlated__scale_75,broad_or_stress_assumption,correlated,joint_triangular_l1,joint_triangular_l5,7,0,0,0.0,-568.3036525714285,-740.8197668571431,-422.6944525000002,7,-568.3036525714285,-411.2455600000012,0.0,-339.6649669999988,4.615945343252915,pointwise paired bootstrap; exploratory and not multiplicity-adjusted,very small stratum,-740.8158045714289,-422.4148440892857
broad,4,broad_joint,all,assumption__radius_min__noise_correlated__scale_75,broad_or_stress_assumption,correlated,joint_triangular_l2,joint_triangular_l5,7,0,0,0.0,-427.8061292857141,-550.4987959785714,-313.5377818749999,7,-427.8061292857141,-340.59543799999847,0.0,-247.78859699999884,3.466181137616649,pointwise paired bootstrap; exploratory and not multiplicity-adjusted,very small stratum,-548.8765381428574,-316.27258028571356
broad,4,broad_joint,all,assumption__radius_min__noise_correlated__scale_75,broad_or_stress_assumption,correlated,joint_triangular_l3,joint_triangular_l5,7,0,0,0.0,-319.67967671428545,-458.6260060714285,-201.66018067499996,7,-319.67967671428545,-239.618289,0.0,-122.9663099999998,2.559324554794764,pointwise paired bootstrap; exploratory and not multiplicity-adjusted,very small stratum,-453.06736861071425,-200.90471071428536
broad,4,broad_joint,development,assumption__radius_min__noise_correlated__scale_75,broad_or_stress_assumption,all,joint_triangular_l1,joint_triangular_l5,7,0,0,0.0,-568.3036525714285,-747.2276128607142,-420.8717067857142,7,-568.3036525714285,-411.2455600000012,0.0,-339.6649669999988,4.615945343252915,pointwise paired bootstrap; exploratory and not multiplicity-adjusted,very small stratum,-735.4700606642857,-422.6944525000002
broad,4,broad_joint,development,assumption__radius_min__noise_correlated__scale_75,broad_or_stress_assumption,all,joint_triangular_l2,joint_triangular_l5,7,0,0,0.0,-427.8061292857141,-547.8594221249999,-315.1444199999995,7,-427.8061292857141,-340.59543799999847,0.0,-247.78859699999884,3.466181137616649,pointwise paired bootstrap; exploratory and not multiplicity-adjusted,very small stratum,-548.9416662285715,-318.9184141071428
broad,4,broad_joint,development,assumption__radius_min__noise_correlated__scale_75,broad_or_stress_assumption,all,joint_triangular_l3,joint_triangular_l5,7,0,0,0.0,-319.67967671428545,-457.3287060321425,-198.17539671428545,7,-319.67967671428545,-239.618289,0.0,-122.9663099999998,2.559324554794764,pointwise paired bootstrap; exploratory and not multiplicity-adjusted,very small stratum,-458.6062156821428,-200.90471071428536
broad,4,broad_joint,development,assumption__radius_min__noise_correlated__scale_75,broad_or_stress_assumption,correlated,joint_triangular_l1,joint_triangular_l5,7,0,0,0.0,-568.3036525714285,-738.0902617285711,-420.8178031285716,7,-568.3036525714285,-411.2455600000012,0.0,-339.6649669999988,4.615945343252915,pointwise paired bootstrap; exploratory and not multiplicity-adjusted,very small stratum,-738.2791046607142,-422.69007977142877
broad,4,broad_joint,development,assumption__radius_min__noise_correlated__scale_75,broad_or_stress_assumption,correlated,joint_triangular_l2,joint_triangular_l5,7,0,0,0.0,-427.8061292857141,-545.1741908892858,-309.7856562857136,7,-427.8061292857141,-340.59543799999847,0.0,-247.78859699999884,3.466181137616649,pointwise paired bootstrap; exploratory and not multiplicity-adjusted,very small stratum,-552.6229093821431,-318.9184141071428
broad,4,broad_joint,development,assumption__radius_min__noise_correlated__scale_75,broad_or_stress_assumption,correlated,joint_triangular_l3,joint_triangular_l5,7,0,0,0.0,-319.67967671428545,-466.2661059999999,-203.82345385714274,7,-319.67967671428545,-239.618289,0.0,-122.9663099999998,2.559324554794764,pointwise paired bootstrap; exploratory and not multiplicity-adjusted,very small stratum,-462.6208722999994,-198.7365464607141
broad,4,broad_joint,all,assumption__radius_min__noise_deterministic__scale_150,broad_or_stress_assumption,all,joint_triangular_l1,joint_triangular_l5,6,0,0,0.0,-591.5738775,-758.6362601666664,-422.64561716666685,6,-591.5738775,-558.9835030000004,0.0,-308.41211600000133,5.183112382826581,pointwise paired bootstrap; exploratory and not multiplicity-adjusted,very small stratum,-755.8930240458329,-426.3713846666663
broad,4,broad_joint,all,assumption__radius_min__noise_deterministic__scale_150,broad_or_stress_assumption,all,joint_triangular_l2,joint_triangular_l5,6,0,0,0.0,-428.3192968333333,-583.5627158333331,-262.17191699999995,6,-428.3192968333333,-435.7049784999999,0.0,-119.69786900000145,3.7531630864531187,pointwise paired bootstrap; exploratory and not multiplicity-adjusted,very small stratum,-595.875664166666,-273.06186877916696
broad,4,broad_joint,all,assumption__radius_min__noise_deterministic__scale_150,broad_or_stress_assumption,all,joint_triangular_l3,joint_triangular_l5,6,0,0,0.0,-310.2216463333331,-448.7884002291665,-175.12494853750056,6,-310.2216463333331,-327.67577150000034,0.0,-20.384620000000723,2.724564539756298,pointwise paired bootstrap; exploratory and not multiplicity-adjusted,very small stratum,-447.79784317499934,-157.20837350000056
broad,4,broad_joint,all,assumption__radius_min__noise_deterministic__scale_150,broad_or_stress_assumption,deterministic,joint_triangular_l1,joint_triangular_l5,6,0,0,0.0,-591.5738775,-758.1785680999997,-419.22935002500054,6,-591.5738775,-558.9835030000004,0.0,-308.41211600000133,5.183112382826581,pointwise paired bootstrap; exploratory and not multiplicity-adjusted,very small stratum,-769.4900404999995,-415.56486233333334
broad,4,broad_joint,all,assumption__radius_min__noise_deterministic__scale_150,broad_or_stress_assumption,deterministic,joint_triangular_l2,joint_triangular_l5,6,0,0,0.0,-428.3192968333333,-594.4575196875003,-256.6901576666672,6,-428.3192968333333,-435.7049784999999,0.0,-119.69786900000145,3.7531630864531187,pointwise paired bootstrap; exploratory and not multiplicity-adjusted,very small stratum,-588.2402314999994,-259.33061951666787
broad,4,broad_joint,all,assumption__radius_min__noise_deterministic__scale_150,broad_or_stress_assumption,deterministic,joint_triangular_l3,joint_triangular_l5,6,0,0,0.0,-310.2216463333331,-439.8408998333325,-157.93935553750072,6,-310.2216463333331,-327.67577150000034,0.0,-20.384620000000723,2.724564539756298,pointwise paired bootstrap; exploratory and not multiplicity-adjusted,very small stratum,-444.770540333333,-156.21229983333342
broad,4,broad_joint,development,assumption__radius_min__noise_deterministic__scale_150,broad_or_stress_assumption,all,joint_triangular_l1,joint_triangular_l5,6,0,0,0.0,-591.5738775,-758.168409333333,-428.67863433333395,6,-591.5738775,-558.9835030000004,0.0,-308.41211600000133,5.183112382826581,pointwise paired bootstrap; exploratory and not multiplicity-adjusted,very small stratum,-758.1785680999997,-424.9793456666669
broad,4,broad_joint,development,assumption__radius_min__noise_deterministic__scale_150,broad_or_stress_assumption,all,joint_triangular_l2,joint_triangular_l5,6,0,0,0.0,-428.3192968333333,-595.8312824999997,-262.15790794583336,6,-428.3192968333333,-435.7049784999999,0.0,-119.69786900000145,3.7531630864531187,pointwise paired bootstrap; exploratory and not multiplicity-adjusted,very small stratum,-595.8312824999997,-269.7861340333334
broad,4,broad_joint,development,assumption__radius_min__noise_deterministic__scale_150,broad_or_stress_assumption,all,joint_triangular_l3,joint_triangular_l5,6,0,0,0.0,-310.2216463333331,-444.770540333333,-167.14674233333335,6,-310.2216463333331,-327.67577150000034,0.0,-20.384620000000723,2.724564539756298,pointwise paired bootstrap; exploratory and not multiplicity-adjusted,very small stratum,-447.7729413333327,-171.14521700000023
broad,4,broad_joint,development,assumption__radius_min__noise_deterministic__scale_150,broad_or_stress_assumption,deterministic,joint_triangular_l1,joint_triangular_l5,6,0,0,0.0,-591.5738775,-776.629138545833,-417.8721120000009,6,-591.5738775,-558.9835030000004,0.0,-308.41211600000133,5.183112382826581,pointwise paired bootstrap; exploratory and not multiplicity-adjusted,very small stratum,-773.7044380000001,-431.8830816291681
broad,4,broad_joint,development,assumption__radius_min__noise_deterministic__scale_150,broad_or_stress_assumption,deterministic,joint_triangular_l2,joint_triangular_l5,6,0,0,0.0,-428.3192968333333,-588.195849833333,-256.66894203333396,6,-428.3192968333333,-435.7049784999999,0.0,-119.69786900000145,3.7531630864531187,pointwise paired bootstrap; exploratory and not multiplicity-adjusted,very small stratum,-588.2402314999994,-259.95868583333413
broad,4,broad_joint,development,assumption__radius_min__noise_deterministic__scale_150,broad_or_stress_assumption,deterministic,joint_triangular_l3,joint_triangular_l5,6,0,0,0.0,-310.2216463333331,-444.770540333333,-156.1559829375004,6,-310.2216463333331,-327.67577150000034,0.0,-20.384620000000723,2.724564539756298,pointwise paired bootstrap; exploratory and not multiplicity-adjusted,very small stratum,-450.8002441749991,-171.14521700000023
broad,4,broad_joint,all,assumption__radius_min__noise_deterministic__scale_300,broad_or_stress_assumption,all,joint_triangular_l1,joint_triangular_l5,4,0,0,0.0,-399.0275965000001,-693.0853659999993,-128.3275990000002,4,-399.0275965000001,-375.6698245000007,0.0,-45.22373599999992,3.322138940121599,pointwise paired bootstrap; exploratory and not multiplicity-adjusted,very small stratum,-693.0853659999993,-128.3275990000002
broad,4,broad_joint,all,assumption__radius_min__noise_deterministic__scale_300,broad_or_stress_assumption,all,joint_triangular_l2,joint_triangular_l5,4,0,0,0.0,-293.70579899999984,-545.8582082499997,-56.31052675000001,4,-293.70579899999984,-278.9486619999998,0.25,31.895959999999832,2.436832340769002,pointwise paired bootstrap; exploratory and not multiplicity-adjusted,very small stratum,-545.8582082499997,-56.31052675000001
broad,4,broad_joint,all,assumption__radius_min__noise_deterministic__scale_300,broad_or_stress_assumption,all,joint_triangular_l3,joint_triangular_l5,4,0,0,0.0,-203.85079825000048,-413.5644442500002,10.918796999999813,4,-203.85079825000048,-208.90674750000107,0.25,91.51370700000007,1.6769975311469252,pointwise paired bootstrap; exploratory and not multiplicity-adjusted,very small stratum,-424.5440370000001,10.918796999999813
broad,4,broad_joint,all,assumption__radius_min__noise_deterministic__scale_300,broad_or_stress_assumption,deterministic,joint_triangular_l1,joint_triangular_l5,4,0,0,0.0,-399.0275965000001,-693.0853659999993,-128.3275990000002,4,-399.0275965000001,-375.6698245000007,0.0,-45.22373599999992,3.322138940121599,pointwise paired bootstrap; exploratory and not multiplicity-adjusted,very small stratum,-693.0853659999993,-128.3275990000002
broad,4,broad_joint,all,assumption__radius_min__noise_deterministic__scale_300,broad_or_stress_assumption,deterministic,joint_triangular_l2,joint_triangular_l5,4,0,0,0.0,-293.70579899999984,-545.8582082499997,-56.31052675000001,4,-293.70579899999984,-278.9486619999998,0.25,31.895959999999832,2.436832340769002,pointwise paired bootstrap; exploratory and not multiplicity-adjusted,very small stratum,-545.8582082499997,-56.31052675000001
broad,4,broad_joint,all,assumption__radius_min__noise_deterministic__scale_300,broad_or_stress_assumption,deterministic,joint_triangular_l3,joint_triangular_l5,4,0,0,0.0,-203.85079825000048,-424.5440370000001,10.918796999999813,4,-203.85079825000048,-208.90674750000107,0.25,91.51370700000007,1.6769975311469252,pointwise paired bootstrap; exploratory and not multiplicity-adjusted,very small stratum,-413.5644442500002,21.89838974999975
broad,4,broad_joint,development,assumption__radius_min__noise_deterministic__scale_300,broad_or_stress_assumption,all,joint_triangular_l1,joint_triangular_l5,4,0,0,0.0,-399.0275965000001,-693.0853659999993,-128.3275990000002,4,-399.0275965000001,-375.6698245000007,0.0,-45.22373599999992,3.322138940121599,pointwise paired bootstrap; exploratory and not multiplicity-adjusted,very small stratum,-693.0853659999993,-128.3275990000002
broad,4,broad_joint,development,assumption__radius_min__noise_deterministic__scale_300,broad_or_stress_assumption,all,joint_triangular_l2,joint_triangular_l5,4,0,0,0.0,-293.70579899999984,-545.8582082499997,-56.31052675000001,4,-293.70579899999984,-278.9486619999998,0.25,31.895959999999832,2.436832340769002,pointwise paired bootstrap; exploratory and not multiplicity-adjusted,very small stratum,-545.8582082499997,-56.31052675000001
broad,4,broad_joint,development,assumption__radius_min__noise_deterministic__scale_300,broad_or_stress_assumption,all,joint_triangular_l3,joint_triangular_l5,4,0,0,0.0,-203.85079825000048,-413.5644442500002,10.918796999999813,4,-203.85079825000048,-208.90674750000107,0.25,91.51370700000007,1.6769975311469252,pointwise paired bootstrap; exploratory and not multiplicity-adjusted,very small stratum,-413.5644442500002,10.918796999999813
broad,4,broad_joint,development,assumption__radius_min__noise_deterministic__scale_300,broad_or_stress_assumption,deterministic,joint_triangular_l1,joint_triangular_l5,4,0,0,0.0,-399.0275965000001,-693.0853659999993,-128.3275990000002,4,-399.0275965000001,-375.6698245000007,0.0,-45.22373599999992,3.322138940121599,pointwise paired bootstrap; exploratory and not multiplicity-adjusted,very small stratum,-693.0853659999993,-128.3275990000002
broad,4,broad_joint,development,assumption__radius_min__noise_deterministic__scale_300,broad_or_stress_assumption,deterministic,joint_triangular_l2,joint_triangular_l5,4,0,0,0.0,-293.70579899999984,-545.8582082499997,-55.78576018750287,4,-293.70579899999984,-278.9486619999998,0.25,31.895959999999832,2.436832340769002,pointwise paired bootstrap; exploratory and not multiplicity-adjusted,very small stratum,-545.8582082499997,-56.31052675000001
broad,4,broad_joint,development,assumption__radius_min__noise_deterministic__scale_300,broad_or_stress_assumption,deterministic,joint_triangular_l3,joint_triangular_l5,4,0,0,0.0,-203.85079825000048,-413.5644442500002,10.918796999999813,4,-203.85079825000048,-208.90674750000107,0.25,91.51370700000007,1.6769975311469252,pointwise paired bootstrap; exploratory and not multiplicity-adjusted,very small stratum,-413.5644442500002,10.918796999999813
broad,4,broad_joint,all,assumption__radius_min__noise_deterministic__scale_75,broad_or_stress_assumption,all,joint_triangular_l1,joint_triangular_l5,6,0,0,0.0,-396.11816716666607,-574.8658854999994,-240.79396299999917,6,-396.11816716666607,-343.5794969999997,0.0,-176.0549460000002,3.591452823742125,pointwise paired bootstrap; exploratory and not multiplicity-adjusted,very small stratum,-567.7321391666661,-240.2087649999994
broad,4,broad_joint,all,assumption__radius_min__noise_deterministic__scale_75,broad_or_stress_assumption,all,joint_triangular_l2,joint_triangular_l5,6,0,0,0.0,-325.5690918333333,-486.52761633333284,-181.49070950000046,6,-325.5690918333333,-279.5874144999998,0.0,-95.84825600000113,2.9353316282099464,pointwise paired bootstrap; exploratory and not multiplicity-adjusted,very small stratum,-486.52761633333284,-181.49070950000046
broad,4,broad_joint,all,assumption__radius_min__noise_deterministic__scale_75,broad_or_stress_assumption,all,joint_triangular_l3,joint_triangular_l5,6,0,0,0.0,-225.95019533333348,-345.6795341666663,-113.85333683333435,6,-225.95019533333348,-215.11634950000007,0.0,-52.88890900000115,2.0394738354566484,pointwise paired bootstrap; exploratory and not multiplicity-adjusted,very small stratum,-344.0827616541663,-121.26161950000096
broad,4,broad_joint,all,assumption__radius_min__noise_deterministic__scale_75,broad_or_stress_assumption,deterministic,joint_triangular_l1,joint_triangular_l5,6,0,0,0.0,-396.11816716666607,-570.6979724999992,-240.2087649999994,6,-396.11816716666607,-343.5794969999997,0.0,-176.0549460000002,3.591452823742125,pointwise paired bootstrap; exploratory and not multiplicity-adjusted,very small stratum,-567.8062849999993,-240.79396299999917
broad,4,broad_joint,all,assumption__radius_min__noise_deterministic__scale_75,broad_or_stress_assumption,deterministic,joint_triangular_l2,joint_triangular_l5,6,0,0,0.0,-325.5690918333333,-493.6770334999998,-181.37520750000053,6,-325.5690918333333,-279.5874144999998,0.0,-95.84825600000113,2.9353316282099464,pointwise paired bootstrap; exploratory and not multiplicity-adjusted,very small stratum,-498.66882896666664,-179.2777641666671
broad,4,broad_joint,all,assumption__radius_min__noise_deterministic__scale_75,broad_or_stress_assumption,deterministic,joint_triangular_l3,joint_triangular_l5,6,0,0,0.0,-225.95019533333348,-344.0827616541663,-116.49598716666758,6,-225.95019533333348,-215.11634950000007,0.0,-52.88890900000115,2.0394738354566484,pointwise paired bootstrap; exploratory and not multiplicity-adjusted,very small stratum,-339.358558958333,-118.1299690291675
broad,4,broad_joint,development,assumption__radius_min__noise_deterministic__scale_75,broad_or_stress_assumption,all,joint_triangular_l1,joint_triangular_l5,6,0,0,0.0,-396.11816716666607,-572.4852501666661,-237.82812966666611,6,-396.11816716666607,-343.5794969999997,0.0,-176.0549460000002,3.591452823742125,pointwise paired bootstrap; exploratory and not multiplicity-adjusted,very small stratum,-577.8317188333325,-240.79396299999917
broad,4,broad_joint,development,assumption__radius_min__noise_deterministic__scale_75,broad_or_stress_assumption,all,joint_triangular_l2,joint_triangular_l5,6,0,0,0.0,-325.5690918333333,-486.52761633333284,-179.2777641666671,6,-325.5690918333333,-279.5874144999998,0.0,-95.84825600000113,2.9353316282099464,pointwise paired bootstrap; exploratory and not multiplicity-adjusted,very small stratum,-486.52761633333284,-181.37520750000053
broad,4,broad_joint,development,assumption__radius_min__noise_deterministic__scale_75,broad_or_stress_assumption,all,joint_triangular_l3,joint_triangular_l5,6,0,0,0.0,-225.95019533333348,-345.6795341666663,-125.95000799583475,6,-225.95019533333348,-215.11634950000007,0.0,-52.88890900000115,2.0394738354566484,pointwise paired bootstrap; exploratory and not multiplicity-adjusted,very small stratum,-348.82509366666636,-116.49598716666758
broad,4,broad_joint,development,assumption__radius_min__noise_deterministic__scale_75,broad_or_stress_assumption,deterministic,joint_triangular_l1,joint_triangular_l5,6,0,0,0.0,-396.11816716666607,-574.8658854999994,-237.82812966666611,6,-396.11816716666607,-343.5794969999997,0.0,-176.0549460000002,3.591452823742125,pointwise paired bootstrap; exploratory and not multiplicity-adjusted,very small stratum,-570.7426544416658,-237.82812966666611
broad,4,broad_joint,development,assumption__radius_min__noise_deterministic__scale_75,broad_or_stress_assumption,deterministic,joint_triangular_l2,joint_triangular_l5,6,0,0,0.0,-325.5690918333333,-493.6770334999998,-181.49070950000046,6,-325.5690918333333,-279.5874144999998,0.0,-95.84825600000113,2.9353316282099464,pointwise paired bootstrap; exploratory and not multiplicity-adjusted,very small stratum,-486.52761633333284,-183.6483312000008
broad,4,broad_joint,development,assumption__radius_min__noise_deterministic__scale_75,broad_or_stress_assumption,deterministic,joint_triangular_l3,joint_triangular_l5,6,0,0,0.0,-225.95019533333348,-345.9582456666661,-116.49598716666758,6,-225.95019533333348,-215.11634950000007,0.0,-52.88890900000115,2.0394738354566484,pointwise paired bootstrap; exploratory and not multiplicity-adjusted,very small stratum,-345.6795341666663,-116.49598716666758
broad,4,broad_joint,all,assumption__radius_min__noise_extreme__scale_150,broad_or_stress_assumption,all,joint_triangular_l1,joint_triangular_l5,5,0,0,0.0,22.271629799999936,-372.0000259999997,447.8661927999998,5,22.271629799999936,-95.00691800000095,0.4,786.8606519999994,-0.11035450356348633,pointwise paired bootstrap; exploratory and not multiplicity-adjusted,very small stratum,-364.80150999999967,440.66767679999975
broad,4,broad_joint,all,assumption__radius_min__noise_extreme__scale_150,broad_or_stress_assumption,all,joint_triangular_l2,joint_triangular_l5,5,0,0,0.0,126.9667260000002,-223.3374079999994,527.0517207999998,5,126.9667260000002,-92.47816500000044,0.4,831.3693179999991,-1.0615383783928434,pointwise paired bootstrap; exploratory and not multiplicity-adjusted,very small stratum,-232.01264459999948,527.0517207999998
broad,4,broad_joint,all,assumption__radius_min__noise_extreme__scale_150,broad_or_stress_assumption,all,joint_triangular_l3,joint_triangular_l5,5,0,0,0.0,-13.195417599999564,-209.6108671999995,282.05330980000036,5,-13.195417599999564,-191.45302599999923,0.2,603.895192,-0.0068364613565184305,pointwise paired bootstrap; exploratory and not multiplicity-adjusted,very small stratum,-209.6108671999995,308.64646460000006
broad,4,broad_joint,all,assumption__radius_min__noise_extreme__scale_150,broad_or_stress_assumption,extreme,joint_triangular_l1,joint_triangular_l5,5,0,0,0.0,22.271629799999936,-364.80150999999967,440.66767679999975,5,22.271629799999936,-95.00691800000095,0.4,786.8606519999994,-0.11035450356348633,pointwise paired bootstrap; exploratory and not multiplicity-adjusted,very small stratum,-372.0000259999997,447.8661927999998
broad,4,broad_joint,all,assumption__radius_min__noise_extreme__scale_150,broad_or_stress_assumption,extreme,joint_triangular_l2,joint_triangular_l5,5,0,0,0.0,126.9667260000002,-232.01264459999948,535.7269573999998,5,126.9667260000002,-92.47816500000044,0.4,831.3693179999991,-1.0615383783928434,pointwise paired bootstrap; exploratory and not multiplicity-adjusted,very small stratum,-232.01264459999948,535.7269573999998
broad,4,broad_joint,all,assumption__radius_min__noise_extreme__scale_150,broad_or_stress_assumption,extreme,joint_triangular_l3,joint_triangular_l5,5,0,0,0.0,-13.195417599999564,-209.6108671999995,308.64646460000006,5,-13.195417599999564,-191.45302599999923,0.2,603.895192,-0.0068364613565184305,pointwise paired bootstrap; exploratory and not multiplicity-adjusted,very small stratum,-209.6108671999995,310.3201952000003
broad,4,broad_joint,development,assumption__radius_min__noise_extreme__scale_150,broad_or_stress_assumption,all,joint_triangular_l1,joint_triangular_l5,5,0,0,0.0,22.271629799999936,-364.98147289999935,440.84763969999875,5,22.271629799999936,-95.00691800000095,0.4,786.8606519999994,-0.11035450356348633,pointwise paired bootstrap; exploratory and not multiplicity-adjusted,very small stratum,-372.0000259999997,447.8661927999998
broad,4,broad_joint,development,assumption__radius_min__noise_extreme__scale_150,broad_or_stress_assumption,all,joint_triangular_l2,joint_triangular_l5,5,0,0,0.0,126.9667260000002,-223.3374079999994,535.7269573999998,5,126.9667260000002,-92.47816500000044,0.4,831.3693179999991,-1.0615383783928434,pointwise paired bootstrap; exploratory and not multiplicity-adjusted,very small stratum,-223.3374079999994,527.0517207999998
broad,4,broad_joint,development,assumption__radius_min__noise_extreme__scale_150,broad_or_stress_assumption,all,joint_triangular_l3,joint_triangular_l5,5,0,0,0.0,-13.195417599999564,-209.6108671999995,310.3201952000003,5,-13.195417599999564,-191.45302599999923,0.2,603.895192,-0.0068364613565184305,pointwise paired bootstrap; exploratory and not multiplicity-adjusted,very small stratum,-209.6108671999995,310.3201952000003
broad,4,broad_joint,development,assumption__radius_min__noise_extreme__scale_150,broad_or_stress_assumption,extreme,joint_triangular_l1,joint_triangular_l5,5,0,0,0.0,22.271629799999936,-372.0000259999997,447.8661927999998,5,22.271629799999936,-95.00691800000095,0.4,786.8606519999994,-0.11035450356348633,pointwise paired bootstrap; exploratory and not multiplicity-adjusted,very small stratum,-372.0000259999997,447.8661927999998
broad,4,broad_joint,development,assumption__radius_min__noise_extreme__scale_150,broad_or_stress_assumption,extreme,joint_triangular_l2,joint_triangular_l5,5,0,0,0.0,126.9667260000002,-232.01264459999948,535.7269573999998,5,126.9667260000002,-92.47816500000044,0.4,831.3693179999991,-1.0615383783928434,pointwise paired bootstrap; exploratory and not multiplicity-adjusted,very small stratum,-223.3374079999994,527.0517207999998
broad,4,broad_joint,development,assumption__radius_min__noise_extreme__scale_150,broad_or_stress_assumption,extreme,joint_triangular_l3,joint_triangular_l5,5,0,0,0.0,-13.195417599999564,-209.6108671999995,308.64646460000006,5,-13.195417599999564,-191.45302599999923,0.2,603.895192,-0.0068364613565184305,pointwise paired bootstrap; exploratory and not multiplicity-adjusted,very small stratum,-207.97897986499913,308.64646460000006
broad,4,broad_joint,all,assumption__radius_min__noise_extreme__scale_300,broad_or_stress_assumption,all,joint_triangular_l1,joint_triangular_l5,5,0,0,0.0,-441.0060308,-723.7854910000002,-257.74514500000004,5,-441.0060308,-359.2389179999991,0.0,-187.7905350000001,4.068355012742723,pointwise paired bootstrap; exploratory and not multiplicity-adjusted,very small stratum,-731.9735933999997,-256.3698881999997
broad,4,broad_joint,all,assumption__radius_min__noise_extreme__scale_300,broad_or_stress_assumption,all,joint_triangular_l2,joint_triangular_l5,5,0,0,0.0,-273.1185742000001,-348.9581247500005,-199.11405464500012,5,-273.1185742000001,-277.8018069999998,0.0,-156.15856499999973,2.579994590915075,pointwise paired bootstrap; exploratory and not multiplicity-adjusted,very small stratum,-354.7977166000008,-199.19938859999965
broad,4,broad_joint,all,assumption__radius_min__noise_extreme__scale_300,broad_or_stress_assumption,all,joint_triangular_l3,joint_triangular_l5,5,0,0,0.0,-197.24440160000012,-269.23482860000075,-141.38564219999935,5,-197.24440160000012,-172.18850500000008,0.0,-127.39799299999868,1.8563331491670478,pointwise paired bootstrap; exploratory and not multiplicity-adjusted,very small stratum,-270.5091520000009,-141.38564219999935
broad,4,broad_joint,all,assumption__radius_min__noise_extreme__scale_300,broad_or_stress_assumption,extreme,joint_triangular_l1,joint_triangular_l5,5,0,0,0.0,-441.0060308,-722.4102341999999,-256.3698881999997,5,-441.0060308,-359.2389179999991,0.0,-187.7905350000001,4.068355012742723,pointwise paired bootstrap; exploratory and not multiplicity-adjusted,very small stratum,-722.4102341999999,-257.74514500000004
broad,4,broad_joint,all,assumption__radius_min__noise_extreme__scale_300,broad_or_stress_assumption,extreme,joint_triangular_l2,joint_triangular_l5,5,0,0,0.0,-273.1185742000001,-348.85498720000066,-199.19938859999965,5,-273.1185742000001,-277.8018069999998,0.0,-156.15856499999973,2.579994590915075,pointwise paired bootstrap; exploratory and not multiplicity-adjusted,very small stratum,-354.7977166000008,-195.7860303999998
broad,4,broad_joint,all,assumption__radius_min__noise_extreme__scale_300,broad_or_stress_assumption,extreme,joint_triangular_l3,joint_triangular_l5,5,0,0,0.0,-197.24440160000012,-270.5091520000009,-138.87086879999916,5,-197.24440160000012,-172.18850500000008,0.0,-127.39799299999868,1.8563331491670478,pointwise paired bootstrap; exploratory and not multiplicity-adjusted,very small stratum,-269.2666866850007,-141.38564219999935
broad,4,broad_joint,development,assumption__radius_min__noise_extreme__scale_300,broad_or_stress_assumption,all,joint_triangular_l1,joint_triangular_l5,5,0,0,0.0,-441.0060308,-722.4102341999999,-256.16518564000086,5,-441.0060308,-359.2389179999991,0.0,-187.7905350000001,4.068355012742723,pointwise paired bootstrap; exploratory and not multiplicity-adjusted,very small stratum,-723.7854910000002,-257.74514500000004
broad,4,broad_joint,development,assumption__radius_min__noise_extreme__scale_300,broad_or_stress_assumption,all,joint_triangular_l2,joint_triangular_l5,5,0,0,0.0,-273.1185742000001,-353.0259198850007,-195.7860303999998,5,-273.1185742000001,-277.8018069999998,0.0,-156.15856499999973,2.579994590915075,pointwise paired bootstrap; exploratory and not multiplicity-adjusted,very small stratum,-354.7977166000008,-195.7860303999998
broad,4,broad_joint,development,assumption__radius_min__noise_extreme__scale_300,broad_or_stress_assumption,all,joint_triangular_l3,joint_triangular_l5,5,0,0,0.0,-197.24440160000012,-270.5091520000009,-143.90041559999955,5,-197.24440160000012,-172.18850500000008,0.0,-127.39799299999868,1.8563331491670478,pointwise paired bootstrap; exploratory and not multiplicity-adjusted,very small stratum,-269.23482860000075,-141.38564219999935
broad,4,broad_joint,development,assumption__radius_min__noise_extreme__scale_300,broad_or_stress_assumption,extreme,joint_triangular_l1,joint_triangular_l5,5,0,0,0.0,-441.0060308,-722.4102341999999,-256.3698881999997,5,-441.0060308,-359.2389179999991,0.0,-187.7905350000001,4.068355012742723,pointwise paired bootstrap; exploratory and not multiplicity-adjusted,very small stratum,-723.7854910000002,-256.3698881999997
broad,4,broad_joint,development,assumption__radius_min__noise_extreme__scale_300,broad_or_stress_assumption,extreme,joint_triangular_l2,joint_triangular_l5,5,0,0,0.0,-273.1185742000001,-354.7977166000008,-199.19938859999965,5,-273.1185742000001,-277.8018069999998,0.0,-156.15856499999973,2.579994590915075,pointwise paired bootstrap; exploratory and not multiplicity-adjusted,very small stratum,-352.98048920000076,-195.7860303999998
broad,4,broad_joint,development,assumption__radius_min__noise_extreme__scale_300,broad_or_stress_assumption,extreme,joint_triangular_l3,joint_triangular_l5,5,0,0,0.0,-197.24440160000012,-271.74960200000095,-141.38564219999935,5,-197.24440160000012,-172.18850500000008,0.0,-127.39799299999868,1.8563331491670478,pointwise paired bootstrap; exploratory and not multiplicity-adjusted,very small stratum,-270.5091520000009,-141.38564219999935
broad,4,broad_joint,all,assumption__radius_min__noise_extreme__scale_75,broad_or_stress_assumption,all,joint_triangular_l1,joint_triangular_l5,7,0,0,0.0,-151.37771800000024,-423.33113057142873,191.01592104642802,7,-151.37771800000024,-401.2484339999992,0.2857142857142857,712.4687709999998,1.1526452232251756,pointwise paired bootstrap; exploratory and not multiplicity-adjusted,very small stratum,-427.8856642857149,192.06509242857126
broad,4,broad_joint,all,assumption__radius_min__noise_extreme__scale_75,broad_or_stress_assumption,all,joint_triangular_l2,joint_triangular_l5,7,0,0,0.0,-83.25797285714283,-343.8688331428563,238.20415971428545,7,-83.25797285714283,-263.06178999999975,0.2857142857142857,695.5806560000001,0.5255574820573057,pointwise paired bootstrap; exploratory and not multiplicity-adjusted,very small stratum,-342.93689028571447,233.49283509999967
broad,4,broad_joint,all,assumption__radius_min__noise_extreme__scale_75,broad_or_stress_assumption,all,joint_triangular_l3,joint_triangular_l5,7,0,0,0.0,-75.94791,-251.74594985714222,223.37549571428593,7,-75.94791,-192.19365899999866,0.14285714285714285,788.5403249999999,0.46545691554083773,pointwise paired bootstrap; exploratory and not multiplicity-adjusted,very small stratum,-249.70690566071397,228.7814296535715
broad,4,broad_joint,all,assumption__radius_min__noise_extreme__scale_75,broad_or_stress_assumption,extreme,joint_triangular_l1,joint_triangular_l5,7,0,0,0.0,-151.37771800000024,-425.46048142857217,192.06509242857126,7,-151.37771800000024,-401.2484339999992,0.2857142857142857,712.4687709999998,1.1526452232251756,pointwise paired bootstrap; exploratory and not multiplicity-adjusted,very small stratum,-424.39580600000045,168.5172001428569
broad,4,broad_joint,all,assumption__radius_min__noise_extreme__scale_75,broad_or_stress_assumption,extreme,joint_triangular_l2,joint_triangular_l5,7,0,0,0.0,-83.25797285714283,-339.1132246071424,242.92550685714247,7,-83.25797285714283,-263.06178999999975,0.2857142857142857,695.5806560000001,0.5255574820573057,pointwise paired bootstrap; exploratory and not multiplicity-adjusted,very small stratum,-348.181929142857,254.53950062857132
broad,4,broad_joint,all,assumption__radius_min__noise_extreme__scale_75,broad_or_stress_assumption,extreme,joint_triangular_l3,joint_triangular_l5,7,0,0,0.0,-75.94791,-256.2783818285712,216.57585451071427,7,-75.94791,-192.19365899999866,0.14285714285714285,788.5403249999999,0.46545691554083773,pointwise paired bootstrap; exploratory and not multiplicity-adjusted,very small stratum,-253.3321354214285,223.39196230714296
broad,4,broad_joint,development,assumption__radius_min__noise_extreme__scale_75,broad_or_stress_assumption,all,joint_triangular_l1,joint_triangular_l5,7,0,0,0.0,-151.37771800000024,-430.35571441071465,168.56219653928522,7,-151.37771800000024,-401.2484339999992,0.2857142857142857,712.4687709999998,1.1526452232251756,pointwise paired bootstrap; exploratory and not multiplicity-adjusted,very small stratum,-432.1321547428574,189.65554274642847
broad,4,broad_joint,development,assumption__radius_min__noise_extreme__scale_75,broad_or_stress_assumption,all,joint_triangular_l2,joint_triangular_l5,7,0,0,0.0,-83.25797285714283,-338.1653671142853,230.80257285714262,7,-83.25797285714283,-263.06178999999975,0.2857142857142857,695.5806560000001,0.5255574820573057,pointwise paired bootstrap; exploratory and not multiplicity-adjusted,very small stratum,-346.02538114285665,232.95912085714295
broad,4,broad_joint,development,assumption__radius_min__noise_extreme__scale_75,broad_or_stress_assumption,all,joint_triangular_l3,joint_triangular_l5,7,0,0,0.0,-75.94791,-254.6342481428567,223.82772657857166,7,-75.94791,-192.19365899999866,0.14285714285714285,788.5403249999999,0.46545691554083773,pointwise paired bootstrap; exploratory and not multiplicity-adjusted,very small stratum,-252.192887571428,229.22650700000017
broad,4,broad_joint,development,assumption__radius_min__noise_extreme__scale_75,broad_or_stress_assumption,extreme,joint_triangular_l1,joint_triangular_l5,7,0,0,0.0,-151.37771800000024,-433.17021328571485,170.3170559999996,7,-151.37771800000024,-401.2484339999992,0.2857142857142857,712.4687709999998,1.1526452232251756,pointwise paired bootstrap; exploratory and not multiplicity-adjusted,very small stratum,-422.29307202857126,212.3585506392854
broad,4,broad_joint,development,assumption__radius_min__noise_extreme__scale_75,broad_or_stress_assumption,extreme,joint_triangular_l2,joint_triangular_l5,7,0,0,0.0,-83.25797285714283,-352.99145137857084,220.76280285714242,7,-83.25797285714283,-263.06178999999975,0.2857142857142857,695.5806560000001,0.5255574820573057,pointwise paired bootstrap; exploratory and not multiplicity-adjusted,very small stratum,-340.78034228571414,242.92550685714247
broad,4,broad_joint,development,assumption__radius_min__noise_extreme__scale_75,broad_or_stress_assumption,extreme,joint_triangular_l3,joint_triangular_l5,7,0,0,0.0,-75.94791,-252.23199402142794,224.49227058571387,7,-75.94791,-192.19365899999866,0.14285714285714285,788.5403249999999,0.46545691554083773,pointwise paired bootstrap; exploratory and not multiplicity-adjusted,very small stratum,-251.74980196071365,223.82772657857166
broad,4,broad_joint,all,assumption__radius_mixed__noise_correlated__scale_150,broad_or_stress_assumption,all,joint_triangular_l1,joint_triangular_l5,7,0,0,0.0,-288.7968667142858,-575.0905971428571,137.48565771071395,7,-288.7968667142858,-388.30935300000056,0.14285714285714285,870.1394,2.528266112218947,pointwise paired bootstrap; exploratory and not multiplicity-adjusted,very small stratum,-571.4800812357136,133.44636995357115
broad,4,broad_joint,all,assumption__radius_mixed__noise_correlated__scale_150,broad_or_stress_assumption,all,joint_triangular_l2,joint_triangular_l5,7,0,0,0.0,-160.04660071428614,-505.7431697142856,253.64550672142727,7,-160.04660071428614,-163.24712900000122,0.14285714285714285,933.2171569999991,1.4198150905883782,pointwise paired bootstrap; exploratory and not multiplicity-adjusted,very small stratum,-497.9059012857142,242.98071739285632
broad,4,broad_joint,all,assumption__radius_mixed__noise_correlated__scale_150,broad_or_stress_assumption,all,joint_triangular_l3,joint_triangular_l5,7,0,0,0.0,-144.95659171428557,-482.65503705714224,283.03360723214286,7,-144.95659171428557,-200.081236,0.14285714285714285,1016.6745119999996,1.200939702607624,pointwise paired bootstrap; exploratory and not multiplicity-adjusted,very small stratum,-480.6777569999995,275.2366648571429
broad,4,broad_joint,all,assumption__radius_mixed__noise_correlated__scale_150,broad_or_stress_assumption,correlated,joint_triangular_l1,joint_triangular_l5,7,0,0,0.0,-288.7968667142858,-568.7153157999999,139.34032371428552,7,-288.7968667142858,-388.30935300000056,0.14285714285714285,870.1394,2.528266112218947,pointwise paired bootstrap; exploratory and not multiplicity-adjusted,very small stratum,-572.4897288214285,123.70678893214273
broad,4,broad_joint,all,assumption__radius_mixed__noise_correlated__scale_150,broad_or_stress_assumption,correlated,joint_triangular_l2,joint_triangular_l5,7,0,0,0.0,-160.04660071428614,-480.7127012464283,263.80570871428506,7,-160.04660071428614,-163.24712900000122,0.14285714285714285,933.2171569999991,1.4198150905883782,pointwise paired bootstrap; exploratory and not multiplicity-adjusted,very small stratum,-490.6205735714287,259.5851345714278
broad,4,broad_joint,all,assumption__radius_mixed__noise_correlated__scale_150,broad_or_stress_assumption,correlated,joint_triangular_l3,joint_triangular_l5,7,0,0,0.0,-144.95659171428557,-486.3755183035707,282.97045585714324,7,-144.95659171428557,-200.081236,0.14285714285714285,1016.6745119999996,1.200939702607624,pointwise paired bootstrap; exploratory and not multiplicity-adjusted,very small stratum,-492.20692671428566,281.4823274285718
broad,4,broad_joint,development,assumption__radius_mixed__noise_correlated__scale_150,broad_or_stress_assumption,all,joint_triangular_l1,joint_triangular_l5,7,0,0,0.0,-288.7968667142858,-576.9641343964286,133.44636995357115,7,-288.7968667142858,-388.30935300000056,0.14285714285714285,870.1394,2.528266112218947,pointwise paired bootstrap; exploratory and not multiplicity-adjusted,very small stratum,-575.1372193821427,141.96006328571406
broad,4,broad_joint,development,assumption__radius_mixed__noise_correlated__scale_150,broad_or_stress_assumption,all,joint_triangular_l2,joint_triangular_l5,7,0,0,0.0,-160.04660071428614,-469.7503735714287,244.74385585714222,7,-160.04660071428614,-163.24712900000122,0.14285714285714285,933.2171569999991,1.4198150905883782,pointwise paired bootstrap; exploratory and not multiplicity-adjusted,very small stratum,-497.17580317857113,259.5851345714278
broad,4,broad_joint,development,assumption__radius_mixed__noise_correlated__scale_150,broad_or_stress_assumption,all,joint_triangular_l3,joint_triangular_l5,7,0,0,0.0,-144.95659171428557,-480.7260235535708,293.230301857143,7,-144.95659171428557,-200.081236,0.14285714285714285,1016.6745119999996,1.200939702607624,pointwise paired bootstrap; exploratory and not multiplicity-adjusted,very small stratum,-484.58893763571376,311.1355212535714
broad,4,broad_joint,development,assumption__radius_mixed__noise_correlated__scale_150,broad_or_stress_assumption,correlated,joint_triangular_l1,joint_triangular_l5,7,0,0,0.0,-288.7968667142858,-573.2257075714284,123.94391267857111,7,-288.7968667142858,-388.30935300000056,0.14285714285714285,870.1394,2.528266112218947,pointwise paired bootstrap; exploratory and not multiplicity-adjusted,very small stratum,-572.4897288214285,117.2484866785714
broad,4,broad_joint,development,assumption__radius_mixed__noise_correlated__scale_150,broad_or_stress_assumption,correlated,joint_triangular_l2,joint_triangular_l5,7,0,0,0.0,-160.04660071428614,-499.7594571071426,257.82199610714184,7,-160.04660071428614,-163.24712900000122,0.14285714285714285,933.2171569999991,1.4198150905883782,pointwise paired bootstrap; exploratory and not multiplicity-adjusted,very small stratum,-499.7142484285713,261.4537873892845
broad,4,broad_joint,development,assumption__radius_mixed__noise_correlated__scale_150,broad_or_stress_assumption,correlated,joint_triangular_l3,joint_triangular_l5,7,0,0,0.0,-144.95659171428557,-474.3256380964286,281.5151466464288,7,-144.95659171428557,-200.081236,0.14285714285714285,1016.6745119999996,1.200939702607624,pointwise paired bootstrap; exploratory and not multiplicity-adjusted,very small stratum,-476.2139440178568,275.43000963214183
broad,4,broad_joint,all,assumption__radius_mixed__noise_correlated__scale_300,broad_or_stress_assumption,all,joint_triangular_l1,joint_triangular_l5,7,0,0,0.0,-544.6067649999999,-795.2976765142854,-215.66209699999985,7,-544.6067649999999,-696.6806820000002,0.14285714285714285,441.7101309999998,4.8069478521448366,pointwise paired bootstrap; exploratory and not multiplicity-adjusted,very small stratum,-786.7683320000002,-182.95553495357126
broad,4,broad_joint,all,assumption__radius_mixed__noise_correlated__scale_300,broad_or_stress_assumption,all,joint_triangular_l2,joint_triangular_l5,7,0,0,0.0,-491.2323048571429,-606.8410373071434,-374.94380291785745,7,-491.2323048571429,-516.5651319999997,0.0,-217.58513399999902,4.357696521829135,pointwise paired bootstrap; exploratory and not multiplicity-adjusted,very small stratum,-598.751239157143,-367.3032648428567
broad,4,broad_joint,all,assumption__radius_mixed__noise_correlated__scale_300,broad_or_stress_assumption,all,joint_triangular_l3,joint_triangular_l5,7,0,0,0.0,-349.30704885714295,-461.58742376428506,-250.1439911428575,7,-349.30704885714295,-343.35847300000023,0.0,-137.5917819999995,3.0863437950023678,pointwise paired bootstrap; exploratory and not multiplicity-adjusted,very small stratum,-460.97709496785717,-248.93326892499945
broad,4,broad_joint,all,assumption__radius_mixed__noise_correlated__scale_300,broad_or_stress_assumption,correlated,joint_triangular_l1,joint_triangular_l5,7,0,0,0.0,-544.6067649999999,-788.1498603249996,-192.20111109642878,7,-544.6067649999999,-696.6806820000002,0.14285714285714285,441.7101309999998,4.8069478521448366,pointwise paired bootstrap; exploratory and not multiplicity-adjusted,very small stratum,-788.3335128571424,-190.8793881428571
broad,4,broad_joint,all,assumption__radius_mixed__noise_correlated__scale_300,broad_or_stress_assumption,correlated,joint_triangular_l2,joint_triangular_l5,7,0,0,0.0,-491.2323048571429,-602.7697237142862,-371.1839659999997,7,-491.2323048571429,-516.5651319999997,0.0,-217.58513399999902,4.357696521829135,pointwise paired bootstrap; exploratory and not multiplicity-adjusted,very small stratum,-599.124243014286,-371.3734271428569
broad,4,broad_joint,all,assumption__radius_mixed__noise_correlated__scale_300,broad_or_stress_assumption,correlated,joint_triangular_l3,joint_triangular_l5,7,0,0,0.0,-349.30704885714295,-460.40297751428585,-249.0191332428577,7,-349.30704885714295,-343.35847300000023,0.0,-137.5917819999995,3.0863437950023678,pointwise paired bootstrap; exploratory and not multiplicity-adjusted,very small stratum,-462.65111685714277,-249.01630159642914
broad,4,broad_joint,development,assumption__radius_mixed__noise_correlated__scale_300,broad_or_stress_assumption,all,joint_triangular_l1,joint_triangular_l5,7,0,0,0.0,-544.6067649999999,-784.942428746428,-182.9024107250001,7,-544.6067649999999,-696.6806820000002,0.14285714285714285,441.7101309999998,4.8069478521448366,pointwise paired bootstrap; exploratory and not multiplicity-adjusted,very small stratum,-787.892903428571,-194.51117472500036
broad,4,broad_joint,development,assumption__radius_mixed__noise_correlated__scale_300,broad_or_stress_assumption,all,joint_triangular_l2,joint_triangular_l5,7,0,0,0.0,-491.2323048571429,-611.3755601571429,-371.6405556928567,7,-491.2323048571429,-516.5651319999997,0.0,-217.58513399999902,4.357696521829135,pointwise paired bootstrap; exploratory and not multiplicity-adjusted,very small stratum,-602.7697237142862,-379.80740657142815
broad,4,broad_joint,development,assumption__radius_mixed__noise_correlated__scale_300,broad_or_stress_assumption,all,joint_triangular_l3,joint_triangular_l5,7,0,0,0.0,-349.30704885714295,-460.97709496785717,-247.69614314285718,7,-349.30704885714295,-343.35847300000023,0.0,-137.5917819999995,3.0863437950023678,pointwise paired bootstrap; exploratory and not multiplicity-adjusted,very small stratum,-462.65111685714277,-242.29552573928675
broad,4,broad_joint,development,assumption__radius_mixed__noise_correlated__scale_300,broad_or_stress_assumption,correlated,joint_triangular_l1,joint_triangular_l5,7,0,0,0.0,-544.6067649999999,-793.9175901428569,-182.75120657142907,7,-544.6067649999999,-696.6806820000002,0.14285714285714285,441.7101309999998,4.8069478521448366,pointwise paired bootstrap; exploratory and not multiplicity-adjusted,very small stratum,-788.1790416178568,-192.94351011071421
broad,4,broad_joint,development,assumption__radius_mixed__noise_correlated__scale_300,broad_or_stress_assumption,correlated,joint_triangular_l2,joint_triangular_l5,7,0,0,0.0,-491.2323048571429,-602.6600161571433,-376.08294962857127,7,-491.2323048571429,-516.5651319999997,0.0,-217.58513399999902,4.357696521829135,pointwise paired bootstrap; exploratory and not multiplicity-adjusted,very small stratum,-602.8185884428575,-367.418598428571
broad,4,broad_joint,development,assumption__radius_mixed__noise_correlated__scale_300,broad_or_stress_assumption,correlated,joint_triangular_l3,joint_triangular_l5,7,0,0,0.0,-349.30704885714295,-468.4436287142858,-248.82283471428568,7,-349.30704885714295,-343.35847300000023,0.0,-137.5917819999995,3.0863437950023678,pointwise paired bootstrap; exploratory and not multiplicity-adjusted,very small stratum,-471.8197407142855,-237.96273028571446
broad,4,broad_joint,all,assumption__radius_mixed__noise_correlated__scale_75,broad_or_stress_assumption,all,joint_triangular_l1,joint_triangular_l5,7,0,0,0.0,-676.0195708571428,-894.1164628214283,-455.68925342857125,7,-676.0195708571428,-735.4981659999994,0.0,-157.47884200000044,5.893563236824128,pointwise paired bootstrap; exploratory and not multiplicity-adjusted,very small stratum,-895.5524072142856,-439.58912828571454
broad,4,broad_joint,all,assumption__radius_mixed__noise_correlated__scale_75,broad_or_stress_assumption,all,joint_triangular_l2,joint_triangular_l5,7,0,0,0.0,-541.6887750000003,-716.7356891428572,-353.6661648571434,7,-541.6887750000003,-601.6535130000011,0.0,-154.4204090000003,4.748525647002794,pointwise paired bootstrap; exploratory and not multiplicity-adjusted,very small stratum,-713.042225,-360.06990479285747
broad,4,broad_joint,all,assumption__radius_mixed__noise_correlated__scale_75,broad_or_stress_assumption,all,joint_triangular_l3,joint_triangular_l5,7,0,0,0.0,-366.8963917142859,-518.1983800000004,-204.87855480714302,7,-366.8963917142859,-429.8733830000001,0.14285714285714285,54.70610800000031,3.1670306472933847,pointwise paired bootstrap; exploratory and not multiplicity-adjusted,very small stratum,-521.3849114285719,-192.35513514285725
broad,4,broad_joint,all,assumption__radius_mixed__noise_correlated__scale_75,broad_or_stress_assumption,correlated,joint_triangular_l1,joint_triangular_l5,7,0,0,0.0,-676.0195708571428,-891.5103249285708,-432.2290542857146,7,-676.0195708571428,-735.4981659999994,0.0,-157.47884200000044,5.893563236824128,pointwise paired bootstrap; exploratory and not multiplicity-adjusted,very small stratum,-903.2118458214284,-443.0226406142858
broad,4,broad_joint,all,assumption__radius_mixed__noise_correlated__scale_75,broad_or_stress_assumption,correlated,joint_triangular_l2,joint_triangular_l5,7,0,0,0.0,-541.6887750000003,-716.7356891428572,-359.06743528571496,7,-541.6887750000003,-601.6535130000011,0.0,-154.4204090000003,4.748525647002794,pointwise paired bootstrap; exploratory and not multiplicity-adjusted,very small stratum,-716.7468998785714,-361.2414094285718
broad,4,broad_joint,all,assumption__radius_mixed__noise_correlated__scale_75,broad_or_stress_assumption,correlated,joint_triangular_l3,joint_triangular_l5,7,0,0,0.0,-366.8963917142859,-519.3408572571432,-201.1053176321431,7,-366.8963917142859,-429.8733830000001,0.14285714285714285,54.70610800000031,3.1670306472933847,pointwise paired bootstrap; exploratory and not multiplicity-adjusted,very small stratum,-514.5391835678579,-189.71342129642886
broad,4,broad_joint,development,assumption__radius_mixed__noise_correlated__scale_75,broad_or_stress_assumption,all,joint_triangular_l1,joint_triangular_l5,7,0,0,0.0,-676.0195708571428,-892.4453884571427,-437.5680871428571,7,-676.0195708571428,-735.4981659999994,0.0,-157.47884200000044,5.893563236824128,pointwise paired bootstrap; exploratory and not multiplicity-adjusted,very small stratum,-891.969824928571,-440.6911694285713
broad,4,broad_joint,development,assumption__radius_mixed__noise_correlated__scale_75,broad_or_stress_assumption,all,joint_triangular_l2,joint_triangular_l5,7,0,0,0.0,-541.6887750000003,-711.3344187142856,-366.62113075000065,7,-541.6887750000003,-601.6535130000011,0.0,-154.4204090000003,4.748525647002794,pointwise paired bootstrap; exploratory and not multiplicity-adjusted,very small stratum,-721.7196726178578,-361.2414094285718
broad,4,broad_joint,development,assumption__radius_mixed__noise_correlated__scale_75,broad_or_stress_assumption,all,joint_triangular_l3,joint_triangular_l5,7,0,0,0.0,-366.8963917142859,-515.6190913000003,-187.76189807142893,7,-366.8963917142859,-429.8733830000001,0.14285714285714285,54.70610800000031,3.1670306472933847,pointwise paired bootstrap; exploratory and not multiplicity-adjusted,very small stratum,-514.781696571429,-186.32015442857144
broad,4,broad_joint,development,assumption__radius_mixed__noise_correlated__scale_75,broad_or_stress_assumption,correlated,joint_triangular_l1,joint_triangular_l5,7,0,0,0.0,-676.0195708571428,-893.5198785714282,-441.15066942857163,7,-676.0195708571428,-735.4981659999994,0.0,-157.47884200000044,5.893563236824128,pointwise paired bootstrap; exploratory and not multiplicity-adjusted,very small stratum,-878.9812945714285,-439.1296282857142
broad,4,broad_joint,development,assumption__radius_mixed__noise_correlated__scale_75,broad_or_stress_assumption,correlated,joint_triangular_l2,joint_triangular_l5,7,0,0,0.0,-541.6887750000003,-716.7356891428572,-348.26571342857176,7,-541.6887750000003,-601.6535130000011,0.0,-154.4204090000003,4.748525647002794,pointwise paired bootstrap; exploratory and not multiplicity-adjusted,very small stratum,-711.3344187142856,-361.2413889535718
broad,4,broad_joint,development,assumption__radius_mixed__noise_correlated__scale_75,broad_or_stress_assumption,correlated,joint_triangular_l3,joint_triangular_l5,7,0,0,0.0,-366.8963917142859,-526.1675416857147,-191.20886685714322,7,-366.8963917142859,-429.8733830000001,0.14285714285714285,54.70610800000031,3.1670306472933847,pointwise paired bootstrap; exploratory and not multiplicity-adjusted,very small stratum,-519.5557730750002,-182.45089285714312
broad,4,broad_joint,all,assumption__radius_mixed__noise_deterministic__scale_150,broad_or_stress_assumption,all,joint_triangular_l1,joint_triangular_l5,6,0,0,0.0,-566.0124998333331,-720.5390291666666,-390.05844363749975,6,-566.0124998333331,-613.5464034999995,0.0,-151.82621899999867,5.45143617917352,pointwise paired bootstrap; exploratory and not multiplicity-adjusted,very small stratum,-709.8615491666669,-380.19362083333243
broad,4,broad_joint,all,assumption__radius_mixed__noise_deterministic__scale_150,broad_or_stress_assumption,all,joint_triangular_l2,joint_triangular_l5,6,0,0,0.0,-390.0403958333333,-597.637552529167,-173.22497345416647,6,-390.0403958333333,-384.0310174999995,0.16666666666666666,64.0909870000014,3.6714510990621747,pointwise paired bootstrap; exploratory and not multiplicity-adjusted,very small stratum,-590.0859842000001,-179.18668533333252
broad,4,broad_joint,all,assumption__radius_mixed__noise_deterministic__scale_150,broad_or_stress_assumption,all,joint_triangular_l3,joint_triangular_l5,6,0,0,0.0,-285.11954233333336,-445.3722856666668,-58.41613012083339,6,-285.11954233333336,-342.7692689999999,0.16666666666666666,217.30943800000023,2.707931520787204,pointwise paired bootstrap; exploratory and not multiplicity-adjusted,very small stratum,-444.1080866666671,-71.36614266666659
broad,4,broad_joint,all,assumption__radius_mixed__noise_deterministic__scale_150,broad_or_stress_assumption,deterministic,joint_triangular_l1,joint_triangular_l5,6,0,0,0.0,-566.0124998333331,-715.5536483333332,-375.208239999999,6,-566.0124998333331,-613.5464034999995,0.0,-151.82621899999867,5.45143617917352,pointwise paired bootstrap; exploratory and not multiplicity-adjusted,very small stratum,-720.6670543333333,-385.3070268333325
broad,4,broad_joint,all,assumption__radius_mixed__noise_deterministic__scale_150,broad_or_stress_assumption,deterministic,joint_triangular_l2,joint_triangular_l5,6,0,0,0.0,-390.0403958333333,-584.1109450250007,-173.2719406666662,6,-390.0403958333333,-384.0310174999995,0.16666666666666666,64.0909870000014,3.6714510990621747,pointwise paired bootstrap; exploratory and not multiplicity-adjusted,very small stratum,-588.0930670000001,-179.18668533333252
broad,4,broad_joint,all,assumption__radius_mixed__noise_deterministic__scale_150,broad_or_stress_assumption,deterministic,joint_triangular_l3,joint_triangular_l5,6,0,0,0.0,-285.11954233333336,-451.8730010916667,-71.31427928750021,6,-285.11954233333336,-342.7692689999999,0.16666666666666666,217.30943800000023,2.707931520787204,pointwise paired bootstrap; exploratory and not multiplicity-adjusted,very small stratum,-453.8961296666669,-66.9918374999999
broad,4,broad_joint,development,assumption__radius_mixed__noise_deterministic__scale_150,broad_or_stress_assumption,all,joint_triangular_l1,joint_triangular_l5,6,0,0,0.0,-566.0124998333331,-720.6670543333333,-374.5015216666661,6,-566.0124998333331,-613.5464034999995,0.0,-151.82621899999867,5.45143617917352,pointwise paired bootstrap; exploratory and not multiplicity-adjusted,very small stratum,-715.5536483333332,-369.5161408333327
broad,4,broad_joint,development,assumption__radius_mixed__noise_deterministic__scale_150,broad_or_stress_assumption,all,joint_triangular_l2,joint_triangular_l5,6,0,0,0.0,-390.0403958333333,-591.9177054875005,-173.2609792124996,6,-390.0403958333333,-384.0310174999995,0.16666666666666666,64.0909870000014,3.6714510990621747,pointwise paired bootstrap; exploratory and not multiplicity-adjusted,very small stratum,-590.0859842000001,-171.39325216666597
broad,4,broad_joint,development,assumption__radius_mixed__noise_deterministic__scale_150,broad_or_stress_assumption,all,joint_triangular_l3,joint_triangular_l5,6,0,0,0.0,-285.11954233333336,-448.51399680833373,-64.91730233333328,6,-285.11954233333336,-342.7692689999999,0.16666666666666666,217.30943800000023,2.707931520787204,pointwise paired bootstrap; exploratory and not multiplicity-adjusted,very small stratum,-449.7465908333335,-60.54299716666659
broad,4,broad_joint,development,assumption__radius_mixed__noise_deterministic__scale_150,broad_or_stress_assumption,deterministic,joint_triangular_l1,joint_triangular_l5,6,0,0,0.0,-566.0124998333331,-720.5390291666666,-374.5015216666661,6,-566.0124998333331,-613.5464034999995,0.0,-151.82621899999867,5.45143617917352,pointwise paired bootstrap; exploratory and not multiplicity-adjusted,very small stratum,-720.5390291666666,-385.3070268333325
broad,4,broad_joint,development,assumption__radius_mixed__noise_deterministic__scale_150,broad_or_stress_assumption,deterministic,joint_triangular_l2,joint_triangular_l5,6,0,0,0.0,-390.0403958333333,-581.7508256208336,-177.30799683333225,6,-390.0403958333333,-384.0310174999995,0.16666666666666666,64.0909870000014,3.6714510990621747,pointwise paired bootstrap; exploratory and not multiplicity-adjusted,very small stratum,-576.2635776666675,-173.2719406666662
broad,4,broad_joint,development,assumption__radius_mixed__noise_deterministic__scale_150,broad_or_stress_assumption,deterministic,joint_triangular_l3,joint_triangular_l5,6,0,0,0.0,-285.11954233333336,-448.51399680833373,-58.46799349999977,6,-285.11954233333336,-342.7692689999999,0.16666666666666666,217.30943800000023,2.707931520787204,pointwise paired bootstrap; exploratory and not multiplicity-adjusted,very small stratum,-448.51399680833373,-62.842298666666466
broad,4,broad_joint,all,assumption__radius_mixed__noise_deterministic__scale_300,broad_or_stress_assumption,all,joint_triangular_l1,joint_triangular_l5,6,0,0,0.0,-566.7988161666666,-720.5716416666668,-390.0024803833329,6,-566.7988161666666,-597.9477355000008,0.0,-163.75929899999937,4.856680158373364,pointwise paired bootstrap; exploratory and not multiplicity-adjusted,very small stratum,-724.6884836666662,-381.7287573333333
broad,4,broad_joint,all,assumption__radius_mixed__noise_deterministic__scale_300,broad_or_stress_assumption,all,joint_triangular_l2,joint_triangular_l5,6,0,0,0.0,-473.18965650000035,-628.210105666667,-241.45433249999982,6,-473.18965650000035,-556.9170025000012,0.16666666666666666,71.92128600000069,4.011676089345644,pointwise paired bootstrap; exploratory and not multiplicity-adjusted,very small stratum,-623.8268698333337,-242.04509312499985
broad,4,broad_joint,all,assumption__radius_mixed__noise_deterministic__scale_300,broad_or_stress_assumption,all,joint_triangular_l3,joint_triangular_l5,6,0,0,0.0,-404.0468748333333,-457.2998169999998,-344.27718533333365,6,-404.0468748333333,-407.4411369999998,0.0,-281.2086760000002,3.491542078241002,pointwise paired bootstrap; exploratory and not multiplicity-adjusted,very small stratum,-457.1885384999996,-347.2883920000001
broad,4,broad_joint,all,assumption__radius_mixed__noise_deterministic__scale_300,broad_or_stress_assumption,deterministic,joint_triangular_l1,joint_triangular_l5,6,0,0,0.0,-566.7988161666666,-720.6154036708334,-385.8336979458337,6,-566.7988161666666,-597.9477355000008,0.0,-163.75929899999937,4.856680158373364,pointwise paired bootstrap; exploratory and not multiplicity-adjusted,very small stratum,-718.543630766666,-385.9210451041666
broad,4,broad_joint,all,assumption__radius_mixed__noise_deterministic__scale_300,broad_or_stress_assumption,deterministic,joint_triangular_l2,joint_triangular_l5,6,0,0,0.0,-473.18965650000035,-628.210105666667,-237.07109666666656,6,-473.18965650000035,-556.9170025000012,0.16666666666666666,71.92128600000069,4.011676089345644,pointwise paired bootstrap; exploratory and not multiplicity-adjusted,very small stratum,-624.432778166667,-248.40346916666627
broad,4,broad_joint,all,assumption__radius_mixed__noise_deterministic__scale_300,broad_or_stress_assumption,deterministic,joint_triangular_l3,joint_triangular_l5,6,0,0,0.0,-404.0468748333333,-457.2998169999998,-344.27718533333365,6,-404.0468748333333,-407.4411369999998,0.0,-281.2086760000002,3.491542078241002,pointwise paired bootstrap; exploratory and not multiplicity-adjusted,very small stratum,-462.8929524999994,-347.2883920000001
broad,4,broad_joint,development,assumption__radius_mixed__noise_deterministic__scale_300,broad_or_stress_assumption,all,joint_triangular_l1,joint_triangular_l5,6,0,0,0.0,-566.7988161666666,-720.5716416666668,-385.93895283333313,6,-566.7988161666666,-597.9477355000008,0.0,-163.75929899999937,4.856680158373364,pointwise paired bootstrap; exploratory and not multiplicity-adjusted,very small stratum,-720.5716416666668,-387.87361023333375
broad,4,broad_joint,development,assumption__radius_mixed__noise_deterministic__scale_300,broad_or_stress_assumption,all,joint_triangular_l2,joint_triangular_l5,6,0,0,0.0,-473.18965650000035,-624.5136567583336,-240.30624033333365,6,-473.18965650000035,-556.9170025000012,0.16666666666666666,71.92128600000069,4.011676089345644,pointwise paired bootstrap; exploratory and not multiplicity-adjusted,very small stratum,-623.842017541667,-247.1912294791671
broad,4,broad_joint,development,assumption__radius_mixed__noise_deterministic__scale_300,broad_or_stress_assumption,all,joint_triangular_l3,joint_triangular_l5,6,0,0,0.0,-404.0468748333333,-459.53703438333304,-349.94626953333363,6,-404.0468748333333,-407.4411369999998,0.0,-281.2086760000002,3.491542078241002,pointwise paired bootstrap; exploratory and not multiplicity-adjusted,very small stratum,-459.52534233333307,-341.5839780000003
broad,4,broad_joint,development,assumption__radius_mixed__noise_deterministic__scale_300,broad_or_stress_assumption,deterministic,joint_triangular_l1,joint_triangular_l5,6,0,0,0.0,-566.7988161666666,-720.6154036708334,-377.99401316666655,6,-566.7988161666666,-597.9477355000008,0.0,-163.75929899999937,4.856680158373364,pointwise paired bootstrap; exploratory and not multiplicity-adjusted,very small stratum,-722.3221218333332,-395.8681565
broad,4,broad_joint,development,assumption__radius_mixed__noise_deterministic__scale_300,broad_or_stress_assumption,deterministic,joint_triangular_l2,joint_triangular_l5,6,0,0,0.0,-473.18965650000035,-623.8268698333337,-242.04509312499985,6,-473.18965650000035,-556.9170025000012,0.16666666666666666,71.92128600000069,4.011676089345644,pointwise paired bootstrap; exploratory and not multiplicity-adjusted,very small stratum,-624.5136567583336,-234.50519583333335
broad,4,broad_joint,development,assumption__radius_mixed__noise_deterministic__scale_300,broad_or_stress_assumption,deterministic,joint_triangular_l3,joint_triangular_l5,6,0,0,0.0,-404.0468748333333,-459.52534233333307,-345.8752000000001,6,-404.0468748333333,-407.4411369999998,0.0,-281.2086760000002,3.491542078241002,pointwise paired bootstrap; exploratory and not multiplicity-adjusted,very small stratum,-459.52534233333307,-344.4787381458332
broad,4,broad_joint,all,assumption__radius_mixed__noise_deterministic__scale_75,broad_or_stress_assumption,all,joint_triangular_l1,joint_triangular_l5,6,0,0,0.0,-172.02691833333333,-544.2103148333335,401.0196921666666,6,-172.02691833333333,-459.71714299999985,0.16666666666666666,1247.3789969999998,1.5631269577094968,pointwise paired bootstrap; exploratory and not multiplicity-adjusted,very small stratum,-548.5442718333337,425.9576731666669
broad,4,broad_joint,all,assumption__radius_mixed__noise_deterministic__scale_75,broad_or_stress_assumption,all,joint_triangular_l2,joint_triangular_l5,6,0,0,0.0,18.77948866666672,-376.8259110000002,559.0781611666667,6,18.77948866666672,-175.86703099999977,0.3333333333333333,1298.629879,-0.109132738398736,pointwise paired bootstrap; exploratory and not multiplicity-adjusted,very small stratum,-363.04026500000026,560.8484480000001
broad,4,broad_joint,all,assumption__radius_mixed__noise_deterministic__scale_75,broad_or_stress_assumption,all,joint_triangular_l3,joint_triangular_l5,6,0,0,0.0,-59.56997833333268,-356.84568594583214,252.24709664583335,6,-59.56997833333268,-162.21319949999906,0.3333333333333333,621.0357199999999,0.6833177775886825,pointwise paired bootstrap; exploratory and not multiplicity-adjusted,very small stratum,-356.83726833333213,264.700770666667
broad,4,broad_joint,all,assumption__radius_mixed__noise_deterministic__scale_75,broad_or_stress_assumption,deterministic,joint_triangular_l1,joint_triangular_l5,6,0,0,0.0,-172.02691833333333,-554.4513723333339,413.5496371666665,6,-172.02691833333333,-459.71714299999985,0.16666666666666666,1247.3789969999998,1.5631269577094968,pointwise paired bootstrap; exploratory and not multiplicity-adjusted,very small stratum,-558.4689838916672,423.79069466666687
broad,4,broad_joint,all,assumption__radius_mixed__noise_deterministic__scale_75,broad_or_stress_assumption,deterministic,joint_triangular_l2,joint_triangular_l5,6,0,0,0.0,18.77948866666672,-363.04026500000026,577.670397112499,6,18.77948866666672,-175.86703099999977,0.3333333333333333,1298.629879,-0.109132738398736,pointwise paired bootstrap; exploratory and not multiplicity-adjusted,very small stratum,-370.74943377499983,585.4729040000002
broad,4,broad_joint,all,assumption__radius_mixed__noise_deterministic__scale_75,broad_or_stress_assumption,deterministic,joint_triangular_l3,joint_triangular_l5,6,0,0,0.0,-59.56997833333268,-365.3280841666662,264.700770666667,6,-59.56997833333268,-162.21319949999906,0.3333333333333333,621.0357199999999,0.6833177775886825,pointwise paired bootstrap; exploratory and not multiplicity-adjusted,very small stratum,-362.5714186666655,291.47419862499976
broad,4,broad_joint,development,assumption__radius_mixed__noise_deterministic__scale_75,broad_or_stress_assumption,all,joint_triangular_l1,joint_triangular_l5,6,0,0,0.0,-172.02691833333333,-544.2103148333335,413.5496371666665,6,-172.02691833333333,-459.71714299999985,0.16666666666666666,1247.3789969999998,1.5631269577094968,pointwise paired bootstrap; exploratory and not multiplicity-adjusted,very small stratum,-544.2103148333335,401.33294079166484
broad,4,broad_joint,development,assumption__radius_mixed__noise_deterministic__scale_75,broad_or_stress_assumption,all,joint_triangular_l2,joint_triangular_l5,6,0,0,0.0,18.77948866666672,-363.04026500000026,560.8484480000001,6,18.77948866666672,-175.86703099999977,0.3333333333333333,1298.629879,-0.109132738398736,pointwise paired bootstrap; exploratory and not multiplicity-adjusted,very small stratum,-369.30557626666695,559.0781611666667
broad,4,broad_joint,development,assumption__radius_mixed__noise_deterministic__scale_75,broad_or_stress_assumption,all,joint_triangular_l3,joint_triangular_l5,6,0,0,0.0,-59.56997833333268,-334.39439133333263,264.700770666667,6,-59.56997833333268,-162.21319949999906,0.3333333333333333,621.0357199999999,0.6833177775886825,pointwise paired bootstrap; exploratory and not multiplicity-adjusted,very small stratum,-334.4274010874992,264.700770666667
broad,4,broad_joint,development,assumption__radius_mixed__noise_deterministic__scale_75,broad_or_stress_assumption,deterministic,joint_triangular_l1,joint_triangular_l5,6,0,0,0.0,-172.02691833333333,-546.3772933333336,401.0196921666666,6,-172.02691833333333,-459.71714299999985,0.16666666666666666,1247.3789969999998,1.5631269577094968,pointwise paired bootstrap; exploratory and not multiplicity-adjusted,very small stratum,-542.0975107958334,425.9576731666669
broad,4,broad_joint,development,assumption__radius_mixed__noise_deterministic__scale_75,broad_or_stress_assumption,deterministic,joint_triangular_l2,joint_triangular_l5,6,0,0,0.0,18.77948866666672,-355.04892407083355,585.4729040000002,6,18.77948866666672,-175.86703099999977,0.3333333333333333,1298.629879,-0.109132738398736,pointwise paired bootstrap; exploratory and not multiplicity-adjusted,very small stratum,-353.7166165000005,603.8650756666669
broad,4,broad_joint,development,assumption__radius_mixed__noise_deterministic__scale_75,broad_or_stress_assumption,deterministic,joint_triangular_l3,joint_triangular_l5,6,0,0,0.0,-59.56997833333268,-351.5417488916654,264.700770666667,6,-59.56997833333268,-162.21319949999906,0.3333333333333333,621.0357199999999,0.6833177775886825,pointwise paired bootstrap; exploratory and not multiplicity-adjusted,very small stratum,-361.2510284999992,270.0982165000002
broad,4,broad_joint,all,assumption__radius_mixed__noise_extreme__scale_150,broad_or_stress_assumption,all,joint_triangular_l1,joint_triangular_l5,7,0,0,0.0,-415.0580558571429,-584.806746003571,-258.1618688357152,7,-415.0580558571429,-355.0810929999989,0.0,-151.19254899999942,3.5972966226384053,pointwise paired bootstrap; exploratory and not multiplicity-adjusted,very small stratum,-596.5918619321421,-262.9611054178573
broad,4,broad_joint,all,assumption__radius_mixed__noise_extreme__scale_150,broad_or_stress_assumption,all,joint_triangular_l2,joint_triangular_l5,7,0,0,0.0,-312.4221885714284,-414.7818515535712,-224.29599785714345,7,-312.4221885714284,-290.3687599999994,0.0,-183.7202410000009,2.760993149941656,pointwise paired bootstrap; exploratory and not multiplicity-adjusted,very small stratum,-414.34800314285684,-223.2283826071424
broad,4,broad_joint,all,assumption__radius_mixed__noise_extreme__scale_150,broad_or_stress_assumption,all,joint_triangular_l3,joint_triangular_l5,7,0,0,0.0,-221.57087628571415,-289.2584623857141,-152.51487279642828,7,-221.57087628571415,-223.6356590000014,0.0,-67.68680799999856,1.964049130480446,pointwise paired bootstrap; exploratory and not multiplicity-adjusted,very small stratum,-287.84890350000006,-152.94016403214258
broad,4,broad_joint,all,assumption__radius_mixed__noise_extreme__scale_150,broad_or_stress_assumption,extreme,joint_triangular_l1,joint_triangular_l5,7,0,0,0.0,-415.0580558571429,-585.7543069642852,-251.9234704285713,7,-415.0580558571429,-355.0810929999989,0.0,-151.19254899999942,3.5972966226384053,pointwise paired bootstrap; exploratory and not multiplicity-adjusted,very small stratum,-585.7543069642852,-262.990435
broad,4,broad_joint,all,assumption__radius_mixed__noise_extreme__scale_150,broad_or_stress_assumption,extreme,joint_triangular_l2,joint_triangular_l5,7,0,0,0.0,-312.4221885714284,-414.34800314285684,-221.04426660714284,7,-312.4221885714284,-290.3687599999994,0.0,-183.7202410000009,2.760993149941656,pointwise paired bootstrap; exploratory and not multiplicity-adjusted,very small stratum,-407.79990128214274,-223.9218792857147
broad,4,broad_joint,all,assumption__radius_mixed__noise_extreme__scale_150,broad_or_stress_assumption,extreme,joint_triangular_l3,joint_triangular_l5,7,0,0,0.0,-221.57087628571415,-292.5636567142862,-153.87481281428595,7,-221.57087628571415,-223.6356590000014,0.0,-67.68680799999856,1.964049130480446,pointwise paired bootstrap; exploratory and not multiplicity-adjusted,very small stratum,-293.96722323214317,-149.16021299999971
broad,4,broad_joint,development,assumption__radius_mixed__noise_extreme__scale_150,broad_or_stress_assumption,all,joint_triangular_l1,joint_triangular_l5,7,0,0,0.0,-415.0580558571429,-585.2488612857144,-257.97800303571427,7,-415.0580558571429,-355.0810929999989,0.0,-151.19254899999942,3.5972966226384053,pointwise paired bootstrap; exploratory and not multiplicity-adjusted,very small stratum,-589.684298207142,-262.990435
broad,4,broad_joint,development,assumption__radius_mixed__noise_extreme__scale_150,broad_or_stress_assumption,all,joint_triangular_l2,joint_triangular_l5,7,0,0,0.0,-312.4221885714284,-414.7221217142856,-224.8268780000001,7,-312.4221885714284,-290.3687599999994,0.0,-183.7202410000009,2.760993149941656,pointwise paired bootstrap; exploratory and not multiplicity-adjusted,very small stratum,-417.5875501071423,-220.13926789285742
broad,4,broad_joint,development,assumption__radius_mixed__noise_extreme__scale_150,broad_or_stress_assumption,all,joint_triangular_l3,joint_triangular_l5,7,0,0,0.0,-221.57087628571415,-292.2899521928564,-153.91823308214236,7,-221.57087628571415,-223.6356590000014,0.0,-67.68680799999856,1.964049130480446,pointwise paired bootstrap; exploratory and not multiplicity-adjusted,very small stratum,-286.8752031428573,-150.80437656428543
broad,4,broad_joint,development,assumption__radius_mixed__noise_extreme__scale_150,broad_or_stress_assumption,extreme,joint_triangular_l1,joint_triangular_l5,7,0,0,0.0,-415.0580558571429,-592.4657677142859,-258.03040785714256,7,-415.0580558571429,-355.0810929999989,0.0,-151.19254899999942,3.5972966226384053,pointwise paired bootstrap; exploratory and not multiplicity-adjusted,very small stratum,-585.2528784464287,-258.21736728571494
broad,4,broad_joint,development,assumption__radius_mixed__noise_extreme__scale_150,broad_or_stress_assumption,extreme,joint_triangular_l2,joint_triangular_l5,7,0,0,0.0,-312.4221885714284,-413.6759485714286,-220.51338646428616,7,-312.4221885714284,-290.3687599999994,0.0,-183.7202410000009,2.760993149941656,pointwise paired bootstrap; exploratory and not multiplicity-adjusted,very small stratum,-413.6927499357143,-224.81752503571445
broad,4,broad_joint,development,assumption__radius_mixed__noise_extreme__scale_150,broad_or_stress_assumption,extreme,joint_triangular_l3,joint_triangular_l5,7,0,0,0.0,-221.57087628571415,-290.2155912142855,-151.55902734285664,7,-221.57087628571415,-223.6356590000014,0.0,-67.68680799999856,1.964049130480446,pointwise paired bootstrap; exploratory and not multiplicity-adjusted,very small stratum,-290.2162191071426,-149.54607886071292
broad,4,broad_joint,all,assumption__radius_mixed__noise_extreme__scale_300,broad_or_stress_assumption,all,joint_triangular_l1,joint_triangular_l5,6,0,0,0.0,-540.5345308333332,-705.4407144999996,-401.1187753708331,6,-540.5345308333332,-480.7760180000005,0.0,-301.44933200000014,4.642779126742709,pointwise paired bootstrap; exploratory and not multiplicity-adjusted,very small stratum,-708.6956110541662,-404.74409733333295
broad,4,broad_joint,all,assumption__radius_mixed__noise_extreme__scale_300,broad_or_stress_assumption,all,joint_triangular_l2,joint_triangular_l5,6,0,0,0.0,-411.19488249999995,-547.6774788333329,-308.8274933333332,6,-411.19488249999995,-349.6748179999995,0.0,-259.5248019999999,3.5379136697631957,pointwise paired bootstrap; exploratory and not multiplicity-adjusted,very small stratum,-555.5117824999998,-305.24341466666675
broad,4,broad_joint,all,assumption__radius_mixed__noise_extreme__scale_300,broad_or_stress_assumption,all,joint_triangular_l3,joint_triangular_l5,6,0,0,0.0,-300.3169775000003,-424.83512316666656,-196.34568883333364,6,-300.3169775000003,-266.4275275,0.0,-116.18800100000044,2.5877362470471645,pointwise paired bootstrap; exploratory and not multiplicity-adjusted,very small stratum,-427.2196092041669,-192.42478266666694
broad,4,broad_joint,all,assumption__radius_mixed__noise_extreme__scale_300,broad_or_stress_assumption,extreme,joint_triangular_l1,joint_triangular_l5,6,0,0,0.0,-540.5345308333332,-708.6885883333329,-401.1027928249998,6,-540.5345308333332,-480.7760180000005,0.0,-301.44933200000014,4.642779126742709,pointwise paired bootstrap; exploratory and not multiplicity-adjusted,very small stratum,-708.6885883333329,-399.1081253333338
broad,4,broad_joint,all,assumption__radius_mixed__noise_extreme__scale_300,broad_or_stress_assumption,extreme,joint_triangular_l2,joint_triangular_l5,6,0,0,0.0,-411.19488249999995,-541.6501797208332,-305.86447766666697,6,-411.19488249999995,-349.6748179999995,0.0,-259.5248019999999,3.5379136697631957,pointwise paired bootstrap; exploratory and not multiplicity-adjusted,very small stratum,-555.5117824999998,-308.8274933333332
broad,4,broad_joint,all,assumption__radius_mixed__noise_extreme__scale_300,broad_or_stress_assumption,extreme,joint_triangular_l3,joint_triangular_l5,6,0,0,0.0,-300.3169775000003,-427.21592433333353,-195.99514616666724,6,-300.3169775000003,-266.4275275,0.0,-116.18800100000044,2.5877362470471645,pointwise paired bootstrap; exploratory and not multiplicity-adjusted,very small stratum,-427.36331916666705,-192.42478266666694
broad,4,broad_joint,development,assumption__radius_mixed__noise_extreme__scale_300,broad_or_stress_assumption,all,joint_triangular_l1,joint_triangular_l5,6,0,0,0.0,-540.5345308333332,-709.9346920000002,-394.5537128333335,6,-540.5345308333332,-480.7760180000005,0.0,-301.44933200000014,4.642779126742709,pointwise paired bootstrap; exploratory and not multiplicity-adjusted,very small stratum,-687.1221506666665,-404.74409733333295
broad,4,broad_joint,development,assumption__radius_mixed__noise_extreme__scale_300,broad_or_stress_assumption,all,joint_triangular_l2,joint_triangular_l5,6,0,0,0.0,-411.19488249999995,-548.2985418333332,-305.2422875833334,6,-411.19488249999995,-349.6748179999995,0.0,-259.5248019999999,3.5379136697631957,pointwise paired bootstrap; exploratory and not multiplicity-adjusted,very small stratum,-548.2985418333332,-305.24341466666675
broad,4,broad_joint,development,assumption__radius_mixed__noise_extreme__scale_300,broad_or_stress_assumption,all,joint_triangular_l3,joint_triangular_l5,6,0,0,0.0,-300.3169775000003,-431.33114833333366,-195.977855545834,6,-300.3169775000003,-266.4275275,0.0,-116.18800100000044,2.5877362470471645,pointwise paired bootstrap; exploratory and not multiplicity-adjusted,very small stratum,-431.33114833333366,-192.42478266666694
broad,4,broad_joint,development,assumption__radius_mixed__noise_extreme__scale_300,broad_or_stress_assumption,extreme,joint_triangular_l1,joint_triangular_l5,6,0,0,0.0,-540.5345308333332,-705.5219113458328,-401.7619622874997,6,-540.5345308333332,-480.7760180000005,0.0,-301.44933200000014,4.642779126742709,pointwise paired bootstrap; exploratory and not multiplicity-adjusted,very small stratum,-705.4407144999996,-397.8620216666665
broad,4,broad_joint,development,assumption__radius_mixed__noise_extreme__scale_300,broad_or_stress_assumption,extreme,joint_triangular_l2,joint_triangular_l5,6,0,0,0.0,-411.19488249999995,-548.2985418333332,-306.86131466666666,6,-411.19488249999995,-349.6748179999995,0.0,-259.5248019999999,3.5379136697631957,pointwise paired bootstrap; exploratory and not multiplicity-adjusted,very small stratum,-541.7228074541665,-305.86447766666697
broad,4,broad_joint,development,assumption__radius_mixed__noise_extreme__scale_300,broad_or_stress_assumption,extreme,joint_triangular_l3,joint_triangular_l5,6,0,0,0.0,-300.3169775000003,-420.56367433333344,-193.44089597916687,6,-300.3169775000003,-266.4275275,0.0,-116.18800100000044,2.5877362470471645,pointwise paired bootstrap; exploratory and not multiplicity-adjusted,very small stratum,-424.83512316666656,-196.34568883333364
broad,4,broad_joint,all,assumption__radius_mixed__noise_extreme__scale_75,broad_or_stress_assumption,all,joint_triangular_l1,joint_triangular_l5,6,0,0,0.0,-73.50857349999933,-289.9994975999994,163.7796895125006,6,-73.50857349999933,-150.6125749999992,0.3333333333333333,375.14130000000114,0.5657829465126636,pointwise paired bootstrap; exploratory and not multiplicity-adjusted,very small stratum,-291.0651131541662,160.59852416666732
broad,4,broad_joint,all,assumption__radius_mixed__noise_extreme__scale_75,broad_or_stress_assumption,all,joint_triangular_l2,joint_triangular_l5,6,0,0,0.0,-190.54108866666652,-331.30197982916616,-42.014496833333396,6,-190.54108866666652,-181.43814399999974,0.16666666666666666,114.67849999999999,1.645200854553596,pointwise paired bootstrap; exploratory and not multiplicity-adjusted,very small stratum,-329.35664149999985,-43.70520633333308
broad,4,broad_joint,all,assumption__radius_mixed__noise_extreme__scale_75,broad_or_stress_assumption,all,joint_triangular_l3,joint_triangular_l5,6,0,0,0.0,-86.5102769999994,-230.8947094999994,103.68894633333366,6,-86.5102769999994,-114.5092584999993,0.16666666666666666,357.750043,0.7823354208618012,pointwise paired bootstrap; exploratory and not multiplicity-adjusted,very small stratum,-230.8947094999994,100.47073966666692
broad,4,broad_joint,all,assumption__radius_mixed__noise_extreme__scale_75,broad_or_stress_assumption,extreme,joint_triangular_l1,joint_triangular_l5,6,0,0,0.0,-73.50857349999933,-289.6699218333327,167.81458450000082,6,-73.50857349999933,-150.6125749999992,0.3333333333333333,375.14130000000114,0.5657829465126636,pointwise paired bootstrap; exploratory and not multiplicity-adjusted,very small stratum,-286.9532755041665,161.1771919583343
broad,4,broad_joint,all,assumption__radius_mixed__noise_extreme__scale_75,broad_or_stress_assumption,extreme,joint_triangular_l2,joint_triangular_l5,6,0,0,0.0,-190.54108866666652,-329.35664149999985,-43.70520633333308,6,-190.54108866666652,-181.43814399999974,0.16666666666666666,114.67849999999999,1.645200854553596,pointwise paired bootstrap; exploratory and not multiplicity-adjusted,very small stratum,-322.96607099999954,-43.70520633333308
broad,4,broad_joint,all,assumption__radius_mixed__noise_extreme__scale_75,broad_or_stress_assumption,extreme,joint_triangular_l3,joint_triangular_l5,6,0,0,0.0,-86.5102769999994,-227.8557254999993,100.47073966666692,6,-86.5102769999994,-114.5092584999993,0.16666666666666666,357.750043,0.7823354208618012,pointwise paired bootstrap; exploratory and not multiplicity-adjusted,very small stratum,-230.3152533958324,106.72793033333376
broad,4,broad_joint,development,assumption__radius_mixed__noise_extreme__scale_75,broad_or_stress_assumption,all,joint_triangular_l1,joint_triangular_l5,6,0,0,0.0,-73.50857349999933,-288.2822916666658,160.59852416666732,6,-73.50857349999933,-150.6125749999992,0.3333333333333333,375.14130000000114,0.5657829465126636,pointwise paired bootstrap; exploratory and not multiplicity-adjusted,very small stratum,-292.74762833333324,160.61247229583392
broad,4,broad_joint,development,assumption__radius_mixed__noise_extreme__scale_75,broad_or_stress_assumption,all,joint_triangular_l2,joint_triangular_l5,6,0,0,0.0,-190.54108866666652,-322.96607099999954,-50.095776833333424,6,-190.54108866666652,-181.43814399999974,0.16666666666666666,114.67849999999999,1.645200854553596,pointwise paired bootstrap; exploratory and not multiplicity-adjusted,very small stratum,-323.1711283166662,-43.85128183333321
broad,4,broad_joint,development,assumption__radius_mixed__noise_extreme__scale_75,broad_or_stress_assumption,all,joint_triangular_l3,joint_triangular_l5,6,0,0,0.0,-86.5102769999994,-230.95594113749928,98.07822523750016,6,-86.5102769999994,-114.5092584999993,0.16666666666666666,357.750043,0.7823354208618012,pointwise paired bootstrap; exploratory and not multiplicity-adjusted,very small stratum,-227.68098339999932,122.09447416666717
broad,4,broad_joint,development,assumption__radius_mixed__noise_extreme__scale_75,broad_or_stress_assumption,extreme,joint_triangular_l1,joint_triangular_l5,6,0,0,0.0,-73.50857349999933,-291.35999816666634,159.21089400000042,6,-73.50857349999933,-150.6125749999992,0.3333333333333333,375.14130000000114,0.5657829465126636,pointwise paired bootstrap; exploratory and not multiplicity-adjusted,very small stratum,-289.6699218333327,163.67623066666783
broad,4,broad_joint,development,assumption__radius_mixed__noise_extreme__scale_75,broad_or_stress_assumption,extreme,joint_triangular_l2,joint_triangular_l5,6,0,0,0.0,-190.54108866666652,-329.40256112499975,-43.847629945833226,6,-190.54108866666652,-181.43814399999974,0.16666666666666666,114.67849999999999,1.645200854553596,pointwise paired bootstrap; exploratory and not multiplicity-adjusted,very small stratum,-329.35664149999985,-40.8467566666665
broad,4,broad_joint,development,assumption__radius_mixed__noise_extreme__scale_75,broad_or_stress_assumption,extreme,joint_triangular_l3,joint_triangular_l5,6,0,0,0.0,-86.5102769999994,-227.8557254999993,103.50972366666701,6,-86.5102769999994,-114.5092584999993,0.16666666666666666,357.750043,0.7823354208618012,pointwise paired bootstrap; exploratory and not multiplicity-adjusted,very small stratum,-227.8557254999993,100.29599756666691
calibrated,3,broad_joint,all,__design_mixture__,design_mixture_only_not_official_population,all,joint_triangular_l1,joint_triangular_l5,80,0,0,0.0,-451.2713256,-500.8621788678125,-408.32738836625003,80,-451.2713256,-436.1293505000001,0.0,-3.055986999999732,9.13695564353163,pointwise paired bootstrap; exploratory and not multiplicity-adjusted,,-498.06701841937485,-403.9645119715624
calibrated,3,broad_joint,all,__design_mixture__,design_mixture_only_not_official_population,all,joint_triangular_l2,joint_triangular_l5,80,0,0,0.0,-328.06620490000006,-367.5526755396875,-292.40432281625004,80,-328.06620490000006,-306.1740014999998,0.0,-30.785775999999714,6.6399787938464,pointwise paired bootstrap; exploratory and not multiplicity-adjusted,,-366.763107105625,-291.78120773187516
calibrated,3,broad_joint,all,__design_mixture__,design_mixture_only_not_official_population,all,joint_triangular_l3,joint_triangular_l5,80,0,0,0.0,-209.33270779999998,-236.50242610687496,-182.6466137215625,80,-209.33270779999998,-193.18024149999974,0.0125,81.6292940000003,4.245016604002301,pointwise paired bootstrap; exploratory and not multiplicity-adjusted,,-237.26579693343746,-182.32758938375
calibrated,3,broad_joint,all,__design_mixture__,design_mixture_only_not_official_population,correlated,joint_triangular_l1,joint_triangular_l5,39,0,0,0.0,-529.6490721794871,-602.208201597436,-462.3122103198719,39,-529.6490721794871,-526.9384069999996,0.0,-112.93686799999978,10.669485785838809,pointwise paired bootstrap; exploratory and not multiplicity-adjusted,,-598.7950765551283,-464.75515464230773
calibrated,3,broad_joint,all,__design_mixture__,design_mixture_only_not_official_population,correlated,joint_triangular_l2,joint_triangular_l5,39,0,0,0.0,-401.46244894871796,-456.96457161346154,-345.5823313346156,39,-401.46244894871796,-370.1582360000002,0.0,-90.34985599999982,8.080409719051014,pointwise paired bootstrap; exploratory and not multiplicity-adjusted,,-462.43770089230776,-346.89883009807716
calibrated,3,broad_joint,all,__design_mixture__,design_mixture_only_not_official_population,correlated,joint_triangular_l3,joint_triangular_l5,39,0,0,0.0,-270.8534416923078,-312.9974934698718,-232.99040595897443,39,-270.8534416923078,-242.8015459999997,0.0,-35.982270999999855,5.4625672369420775,pointwise paired bootstrap; exploratory and not multiplicity-adjusted,,-311.609620399359,-233.2202114307694
calibrated,3,broad_joint,all,__design_mixture__,design_mixture_only_not_official_population,extreme,joint_triangular_l1,joint_triangular_l5,41,0,0,0.0,-376.7168837317073,-433.75301186280484,-324.6561459853658,41,-376.7168837317073,-337.1428589999996,0.0,-3.055986999999732,7.679183069141872,pointwise paired bootstrap; exploratory and not multiplicity-adjusted,,-433.76824959512186,-321.2005233237805
calibrated,3,broad_joint,all,__design_mixture__,design_mixture_only_not_official_population,extreme,joint_triangular_l2,joint_triangular_l5,41,0,0,0.0,-258.2502654390244,-298.32541261768296,-221.23413324085362,41,-258.2502654390244,-274.7390150000001,0.0,-30.785775999999714,5.2698127918225,pointwise paired bootstrap; exploratory and not multiplicity-adjusted,,-300.0460940317073,-219.6032797676829
calibrated,3,broad_joint,all,__design_mixture__,design_mixture_only_not_official_population,extreme,joint_triangular_l3,joint_triangular_l5,41,0,0,0.0,-150.81298531707304,-178.1840087390243,-122.71677992682926,41,-150.81298531707304,-154.1262229999993,0.024390243902439025,81.6292940000003,3.086858684864466,pointwise paired bootstrap; exploratory and not multiplicity-adjusted,,-177.8261179530487,-123.40023526097544
calibrated,3,broad_joint,development,__design_mixture__,design_mixture_only_not_official_population,all,joint_triangular_l1,joint_triangular_l5,80,0,0,0.0,-451.2713256,-498.35194715124993,-407.45458122625,80,-451.2713256,-436.1293505000001,0.0,-3.055986999999732,9.13695564353163,pointwise paired bootstrap; exploratory and not multiplicity-adjusted,,-500.9287394803123,-404.653071281875
calibrated,3,broad_joint,development,__design_mixture__,design_mixture_only_not_official_population,all,joint_triangular_l2,joint_triangular_l5,80,0,0,0.0,-328.06620490000006,-364.78656203937504,-292.02334985812496,80,-328.06620490000006,-306.1740014999998,0.0,-30.785775999999714,6.6399787938464,pointwise paired bootstrap; exploratory and not multiplicity-adjusted,,-368.6428157415626,-289.9225606696876
calibrated,3,broad_joint,development,__design_mixture__,design_mixture_only_not_official_population,all,joint_triangular_l3,joint_triangular_l5,80,0,0,0.0,-209.33270779999998,-236.3348183084374,-182.6835886125,80,-209.33270779999998,-193.18024149999974,0.0125,81.6292940000003,4.245016604002301,pointwise paired bootstrap; exploratory and not multiplicity-adjusted,,-236.68445506749995,-184.46067841312487
calibrated,3,broad_joint,development,__design_mixture__,design_mixture_only_not_official_population,correlated,joint_triangular_l1,joint_triangular_l5,39,0,0,0.0,-529.6490721794871,-601.5379155833332,-462.583120151282,39,-529.6490721794871,-526.9384069999996,0.0,-112.93686799999978,10.669485785838809,pointwise paired bootstrap; exploratory and not multiplicity-adjusted,,-598.013627201282,-463.74671667948746
calibrated,3,broad_joint,development,__design_mixture__,design_mixture_only_not_official_population,correlated,joint_triangular_l2,joint_triangular_l5,39,0,0,0.0,-401.46244894871796,-456.9518077865385,-344.2966577403846,39,-401.46244894871796,-370.1582360000002,0.0,-90.34985599999982,8.080409719051014,pointwise paired bootstrap; exploratory and not multiplicity-adjusted,,-460.6330080057693,-346.514948797436
calibrated,3,broad_joint,development,__design_mixture__,design_mixture_only_not_official_population,correlated,joint_triangular_l3,joint_triangular_l5,39,0,0,0.0,-270.8534416923078,-312.3319939852565,-232.35015460064108,39,-270.8534416923078,-242.8015459999997,0.0,-35.982270999999855,5.4625672369420775,pointwise paired bootstrap; exploratory and not multiplicity-adjusted,,-313.1076581102565,-231.30510303269244
calibrated,3,broad_joint,development,__design_mixture__,design_mixture_only_not_official_population,extreme,joint_triangular_l1,joint_triangular_l5,41,0,0,0.0,-376.7168837317073,-431.1796060158537,-324.21268595792685,41,-376.7168837317073,-337.1428589999996,0.0,-3.055986999999732,7.679183069141872,pointwise paired bootstrap; exploratory and not multiplicity-adjusted,,-430.6735388865851,-320.687096332317
calibrated,3,broad_joint,development,__design_mixture__,design_mixture_only_not_official_population,extreme,joint_triangular_l2,joint_triangular_l5,41,0,0,0.0,-258.2502654390244,-299.27991783353656,-219.1737033109756,41,-258.2502654390244,-274.7390150000001,0.0,-30.785775999999714,5.2698127918225,pointwise paired bootstrap; exploratory and not multiplicity-adjusted,,-299.5053848871951,-218.4097317664634
calibrated,3,broad_joint,development,__design_mixture__,design_mixture_only_not_official_population,extreme,joint_triangular_l3,joint_triangular_l5,41,0,0,0.0,-150.81298531707304,-178.85392928780482,-124.25774290243885,41,-150.81298531707304,-154.1262229999993,0.024390243902439025,81.6292940000003,3.086858684864466,pointwise paired bootstrap; exploratory and not multiplicity-adjusted,,-180.0556794158537,-123.33195510670721
calibrated,3,broad_joint,all,mixed_correlated150_after_observable_screen,unresolved,all,joint_triangular_l1,joint_triangular_l5,39,0,0,0.0,-529.6490721794871,-601.0727446230769,-460.88949463525637,39,-529.6490721794871,-526.9384069999996,0.0,-112.93686799999978,10.669485785838809,pointwise paired bootstrap; exploratory and not multiplicity-adjusted,,-603.0867533410257,-465.00683302628204
calibrated,3,broad_joint,all,mixed_correlated150_after_observable_screen,unresolved,all,joint_triangular_l2,joint_triangular_l5,39,0,0,0.0,-401.46244894871796,-459.0864391185896,-346.87155162371806,39,-401.46244894871796,-370.1582360000002,0.0,-90.34985599999982,8.080409719051014,pointwise paired bootstrap; exploratory and not multiplicity-adjusted,,-459.99614067820505,-347.87402454102573
calibrated,3,broad_joint,all,mixed_correlated150_after_observable_screen,unresolved,all,joint_triangular_l3,joint_triangular_l5,39,0,0,0.0,-270.8534416923078,-310.3976244294872,-232.82184871538468,39,-270.8534416923078,-242.8015459999997,0.0,-35.982270999999855,5.4625672369420775,pointwise paired bootstrap; exploratory and not multiplicity-adjusted,,-312.07878019935913,-232.08234841089754
calibrated,3,broad_joint,all,mixed_correlated150_after_observable_screen,unresolved,correlated,joint_triangular_l1,joint_triangular_l5,39,0,0,0.0,-529.6490721794871,-598.1813861301282,-465.435195652564,39,-529.6490721794871,-526.9384069999996,0.0,-112.93686799999978,10.669485785838809,pointwise paired bootstrap; exploratory and not multiplicity-adjusted,,-596.2045007647438,-463.02122566538463
calibrated,3,broad_joint,all,mixed_correlated150_after_observable_screen,unresolved,correlated,joint_triangular_l2,joint_triangular_l5,39,0,0,0.0,-401.46244894871796,-459.82321072499997,-346.8644746878206,39,-401.46244894871796,-370.1582360000002,0.0,-90.34985599999982,8.080409719051014,pointwise paired bootstrap; exploratory and not multiplicity-adjusted,,-460.3616578775642,-346.10804144358985
calibrated,3,broad_joint,all,mixed_correlated150_after_observable_screen,unresolved,correlated,joint_triangular_l3,joint_triangular_l5,39,0,0,0.0,-270.8534416923078,-311.01171589166677,-232.7807010326924,39,-270.8534416923078,-242.8015459999997,0.0,-35.982270999999855,5.4625672369420775,pointwise paired bootstrap; exploratory and not multiplicity-adjusted,,-314.14656923461536,-231.78811308076945
calibrated,3,broad_joint,development,mixed_correlated150_after_observable_screen,unresolved,all,joint_triangular_l1,joint_triangular_l5,39,0,0,0.0,-529.6490721794871,-597.5117848705128,-463.86923595192326,39,-529.6490721794871,-526.9384069999996,0.0,-112.93686799999978,10.669485785838809,pointwise paired bootstrap; exploratory and not multiplicity-adjusted,,-601.3652584666665,-460.9805548993591
calibrated,3,broad_joint,development,mixed_correlated150_after_observable_screen,unresolved,all,joint_triangular_l2,joint_triangular_l5,39,0,0,0.0,-401.46244894871796,-459.679645349359,-346.67202736538474,39,-401.46244894871796,-370.1582360000002,0.0,-90.34985599999982,8.080409719051014,pointwise paired bootstrap; exploratory and not multiplicity-adjusted,,-459.10651848333356,-346.72118020448727
calibrated,3,broad_joint,development,mixed_correlated150_after_observable_screen,unresolved,all,joint_triangular_l3,joint_triangular_l5,39,0,0,0.0,-270.8534416923078,-313.63896651923085,-231.59786467307708,39,-270.8534416923078,-242.8015459999997,0.0,-35.982270999999855,5.4625672369420775,pointwise paired bootstrap; exploratory and not multiplicity-adjusted,,-310.9234858538462,-229.84686790192316
calibrated,3,broad_joint,development,mixed_correlated150_after_observable_screen,unresolved,correlated,joint_triangular_l1,joint_triangular_l5,39,0,0,0.0,-529.6490721794871,-597.7483479076924,-466.2040543794873,39,-529.6490721794871,-526.9384069999996,0.0,-112.93686799999978,10.669485785838809,pointwise paired bootstrap; exploratory and not multiplicity-adjusted,,-597.7216644243589,-462.6996145538463
calibrated,3,broad_joint,development,mixed_correlated150_after_observable_screen,unresolved,correlated,joint_triangular_l2,joint_triangular_l5,39,0,0,0.0,-401.46244894871796,-458.1951319692306,-346.1289086756411,39,-401.46244894871796,-370.1582360000002,0.0,-90.34985599999982,8.080409719051014,pointwise paired bootstrap; exploratory and not multiplicity-adjusted,,-461.73705315064103,-348.00775701410276
calibrated,3,broad_joint,development,mixed_correlated150_after_observable_screen,unresolved,correlated,joint_triangular_l3,joint_triangular_l5,39,0,0,0.0,-270.8534416923078,-312.2540101910257,-232.270558396795,39,-270.8534416923078,-242.8015459999997,0.0,-35.982270999999855,5.4625672369420775,pointwise paired bootstrap; exploratory and not multiplicity-adjusted,,-313.12916545384616,-232.78687772884632
calibrated,3,broad_joint,all,mixed_extreme150_after_observable_screen,unresolved,all,joint_triangular_l1,joint_triangular_l5,41,0,0,0.0,-376.7168837317073,-429.8841906140243,-320.2803961280486,41,-376.7168837317073,-337.1428589999996,0.0,-3.055986999999732,7.679183069141872,pointwise paired bootstrap; exploratory and not multiplicity-adjusted,,-435.2101705951219,-322.17493602804876
calibrated,3,broad_joint,all,mixed_extreme150_after_observable_screen,unresolved,all,joint_triangular_l2,joint_triangular_l5,41,0,0,0.0,-258.2502654390244,-298.3061893414633,-217.10706850914636,41,-258.2502654390244,-274.7390150000001,0.0,-30.785775999999714,5.2698127918225,pointwise paired bootstrap; exploratory and not multiplicity-adjusted,,-297.38496307012196,-218.70266691768293
calibrated,3,broad_joint,all,mixed_extreme150_after_observable_screen,unresolved,all,joint_triangular_l3,joint_triangular_l5,41,0,0,0.0,-150.81298531707304,-178.53873728475602,-123.81326860365849,41,-150.81298531707304,-154.1262229999993,0.024390243902439025,81.6292940000003,3.086858684864466,pointwise paired bootstrap; exploratory and not multiplicity-adjusted,,-178.28261632195105,-122.36576325182911
calibrated,3,broad_joint,all,mixed_extreme150_after_observable_screen,unresolved,extreme,joint_triangular_l1,joint_triangular_l5,41,0,0,0.0,-376.7168837317073,-431.30719771890244,-319.4798280975609,41,-376.7168837317073,-337.1428589999996,0.0,-3.055986999999732,7.679183069141872,pointwise paired bootstrap; exploratory and not multiplicity-adjusted,,-431.4597139384147,-321.1276198048781
calibrated,3,broad_joint,all,mixed_extreme150_after_observable_screen,unresolved,extreme,joint_triangular_l2,joint_triangular_l5,41,0,0,0.0,-258.2502654390244,-300.5992985713414,-218.81251886463417,41,-258.2502654390244,-274.7390150000001,0.0,-30.785775999999714,5.2698127918225,pointwise paired bootstrap; exploratory and not multiplicity-adjusted,,-299.0857232487805,-216.93810607560985
calibrated,3,broad_joint,all,mixed_extreme150_after_observable_screen,unresolved,extreme,joint_triangular_l3,joint_triangular_l5,41,0,0,0.0,-150.81298531707304,-178.5870683817071,-123.71353824939018,41,-150.81298531707304,-154.1262229999993,0.024390243902439025,81.6292940000003,3.086858684864466,pointwise paired bootstrap; exploratory and not multiplicity-adjusted,,-178.07236161951215,-125.0513211993901
calibrated,3,broad_joint,development,mixed_extreme150_after_observable_screen,unresolved,all,joint_triangular_l1,joint_triangular_l5,41,0,0,0.0,-376.7168837317073,-434.0502542847561,-323.36318772804873,41,-376.7168837317073,-337.1428589999996,0.0,-3.055986999999732,7.679183069141872,pointwise paired bootstrap; exploratory and not multiplicity-adjusted,,-433.95257623780486,-323.7321161103659
calibrated,3,broad_joint,development,mixed_extreme150_after_observable_screen,unresolved,all,joint_triangular_l2,joint_triangular_l5,41,0,0,0.0,-258.2502654390244,-297.99754390121944,-216.73095510792686,41,-258.2502654390244,-274.7390150000001,0.0,-30.785775999999714,5.2698127918225,pointwise paired bootstrap; exploratory and not multiplicity-adjusted,,-300.4649119902438,-217.63380806036585
calibrated,3,broad_joint,development,mixed_extreme150_after_observable_screen,unresolved,all,joint_triangular_l3,joint_triangular_l5,41,0,0,0.0,-150.81298531707304,-178.25543188475598,-123.58073070853658,41,-150.81298531707304,-154.1262229999993,0.024390243902439025,81.6292940000003,3.086858684864466,pointwise paired bootstrap; exploratory and not multiplicity-adjusted,,-179.4809515762194,-124.25494325548769
calibrated,3,broad_joint,development,mixed_extreme150_after_observable_screen,unresolved,extreme,joint_triangular_l1,joint_triangular_l5,41,0,0,0.0,-376.7168837317073,-435.3443537329268,-321.56778213536586,41,-376.7168837317073,-337.1428589999996,0.0,-3.055986999999732,7.679183069141872,pointwise paired bootstrap; exploratory and not multiplicity-adjusted,,-433.76020618231695,-323.45613949390236
calibrated,3,broad_joint,development,mixed_extreme150_after_observable_screen,unresolved,extreme,joint_triangular_l2,joint_triangular_l5,41,0,0,0.0,-258.2502654390244,-301.0396609804878,-219.7079694341464,41,-258.2502654390244,-274.7390150000001,0.0,-30.785775999999714,5.2698127918225,pointwise paired bootstrap; exploratory and not multiplicity-adjusted,,-299.6713907957317,-215.82010882499998
calibrated,3,broad_joint,development,mixed_extreme150_after_observable_screen,unresolved,extreme,joint_triangular_l3,joint_triangular_l5,41,0,0,0.0,-150.81298531707304,-179.3306574725609,-122.90532367682916,41,-150.81298531707304,-154.1262229999993,0.024390243902439025,81.6292940000003,3.086858684864466,pointwise paired bootstrap; exploratory and not multiplicity-adjusted,,-180.57329498048767,-121.6984033091461
calibrated,3,smoothed_joint,all,__design_mixture__,design_mixture_only_not_official_population,all,joint_triangular_l1,joint_triangular_l5,80,0,0,0.0,-460.53774826250003,-506.64552496718755,-418.0601012049999,80,-460.53774826250003,-418.4567490000002,0.0,-82.6480419999998,9.329384052150631,pointwise paired bootstrap; exploratory and not multiplicity-adjusted,,-502.8831441525,-415.5533476084375
calibrated,3,smoothed_joint,all,__design_mixture__,design_mixture_only_not_official_population,all,joint_triangular_l2,joint_triangular_l5,80,0,0,0.0,-336.4006143875,-374.278224271875,-299.52113350968744,80,-336.4006143875,-290.88066849999996,0.0,-60.62287899999956,6.810213848336391,pointwise paired bootstrap; exploratory and not multiplicity-adjusted,,-372.16787568625,-301.36059890625006
calibrated,3,smoothed_joint,all,__design_mixture__,design_mixture_only_not_official_population,all,joint_triangular_l3,joint_triangular_l5,80,0,0,0.0,-224.10266983750003,-251.3407662206251,-197.09880551593758,80,-224.10266983750003,-195.95142350000015,0.0,-0.8289839999997639,4.532822738884601,pointwise paired bootstrap; exploratory and not multiplicity-adjusted,,-249.86997168749997,-195.33045408874997
calibrated,3,smoothed_joint,all,__design_mixture__,design_mixture_only_not_official_population,correlated,joint_triangular_l1,joint_triangular_l5,43,0,0,0.0,-555.1992784418605,-615.2050076994186,-498.2775411110465,43,-555.1992784418605,-598.0783780000002,0.0,-177.44182899999942,11.053017502329045,pointwise paired bootstrap; exploratory and not multiplicity-adjusted,,-610.8508898482559,-494.15252945174404
calibrated,3,smoothed_joint,all,__design_mixture__,design_mixture_only_not_official_population,correlated,joint_triangular_l2,joint_triangular_l5,43,0,0,0.0,-425.77119423255806,-471.7852026755812,-376.2272905354651,43,-425.77119423255806,-460.25953000000027,0.0,-140.75449799999933,8.474329729853018,pointwise paired bootstrap; exploratory and not multiplicity-adjusted,,-472.75609950523256,-378.5909987552324
calibrated,3,smoothed_joint,all,__design_mixture__,design_mixture_only_not_official_population,correlated,joint_triangular_l3,joint_triangular_l5,43,0,0,0.0,-289.9549915813954,-326.4211696162791,-255.83731370116283,43,-289.9549915813954,-298.700296,0.0,-103.41956699999992,5.767828478268743,pointwise paired bootstrap; exploratory and not multiplicity-adjusted,,-325.1009805889535,-255.17150279418613
calibrated,3,smoothed_joint,all,__design_mixture__,design_mixture_only_not_official_population,extreme,joint_triangular_l1,joint_triangular_l5,37,0,0,0.0,-350.52569967567564,-394.3760600425675,-309.23370500810796,37,-350.52569967567564,-317.193139,0.0,-82.6480419999998,7.326242474916259,pointwise paired bootstrap; exploratory and not multiplicity-adjusted,,-394.930999220946,-307.8394331108108
calibrated,3,smoothed_joint,all,__design_mixture__,design_mixture_only_not_official_population,extreme,joint_triangular_l2,joint_triangular_l5,37,0,0,0.0,-232.53750808108109,-266.55172317094605,-199.74760801013508,37,-232.53750808108109,-234.87810199999967,0.0,-60.62287899999956,4.876241337384638,pointwise paired bootstrap; exploratory and not multiplicity-adjusted,,-266.55431253986484,-198.93278814527025
calibrated,3,smoothed_joint,all,__design_mixture__,design_mixture_only_not_official_population,extreme,joint_triangular_l3,joint_triangular_l5,37,0,0,0.0,-147.57159321621626,-173.4079732175676,-123.29120817635139,37,-147.57159321621626,-148.57705600000008,0.0,-0.8289839999997639,3.0975457985192474,pointwise paired bootstrap; exploratory and not multiplicity-adjusted,,-173.26821966824318,-122.82834569459467
calibrated,3,smoothed_joint,development,__design_mixture__,design_mixture_only_not_official_population,all,joint_triangular_l1,joint_triangular_l5,80,0,0,0.0,-460.53774826250003,-502.809912798125,-416.19857539124996,80,-460.53774826250003,-418.4567490000002,0.0,-82.6480419999998,9.329384052150631,pointwise paired bootstrap; exploratory and not multiplicity-adjusted,,-506.81163848437495,-418.10204092218754
calibrated,3,smoothed_joint,development,__design_mixture__,design_mixture_only_not_official_population,all,joint_triangular_l2,joint_triangular_l5,80,0,0,0.0,-336.4006143875,-372.971096579375,-299.9334369050002,80,-336.4006143875,-290.88066849999996,0.0,-60.62287899999956,6.810213848336391,pointwise paired bootstrap; exploratory and not multiplicity-adjusted,,-375.29301563968744,-299.73185044531255
calibrated,3,smoothed_joint,development,__design_mixture__,design_mixture_only_not_official_population,all,joint_triangular_l3,joint_triangular_l5,80,0,0,0.0,-224.10266983750003,-253.12645075343755,-199.52095198531248,80,-224.10266983750003,-195.95142350000015,0.0,-0.8289839999997639,4.532822738884601,pointwise paired bootstrap; exploratory and not multiplicity-adjusted,,-249.82670558843756,-197.42969015656257
calibrated,3,smoothed_joint,development,__design_mixture__,design_mixture_only_not_official_population,correlated,joint_triangular_l1,joint_triangular_l5,43,0,0,0.0,-555.1992784418605,-613.7738086302325,-493.49383475755815,43,-555.1992784418605,-598.0783780000002,0.0,-177.44182899999942,11.053017502329045,pointwise paired bootstrap; exploratory and not multiplicity-adjusted,,-615.0351413593024,-494.48306195639555
calibrated,3,smoothed_joint,development,__design_mixture__,design_mixture_only_not_official_population,correlated,joint_triangular_l2,joint_triangular_l5,43,0,0,0.0,-425.77119423255806,-472.44862072790687,-378.89393398139543,43,-425.77119423255806,-460.25953000000027,0.0,-140.75449799999933,8.474329729853018,pointwise paired bootstrap; exploratory and not multiplicity-adjusted,,-471.8247366668603,-376.98144356395346
calibrated,3,smoothed_joint,development,__design_mixture__,design_mixture_only_not_official_population,correlated,joint_triangular_l3,joint_triangular_l5,43,0,0,0.0,-289.9549915813954,-325.7286621191861,-256.4184919511628,43,-289.9549915813954,-298.700296,0.0,-103.41956699999992,5.767828478268743,pointwise paired bootstrap; exploratory and not multiplicity-adjusted,,-325.1718847488372,-255.48705547151158
calibrated,3,smoothed_joint,development,__design_mixture__,design_mixture_only_not_official_population,extreme,joint_triangular_l1,joint_triangular_l5,37,0,0,0.0,-350.52569967567564,-398.5813662054054,-306.5793843033784,37,-350.52569967567564,-317.193139,0.0,-82.6480419999998,7.326242474916259,pointwise paired bootstrap; exploratory and not multiplicity-adjusted,,-394.4064776222972,-308.8309002533784
calibrated,3,smoothed_joint,development,__design_mixture__,design_mixture_only_not_official_population,extreme,joint_triangular_l2,joint_triangular_l5,37,0,0,0.0,-232.53750808108109,-265.7721540304053,-199.8386462243242,37,-232.53750808108109,-234.87810199999967,0.0,-60.62287899999956,4.876241337384638,pointwise paired bootstrap; exploratory and not multiplicity-adjusted,,-265.44195995067577,-200.78360101486484
calibrated,3,smoothed_joint,development,__design_mixture__,design_mixture_only_not_official_population,extreme,joint_triangular_l3,joint_triangular_l5,37,0,0,0.0,-147.57159321621626,-173.04740314932445,-122.7211133182433,37,-147.57159321621626,-148.57705600000008,0.0,-0.8289839999997639,3.0975457985192474,pointwise paired bootstrap; exploratory and not multiplicity-adjusted,,-173.12875888040534,-123.79937032229735
calibrated,3,smoothed_joint,all,mixed_correlated150_after_observable_screen,unresolved,all,joint_triangular_l1,joint_triangular_l5,43,0,0,0.0,-555.1992784418605,-613.8120356912791,-498.25946236569763,43,-555.1992784418605,-598.0783780000002,0.0,-177.44182899999942,11.053017502329045,pointwise paired bootstrap; exploratory and not multiplicity-adjusted,,-613.7465425784883,-497.03569097209305
calibrated,3,smoothed_joint,all,mixed_correlated150_after_observable_screen,unresolved,all,joint_triangular_l2,joint_triangular_l5,43,0,0,0.0,-425.77119423255806,-471.37343793604623,-381.119553732558,43,-425.77119423255806,-460.25953000000027,0.0,-140.75449799999933,8.474329729853018,pointwise paired bootstrap; exploratory and not multiplicity-adjusted,,-470.72368207151163,-379.1436321552326
calibrated,3,smoothed_joint,all,mixed_correlated150_after_observable_screen,unresolved,all,joint_triangular_l3,joint_triangular_l5,43,0,0,0.0,-289.9549915813954,-323.9693357779069,-255.24776144709298,43,-289.9549915813954,-298.700296,0.0,-103.41956699999992,5.767828478268743,pointwise paired bootstrap; exploratory and not multiplicity-adjusted,,-324.09626880116286,-256.28334736046526
calibrated,3,smoothed_joint,all,mixed_correlated150_after_observable_screen,unresolved,correlated,joint_triangular_l1,joint_triangular_l5,43,0,0,0.0,-555.1992784418605,-613.6697096372093,-493.9739279593025,43,-555.1992784418605,-598.0783780000002,0.0,-177.44182899999942,11.053017502329045,pointwise paired bootstrap; exploratory and not multiplicity-adjusted,,-615.9078279122093,-497.33308004651144
calibrated,3,smoothed_joint,all,mixed_correlated150_after_observable_screen,unresolved,correlated,joint_triangular_l2,joint_triangular_l5,43,0,0,0.0,-425.77119423255806,-473.89136230872083,-375.95554113662774,43,-425.77119423255806,-460.25953000000027,0.0,-140.75449799999933,8.474329729853018,pointwise paired bootstrap; exploratory and not multiplicity-adjusted,,-473.9232754209301,-378.89847931511633
calibrated,3,smoothed_joint,all,mixed_correlated150_after_observable_screen,unresolved,correlated,joint_triangular_l3,joint_triangular_l5,43,0,0,0.0,-289.9549915813954,-324.1943495151163,-253.4720527226745,43,-289.9549915813954,-298.700296,0.0,-103.41956699999992,5.767828478268743,pointwise paired bootstrap; exploratory and not multiplicity-adjusted,,-323.9546660802326,-254.81073785581418
calibrated,3,smoothed_joint,development,mixed_correlated150_after_observable_screen,unresolved,all,joint_triangular_l1,joint_triangular_l5,43,0,0,0.0,-555.1992784418605,-612.8015580901164,-494.989228010465,43,-555.1992784418605,-598.0783780000002,0.0,-177.44182899999942,11.053017502329045,pointwise paired bootstrap; exploratory and not multiplicity-adjusted,,-618.0211946633722,-496.20961335174417
calibrated,3,smoothed_joint,development,mixed_correlated150_after_observable_screen,unresolved,all,joint_triangular_l2,joint_triangular_l5,43,0,0,0.0,-425.77119423255806,-474.06510314011626,-377.314889541279,43,-425.77119423255806,-460.25953000000027,0.0,-140.75449799999933,8.474329729853018,pointwise paired bootstrap; exploratory and not multiplicity-adjusted,,-474.0172016831394,-376.76643548372095
calibrated,3,smoothed_joint,development,mixed_correlated150_after_observable_screen,unresolved,all,joint_triangular_l3,joint_triangular_l5,43,0,0,0.0,-289.9549915813954,-323.51306096860475,-255.7617678465117,43,-289.9549915813954,-298.700296,0.0,-103.41956699999992,5.767828478268743,pointwise paired bootstrap; exploratory and not multiplicity-adjusted,,-323.8456007970931,-256.84458150581406
calibrated,3,smoothed_joint,development,mixed_correlated150_after_observable_screen,unresolved,correlated,joint_triangular_l1,joint_triangular_l5,43,0,0,0.0,-555.1992784418605,-615.7393725081395,-495.1123444005814,43,-555.1992784418605,-598.0783780000002,0.0,-177.44182899999942,11.053017502329045,pointwise paired bootstrap; exploratory and not multiplicity-adjusted,,-613.9850782732558,-496.39922766918596
calibrated,3,smoothed_joint,development,mixed_correlated150_after_observable_screen,unresolved,correlated,joint_triangular_l2,joint_triangular_l5,43,0,0,0.0,-425.77119423255806,-475.38102945465107,-378.5602710569767,43,-425.77119423255806,-460.25953000000027,0.0,-140.75449799999933,8.474329729853018,pointwise paired bootstrap; exploratory and not multiplicity-adjusted,,-473.31195021511616,-376.03796919883723
calibrated,3,smoothed_joint,development,mixed_correlated150_after_observable_screen,unresolved,correlated,joint_triangular_l3,joint_triangular_l5,43,0,0,0.0,-289.9549915813954,-325.308822208721,-255.35635017034892,43,-289.9549915813954,-298.700296,0.0,-103.41956699999992,5.767828478268743,pointwise paired bootstrap; exploratory and not multiplicity-adjusted,,-324.026076072093,-256.6227864389536
calibrated,3,smoothed_joint,all,mixed_extreme150_after_observable_screen,unresolved,all,joint_triangular_l1,joint_triangular_l5,37,0,0,0.0,-350.52569967567564,-395.3992761918918,-308.22635905202696,37,-350.52569967567564,-317.193139,0.0,-82.6480419999998,7.326242474916259,pointwise paired bootstrap; exploratory and not multiplicity-adjusted,,-395.98337404932425,-308.18417857229736
calibrated,3,smoothed_joint,all,mixed_extreme150_after_observable_screen,unresolved,all,joint_triangular_l2,joint_triangular_l5,37,0,0,0.0,-232.53750808108109,-264.7417006770269,-200.2849647290541,37,-232.53750808108109,-234.87810199999967,0.0,-60.62287899999956,4.876241337384638,pointwise paired bootstrap; exploratory and not multiplicity-adjusted,,-269.32576131418915,-197.4763541
calibrated,3,smoothed_joint,all,mixed_extreme150_after_observable_screen,unresolved,all,joint_triangular_l3,joint_triangular_l5,37,0,0,0.0,-147.57159321621626,-172.4093542283784,-123.85579589932439,37,-147.57159321621626,-148.57705600000008,0.0,-0.8289839999997639,3.0975457985192474,pointwise paired bootstrap; exploratory and not multiplicity-adjusted,,-173.11008147500002,-123.57217231959464
calibrated,3,smoothed_joint,all,mixed_extreme150_after_observable_screen,unresolved,extreme,joint_triangular_l1,joint_triangular_l5,37,0,0,0.0,-350.52569967567564,-396.03354911689183,-307.97715826486484,37,-350.52569967567564,-317.193139,0.0,-82.6480419999998,7.326242474916259,pointwise paired bootstrap; exploratory and not multiplicity-adjusted,,-393.2261006682433,-308.80509556081074
calibrated,3,smoothed_joint,all,mixed_extreme150_after_observable_screen,unresolved,extreme,joint_triangular_l2,joint_triangular_l5,37,0,0,0.0,-232.53750808108109,-264.9988502189189,-199.7535359702703,37,-232.53750808108109,-234.87810199999967,0.0,-60.62287899999956,4.876241337384638,pointwise paired bootstrap; exploratory and not multiplicity-adjusted,,-265.77070011351344,-202.11309523851355
calibrated,3,smoothed_joint,all,mixed_extreme150_after_observable_screen,unresolved,extreme,joint_triangular_l3,joint_triangular_l5,37,0,0,0.0,-147.57159321621626,-172.95041855810817,-121.94505364527036,37,-147.57159321621626,-148.57705600000008,0.0,-0.8289839999997639,3.0975457985192474,pointwise paired bootstrap; exploratory and not multiplicity-adjusted,,-173.5983693385135,-123.14406764797309
calibrated,3,smoothed_joint,development,mixed_extreme150_after_observable_screen,unresolved,all,joint_triangular_l1,joint_triangular_l5,37,0,0,0.0,-350.52569967567564,-394.70683122027015,-307.43108968783775,37,-350.52569967567564,-317.193139,0.0,-82.6480419999998,7.326242474916259,pointwise paired bootstrap; exploratory and not multiplicity-adjusted,,-397.4181751351351,-309.3984478574324
calibrated,3,smoothed_joint,development,mixed_extreme150_after_observable_screen,unresolved,all,joint_triangular_l2,joint_triangular_l5,37,0,0,0.0,-232.53750808108109,-268.6848371885136,-200.20122562499986,37,-232.53750808108109,-234.87810199999967,0.0,-60.62287899999956,4.876241337384638,pointwise paired bootstrap; exploratory and not multiplicity-adjusted,,-264.345748931081,-201.0795758641892
calibrated,3,smoothed_joint,development,mixed_extreme150_after_observable_screen,unresolved,all,joint_triangular_l3,joint_triangular_l5,37,0,0,0.0,-147.57159321621626,-173.23394246013518,-124.33235031351364,37,-147.57159321621626,-148.57705600000008,0.0,-0.8289839999997639,3.0975457985192474,pointwise paired bootstrap; exploratory and not multiplicity-adjusted,,-174.87942523581083,-123.70735676081087
calibrated,3,smoothed_joint,development,mixed_extreme150_after_observable_screen,unresolved,extreme,joint_triangular_l1,joint_triangular_l5,37,0,0,0.0,-350.52569967567564,-393.81364691148644,-308.0378432249999,37,-350.52569967567564,-317.193139,0.0,-82.6480419999998,7.326242474916259,pointwise paired bootstrap; exploratory and not multiplicity-adjusted,,-395.48783089864867,-309.8232502195947
calibrated,3,smoothed_joint,development,mixed_extreme150_after_observable_screen,unresolved,extreme,joint_triangular_l2,joint_triangular_l5,37,0,0,0.0,-232.53750808108109,-263.9197532621621,-200.85317669121622,37,-232.53750808108109,-234.87810199999967,0.0,-60.62287899999956,4.876241337384638,pointwise paired bootstrap; exploratory and not multiplicity-adjusted,,-267.57459510540554,-198.67514955135147
calibrated,3,smoothed_joint,development,mixed_extreme150_after_observable_screen,unresolved,extreme,joint_triangular_l3,joint_triangular_l5,37,0,0,0.0,-147.57159321621626,-172.47586043310815,-123.36055112972976,37,-147.57159321621626,-148.57705600000008,0.0,-0.8289839999997639,3.0975457985192474,pointwise paired bootstrap; exploratory and not multiplicity-adjusted,,-173.0986241966217,-123.29075141824329
calibrated,4,broad_joint,all,__design_mixture__,design_mixture_only_not_official_population,all,joint_triangular_l1,joint_triangular_l5,80,0,0,0.0,-509.30613036250014,-578.4924035378126,-436.1169861528126,80,-509.30613036250014,-546.373555000001,0.075,651.3568410000007,4.572695528636272,pointwise paired bootstrap; exploratory and not multiplicity-adjusted,,-576.1265070321879,-437.7993861665626
calibrated,4,broad_joint,all,__design_mixture__,design_mixture_only_not_official_population,all,joint_triangular_l2,joint_triangular_l5,80,0,0,0.0,-391.81340122499995,-438.9009056834373,-342.34841231843745,80,-391.81340122499995,-383.99594049999905,0.0375,283.9728209999994,3.519734387081062,pointwise paired bootstrap; exploratory and not multiplicity-adjusted,,-438.19252314906254,-339.5327875096874
calibrated,4,broad_joint,all,__design_mixture__,design_mixture_only_not_official_population,all,joint_triangular_l3,joint_triangular_l5,80,0,0,0.0,-298.539742675,-332.8222747212501,-263.3666063984374,80,-298.539742675,-284.84666749999906,0.0375,164.9029500000015,2.6666449469096944,pointwise paired bootstrap; exploratory and not multiplicity-adjusted,,-333.3778064574999,-260.253495450625
calibrated,4,broad_joint,all,__design_mixture__,design_mixture_only_not_official_population,correlated,joint_triangular_l1,joint_triangular_l5,40,0,0,0.0,-629.5888315500001,-703.3036742168752,-552.0423330062503,40,-629.5888315500001,-646.0914419999999,0.025,196.8039430000008,5.655844298070629,pointwise paired bootstrap; exploratory and not multiplicity-adjusted,,-704.5216127387502,-543.5319349950001
calibrated,4,broad_joint,all,__design_mixture__,design_mixture_only_not_official_population,correlated,joint_triangular_l2,joint_triangular_l5,40,0,0,0.0,-473.8735003250002,-533.7394617256249,-406.81080451812517,40,-473.8735003250002,-473.80012799999986,0.025,29.632056000000375,4.244499093034351,pointwise paired bootstrap; exploratory and not multiplicity-adjusted,,-534.8541631018752,-408.9101762000001
calibrated,4,broad_joint,all,__design_mixture__,design_mixture_only_not_official_population,correlated,joint_triangular_l3,joint_triangular_l5,40,0,0,0.0,-358.75573542500007,-404.411485985625,-305.57288684124984,40,-358.75573542500007,-377.6881199999998,0.025,164.9029500000015,3.198525029095181,pointwise paired bootstrap; exploratory and not multiplicity-adjusted,,-405.5984676318751,-306.94190937625
calibrated,4,broad_joint,all,__design_mixture__,design_mixture_only_not_official_population,extreme,joint_triangular_l1,joint_triangular_l5,40,0,0,0.0,-389.02342917500016,-491.9093563881251,-282.3498924637501,40,-389.02342917500016,-469.7004154999995,0.125,651.3568410000007,3.4895467592019145,pointwise paired bootstrap; exploratory and not multiplicity-adjusted,,-497.3987802368752,-271.55073000000044
calibrated,4,broad_joint,all,__design_mixture__,design_mixture_only_not_official_population,extreme,joint_triangular_l2,joint_triangular_l5,40,0,0,0.0,-309.75330212499983,-369.62482615124986,-246.04631632437471,40,-309.75330212499983,-355.9699915000001,0.05,283.9728209999994,2.794969681127772,pointwise paired bootstrap; exploratory and not multiplicity-adjusted,,-368.8495693181248,-251.0464601887499
calibrated,4,broad_joint,all,__design_mixture__,design_mixture_only_not_official_population,extreme,joint_triangular_l3,joint_triangular_l5,40,0,0,0.0,-238.323749925,-280.8469216837503,-195.41907241000004,40,-238.323749925,-227.34178399999928,0.05,105.63228900000104,2.1347648647242083,pointwise paired bootstrap; exploratory and not multiplicity-adjusted,,-283.20509596874996,-194.46675115625
calibrated,4,broad_joint,development,__design_mixture__,design_mixture_only_not_official_population,all,joint_triangular_l1,joint_triangular_l5,80,0,0,0.0,-509.30613036250014,-579.1782226471875,-434.4337142962503,80,-509.30613036250014,-546.373555000001,0.075,651.3568410000007,4.572695528636272,pointwise paired bootstrap; exploratory and not multiplicity-adjusted,,-574.6538538265626,-434.0949518928126
calibrated,4,broad_joint,development,__design_mixture__,design_mixture_only_not_official_population,all,joint_triangular_l2,joint_triangular_l5,80,0,0,0.0,-391.81340122499995,-437.9167977715627,-343.5344495149999,80,-391.81340122499995,-383.99594049999905,0.0375,283.9728209999994,3.519734387081062,pointwise paired bootstrap; exploratory and not multiplicity-adjusted,,-436.851945089375,-345.80233470624995
calibrated,4,broad_joint,development,__design_mixture__,design_mixture_only_not_official_population,all,joint_triangular_l3,joint_triangular_l5,80,0,0,0.0,-298.539742675,-334.30203486875007,-262.63293580687497,80,-298.539742675,-284.84666749999906,0.0375,164.9029500000015,2.6666449469096944,pointwise paired bootstrap; exploratory and not multiplicity-adjusted,,-334.03245956812515,-263.0174685953126
calibrated,4,broad_joint,development,__design_mixture__,design_mixture_only_not_official_population,correlated,joint_triangular_l1,joint_triangular_l5,40,0,0,0.0,-629.5888315500001,-707.3186320156251,-547.0672306081251,40,-629.5888315500001,-646.0914419999999,0.025,196.8039430000008,5.655844298070629,pointwise paired bootstrap; exploratory and not multiplicity-adjusted,,-706.8161467675001,-549.2664088837502
calibrated,4,broad_joint,development,__design_mixture__,design_mixture_only_not_official_population,correlated,joint_triangular_l2,joint_triangular_l5,40,0,0,0.0,-473.8735003250002,-536.5347797387502,-411.2981550906253,40,-473.8735003250002,-473.80012799999986,0.025,29.632056000000375,4.244499093034351,pointwise paired bootstrap; exploratory and not multiplicity-adjusted,,-537.4410101125002,-412.60163202875015
calibrated,4,broad_joint,development,__design_mixture__,design_mixture_only_not_official_population,correlated,joint_triangular_l3,joint_triangular_l5,40,0,0,0.0,-358.75573542500007,-405.61379553750015,-308.60987027875,40,-358.75573542500007,-377.6881199999998,0.025,164.9029500000015,3.198525029095181,pointwise paired bootstrap; exploratory and not multiplicity-adjusted,,-406.8942336262503,-311.05490784124993
calibrated,4,broad_joint,development,__design_mixture__,design_mixture_only_not_official_population,extreme,joint_triangular_l1,joint_triangular_l5,40,0,0,0.0,-389.02342917500016,-494.98472197562495,-270.1175007537503,40,-389.02342917500016,-469.7004154999995,0.125,651.3568410000007,3.4895467592019145,pointwise paired bootstrap; exploratory and not multiplicity-adjusted,,-492.791863576875,-274.0613252112504
calibrated,4,broad_joint,development,__design_mixture__,design_mixture_only_not_official_population,extreme,joint_triangular_l2,joint_triangular_l5,40,0,0,0.0,-309.75330212499983,-370.0134991787497,-245.37696706999984,40,-309.75330212499983,-355.9699915000001,0.05,283.9728209999994,2.794969681127772,pointwise paired bootstrap; exploratory and not multiplicity-adjusted,,-371.7762141906247,-244.12590391812503
calibrated,4,broad_joint,development,__design_mixture__,design_mixture_only_not_official_population,extreme,joint_triangular_l3,joint_triangular_l5,40,0,0,0.0,-238.323749925,-283.69818824999993,-195.6082058693748,40,-238.323749925,-227.34178399999928,0.05,105.63228900000104,2.1347648647242083,pointwise paired bootstrap; exploratory and not multiplicity-adjusted,,-281.80427220875004,-192.98783827812508
calibrated,4,broad_joint,all,mixed_correlated150_after_observable_screen,unresolved,all,joint_triangular_l1,joint_triangular_l5,40,0,0,0.0,-629.5888315500001,-704.6862034643752,-546.4807311843754,40,-629.5888315500001,-646.0914419999999,0.025,196.8039430000008,5.655844298070629,pointwise paired bootstrap; exploratory and not multiplicity-adjusted,,-705.2019500800003,-550.387882585
calibrated,4,broad_joint,all,mixed_correlated150_after_observable_screen,unresolved,all,joint_triangular_l2,joint_triangular_l5,40,0,0,0.0,-473.8735003250002,-536.6006754068752,-412.40724845500023,40,-473.8735003250002,-473.80012799999986,0.025,29.632056000000375,4.244499093034351,pointwise paired bootstrap; exploratory and not multiplicity-adjusted,,-535.0803455600002,-412.00784134250017
calibrated,4,broad_joint,all,mixed_correlated150_after_observable_screen,unresolved,all,joint_triangular_l3,joint_triangular_l5,40,0,0,0.0,-358.75573542500007,-407.2773763081251,-309.54025513562505,40,-358.75573542500007,-377.6881199999998,0.025,164.9029500000015,3.198525029095181,pointwise paired bootstrap; exploratory and not multiplicity-adjusted,,-408.4553758768752,-308.2116982662502
calibrated,4,broad_joint,all,mixed_correlated150_after_observable_screen,unresolved,correlated,joint_triangular_l1,joint_triangular_l5,40,0,0,0.0,-629.5888315500001,-701.7390910462501,-551.672855768125,40,-629.5888315500001,-646.0914419999999,0.025,196.8039430000008,5.655844298070629,pointwise paired bootstrap; exploratory and not multiplicity-adjusted,,-706.1539607112501,-548.9704973306252
calibrated,4,broad_joint,all,mixed_correlated150_after_observable_screen,unresolved,correlated,joint_triangular_l2,joint_triangular_l5,40,0,0,0.0,-473.8735003250002,-536.1475038262499,-411.0303052600001,40,-473.8735003250002,-473.80012799999986,0.025,29.632056000000375,4.244499093034351,pointwise paired bootstrap; exploratory and not multiplicity-adjusted,,-533.7763162856253,-414.4251270574999
calibrated,4,broad_joint,all,mixed_correlated150_after_observable_screen,unresolved,correlated,joint_triangular_l3,joint_triangular_l5,40,0,0,0.0,-358.75573542500007,-406.45552579562514,-307.58417032062505,40,-358.75573542500007,-377.6881199999998,0.025,164.9029500000015,3.198525029095181,pointwise paired bootstrap; exploratory and not multiplicity-adjusted,,-407.3830722662501,-306.05697339124987
calibrated,4,broad_joint,development,mixed_correlated150_after_observable_screen,unresolved,all,joint_triangular_l1,joint_triangular_l5,40,0,0,0.0,-629.5888315500001,-700.0663665437501,-552.5313197975001,40,-629.5888315500001,-646.0914419999999,0.025,196.8039430000008,5.655844298070629,pointwise paired bootstrap; exploratory and not multiplicity-adjusted,,-706.4433444956252,-552.6020621850005
calibrated,4,broad_joint,development,mixed_correlated150_after_observable_screen,unresolved,all,joint_triangular_l2,joint_triangular_l5,40,0,0,0.0,-473.8735003250002,-536.7358905868749,-413.75527628875005,40,-473.8735003250002,-473.80012799999986,0.025,29.632056000000375,4.244499093034351,pointwise paired bootstrap; exploratory and not multiplicity-adjusted,,-535.2859957531252,-414.3121914387501
calibrated,4,broad_joint,development,mixed_correlated150_after_observable_screen,unresolved,all,joint_triangular_l3,joint_triangular_l5,40,0,0,0.0,-358.75573542500007,-407.37251940437517,-306.76116985562504,40,-358.75573542500007,-377.6881199999998,0.025,164.9029500000015,3.198525029095181,pointwise paired bootstrap; exploratory and not multiplicity-adjusted,,-407.65026903375025,-307.63189735937516
calibrated,4,broad_joint,development,mixed_correlated150_after_observable_screen,unresolved,correlated,joint_triangular_l1,joint_triangular_l5,40,0,0,0.0,-629.5888315500001,-702.386133556875,-551.6925313381253,40,-629.5888315500001,-646.0914419999999,0.025,196.8039430000008,5.655844298070629,pointwise paired bootstrap; exploratory and not multiplicity-adjusted,,-705.56173039375,-546.3290604450003
calibrated,4,broad_joint,development,mixed_correlated150_after_observable_screen,unresolved,correlated,joint_triangular_l2,joint_triangular_l5,40,0,0,0.0,-473.8735003250002,-535.07176514,-413.3111054150002,40,-473.8735003250002,-473.80012799999986,0.025,29.632056000000375,4.244499093034351,pointwise paired bootstrap; exploratory and not multiplicity-adjusted,,-536.2698625887502,-409.3311546018751
calibrated,4,broad_joint,development,mixed_correlated150_after_observable_screen,unresolved,correlated,joint_triangular_l3,joint_triangular_l5,40,0,0,0.0,-358.75573542500007,-406.59612675000017,-308.8156507900001,40,-358.75573542500007,-377.6881199999998,0.025,164.9029500000015,3.198525029095181,pointwise paired bootstrap; exploratory and not multiplicity-adjusted,,-408.68633306562526,-307.08166088312504
calibrated,4,broad_joint,all,mixed_extreme150_after_observable_screen,unresolved,all,joint_triangular_l1,joint_triangular_l5,40,0,0,0.0,-389.02342917500016,-494.78602841999987,-275.23469475750016,40,-389.02342917500016,-469.7004154999995,0.125,651.3568410000007,3.4895467592019145,pointwise paired bootstrap; exploratory and not multiplicity-adjusted,,-497.76160064437516,-277.67801417562544
calibrated,4,broad_joint,all,mixed_extreme150_after_observable_screen,unresolved,all,joint_triangular_l2,joint_triangular_l5,40,0,0,0.0,-309.75330212499983,-370.4387096018749,-243.36363181750022,40,-309.75330212499983,-355.9699915000001,0.05,283.9728209999994,2.794969681127772,pointwise paired bootstrap; exploratory and not multiplicity-adjusted,,-370.33483987687475,-249.18200853625007
calibrated,4,broad_joint,all,mixed_extreme150_after_observable_screen,unresolved,all,joint_triangular_l3,joint_triangular_l5,40,0,0,0.0,-238.323749925,-283.3922452350002,-194.66338856375,40,-238.323749925,-227.34178399999928,0.05,105.63228900000104,2.1347648647242083,pointwise paired bootstrap; exploratory and not multiplicity-adjusted,,-283.9590116893751,-194.04162042562493
calibrated,4,broad_joint,all,mixed_extreme150_after_observable_screen,unresolved,extreme,joint_triangular_l1,joint_triangular_l5,40,0,0,0.0,-389.02342917500016,-498.0597997187501,-272.2648770175002,40,-389.02342917500016,-469.7004154999995,0.125,651.3568410000007,3.4895467592019145,pointwise paired bootstrap; exploratory and not multiplicity-adjusted,,-494.62291121000015,-273.22398221562537
calibrated,4,broad_joint,all,mixed_extreme150_after_observable_screen,unresolved,extreme,joint_triangular_l2,joint_triangular_l5,40,0,0,0.0,-309.75330212499983,-373.1942170837497,-246.5319740006249,40,-309.75330212499983,-355.9699915000001,0.05,283.9728209999994,2.794969681127772,pointwise paired bootstrap; exploratory and not multiplicity-adjusted,,-369.7198716299995,-243.04128718437482
calibrated,4,broad_joint,all,mixed_extreme150_after_observable_screen,unresolved,extreme,joint_triangular_l3,joint_triangular_l5,40,0,0,0.0,-238.323749925,-283.8200401899997,-194.80611532625,40,-238.323749925,-227.34178399999928,0.05,105.63228900000104,2.1347648647242083,pointwise paired bootstrap; exploratory and not multiplicity-adjusted,,-284.36038865312514,-193.250827
calibrated,4,broad_joint,development,mixed_extreme150_after_observable_screen,unresolved,all,joint_triangular_l1,joint_triangular_l5,40,0,0,0.0,-389.02342917500016,-497.0597584956252,-277.96881026937507,40,-389.02342917500016,-469.7004154999995,0.125,651.3568410000007,3.4895467592019145,pointwise paired bootstrap; exploratory and not multiplicity-adjusted,,-491.09028375625013,-272.0975900062504
calibrated,4,broad_joint,development,mixed_extreme150_after_observable_screen,unresolved,all,joint_triangular_l2,joint_triangular_l5,40,0,0,0.0,-309.75330212499983,-369.95133782374995,-245.7400451775001,40,-309.75330212499983,-355.9699915000001,0.05,283.9728209999994,2.794969681127772,pointwise paired bootstrap; exploratory and not multiplicity-adjusted,,-369.60996733749965,-241.30056915124996
calibrated,4,broad_joint,development,mixed_extreme150_after_observable_screen,unresolved,all,joint_triangular_l3,joint_triangular_l5,40,0,0,0.0,-238.323749925,-281.502164020625,-195.51994872000012,40,-238.323749925,-227.34178399999928,0.05,105.63228900000104,2.1347648647242083,pointwise paired bootstrap; exploratory and not multiplicity-adjusted,,-283.75403025500003,-194.6906992900001
calibrated,4,broad_joint,development,mixed_extreme150_after_observable_screen,unresolved,extreme,joint_triangular_l1,joint_triangular_l5,40,0,0,0.0,-389.02342917500016,-488.7149560943752,-274.60145446000024,40,-389.02342917500016,-469.7004154999995,0.125,651.3568410000007,3.4895467592019145,pointwise paired bootstrap; exploratory and not multiplicity-adjusted,,-488.67639524249995,-274.85879924562516
calibrated,4,broad_joint,development,mixed_extreme150_after_observable_screen,unresolved,extreme,joint_triangular_l2,joint_triangular_l5,40,0,0,0.0,-309.75330212499983,-372.8340437818747,-244.73462544062497,40,-309.75330212499983,-355.9699915000001,0.05,283.9728209999994,2.794969681127772,pointwise paired bootstrap; exploratory and not multiplicity-adjusted,,-373.9921796931249,-245.01002073687508
calibrated,4,broad_joint,development,mixed_extreme150_after_observable_screen,unresolved,extreme,joint_triangular_l3,joint_triangular_l5,40,0,0,0.0,-238.323749925,-282.21220640687505,-193.51072051875,40,-238.323749925,-227.34178399999928,0.05,105.63228900000104,2.1347648647242083,pointwise paired bootstrap; exploratory and not multiplicity-adjusted,,-281.31522286374997,-194.97761345624997
calibrated,4,smoothed_joint,all,__design_mixture__,design_mixture_only_not_official_population,all,joint_triangular_l1,joint_triangular_l5,80,0,0,0.0,-376.04897361250005,-464.19258057875004,-284.76422871500023,80,-376.04897361250005,-414.0092465000007,0.15,1147.1832599999998,3.3444534266812944,pointwise paired bootstrap; exploratory and not multiplicity-adjusted,,-460.0108096996874,-287.2938298093751
calibrated,4,smoothed_joint,all,__design_mixture__,design_mixture_only_not_official_population,all,joint_triangular_l2,joint_triangular_l5,80,0,0,0.0,-360.7223175125,-419.979580451875,-296.02313131375,80,-360.7223175125,-392.67714500000056,0.075,684.5647720000015,3.1524812383680754,pointwise paired bootstrap; exploratory and not multiplicity-adjusted,,-420.30139451499997,-300.0338177537501
calibrated,4,smoothed_joint,all,__design_mixture__,design_mixture_only_not_official_population,all,joint_triangular_l3,joint_triangular_l5,80,0,0,0.0,-271.24429820000006,-313.94716095593736,-226.01646608156258,80,-271.24429820000006,-286.52755949999937,0.075,738.1844770000007,2.35347834432942,pointwise paired bootstrap; exploratory and not multiplicity-adjusted,,-315.930025768125,-225.7626483934376
calibrated,4,smoothed_joint,all,__design_mixture__,design_mixture_only_not_official_population,correlated,joint_triangular_l1,joint_triangular_l5,38,0,0,0.0,-508.8843293421052,-626.427696467763,-378.67952346184234,38,-508.8843293421052,-651.2617245000001,0.15789473684210525,398.2661929999995,4.4878737934572355,pointwise paired bootstrap; exploratory and not multiplicity-adjusted,,-622.7532548638159,-388.8721764296055
calibrated,4,smoothed_joint,all,__design_mixture__,design_mixture_only_not_official_population,correlated,joint_triangular_l2,joint_triangular_l5,38,0,0,0.0,-471.7274012105263,-543.7277133019741,-394.80448256710514,38,-471.7274012105263,-498.60366350000004,0.05263157894736842,233.65963999999985,4.146849536699241,pointwise paired bootstrap; exploratory and not multiplicity-adjusted,,-542.7028864006581,-392.8755922032896
calibrated,4,smoothed_joint,all,__design_mixture__,design_mixture_only_not_official_population,correlated,joint_triangular_l3,joint_triangular_l5,38,0,0,0.0,-356.0097331578947,-409.3276791473682,-302.95397182434215,38,-356.0097331578947,-379.7000509999998,0.05263157894736842,115.16830699999991,3.116883882900831,pointwise paired bootstrap; exploratory and not multiplicity-adjusted,,-410.8718817519736,-297.89607648750007
calibrated,4,smoothed_joint,all,__design_mixture__,design_mixture_only_not_official_population,extreme,joint_triangular_l1,joint_triangular_l5,42,0,0,0.0,-255.86460414285716,-370.4675463565477,-131.32031150535724,42,-255.86460414285716,-287.0696229999994,0.14285714285714285,1147.1832599999998,2.309930237693539,pointwise paired bootstrap; exploratory and not multiplicity-adjusted,,-369.26445581369046,-122.20169276309527
calibrated,4,smoothed_joint,all,__design_mixture__,design_mixture_only_not_official_population,extreme,joint_triangular_l2,joint_triangular_l5,42,0,0,0.0,-260.28914654761905,-340.04005547500003,-174.6662361232144,42,-260.28914654761905,-291.3351425000001,0.09523809523809523,684.5647720000015,2.252814682735116,pointwise paired bootstrap; exploratory and not multiplicity-adjusted,,-341.75254783511934,-170.99883531607168
calibrated,4,smoothed_joint,all,__design_mixture__,design_mixture_only_not_official_population,extreme,joint_triangular_l3,joint_triangular_l5,42,0,0,0.0,-194.5517618095239,-250.6206488821431,-130.17755740059522,42,-194.5517618095239,-204.60018499999933,0.09523809523809523,738.1844770000007,1.6627780951457616,pointwise paired bootstrap; exploratory and not multiplicity-adjusted,,-251.56594134880982,-127.06441184166661
calibrated,4,smoothed_joint,development,__design_mixture__,design_mixture_only_not_official_population,all,joint_triangular_l1,joint_triangular_l5,80,0,0,0.0,-376.04897361250005,-459.617124365,-288.07195183374995,80,-376.04897361250005,-414.0092465000007,0.15,1147.1832599999998,3.3444534266812944,pointwise paired bootstrap; exploratory and not multiplicity-adjusted,,-465.85417985562503,-289.19475604062507
calibrated,4,smoothed_joint,development,__design_mixture__,design_mixture_only_not_official_population,all,joint_triangular_l2,joint_triangular_l5,80,0,0,0.0,-360.7223175125,-421.6815881784376,-300.21942791187496,80,-360.7223175125,-392.67714500000056,0.075,684.5647720000015,3.1524812383680754,pointwise paired bootstrap; exploratory and not multiplicity-adjusted,,-419.5531995990625,-297.09154838156263
calibrated,4,smoothed_joint,development,__design_mixture__,design_mixture_only_not_official_population,all,joint_triangular_l3,joint_triangular_l5,80,0,0,0.0,-271.24429820000006,-314.33548513062516,-224.6604057965626,80,-271.24429820000006,-286.52755949999937,0.075,738.1844770000007,2.35347834432942,pointwise paired bootstrap; exploratory and not multiplicity-adjusted,,-315.4549393643751,-225.9488519656249
calibrated,4,smoothed_joint,development,__design_mixture__,design_mixture_only_not_official_population,correlated,joint_triangular_l1,joint_triangular_l5,38,0,0,0.0,-508.8843293421052,-623.2215583815788,-386.553129544737,38,-508.8843293421052,-651.2617245000001,0.15789473684210525,398.2661929999995,4.4878737934572355,pointwise paired bootstrap; exploratory and not multiplicity-adjusted,,-621.8005745921052,-393.22843820789507
calibrated,4,smoothed_joint,development,__design_mixture__,design_mixture_only_not_official_population,correlated,joint_triangular_l2,joint_triangular_l5,38,0,0,0.0,-471.7274012105263,-546.0853697822369,-395.6439432414476,38,-471.7274012105263,-498.60366350000004,0.05263157894736842,233.65963999999985,4.146849536699241,pointwise paired bootstrap; exploratory and not multiplicity-adjusted,,-543.7986744486843,-394.5519634230264
calibrated,4,smoothed_joint,development,__design_mixture__,design_mixture_only_not_official_population,correlated,joint_triangular_l3,joint_triangular_l5,38,0,0,0.0,-356.0097331578947,-406.6806090822369,-301.3707940138158,38,-356.0097331578947,-379.7000509999998,0.05263157894736842,115.16830699999991,3.116883882900831,pointwise paired bootstrap; exploratory and not multiplicity-adjusted,,-406.8737124940788,-295.67399183947396
calibrated,4,smoothed_joint,development,__design_mixture__,design_mixture_only_not_official_population,extreme,joint_triangular_l1,joint_triangular_l5,42,0,0,0.0,-255.86460414285716,-367.93486806488113,-131.99204855416664,42,-255.86460414285716,-287.0696229999994,0.14285714285714285,1147.1832599999998,2.309930237693539,pointwise paired bootstrap; exploratory and not multiplicity-adjusted,,-368.88663855297625,-124.91888988273831
calibrated,4,smoothed_joint,development,__design_mixture__,design_mixture_only_not_official_population,extreme,joint_triangular_l2,joint_triangular_l5,42,0,0,0.0,-260.28914654761905,-333.0524095999999,-172.31641334464277,42,-260.28914654761905,-291.3351425000001,0.09523809523809523,684.5647720000015,2.252814682735116,pointwise paired bootstrap; exploratory and not multiplicity-adjusted,,-334.38528840238064,-168.7617596428571
calibrated,4,smoothed_joint,development,__design_mixture__,design_mixture_only_not_official_population,extreme,joint_triangular_l3,joint_triangular_l5,42,0,0,0.0,-194.5517618095239,-252.4744327636906,-127.87514418988086,42,-194.5517618095239,-204.60018499999933,0.09523809523809523,738.1844770000007,1.6627780951457616,pointwise paired bootstrap; exploratory and not multiplicity-adjusted,,-251.18533238750004,-128.36509995357162
calibrated,4,smoothed_joint,all,mixed_correlated150_after_observable_screen,unresolved,all,joint_triangular_l1,joint_triangular_l5,38,0,0,0.0,-508.8843293421052,-619.8557050302632,-390.1002725592105,38,-508.8843293421052,-651.2617245000001,0.15789473684210525,398.2661929999995,4.4878737934572355,pointwise paired bootstrap; exploratory and not multiplicity-adjusted,,-620.5453103894738,-381.3088362644737
calibrated,4,smoothed_joint,all,mixed_correlated150_after_observable_screen,unresolved,all,joint_triangular_l2,joint_triangular_l5,38,0,0,0.0,-471.7274012105263,-542.2924098052631,-389.3535571644737,38,-471.7274012105263,-498.60366350000004,0.05263157894736842,233.65963999999985,4.146849536699241,pointwise paired bootstrap; exploratory and not multiplicity-adjusted,,-543.1328949940788,-389.26771980065786
calibrated,4,smoothed_joint,all,mixed_correlated150_after_observable_screen,unresolved,all,joint_triangular_l3,joint_triangular_l5,38,0,0,0.0,-356.0097331578947,-408.1886921513158,-301.17434115526333,38,-356.0097331578947,-379.7000509999998,0.05263157894736842,115.16830699999991,3.116883882900831,pointwise paired bootstrap; exploratory and not multiplicity-adjusted,,-410.99508322697363,-300.87495861250017
calibrated,4,smoothed_joint,all,mixed_correlated150_after_observable_screen,unresolved,correlated,joint_triangular_l1,joint_triangular_l5,38,0,0,0.0,-508.8843293421052,-626.6429762098682,-385.8481591914475,38,-508.8843293421052,-651.2617245000001,0.15789473684210525,398.2661929999995,4.4878737934572355,pointwise paired bootstrap; exploratory and not multiplicity-adjusted,,-623.4287810657894,-392.63931183618416
calibrated,4,smoothed_joint,all,mixed_correlated150_after_observable_screen,unresolved,correlated,joint_triangular_l2,joint_triangular_l5,38,0,0,0.0,-471.7274012105263,-544.1491511164472,-396.75419207565784,38,-471.7274012105263,-498.60366350000004,0.05263157894736842,233.65963999999985,4.146849536699241,pointwise paired bootstrap; exploratory and not multiplicity-adjusted,,-547.568119499342,-389.2072051822368
calibrated,4,smoothed_joint,all,mixed_correlated150_after_observable_screen,unresolved,correlated,joint_triangular_l3,joint_triangular_l5,38,0,0,0.0,-356.0097331578947,-406.1212420276316,-300.4882458776316,38,-356.0097331578947,-379.7000509999998,0.05263157894736842,115.16830699999991,3.116883882900831,pointwise paired bootstrap; exploratory and not multiplicity-adjusted,,-407.16540648815777,-301.673032413816
calibrated,4,smoothed_joint,development,mixed_correlated150_after_observable_screen,unresolved,all,joint_triangular_l1,joint_triangular_l5,38,0,0,0.0,-508.8843293421052,-623.1947429197369,-381.5655871388161,38,-508.8843293421052,-651.2617245000001,0.15789473684210525,398.2661929999995,4.4878737934572355,pointwise paired bootstrap; exploratory and not multiplicity-adjusted,,-626.6242134164474,-381.6872405664476
calibrated,4,smoothed_joint,development,mixed_correlated150_after_observable_screen,unresolved,all,joint_triangular_l2,joint_triangular_l5,38,0,0,0.0,-471.7274012105263,-541.0931397013156,-397.63680782368414,38,-471.7274012105263,-498.60366350000004,0.05263157894736842,233.65963999999985,4.146849536699241,pointwise paired bootstrap; exploratory and not multiplicity-adjusted,,-541.8274524953946,-391.83247076447384
calibrated,4,smoothed_joint,development,mixed_correlated150_after_observable_screen,unresolved,all,joint_triangular_l3,joint_triangular_l5,38,0,0,0.0,-356.0097331578947,-407.6433857460527,-301.2450703861846,38,-356.0097331578947,-379.7000509999998,0.05263157894736842,115.16830699999991,3.116883882900831,pointwise paired bootstrap; exploratory and not multiplicity-adjusted,,-408.8517425822366,-299.0095551539476
calibrated,4,smoothed_joint,development,mixed_correlated150_after_observable_screen,unresolved,correlated,joint_triangular_l1,joint_triangular_l5,38,0,0,0.0,-508.8843293421052,-629.1463558269735,-385.2252121868421,38,-508.8843293421052,-651.2617245000001,0.15789473684210525,398.2661929999995,4.4878737934572355,pointwise paired bootstrap; exploratory and not multiplicity-adjusted,,-622.1583081756581,-387.82481039407946
calibrated,4,smoothed_joint,development,mixed_correlated150_after_observable_screen,unresolved,correlated,joint_triangular_l2,joint_triangular_l5,38,0,0,0.0,-471.7274012105263,-542.7059827822371,-391.07392874407896,38,-471.7274012105263,-498.60366350000004,0.05263157894736842,233.65963999999985,4.146849536699241,pointwise paired bootstrap; exploratory and not multiplicity-adjusted,,-545.1560474703948,-396.1102149644737
calibrated,4,smoothed_joint,development,mixed_correlated150_after_observable_screen,unresolved,correlated,joint_triangular_l3,joint_triangular_l5,38,0,0,0.0,-356.0097331578947,-406.9647130809209,-302.2757290440791,38,-356.0097331578947,-379.7000509999998,0.05263157894736842,115.16830699999991,3.116883882900831,pointwise paired bootstrap; exploratory and not multiplicity-adjusted,,-408.5512862296054,-298.76208897500004
calibrated,4,smoothed_joint,all,mixed_extreme150_after_observable_screen,unresolved,all,joint_triangular_l1,joint_triangular_l5,42,0,0,0.0,-255.86460414285716,-365.7407951398813,-141.81784947678597,42,-255.86460414285716,-287.0696229999994,0.14285714285714285,1147.1832599999998,2.309930237693539,pointwise paired bootstrap; exploratory and not multiplicity-adjusted,,-366.36967395892873,-127.61509131726196
calibrated,4,smoothed_joint,all,mixed_extreme150_after_observable_screen,unresolved,all,joint_triangular_l2,joint_triangular_l5,42,0,0,0.0,-260.28914654761905,-336.9016502869048,-175.62072800476201,42,-260.28914654761905,-291.3351425000001,0.09523809523809523,684.5647720000015,2.252814682735116,pointwise paired bootstrap; exploratory and not multiplicity-adjusted,,-338.9643801654763,-172.2903619005954
calibrated,4,smoothed_joint,all,mixed_extreme150_after_observable_screen,unresolved,all,joint_triangular_l3,joint_triangular_l5,42,0,0,0.0,-194.5517618095239,-251.01995556488097,-124.77804704702383,42,-194.5517618095239,-204.60018499999933,0.09523809523809523,738.1844770000007,1.6627780951457616,pointwise paired bootstrap; exploratory and not multiplicity-adjusted,,-252.17711580714294,-123.68293731190475
calibrated,4,smoothed_joint,all,mixed_extreme150_after_observable_screen,unresolved,extreme,joint_triangular_l1,joint_triangular_l5,42,0,0,0.0,-255.86460414285716,-371.525237029762,-134.35214559821438,42,-255.86460414285716,-287.0696229999994,0.14285714285714285,1147.1832599999998,2.309930237693539,pointwise paired bootstrap; exploratory and not multiplicity-adjusted,,-367.28617152380934,-120.67995975000021
calibrated,4,smoothed_joint,all,mixed_extreme150_after_observable_screen,unresolved,extreme,joint_triangular_l2,joint_triangular_l5,42,0,0,0.0,-260.28914654761905,-338.43676987678583,-177.63446299999987,42,-260.28914654761905,-291.3351425000001,0.09523809523809523,684.5647720000015,2.252814682735116,pointwise paired bootstrap; exploratory and not multiplicity-adjusted,,-333.27332334047617,-176.76608046785694
calibrated,4,smoothed_joint,all,mixed_extreme150_after_observable_screen,unresolved,extreme,joint_triangular_l3,joint_triangular_l5,42,0,0,0.0,-194.5517618095239,-252.12800537440495,-126.59142823333357,42,-194.5517618095239,-204.60018499999933,0.09523809523809523,738.1844770000007,1.6627780951457616,pointwise paired bootstrap; exploratory and not multiplicity-adjusted,,-252.46913415059552,-128.33592352738103
calibrated,4,smoothed_joint,development,mixed_extreme150_after_observable_screen,unresolved,all,joint_triangular_l1,joint_triangular_l5,42,0,0,0.0,-255.86460414285716,-372.32605570119046,-122.88035139940477,42,-255.86460414285716,-287.0696229999994,0.14285714285714285,1147.1832599999998,2.309930237693539,pointwise paired bootstrap; exploratory and not multiplicity-adjusted,,-362.8392590684525,-128.46732881071443
calibrated,4,smoothed_joint,development,mixed_extreme150_after_observable_screen,unresolved,all,joint_triangular_l2,joint_triangular_l5,42,0,0,0.0,-260.28914654761905,-338.2261878595238,-171.52758687142847,42,-260.28914654761905,-291.3351425000001,0.09523809523809523,684.5647720000015,2.252814682735116,pointwise paired bootstrap; exploratory and not multiplicity-adjusted,,-338.902669039881,-173.6176638011907
calibrated,4,smoothed_joint,development,mixed_extreme150_after_observable_screen,unresolved,all,joint_triangular_l3,joint_triangular_l5,42,0,0,0.0,-194.5517618095239,-249.33176859166676,-130.1772278886906,42,-194.5517618095239,-204.60018499999933,0.09523809523809523,738.1844770000007,1.6627780951457616,pointwise paired bootstrap; exploratory and not multiplicity-adjusted,,-250.37310360952387,-131.21704059404786
calibrated,4,smoothed_joint,development,mixed_extreme150_after_observable_screen,unresolved,extreme,joint_triangular_l1,joint_triangular_l5,42,0,0,0.0,-255.86460414285716,-363.315524432143,-134.04923222738097,42,-255.86460414285716,-287.0696229999994,0.14285714285714285,1147.1832599999998,2.309930237693539,pointwise paired bootstrap; exploratory and not multiplicity-adjusted,,-367.4908580261906,-135.72903941011893
calibrated,4,smoothed_joint,development,mixed_extreme150_after_observable_screen,unresolved,extreme,joint_triangular_l2,joint_triangular_l5,42,0,0,0.0,-260.28914654761905,-332.15775188809533,-169.93924946607137,42,-260.28914654761905,-291.3351425000001,0.09523809523809523,684.5647720000015,2.252814682735116,pointwise paired bootstrap; exploratory and not multiplicity-adjusted,,-335.4353465994047,-171.56614813630947
calibrated,4,smoothed_joint,development,mixed_extreme150_after_observable_screen,unresolved,extreme,joint_triangular_l3,joint_triangular_l5,42,0,0,0.0,-194.5517618095239,-249.0387502107143,-127.46347221904765,42,-194.5517618095239,-204.60018499999933,0.09523809523809523,738.1844770000007,1.6627780951457616,pointwise paired bootstrap; exploratory and not multiplicity-adjusted,,-250.28070076130956,-127.56977444642857
stress,3,stress_design,all,__design_mixture__,design_mixture_only_not_official_population,all,joint_triangular_l1,joint_triangular_l5,80,0,0,0.0,-181.2914132875,-214.22784322406252,-149.77289073875,80,-181.2914132875,-131.22519200000033,0.0625,25.24772800000028,3.6107688678525975,pointwise paired bootstrap; exploratory and not multiplicity-adjusted,,-214.34895490187495,-149.79787681312493
stress,3,stress_design,all,__design_mixture__,design_mixture_only_not_official_population,all,joint_triangular_l2,joint_triangular_l5,80,0,0,0.0,-136.25343024999998,-163.37354905656247,-109.21307319999995,80,-136.25343024999998,-98.82538199999999,0.0375,29.622644000000037,2.688655556628225,pointwise paired bootstrap; exploratory and not multiplicity-adjusted,,-163.35445734156247,-108.30136905500011
stress,3,stress_design,all,__design_mixture__,design_mixture_only_not_official_population,all,joint_triangular_l3,joint_triangular_l5,80,0,0,0.0,-95.38740292499999,-117.5522029890625,-74.27579144999997,80,-95.38740292499999,-66.69760200000019,0.1,19.303776000000653,1.8445989348684733,pointwise paired bootstrap; exploratory and not multiplicity-adjusted,,-118.90829031562498,-73.46388479656238
stress,3,stress_design,all,__design_mixture__,design_mixture_only_not_official_population,correlated,joint_triangular_l1,joint_triangular_l5,24,0,0,0.0,-185.44725841666659,-255.09605178333325,-122.62114145520846,24,-185.44725841666659,-97.61067550000007,0.0,-14.113259000000653,3.5662373488352554,pointwise paired bootstrap; exploratory and not multiplicity-adjusted,,-259.28966259166646,-120.48842098333331
stress,3,stress_design,all,__design_mixture__,design_mixture_only_not_official_population,correlated,joint_triangular_l2,joint_triangular_l5,24,0,0,0.0,-143.11837120833323,-202.7547286104166,-88.99174994374987,24,-143.11837120833323,-78.97462349999978,0.041666666666666664,0.05253699999957462,2.7331846925140932,pointwise paired bootstrap; exploratory and not multiplicity-adjusted,,-201.45806664895824,-89.28709379375006
stress,3,stress_design,all,__design_mixture__,design_mixture_only_not_official_population,correlated,joint_triangular_l3,joint_triangular_l5,24,0,0,0.0,-97.91264020833324,-147.06546245416655,-50.43002440833331,24,-97.91264020833324,-16.74307399999998,0.125,18.759009999999762,1.8021250422369661,pointwise paired bootstrap; exploratory and not multiplicity-adjusted,,-150.05669198437494,-49.10874855729159
stress,3,stress_design,all,__design_mixture__,design_mixture_only_not_official_population,deterministic,joint_triangular_l1,joint_triangular_l5,27,0,0,0.0,-248.9835235185186,-294.72280951296307,-204.8243939472223,27,-248.9835235185186,-230.69305600000007,0.0,-59.67913700000008,4.647434408851542,pointwise paired bootstrap; exploratory and not multiplicity-adjusted,,-292.37182837407414,-206.04929441481482
stress,3,stress_design,all,__design_mixture__,design_mixture_only_not_official_population,deterministic,joint_triangular_l2,joint_triangular_l5,27,0,0,0.0,-195.6509778148149,-240.65876301018534,-153.08434433333332,27,-195.6509778148149,-160.58576999999968,0.0,-30.5045140000002,3.6406043675056052,pointwise paired bootstrap; exploratory and not multiplicity-adjusted,,-239.87255049259272,-153.8304549555556
stress,3,stress_design,all,__design_mixture__,design_mixture_only_not_official_population,deterministic,joint_triangular_l3,joint_triangular_l5,27,0,0,0.0,-149.26562503703713,-182.35925652129634,-116.12833581296302,27,-149.26562503703713,-123.3758970000008,0.0,-26.51117400000021,2.7755550819124832,pointwise paired bootstrap; exploratory and not multiplicity-adjusted,,-184.80277083611125,-117.93117740740739
stress,3,stress_design,all,__design_mixture__,design_mixture_only_not_official_population,extreme,joint_triangular_l1,joint_triangular_l5,29,0,0,0.0,-114.82840434482756,-162.83969498879316,-72.26430108706894,29,-114.82840434482756,-58.301746000000094,0.1724137931034483,25.24772800000028,2.6824511730058633,pointwise paired bootstrap; exploratory and not multiplicity-adjusted,,-161.17534708362066,-70.32067245689639
stress,3,stress_design,all,__design_mixture__,design_mixture_only_not_official_population,extreme,joint_triangular_l2,joint_triangular_l5,29,0,0,0.0,-75.27093482758617,-107.73293889137928,-44.45592864741373,29,-75.27093482758617,-48.99826299999995,0.06896551724137931,29.622644000000037,1.765506689216153,pointwise paired bootstrap; exploratory and not multiplicity-adjusted,,-107.95705777241385,-45.01004612241379
stress,3,stress_design,all,__design_mixture__,design_mixture_only_not_official_population,extreme,joint_triangular_l3,joint_triangular_l5,29,0,0,0.0,-43.135068724137895,-64.14160516551718,-23.68991095862067,29,-43.135068724137895,-17.966146999999637,0.1724137931034483,19.303776000000653,1.0129974677294353,pointwise paired bootstrap; exploratory and not multiplicity-adjusted,,-63.303435421551576,-23.252501524999964
stress,3,stress_design,development,__design_mixture__,design_mixture_only_not_official_population,all,joint_triangular_l1,joint_triangular_l5,80,0,0,0.0,-181.2914132875,-215.17120696031245,-149.73576055781245,80,-181.2914132875,-131.22519200000033,0.0625,25.24772800000028,3.6107688678525975,pointwise paired bootstrap; exploratory and not multiplicity-adjusted,,-216.15195030312498,-149.3699253096875
stress,3,stress_design,development,__design_mixture__,design_mixture_only_not_official_population,all,joint_triangular_l2,joint_triangular_l5,80,0,0,0.0,-136.25343024999998,-166.16245585750002,-108.82134028624998,80,-136.25343024999998,-98.82538199999999,0.0375,29.622644000000037,2.688655556628225,pointwise paired bootstrap; exploratory and not multiplicity-adjusted,,-163.03836065406242,-110.25237639812494
stress,3,stress_design,development,__design_mixture__,design_mixture_only_not_official_population,all,joint_triangular_l3,joint_triangular_l5,80,0,0,0.0,-95.38740292499999,-118.02164807249997,-74.79522572593747,80,-95.38740292499999,-66.69760200000019,0.1,19.303776000000653,1.8445989348684733,pointwise paired bootstrap; exploratory and not multiplicity-adjusted,,-120.36650939375,-75.08224351437498
stress,3,stress_design,development,__design_mixture__,design_mixture_only_not_official_population,correlated,joint_triangular_l1,joint_triangular_l5,24,0,0,0.0,-185.44725841666659,-254.92424373541644,-122.53334029791678,24,-185.44725841666659,-97.61067550000007,0.0,-14.113259000000653,3.5662373488352554,pointwise paired bootstrap; exploratory and not multiplicity-adjusted,,-254.49200327916654,-122.00362391250013
stress,3,stress_design,development,__design_mixture__,design_mixture_only_not_official_population,correlated,joint_triangular_l2,joint_triangular_l5,24,0,0,0.0,-143.11837120833323,-201.10924006458322,-87.85657718749994,24,-143.11837120833323,-78.97462349999978,0.041666666666666664,0.05253699999957462,2.7331846925140932,pointwise paired bootstrap; exploratory and not multiplicity-adjusted,,-203.97095031979143,-90.51702267083333
stress,3,stress_design,development,__design_mixture__,design_mixture_only_not_official_population,correlated,joint_triangular_l3,joint_triangular_l5,24,0,0,0.0,-97.91264020833324,-148.02699997291654,-50.48432820624996,24,-97.91264020833324,-16.74307399999998,0.125,18.759009999999762,1.8021250422369661,pointwise paired bootstrap; exploratory and not multiplicity-adjusted,,-148.96412837916654,-50.954130111458205
stress,3,stress_design,development,__design_mixture__,design_mixture_only_not_official_population,deterministic,joint_triangular_l1,joint_triangular_l5,27,0,0,0.0,-248.9835235185186,-294.83685595740735,-205.81289745462985,27,-248.9835235185186,-230.69305600000007,0.0,-59.67913700000008,4.647434408851542,pointwise paired bootstrap; exploratory and not multiplicity-adjusted,,-294.89810232870377,-203.2078310009261
stress,3,stress_design,development,__design_mixture__,design_mixture_only_not_official_population,deterministic,joint_triangular_l2,joint_triangular_l5,27,0,0,0.0,-195.6509778148149,-239.66991145555565,-153.79966472314823,27,-195.6509778148149,-160.58576999999968,0.0,-30.5045140000002,3.6406043675056052,pointwise paired bootstrap; exploratory and not multiplicity-adjusted,,-240.76379196574086,-153.99978987500006
stress,3,stress_design,development,__design_mixture__,design_mixture_only_not_official_population,deterministic,joint_triangular_l3,joint_triangular_l5,27,0,0,0.0,-149.26562503703713,-184.1582695814816,-117.51107323888897,27,-149.26562503703713,-123.3758970000008,0.0,-26.51117400000021,2.7755550819124832,pointwise paired bootstrap; exploratory and not multiplicity-adjusted,,-182.87982317407398,-116.64635752407415
stress,3,stress_design,development,__design_mixture__,design_mixture_only_not_official_population,extreme,joint_triangular_l1,joint_triangular_l5,29,0,0,0.0,-114.82840434482756,-164.13343471551718,-70.36618912758608,29,-114.82840434482756,-58.301746000000094,0.1724137931034483,25.24772800000028,2.6824511730058633,pointwise paired bootstrap; exploratory and not multiplicity-adjusted,,-161.24422523362074,-69.72659446465512
stress,3,stress_design,development,__design_mixture__,design_mixture_only_not_official_population,extreme,joint_triangular_l2,joint_triangular_l5,29,0,0,0.0,-75.27093482758617,-108.48694736637918,-46.14296154827586,29,-75.27093482758617,-48.99826299999995,0.06896551724137931,29.622644000000037,1.765506689216153,pointwise paired bootstrap; exploratory and not multiplicity-adjusted,,-107.26056327758623,-46.02877637413786
stress,3,stress_design,development,__design_mixture__,design_mixture_only_not_official_population,extreme,joint_triangular_l3,joint_triangular_l5,29,0,0,0.0,-43.135068724137895,-65.17510326896557,-23.860745293103395,29,-43.135068724137895,-17.966146999999637,0.1724137931034483,19.303776000000653,1.0129974677294353,pointwise paired bootstrap; exploratory and not multiplicity-adjusted,,-64.49712133189654,-23.977995058620564
stress,3,stress_design,all,assumption__radius_max__noise_correlated__scale_150,broad_or_stress_assumption,all,joint_triangular_l1,joint_triangular_l5,3,0,0,0.0,-205.50250099999994,-441.23406799999975,-63.364386999999624,3,-205.50250099999994,-111.90904800000044,0.0,-63.364386999999624,3.848873762587434,pointwise paired bootstrap; exploratory and not multiplicity-adjusted,very small stratum,-441.23406799999975,-63.364386999999624
stress,3,stress_design,all,assumption__radius_max__noise_correlated__scale_150,broad_or_stress_assumption,all,joint_triangular_l2,joint_triangular_l5,3,0,0,0.0,-156.60842933333302,-335.72103699999934,-32.73371899999984,3,-156.60842933333302,-101.37053199999991,0.0,-32.73371899999984,2.9310079404106264,pointwise paired bootstrap; exploratory and not multiplicity-adjusted,very small stratum,-335.72103699999934,-32.73371899999984
stress,3,stress_design,all,assumption__radius_max__noise_correlated__scale_150,broad_or_stress_assumption,all,joint_triangular_l3,joint_triangular_l5,3,0,0,0.0,-97.12472533333312,-252.2908749999997,-17.187015999999858,3,-97.12472533333312,-21.896284999999807,0.0,-17.187015999999858,1.7491460123118772,pointwise paired bootstrap; exploratory and not multiplicity-adjusted,very small stratum,-252.2908749999997,-17.187015999999858
stress,3,stress_design,all,assumption__radius_max__noise_correlated__scale_150,broad_or_stress_assumption,correlated,joint_triangular_l1,joint_triangular_l5,3,0,0,0.0,-205.50250099999994,-441.23406799999975,-63.364386999999624,3,-205.50250099999994,-111.90904800000044,0.0,-63.364386999999624,3.848873762587434,pointwise paired bootstrap; exploratory and not multiplicity-adjusted,very small stratum,-441.23406799999975,-63.364386999999624
stress,3,stress_design,all,assumption__radius_max__noise_correlated__scale_150,broad_or_stress_assumption,correlated,joint_triangular_l2,joint_triangular_l5,3,0,0,0.0,-156.60842933333302,-335.72103699999934,-32.73371899999984,3,-156.60842933333302,-101.37053199999991,0.0,-32.73371899999984,2.9310079404106264,pointwise paired bootstrap; exploratory and not multiplicity-adjusted,very small stratum,-335.72103699999934,-32.73371899999984
stress,3,stress_design,all,assumption__radius_max__noise_correlated__scale_150,broad_or_stress_assumption,correlated,joint_triangular_l3,joint_triangular_l5,3,0,0,0.0,-97.12472533333312,-252.2908749999997,-17.187015999999858,3,-97.12472533333312,-21.896284999999807,0.0,-17.187015999999858,1.7491460123118772,pointwise paired bootstrap; exploratory and not multiplicity-adjusted,very small stratum,-252.2908749999997,-17.187015999999858
stress,3,stress_design,development,assumption__radius_max__noise_correlated__scale_150,broad_or_stress_assumption,all,joint_triangular_l1,joint_triangular_l5,3,0,0,0.0,-205.50250099999994,-441.23406799999975,-63.364386999999624,3,-205.50250099999994,-111.90904800000044,0.0,-63.364386999999624,3.848873762587434,pointwise paired bootstrap; exploratory and not multiplicity-adjusted,very small stratum,-441.23406799999975,-63.364386999999624
stress,3,stress_design,development,assumption__radius_max__noise_correlated__scale_150,broad_or_stress_assumption,all,joint_triangular_l2,joint_triangular_l5,3,0,0,0.0,-156.60842933333302,-335.72103699999934,-32.73371899999984,3,-156.60842933333302,-101.37053199999991,0.0,-32.73371899999984,2.9310079404106264,pointwise paired bootstrap; exploratory and not multiplicity-adjusted,very small stratum,-335.72103699999934,-32.73371899999984
stress,3,stress_design,development,assumption__radius_max__noise_correlated__scale_150,broad_or_stress_assumption,all,joint_triangular_l3,joint_triangular_l5,3,0,0,0.0,-97.12472533333312,-252.2908749999997,-17.187015999999858,3,-97.12472533333312,-21.896284999999807,0.0,-17.187015999999858,1.7491460123118772,pointwise paired bootstrap; exploratory and not multiplicity-adjusted,very small stratum,-252.2908749999997,-17.187015999999858
stress,3,stress_design,development,assumption__radius_max__noise_correlated__scale_150,broad_or_stress_assumption,correlated,joint_triangular_l1,joint_triangular_l5,3,0,0,0.0,-205.50250099999994,-441.23406799999975,-63.364386999999624,3,-205.50250099999994,-111.90904800000044,0.0,-63.364386999999624,3.848873762587434,pointwise paired bootstrap; exploratory and not multiplicity-adjusted,very small stratum,-441.23406799999975,-63.364386999999624
stress,3,stress_design,development,assumption__radius_max__noise_correlated__scale_150,broad_or_stress_assumption,correlated,joint_triangular_l2,joint_triangular_l5,3,0,0,0.0,-156.60842933333302,-335.72103699999934,-32.73371899999984,3,-156.60842933333302,-101.37053199999991,0.0,-32.73371899999984,2.9310079404106264,pointwise paired bootstrap; exploratory and not multiplicity-adjusted,very small stratum,-335.72103699999934,-32.73371899999984
stress,3,stress_design,development,assumption__radius_max__noise_correlated__scale_150,broad_or_stress_assumption,correlated,joint_triangular_l3,joint_triangular_l5,3,0,0,0.0,-97.12472533333312,-252.2908749999997,-17.187015999999858,3,-97.12472533333312,-21.896284999999807,0.0,-17.187015999999858,1.7491460123118772,pointwise paired bootstrap; exploratory and not multiplicity-adjusted,very small stratum,-252.2908749999997,-17.187015999999858
stress,3,stress_design,all,assumption__radius_max__noise_correlated__scale_300,broad_or_stress_assumption,all,joint_triangular_l1,joint_triangular_l5,3,0,0,0.0,-159.1669283333334,-312.08206599999994,-82.60787100000016,3,-159.1669283333334,-82.81084800000008,0.0,-82.60787100000016,3.417127240015413,pointwise paired bootstrap; exploratory and not multiplicity-adjusted,very small stratum,-312.08206599999994,-82.60787100000016
stress,3,stress_design,all,assumption__radius_max__noise_correlated__scale_300,broad_or_stress_assumption,all,joint_triangular_l2,joint_triangular_l5,3,0,0,0.0,-126.13215733333315,-254.8353619999998,-52.37222800000018,3,-126.13215733333315,-71.18888199999947,0.0,-52.37222800000018,2.699556702917084,pointwise paired bootstrap; exploratory and not multiplicity-adjusted,very small stratum,-254.8353619999998,-52.37222800000018
stress,3,stress_design,all,assumption__radius_max__noise_correlated__scale_300,broad_or_stress_assumption,all,joint_triangular_l3,joint_triangular_l5,3,0,0,0.0,-73.56938533333323,-205.56795299999976,-6.564252000000124,3,-73.56938533333323,-8.575950999999804,0.0,-6.564252000000124,1.506850605631942,pointwise paired bootstrap; exploratory and not multiplicity-adjusted,very small stratum,-205.56795299999976,-6.564252000000124
stress,3,stress_design,all,assumption__radius_max__noise_correlated__scale_300,broad_or_stress_assumption,correlated,joint_triangular_l1,joint_triangular_l5,3,0,0,0.0,-159.1669283333334,-312.08206599999994,-82.60787100000016,3,-159.1669283333334,-82.81084800000008,0.0,-82.60787100000016,3.417127240015413,pointwise paired bootstrap; exploratory and not multiplicity-adjusted,very small stratum,-312.08206599999994,-82.60787100000016
stress,3,stress_design,all,assumption__radius_max__noise_correlated__scale_300,broad_or_stress_assumption,correlated,joint_triangular_l2,joint_triangular_l5,3,0,0,0.0,-126.13215733333315,-254.8353619999998,-52.37222800000018,3,-126.13215733333315,-71.18888199999947,0.0,-52.37222800000018,2.699556702917084,pointwise paired bootstrap; exploratory and not multiplicity-adjusted,very small stratum,-254.8353619999998,-52.37222800000018
stress,3,stress_design,all,assumption__radius_max__noise_correlated__scale_300,broad_or_stress_assumption,correlated,joint_triangular_l3,joint_triangular_l5,3,0,0,0.0,-73.56938533333323,-205.56795299999976,-6.564252000000124,3,-73.56938533333323,-8.575950999999804,0.0,-6.564252000000124,1.506850605631942,pointwise paired bootstrap; exploratory and not multiplicity-adjusted,very small stratum,-205.56795299999976,-6.564252000000124
stress,3,stress_design,development,assumption__radius_max__noise_correlated__scale_300,broad_or_stress_assumption,all,joint_triangular_l1,joint_triangular_l5,3,0,0,0.0,-159.1669283333334,-312.08206599999994,-82.60787100000016,3,-159.1669283333334,-82.81084800000008,0.0,-82.60787100000016,3.417127240015413,pointwise paired bootstrap; exploratory and not multiplicity-adjusted,very small stratum,-312.08206599999994,-82.60787100000016
stress,3,stress_design,development,assumption__radius_max__noise_correlated__scale_300,broad_or_stress_assumption,all,joint_triangular_l2,joint_triangular_l5,3,0,0,0.0,-126.13215733333315,-254.8353619999998,-52.37222800000018,3,-126.13215733333315,-71.18888199999947,0.0,-52.37222800000018,2.699556702917084,pointwise paired bootstrap; exploratory and not multiplicity-adjusted,very small stratum,-254.8353619999998,-52.37222800000018
stress,3,stress_design,development,assumption__radius_max__noise_correlated__scale_300,broad_or_stress_assumption,all,joint_triangular_l3,joint_triangular_l5,3,0,0,0.0,-73.56938533333323,-205.56795299999976,-6.564252000000124,3,-73.56938533333323,-8.575950999999804,0.0,-6.564252000000124,1.506850605631942,pointwise paired bootstrap; exploratory and not multiplicity-adjusted,very small stratum,-205.56795299999976,-6.564252000000124
stress,3,stress_design,development,assumption__radius_max__noise_correlated__scale_300,broad_or_stress_assumption,correlated,joint_triangular_l1,joint_triangular_l5,3,0,0,0.0,-159.1669283333334,-312.08206599999994,-82.60787100000016,3,-159.1669283333334,-82.81084800000008,0.0,-82.60787100000016,3.417127240015413,pointwise paired bootstrap; exploratory and not multiplicity-adjusted,very small stratum,-312.08206599999994,-82.60787100000016
stress,3,stress_design,development,assumption__radius_max__noise_correlated__scale_300,broad_or_stress_assumption,correlated,joint_triangular_l2,joint_triangular_l5,3,0,0,0.0,-126.13215733333315,-254.8353619999998,-52.37222800000018,3,-126.13215733333315,-71.18888199999947,0.0,-52.37222800000018,2.699556702917084,pointwise paired bootstrap; exploratory and not multiplicity-adjusted,very small stratum,-254.8353619999998,-52.37222800000018
stress,3,stress_design,development,assumption__radius_max__noise_correlated__scale_300,broad_or_stress_assumption,correlated,joint_triangular_l3,joint_triangular_l5,3,0,0,0.0,-73.56938533333323,-205.56795299999976,-6.564252000000124,3,-73.56938533333323,-8.575950999999804,0.0,-6.564252000000124,1.506850605631942,pointwise paired bootstrap; exploratory and not multiplicity-adjusted,very small stratum,-205.56795299999976,-6.564252000000124
stress,3,stress_design,all,assumption__radius_max__noise_correlated__scale_75,broad_or_stress_assumption,all,joint_triangular_l1,joint_triangular_l5,3,0,0,0.0,-200.60396300000002,-406.3842829999994,-82.53163100000029,3,-200.60396300000002,-112.89597500000036,0.0,-82.53163100000029,3.962792540640016,pointwise paired bootstrap; exploratory and not multiplicity-adjusted,very small stratum,-406.3842829999994,-82.53163100000029
stress,3,stress_design,all,assumption__radius_max__noise_correlated__scale_75,broad_or_stress_assumption,all,joint_triangular_l2,joint_triangular_l5,3,0,0,0.0,-166.5335293333334,-352.00443799999994,-60.835785000000214,3,-166.5335293333334,-86.76036500000009,0.0,-60.835785000000214,3.264948126203303,pointwise paired bootstrap; exploratory and not multiplicity-adjusted,very small stratum,-352.00443799999994,-60.835785000000214
stress,3,stress_design,all,assumption__radius_max__noise_correlated__scale_75,broad_or_stress_assumption,all,joint_triangular_l3,joint_triangular_l5,3,0,0,0.0,-93.10817899999984,-266.3521689999998,-0.12452099999973143,3,-93.10817899999984,-12.847847000000002,0.0,-0.12452099999973143,1.7184139574879858,pointwise paired bootstrap; exploratory and not multiplicity-adjusted,very small stratum,-266.3521689999998,-0.12452099999973143
stress,3,stress_design,all,assumption__radius_max__noise_correlated__scale_75,broad_or_stress_assumption,correlated,joint_triangular_l1,joint_triangular_l5,3,0,0,0.0,-200.60396300000002,-406.3842829999994,-82.53163100000029,3,-200.60396300000002,-112.89597500000036,0.0,-82.53163100000029,3.962792540640016,pointwise paired bootstrap; exploratory and not multiplicity-adjusted,very small stratum,-406.3842829999994,-82.53163100000029
stress,3,stress_design,all,assumption__radius_max__noise_correlated__scale_75,broad_or_stress_assumption,correlated,joint_triangular_l2,joint_triangular_l5,3,0,0,0.0,-166.5335293333334,-352.00443799999994,-60.835785000000214,3,-166.5335293333334,-86.76036500000009,0.0,-60.835785000000214,3.264948126203303,pointwise paired bootstrap; exploratory and not multiplicity-adjusted,very small stratum,-352.00443799999994,-60.835785000000214
stress,3,stress_design,all,assumption__radius_max__noise_correlated__scale_75,broad_or_stress_assumption,correlated,joint_triangular_l3,joint_triangular_l5,3,0,0,0.0,-93.10817899999984,-266.3521689999998,-0.12452099999973143,3,-93.10817899999984,-12.847847000000002,0.0,-0.12452099999973143,1.7184139574879858,pointwise paired bootstrap; exploratory and not multiplicity-adjusted,very small stratum,-266.3521689999998,-0.12452099999973143
stress,3,stress_design,development,assumption__radius_max__noise_correlated__scale_75,broad_or_stress_assumption,all,joint_triangular_l1,joint_triangular_l5,3,0,0,0.0,-200.60396300000002,-406.3842829999994,-82.53163100000029,3,-200.60396300000002,-112.89597500000036,0.0,-82.53163100000029,3.962792540640016,pointwise paired bootstrap; exploratory and not multiplicity-adjusted,very small stratum,-406.3842829999994,-82.53163100000029
stress,3,stress_design,development,assumption__radius_max__noise_correlated__scale_75,broad_or_stress_assumption,all,joint_triangular_l2,joint_triangular_l5,3,0,0,0.0,-166.5335293333334,-352.00443799999994,-60.835785000000214,3,-166.5335293333334,-86.76036500000009,0.0,-60.835785000000214,3.264948126203303,pointwise paired bootstrap; exploratory and not multiplicity-adjusted,very small stratum,-352.00443799999994,-60.835785000000214
stress,3,stress_design,development,assumption__radius_max__noise_correlated__scale_75,broad_or_stress_assumption,all,joint_triangular_l3,joint_triangular_l5,3,0,0,0.0,-93.10817899999984,-266.3521689999998,-0.12452099999973143,3,-93.10817899999984,-12.847847000000002,0.0,-0.12452099999973143,1.7184139574879858,pointwise paired bootstrap; exploratory and not multiplicity-adjusted,very small stratum,-266.3521689999998,-0.12452099999973143
stress,3,stress_design,development,assumption__radius_max__noise_correlated__scale_75,broad_or_stress_assumption,correlated,joint_triangular_l1,joint_triangular_l5,3,0,0,0.0,-200.60396300000002,-406.3842829999994,-82.53163100000029,3,-200.60396300000002,-112.89597500000036,0.0,-82.53163100000029,3.962792540640016,pointwise paired bootstrap; exploratory and not multiplicity-adjusted,very small stratum,-406.3842829999994,-82.53163100000029
stress,3,stress_design,development,assumption__radius_max__noise_correlated__scale_75,broad_or_stress_assumption,correlated,joint_triangular_l2,joint_triangular_l5,3,0,0,0.0,-166.5335293333334,-352.00443799999994,-60.835785000000214,3,-166.5335293333334,-86.76036500000009,0.0,-60.835785000000214,3.264948126203303,pointwise paired bootstrap; exploratory and not multiplicity-adjusted,very small stratum,-352.00443799999994,-60.835785000000214
stress,3,stress_design,development,assumption__radius_max__noise_correlated__scale_75,broad_or_stress_assumption,correlated,joint_triangular_l3,joint_triangular_l5,3,0,0,0.0,-93.10817899999984,-266.3521689999998,-0.12452099999973143,3,-93.10817899999984,-12.847847000000002,0.0,-0.12452099999973143,1.7184139574879858,pointwise paired bootstrap; exploratory and not multiplicity-adjusted,very small stratum,-266.3521689999998,-0.12452099999973143
stress,3,stress_design,all,assumption__radius_max__noise_deterministic__scale_150,broad_or_stress_assumption,all,joint_triangular_l1,joint_triangular_l5,3,0,0,0.0,-348.58138100000025,-428.96918600000026,-230.69305600000007,3,-348.58138100000025,-386.08190100000047,0.0,-230.69305600000007,6.316461581597907,pointwise paired bootstrap; exploratory and not multiplicity-adjusted,very small stratum,-428.96918600000026,-230.69305600000007
stress,3,stress_design,all,assumption__radius_max__noise_deterministic__scale_150,broad_or_stress_assumption,all,joint_triangular_l2,joint_triangular_l5,3,0,0,0.0,-286.87976700000036,-363.5252300000002,-179.97798800000055,3,-286.87976700000036,-317.1360830000003,0.0,-179.97798800000055,5.193652057821471,pointwise paired bootstrap; exploratory and not multiplicity-adjusted,very small stratum,-363.5252300000002,-179.97798800000055
stress,3,stress_design,all,assumption__radius_max__noise_deterministic__scale_150,broad_or_stress_assumption,all,joint_triangular_l3,joint_triangular_l5,3,0,0,0.0,-220.64968133333363,-291.2542860000003,-132.2746790000001,3,-220.64968133333363,-238.42007900000044,0.0,-132.2746790000001,3.9906736371001785,pointwise paired bootstrap; exploratory and not multiplicity-adjusted,very small stratum,-291.2542860000003,-132.2746790000001
stress,3,stress_design,all,assumption__radius_max__noise_deterministic__scale_150,broad_or_stress_assumption,deterministic,joint_triangular_l1,joint_triangular_l5,3,0,0,0.0,-348.58138100000025,-428.96918600000026,-230.69305600000007,3,-348.58138100000025,-386.08190100000047,0.0,-230.69305600000007,6.316461581597907,pointwise paired bootstrap; exploratory and not multiplicity-adjusted,very small stratum,-428.96918600000026,-230.69305600000007
stress,3,stress_design,all,assumption__radius_max__noise_deterministic__scale_150,broad_or_stress_assumption,deterministic,joint_triangular_l2,joint_triangular_l5,3,0,0,0.0,-286.87976700000036,-363.5252300000002,-179.97798800000055,3,-286.87976700000036,-317.1360830000003,0.0,-179.97798800000055,5.193652057821471,pointwise paired bootstrap; exploratory and not multiplicity-adjusted,very small stratum,-363.5252300000002,-179.97798800000055
stress,3,stress_design,all,assumption__radius_max__noise_deterministic__scale_150,broad_or_stress_assumption,deterministic,joint_triangular_l3,joint_triangular_l5,3,0,0,0.0,-220.64968133333363,-291.2542860000003,-132.2746790000001,3,-220.64968133333363,-238.42007900000044,0.0,-132.2746790000001,3.9906736371001785,pointwise paired bootstrap; exploratory and not multiplicity-adjusted,very small stratum,-291.2542860000003,-132.2746790000001
stress,3,stress_design,development,assumption__radius_max__noise_deterministic__scale_150,broad_or_stress_assumption,all,joint_triangular_l1,joint_triangular_l5,3,0,0,0.0,-348.58138100000025,-428.96918600000026,-230.69305600000007,3,-348.58138100000025,-386.08190100000047,0.0,-230.69305600000007,6.316461581597907,pointwise paired bootstrap; exploratory and not multiplicity-adjusted,very small stratum,-428.96918600000026,-230.69305600000007
stress,3,stress_design,development,assumption__radius_max__noise_deterministic__scale_150,broad_or_stress_assumption,all,joint_triangular_l2,joint_triangular_l5,3,0,0,0.0,-286.87976700000036,-363.5252300000002,-179.97798800000055,3,-286.87976700000036,-317.1360830000003,0.0,-179.97798800000055,5.193652057821471,pointwise paired bootstrap; exploratory and not multiplicity-adjusted,very small stratum,-363.5252300000002,-179.97798800000055
stress,3,stress_design,development,assumption__radius_max__noise_deterministic__scale_150,broad_or_stress_assumption,all,joint_triangular_l3,joint_triangular_l5,3,0,0,0.0,-220.64968133333363,-291.2542860000003,-132.2746790000001,3,-220.64968133333363,-238.42007900000044,0.0,-132.2746790000001,3.9906736371001785,pointwise paired bootstrap; exploratory and not multiplicity-adjusted,very small stratum,-291.2542860000003,-132.2746790000001
stress,3,stress_design,development,assumption__radius_max__noise_deterministic__scale_150,broad_or_stress_assumption,deterministic,joint_triangular_l1,joint_triangular_l5,3,0,0,0.0,-348.58138100000025,-428.96918600000026,-230.69305600000007,3,-348.58138100000025,-386.08190100000047,0.0,-230.69305600000007,6.316461581597907,pointwise paired bootstrap; exploratory and not multiplicity-adjusted,very small stratum,-428.96918600000026,-230.69305600000007
stress,3,stress_design,development,assumption__radius_max__noise_deterministic__scale_150,broad_or_stress_assumption,deterministic,joint_triangular_l2,joint_triangular_l5,3,0,0,0.0,-286.87976700000036,-363.5252300000002,-179.97798800000055,3,-286.87976700000036,-317.1360830000003,0.0,-179.97798800000055,5.193652057821471,pointwise paired bootstrap; exploratory and not multiplicity-adjusted,very small stratum,-363.5252300000002,-179.97798800000055
stress,3,stress_design,development,assumption__radius_max__noise_deterministic__scale_150,broad_or_stress_assumption,deterministic,joint_triangular_l3,joint_triangular_l5,3,0,0,0.0,-220.64968133333363,-291.2542860000003,-132.2746790000001,3,-220.64968133333363,-238.42007900000044,0.0,-132.2746790000001,3.9906736371001785,pointwise paired bootstrap; exploratory and not multiplicity-adjusted,very small stratum,-291.2542860000003,-132.2746790000001
stress,3,stress_design,all,assumption__radius_max__noise_deterministic__scale_300,broad_or_stress_assumption,all,joint_triangular_l1,joint_triangular_l5,3,0,0,0.0,-265.55734500000017,-428.93571599999996,-123.61559500000021,3,-265.55734500000017,-244.12072400000034,0.0,-123.61559500000021,5.090945685627549,pointwise paired bootstrap; exploratory and not multiplicity-adjusted,very small stratum,-428.93571599999996,-123.61559500000021
stress,3,stress_design,all,assumption__radius_max__noise_deterministic__scale_300,broad_or_stress_assumption,all,joint_triangular_l2,joint_triangular_l5,3,0,0,0.0,-218.33989366666688,-362.5049340000005,-112.59890700000051,3,-218.33989366666688,-179.91583999999966,0.0,-112.59890700000051,4.197273916062872,pointwise paired bootstrap; exploratory and not multiplicity-adjusted,very small stratum,-362.5049340000005,-112.59890700000051
stress,3,stress_design,all,assumption__radius_max__noise_deterministic__scale_300,broad_or_stress_assumption,all,joint_triangular_l3,joint_triangular_l5,3,0,0,0.0,-164.2610923333335,-269.6273310000006,-79.030847,3,-164.2610923333335,-144.12509899999986,0.0,-79.030847,3.1530054672897223,pointwise paired bootstrap; exploratory and not multiplicity-adjusted,very small stratum,-269.6273310000006,-79.030847
stress,3,stress_design,all,assumption__radius_max__noise_deterministic__scale_300,broad_or_stress_assumption,deterministic,joint_triangular_l1,joint_triangular_l5,3,0,0,0.0,-265.55734500000017,-428.93571599999996,-123.61559500000021,3,-265.55734500000017,-244.12072400000034,0.0,-123.61559500000021,5.090945685627549,pointwise paired bootstrap; exploratory and not multiplicity-adjusted,very small stratum,-428.93571599999996,-123.61559500000021
stress,3,stress_design,all,assumption__radius_max__noise_deterministic__scale_300,broad_or_stress_assumption,deterministic,joint_triangular_l2,joint_triangular_l5,3,0,0,0.0,-218.33989366666688,-362.5049340000005,-112.59890700000051,3,-218.33989366666688,-179.91583999999966,0.0,-112.59890700000051,4.197273916062872,pointwise paired bootstrap; exploratory and not multiplicity-adjusted,very small stratum,-362.5049340000005,-112.59890700000051
stress,3,stress_design,all,assumption__radius_max__noise_deterministic__scale_300,broad_or_stress_assumption,deterministic,joint_triangular_l3,joint_triangular_l5,3,0,0,0.0,-164.2610923333335,-269.6273310000006,-79.030847,3,-164.2610923333335,-144.12509899999986,0.0,-79.030847,3.1530054672897223,pointwise paired bootstrap; exploratory and not multiplicity-adjusted,very small stratum,-269.6273310000006,-79.030847
stress,3,stress_design,development,assumption__radius_max__noise_deterministic__scale_300,broad_or_stress_assumption,all,joint_triangular_l1,joint_triangular_l5,3,0,0,0.0,-265.55734500000017,-428.93571599999996,-123.61559500000021,3,-265.55734500000017,-244.12072400000034,0.0,-123.61559500000021,5.090945685627549,pointwise paired bootstrap; exploratory and not multiplicity-adjusted,very small stratum,-428.93571599999996,-123.61559500000021
stress,3,stress_design,development,assumption__radius_max__noise_deterministic__scale_300,broad_or_stress_assumption,all,joint_triangular_l2,joint_triangular_l5,3,0,0,0.0,-218.33989366666688,-362.5049340000005,-112.59890700000051,3,-218.33989366666688,-179.91583999999966,0.0,-112.59890700000051,4.197273916062872,pointwise paired bootstrap; exploratory and not multiplicity-adjusted,very small stratum,-362.5049340000005,-112.59890700000051
stress,3,stress_design,development,assumption__radius_max__noise_deterministic__scale_300,broad_or_stress_assumption,all,joint_triangular_l3,joint_triangular_l5,3,0,0,0.0,-164.2610923333335,-269.6273310000006,-79.030847,3,-164.2610923333335,-144.12509899999986,0.0,-79.030847,3.1530054672897223,pointwise paired bootstrap; exploratory and not multiplicity-adjusted,very small stratum,-269.6273310000006,-79.030847
stress,3,stress_design,development,assumption__radius_max__noise_deterministic__scale_300,broad_or_stress_assumption,deterministic,joint_triangular_l1,joint_triangular_l5,3,0,0,0.0,-265.55734500000017,-428.93571599999996,-123.61559500000021,3,-265.55734500000017,-244.12072400000034,0.0,-123.61559500000021,5.090945685627549,pointwise paired bootstrap; exploratory and not multiplicity-adjusted,very small stratum,-428.93571599999996,-123.61559500000021
stress,3,stress_design,development,assumption__radius_max__noise_deterministic__scale_300,broad_or_stress_assumption,deterministic,joint_triangular_l2,joint_triangular_l5,3,0,0,0.0,-218.33989366666688,-362.5049340000005,-112.59890700000051,3,-218.33989366666688,-179.91583999999966,0.0,-112.59890700000051,4.197273916062872,pointwise paired bootstrap; exploratory and not multiplicity-adjusted,very small stratum,-362.5049340000005,-112.59890700000051
stress,3,stress_design,development,assumption__radius_max__noise_deterministic__scale_300,broad_or_stress_assumption,deterministic,joint_triangular_l3,joint_triangular_l5,3,0,0,0.0,-164.2610923333335,-269.6273310000006,-79.030847,3,-164.2610923333335,-144.12509899999986,0.0,-79.030847,3.1530054672897223,pointwise paired bootstrap; exploratory and not multiplicity-adjusted,very small stratum,-269.6273310000006,-79.030847
stress,3,stress_design,all,assumption__radius_max__noise_deterministic__scale_75,broad_or_stress_assumption,all,joint_triangular_l1,joint_triangular_l5,3,0,0,0.0,-363.42681699999986,-409.428234,-306.1010349999997,3,-363.42681699999986,-374.751182,0.0,-306.1010349999997,6.59424951011005,pointwise paired bootstrap; exploratory and not multiplicity-adjusted,very small stratum,-409.428234,-306.1010349999997
stress,3,stress_design,all,assumption__radius_max__noise_deterministic__scale_75,broad_or_stress_assumption,all,joint_triangular_l2,joint_triangular_l5,3,0,0,0.0,-318.85083566666646,-353.0677679999999,-266.29052799999954,3,-318.85083566666646,-337.194211,0.0,-266.29052799999954,5.786232546404041,pointwise paired bootstrap; exploratory and not multiplicity-adjusted,very small stratum,-353.0677679999999,-266.29052799999954
stress,3,stress_design,all,assumption__radius_max__noise_deterministic__scale_75,broad_or_stress_assumption,all,joint_triangular_l3,joint_triangular_l5,3,0,0,0.0,-248.38284799999988,-277.25801200000024,-203.28741399999944,3,-248.38284799999988,-264.603118,0.0,-203.28741399999944,4.505441098408867,pointwise paired bootstrap; exploratory and not multiplicity-adjusted,very small stratum,-277.25801200000024,-203.28741399999944
stress,3,stress_design,all,assumption__radius_max__noise_deterministic__scale_75,broad_or_stress_assumption,deterministic,joint_triangular_l1,joint_triangular_l5,3,0,0,0.0,-363.42681699999986,-409.428234,-306.1010349999997,3,-363.42681699999986,-374.751182,0.0,-306.1010349999997,6.59424951011005,pointwise paired bootstrap; exploratory and not multiplicity-adjusted,very small stratum,-409.428234,-306.1010349999997
stress,3,stress_design,all,assumption__radius_max__noise_deterministic__scale_75,broad_or_stress_assumption,deterministic,joint_triangular_l2,joint_triangular_l5,3,0,0,0.0,-318.85083566666646,-353.0677679999999,-266.29052799999954,3,-318.85083566666646,-337.194211,0.0,-266.29052799999954,5.786232546404041,pointwise paired bootstrap; exploratory and not multiplicity-adjusted,very small stratum,-353.0677679999999,-266.29052799999954
stress,3,stress_design,all,assumption__radius_max__noise_deterministic__scale_75,broad_or_stress_assumption,deterministic,joint_triangular_l3,joint_triangular_l5,3,0,0,0.0,-248.38284799999988,-277.25801200000024,-203.28741399999944,3,-248.38284799999988,-264.603118,0.0,-203.28741399999944,4.505441098408867,pointwise paired bootstrap; exploratory and not multiplicity-adjusted,very small stratum,-277.25801200000024,-203.28741399999944
stress,3,stress_design,development,assumption__radius_max__noise_deterministic__scale_75,broad_or_stress_assumption,all,joint_triangular_l1,joint_triangular_l5,3,0,0,0.0,-363.42681699999986,-409.428234,-306.1010349999997,3,-363.42681699999986,-374.751182,0.0,-306.1010349999997,6.59424951011005,pointwise paired bootstrap; exploratory and not multiplicity-adjusted,very small stratum,-409.428234,-306.1010349999997
stress,3,stress_design,development,assumption__radius_max__noise_deterministic__scale_75,broad_or_stress_assumption,all,joint_triangular_l2,joint_triangular_l5,3,0,0,0.0,-318.85083566666646,-353.0677679999999,-266.29052799999954,3,-318.85083566666646,-337.194211,0.0,-266.29052799999954,5.786232546404041,pointwise paired bootstrap; exploratory and not multiplicity-adjusted,very small stratum,-353.0677679999999,-266.29052799999954
stress,3,stress_design,development,assumption__radius_max__noise_deterministic__scale_75,broad_or_stress_assumption,all,joint_triangular_l3,joint_triangular_l5,3,0,0,0.0,-248.38284799999988,-277.25801200000024,-203.28741399999944,3,-248.38284799999988,-264.603118,0.0,-203.28741399999944,4.505441098408867,pointwise paired bootstrap; exploratory and not multiplicity-adjusted,very small stratum,-277.25801200000024,-203.28741399999944
stress,3,stress_design,development,assumption__radius_max__noise_deterministic__scale_75,broad_or_stress_assumption,deterministic,joint_triangular_l1,joint_triangular_l5,3,0,0,0.0,-363.42681699999986,-409.428234,-306.1010349999997,3,-363.42681699999986,-374.751182,0.0,-306.1010349999997,6.59424951011005,pointwise paired bootstrap; exploratory and not multiplicity-adjusted,very small stratum,-409.428234,-306.1010349999997
stress,3,stress_design,development,assumption__radius_max__noise_deterministic__scale_75,broad_or_stress_assumption,deterministic,joint_triangular_l2,joint_triangular_l5,3,0,0,0.0,-318.85083566666646,-353.0677679999999,-266.29052799999954,3,-318.85083566666646,-337.194211,0.0,-266.29052799999954,5.786232546404041,pointwise paired bootstrap; exploratory and not multiplicity-adjusted,very small stratum,-353.0677679999999,-266.29052799999954
stress,3,stress_design,development,assumption__radius_max__noise_deterministic__scale_75,broad_or_stress_assumption,deterministic,joint_triangular_l3,joint_triangular_l5,3,0,0,0.0,-248.38284799999988,-277.25801200000024,-203.28741399999944,3,-248.38284799999988,-264.603118,0.0,-203.28741399999944,4.505441098408867,pointwise paired bootstrap; exploratory and not multiplicity-adjusted,very small stratum,-277.25801200000024,-203.28741399999944
stress,3,stress_design,all,assumption__radius_max__noise_extreme__scale_150,broad_or_stress_assumption,all,joint_triangular_l1,joint_triangular_l5,4,0,0,0.0,-65.0286457499999,-152.03248625000015,0.905559500000436,4,-65.0286457499999,-43.95901049999998,0.25,20.641328000000613,1.7192339042204083,pointwise paired bootstrap; exploratory and not multiplicity-adjusted,very small stratum,-152.03248625000015,0.905559500000436
stress,3,stress_design,all,assumption__radius_max__noise_extreme__scale_150,broad_or_stress_assumption,all,joint_triangular_l2,joint_triangular_l5,4,0,0,0.0,-26.353695000000016,-67.51871200000005,14.811322000000018,4,-26.353695000000016,-24.499131499999976,0.25,29.622644000000037,0.7425881582859208,pointwise paired bootstrap; exploratory and not multiplicity-adjusted,very small stratum,-67.51871200000005,14.811322000000018
stress,3,stress_design,all,assumption__radius_max__noise_extreme__scale_150,broad_or_stress_assumption,all,joint_triangular_l3,joint_triangular_l5,4,0,0,0.0,-13.834805249999931,-34.00658200000021,6.336971500000345,4,-13.834805249999931,-16.445741500000167,0.25,12.67394300000069,0.4038894225945102,pointwise paired bootstrap; exploratory and not multiplicity-adjusted,very small stratum,-34.00658200000021,6.336971500000345
stress,3,stress_design,all,assumption__radius_max__noise_extreme__scale_150,broad_or_stress_assumption,extreme,joint_triangular_l1,joint_triangular_l5,4,0,0,0.0,-65.0286457499999,-152.03248625000015,0.905559500000436,4,-65.0286457499999,-43.95901049999998,0.25,20.641328000000613,1.7192339042204083,pointwise paired bootstrap; exploratory and not multiplicity-adjusted,very small stratum,-152.03248625000015,0.905559500000436
stress,3,stress_design,all,assumption__radius_max__noise_extreme__scale_150,broad_or_stress_assumption,extreme,joint_triangular_l2,joint_triangular_l5,4,0,0,0.0,-26.353695000000016,-67.51871200000005,14.811322000000018,4,-26.353695000000016,-24.499131499999976,0.25,29.622644000000037,0.7425881582859208,pointwise paired bootstrap; exploratory and not multiplicity-adjusted,very small stratum,-67.51871200000005,14.811322000000018
stress,3,stress_design,all,assumption__radius_max__noise_extreme__scale_150,broad_or_stress_assumption,extreme,joint_triangular_l3,joint_triangular_l5,4,0,0,0.0,-13.834805249999931,-34.00658200000021,6.336971500000345,4,-13.834805249999931,-16.445741500000167,0.25,12.67394300000069,0.4038894225945102,pointwise paired bootstrap; exploratory and not multiplicity-adjusted,very small stratum,-34.00658200000021,6.336971500000345
stress,3,stress_design,development,assumption__radius_max__noise_extreme__scale_150,broad_or_stress_assumption,all,joint_triangular_l1,joint_triangular_l5,4,0,0,0.0,-65.0286457499999,-159.2038540000002,0.905559500000436,4,-65.0286457499999,-43.95901049999998,0.25,20.641328000000613,1.7192339042204083,pointwise paired bootstrap; exploratory and not multiplicity-adjusted,very small stratum,-152.03248625000015,0.905559500000436
stress,3,stress_design,development,assumption__radius_max__noise_extreme__scale_150,broad_or_stress_assumption,all,joint_triangular_l2,joint_triangular_l5,4,0,0,0.0,-26.353695000000016,-67.51871200000005,14.811322000000018,4,-26.353695000000016,-24.499131499999976,0.25,29.622644000000037,0.7425881582859208,pointwise paired bootstrap; exploratory and not multiplicity-adjusted,very small stratum,-67.51871200000005,14.811322000000018
stress,3,stress_design,development,assumption__radius_max__noise_extreme__scale_150,broad_or_stress_assumption,all,joint_triangular_l3,joint_triangular_l5,4,0,0,0.0,-13.834805249999931,-34.00658200000021,6.336971500000345,4,-13.834805249999931,-16.445741500000167,0.25,12.67394300000069,0.4038894225945102,pointwise paired bootstrap; exploratory and not multiplicity-adjusted,very small stratum,-34.00658200000021,6.336971500000345
stress,3,stress_design,development,assumption__radius_max__noise_extreme__scale_150,broad_or_stress_assumption,extreme,joint_triangular_l1,joint_triangular_l5,4,0,0,0.0,-65.0286457499999,-152.03248625000015,0.905559500000436,4,-65.0286457499999,-43.95901049999998,0.25,20.641328000000613,1.7192339042204083,pointwise paired bootstrap; exploratory and not multiplicity-adjusted,very small stratum,-152.03248625000015,0.905559500000436
stress,3,stress_design,development,assumption__radius_max__noise_extreme__scale_150,broad_or_stress_assumption,extreme,joint_triangular_l2,joint_triangular_l5,4,0,0,0.0,-26.353695000000016,-67.51871200000005,14.811322000000018,4,-26.353695000000016,-24.499131499999976,0.25,29.622644000000037,0.7425881582859208,pointwise paired bootstrap; exploratory and not multiplicity-adjusted,very small stratum,-67.51871200000005,14.811322000000018
stress,3,stress_design,development,assumption__radius_max__noise_extreme__scale_150,broad_or_stress_assumption,extreme,joint_triangular_l3,joint_triangular_l5,4,0,0,0.0,-13.834805249999931,-34.00658200000021,6.336971500000345,4,-13.834805249999931,-16.445741500000167,0.25,12.67394300000069,0.4038894225945102,pointwise paired bootstrap; exploratory and not multiplicity-adjusted,very small stratum,-34.00658200000021,6.336971500000345
stress,3,stress_design,all,assumption__radius_max__noise_extreme__scale_300,broad_or_stress_assumption,all,joint_triangular_l1,joint_triangular_l5,3,0,0,0.0,-129.71147766666687,-221.63207800000055,-65.73819800000001,3,-129.71147766666687,-101.76415700000007,0.0,-65.73819800000001,3.117685537760305,pointwise paired bootstrap; exploratory and not multiplicity-adjusted,very small stratum,-221.63207800000055,-65.73819800000001
stress,3,stress_design,all,assumption__radius_max__noise_extreme__scale_300,broad_or_stress_assumption,all,joint_triangular_l2,joint_triangular_l5,3,0,0,0.0,-91.26226266666679,-142.00819300000057,-60.288560999999845,3,-91.26226266666679,-71.49003399999992,0.0,-60.288560999999845,2.204158210231534,pointwise paired bootstrap; exploratory and not multiplicity-adjusted,very small stratum,-142.00819300000057,-60.288560999999845
stress,3,stress_design,all,assumption__radius_max__noise_extreme__scale_300,broad_or_stress_assumption,all,joint_triangular_l3,joint_triangular_l5,3,0,0,0.0,-67.02224666666659,-123.97541000000001,-17.65830599999981,3,-67.02224666666659,-59.43302399999993,0.0,-17.65830599999981,1.6059868321716546,pointwise paired bootstrap; exploratory and not multiplicity-adjusted,very small stratum,-123.97541000000001,-17.65830599999981
stress,3,stress_design,all,assumption__radius_max__noise_extreme__scale_300,broad_or_stress_assumption,extreme,joint_triangular_l1,joint_triangular_l5,3,0,0,0.0,-129.71147766666687,-221.63207800000055,-65.73819800000001,3,-129.71147766666687,-101.76415700000007,0.0,-65.73819800000001,3.117685537760305,pointwise paired bootstrap; exploratory and not multiplicity-adjusted,very small stratum,-221.63207800000055,-65.73819800000001
stress,3,stress_design,all,assumption__radius_max__noise_extreme__scale_300,broad_or_stress_assumption,extreme,joint_triangular_l2,joint_triangular_l5,3,0,0,0.0,-91.26226266666679,-142.00819300000057,-60.288560999999845,3,-91.26226266666679,-71.49003399999992,0.0,-60.288560999999845,2.204158210231534,pointwise paired bootstrap; exploratory and not multiplicity-adjusted,very small stratum,-142.00819300000057,-60.288560999999845
stress,3,stress_design,all,assumption__radius_max__noise_extreme__scale_300,broad_or_stress_assumption,extreme,joint_triangular_l3,joint_triangular_l5,3,0,0,0.0,-67.02224666666659,-123.97541000000001,-17.65830599999981,3,-67.02224666666659,-59.43302399999993,0.0,-17.65830599999981,1.6059868321716546,pointwise paired bootstrap; exploratory and not multiplicity-adjusted,very small stratum,-123.97541000000001,-17.65830599999981
stress,3,stress_design,development,assumption__radius_max__noise_extreme__scale_300,broad_or_stress_assumption,all,joint_triangular_l1,joint_triangular_l5,3,0,0,0.0,-129.71147766666687,-221.63207800000055,-65.73819800000001,3,-129.71147766666687,-101.76415700000007,0.0,-65.73819800000001,3.117685537760305,pointwise paired bootstrap; exploratory and not multiplicity-adjusted,very small stratum,-221.63207800000055,-65.73819800000001
stress,3,stress_design,development,assumption__radius_max__noise_extreme__scale_300,broad_or_stress_assumption,all,joint_triangular_l2,joint_triangular_l5,3,0,0,0.0,-91.26226266666679,-142.00819300000057,-60.288560999999845,3,-91.26226266666679,-71.49003399999992,0.0,-60.288560999999845,2.204158210231534,pointwise paired bootstrap; exploratory and not multiplicity-adjusted,very small stratum,-142.00819300000057,-60.288560999999845
stress,3,stress_design,development,assumption__radius_max__noise_extreme__scale_300,broad_or_stress_assumption,all,joint_triangular_l3,joint_triangular_l5,3,0,0,0.0,-67.02224666666659,-123.97541000000001,-17.65830599999981,3,-67.02224666666659,-59.43302399999993,0.0,-17.65830599999981,1.6059868321716546,pointwise paired bootstrap; exploratory and not multiplicity-adjusted,very small stratum,-123.97541000000001,-17.65830599999981
stress,3,stress_design,development,assumption__radius_max__noise_extreme__scale_300,broad_or_stress_assumption,extreme,joint_triangular_l1,joint_triangular_l5,3,0,0,0.0,-129.71147766666687,-221.63207800000055,-65.73819800000001,3,-129.71147766666687,-101.76415700000007,0.0,-65.73819800000001,3.117685537760305,pointwise paired bootstrap; exploratory and not multiplicity-adjusted,very small stratum,-221.63207800000055,-65.73819800000001
stress,3,stress_design,development,assumption__radius_max__noise_extreme__scale_300,broad_or_stress_assumption,extreme,joint_triangular_l2,joint_triangular_l5,3,0,0,0.0,-91.26226266666679,-142.00819300000057,-60.288560999999845,3,-91.26226266666679,-71.49003399999992,0.0,-60.288560999999845,2.204158210231534,pointwise paired bootstrap; exploratory and not multiplicity-adjusted,very small stratum,-142.00819300000057,-60.288560999999845
stress,3,stress_design,development,assumption__radius_max__noise_extreme__scale_300,broad_or_stress_assumption,extreme,joint_triangular_l3,joint_triangular_l5,3,0,0,0.0,-67.02224666666659,-123.97541000000001,-17.65830599999981,3,-67.02224666666659,-59.43302399999993,0.0,-17.65830599999981,1.6059868321716546,pointwise paired bootstrap; exploratory and not multiplicity-adjusted,very small stratum,-123.97541000000001,-17.65830599999981
stress,3,stress_design,all,assumption__radius_max__noise_extreme__scale_75,broad_or_stress_assumption,all,joint_triangular_l1,joint_triangular_l5,4,0,0,0.0,-152.51837375000002,-292.97635700000023,-12.060390499999812,4,-152.51837375000002,-151.45482149999998,0.25,10.199964000000364,3.4264056074111666,pointwise paired bootstrap; exploratory and not multiplicity-adjusted,very small stratum,-292.97635700000023,-12.060390499999812
stress,3,stress_design,all,assumption__radius_max__noise_extreme__scale_75,broad_or_stress_assumption,all,joint_triangular_l2,joint_triangular_l5,4,0,0,0.0,-102.41486724999993,-202.02522900000008,-2.8045054999997774,4,-102.41486724999993,-100.32102599999962,0.0,0.0,2.298033004984978,pointwise paired bootstrap; exploratory and not multiplicity-adjusted,very small stratum,-202.02522900000008,-2.8045054999997774
stress,3,stress_design,all,assumption__radius_max__noise_extreme__scale_75,broad_or_stress_assumption,all,joint_triangular_l3,joint_triangular_l5,4,0,0,0.0,-55.5746244999998,-111.03864199999998,-0.11060699999961798,4,-55.5746244999998,-49.3284979999994,0.0,0.0,1.2507110982598093,pointwise paired bootstrap; exploratory and not multiplicity-adjusted,very small stratum,-111.03864199999998,-0.11060699999961798
stress,3,stress_design,all,assumption__radius_max__noise_extreme__scale_75,broad_or_stress_assumption,extreme,joint_triangular_l1,joint_triangular_l5,4,0,0,0.0,-152.51837375000002,-305.17008650000037,-12.060390499999812,4,-152.51837375000002,-151.45482149999998,0.25,10.199964000000364,3.4264056074111666,pointwise paired bootstrap; exploratory and not multiplicity-adjusted,very small stratum,-292.97635700000023,-12.060390499999812
stress,3,stress_design,all,assumption__radius_max__noise_extreme__scale_75,broad_or_stress_assumption,extreme,joint_triangular_l2,joint_triangular_l5,4,0,0,0.0,-102.41486724999993,-202.02522900000008,-2.8045054999997774,4,-102.41486724999993,-100.32102599999962,0.0,0.0,2.298033004984978,pointwise paired bootstrap; exploratory and not multiplicity-adjusted,very small stratum,-202.02522900000008,-2.8045054999997774
stress,3,stress_design,all,assumption__radius_max__noise_extreme__scale_75,broad_or_stress_assumption,extreme,joint_triangular_l3,joint_triangular_l5,4,0,0,0.0,-55.5746244999998,-111.03864199999998,-0.11060699999961798,4,-55.5746244999998,-49.3284979999994,0.0,0.0,1.2507110982598093,pointwise paired bootstrap; exploratory and not multiplicity-adjusted,very small stratum,-111.1961777499997,-0.11060699999961798
stress,3,stress_design,development,assumption__radius_max__noise_extreme__scale_75,broad_or_stress_assumption,all,joint_triangular_l1,joint_triangular_l5,4,0,0,0.0,-152.51837375000002,-292.97635700000023,-12.060390499999812,4,-152.51837375000002,-151.45482149999998,0.25,10.199964000000364,3.4264056074111666,pointwise paired bootstrap; exploratory and not multiplicity-adjusted,very small stratum,-293.2812002374997,-12.060390499999812
stress,3,stress_design,development,assumption__radius_max__noise_extreme__scale_75,broad_or_stress_assumption,all,joint_triangular_l2,joint_triangular_l5,4,0,0,0.0,-102.41486724999993,-202.02522900000008,-2.8045054999997774,4,-102.41486724999993,-100.32102599999962,0.0,0.0,2.298033004984978,pointwise paired bootstrap; exploratory and not multiplicity-adjusted,very small stratum,-202.02522900000008,-2.8045054999997774
stress,3,stress_design,development,assumption__radius_max__noise_extreme__scale_75,broad_or_stress_assumption,all,joint_triangular_l3,joint_triangular_l5,4,0,0,0.0,-55.5746244999998,-117.34007200000019,-0.11060699999961798,4,-55.5746244999998,-49.3284979999994,0.0,0.0,1.2507110982598093,pointwise paired bootstrap; exploratory and not multiplicity-adjusted,very small stratum,-111.03864199999998,-0.11060699999961798
stress,3,stress_design,development,assumption__radius_max__noise_extreme__scale_75,broad_or_stress_assumption,extreme,joint_triangular_l1,joint_triangular_l5,4,0,0,0.0,-152.51837375000002,-292.97635700000023,-12.060390499999812,4,-152.51837375000002,-151.45482149999998,0.25,10.199964000000364,3.4264056074111666,pointwise paired bootstrap; exploratory and not multiplicity-adjusted,very small stratum,-292.97635700000023,-12.060390499999812
stress,3,stress_design,development,assumption__radius_max__noise_extreme__scale_75,broad_or_stress_assumption,extreme,joint_triangular_l2,joint_triangular_l5,4,0,0,0.0,-102.41486724999993,-202.02522900000008,-2.8045054999997774,4,-102.41486724999993,-100.32102599999962,0.0,0.0,2.298033004984978,pointwise paired bootstrap; exploratory and not multiplicity-adjusted,very small stratum,-202.02522900000008,-2.8045054999997774
stress,3,stress_design,development,assumption__radius_max__noise_extreme__scale_75,broad_or_stress_assumption,extreme,joint_triangular_l3,joint_triangular_l5,4,0,0,0.0,-55.5746244999998,-111.03864199999998,-0.11060699999961798,4,-55.5746244999998,-49.3284979999994,0.0,0.0,1.2507110982598093,pointwise paired bootstrap; exploratory and not multiplicity-adjusted,very small stratum,-111.03864199999998,-0.05530349999980899
stress,3,stress_design,all,assumption__radius_min__noise_correlated__scale_150,broad_or_stress_assumption,all,joint_triangular_l1,joint_triangular_l5,4,0,0,0.0,-133.71280099999944,-195.30698099999927,-72.11862099999962,4,-133.71280099999944,-129.50765899999942,0.0,-60.92493899999954,2.6993069778894077,pointwise paired bootstrap; exploratory and not multiplicity-adjusted,very small stratum,-195.30698099999927,-72.11862099999962
stress,3,stress_design,all,assumption__radius_min__noise_correlated__scale_150,broad_or_stress_assumption,all,joint_triangular_l2,joint_triangular_l5,4,0,0,0.0,-89.10871349999957,-139.03967499999953,-39.1777519999996,4,-89.10871349999957,-94.56667649999963,0.0,-15.14945699999953,1.7886535607316956,pointwise paired bootstrap; exploratory and not multiplicity-adjusted,very small stratum,-139.03967499999953,-27.163604499999565
stress,3,stress_design,all,assumption__radius_min__noise_correlated__scale_150,broad_or_stress_assumption,all,joint_triangular_l3,joint_triangular_l5,4,0,0,0.0,-65.72186999999985,-121.20778949999976,-10.235950499999944,4,-65.72186999999985,-64.35356199999978,0.0,-4.172768999999789,1.282555254656378,pointwise paired bootstrap; exploratory and not multiplicity-adjusted,very small stratum,-121.20778949999976,-10.235950499999944
stress,3,stress_design,all,assumption__radius_min__noise_correlated__scale_150,broad_or_stress_assumption,correlated,joint_triangular_l1,joint_triangular_l5,4,0,0,0.0,-133.71280099999944,-195.30698099999927,-72.11862099999962,4,-133.71280099999944,-129.50765899999942,0.0,-60.92493899999954,2.6993069778894077,pointwise paired bootstrap; exploratory and not multiplicity-adjusted,very small stratum,-195.30698099999927,-72.11862099999962
stress,3,stress_design,all,assumption__radius_min__noise_correlated__scale_150,broad_or_stress_assumption,correlated,joint_triangular_l2,joint_triangular_l5,4,0,0,0.0,-89.10871349999957,-139.03967499999953,-39.1777519999996,4,-89.10871349999957,-94.56667649999963,0.0,-15.14945699999953,1.7886535607316956,pointwise paired bootstrap; exploratory and not multiplicity-adjusted,very small stratum,-139.03967499999953,-39.1777519999996
stress,3,stress_design,all,assumption__radius_min__noise_correlated__scale_150,broad_or_stress_assumption,correlated,joint_triangular_l3,joint_triangular_l5,4,0,0,0.0,-65.72186999999985,-121.20778949999976,-10.235950499999944,4,-65.72186999999985,-64.35356199999978,0.0,-4.172768999999789,1.282555254656378,pointwise paired bootstrap; exploratory and not multiplicity-adjusted,very small stratum,-121.20778949999976,-10.235950499999944
stress,3,stress_design,development,assumption__radius_min__noise_correlated__scale_150,broad_or_stress_assumption,all,joint_triangular_l1,joint_triangular_l5,4,0,0,0.0,-133.71280099999944,-195.30698099999927,-72.11862099999962,4,-133.71280099999944,-129.50765899999942,0.0,-60.92493899999954,2.6993069778894077,pointwise paired bootstrap; exploratory and not multiplicity-adjusted,very small stratum,-195.30698099999927,-72.11862099999962
stress,3,stress_design,development,assumption__radius_min__noise_correlated__scale_150,broad_or_stress_assumption,all,joint_triangular_l2,joint_triangular_l5,4,0,0,0.0,-89.10871349999957,-139.03967499999953,-39.1777519999996,4,-89.10871349999957,-94.56667649999963,0.0,-15.14945699999953,1.7886535607316956,pointwise paired bootstrap; exploratory and not multiplicity-adjusted,very small stratum,-139.03967499999953,-39.1777519999996
stress,3,stress_design,development,assumption__radius_min__noise_correlated__scale_150,broad_or_stress_assumption,all,joint_triangular_l3,joint_triangular_l5,4,0,0,0.0,-65.72186999999985,-121.20778949999976,-10.235950499999944,4,-65.72186999999985,-64.35356199999978,0.0,-4.172768999999789,1.282555254656378,pointwise paired bootstrap; exploratory and not multiplicity-adjusted,very small stratum,-121.20778949999976,-10.235950499999944
stress,3,stress_design,development,assumption__radius_min__noise_correlated__scale_150,broad_or_stress_assumption,correlated,joint_triangular_l1,joint_triangular_l5,4,0,0,0.0,-133.71280099999944,-195.30698099999927,-72.11862099999962,4,-133.71280099999944,-129.50765899999942,0.0,-60.92493899999954,2.6993069778894077,pointwise paired bootstrap; exploratory and not multiplicity-adjusted,very small stratum,-195.30698099999927,-72.11862099999962
stress,3,stress_design,development,assumption__radius_min__noise_correlated__scale_150,broad_or_stress_assumption,correlated,joint_triangular_l2,joint_triangular_l5,4,0,0,0.0,-89.10871349999957,-139.03967499999953,-39.1777519999996,4,-89.10871349999957,-94.56667649999963,0.0,-15.14945699999953,1.7886535607316956,pointwise paired bootstrap; exploratory and not multiplicity-adjusted,very small stratum,-139.03967499999953,-39.1777519999996
stress,3,stress_design,development,assumption__radius_min__noise_correlated__scale_150,broad_or_stress_assumption,correlated,joint_triangular_l3,joint_triangular_l5,4,0,0,0.0,-65.72186999999985,-121.20778949999976,-10.235950499999944,4,-65.72186999999985,-64.35356199999978,0.0,-4.172768999999789,1.282555254656378,pointwise paired bootstrap; exploratory and not multiplicity-adjusted,very small stratum,-121.20778949999976,-10.235950499999944
stress,3,stress_design,all,assumption__radius_min__noise_correlated__scale_300,broad_or_stress_assumption,all,joint_triangular_l1,joint_triangular_l5,2,0,0,0.0,-176.86218200000053,-317.44936300000063,-36.27500100000043,2,-176.86218200000053,-176.86218200000053,0.0,-36.27500100000043,3.2535966831782304,pointwise paired bootstrap; exploratory and not multiplicity-adjusted,very small stratum,-317.44936300000063,-36.27500100000043
stress,3,stress_design,all,assumption__radius_min__noise_correlated__scale_300,broad_or_stress_assumption,all,joint_triangular_l2,joint_triangular_l5,2,0,0,0.0,-130.83331900000053,-234.47904600000038,-27.187592000000677,2,-130.83331900000053,-130.83331900000053,0.0,-27.187592000000677,2.4079934897113078,pointwise paired bootstrap; exploratory and not multiplicity-adjusted,very small stratum,-234.47904600000038,-27.187592000000677
stress,3,stress_design,all,assumption__radius_min__noise_correlated__scale_300,broad_or_stress_assumption,all,joint_triangular_l3,joint_triangular_l5,2,0,0,0.0,-82.21801500000038,-183.19504000000052,18.759009999999762,2,-82.21801500000038,-82.21801500000038,0.5,18.759009999999762,1.3961153814810254,pointwise paired bootstrap; exploratory and not multiplicity-adjusted,very small stratum,-183.19504000000052,18.759009999999762
stress,3,stress_design,all,assumption__radius_min__noise_correlated__scale_300,broad_or_stress_assumption,correlated,joint_triangular_l1,joint_triangular_l5,2,0,0,0.0,-176.86218200000053,-317.44936300000063,-36.27500100000043,2,-176.86218200000053,-176.86218200000053,0.0,-36.27500100000043,3.2535966831782304,pointwise paired bootstrap; exploratory and not multiplicity-adjusted,very small stratum,-317.44936300000063,-36.27500100000043
stress,3,stress_design,all,assumption__radius_min__noise_correlated__scale_300,broad_or_stress_assumption,correlated,joint_triangular_l2,joint_triangular_l5,2,0,0,0.0,-130.83331900000053,-234.47904600000038,-27.187592000000677,2,-130.83331900000053,-130.83331900000053,0.0,-27.187592000000677,2.4079934897113078,pointwise paired bootstrap; exploratory and not multiplicity-adjusted,very small stratum,-234.47904600000038,-27.187592000000677
stress,3,stress_design,all,assumption__radius_min__noise_correlated__scale_300,broad_or_stress_assumption,correlated,joint_triangular_l3,joint_triangular_l5,2,0,0,0.0,-82.21801500000038,-183.19504000000052,18.759009999999762,2,-82.21801500000038,-82.21801500000038,0.5,18.759009999999762,1.3961153814810254,pointwise paired bootstrap; exploratory and not multiplicity-adjusted,very small stratum,-183.19504000000052,18.759009999999762
stress,3,stress_design,development,assumption__radius_min__noise_correlated__scale_300,broad_or_stress_assumption,all,joint_triangular_l1,joint_triangular_l5,2,0,0,0.0,-176.86218200000053,-317.44936300000063,-36.27500100000043,2,-176.86218200000053,-176.86218200000053,0.0,-36.27500100000043,3.2535966831782304,pointwise paired bootstrap; exploratory and not multiplicity-adjusted,very small stratum,-317.44936300000063,-36.27500100000043
stress,3,stress_design,development,assumption__radius_min__noise_correlated__scale_300,broad_or_stress_assumption,all,joint_triangular_l2,joint_triangular_l5,2,0,0,0.0,-130.83331900000053,-234.47904600000038,-27.187592000000677,2,-130.83331900000053,-130.83331900000053,0.0,-27.187592000000677,2.4079934897113078,pointwise paired bootstrap; exploratory and not multiplicity-adjusted,very small stratum,-234.47904600000038,-27.187592000000677
stress,3,stress_design,development,assumption__radius_min__noise_correlated__scale_300,broad_or_stress_assumption,all,joint_triangular_l3,joint_triangular_l5,2,0,0,0.0,-82.21801500000038,-183.19504000000052,18.759009999999762,2,-82.21801500000038,-82.21801500000038,0.5,18.759009999999762,1.3961153814810254,pointwise paired bootstrap; exploratory and not multiplicity-adjusted,very small stratum,-183.19504000000052,18.759009999999762
stress,3,stress_design,development,assumption__radius_min__noise_correlated__scale_300,broad_or_stress_assumption,correlated,joint_triangular_l1,joint_triangular_l5,2,0,0,0.0,-176.86218200000053,-317.44936300000063,-36.27500100000043,2,-176.86218200000053,-176.86218200000053,0.0,-36.27500100000043,3.2535966831782304,pointwise paired bootstrap; exploratory and not multiplicity-adjusted,very small stratum,-317.44936300000063,-36.27500100000043
stress,3,stress_design,development,assumption__radius_min__noise_correlated__scale_300,broad_or_stress_assumption,correlated,joint_triangular_l2,joint_triangular_l5,2,0,0,0.0,-130.83331900000053,-234.47904600000038,-27.187592000000677,2,-130.83331900000053,-130.83331900000053,0.0,-27.187592000000677,2.4079934897113078,pointwise paired bootstrap; exploratory and not multiplicity-adjusted,very small stratum,-234.47904600000038,-27.187592000000677
stress,3,stress_design,development,assumption__radius_min__noise_correlated__scale_300,broad_or_stress_assumption,correlated,joint_triangular_l3,joint_triangular_l5,2,0,0,0.0,-82.21801500000038,-183.19504000000052,18.759009999999762,2,-82.21801500000038,-82.21801500000038,0.5,18.759009999999762,1.3961153814810254,pointwise paired bootstrap; exploratory and not multiplicity-adjusted,very small stratum,-183.19504000000052,18.759009999999762
stress,3,stress_design,all,assumption__radius_min__noise_correlated__scale_75,broad_or_stress_assumption,all,joint_triangular_l1,joint_triangular_l5,2,0,0,0.0,-28.73717650000026,-42.77963699999964,-14.69471600000088,2,-28.73717650000026,-28.73717650000026,0.0,-14.69471600000088,0.7114915503407429,pointwise paired bootstrap; exploratory and not multiplicity-adjusted,very small stratum,-42.77963699999964,-14.69471600000088
stress,3,stress_design,all,assumption__radius_min__noise_correlated__scale_75,broad_or_stress_assumption,all,joint_triangular_l2,joint_triangular_l5,2,0,0,0.0,-7.15741150000008,-14.367359999999735,0.05253699999957462,2,-7.15741150000008,-7.15741150000008,0.5,0.05253699999957462,0.18244882208585725,pointwise paired bootstrap; exploratory and not multiplicity-adjusted,very small stratum,-14.367359999999735,0.05253699999957462
stress,3,stress_design,all,assumption__radius_min__noise_correlated__scale_75,broad_or_stress_assumption,all,joint_triangular_l3,joint_triangular_l5,2,0,0,0.0,3.798523500000101,0.0,7.597047000000202,2,3.798523500000101,3.798523500000101,0.5,7.597047000000202,-0.0967883964704438,pointwise paired bootstrap; exploratory and not multiplicity-adjusted,very small stratum,0.0,7.597047000000202
stress,3,stress_design,all,assumption__radius_min__noise_correlated__scale_75,broad_or_stress_assumption,correlated,joint_triangular_l1,joint_triangular_l5,2,0,0,0.0,-28.73717650000026,-42.77963699999964,-14.69471600000088,2,-28.73717650000026,-28.73717650000026,0.0,-14.69471600000088,0.7114915503407429,pointwise paired bootstrap; exploratory and not multiplicity-adjusted,very small stratum,-42.77963699999964,-14.69471600000088
stress,3,stress_design,all,assumption__radius_min__noise_correlated__scale_75,broad_or_stress_assumption,correlated,joint_triangular_l2,joint_triangular_l5,2,0,0,0.0,-7.15741150000008,-14.367359999999735,0.05253699999957462,2,-7.15741150000008,-7.15741150000008,0.5,0.05253699999957462,0.18244882208585725,pointwise paired bootstrap; exploratory and not multiplicity-adjusted,very small stratum,-14.367359999999735,0.05253699999957462
stress,3,stress_design,all,assumption__radius_min__noise_correlated__scale_75,broad_or_stress_assumption,correlated,joint_triangular_l3,joint_triangular_l5,2,0,0,0.0,3.798523500000101,0.0,7.597047000000202,2,3.798523500000101,3.798523500000101,0.5,7.597047000000202,-0.0967883964704438,pointwise paired bootstrap; exploratory and not multiplicity-adjusted,very small stratum,0.0,7.597047000000202
stress,3,stress_design,development,assumption__radius_min__noise_correlated__scale_75,broad_or_stress_assumption,all,joint_triangular_l1,joint_triangular_l5,2,0,0,0.0,-28.73717650000026,-42.77963699999964,-14.69471600000088,2,-28.73717650000026,-28.73717650000026,0.0,-14.69471600000088,0.7114915503407429,pointwise paired bootstrap; exploratory and not multiplicity-adjusted,very small stratum,-42.77963699999964,-14.69471600000088
stress,3,stress_design,development,assumption__radius_min__noise_correlated__scale_75,broad_or_stress_assumption,all,joint_triangular_l2,joint_triangular_l5,2,0,0,0.0,-7.15741150000008,-14.367359999999735,0.05253699999957462,2,-7.15741150000008,-7.15741150000008,0.5,0.05253699999957462,0.18244882208585725,pointwise paired bootstrap; exploratory and not multiplicity-adjusted,very small stratum,-14.367359999999735,0.05253699999957462
stress,3,stress_design,development,assumption__radius_min__noise_correlated__scale_75,broad_or_stress_assumption,all,joint_triangular_l3,joint_triangular_l5,2,0,0,0.0,3.798523500000101,0.0,7.597047000000202,2,3.798523500000101,3.798523500000101,0.5,7.597047000000202,-0.0967883964704438,pointwise paired bootstrap; exploratory and not multiplicity-adjusted,very small stratum,0.0,7.597047000000202
stress,3,stress_design,development,assumption__radius_min__noise_correlated__scale_75,broad_or_stress_assumption,correlated,joint_triangular_l1,joint_triangular_l5,2,0,0,0.0,-28.73717650000026,-42.77963699999964,-14.69471600000088,2,-28.73717650000026,-28.73717650000026,0.0,-14.69471600000088,0.7114915503407429,pointwise paired bootstrap; exploratory and not multiplicity-adjusted,very small stratum,-42.77963699999964,-14.69471600000088
stress,3,stress_design,development,assumption__radius_min__noise_correlated__scale_75,broad_or_stress_assumption,correlated,joint_triangular_l2,joint_triangular_l5,2,0,0,0.0,-7.15741150000008,-14.367359999999735,0.05253699999957462,2,-7.15741150000008,-7.15741150000008,0.5,0.05253699999957462,0.18244882208585725,pointwise paired bootstrap; exploratory and not multiplicity-adjusted,very small stratum,-14.367359999999735,0.05253699999957462
stress,3,stress_design,development,assumption__radius_min__noise_correlated__scale_75,broad_or_stress_assumption,correlated,joint_triangular_l3,joint_triangular_l5,2,0,0,0.0,3.798523500000101,0.0,7.597047000000202,2,3.798523500000101,3.798523500000101,0.5,7.597047000000202,-0.0967883964704438,pointwise paired bootstrap; exploratory and not multiplicity-adjusted,very small stratum,0.0,7.597047000000202
stress,3,stress_design,all,assumption__radius_min__noise_deterministic__scale_150,broad_or_stress_assumption,all,joint_triangular_l1,joint_triangular_l5,3,0,0,0.0,-147.2168523333336,-255.56288200000017,-59.67913700000008,3,-147.2168523333336,-126.40853800000059,0.0,-59.67913700000008,2.823265314967608,pointwise paired bootstrap; exploratory and not multiplicity-adjusted,very small stratum,-255.56288200000017,-59.67913700000008
stress,3,stress_design,all,assumption__radius_min__noise_deterministic__scale_150,broad_or_stress_assumption,all,joint_triangular_l2,joint_triangular_l5,3,0,0,0.0,-82.38326633333357,-167.55576800000017,-30.5045140000002,3,-82.38326633333357,-49.08951700000034,0.0,-30.5045140000002,1.5589338378347195,pointwise paired bootstrap; exploratory and not multiplicity-adjusted,very small stratum,-167.55576800000017,-30.5045140000002
stress,3,stress_design,all,assumption__radius_min__noise_deterministic__scale_150,broad_or_stress_assumption,all,joint_triangular_l3,joint_triangular_l5,3,0,0,0.0,-68.35207600000012,-126.13922300000013,-26.51117400000021,3,-68.35207600000012,-52.405831000000035,0.0,-26.51117400000021,1.3044790101209771,pointwise paired bootstrap; exploratory and not multiplicity-adjusted,very small stratum,-126.13922300000013,-26.51117400000021
stress,3,stress_design,all,assumption__radius_min__noise_deterministic__scale_150,broad_or_stress_assumption,deterministic,joint_triangular_l1,joint_triangular_l5,3,0,0,0.0,-147.2168523333336,-255.56288200000017,-59.67913700000008,3,-147.2168523333336,-126.40853800000059,0.0,-59.67913700000008,2.823265314967608,pointwise paired bootstrap; exploratory and not multiplicity-adjusted,very small stratum,-255.56288200000017,-59.67913700000008
stress,3,stress_design,all,assumption__radius_min__noise_deterministic__scale_150,broad_or_stress_assumption,deterministic,joint_triangular_l2,joint_triangular_l5,3,0,0,0.0,-82.38326633333357,-167.55576800000017,-30.5045140000002,3,-82.38326633333357,-49.08951700000034,0.0,-30.5045140000002,1.5589338378347195,pointwise paired bootstrap; exploratory and not multiplicity-adjusted,very small stratum,-167.55576800000017,-30.5045140000002
stress,3,stress_design,all,assumption__radius_min__noise_deterministic__scale_150,broad_or_stress_assumption,deterministic,joint_triangular_l3,joint_triangular_l5,3,0,0,0.0,-68.35207600000012,-126.13922300000013,-26.51117400000021,3,-68.35207600000012,-52.405831000000035,0.0,-26.51117400000021,1.3044790101209771,pointwise paired bootstrap; exploratory and not multiplicity-adjusted,very small stratum,-126.13922300000013,-26.51117400000021
stress,3,stress_design,development,assumption__radius_min__noise_deterministic__scale_150,broad_or_stress_assumption,all,joint_triangular_l1,joint_triangular_l5,3,0,0,0.0,-147.2168523333336,-255.56288200000017,-59.67913700000008,3,-147.2168523333336,-126.40853800000059,0.0,-59.67913700000008,2.823265314967608,pointwise paired bootstrap; exploratory and not multiplicity-adjusted,very small stratum,-255.56288200000017,-59.67913700000008
stress,3,stress_design,development,assumption__radius_min__noise_deterministic__scale_150,broad_or_stress_assumption,all,joint_triangular_l2,joint_triangular_l5,3,0,0,0.0,-82.38326633333357,-167.55576800000017,-30.5045140000002,3,-82.38326633333357,-49.08951700000034,0.0,-30.5045140000002,1.5589338378347195,pointwise paired bootstrap; exploratory and not multiplicity-adjusted,very small stratum,-167.55576800000017,-30.5045140000002
stress,3,stress_design,development,assumption__radius_min__noise_deterministic__scale_150,broad_or_stress_assumption,all,joint_triangular_l3,joint_triangular_l5,3,0,0,0.0,-68.35207600000012,-126.13922300000013,-26.51117400000021,3,-68.35207600000012,-52.405831000000035,0.0,-26.51117400000021,1.3044790101209771,pointwise paired bootstrap; exploratory and not multiplicity-adjusted,very small stratum,-126.13922300000013,-26.51117400000021
stress,3,stress_design,development,assumption__radius_min__noise_deterministic__scale_150,broad_or_stress_assumption,deterministic,joint_triangular_l1,joint_triangular_l5,3,0,0,0.0,-147.2168523333336,-255.56288200000017,-59.67913700000008,3,-147.2168523333336,-126.40853800000059,0.0,-59.67913700000008,2.823265314967608,pointwise paired bootstrap; exploratory and not multiplicity-adjusted,very small stratum,-255.56288200000017,-59.67913700000008
stress,3,stress_design,development,assumption__radius_min__noise_deterministic__scale_150,broad_or_stress_assumption,deterministic,joint_triangular_l2,joint_triangular_l5,3,0,0,0.0,-82.38326633333357,-167.55576800000017,-30.5045140000002,3,-82.38326633333357,-49.08951700000034,0.0,-30.5045140000002,1.5589338378347195,pointwise paired bootstrap; exploratory and not multiplicity-adjusted,very small stratum,-167.55576800000017,-30.5045140000002
stress,3,stress_design,development,assumption__radius_min__noise_deterministic__scale_150,broad_or_stress_assumption,deterministic,joint_triangular_l3,joint_triangular_l5,3,0,0,0.0,-68.35207600000012,-126.13922300000013,-26.51117400000021,3,-68.35207600000012,-52.405831000000035,0.0,-26.51117400000021,1.3044790101209771,pointwise paired bootstrap; exploratory and not multiplicity-adjusted,very small stratum,-126.13922300000013,-26.51117400000021
stress,3,stress_design,all,assumption__radius_min__noise_deterministic__scale_300,broad_or_stress_assumption,all,joint_triangular_l1,joint_triangular_l5,4,0,0,0.0,-154.88762924999992,-184.60201349999988,-125.17324499999995,4,-154.88762924999992,-159.61728799999992,0.0,-114.45067599999948,2.995501108446618,pointwise paired bootstrap; exploratory and not multiplicity-adjusted,very small stratum,-184.60201349999988,-125.17324499999995
stress,3,stress_design,all,assumption__radius_min__noise_deterministic__scale_300,broad_or_stress_assumption,all,joint_triangular_l2,joint_triangular_l5,4,0,0,0.0,-107.09161449999988,-130.46318699999983,-83.72004199999992,4,-107.09161449999988,-112.80257350000011,0.0,-71.15985199999977,2.066486732911355,pointwise paired bootstrap; exploratory and not multiplicity-adjusted,very small stratum,-130.46318699999983,-83.72004199999992
stress,3,stress_design,all,assumption__radius_min__noise_deterministic__scale_300,broad_or_stress_assumption,all,joint_triangular_l3,joint_triangular_l5,4,0,0,0.0,-73.92698524999992,-92.04745524999953,-51.653532499999756,4,-73.92698524999992,-78.07996800000046,0.0,-41.203872999999476,1.420517125988058,pointwise paired bootstrap; exploratory and not multiplicity-adjusted,very small stratum,-92.04745524999953,-51.653532499999756
stress,3,stress_design,all,assumption__radius_min__noise_deterministic__scale_300,broad_or_stress_assumption,deterministic,joint_triangular_l1,joint_triangular_l5,4,0,0,0.0,-154.88762924999992,-184.60201349999988,-125.17324499999995,4,-154.88762924999992,-159.61728799999992,0.0,-114.45067599999948,2.995501108446618,pointwise paired bootstrap; exploratory and not multiplicity-adjusted,very small stratum,-184.60201349999988,-125.17324499999995
stress,3,stress_design,all,assumption__radius_min__noise_deterministic__scale_300,broad_or_stress_assumption,deterministic,joint_triangular_l2,joint_triangular_l5,4,0,0,0.0,-107.09161449999988,-130.46318699999983,-83.72004199999992,4,-107.09161449999988,-112.80257350000011,0.0,-71.15985199999977,2.066486732911355,pointwise paired bootstrap; exploratory and not multiplicity-adjusted,very small stratum,-131.03232299999968,-83.72004199999992
stress,3,stress_design,all,assumption__radius_min__noise_deterministic__scale_300,broad_or_stress_assumption,deterministic,joint_triangular_l3,joint_triangular_l5,4,0,0,0.0,-73.92698524999992,-92.04745524999953,-51.653532499999756,4,-73.92698524999992,-78.07996800000046,0.0,-41.203872999999476,1.420517125988058,pointwise paired bootstrap; exploratory and not multiplicity-adjusted,very small stratum,-92.04745524999953,-51.653532499999756
stress,3,stress_design,development,assumption__radius_min__noise_deterministic__scale_300,broad_or_stress_assumption,all,joint_triangular_l1,joint_triangular_l5,4,0,0,0.0,-154.88762924999992,-184.60201349999988,-125.17324499999995,4,-154.88762924999992,-159.61728799999992,0.0,-114.45067599999948,2.995501108446618,pointwise paired bootstrap; exploratory and not multiplicity-adjusted,very small stratum,-184.60201349999988,-125.17324499999995
stress,3,stress_design,development,assumption__radius_min__noise_deterministic__scale_300,broad_or_stress_assumption,all,joint_triangular_l2,joint_triangular_l5,4,0,0,0.0,-107.09161449999988,-130.46318699999983,-83.72004199999992,4,-107.09161449999988,-112.80257350000011,0.0,-71.15985199999977,2.066486732911355,pointwise paired bootstrap; exploratory and not multiplicity-adjusted,very small stratum,-130.46318699999983,-83.72004199999992
stress,3,stress_design,development,assumption__radius_min__noise_deterministic__scale_300,broad_or_stress_assumption,all,joint_triangular_l3,joint_triangular_l5,4,0,0,0.0,-73.92698524999992,-92.04745524999953,-51.653532499999756,4,-73.92698524999992,-78.07996800000046,0.0,-41.203872999999476,1.420517125988058,pointwise paired bootstrap; exploratory and not multiplicity-adjusted,very small stratum,-92.04745524999953,-51.653532499999756
stress,3,stress_design,development,assumption__radius_min__noise_deterministic__scale_300,broad_or_stress_assumption,deterministic,joint_triangular_l1,joint_triangular_l5,4,0,0,0.0,-154.88762924999992,-184.60201349999988,-125.17324499999995,4,-154.88762924999992,-159.61728799999992,0.0,-114.45067599999948,2.995501108446618,pointwise paired bootstrap; exploratory and not multiplicity-adjusted,very small stratum,-184.60201349999988,-125.17324499999995
stress,3,stress_design,development,assumption__radius_min__noise_deterministic__scale_300,broad_or_stress_assumption,deterministic,joint_triangular_l2,joint_triangular_l5,4,0,0,0.0,-107.09161449999988,-130.46318699999983,-83.72004199999992,4,-107.09161449999988,-112.80257350000011,0.0,-71.15985199999977,2.066486732911355,pointwise paired bootstrap; exploratory and not multiplicity-adjusted,very small stratum,-130.46318699999983,-83.72004199999992
stress,3,stress_design,development,assumption__radius_min__noise_deterministic__scale_300,broad_or_stress_assumption,deterministic,joint_triangular_l3,joint_triangular_l5,4,0,0,0.0,-73.92698524999992,-92.04745524999953,-51.653532499999756,4,-73.92698524999992,-78.07996800000046,0.0,-41.203872999999476,1.420517125988058,pointwise paired bootstrap; exploratory and not multiplicity-adjusted,very small stratum,-92.04745524999953,-51.653532499999756
stress,3,stress_design,all,assumption__radius_min__noise_deterministic__scale_75,broad_or_stress_assumption,all,joint_triangular_l1,joint_triangular_l5,4,0,0,0.0,-220.37382225000033,-269.47136925000063,-156.99456450000025,4,-220.37382225000033,-234.6555330000001,0.0,-126.55457000000024,4.224607290869304,pointwise paired bootstrap; exploratory and not multiplicity-adjusted,very small stratum,-269.47136925000063,-156.99456450000025
stress,3,stress_design,all,assumption__radius_min__noise_deterministic__scale_75,broad_or_stress_assumption,all,joint_triangular_l2,joint_triangular_l5,4,0,0,0.0,-160.9539627500003,-207.6778865000008,-109.87642824999989,4,-160.9539627500003,-165.30757350000022,0.0,-87.09454499999993,3.083880271035,pointwise paired bootstrap; exploratory and not multiplicity-adjusted,very small stratum,-207.6778865000008,-109.87642824999989
stress,3,stress_design,all,assumption__radius_min__noise_deterministic__scale_75,broad_or_stress_assumption,all,joint_triangular_l3,joint_triangular_l5,4,0,0,0.0,-129.97001300000056,-162.37929200000053,-91.22470650000037,4,-129.97001300000056,-136.51900500000056,0.0,-71.74557100000038,2.4900152755673353,pointwise paired bootstrap; exploratory and not multiplicity-adjusted,very small stratum,-162.37929200000053,-91.22470650000037
stress,3,stress_design,all,assumption__radius_min__noise_deterministic__scale_75,broad_or_stress_assumption,deterministic,joint_triangular_l1,joint_triangular_l5,4,0,0,0.0,-220.37382225000033,-269.47136925000063,-156.99456450000025,4,-220.37382225000033,-234.6555330000001,0.0,-126.55457000000024,4.224607290869304,pointwise paired bootstrap; exploratory and not multiplicity-adjusted,very small stratum,-269.47136925000063,-156.99456450000025
stress,3,stress_design,all,assumption__radius_min__noise_deterministic__scale_75,broad_or_stress_assumption,deterministic,joint_triangular_l2,joint_triangular_l5,4,0,0,0.0,-160.9539627500003,-207.6778865000008,-109.87642824999989,4,-160.9539627500003,-165.30757350000022,0.0,-87.09454499999993,3.083880271035,pointwise paired bootstrap; exploratory and not multiplicity-adjusted,very small stratum,-207.6778865000008,-109.87642824999989
stress,3,stress_design,all,assumption__radius_min__noise_deterministic__scale_75,broad_or_stress_assumption,deterministic,joint_triangular_l3,joint_triangular_l5,4,0,0,0.0,-129.97001300000056,-168.73788150000064,-91.22470650000037,4,-129.97001300000056,-136.51900500000056,0.0,-71.74557100000038,2.4900152755673353,pointwise paired bootstrap; exploratory and not multiplicity-adjusted,very small stratum,-162.37929200000053,-91.22470650000037
stress,3,stress_design,development,assumption__radius_min__noise_deterministic__scale_75,broad_or_stress_assumption,all,joint_triangular_l1,joint_triangular_l5,4,0,0,0.0,-220.37382225000033,-269.47136925000063,-156.99456450000025,4,-220.37382225000033,-234.6555330000001,0.0,-126.55457000000024,4.224607290869304,pointwise paired bootstrap; exploratory and not multiplicity-adjusted,very small stratum,-269.47136925000063,-156.99456450000025
stress,3,stress_design,development,assumption__radius_min__noise_deterministic__scale_75,broad_or_stress_assumption,all,joint_triangular_l2,joint_triangular_l5,4,0,0,0.0,-160.9539627500003,-207.6778865000008,-109.87642824999989,4,-160.9539627500003,-165.30757350000022,0.0,-87.09454499999993,3.083880271035,pointwise paired bootstrap; exploratory and not multiplicity-adjusted,very small stratum,-207.6778865000008,-109.87642824999989
stress,3,stress_design,development,assumption__radius_min__noise_deterministic__scale_75,broad_or_stress_assumption,all,joint_triangular_l3,joint_triangular_l5,4,0,0,0.0,-129.97001300000056,-162.37929200000053,-91.22470650000037,4,-129.97001300000056,-136.51900500000056,0.0,-71.74557100000038,2.4900152755673353,pointwise paired bootstrap; exploratory and not multiplicity-adjusted,very small stratum,-168.73788150000064,-91.22470650000037
stress,3,stress_design,development,assumption__radius_min__noise_deterministic__scale_75,broad_or_stress_assumption,deterministic,joint_triangular_l1,joint_triangular_l5,4,0,0,0.0,-220.37382225000033,-269.47136925000063,-156.99456450000025,4,-220.37382225000033,-234.6555330000001,0.0,-126.55457000000024,4.224607290869304,pointwise paired bootstrap; exploratory and not multiplicity-adjusted,very small stratum,-266.9721005000006,-156.99456450000025
stress,3,stress_design,development,assumption__radius_min__noise_deterministic__scale_75,broad_or_stress_assumption,deterministic,joint_triangular_l2,joint_triangular_l5,4,0,0,0.0,-160.9539627500003,-207.6778865000008,-109.87642824999989,4,-160.9539627500003,-165.30757350000022,0.0,-87.09454499999993,3.083880271035,pointwise paired bootstrap; exploratory and not multiplicity-adjusted,very small stratum,-207.6778865000008,-109.87642824999989
stress,3,stress_design,development,assumption__radius_min__noise_deterministic__scale_75,broad_or_stress_assumption,deterministic,joint_triangular_l3,joint_triangular_l5,4,0,0,0.0,-129.97001300000056,-162.37929200000053,-91.22470650000037,4,-129.97001300000056,-136.51900500000056,0.0,-71.74557100000038,2.4900152755673353,pointwise paired bootstrap; exploratory and not multiplicity-adjusted,very small stratum,-162.37929200000053,-91.22470650000037
stress,3,stress_design,all,assumption__radius_min__noise_extreme__scale_150,broad_or_stress_assumption,all,joint_triangular_l1,joint_triangular_l5,2,0,0,0.0,-40.64922249999995,-56.20360800000026,-25.094836999999643,2,-40.64922249999995,-40.64922249999995,0.0,-25.094836999999643,0.977947731651474,pointwise paired bootstrap; exploratory and not multiplicity-adjusted,very small stratum,-56.20360800000026,-25.094836999999643
stress,3,stress_design,all,assumption__radius_min__noise_extreme__scale_150,broad_or_stress_assumption,all,joint_triangular_l2,joint_triangular_l5,2,0,0,0.0,-19.943319500000143,-23.432819999999992,-16.453819000000294,2,-19.943319500000143,-19.943319500000143,0.0,-16.453819000000294,0.4794427165868519,pointwise paired bootstrap; exploratory and not multiplicity-adjusted,very small stratum,-23.432819999999992,-16.453819000000294
stress,3,stress_design,all,assumption__radius_min__noise_extreme__scale_150,broad_or_stress_assumption,all,joint_triangular_l3,joint_triangular_l5,2,0,0,0.0,-1.2566634999998314,-13.037233000000015,10.523906000000352,2,-1.2566634999998314,-1.2566634999998314,0.5,10.523906000000352,0.031209647103811106,pointwise paired bootstrap; exploratory and not multiplicity-adjusted,very small stratum,-13.037233000000015,10.523906000000352
stress,3,stress_design,all,assumption__radius_min__noise_extreme__scale_150,broad_or_stress_assumption,extreme,joint_triangular_l1,joint_triangular_l5,2,0,0,0.0,-40.64922249999995,-56.20360800000026,-25.094836999999643,2,-40.64922249999995,-40.64922249999995,0.0,-25.094836999999643,0.977947731651474,pointwise paired bootstrap; exploratory and not multiplicity-adjusted,very small stratum,-56.20360800000026,-25.094836999999643
stress,3,stress_design,all,assumption__radius_min__noise_extreme__scale_150,broad_or_stress_assumption,extreme,joint_triangular_l2,joint_triangular_l5,2,0,0,0.0,-19.943319500000143,-23.432819999999992,-16.453819000000294,2,-19.943319500000143,-19.943319500000143,0.0,-16.453819000000294,0.4794427165868519,pointwise paired bootstrap; exploratory and not multiplicity-adjusted,very small stratum,-23.432819999999992,-16.453819000000294
stress,3,stress_design,all,assumption__radius_min__noise_extreme__scale_150,broad_or_stress_assumption,extreme,joint_triangular_l3,joint_triangular_l5,2,0,0,0.0,-1.2566634999998314,-13.037233000000015,10.523906000000352,2,-1.2566634999998314,-1.2566634999998314,0.5,10.523906000000352,0.031209647103811106,pointwise paired bootstrap; exploratory and not multiplicity-adjusted,very small stratum,-13.037233000000015,10.523906000000352
stress,3,stress_design,development,assumption__radius_min__noise_extreme__scale_150,broad_or_stress_assumption,all,joint_triangular_l1,joint_triangular_l5,2,0,0,0.0,-40.64922249999995,-56.20360800000026,-25.094836999999643,2,-40.64922249999995,-40.64922249999995,0.0,-25.094836999999643,0.977947731651474,pointwise paired bootstrap; exploratory and not multiplicity-adjusted,very small stratum,-56.20360800000026,-25.094836999999643
stress,3,stress_design,development,assumption__radius_min__noise_extreme__scale_150,broad_or_stress_assumption,all,joint_triangular_l2,joint_triangular_l5,2,0,0,0.0,-19.943319500000143,-23.432819999999992,-16.453819000000294,2,-19.943319500000143,-19.943319500000143,0.0,-16.453819000000294,0.4794427165868519,pointwise paired bootstrap; exploratory and not multiplicity-adjusted,very small stratum,-23.432819999999992,-16.453819000000294
stress,3,stress_design,development,assumption__radius_min__noise_extreme__scale_150,broad_or_stress_assumption,all,joint_triangular_l3,joint_triangular_l5,2,0,0,0.0,-1.2566634999998314,-13.037233000000015,10.523906000000352,2,-1.2566634999998314,-1.2566634999998314,0.5,10.523906000000352,0.031209647103811106,pointwise paired bootstrap; exploratory and not multiplicity-adjusted,very small stratum,-13.037233000000015,10.523906000000352
stress,3,stress_design,development,assumption__radius_min__noise_extreme__scale_150,broad_or_stress_assumption,extreme,joint_triangular_l1,joint_triangular_l5,2,0,0,0.0,-40.64922249999995,-56.20360800000026,-25.094836999999643,2,-40.64922249999995,-40.64922249999995,0.0,-25.094836999999643,0.977947731651474,pointwise paired bootstrap; exploratory and not multiplicity-adjusted,very small stratum,-56.20360800000026,-25.094836999999643
stress,3,stress_design,development,assumption__radius_min__noise_extreme__scale_150,broad_or_stress_assumption,extreme,joint_triangular_l2,joint_triangular_l5,2,0,0,0.0,-19.943319500000143,-23.432819999999992,-16.453819000000294,2,-19.943319500000143,-19.943319500000143,0.0,-16.453819000000294,0.4794427165868519,pointwise paired bootstrap; exploratory and not multiplicity-adjusted,very small stratum,-23.432819999999992,-16.453819000000294
stress,3,stress_design,development,assumption__radius_min__noise_extreme__scale_150,broad_or_stress_assumption,extreme,joint_triangular_l3,joint_triangular_l5,2,0,0,0.0,-1.2566634999998314,-13.037233000000015,10.523906000000352,2,-1.2566634999998314,-1.2566634999998314,0.5,10.523906000000352,0.031209647103811106,pointwise paired bootstrap; exploratory and not multiplicity-adjusted,very small stratum,-13.037233000000015,10.523906000000352
stress,3,stress_design,all,assumption__radius_min__noise_extreme__scale_300,broad_or_stress_assumption,all,joint_triangular_l1,joint_triangular_l5,2,0,0,0.0,-222.2103919999995,-396.7182549999998,-47.70252899999923,2,-222.2103919999995,-222.2103919999995,0.0,-47.70252899999923,4.916726404648582,pointwise paired bootstrap; exploratory and not multiplicity-adjusted,very small stratum,-396.7182549999998,-47.70252899999923
stress,3,stress_design,all,assumption__radius_min__noise_extreme__scale_300,broad_or_stress_assumption,all,joint_triangular_l2,joint_triangular_l5,2,0,0,0.0,-145.57544400000006,-264.3978710000001,-26.753017,2,-145.57544400000006,-145.57544400000006,0.0,-26.753017,3.2176179553166926,pointwise paired bootstrap; exploratory and not multiplicity-adjusted,very small stratum,-264.3978710000001,-26.753017
stress,3,stress_design,all,assumption__radius_min__noise_extreme__scale_300,broad_or_stress_assumption,all,joint_triangular_l3,joint_triangular_l5,2,0,0,0.0,-84.94611999999961,-189.19601599999987,19.303776000000653,2,-84.94611999999961,-84.94611999999961,0.5,19.303776000000653,1.8507686562326164,pointwise paired bootstrap; exploratory and not multiplicity-adjusted,very small stratum,-189.19601599999987,19.303776000000653
stress,3,stress_design,all,assumption__radius_min__noise_extreme__scale_300,broad_or_stress_assumption,extreme,joint_triangular_l1,joint_triangular_l5,2,0,0,0.0,-222.2103919999995,-396.7182549999998,-47.70252899999923,2,-222.2103919999995,-222.2103919999995,0.0,-47.70252899999923,4.916726404648582,pointwise paired bootstrap; exploratory and not multiplicity-adjusted,very small stratum,-396.7182549999998,-47.70252899999923
stress,3,stress_design,all,assumption__radius_min__noise_extreme__scale_300,broad_or_stress_assumption,extreme,joint_triangular_l2,joint_triangular_l5,2,0,0,0.0,-145.57544400000006,-264.3978710000001,-26.753017,2,-145.57544400000006,-145.57544400000006,0.0,-26.753017,3.2176179553166926,pointwise paired bootstrap; exploratory and not multiplicity-adjusted,very small stratum,-264.3978710000001,-26.753017
stress,3,stress_design,all,assumption__radius_min__noise_extreme__scale_300,broad_or_stress_assumption,extreme,joint_triangular_l3,joint_triangular_l5,2,0,0,0.0,-84.94611999999961,-189.19601599999987,19.303776000000653,2,-84.94611999999961,-84.94611999999961,0.5,19.303776000000653,1.8507686562326164,pointwise paired bootstrap; exploratory and not multiplicity-adjusted,very small stratum,-189.19601599999987,19.303776000000653
stress,3,stress_design,development,assumption__radius_min__noise_extreme__scale_300,broad_or_stress_assumption,all,joint_triangular_l1,joint_triangular_l5,2,0,0,0.0,-222.2103919999995,-396.7182549999998,-47.70252899999923,2,-222.2103919999995,-222.2103919999995,0.0,-47.70252899999923,4.916726404648582,pointwise paired bootstrap; exploratory and not multiplicity-adjusted,very small stratum,-396.7182549999998,-47.70252899999923
stress,3,stress_design,development,assumption__radius_min__noise_extreme__scale_300,broad_or_stress_assumption,all,joint_triangular_l2,joint_triangular_l5,2,0,0,0.0,-145.57544400000006,-264.3978710000001,-26.753017,2,-145.57544400000006,-145.57544400000006,0.0,-26.753017,3.2176179553166926,pointwise paired bootstrap; exploratory and not multiplicity-adjusted,very small stratum,-264.3978710000001,-26.753017
stress,3,stress_design,development,assumption__radius_min__noise_extreme__scale_300,broad_or_stress_assumption,all,joint_triangular_l3,joint_triangular_l5,2,0,0,0.0,-84.94611999999961,-189.19601599999987,19.303776000000653,2,-84.94611999999961,-84.94611999999961,0.5,19.303776000000653,1.8507686562326164,pointwise paired bootstrap; exploratory and not multiplicity-adjusted,very small stratum,-189.19601599999987,19.303776000000653
stress,3,stress_design,development,assumption__radius_min__noise_extreme__scale_300,broad_or_stress_assumption,extreme,joint_triangular_l1,joint_triangular_l5,2,0,0,0.0,-222.2103919999995,-396.7182549999998,-47.70252899999923,2,-222.2103919999995,-222.2103919999995,0.0,-47.70252899999923,4.916726404648582,pointwise paired bootstrap; exploratory and not multiplicity-adjusted,very small stratum,-396.7182549999998,-47.70252899999923
stress,3,stress_design,development,assumption__radius_min__noise_extreme__scale_300,broad_or_stress_assumption,extreme,joint_triangular_l2,joint_triangular_l5,2,0,0,0.0,-145.57544400000006,-264.3978710000001,-26.753017,2,-145.57544400000006,-145.57544400000006,0.0,-26.753017,3.2176179553166926,pointwise paired bootstrap; exploratory and not multiplicity-adjusted,very small stratum,-264.3978710000001,-26.753017
stress,3,stress_design,development,assumption__radius_min__noise_extreme__scale_300,broad_or_stress_assumption,extreme,joint_triangular_l3,joint_triangular_l5,2,0,0,0.0,-84.94611999999961,-189.19601599999987,19.303776000000653,2,-84.94611999999961,-84.94611999999961,0.5,19.303776000000653,1.8507686562326164,pointwise paired bootstrap; exploratory and not multiplicity-adjusted,very small stratum,-189.19601599999987,19.303776000000653
stress,3,stress_design,all,assumption__radius_min__noise_extreme__scale_75,broad_or_stress_assumption,all,joint_triangular_l1,joint_triangular_l5,4,0,0,0.0,-56.61320475000025,-95.44242550000035,-10.92329750000033,4,-56.61320475000025,-64.79941900000017,0.25,12.584419999999682,1.3613424157346612,pointwise paired bootstrap; exploratory and not multiplicity-adjusted,very small stratum,-95.44242550000035,-10.92329750000033
stress,3,stress_design,all,assumption__radius_min__noise_extreme__scale_75,broad_or_stress_assumption,all,joint_triangular_l2,joint_triangular_l5,4,0,0,0.0,-38.88177100000007,-59.99839525000016,-12.495271250000087,4,-38.88177100000007,-44.15164649999997,0.0,0.0,0.9495455719420478,pointwise paired bootstrap; exploratory and not multiplicity-adjusted,very small stratum,-59.99839525000016,-12.495271250000087
stress,3,stress_design,all,assumption__radius_min__noise_extreme__scale_75,broad_or_stress_assumption,all,joint_triangular_l3,joint_triangular_l5,4,0,0,0.0,-28.65664900000013,-48.33022450000044,-8.983073499999819,4,-28.65664900000013,-31.335072000000082,0.0,0.0,0.6937539477689189,pointwise paired bootstrap; exploratory and not multiplicity-adjusted,very small stratum,-48.33022450000044,-8.983073499999819
stress,3,stress_design,all,assumption__radius_min__noise_extreme__scale_75,broad_or_stress_assumption,extreme,joint_triangular_l1,joint_triangular_l5,4,0,0,0.0,-56.61320475000025,-95.44242550000035,-10.92329750000033,4,-56.61320475000025,-64.79941900000017,0.25,12.584419999999682,1.3613424157346612,pointwise paired bootstrap; exploratory and not multiplicity-adjusted,very small stratum,-95.44242550000035,-10.92329750000033
stress,3,stress_design,all,assumption__radius_min__noise_extreme__scale_75,broad_or_stress_assumption,extreme,joint_triangular_l2,joint_triangular_l5,4,0,0,0.0,-38.88177100000007,-59.99839525000016,-12.495271250000087,4,-38.88177100000007,-44.15164649999997,0.0,0.0,0.9495455719420478,pointwise paired bootstrap; exploratory and not multiplicity-adjusted,very small stratum,-59.99839525000016,-12.495271250000087
stress,3,stress_design,all,assumption__radius_min__noise_extreme__scale_75,broad_or_stress_assumption,extreme,joint_triangular_l3,joint_triangular_l5,4,0,0,0.0,-28.65664900000013,-48.33022450000044,-8.983073499999819,4,-28.65664900000013,-31.335072000000082,0.0,0.0,0.6937539477689189,pointwise paired bootstrap; exploratory and not multiplicity-adjusted,very small stratum,-48.33022450000044,-8.983073499999819
stress,3,stress_design,development,assumption__radius_min__noise_extreme__scale_75,broad_or_stress_assumption,all,joint_triangular_l1,joint_triangular_l5,4,0,0,0.0,-56.61320475000025,-95.44242550000035,-10.92329750000033,4,-56.61320475000025,-64.79941900000017,0.25,12.584419999999682,1.3613424157346612,pointwise paired bootstrap; exploratory and not multiplicity-adjusted,very small stratum,-95.44242550000035,-10.92329750000033
stress,3,stress_design,development,assumption__radius_min__noise_extreme__scale_75,broad_or_stress_assumption,all,joint_triangular_l2,joint_triangular_l5,4,0,0,0.0,-38.88177100000007,-59.99839525000016,-12.495271250000087,4,-38.88177100000007,-44.15164649999997,0.0,0.0,0.9495455719420478,pointwise paired bootstrap; exploratory and not multiplicity-adjusted,very small stratum,-59.99839525000016,-12.495271250000087
stress,3,stress_design,development,assumption__radius_min__noise_extreme__scale_75,broad_or_stress_assumption,all,joint_triangular_l3,joint_triangular_l5,4,0,0,0.0,-28.65664900000013,-48.33022450000044,-8.983073499999819,4,-28.65664900000013,-31.335072000000082,0.0,0.0,0.6937539477689189,pointwise paired bootstrap; exploratory and not multiplicity-adjusted,very small stratum,-48.33022450000044,-8.983073499999819
stress,3,stress_design,development,assumption__radius_min__noise_extreme__scale_75,broad_or_stress_assumption,extreme,joint_triangular_l1,joint_triangular_l5,4,0,0,0.0,-56.61320475000025,-95.44242550000035,-10.92329750000033,4,-56.61320475000025,-64.79941900000017,0.25,12.584419999999682,1.3613424157346612,pointwise paired bootstrap; exploratory and not multiplicity-adjusted,very small stratum,-95.44242550000035,-10.92329750000033
stress,3,stress_design,development,assumption__radius_min__noise_extreme__scale_75,broad_or_stress_assumption,extreme,joint_triangular_l2,joint_triangular_l5,4,0,0,0.0,-38.88177100000007,-59.99839525000016,-12.495271250000087,4,-38.88177100000007,-44.15164649999997,0.0,0.0,0.9495455719420478,pointwise paired bootstrap; exploratory and not multiplicity-adjusted,very small stratum,-59.99839525000016,-12.495271250000087
stress,3,stress_design,development,assumption__radius_min__noise_extreme__scale_75,broad_or_stress_assumption,extreme,joint_triangular_l3,joint_triangular_l5,4,0,0,0.0,-28.65664900000013,-48.33022450000044,-8.983073499999819,4,-28.65664900000013,-31.335072000000082,0.0,0.0,0.6937539477689189,pointwise paired bootstrap; exploratory and not multiplicity-adjusted,very small stratum,-48.33022450000044,-8.983073499999819
stress,3,stress_design,all,assumption__radius_mixed__noise_correlated__scale_150,broad_or_stress_assumption,all,joint_triangular_l1,joint_triangular_l5,2,0,0,0.0,-418.8349999999996,-585.8332279999995,-251.83677199999966,2,-418.8349999999996,-418.8349999999996,0.0,-251.83677199999966,7.692936327285391,pointwise paired bootstrap; exploratory and not multiplicity-adjusted,very small stratum,-585.8332279999995,-251.83677199999966
stress,3,stress_design,all,assumption__radius_mixed__noise_correlated__scale_150,broad_or_stress_assumption,all,joint_triangular_l2,joint_triangular_l5,2,0,0,0.0,-346.5900714999998,-501.60727099999986,-191.57287199999973,2,-346.5900714999998,-346.5900714999998,0.0,-191.57287199999973,6.358171837291952,pointwise paired bootstrap; exploratory and not multiplicity-adjusted,very small stratum,-501.60727099999986,-191.57287199999973
stress,3,stress_design,all,assumption__radius_mixed__noise_correlated__scale_150,broad_or_stress_assumption,all,joint_triangular_l3,joint_triangular_l5,2,0,0,0.0,-281.33741999999984,-392.035476,-170.63936399999966,2,-281.33741999999984,-281.33741999999984,0.0,-170.63936399999966,5.168140130546519,pointwise paired bootstrap; exploratory and not multiplicity-adjusted,very small stratum,-392.035476,-170.63936399999966
stress,3,stress_design,all,assumption__radius_mixed__noise_correlated__scale_150,broad_or_stress_assumption,correlated,joint_triangular_l1,joint_triangular_l5,2,0,0,0.0,-418.8349999999996,-585.8332279999995,-251.83677199999966,2,-418.8349999999996,-418.8349999999996,0.0,-251.83677199999966,7.692936327285391,pointwise paired bootstrap; exploratory and not multiplicity-adjusted,very small stratum,-585.8332279999995,-251.83677199999966
stress,3,stress_design,all,assumption__radius_mixed__noise_correlated__scale_150,broad_or_stress_assumption,correlated,joint_triangular_l2,joint_triangular_l5,2,0,0,0.0,-346.5900714999998,-501.60727099999986,-191.57287199999973,2,-346.5900714999998,-346.5900714999998,0.0,-191.57287199999973,6.358171837291952,pointwise paired bootstrap; exploratory and not multiplicity-adjusted,very small stratum,-501.60727099999986,-191.57287199999973
stress,3,stress_design,all,assumption__radius_mixed__noise_correlated__scale_150,broad_or_stress_assumption,correlated,joint_triangular_l3,joint_triangular_l5,2,0,0,0.0,-281.33741999999984,-392.035476,-170.63936399999966,2,-281.33741999999984,-281.33741999999984,0.0,-170.63936399999966,5.168140130546519,pointwise paired bootstrap; exploratory and not multiplicity-adjusted,very small stratum,-392.035476,-170.63936399999966
stress,3,stress_design,development,assumption__radius_mixed__noise_correlated__scale_150,broad_or_stress_assumption,all,joint_triangular_l1,joint_triangular_l5,2,0,0,0.0,-418.8349999999996,-585.8332279999995,-251.83677199999966,2,-418.8349999999996,-418.8349999999996,0.0,-251.83677199999966,7.692936327285391,pointwise paired bootstrap; exploratory and not multiplicity-adjusted,very small stratum,-585.8332279999995,-251.83677199999966
stress,3,stress_design,development,assumption__radius_mixed__noise_correlated__scale_150,broad_or_stress_assumption,all,joint_triangular_l2,joint_triangular_l5,2,0,0,0.0,-346.5900714999998,-501.60727099999986,-191.57287199999973,2,-346.5900714999998,-346.5900714999998,0.0,-191.57287199999973,6.358171837291952,pointwise paired bootstrap; exploratory and not multiplicity-adjusted,very small stratum,-501.60727099999986,-191.57287199999973
stress,3,stress_design,development,assumption__radius_mixed__noise_correlated__scale_150,broad_or_stress_assumption,all,joint_triangular_l3,joint_triangular_l5,2,0,0,0.0,-281.33741999999984,-392.035476,-170.63936399999966,2,-281.33741999999984,-281.33741999999984,0.0,-170.63936399999966,5.168140130546519,pointwise paired bootstrap; exploratory and not multiplicity-adjusted,very small stratum,-392.035476,-170.63936399999966
stress,3,stress_design,development,assumption__radius_mixed__noise_correlated__scale_150,broad_or_stress_assumption,correlated,joint_triangular_l1,joint_triangular_l5,2,0,0,0.0,-418.8349999999996,-585.8332279999995,-251.83677199999966,2,-418.8349999999996,-418.8349999999996,0.0,-251.83677199999966,7.692936327285391,pointwise paired bootstrap; exploratory and not multiplicity-adjusted,very small stratum,-585.8332279999995,-251.83677199999966
stress,3,stress_design,development,assumption__radius_mixed__noise_correlated__scale_150,broad_or_stress_assumption,correlated,joint_triangular_l2,joint_triangular_l5,2,0,0,0.0,-346.5900714999998,-501.60727099999986,-191.57287199999973,2,-346.5900714999998,-346.5900714999998,0.0,-191.57287199999973,6.358171837291952,pointwise paired bootstrap; exploratory and not multiplicity-adjusted,very small stratum,-501.60727099999986,-191.57287199999973
stress,3,stress_design,development,assumption__radius_mixed__noise_correlated__scale_150,broad_or_stress_assumption,correlated,joint_triangular_l3,joint_triangular_l5,2,0,0,0.0,-281.33741999999984,-392.035476,-170.63936399999966,2,-281.33741999999984,-281.33741999999984,0.0,-170.63936399999966,5.168140130546519,pointwise paired bootstrap; exploratory and not multiplicity-adjusted,very small stratum,-392.035476,-170.63936399999966
stress,3,stress_design,all,assumption__radius_mixed__noise_correlated__scale_300,broad_or_stress_assumption,all,joint_triangular_l1,joint_triangular_l5,3,0,0,0.0,-313.92939833333304,-442.4879919999994,-67.1404080000002,3,-313.92939833333304,-432.1597949999996,0.0,-67.1404080000002,5.655087895288552,pointwise paired bootstrap; exploratory and not multiplicity-adjusted,very small stratum,-442.4879919999994,-67.1404080000002
stress,3,stress_design,all,assumption__radius_mixed__noise_correlated__scale_300,broad_or_stress_assumption,all,joint_triangular_l2,joint_triangular_l5,3,0,0,0.0,-249.41391599999983,-360.2340290000002,-44.61114799999996,3,-249.41391599999983,-343.3965709999993,0.0,-44.61114799999996,4.477140170341114,pointwise paired bootstrap; exploratory and not multiplicity-adjusted,very small stratum,-360.2340290000002,-44.61114799999996
stress,3,stress_design,all,assumption__radius_mixed__noise_correlated__scale_300,broad_or_stress_assumption,all,joint_triangular_l3,joint_triangular_l5,3,0,0,0.0,-189.4139529999999,-308.6144409999997,1.5312069999999949,3,-189.4139529999999,-261.15862500000003,0.3333333333333333,1.5312069999999949,3.3361372150099107,pointwise paired bootstrap; exploratory and not multiplicity-adjusted,very small stratum,-308.6144409999997,1.5312069999999949
stress,3,stress_design,all,assumption__radius_mixed__noise_correlated__scale_300,broad_or_stress_assumption,correlated,joint_triangular_l1,joint_triangular_l5,3,0,0,0.0,-313.92939833333304,-442.4879919999994,-67.1404080000002,3,-313.92939833333304,-432.1597949999996,0.0,-67.1404080000002,5.655087895288552,pointwise paired bootstrap; exploratory and not multiplicity-adjusted,very small stratum,-442.4879919999994,-67.1404080000002
stress,3,stress_design,all,assumption__radius_mixed__noise_correlated__scale_300,broad_or_stress_assumption,correlated,joint_triangular_l2,joint_triangular_l5,3,0,0,0.0,-249.41391599999983,-360.2340290000002,-44.61114799999996,3,-249.41391599999983,-343.3965709999993,0.0,-44.61114799999996,4.477140170341114,pointwise paired bootstrap; exploratory and not multiplicity-adjusted,very small stratum,-360.2340290000002,-44.61114799999996
stress,3,stress_design,all,assumption__radius_mixed__noise_correlated__scale_300,broad_or_stress_assumption,correlated,joint_triangular_l3,joint_triangular_l5,3,0,0,0.0,-189.4139529999999,-308.6144409999997,1.5312069999999949,3,-189.4139529999999,-261.15862500000003,0.3333333333333333,1.5312069999999949,3.3361372150099107,pointwise paired bootstrap; exploratory and not multiplicity-adjusted,very small stratum,-308.6144409999997,1.5312069999999949
stress,3,stress_design,development,assumption__radius_mixed__noise_correlated__scale_300,broad_or_stress_assumption,all,joint_triangular_l1,joint_triangular_l5,3,0,0,0.0,-313.92939833333304,-442.4879919999994,-67.1404080000002,3,-313.92939833333304,-432.1597949999996,0.0,-67.1404080000002,5.655087895288552,pointwise paired bootstrap; exploratory and not multiplicity-adjusted,very small stratum,-442.4879919999994,-67.1404080000002
stress,3,stress_design,development,assumption__radius_mixed__noise_correlated__scale_300,broad_or_stress_assumption,all,joint_triangular_l2,joint_triangular_l5,3,0,0,0.0,-249.41391599999983,-360.2340290000002,-44.61114799999996,3,-249.41391599999983,-343.3965709999993,0.0,-44.61114799999996,4.477140170341114,pointwise paired bootstrap; exploratory and not multiplicity-adjusted,very small stratum,-360.2340290000002,-44.61114799999996
stress,3,stress_design,development,assumption__radius_mixed__noise_correlated__scale_300,broad_or_stress_assumption,all,joint_triangular_l3,joint_triangular_l5,3,0,0,0.0,-189.4139529999999,-308.6144409999997,1.5312069999999949,3,-189.4139529999999,-261.15862500000003,0.3333333333333333,1.5312069999999949,3.3361372150099107,pointwise paired bootstrap; exploratory and not multiplicity-adjusted,very small stratum,-308.6144409999997,1.5312069999999949
stress,3,stress_design,development,assumption__radius_mixed__noise_correlated__scale_300,broad_or_stress_assumption,correlated,joint_triangular_l1,joint_triangular_l5,3,0,0,0.0,-313.92939833333304,-442.4879919999994,-67.1404080000002,3,-313.92939833333304,-432.1597949999996,0.0,-67.1404080000002,5.655087895288552,pointwise paired bootstrap; exploratory and not multiplicity-adjusted,very small stratum,-442.4879919999994,-67.1404080000002
stress,3,stress_design,development,assumption__radius_mixed__noise_correlated__scale_300,broad_or_stress_assumption,correlated,joint_triangular_l2,joint_triangular_l5,3,0,0,0.0,-249.41391599999983,-360.2340290000002,-44.61114799999996,3,-249.41391599999983,-343.3965709999993,0.0,-44.61114799999996,4.477140170341114,pointwise paired bootstrap; exploratory and not multiplicity-adjusted,very small stratum,-360.2340290000002,-44.61114799999996
stress,3,stress_design,development,assumption__radius_mixed__noise_correlated__scale_300,broad_or_stress_assumption,correlated,joint_triangular_l3,joint_triangular_l5,3,0,0,0.0,-189.4139529999999,-308.6144409999997,1.5312069999999949,3,-189.4139529999999,-261.15862500000003,0.3333333333333333,1.5312069999999949,3.3361372150099107,pointwise paired bootstrap; exploratory and not multiplicity-adjusted,very small stratum,-308.6144409999997,1.5312069999999949
stress,3,stress_design,all,assumption__radius_mixed__noise_correlated__scale_75,broad_or_stress_assumption,all,joint_triangular_l1,joint_triangular_l5,2,0,0,0.0,-14.70295450000026,-15.292649999999867,-14.113259000000653,2,-14.70295450000026,-14.70295450000026,0.0,-14.113259000000653,0.4123875116427619,pointwise paired bootstrap; exploratory and not multiplicity-adjusted,very small stratum,-15.292649999999867,-14.113259000000653
stress,3,stress_design,all,assumption__radius_mixed__noise_correlated__scale_75,broad_or_stress_assumption,all,joint_triangular_l2,joint_triangular_l5,2,0,0,0.0,-6.590177499999982,-13.180354999999963,0.0,2,-6.590177499999982,-6.590177499999982,0.0,0.0,0.21331562980841567,pointwise paired bootstrap; exploratory and not multiplicity-adjusted,very small stratum,-13.180354999999963,0.0
stress,3,stress_design,all,assumption__radius_mixed__noise_correlated__scale_75,broad_or_stress_assumption,all,joint_triangular_l3,joint_triangular_l5,2,0,0,0.0,-3.926666999999952,-7.853333999999904,0.0,2,-3.926666999999952,-3.926666999999952,0.0,0.0,0.12710119631116373,pointwise paired bootstrap; exploratory and not multiplicity-adjusted,very small stratum,-7.853333999999904,0.0
stress,3,stress_design,all,assumption__radius_mixed__noise_correlated__scale_75,broad_or_stress_assumption,correlated,joint_triangular_l1,joint_triangular_l5,2,0,0,0.0,-14.70295450000026,-15.292649999999867,-14.113259000000653,2,-14.70295450000026,-14.70295450000026,0.0,-14.113259000000653,0.4123875116427619,pointwise paired bootstrap; exploratory and not multiplicity-adjusted,very small stratum,-15.292649999999867,-14.113259000000653
stress,3,stress_design,all,assumption__radius_mixed__noise_correlated__scale_75,broad_or_stress_assumption,correlated,joint_triangular_l2,joint_triangular_l5,2,0,0,0.0,-6.590177499999982,-13.180354999999963,0.0,2,-6.590177499999982,-6.590177499999982,0.0,0.0,0.21331562980841567,pointwise paired bootstrap; exploratory and not multiplicity-adjusted,very small stratum,-13.180354999999963,0.0
stress,3,stress_design,all,assumption__radius_mixed__noise_correlated__scale_75,broad_or_stress_assumption,correlated,joint_triangular_l3,joint_triangular_l5,2,0,0,0.0,-3.926666999999952,-7.853333999999904,0.0,2,-3.926666999999952,-3.926666999999952,0.0,0.0,0.12710119631116373,pointwise paired bootstrap; exploratory and not multiplicity-adjusted,very small stratum,-7.853333999999904,0.0
stress,3,stress_design,development,assumption__radius_mixed__noise_correlated__scale_75,broad_or_stress_assumption,all,joint_triangular_l1,joint_triangular_l5,2,0,0,0.0,-14.70295450000026,-15.292649999999867,-14.113259000000653,2,-14.70295450000026,-14.70295450000026,0.0,-14.113259000000653,0.4123875116427619,pointwise paired bootstrap; exploratory and not multiplicity-adjusted,very small stratum,-15.292649999999867,-14.113259000000653
stress,3,stress_design,development,assumption__radius_mixed__noise_correlated__scale_75,broad_or_stress_assumption,all,joint_triangular_l2,joint_triangular_l5,2,0,0,0.0,-6.590177499999982,-13.180354999999963,0.0,2,-6.590177499999982,-6.590177499999982,0.0,0.0,0.21331562980841567,pointwise paired bootstrap; exploratory and not multiplicity-adjusted,very small stratum,-13.180354999999963,0.0
stress,3,stress_design,development,assumption__radius_mixed__noise_correlated__scale_75,broad_or_stress_assumption,all,joint_triangular_l3,joint_triangular_l5,2,0,0,0.0,-3.926666999999952,-7.853333999999904,0.0,2,-3.926666999999952,-3.926666999999952,0.0,0.0,0.12710119631116373,pointwise paired bootstrap; exploratory and not multiplicity-adjusted,very small stratum,-7.853333999999904,0.0
stress,3,stress_design,development,assumption__radius_mixed__noise_correlated__scale_75,broad_or_stress_assumption,correlated,joint_triangular_l1,joint_triangular_l5,2,0,0,0.0,-14.70295450000026,-15.292649999999867,-14.113259000000653,2,-14.70295450000026,-14.70295450000026,0.0,-14.113259000000653,0.4123875116427619,pointwise paired bootstrap; exploratory and not multiplicity-adjusted,very small stratum,-15.292649999999867,-14.113259000000653
stress,3,stress_design,development,assumption__radius_mixed__noise_correlated__scale_75,broad_or_stress_assumption,correlated,joint_triangular_l2,joint_triangular_l5,2,0,0,0.0,-6.590177499999982,-13.180354999999963,0.0,2,-6.590177499999982,-6.590177499999982,0.0,0.0,0.21331562980841567,pointwise paired bootstrap; exploratory and not multiplicity-adjusted,very small stratum,-13.180354999999963,0.0
stress,3,stress_design,development,assumption__radius_mixed__noise_correlated__scale_75,broad_or_stress_assumption,correlated,joint_triangular_l3,joint_triangular_l5,2,0,0,0.0,-3.926666999999952,-7.853333999999904,0.0,2,-3.926666999999952,-3.926666999999952,0.0,0.0,0.12710119631116373,pointwise paired bootstrap; exploratory and not multiplicity-adjusted,very small stratum,-7.853333999999904,0.0
stress,3,stress_design,all,assumption__radius_mixed__noise_deterministic__scale_150,broad_or_stress_assumption,all,joint_triangular_l1,joint_triangular_l5,3,0,0,0.0,-190.8718593333333,-237.5239590000001,-111.19205599999987,3,-190.8718593333333,-223.89956299999994,0.0,-111.19205599999987,3.644139957404354,pointwise paired bootstrap; exploratory and not multiplicity-adjusted,very small stratum,-237.5239590000001,-111.19205599999987
stress,3,stress_design,all,assumption__radius_mixed__noise_deterministic__scale_150,broad_or_stress_assumption,all,joint_triangular_l2,joint_triangular_l5,3,0,0,0.0,-131.19405533333307,-160.58576999999968,-80.75375199999962,3,-131.19405533333307,-152.24264399999993,0.0,-80.75375199999962,2.507133256975321,pointwise paired bootstrap; exploratory and not multiplicity-adjusted,very small stratum,-160.58576999999968,-80.75375199999962
stress,3,stress_design,all,assumption__radius_mixed__noise_deterministic__scale_150,broad_or_stress_assumption,all,joint_triangular_l3,joint_triangular_l5,3,0,0,0.0,-95.12643666666645,-120.76651599999968,-56.558836000000156,3,-95.12643666666645,-108.05395799999951,0.0,-56.558836000000156,1.8183041151239347,pointwise paired bootstrap; exploratory and not multiplicity-adjusted,very small stratum,-120.76651599999968,-56.558836000000156
stress,3,stress_design,all,assumption__radius_mixed__noise_deterministic__scale_150,broad_or_stress_assumption,deterministic,joint_triangular_l1,joint_triangular_l5,3,0,0,0.0,-190.8718593333333,-237.5239590000001,-111.19205599999987,3,-190.8718593333333,-223.89956299999994,0.0,-111.19205599999987,3.644139957404354,pointwise paired bootstrap; exploratory and not multiplicity-adjusted,very small stratum,-237.5239590000001,-111.19205599999987
stress,3,stress_design,all,assumption__radius_mixed__noise_deterministic__scale_150,broad_or_stress_assumption,deterministic,joint_triangular_l2,joint_triangular_l5,3,0,0,0.0,-131.19405533333307,-160.58576999999968,-80.75375199999962,3,-131.19405533333307,-152.24264399999993,0.0,-80.75375199999962,2.507133256975321,pointwise paired bootstrap; exploratory and not multiplicity-adjusted,very small stratum,-160.58576999999968,-80.75375199999962
stress,3,stress_design,all,assumption__radius_mixed__noise_deterministic__scale_150,broad_or_stress_assumption,deterministic,joint_triangular_l3,joint_triangular_l5,3,0,0,0.0,-95.12643666666645,-120.76651599999968,-56.558836000000156,3,-95.12643666666645,-108.05395799999951,0.0,-56.558836000000156,1.8183041151239347,pointwise paired bootstrap; exploratory and not multiplicity-adjusted,very small stratum,-120.76651599999968,-56.558836000000156
stress,3,stress_design,development,assumption__radius_mixed__noise_deterministic__scale_150,broad_or_stress_assumption,all,joint_triangular_l1,joint_triangular_l5,3,0,0,0.0,-190.8718593333333,-237.5239590000001,-111.19205599999987,3,-190.8718593333333,-223.89956299999994,0.0,-111.19205599999987,3.644139957404354,pointwise paired bootstrap; exploratory and not multiplicity-adjusted,very small stratum,-237.5239590000001,-111.19205599999987
stress,3,stress_design,development,assumption__radius_mixed__noise_deterministic__scale_150,broad_or_stress_assumption,all,joint_triangular_l2,joint_triangular_l5,3,0,0,0.0,-131.19405533333307,-160.58576999999968,-80.75375199999962,3,-131.19405533333307,-152.24264399999993,0.0,-80.75375199999962,2.507133256975321,pointwise paired bootstrap; exploratory and not multiplicity-adjusted,very small stratum,-160.58576999999968,-80.75375199999962
stress,3,stress_design,development,assumption__radius_mixed__noise_deterministic__scale_150,broad_or_stress_assumption,all,joint_triangular_l3,joint_triangular_l5,3,0,0,0.0,-95.12643666666645,-120.76651599999968,-56.558836000000156,3,-95.12643666666645,-108.05395799999951,0.0,-56.558836000000156,1.8183041151239347,pointwise paired bootstrap; exploratory and not multiplicity-adjusted,very small stratum,-120.76651599999968,-56.558836000000156
stress,3,stress_design,development,assumption__radius_mixed__noise_deterministic__scale_150,broad_or_stress_assumption,deterministic,joint_triangular_l1,joint_triangular_l5,3,0,0,0.0,-190.8718593333333,-237.5239590000001,-111.19205599999987,3,-190.8718593333333,-223.89956299999994,0.0,-111.19205599999987,3.644139957404354,pointwise paired bootstrap; exploratory and not multiplicity-adjusted,very small stratum,-237.5239590000001,-111.19205599999987
stress,3,stress_design,development,assumption__radius_mixed__noise_deterministic__scale_150,broad_or_stress_assumption,deterministic,joint_triangular_l2,joint_triangular_l5,3,0,0,0.0,-131.19405533333307,-160.58576999999968,-80.75375199999962,3,-131.19405533333307,-152.24264399999993,0.0,-80.75375199999962,2.507133256975321,pointwise paired bootstrap; exploratory and not multiplicity-adjusted,very small stratum,-160.58576999999968,-80.75375199999962
stress,3,stress_design,development,assumption__radius_mixed__noise_deterministic__scale_150,broad_or_stress_assumption,deterministic,joint_triangular_l3,joint_triangular_l5,3,0,0,0.0,-95.12643666666645,-120.76651599999968,-56.558836000000156,3,-95.12643666666645,-108.05395799999951,0.0,-56.558836000000156,1.8183041151239347,pointwise paired bootstrap; exploratory and not multiplicity-adjusted,very small stratum,-120.76651599999968,-56.558836000000156
stress,3,stress_design,all,assumption__radius_mixed__noise_deterministic__scale_300,broad_or_stress_assumption,all,joint_triangular_l1,joint_triangular_l5,1,0,0,0.0,-180.70042999999987,,,1,-180.70042999999987,-180.70042999999987,0.0,-180.70042999999987,3.4793231973928553,pointwise paired bootstrap; exploratory and not multiplicity-adjusted,very small stratum,,
stress,3,stress_design,all,assumption__radius_mixed__noise_deterministic__scale_300,broad_or_stress_assumption,all,joint_triangular_l2,joint_triangular_l5,1,0,0,0.0,-130.29233099999965,,,1,-130.29233099999965,-130.29233099999965,0.0,-130.29233099999965,2.5087329880215967,pointwise paired bootstrap; exploratory and not multiplicity-adjusted,very small stratum,,
stress,3,stress_design,all,assumption__radius_mixed__noise_deterministic__scale_300,broad_or_stress_assumption,all,joint_triangular_l3,joint_triangular_l5,1,0,0,0.0,-92.971587,,,1,-92.971587,-92.971587,0.0,-92.971587,1.7901351941859145,pointwise paired bootstrap; exploratory and not multiplicity-adjusted,very small stratum,,
stress,3,stress_design,all,assumption__radius_mixed__noise_deterministic__scale_300,broad_or_stress_assumption,deterministic,joint_triangular_l1,joint_triangular_l5,1,0,0,0.0,-180.70042999999987,,,1,-180.70042999999987,-180.70042999999987,0.0,-180.70042999999987,3.4793231973928553,pointwise paired bootstrap; exploratory and not multiplicity-adjusted,very small stratum,,
stress,3,stress_design,all,assumption__radius_mixed__noise_deterministic__scale_300,broad_or_stress_assumption,deterministic,joint_triangular_l2,joint_triangular_l5,1,0,0,0.0,-130.29233099999965,,,1,-130.29233099999965,-130.29233099999965,0.0,-130.29233099999965,2.5087329880215967,pointwise paired bootstrap; exploratory and not multiplicity-adjusted,very small stratum,,
stress,3,stress_design,all,assumption__radius_mixed__noise_deterministic__scale_300,broad_or_stress_assumption,deterministic,joint_triangular_l3,joint_triangular_l5,1,0,0,0.0,-92.971587,,,1,-92.971587,-92.971587,0.0,-92.971587,1.7901351941859145,pointwise paired bootstrap; exploratory and not multiplicity-adjusted,very small stratum,,
stress,3,stress_design,development,assumption__radius_mixed__noise_deterministic__scale_300,broad_or_stress_assumption,all,joint_triangular_l1,joint_triangular_l5,1,0,0,0.0,-180.70042999999987,,,1,-180.70042999999987,-180.70042999999987,0.0,-180.70042999999987,3.4793231973928553,pointwise paired bootstrap; exploratory and not multiplicity-adjusted,very small stratum,,
stress,3,stress_design,development,assumption__radius_mixed__noise_deterministic__scale_300,broad_or_stress_assumption,all,joint_triangular_l2,joint_triangular_l5,1,0,0,0.0,-130.29233099999965,,,1,-130.29233099999965,-130.29233099999965,0.0,-130.29233099999965,2.5087329880215967,pointwise paired bootstrap; exploratory and not multiplicity-adjusted,very small stratum,,
stress,3,stress_design,development,assumption__radius_mixed__noise_deterministic__scale_300,broad_or_stress_assumption,all,joint_triangular_l3,joint_triangular_l5,1,0,0,0.0,-92.971587,,,1,-92.971587,-92.971587,0.0,-92.971587,1.7901351941859145,pointwise paired bootstrap; exploratory and not multiplicity-adjusted,very small stratum,,
stress,3,stress_design,development,assumption__radius_mixed__noise_deterministic__scale_300,broad_or_stress_assumption,deterministic,joint_triangular_l1,joint_triangular_l5,1,0,0,0.0,-180.70042999999987,,,1,-180.70042999999987,-180.70042999999987,0.0,-180.70042999999987,3.4793231973928553,pointwise paired bootstrap; exploratory and not multiplicity-adjusted,very small stratum,,
stress,3,stress_design,development,assumption__radius_mixed__noise_deterministic__scale_300,broad_or_stress_assumption,deterministic,joint_triangular_l2,joint_triangular_l5,1,0,0,0.0,-130.29233099999965,,,1,-130.29233099999965,-130.29233099999965,0.0,-130.29233099999965,2.5087329880215967,pointwise paired bootstrap; exploratory and not multiplicity-adjusted,very small stratum,,
stress,3,stress_design,development,assumption__radius_mixed__noise_deterministic__scale_300,broad_or_stress_assumption,deterministic,joint_triangular_l3,joint_triangular_l5,1,0,0,0.0,-92.971587,,,1,-92.971587,-92.971587,0.0,-92.971587,1.7901351941859145,pointwise paired bootstrap; exploratory and not multiplicity-adjusted,very small stratum,,
stress,3,stress_design,all,assumption__radius_mixed__noise_deterministic__scale_75,broad_or_stress_assumption,all,joint_triangular_l1,joint_triangular_l5,3,0,0,0.0,-364.61537833333324,-503.4726819999996,-177.93099600000005,3,-364.61537833333324,-412.4424570000001,0.0,-177.93099600000005,6.571262031737557,pointwise paired bootstrap; exploratory and not multiplicity-adjusted,very small stratum,-503.4726819999996,-177.93099600000005
stress,3,stress_design,all,assumption__radius_mixed__noise_deterministic__scale_75,broad_or_stress_assumption,all,joint_triangular_l2,joint_triangular_l5,3,0,0,0.0,-322.38610233333355,-487.21411700000044,-149.0458579999995,3,-322.38610233333355,-330.89833200000066,0.0,-149.0458579999995,5.818813357849682,pointwise paired bootstrap; exploratory and not multiplicity-adjusted,very small stratum,-487.21411700000044,-149.0458579999995
stress,3,stress_design,all,assumption__radius_mixed__noise_deterministic__scale_75,broad_or_stress_assumption,all,joint_triangular_l3,joint_triangular_l5,3,0,0,0.0,-243.7652976666665,-362.07602899999983,-111.24486199999956,3,-243.7652976666665,-257.97500200000013,0.0,-111.24486199999956,4.397337475699508,pointwise paired bootstrap; exploratory and not multiplicity-adjusted,very small stratum,-362.07602899999983,-111.24486199999956
stress,3,stress_design,all,assumption__radius_mixed__noise_deterministic__scale_75,broad_or_stress_assumption,deterministic,joint_triangular_l1,joint_triangular_l5,3,0,0,0.0,-364.61537833333324,-503.4726819999996,-177.93099600000005,3,-364.61537833333324,-412.4424570000001,0.0,-177.93099600000005,6.571262031737557,pointwise paired bootstrap; exploratory and not multiplicity-adjusted,very small stratum,-503.4726819999996,-177.93099600000005
stress,3,stress_design,all,assumption__radius_mixed__noise_deterministic__scale_75,broad_or_stress_assumption,deterministic,joint_triangular_l2,joint_triangular_l5,3,0,0,0.0,-322.38610233333355,-487.21411700000044,-149.0458579999995,3,-322.38610233333355,-330.89833200000066,0.0,-149.0458579999995,5.818813357849682,pointwise paired bootstrap; exploratory and not multiplicity-adjusted,very small stratum,-487.21411700000044,-149.0458579999995
stress,3,stress_design,all,assumption__radius_mixed__noise_deterministic__scale_75,broad_or_stress_assumption,deterministic,joint_triangular_l3,joint_triangular_l5,3,0,0,0.0,-243.7652976666665,-362.07602899999983,-111.24486199999956,3,-243.7652976666665,-257.97500200000013,0.0,-111.24486199999956,4.397337475699508,pointwise paired bootstrap; exploratory and not multiplicity-adjusted,very small stratum,-362.07602899999983,-111.24486199999956
stress,3,stress_design,development,assumption__radius_mixed__noise_deterministic__scale_75,broad_or_stress_assumption,all,joint_triangular_l1,joint_triangular_l5,3,0,0,0.0,-364.61537833333324,-503.4726819999996,-177.93099600000005,3,-364.61537833333324,-412.4424570000001,0.0,-177.93099600000005,6.571262031737557,pointwise paired bootstrap; exploratory and not multiplicity-adjusted,very small stratum,-503.4726819999996,-177.93099600000005
stress,3,stress_design,development,assumption__radius_mixed__noise_deterministic__scale_75,broad_or_stress_assumption,all,joint_triangular_l2,joint_triangular_l5,3,0,0,0.0,-322.38610233333355,-487.21411700000044,-149.0458579999995,3,-322.38610233333355,-330.89833200000066,0.0,-149.0458579999995,5.818813357849682,pointwise paired bootstrap; exploratory and not multiplicity-adjusted,very small stratum,-487.21411700000044,-149.0458579999995
stress,3,stress_design,development,assumption__radius_mixed__noise_deterministic__scale_75,broad_or_stress_assumption,all,joint_triangular_l3,joint_triangular_l5,3,0,0,0.0,-243.7652976666665,-362.07602899999983,-111.24486199999956,3,-243.7652976666665,-257.97500200000013,0.0,-111.24486199999956,4.397337475699508,pointwise paired bootstrap; exploratory and not multiplicity-adjusted,very small stratum,-362.07602899999983,-111.24486199999956
stress,3,stress_design,development,assumption__radius_mixed__noise_deterministic__scale_75,broad_or_stress_assumption,deterministic,joint_triangular_l1,joint_triangular_l5,3,0,0,0.0,-364.61537833333324,-503.4726819999996,-177.93099600000005,3,-364.61537833333324,-412.4424570000001,0.0,-177.93099600000005,6.571262031737557,pointwise paired bootstrap; exploratory and not multiplicity-adjusted,very small stratum,-503.4726819999996,-177.93099600000005
stress,3,stress_design,development,assumption__radius_mixed__noise_deterministic__scale_75,broad_or_stress_assumption,deterministic,joint_triangular_l2,joint_triangular_l5,3,0,0,0.0,-322.38610233333355,-487.21411700000044,-149.0458579999995,3,-322.38610233333355,-330.89833200000066,0.0,-149.0458579999995,5.818813357849682,pointwise paired bootstrap; exploratory and not multiplicity-adjusted,very small stratum,-487.21411700000044,-149.0458579999995
stress,3,stress_design,development,assumption__radius_mixed__noise_deterministic__scale_75,broad_or_stress_assumption,deterministic,joint_triangular_l3,joint_triangular_l5,3,0,0,0.0,-243.7652976666665,-362.07602899999983,-111.24486199999956,3,-243.7652976666665,-257.97500200000013,0.0,-111.24486199999956,4.397337475699508,pointwise paired bootstrap; exploratory and not multiplicity-adjusted,very small stratum,-362.07602899999983,-111.24486199999956
stress,3,stress_design,all,assumption__radius_mixed__noise_extreme__scale_150,broad_or_stress_assumption,all,joint_triangular_l1,joint_triangular_l5,4,0,0,0.0,-111.9528802499998,-246.61911099999986,-7.241075999999794,4,-111.9528802499998,-78.7385304999998,0.25,25.24772800000028,2.6406598595348196,pointwise paired bootstrap; exploratory and not multiplicity-adjusted,very small stratum,-246.61911099999986,9.003326000000243
stress,3,stress_design,all,assumption__radius_mixed__noise_extreme__scale_150,broad_or_stress_assumption,all,joint_triangular_l2,joint_triangular_l5,4,0,0,0.0,-92.20999074999975,-199.2559307499995,-13.179795499999955,4,-92.20999074999975,-55.97595949999982,0.0,0.0,2.165072189944839,pointwise paired bootstrap; exploratory and not multiplicity-adjusted,very small stratum,-199.2559307499995,-13.179795499999955
stress,3,stress_design,all,assumption__radius_mixed__noise_extreme__scale_150,broad_or_stress_assumption,all,joint_triangular_l3,joint_triangular_l5,4,0,0,0.0,-60.885788249999905,-133.70413849999977,-2.7160014999999476,4,-60.885788249999905,-33.540817999999945,0.0,0.0,1.416811422873497,pointwise paired bootstrap; exploratory and not multiplicity-adjusted,very small stratum,-133.70413849999977,-2.7160014999999476
stress,3,stress_design,all,assumption__radius_mixed__noise_extreme__scale_150,broad_or_stress_assumption,extreme,joint_triangular_l1,joint_triangular_l5,4,0,0,0.0,-111.9528802499998,-246.61911099999986,-7.241075999999794,4,-111.9528802499998,-78.7385304999998,0.25,25.24772800000028,2.6406598595348196,pointwise paired bootstrap; exploratory and not multiplicity-adjusted,very small stratum,-246.61911099999986,-7.241075999999794
stress,3,stress_design,all,assumption__radius_mixed__noise_extreme__scale_150,broad_or_stress_assumption,extreme,joint_triangular_l2,joint_triangular_l5,4,0,0,0.0,-92.20999074999975,-199.2559307499995,-13.179795499999955,4,-92.20999074999975,-55.97595949999982,0.0,0.0,2.165072189944839,pointwise paired bootstrap; exploratory and not multiplicity-adjusted,very small stratum,-199.2559307499995,-13.179795499999955
stress,3,stress_design,all,assumption__radius_mixed__noise_extreme__scale_150,broad_or_stress_assumption,extreme,joint_triangular_l3,joint_triangular_l5,4,0,0,0.0,-60.885788249999905,-133.70413849999977,-2.7160014999999476,4,-60.885788249999905,-33.540817999999945,0.0,0.0,1.416811422873497,pointwise paired bootstrap; exploratory and not multiplicity-adjusted,very small stratum,-133.70413849999977,-2.7160014999999476
stress,3,stress_design,development,assumption__radius_mixed__noise_extreme__scale_150,broad_or_stress_assumption,all,joint_triangular_l1,joint_triangular_l5,4,0,0,0.0,-111.9528802499998,-266.1234362499998,-7.241075999999794,4,-111.9528802499998,-78.7385304999998,0.25,25.24772800000028,2.6406598595348196,pointwise paired bootstrap; exploratory and not multiplicity-adjusted,very small stratum,-246.61911099999986,-7.241075999999794
stress,3,stress_design,development,assumption__radius_mixed__noise_extreme__scale_150,broad_or_stress_assumption,all,joint_triangular_l2,joint_triangular_l5,4,0,0,0.0,-92.20999074999975,-199.2559307499995,-13.179795499999955,4,-92.20999074999975,-55.97595949999982,0.0,0.0,2.165072189944839,pointwise paired bootstrap; exploratory and not multiplicity-adjusted,very small stratum,-199.2559307499995,-13.179795499999955
stress,3,stress_design,development,assumption__radius_mixed__noise_extreme__scale_150,broad_or_stress_assumption,all,joint_triangular_l3,joint_triangular_l5,4,0,0,0.0,-60.885788249999905,-133.70413849999977,-2.7160014999999476,4,-60.885788249999905,-33.540817999999945,0.0,0.0,1.416811422873497,pointwise paired bootstrap; exploratory and not multiplicity-adjusted,very small stratum,-133.70413849999977,-2.7160014999999476
stress,3,stress_design,development,assumption__radius_mixed__noise_extreme__scale_150,broad_or_stress_assumption,extreme,joint_triangular_l1,joint_triangular_l5,4,0,0,0.0,-111.9528802499998,-246.61911099999986,-7.241075999999794,4,-111.9528802499998,-78.7385304999998,0.25,25.24772800000028,2.6406598595348196,pointwise paired bootstrap; exploratory and not multiplicity-adjusted,very small stratum,-246.61911099999986,-7.241075999999794
stress,3,stress_design,development,assumption__radius_mixed__noise_extreme__scale_150,broad_or_stress_assumption,extreme,joint_triangular_l2,joint_triangular_l5,4,0,0,0.0,-92.20999074999975,-199.2559307499995,-13.179795499999955,4,-92.20999074999975,-55.97595949999982,0.0,0.0,2.165072189944839,pointwise paired bootstrap; exploratory and not multiplicity-adjusted,very small stratum,-199.2559307499995,-13.179795499999955
stress,3,stress_design,development,assumption__radius_mixed__noise_extreme__scale_150,broad_or_stress_assumption,extreme,joint_triangular_l3,joint_triangular_l5,4,0,0,0.0,-60.885788249999905,-133.70413849999977,-2.7160014999999476,4,-60.885788249999905,-33.540817999999945,0.0,0.0,1.416811422873497,pointwise paired bootstrap; exploratory and not multiplicity-adjusted,very small stratum,-133.70413849999977,-2.7160014999999476
stress,3,stress_design,all,assumption__radius_mixed__noise_extreme__scale_300,broad_or_stress_assumption,all,joint_triangular_l1,joint_triangular_l5,2,0,0,0.0,-221.5960875000003,-413.4702620000003,-29.721913000000313,2,-221.5960875000003,-221.5960875000003,0.0,-29.721913000000313,4.982432643242724,pointwise paired bootstrap; exploratory and not multiplicity-adjusted,very small stratum,-413.4702620000003,-29.721913000000313
stress,3,stress_design,all,assumption__radius_mixed__noise_extreme__scale_300,broad_or_stress_assumption,all,joint_triangular_l2,joint_triangular_l5,2,0,0,0.0,-108.81264550000014,-215.04983300000004,-2.5754580000002534,2,-108.81264550000014,-108.81264550000014,0.0,-2.5754580000002534,2.4488778561398403,pointwise paired bootstrap; exploratory and not multiplicity-adjusted,very small stratum,-215.04983300000004,-2.5754580000002534
stress,3,stress_design,all,assumption__radius_mixed__noise_extreme__scale_300,broad_or_stress_assumption,all,joint_triangular_l3,joint_triangular_l5,2,0,0,0.0,-54.32192050000049,-111.51802000000043,2.874178999999458,2,-54.32192050000049,-54.32192050000049,0.5,2.874178999999458,1.2233360900342876,pointwise paired bootstrap; exploratory and not multiplicity-adjusted,very small stratum,-111.51802000000043,2.874178999999458
stress,3,stress_design,all,assumption__radius_mixed__noise_extreme__scale_300,broad_or_stress_assumption,extreme,joint_triangular_l1,joint_triangular_l5,2,0,0,0.0,-221.5960875000003,-413.4702620000003,-29.721913000000313,2,-221.5960875000003,-221.5960875000003,0.0,-29.721913000000313,4.982432643242724,pointwise paired bootstrap; exploratory and not multiplicity-adjusted,very small stratum,-413.4702620000003,-29.721913000000313
stress,3,stress_design,all,assumption__radius_mixed__noise_extreme__scale_300,broad_or_stress_assumption,extreme,joint_triangular_l2,joint_triangular_l5,2,0,0,0.0,-108.81264550000014,-215.04983300000004,-2.5754580000002534,2,-108.81264550000014,-108.81264550000014,0.0,-2.5754580000002534,2.4488778561398403,pointwise paired bootstrap; exploratory and not multiplicity-adjusted,very small stratum,-215.04983300000004,-2.5754580000002534
stress,3,stress_design,all,assumption__radius_mixed__noise_extreme__scale_300,broad_or_stress_assumption,extreme,joint_triangular_l3,joint_triangular_l5,2,0,0,0.0,-54.32192050000049,-111.51802000000043,2.874178999999458,2,-54.32192050000049,-54.32192050000049,0.5,2.874178999999458,1.2233360900342876,pointwise paired bootstrap; exploratory and not multiplicity-adjusted,very small stratum,-111.51802000000043,2.874178999999458
stress,3,stress_design,development,assumption__radius_mixed__noise_extreme__scale_300,broad_or_stress_assumption,all,joint_triangular_l1,joint_triangular_l5,2,0,0,0.0,-221.5960875000003,-413.4702620000003,-29.721913000000313,2,-221.5960875000003,-221.5960875000003,0.0,-29.721913000000313,4.982432643242724,pointwise paired bootstrap; exploratory and not multiplicity-adjusted,very small stratum,-413.4702620000003,-29.721913000000313
stress,3,stress_design,development,assumption__radius_mixed__noise_extreme__scale_300,broad_or_stress_assumption,all,joint_triangular_l2,joint_triangular_l5,2,0,0,0.0,-108.81264550000014,-215.04983300000004,-2.5754580000002534,2,-108.81264550000014,-108.81264550000014,0.0,-2.5754580000002534,2.4488778561398403,pointwise paired bootstrap; exploratory and not multiplicity-adjusted,very small stratum,-215.04983300000004,-2.5754580000002534
stress,3,stress_design,development,assumption__radius_mixed__noise_extreme__scale_300,broad_or_stress_assumption,all,joint_triangular_l3,joint_triangular_l5,2,0,0,0.0,-54.32192050000049,-111.51802000000043,2.874178999999458,2,-54.32192050000049,-54.32192050000049,0.5,2.874178999999458,1.2233360900342876,pointwise paired bootstrap; exploratory and not multiplicity-adjusted,very small stratum,-111.51802000000043,2.874178999999458
stress,3,stress_design,development,assumption__radius_mixed__noise_extreme__scale_300,broad_or_stress_assumption,extreme,joint_triangular_l1,joint_triangular_l5,2,0,0,0.0,-221.5960875000003,-413.4702620000003,-29.721913000000313,2,-221.5960875000003,-221.5960875000003,0.0,-29.721913000000313,4.982432643242724,pointwise paired bootstrap; exploratory and not multiplicity-adjusted,very small stratum,-413.4702620000003,-29.721913000000313
stress,3,stress_design,development,assumption__radius_mixed__noise_extreme__scale_300,broad_or_stress_assumption,extreme,joint_triangular_l2,joint_triangular_l5,2,0,0,0.0,-108.81264550000014,-215.04983300000004,-2.5754580000002534,2,-108.81264550000014,-108.81264550000014,0.0,-2.5754580000002534,2.4488778561398403,pointwise paired bootstrap; exploratory and not multiplicity-adjusted,very small stratum,-215.04983300000004,-2.5754580000002534
stress,3,stress_design,development,assumption__radius_mixed__noise_extreme__scale_300,broad_or_stress_assumption,extreme,joint_triangular_l3,joint_triangular_l5,2,0,0,0.0,-54.32192050000049,-111.51802000000043,2.874178999999458,2,-54.32192050000049,-54.32192050000049,0.5,2.874178999999458,1.2233360900342876,pointwise paired bootstrap; exploratory and not multiplicity-adjusted,very small stratum,-111.51802000000043,2.874178999999458
stress,3,stress_design,all,assumption__radius_mixed__noise_extreme__scale_75,broad_or_stress_assumption,all,joint_triangular_l1,joint_triangular_l5,4,0,0,0.0,-106.88136774999987,-212.8017225000001,-0.9610129999996389,4,-106.88136774999987,-90.52513499999964,0.25,14.540143000000171,2.523311674299833,pointwise paired bootstrap; exploratory and not multiplicity-adjusted,very small stratum,-212.8017225000001,-0.9610129999996389
stress,3,stress_design,all,assumption__radius_mixed__noise_extreme__scale_75,broad_or_stress_assumption,all,joint_triangular_l2,joint_triangular_l5,4,0,0,0.0,-80.24155199999973,-161.5837664999999,1.1006625000004533,4,-80.24155199999973,-91.44532449999951,0.25,26.55165500000021,1.9185966499639813,pointwise paired bootstrap; exploratory and not multiplicity-adjusted,very small stratum,-161.5837664999999,13.826158750000332
stress,3,stress_design,all,assumption__radius_mixed__noise_extreme__scale_75,broad_or_stress_assumption,all,joint_triangular_l3,joint_triangular_l5,4,0,0,0.0,-33.24834425000006,-80.87542274999998,8.378629499999988,4,-33.24834425000006,-20.958369500000117,0.25,16.757258999999976,0.821918428727572,pointwise paired bootstrap; exploratory and not multiplicity-adjusted,very small stratum,-80.87542274999998,8.378629499999988
stress,3,stress_design,all,assumption__radius_mixed__noise_extreme__scale_75,broad_or_stress_assumption,extreme,joint_triangular_l1,joint_triangular_l5,4,0,0,0.0,-106.88136774999987,-212.8017225000001,-0.9610129999996389,4,-106.88136774999987,-90.52513499999964,0.25,14.540143000000171,2.523311674299833,pointwise paired bootstrap; exploratory and not multiplicity-adjusted,very small stratum,-212.8017225000001,-0.9610129999996389
stress,3,stress_design,all,assumption__radius_mixed__noise_extreme__scale_75,broad_or_stress_assumption,extreme,joint_triangular_l2,joint_triangular_l5,4,0,0,0.0,-80.24155199999973,-161.5837664999999,1.1006625000004533,4,-80.24155199999973,-91.44532449999951,0.25,26.55165500000021,1.9185966499639813,pointwise paired bootstrap; exploratory and not multiplicity-adjusted,very small stratum,-161.5837664999999,13.826158750000332
stress,3,stress_design,all,assumption__radius_mixed__noise_extreme__scale_75,broad_or_stress_assumption,extreme,joint_triangular_l3,joint_triangular_l5,4,0,0,0.0,-33.24834425000006,-80.87542274999998,8.378629499999988,4,-33.24834425000006,-20.958369500000117,0.25,16.757258999999976,0.821918428727572,pointwise paired bootstrap; exploratory and not multiplicity-adjusted,very small stratum,-80.87542274999998,8.378629499999988
stress,3,stress_design,development,assumption__radius_mixed__noise_extreme__scale_75,broad_or_stress_assumption,all,joint_triangular_l1,joint_triangular_l5,4,0,0,0.0,-106.88136774999987,-212.8017225000001,-0.9610129999996389,4,-106.88136774999987,-90.52513499999964,0.25,14.540143000000171,2.523311674299833,pointwise paired bootstrap; exploratory and not multiplicity-adjusted,very small stratum,-212.8017225000001,-0.9610129999996389
stress,3,stress_design,development,assumption__radius_mixed__noise_extreme__scale_75,broad_or_stress_assumption,all,joint_triangular_l2,joint_triangular_l5,4,0,0,0.0,-80.24155199999973,-161.5837664999999,1.1006625000004533,4,-80.24155199999973,-91.44532449999951,0.25,26.55165500000021,1.9185966499639813,pointwise paired bootstrap; exploratory and not multiplicity-adjusted,very small stratum,-161.5837664999999,1.4187999062487142
stress,3,stress_design,development,assumption__radius_mixed__noise_extreme__scale_75,broad_or_stress_assumption,all,joint_triangular_l3,joint_triangular_l5,4,0,0,0.0,-33.24834425000006,-80.87542274999998,8.378629499999988,4,-33.24834425000006,-20.958369500000117,0.25,16.757258999999976,0.821918428727572,pointwise paired bootstrap; exploratory and not multiplicity-adjusted,very small stratum,-80.87542274999998,8.378629499999988
stress,3,stress_design,development,assumption__radius_mixed__noise_extreme__scale_75,broad_or_stress_assumption,extreme,joint_triangular_l1,joint_triangular_l5,4,0,0,0.0,-106.88136774999987,-212.8017225000001,-0.9610129999996389,4,-106.88136774999987,-90.52513499999964,0.25,14.540143000000171,2.523311674299833,pointwise paired bootstrap; exploratory and not multiplicity-adjusted,very small stratum,-212.8017225000001,-0.9610129999996389
stress,3,stress_design,development,assumption__radius_mixed__noise_extreme__scale_75,broad_or_stress_assumption,extreme,joint_triangular_l2,joint_triangular_l5,4,0,0,0.0,-80.24155199999973,-161.5837664999999,1.1006625000004533,4,-80.24155199999973,-91.44532449999951,0.25,26.55165500000021,1.9185966499639813,pointwise paired bootstrap; exploratory and not multiplicity-adjusted,very small stratum,-161.5837664999999,1.1006625000004533
stress,3,stress_design,development,assumption__radius_mixed__noise_extreme__scale_75,broad_or_stress_assumption,extreme,joint_triangular_l3,joint_triangular_l5,4,0,0,0.0,-33.24834425000006,-80.87542274999998,8.378629499999988,4,-33.24834425000006,-20.958369500000117,0.25,16.757258999999976,0.821918428727572,pointwise paired bootstrap; exploratory and not multiplicity-adjusted,very small stratum,-80.87542274999998,8.378629499999988
stress,4,stress_design,all,__design_mixture__,design_mixture_only_not_official_population,all,joint_triangular_l1,joint_triangular_l5,80,0,0,0.0,-335.72270097500007,-421.7086005068751,-250.57181373562497,80,-335.72270097500007,-391.8217970000005,0.15,1279.6004510000002,2.9930215581083726,pointwise paired bootstrap; exploratory and not multiplicity-adjusted,,-427.10867576999993,-252.63783328749994
stress,4,stress_design,all,__design_mixture__,design_mixture_only_not_official_population,all,joint_triangular_l2,joint_triangular_l5,80,0,0,0.0,-297.246491925,-359.0861967556249,-241.23864730656243,80,-297.246491925,-294.02715949999947,0.1,492.7086130000007,2.6536406793645133,pointwise paired bootstrap; exploratory and not multiplicity-adjusted,,-356.13155355000004,-237.25308242875013
stress,4,stress_design,all,__design_mixture__,design_mixture_only_not_official_population,all,joint_triangular_l3,joint_triangular_l5,80,0,0,0.0,-226.96637287500008,-267.8695046106251,-183.5391904443751,80,-226.96637287500008,-212.25635650000095,0.0875,579.9821090000005,2.038731675784702,pointwise paired bootstrap; exploratory and not multiplicity-adjusted,,-269.8812918246875,-183.4349680093752
stress,4,stress_design,all,__design_mixture__,design_mixture_only_not_official_population,correlated,joint_triangular_l1,joint_triangular_l5,27,0,0,0.0,-429.1525988148146,-562.9752297675924,-282.93685923518507,27,-429.1525988148146,-483.0756359999996,0.18518518518518517,334.56255300000157,3.7832801796603195,pointwise paired bootstrap; exploratory and not multiplicity-adjusted,,-574.3072379796297,-281.22181215092576
stress,4,stress_design,all,__design_mixture__,design_mixture_only_not_official_population,correlated,joint_triangular_l2,joint_triangular_l5,27,0,0,0.0,-371.8602213703704,-478.97168566944447,-264.3898744796296,27,-371.8602213703704,-445.3408069999987,0.07407407407407407,180.3804739999996,3.2562959145078376,pointwise paired bootstrap; exploratory and not multiplicity-adjusted,,-472.1525321388888,-264.2008467907407
stress,4,stress_design,all,__design_mixture__,design_mixture_only_not_official_population,correlated,joint_triangular_l3,joint_triangular_l5,27,0,0,0.0,-289.1889220740741,-361.2520720166667,-213.15439146018525,27,-289.1889220740741,-279.8145450000011,0.07407407407407407,214.9478049999998,2.5760820011575274,pointwise paired bootstrap; exploratory and not multiplicity-adjusted,,-360.3361207694445,-215.21307910092605
stress,4,stress_design,all,__design_mixture__,design_mixture_only_not_official_population,deterministic,joint_triangular_l1,joint_triangular_l5,28,0,0,0.0,-448.6358851785717,-517.862571770536,-384.3133987339289,28,-448.6358851785717,-396.14485799999966,0.0,-159.9146290000008,4.005469495874179,pointwise paired bootstrap; exploratory and not multiplicity-adjusted,,-512.6472062205361,-384.18912520446446
stress,4,stress_design,all,__design_mixture__,design_mixture_only_not_official_population,deterministic,joint_triangular_l2,joint_triangular_l5,28,0,0,0.0,-356.1061873571427,-418.29265563392835,-300.0082373758927,28,-356.1061873571427,-312.77875099999983,0.0,-114.00717799999984,3.1707843319888256,pointwise paired bootstrap; exploratory and not multiplicity-adjusted,,-414.3864989348213,-303.27794496517856
stress,4,stress_design,all,__design_mixture__,design_mixture_only_not_official_population,deterministic,joint_triangular_l3,joint_triangular_l5,28,0,0,0.0,-269.09547010714294,-313.18924193928586,-228.80842264910737,28,-269.09547010714294,-249.8711059999996,0.0,-71.87723499999993,2.3974362740430792,pointwise paired bootstrap; exploratory and not multiplicity-adjusted,,-313.1313909526788,-225.54699248571453
stress,4,stress_design,all,__design_mixture__,design_mixture_only_not_official_population,extreme,joint_triangular_l1,joint_triangular_l5,25,0,0,0.0,-108.35564499999997,-290.08370703399993,94.69740056299986,25,-108.35564499999997,-131.95133899999928,0.28,1279.6004510000002,1.0056005565345678,pointwise paired bootstrap; exploratory and not multiplicity-adjusted,,-301.40305687899996,95.24691256400011
stress,4,stress_design,all,__design_mixture__,design_mixture_only_not_official_population,extreme,joint_triangular_l2,joint_triangular_l5,25,0,0,0.0,-150.74080524,-269.798360972,-36.67257501499986,25,-150.74080524,-170.63137199999983,0.24,492.7086130000007,1.4235721344704926,pointwise paired bootstrap; exploratory and not multiplicity-adjusted,,-272.75343646199997,-37.17411257300002
stress,4,stress_design,all,__design_mixture__,design_mixture_only_not_official_population,extreme,joint_triangular_l3,joint_triangular_l5,25,0,0,0.0,-112.58143084000002,-210.83153570000005,-23.579887190000058,25,-112.58143084000002,-115.38022499999897,0.2,579.9821090000005,1.056644174332667,pointwise paired bootstrap; exploratory and not multiplicity-adjusted,,-209.74828141600008,-24.45397647499996
stress,4,stress_design,development,__design_mixture__,design_mixture_only_not_official_population,all,joint_triangular_l1,joint_triangular_l5,80,0,0,0.0,-335.72270097500007,-423.44898678343753,-247.22059191875007,80,-335.72270097500007,-391.8217970000005,0.15,1279.6004510000002,2.9930215581083726,pointwise paired bootstrap; exploratory and not multiplicity-adjusted,,-420.89845615656253,-242.0117181703125
stress,4,stress_design,development,__design_mixture__,design_mixture_only_not_official_population,all,joint_triangular_l2,joint_triangular_l5,80,0,0,0.0,-297.246491925,-355.7583676253124,-236.54820359249993,80,-297.246491925,-294.02715949999947,0.1,492.7086130000007,2.6536406793645133,pointwise paired bootstrap; exploratory and not multiplicity-adjusted,,-353.45623492312495,-239.78523642437486
stress,4,stress_design,development,__design_mixture__,design_mixture_only_not_official_population,all,joint_triangular_l3,joint_triangular_l5,80,0,0,0.0,-226.96637287500008,-271.5021135637499,-182.9244607828125,80,-226.96637287500008,-212.25635650000095,0.0875,579.9821090000005,2.038731675784702,pointwise paired bootstrap; exploratory and not multiplicity-adjusted,,-270.707812704375,-183.77946946375008
stress,4,stress_design,development,__design_mixture__,design_mixture_only_not_official_population,correlated,joint_triangular_l1,joint_triangular_l5,27,0,0,0.0,-429.1525988148146,-584.2375809907405,-287.5703973935185,27,-429.1525988148146,-483.0756359999996,0.18518518518518517,334.56255300000157,3.7832801796603195,pointwise paired bootstrap; exploratory and not multiplicity-adjusted,,-578.9322889537034,-279.58047297685175
stress,4,stress_design,development,__design_mixture__,design_mixture_only_not_official_population,correlated,joint_triangular_l2,joint_triangular_l5,27,0,0,0.0,-371.8602213703704,-474.7143369324075,-264.56086598240756,27,-371.8602213703704,-445.3408069999987,0.07407407407407407,180.3804739999996,3.2562959145078376,pointwise paired bootstrap; exploratory and not multiplicity-adjusted,,-475.18504238425925,-262.07412400833323
stress,4,stress_design,development,__design_mixture__,design_mixture_only_not_official_population,correlated,joint_triangular_l3,joint_triangular_l5,27,0,0,0.0,-289.1889220740741,-363.70955018703717,-214.35365331851833,27,-289.1889220740741,-279.8145450000011,0.07407407407407407,214.9478049999998,2.5760820011575274,pointwise paired bootstrap; exploratory and not multiplicity-adjusted,,-362.7105936370369,-215.93279344074082
stress,4,stress_design,development,__design_mixture__,design_mixture_only_not_official_population,deterministic,joint_triangular_l1,joint_triangular_l5,28,0,0,0.0,-448.6358851785717,-514.5304318312503,-387.243699496429,28,-448.6358851785717,-396.14485799999966,0.0,-159.9146290000008,4.005469495874179,pointwise paired bootstrap; exploratory and not multiplicity-adjusted,,-518.1480563535715,-384.13902123839307
stress,4,stress_design,development,__design_mixture__,design_mixture_only_not_official_population,deterministic,joint_triangular_l2,joint_triangular_l5,28,0,0,0.0,-356.1061873571427,-413.6782492473212,-300.700229869643,28,-356.1061873571427,-312.77875099999983,0.0,-114.00717799999984,3.1707843319888256,pointwise paired bootstrap; exploratory and not multiplicity-adjusted,,-412.29515916339255,-303.74698809285735
stress,4,stress_design,development,__design_mixture__,design_mixture_only_not_official_population,deterministic,joint_triangular_l3,joint_triangular_l5,28,0,0,0.0,-269.09547010714294,-313.3978916223217,-226.45176548303593,28,-269.09547010714294,-249.8711059999996,0.0,-71.87723499999993,2.3974362740430792,pointwise paired bootstrap; exploratory and not multiplicity-adjusted,,-314.32546574285715,-226.7764167428572
stress,4,stress_design,development,__design_mixture__,design_mixture_only_not_official_population,extreme,joint_triangular_l1,joint_triangular_l5,25,0,0,0.0,-108.35564499999997,-292.782557066,94.27886239400009,25,-108.35564499999997,-131.95133899999928,0.28,1279.6004510000002,1.0056005565345678,pointwise paired bootstrap; exploratory and not multiplicity-adjusted,,-297.31118696599987,97.95066926099996
stress,4,stress_design,development,__design_mixture__,design_mixture_only_not_official_population,extreme,joint_triangular_l2,joint_triangular_l5,25,0,0,0.0,-150.74080524,-273.6803604690001,-42.82183056900011,25,-150.74080524,-170.63137199999983,0.24,492.7086130000007,1.4235721344704926,pointwise paired bootstrap; exploratory and not multiplicity-adjusted,,-266.1741129810002,-37.80815737399982
stress,4,stress_design,development,__design_mixture__,design_mixture_only_not_official_population,extreme,joint_triangular_l3,joint_triangular_l5,25,0,0,0.0,-112.58143084000002,-209.46963025100004,-25.841242504,25,-112.58143084000002,-115.38022499999897,0.2,579.9821090000005,1.056644174332667,pointwise paired bootstrap; exploratory and not multiplicity-adjusted,,-207.14502046000007,-25.383090942000226
stress,4,stress_design,all,assumption__radius_max__noise_correlated__scale_150,broad_or_stress_assumption,all,joint_triangular_l1,joint_triangular_l5,3,0,0,0.0,-381.1792716666666,-879.8270339999999,-18.103602999999566,3,-381.1792716666666,-245.6071780000002,0.0,-18.103602999999566,3.1436898340929553,pointwise paired bootstrap; exploratory and not multiplicity-adjusted,very small stratum,-879.8270339999999,-18.103602999999566
stress,4,stress_design,all,assumption__radius_max__noise_correlated__scale_150,broad_or_stress_assumption,all,joint_triangular_l2,joint_triangular_l5,3,0,0,0.0,-443.3340286666665,-755.926336999999,-22.913512000000082,3,-443.3340286666665,-551.1622370000005,0.0,-22.913512000000082,3.702109326573264,pointwise paired bootstrap; exploratory and not multiplicity-adjusted,very small stratum,-755.926336999999,-22.913512000000082
stress,4,stress_design,all,assumption__radius_max__noise_correlated__scale_150,broad_or_stress_assumption,all,joint_triangular_l3,joint_triangular_l5,3,0,0,0.0,-323.54753266666677,-535.5181219999995,-14.429094999999506,3,-323.54753266666677,-420.69538100000136,0.0,-14.429094999999506,2.6975741361441954,pointwise paired bootstrap; exploratory and not multiplicity-adjusted,very small stratum,-535.5181219999995,-14.429094999999506
stress,4,stress_design,all,assumption__radius_max__noise_correlated__scale_150,broad_or_stress_assumption,correlated,joint_triangular_l1,joint_triangular_l5,3,0,0,0.0,-381.1792716666666,-879.8270339999999,-18.103602999999566,3,-381.1792716666666,-245.6071780000002,0.0,-18.103602999999566,3.1436898340929553,pointwise paired bootstrap; exploratory and not multiplicity-adjusted,very small stratum,-879.8270339999999,-18.103602999999566
stress,4,stress_design,all,assumption__radius_max__noise_correlated__scale_150,broad_or_stress_assumption,correlated,joint_triangular_l2,joint_triangular_l5,3,0,0,0.0,-443.3340286666665,-755.926336999999,-22.913512000000082,3,-443.3340286666665,-551.1622370000005,0.0,-22.913512000000082,3.702109326573264,pointwise paired bootstrap; exploratory and not multiplicity-adjusted,very small stratum,-755.926336999999,-22.913512000000082
stress,4,stress_design,all,assumption__radius_max__noise_correlated__scale_150,broad_or_stress_assumption,correlated,joint_triangular_l3,joint_triangular_l5,3,0,0,0.0,-323.54753266666677,-535.5181219999995,-14.429094999999506,3,-323.54753266666677,-420.69538100000136,0.0,-14.429094999999506,2.6975741361441954,pointwise paired bootstrap; exploratory and not multiplicity-adjusted,very small stratum,-535.5181219999995,-14.429094999999506
stress,4,stress_design,development,assumption__radius_max__noise_correlated__scale_150,broad_or_stress_assumption,all,joint_triangular_l1,joint_triangular_l5,3,0,0,0.0,-381.1792716666666,-879.8270339999999,-18.103602999999566,3,-381.1792716666666,-245.6071780000002,0.0,-18.103602999999566,3.1436898340929553,pointwise paired bootstrap; exploratory and not multiplicity-adjusted,very small stratum,-879.8270339999999,-18.103602999999566
stress,4,stress_design,development,assumption__radius_max__noise_correlated__scale_150,broad_or_stress_assumption,all,joint_triangular_l2,joint_triangular_l5,3,0,0,0.0,-443.3340286666665,-755.926336999999,-22.913512000000082,3,-443.3340286666665,-551.1622370000005,0.0,-22.913512000000082,3.702109326573264,pointwise paired bootstrap; exploratory and not multiplicity-adjusted,very small stratum,-755.926336999999,-22.913512000000082
stress,4,stress_design,development,assumption__radius_max__noise_correlated__scale_150,broad_or_stress_assumption,all,joint_triangular_l3,joint_triangular_l5,3,0,0,0.0,-323.54753266666677,-535.5181219999995,-14.429094999999506,3,-323.54753266666677,-420.69538100000136,0.0,-14.429094999999506,2.6975741361441954,pointwise paired bootstrap; exploratory and not multiplicity-adjusted,very small stratum,-535.5181219999995,-14.429094999999506
stress,4,stress_design,development,assumption__radius_max__noise_correlated__scale_150,broad_or_stress_assumption,correlated,joint_triangular_l1,joint_triangular_l5,3,0,0,0.0,-381.1792716666666,-879.8270339999999,-18.103602999999566,3,-381.1792716666666,-245.6071780000002,0.0,-18.103602999999566,3.1436898340929553,pointwise paired bootstrap; exploratory and not multiplicity-adjusted,very small stratum,-879.8270339999999,-18.103602999999566
stress,4,stress_design,development,assumption__radius_max__noise_correlated__scale_150,broad_or_stress_assumption,correlated,joint_triangular_l2,joint_triangular_l5,3,0,0,0.0,-443.3340286666665,-755.926336999999,-22.913512000000082,3,-443.3340286666665,-551.1622370000005,0.0,-22.913512000000082,3.702109326573264,pointwise paired bootstrap; exploratory and not multiplicity-adjusted,very small stratum,-755.926336999999,-22.913512000000082
stress,4,stress_design,development,assumption__radius_max__noise_correlated__scale_150,broad_or_stress_assumption,correlated,joint_triangular_l3,joint_triangular_l5,3,0,0,0.0,-323.54753266666677,-535.5181219999995,-14.429094999999506,3,-323.54753266666677,-420.69538100000136,0.0,-14.429094999999506,2.6975741361441954,pointwise paired bootstrap; exploratory and not multiplicity-adjusted,very small stratum,-535.5181219999995,-14.429094999999506
stress,4,stress_design,all,assumption__radius_max__noise_correlated__scale_300,broad_or_stress_assumption,all,joint_triangular_l1,joint_triangular_l5,2,0,0,0.0,-371.29743400000007,-677.1060340000004,-65.48883399999977,2,-371.29743400000007,-371.29743400000007,0.0,-65.48883399999977,3.1130453565289824,pointwise paired bootstrap; exploratory and not multiplicity-adjusted,very small stratum,-677.1060340000004,-65.48883399999977
stress,4,stress_design,all,assumption__radius_max__noise_correlated__scale_300,broad_or_stress_assumption,all,joint_triangular_l2,joint_triangular_l5,2,0,0,0.0,-406.79395099999965,-593.9475380000003,-219.64036399999895,2,-406.79395099999965,-406.79395099999965,0.0,-219.64036399999895,3.5085915675256567,pointwise paired bootstrap; exploratory and not multiplicity-adjusted,very small stratum,-593.9475380000003,-219.64036399999895
stress,4,stress_design,all,assumption__radius_max__noise_correlated__scale_300,broad_or_stress_assumption,all,joint_triangular_l3,joint_triangular_l5,2,0,0,0.0,-304.7121479999996,-440.9675329999991,-168.45676300000014,2,-304.7121479999996,-304.7121479999996,0.0,-168.45676300000014,2.6307423683320414,pointwise paired bootstrap; exploratory and not multiplicity-adjusted,very small stratum,-440.9675329999991,-168.45676300000014
stress,4,stress_design,all,assumption__radius_max__noise_correlated__scale_300,broad_or_stress_assumption,correlated,joint_triangular_l1,joint_triangular_l5,2,0,0,0.0,-371.29743400000007,-677.1060340000004,-65.48883399999977,2,-371.29743400000007,-371.29743400000007,0.0,-65.48883399999977,3.1130453565289824,pointwise paired bootstrap; exploratory and not multiplicity-adjusted,very small stratum,-677.1060340000004,-65.48883399999977
stress,4,stress_design,all,assumption__radius_max__noise_correlated__scale_300,broad_or_stress_assumption,correlated,joint_triangular_l2,joint_triangular_l5,2,0,0,0.0,-406.79395099999965,-593.9475380000003,-219.64036399999895,2,-406.79395099999965,-406.79395099999965,0.0,-219.64036399999895,3.5085915675256567,pointwise paired bootstrap; exploratory and not multiplicity-adjusted,very small stratum,-593.9475380000003,-219.64036399999895
stress,4,stress_design,all,assumption__radius_max__noise_correlated__scale_300,broad_or_stress_assumption,correlated,joint_triangular_l3,joint_triangular_l5,2,0,0,0.0,-304.7121479999996,-440.9675329999991,-168.45676300000014,2,-304.7121479999996,-304.7121479999996,0.0,-168.45676300000014,2.6307423683320414,pointwise paired bootstrap; exploratory and not multiplicity-adjusted,very small stratum,-440.9675329999991,-168.45676300000014
stress,4,stress_design,development,assumption__radius_max__noise_correlated__scale_300,broad_or_stress_assumption,all,joint_triangular_l1,joint_triangular_l5,2,0,0,0.0,-371.29743400000007,-677.1060340000004,-65.48883399999977,2,-371.29743400000007,-371.29743400000007,0.0,-65.48883399999977,3.1130453565289824,pointwise paired bootstrap; exploratory and not multiplicity-adjusted,very small stratum,-677.1060340000004,-65.48883399999977
stress,4,stress_design,development,assumption__radius_max__noise_correlated__scale_300,broad_or_stress_assumption,all,joint_triangular_l2,joint_triangular_l5,2,0,0,0.0,-406.79395099999965,-593.9475380000003,-219.64036399999895,2,-406.79395099999965,-406.79395099999965,0.0,-219.64036399999895,3.5085915675256567,pointwise paired bootstrap; exploratory and not multiplicity-adjusted,very small stratum,-593.9475380000003,-219.64036399999895
stress,4,stress_design,development,assumption__radius_max__noise_correlated__scale_300,broad_or_stress_assumption,all,joint_triangular_l3,joint_triangular_l5,2,0,0,0.0,-304.7121479999996,-440.9675329999991,-168.45676300000014,2,-304.7121479999996,-304.7121479999996,0.0,-168.45676300000014,2.6307423683320414,pointwise paired bootstrap; exploratory and not multiplicity-adjusted,very small stratum,-440.9675329999991,-168.45676300000014
stress,4,stress_design,development,assumption__radius_max__noise_correlated__scale_300,broad_or_stress_assumption,correlated,joint_triangular_l1,joint_triangular_l5,2,0,0,0.0,-371.29743400000007,-677.1060340000004,-65.48883399999977,2,-371.29743400000007,-371.29743400000007,0.0,-65.48883399999977,3.1130453565289824,pointwise paired bootstrap; exploratory and not multiplicity-adjusted,very small stratum,-677.1060340000004,-65.48883399999977
stress,4,stress_design,development,assumption__radius_max__noise_correlated__scale_300,broad_or_stress_assumption,correlated,joint_triangular_l2,joint_triangular_l5,2,0,0,0.0,-406.79395099999965,-593.9475380000003,-219.64036399999895,2,-406.79395099999965,-406.79395099999965,0.0,-219.64036399999895,3.5085915675256567,pointwise paired bootstrap; exploratory and not multiplicity-adjusted,very small stratum,-593.9475380000003,-219.64036399999895
stress,4,stress_design,development,assumption__radius_max__noise_correlated__scale_300,broad_or_stress_assumption,correlated,joint_triangular_l3,joint_triangular_l5,2,0,0,0.0,-304.7121479999996,-440.9675329999991,-168.45676300000014,2,-304.7121479999996,-304.7121479999996,0.0,-168.45676300000014,2.6307423683320414,pointwise paired bootstrap; exploratory and not multiplicity-adjusted,very small stratum,-440.9675329999991,-168.45676300000014
stress,4,stress_design,all,assumption__radius_max__noise_correlated__scale_75,broad_or_stress_assumption,all,joint_triangular_l1,joint_triangular_l5,4,0,0,0.0,-282.21593625000014,-565.2902240000003,0.8583515000000261,4,-282.21593625000014,-225.1986420000003,0.25,1.7167030000000523,2.4030911006472193,pointwise paired bootstrap; exploratory and not multiplicity-adjusted,very small stratum,-565.2902240000003,0.8583515000000261
stress,4,stress_design,all,assumption__radius_max__noise_correlated__scale_75,broad_or_stress_assumption,all,joint_triangular_l2,joint_triangular_l5,4,0,0,0.0,-201.5090465000003,-430.6806120000001,27.66251899999952,4,-201.5090465000003,-153.7510215000002,0.25,55.32503799999904,1.6829873095442685,pointwise paired bootstrap; exploratory and not multiplicity-adjusted,very small stratum,-430.6806120000001,27.66251899999952
stress,4,stress_design,all,assumption__radius_max__noise_correlated__scale_75,broad_or_stress_assumption,all,joint_triangular_l3,joint_triangular_l5,4,0,0,0.0,-207.38457775000052,-325.7732262499999,-67.08369250000032,4,-207.38457775000052,-229.29681450000135,0.0,0.0,1.8334869108279452,pointwise paired bootstrap; exploratory and not multiplicity-adjusted,very small stratum,-325.7732262499999,-67.08369250000032
stress,4,stress_design,all,assumption__radius_max__noise_correlated__scale_75,broad_or_stress_assumption,correlated,joint_triangular_l1,joint_triangular_l5,4,0,0,0.0,-282.21593625000014,-565.2902240000003,0.8583515000000261,4,-282.21593625000014,-225.1986420000003,0.25,1.7167030000000523,2.4030911006472193,pointwise paired bootstrap; exploratory and not multiplicity-adjusted,very small stratum,-565.2902240000003,0.8583515000000261
stress,4,stress_design,all,assumption__radius_max__noise_correlated__scale_75,broad_or_stress_assumption,correlated,joint_triangular_l2,joint_triangular_l5,4,0,0,0.0,-201.5090465000003,-430.6806120000001,27.66251899999952,4,-201.5090465000003,-153.7510215000002,0.25,55.32503799999904,1.6829873095442685,pointwise paired bootstrap; exploratory and not multiplicity-adjusted,very small stratum,-430.6806120000001,27.66251899999952
stress,4,stress_design,all,assumption__radius_max__noise_correlated__scale_75,broad_or_stress_assumption,correlated,joint_triangular_l3,joint_triangular_l5,4,0,0,0.0,-207.38457775000052,-325.7732262499999,-67.08369250000032,4,-207.38457775000052,-229.29681450000135,0.0,0.0,1.8334869108279452,pointwise paired bootstrap; exploratory and not multiplicity-adjusted,very small stratum,-325.7732262499999,-67.08369250000032
stress,4,stress_design,development,assumption__radius_max__noise_correlated__scale_75,broad_or_stress_assumption,all,joint_triangular_l1,joint_triangular_l5,4,0,0,0.0,-282.21593625000014,-565.2902240000003,0.8583515000000261,4,-282.21593625000014,-225.1986420000003,0.25,1.7167030000000523,2.4030911006472193,pointwise paired bootstrap; exploratory and not multiplicity-adjusted,very small stratum,-565.2902240000003,0.8583515000000261
stress,4,stress_design,development,assumption__radius_max__noise_correlated__scale_75,broad_or_stress_assumption,all,joint_triangular_l2,joint_triangular_l5,4,0,0,0.0,-201.5090465000003,-430.6806120000001,27.66251899999952,4,-201.5090465000003,-153.7510215000002,0.25,55.32503799999904,1.6829873095442685,pointwise paired bootstrap; exploratory and not multiplicity-adjusted,very small stratum,-430.6806120000001,27.66251899999952
stress,4,stress_design,development,assumption__radius_max__noise_correlated__scale_75,broad_or_stress_assumption,all,joint_triangular_l3,joint_triangular_l5,4,0,0,0.0,-207.38457775000052,-325.7732262499999,-67.08369250000032,4,-207.38457775000052,-229.29681450000135,0.0,0.0,1.8334869108279452,pointwise paired bootstrap; exploratory and not multiplicity-adjusted,very small stratum,-325.7732262499999,-67.08369250000032
stress,4,stress_design,development,assumption__radius_max__noise_correlated__scale_75,broad_or_stress_assumption,correlated,joint_triangular_l1,joint_triangular_l5,4,0,0,0.0,-282.21593625000014,-565.2902240000003,0.8583515000000261,4,-282.21593625000014,-225.1986420000003,0.25,1.7167030000000523,2.4030911006472193,pointwise paired bootstrap; exploratory and not multiplicity-adjusted,very small stratum,-565.2902240000003,0.8583515000000261
stress,4,stress_design,development,assumption__radius_max__noise_correlated__scale_75,broad_or_stress_assumption,correlated,joint_triangular_l2,joint_triangular_l5,4,0,0,0.0,-201.5090465000003,-430.6806120000001,27.66251899999952,4,-201.5090465000003,-153.7510215000002,0.25,55.32503799999904,1.6829873095442685,pointwise paired bootstrap; exploratory and not multiplicity-adjusted,very small stratum,-430.6806120000001,27.66251899999952
stress,4,stress_design,development,assumption__radius_max__noise_correlated__scale_75,broad_or_stress_assumption,correlated,joint_triangular_l3,joint_triangular_l5,4,0,0,0.0,-207.38457775000052,-325.7732262499999,-67.08369250000032,4,-207.38457775000052,-229.29681450000135,0.0,0.0,1.8334869108279452,pointwise paired bootstrap; exploratory and not multiplicity-adjusted,very small stratum,-326.261200693749,-67.08369250000032
stress,4,stress_design,all,assumption__radius_max__noise_deterministic__scale_150,broad_or_stress_assumption,all,joint_triangular_l1,joint_triangular_l5,3,0,0,0.0,-567.5394750000008,-799.8912720000008,-340.9841610000003,3,-567.5394750000008,-561.7429920000013,0.0,-340.9841610000003,5.437604207620152,pointwise paired bootstrap; exploratory and not multiplicity-adjusted,very small stratum,-799.8912720000008,-340.9841610000003
stress,4,stress_design,all,assumption__radius_max__noise_deterministic__scale_150,broad_or_stress_assumption,all,joint_triangular_l2,joint_triangular_l5,3,0,0,0.0,-413.6983183333329,-672.9352479999998,-187.28244599999925,3,-413.6983183333329,-380.87726099999963,0.0,-187.28244599999925,3.9423343949643477,pointwise paired bootstrap; exploratory and not multiplicity-adjusted,very small stratum,-672.9352479999998,-187.28244599999925
stress,4,stress_design,all,assumption__radius_max__noise_deterministic__scale_150,broad_or_stress_assumption,all,joint_triangular_l3,joint_triangular_l5,3,0,0,0.0,-402.76294833333304,-484.84446599999865,-261.5311149999998,3,-402.76294833333304,-461.9132640000007,0.0,-261.5311149999998,3.800724977944482,pointwise paired bootstrap; exploratory and not multiplicity-adjusted,very small stratum,-484.84446599999865,-261.5311149999998
stress,4,stress_design,all,assumption__radius_max__noise_deterministic__scale_150,broad_or_stress_assumption,deterministic,joint_triangular_l1,joint_triangular_l5,3,0,0,0.0,-567.5394750000008,-799.8912720000008,-340.9841610000003,3,-567.5394750000008,-561.7429920000013,0.0,-340.9841610000003,5.437604207620152,pointwise paired bootstrap; exploratory and not multiplicity-adjusted,very small stratum,-799.8912720000008,-340.9841610000003
stress,4,stress_design,all,assumption__radius_max__noise_deterministic__scale_150,broad_or_stress_assumption,deterministic,joint_triangular_l2,joint_triangular_l5,3,0,0,0.0,-413.6983183333329,-672.9352479999998,-187.28244599999925,3,-413.6983183333329,-380.87726099999963,0.0,-187.28244599999925,3.9423343949643477,pointwise paired bootstrap; exploratory and not multiplicity-adjusted,very small stratum,-672.9352479999998,-187.28244599999925
stress,4,stress_design,all,assumption__radius_max__noise_deterministic__scale_150,broad_or_stress_assumption,deterministic,joint_triangular_l3,joint_triangular_l5,3,0,0,0.0,-402.76294833333304,-484.84446599999865,-261.5311149999998,3,-402.76294833333304,-461.9132640000007,0.0,-261.5311149999998,3.800724977944482,pointwise paired bootstrap; exploratory and not multiplicity-adjusted,very small stratum,-484.84446599999865,-261.5311149999998
stress,4,stress_design,development,assumption__radius_max__noise_deterministic__scale_150,broad_or_stress_assumption,all,joint_triangular_l1,joint_triangular_l5,3,0,0,0.0,-567.5394750000008,-799.8912720000008,-340.9841610000003,3,-567.5394750000008,-561.7429920000013,0.0,-340.9841610000003,5.437604207620152,pointwise paired bootstrap; exploratory and not multiplicity-adjusted,very small stratum,-799.8912720000008,-340.9841610000003
stress,4,stress_design,development,assumption__radius_max__noise_deterministic__scale_150,broad_or_stress_assumption,all,joint_triangular_l2,joint_triangular_l5,3,0,0,0.0,-413.6983183333329,-672.9352479999998,-187.28244599999925,3,-413.6983183333329,-380.87726099999963,0.0,-187.28244599999925,3.9423343949643477,pointwise paired bootstrap; exploratory and not multiplicity-adjusted,very small stratum,-672.9352479999998,-187.28244599999925
stress,4,stress_design,development,assumption__radius_max__noise_deterministic__scale_150,broad_or_stress_assumption,all,joint_triangular_l3,joint_triangular_l5,3,0,0,0.0,-402.76294833333304,-484.84446599999865,-261.5311149999998,3,-402.76294833333304,-461.9132640000007,0.0,-261.5311149999998,3.800724977944482,pointwise paired bootstrap; exploratory and not multiplicity-adjusted,very small stratum,-484.84446599999865,-261.5311149999998
stress,4,stress_design,development,assumption__radius_max__noise_deterministic__scale_150,broad_or_stress_assumption,deterministic,joint_triangular_l1,joint_triangular_l5,3,0,0,0.0,-567.5394750000008,-799.8912720000008,-340.9841610000003,3,-567.5394750000008,-561.7429920000013,0.0,-340.9841610000003,5.437604207620152,pointwise paired bootstrap; exploratory and not multiplicity-adjusted,very small stratum,-799.8912720000008,-340.9841610000003
stress,4,stress_design,development,assumption__radius_max__noise_deterministic__scale_150,broad_or_stress_assumption,deterministic,joint_triangular_l2,joint_triangular_l5,3,0,0,0.0,-413.6983183333329,-672.9352479999998,-187.28244599999925,3,-413.6983183333329,-380.87726099999963,0.0,-187.28244599999925,3.9423343949643477,pointwise paired bootstrap; exploratory and not multiplicity-adjusted,very small stratum,-672.9352479999998,-187.28244599999925
stress,4,stress_design,development,assumption__radius_max__noise_deterministic__scale_150,broad_or_stress_assumption,deterministic,joint_triangular_l3,joint_triangular_l5,3,0,0,0.0,-402.76294833333304,-484.84446599999865,-261.5311149999998,3,-402.76294833333304,-461.9132640000007,0.0,-261.5311149999998,3.800724977944482,pointwise paired bootstrap; exploratory and not multiplicity-adjusted,very small stratum,-484.84446599999865,-261.5311149999998
stress,4,stress_design,all,assumption__radius_max__noise_deterministic__scale_300,broad_or_stress_assumption,all,joint_triangular_l1,joint_triangular_l5,2,0,0,0.0,-160.37079450000056,-160.82696000000033,-159.9146290000008,2,-160.37079450000056,-160.37079450000056,0.0,-159.9146290000008,1.4971496392680752,pointwise paired bootstrap; exploratory and not multiplicity-adjusted,very small stratum,-160.82696000000033,-159.9146290000008
stress,4,stress_design,all,assumption__radius_max__noise_deterministic__scale_300,broad_or_stress_assumption,all,joint_triangular_l2,joint_triangular_l5,2,0,0,0.0,-124.94112550000045,-135.87507300000107,-114.00717799999984,2,-124.94112550000045,-124.94112550000045,0.0,-114.00717799999984,1.1686689950287321,pointwise paired bootstrap; exploratory and not multiplicity-adjusted,very small stratum,-135.87507300000107,-114.00717799999984
stress,4,stress_design,all,assumption__radius_max__noise_deterministic__scale_300,broad_or_stress_assumption,all,joint_triangular_l3,joint_triangular_l5,2,0,0,0.0,-90.54940450000049,-109.22157400000106,-71.87723499999993,2,-90.54940450000049,-90.54940450000049,0.0,-71.87723499999993,0.849142900287692,pointwise paired bootstrap; exploratory and not multiplicity-adjusted,very small stratum,-109.22157400000106,-71.87723499999993
stress,4,stress_design,all,assumption__radius_max__noise_deterministic__scale_300,broad_or_stress_assumption,deterministic,joint_triangular_l1,joint_triangular_l5,2,0,0,0.0,-160.37079450000056,-160.82696000000033,-159.9146290000008,2,-160.37079450000056,-160.37079450000056,0.0,-159.9146290000008,1.4971496392680752,pointwise paired bootstrap; exploratory and not multiplicity-adjusted,very small stratum,-160.82696000000033,-159.9146290000008
stress,4,stress_design,all,assumption__radius_max__noise_deterministic__scale_300,broad_or_stress_assumption,deterministic,joint_triangular_l2,joint_triangular_l5,2,0,0,0.0,-124.94112550000045,-135.87507300000107,-114.00717799999984,2,-124.94112550000045,-124.94112550000045,0.0,-114.00717799999984,1.1686689950287321,pointwise paired bootstrap; exploratory and not multiplicity-adjusted,very small stratum,-135.87507300000107,-114.00717799999984
stress,4,stress_design,all,assumption__radius_max__noise_deterministic__scale_300,broad_or_stress_assumption,deterministic,joint_triangular_l3,joint_triangular_l5,2,0,0,0.0,-90.54940450000049,-109.22157400000106,-71.87723499999993,2,-90.54940450000049,-90.54940450000049,0.0,-71.87723499999993,0.849142900287692,pointwise paired bootstrap; exploratory and not multiplicity-adjusted,very small stratum,-109.22157400000106,-71.87723499999993
stress,4,stress_design,development,assumption__radius_max__noise_deterministic__scale_300,broad_or_stress_assumption,all,joint_triangular_l1,joint_triangular_l5,2,0,0,0.0,-160.37079450000056,-160.82696000000033,-159.9146290000008,2,-160.37079450000056,-160.37079450000056,0.0,-159.9146290000008,1.4971496392680752,pointwise paired bootstrap; exploratory and not multiplicity-adjusted,very small stratum,-160.82696000000033,-159.9146290000008
stress,4,stress_design,development,assumption__radius_max__noise_deterministic__scale_300,broad_or_stress_assumption,all,joint_triangular_l2,joint_triangular_l5,2,0,0,0.0,-124.94112550000045,-135.87507300000107,-114.00717799999984,2,-124.94112550000045,-124.94112550000045,0.0,-114.00717799999984,1.1686689950287321,pointwise paired bootstrap; exploratory and not multiplicity-adjusted,very small stratum,-135.87507300000107,-114.00717799999984
stress,4,stress_design,development,assumption__radius_max__noise_deterministic__scale_300,broad_or_stress_assumption,all,joint_triangular_l3,joint_triangular_l5,2,0,0,0.0,-90.54940450000049,-109.22157400000106,-71.87723499999993,2,-90.54940450000049,-90.54940450000049,0.0,-71.87723499999993,0.849142900287692,pointwise paired bootstrap; exploratory and not multiplicity-adjusted,very small stratum,-109.22157400000106,-71.87723499999993
stress,4,stress_design,development,assumption__radius_max__noise_deterministic__scale_300,broad_or_stress_assumption,deterministic,joint_triangular_l1,joint_triangular_l5,2,0,0,0.0,-160.37079450000056,-160.82696000000033,-159.9146290000008,2,-160.37079450000056,-160.37079450000056,0.0,-159.9146290000008,1.4971496392680752,pointwise paired bootstrap; exploratory and not multiplicity-adjusted,very small stratum,-160.82696000000033,-159.9146290000008
stress,4,stress_design,development,assumption__radius_max__noise_deterministic__scale_300,broad_or_stress_assumption,deterministic,joint_triangular_l2,joint_triangular_l5,2,0,0,0.0,-124.94112550000045,-135.87507300000107,-114.00717799999984,2,-124.94112550000045,-124.94112550000045,0.0,-114.00717799999984,1.1686689950287321,pointwise paired bootstrap; exploratory and not multiplicity-adjusted,very small stratum,-135.87507300000107,-114.00717799999984
stress,4,stress_design,development,assumption__radius_max__noise_deterministic__scale_300,broad_or_stress_assumption,deterministic,joint_triangular_l3,joint_triangular_l5,2,0,0,0.0,-90.54940450000049,-109.22157400000106,-71.87723499999993,2,-90.54940450000049,-90.54940450000049,0.0,-71.87723499999993,0.849142900287692,pointwise paired bootstrap; exploratory and not multiplicity-adjusted,very small stratum,-109.22157400000106,-71.87723499999993
stress,4,stress_design,all,assumption__radius_max__noise_deterministic__scale_75,broad_or_stress_assumption,all,joint_triangular_l1,joint_triangular_l5,4,0,0,0.0,-444.51396075,-591.6502029999992,-360.3607785000004,4,-444.51396075,-378.56605299999956,0.0,-354.2229890000017,3.992853827264255,pointwise paired bootstrap; exploratory and not multiplicity-adjusted,very small stratum,-591.6502029999992,-360.3607785000004
stress,4,stress_design,all,assumption__radius_max__noise_deterministic__scale_75,broad_or_stress_assumption,all,joint_triangular_l2,joint_triangular_l5,4,0,0,0.0,-358.7452585000001,-522.2987409999996,-257.52590450000025,4,-358.7452585000001,-285.7335084999995,0.0,-254.09972400000152,3.2047744860762872,pointwise paired bootstrap; exploratory and not multiplicity-adjusted,very small stratum,-522.2987409999996,-257.52590450000025
stress,4,stress_design,all,assumption__radius_max__noise_deterministic__scale_75,broad_or_stress_assumption,all,joint_triangular_l3,joint_triangular_l5,4,0,0,0.0,-250.22105850000025,-371.8505949999999,-186.7747685000004,4,-250.22105850000025,-192.03781200000049,0.0,-184.1514790000001,2.232263182957024,pointwise paired bootstrap; exploratory and not multiplicity-adjusted,very small stratum,-371.8505949999999,-186.7747685000004
stress,4,stress_design,all,assumption__radius_max__noise_deterministic__scale_75,broad_or_stress_assumption,deterministic,joint_triangular_l1,joint_triangular_l5,4,0,0,0.0,-444.51396075,-591.6502029999992,-360.3607785000004,4,-444.51396075,-378.56605299999956,0.0,-354.2229890000017,3.992853827264255,pointwise paired bootstrap; exploratory and not multiplicity-adjusted,very small stratum,-591.6502029999992,-360.3607785000004
stress,4,stress_design,all,assumption__radius_max__noise_deterministic__scale_75,broad_or_stress_assumption,deterministic,joint_triangular_l2,joint_triangular_l5,4,0,0,0.0,-358.7452585000001,-522.2987409999996,-257.52590450000025,4,-358.7452585000001,-285.7335084999995,0.0,-254.09972400000152,3.2047744860762872,pointwise paired bootstrap; exploratory and not multiplicity-adjusted,very small stratum,-522.2987409999996,-257.52590450000025
stress,4,stress_design,all,assumption__radius_max__noise_deterministic__scale_75,broad_or_stress_assumption,deterministic,joint_triangular_l3,joint_triangular_l5,4,0,0,0.0,-250.22105850000025,-371.8505949999999,-186.7747685000004,4,-250.22105850000025,-192.03781200000049,0.0,-184.1514790000001,2.232263182957024,pointwise paired bootstrap; exploratory and not multiplicity-adjusted,very small stratum,-371.8505949999999,-186.7747685000004
stress,4,stress_design,development,assumption__radius_max__noise_deterministic__scale_75,broad_or_stress_assumption,all,joint_triangular_l1,joint_triangular_l5,4,0,0,0.0,-444.51396075,-591.6502029999992,-360.3607785000004,4,-444.51396075,-378.56605299999956,0.0,-354.2229890000017,3.992853827264255,pointwise paired bootstrap; exploratory and not multiplicity-adjusted,very small stratum,-591.6502029999992,-360.3607785000004
stress,4,stress_design,development,assumption__radius_max__noise_deterministic__scale_75,broad_or_stress_assumption,all,joint_triangular_l2,joint_triangular_l5,4,0,0,0.0,-358.7452585000001,-522.2987409999996,-257.52590450000025,4,-358.7452585000001,-285.7335084999995,0.0,-254.09972400000152,3.2047744860762872,pointwise paired bootstrap; exploratory and not multiplicity-adjusted,very small stratum,-522.2987409999996,-257.52590450000025
stress,4,stress_design,development,assumption__radius_max__noise_deterministic__scale_75,broad_or_stress_assumption,all,joint_triangular_l3,joint_triangular_l5,4,0,0,0.0,-250.22105850000025,-371.8505949999999,-186.7747685000004,4,-250.22105850000025,-192.03781200000049,0.0,-184.1514790000001,2.232263182957024,pointwise paired bootstrap; exploratory and not multiplicity-adjusted,very small stratum,-371.8505949999999,-186.7747685000004
stress,4,stress_design,development,assumption__radius_max__noise_deterministic__scale_75,broad_or_stress_assumption,deterministic,joint_triangular_l1,joint_triangular_l5,4,0,0,0.0,-444.51396075,-591.6502029999992,-360.3607785000004,4,-444.51396075,-378.56605299999956,0.0,-354.2229890000017,3.992853827264255,pointwise paired bootstrap; exploratory and not multiplicity-adjusted,very small stratum,-591.6502029999992,-360.3607785000004
stress,4,stress_design,development,assumption__radius_max__noise_deterministic__scale_75,broad_or_stress_assumption,deterministic,joint_triangular_l2,joint_triangular_l5,4,0,0,0.0,-358.7452585000001,-522.2987409999996,-257.52590450000025,4,-358.7452585000001,-285.7335084999995,0.0,-254.09972400000152,3.2047744860762872,pointwise paired bootstrap; exploratory and not multiplicity-adjusted,very small stratum,-522.2987409999996,-257.52590450000025
stress,4,stress_design,development,assumption__radius_max__noise_deterministic__scale_75,broad_or_stress_assumption,deterministic,joint_triangular_l3,joint_triangular_l5,4,0,0,0.0,-250.22105850000025,-371.8505949999999,-186.7747685000004,4,-250.22105850000025,-192.03781200000049,0.0,-184.1514790000001,2.232263182957024,pointwise paired bootstrap; exploratory and not multiplicity-adjusted,very small stratum,-371.8505949999999,-186.7747685000004
stress,4,stress_design,all,assumption__radius_max__noise_extreme__scale_150,broad_or_stress_assumption,all,joint_triangular_l1,joint_triangular_l5,2,0,0,0.0,-686.2085174999993,-1124.5965899999992,-247.82044499999938,2,-686.2085174999993,-686.2085174999993,0.0,-247.82044499999938,6.670130534760245,pointwise paired bootstrap; exploratory and not multiplicity-adjusted,very small stratum,-1124.5965899999992,-247.82044499999938
stress,4,stress_design,all,assumption__radius_max__noise_extreme__scale_150,broad_or_stress_assumption,all,joint_triangular_l2,joint_triangular_l5,2,0,0,0.0,-198.22264199999972,-216.21902299999965,-180.2262609999998,2,-198.22264199999972,-198.22264199999972,0.0,-180.2262609999998,1.9645620768971286,pointwise paired bootstrap; exploratory and not multiplicity-adjusted,very small stratum,-216.21902299999965,-180.2262609999998
stress,4,stress_design,all,assumption__radius_max__noise_extreme__scale_150,broad_or_stress_assumption,all,joint_triangular_l3,joint_triangular_l5,2,0,0,0.0,-141.4443584999999,-152.85575400000016,-130.03296299999965,2,-141.4443584999999,-141.4443584999999,0.0,-130.03296299999965,1.4014653352137105,pointwise paired bootstrap; exploratory and not multiplicity-adjusted,very small stratum,-152.85575400000016,-130.03296299999965
stress,4,stress_design,all,assumption__radius_max__noise_extreme__scale_150,broad_or_stress_assumption,extreme,joint_triangular_l1,joint_triangular_l5,2,0,0,0.0,-686.2085174999993,-1124.5965899999992,-247.82044499999938,2,-686.2085174999993,-686.2085174999993,0.0,-247.82044499999938,6.670130534760245,pointwise paired bootstrap; exploratory and not multiplicity-adjusted,very small stratum,-1124.5965899999992,-247.82044499999938
stress,4,stress_design,all,assumption__radius_max__noise_extreme__scale_150,broad_or_stress_assumption,extreme,joint_triangular_l2,joint_triangular_l5,2,0,0,0.0,-198.22264199999972,-216.21902299999965,-180.2262609999998,2,-198.22264199999972,-198.22264199999972,0.0,-180.2262609999998,1.9645620768971286,pointwise paired bootstrap; exploratory and not multiplicity-adjusted,very small stratum,-216.21902299999965,-180.2262609999998
stress,4,stress_design,all,assumption__radius_max__noise_extreme__scale_150,broad_or_stress_assumption,extreme,joint_triangular_l3,joint_triangular_l5,2,0,0,0.0,-141.4443584999999,-152.85575400000016,-130.03296299999965,2,-141.4443584999999,-141.4443584999999,0.0,-130.03296299999965,1.4014653352137105,pointwise paired bootstrap; exploratory and not multiplicity-adjusted,very small stratum,-152.85575400000016,-130.03296299999965
stress,4,stress_design,development,assumption__radius_max__noise_extreme__scale_150,broad_or_stress_assumption,all,joint_triangular_l1,joint_triangular_l5,2,0,0,0.0,-686.2085174999993,-1124.5965899999992,-247.82044499999938,2,-686.2085174999993,-686.2085174999993,0.0,-247.82044499999938,6.670130534760245,pointwise paired bootstrap; exploratory and not multiplicity-adjusted,very small stratum,-1124.5965899999992,-247.82044499999938
stress,4,stress_design,development,assumption__radius_max__noise_extreme__scale_150,broad_or_stress_assumption,all,joint_triangular_l2,joint_triangular_l5,2,0,0,0.0,-198.22264199999972,-216.21902299999965,-180.2262609999998,2,-198.22264199999972,-198.22264199999972,0.0,-180.2262609999998,1.9645620768971286,pointwise paired bootstrap; exploratory and not multiplicity-adjusted,very small stratum,-216.21902299999965,-180.2262609999998
stress,4,stress_design,development,assumption__radius_max__noise_extreme__scale_150,broad_or_stress_assumption,all,joint_triangular_l3,joint_triangular_l5,2,0,0,0.0,-141.4443584999999,-152.85575400000016,-130.03296299999965,2,-141.4443584999999,-141.4443584999999,0.0,-130.03296299999965,1.4014653352137105,pointwise paired bootstrap; exploratory and not multiplicity-adjusted,very small stratum,-152.85575400000016,-130.03296299999965
stress,4,stress_design,development,assumption__radius_max__noise_extreme__scale_150,broad_or_stress_assumption,extreme,joint_triangular_l1,joint_triangular_l5,2,0,0,0.0,-686.2085174999993,-1124.5965899999992,-247.82044499999938,2,-686.2085174999993,-686.2085174999993,0.0,-247.82044499999938,6.670130534760245,pointwise paired bootstrap; exploratory and not multiplicity-adjusted,very small stratum,-1124.5965899999992,-247.82044499999938
stress,4,stress_design,development,assumption__radius_max__noise_extreme__scale_150,broad_or_stress_assumption,extreme,joint_triangular_l2,joint_triangular_l5,2,0,0,0.0,-198.22264199999972,-216.21902299999965,-180.2262609999998,2,-198.22264199999972,-198.22264199999972,0.0,-180.2262609999998,1.9645620768971286,pointwise paired bootstrap; exploratory and not multiplicity-adjusted,very small stratum,-216.21902299999965,-180.2262609999998
stress,4,stress_design,development,assumption__radius_max__noise_extreme__scale_150,broad_or_stress_assumption,extreme,joint_triangular_l3,joint_triangular_l5,2,0,0,0.0,-141.4443584999999,-152.85575400000016,-130.03296299999965,2,-141.4443584999999,-141.4443584999999,0.0,-130.03296299999965,1.4014653352137105,pointwise paired bootstrap; exploratory and not multiplicity-adjusted,very small stratum,-152.85575400000016,-130.03296299999965
stress,4,stress_design,all,assumption__radius_max__noise_extreme__scale_300,broad_or_stress_assumption,all,joint_triangular_l1,joint_triangular_l5,2,0,0,0.0,-483.60024100000055,-485.2130960000013,-481.9873859999998,2,-483.60024100000055,-483.60024100000055,0.0,-481.9873859999998,5.08019457362472,pointwise paired bootstrap; exploratory and not multiplicity-adjusted,very small stratum,-485.2130960000013,-481.9873859999998
stress,4,stress_design,all,assumption__radius_max__noise_extreme__scale_300,broad_or_stress_assumption,all,joint_triangular_l2,joint_triangular_l5,2,0,0,0.0,-274.0049680000002,-370.12153899999976,-177.88839700000062,2,-274.0049680000002,-274.0049680000002,0.0,-177.88839700000062,3.2037913436617904,pointwise paired bootstrap; exploratory and not multiplicity-adjusted,very small stratum,-370.12153899999976,-177.88839700000062
stress,4,stress_design,all,assumption__radius_max__noise_extreme__scale_300,broad_or_stress_assumption,all,joint_triangular_l3,joint_triangular_l5,2,0,0,0.0,-153.14472000000023,-262.44916999999987,-43.8402700000006,2,-153.14472000000023,-153.14472000000023,0.0,-43.8402700000006,1.9770337445780815,pointwise paired bootstrap; exploratory and not multiplicity-adjusted,very small stratum,-262.44916999999987,-43.8402700000006
stress,4,stress_design,all,assumption__radius_max__noise_extreme__scale_300,broad_or_stress_assumption,extreme,joint_triangular_l1,joint_triangular_l5,2,0,0,0.0,-483.60024100000055,-485.2130960000013,-481.9873859999998,2,-483.60024100000055,-483.60024100000055,0.0,-481.9873859999998,5.08019457362472,pointwise paired bootstrap; exploratory and not multiplicity-adjusted,very small stratum,-485.2130960000013,-481.9873859999998
stress,4,stress_design,all,assumption__radius_max__noise_extreme__scale_300,broad_or_stress_assumption,extreme,joint_triangular_l2,joint_triangular_l5,2,0,0,0.0,-274.0049680000002,-370.12153899999976,-177.88839700000062,2,-274.0049680000002,-274.0049680000002,0.0,-177.88839700000062,3.2037913436617904,pointwise paired bootstrap; exploratory and not multiplicity-adjusted,very small stratum,-370.12153899999976,-177.88839700000062
stress,4,stress_design,all,assumption__radius_max__noise_extreme__scale_300,broad_or_stress_assumption,extreme,joint_triangular_l3,joint_triangular_l5,2,0,0,0.0,-153.14472000000023,-262.44916999999987,-43.8402700000006,2,-153.14472000000023,-153.14472000000023,0.0,-43.8402700000006,1.9770337445780815,pointwise paired bootstrap; exploratory and not multiplicity-adjusted,very small stratum,-262.44916999999987,-43.8402700000006
stress,4,stress_design,development,assumption__radius_max__noise_extreme__scale_300,broad_or_stress_assumption,all,joint_triangular_l1,joint_triangular_l5,2,0,0,0.0,-483.60024100000055,-485.2130960000013,-481.9873859999998,2,-483.60024100000055,-483.60024100000055,0.0,-481.9873859999998,5.08019457362472,pointwise paired bootstrap; exploratory and not multiplicity-adjusted,very small stratum,-485.2130960000013,-481.9873859999998
stress,4,stress_design,development,assumption__radius_max__noise_extreme__scale_300,broad_or_stress_assumption,all,joint_triangular_l2,joint_triangular_l5,2,0,0,0.0,-274.0049680000002,-370.12153899999976,-177.88839700000062,2,-274.0049680000002,-274.0049680000002,0.0,-177.88839700000062,3.2037913436617904,pointwise paired bootstrap; exploratory and not multiplicity-adjusted,very small stratum,-370.12153899999976,-177.88839700000062
stress,4,stress_design,development,assumption__radius_max__noise_extreme__scale_300,broad_or_stress_assumption,all,joint_triangular_l3,joint_triangular_l5,2,0,0,0.0,-153.14472000000023,-262.44916999999987,-43.8402700000006,2,-153.14472000000023,-153.14472000000023,0.0,-43.8402700000006,1.9770337445780815,pointwise paired bootstrap; exploratory and not multiplicity-adjusted,very small stratum,-262.44916999999987,-43.8402700000006
stress,4,stress_design,development,assumption__radius_max__noise_extreme__scale_300,broad_or_stress_assumption,extreme,joint_triangular_l1,joint_triangular_l5,2,0,0,0.0,-483.60024100000055,-485.2130960000013,-481.9873859999998,2,-483.60024100000055,-483.60024100000055,0.0,-481.9873859999998,5.08019457362472,pointwise paired bootstrap; exploratory and not multiplicity-adjusted,very small stratum,-485.2130960000013,-481.9873859999998
stress,4,stress_design,development,assumption__radius_max__noise_extreme__scale_300,broad_or_stress_assumption,extreme,joint_triangular_l2,joint_triangular_l5,2,0,0,0.0,-274.0049680000002,-370.12153899999976,-177.88839700000062,2,-274.0049680000002,-274.0049680000002,0.0,-177.88839700000062,3.2037913436617904,pointwise paired bootstrap; exploratory and not multiplicity-adjusted,very small stratum,-370.12153899999976,-177.88839700000062
stress,4,stress_design,development,assumption__radius_max__noise_extreme__scale_300,broad_or_stress_assumption,extreme,joint_triangular_l3,joint_triangular_l5,2,0,0,0.0,-153.14472000000023,-262.44916999999987,-43.8402700000006,2,-153.14472000000023,-153.14472000000023,0.0,-43.8402700000006,1.9770337445780815,pointwise paired bootstrap; exploratory and not multiplicity-adjusted,very small stratum,-262.44916999999987,-43.8402700000006
stress,4,stress_design,all,assumption__radius_max__noise_extreme__scale_75,broad_or_stress_assumption,all,joint_triangular_l1,joint_triangular_l5,4,0,0,0.0,-88.43980749999992,-413.54288149999957,236.66326649999974,4,-88.43980749999992,-79.4074840000003,0.5,262.24304699999993,0.7920023157952436,pointwise paired bootstrap; exploratory and not multiplicity-adjusted,very small stratum,-413.54288149999957,236.66326649999974
stress,4,stress_design,all,assumption__radius_max__noise_extreme__scale_75,broad_or_stress_assumption,all,joint_triangular_l2,joint_triangular_l5,4,0,0,0.0,-264.7848252499998,-899.7457085000001,337.6637237500008,4,-264.7848252499998,-197.3386419999997,0.25,492.7086130000007,2.3397389118742744,pointwise paired bootstrap; exploratory and not multiplicity-adjusted,very small stratum,-899.7457085000001,302.72987475000036
stress,4,stress_design,all,assumption__radius_max__noise_extreme__scale_75,broad_or_stress_assumption,all,joint_triangular_l3,joint_triangular_l5,4,0,0,0.0,-135.29414774999987,-686.5632947499998,395.2140975000002,4,-135.29414774999987,-114.53324599999996,0.25,579.9821090000005,1.2392890923367232,pointwise paired bootstrap; exploratory and not multiplicity-adjusted,very small stratum,-686.5632947499998,395.77105613749717
stress,4,stress_design,all,assumption__radius_max__noise_extreme__scale_75,broad_or_stress_assumption,extreme,joint_triangular_l1,joint_triangular_l5,4,0,0,0.0,-88.43980749999992,-413.54288149999957,236.66326649999974,4,-88.43980749999992,-79.4074840000003,0.5,262.24304699999993,0.7920023157952436,pointwise paired bootstrap; exploratory and not multiplicity-adjusted,very small stratum,-413.54288149999957,236.66326649999974
stress,4,stress_design,all,assumption__radius_max__noise_extreme__scale_75,broad_or_stress_assumption,extreme,joint_triangular_l2,joint_triangular_l5,4,0,0,0.0,-264.7848252499998,-899.7457085000001,302.72987475000036,4,-264.7848252499998,-197.3386419999997,0.25,492.7086130000007,2.3397389118742744,pointwise paired bootstrap; exploratory and not multiplicity-adjusted,very small stratum,-899.7457085000001,302.72987475000036
stress,4,stress_design,all,assumption__radius_max__noise_extreme__scale_75,broad_or_stress_assumption,extreme,joint_triangular_l3,joint_triangular_l5,4,0,0,0.0,-135.29414774999987,-686.5632947499998,395.2140975000002,4,-135.29414774999987,-114.53324599999996,0.25,579.9821090000005,1.2392890923367232,pointwise paired bootstrap; exploratory and not multiplicity-adjusted,very small stratum,-686.5632947499998,395.2140975000002
stress,4,stress_design,development,assumption__radius_max__noise_extreme__scale_75,broad_or_stress_assumption,all,joint_triangular_l1,joint_triangular_l5,4,0,0,0.0,-88.43980749999992,-413.54288149999957,236.66326649999974,4,-88.43980749999992,-79.4074840000003,0.5,262.24304699999993,0.7920023157952436,pointwise paired bootstrap; exploratory and not multiplicity-adjusted,very small stratum,-413.54288149999957,236.66326649999974
stress,4,stress_design,development,assumption__radius_max__noise_extreme__scale_75,broad_or_stress_assumption,all,joint_triangular_l2,joint_triangular_l5,4,0,0,0.0,-264.7848252499998,-899.7457085000001,302.72987475000036,4,-264.7848252499998,-197.3386419999997,0.25,492.7086130000007,2.3397389118742744,pointwise paired bootstrap; exploratory and not multiplicity-adjusted,very small stratum,-899.7457085000001,302.72987475000036
stress,4,stress_design,development,assumption__radius_max__noise_extreme__scale_75,broad_or_stress_assumption,all,joint_triangular_l3,joint_triangular_l5,4,0,0,0.0,-135.29414774999987,-686.5632947499998,395.2140975000002,4,-135.29414774999987,-114.53324599999996,0.25,579.9821090000005,1.2392890923367232,pointwise paired bootstrap; exploratory and not multiplicity-adjusted,very small stratum,-686.5632947499998,395.2140975000002
stress,4,stress_design,development,assumption__radius_max__noise_extreme__scale_75,broad_or_stress_assumption,extreme,joint_triangular_l1,joint_triangular_l5,4,0,0,0.0,-88.43980749999992,-413.54288149999957,236.66326649999974,4,-88.43980749999992,-79.4074840000003,0.5,262.24304699999993,0.7920023157952436,pointwise paired bootstrap; exploratory and not multiplicity-adjusted,very small stratum,-413.54288149999957,236.66326649999974
stress,4,stress_design,development,assumption__radius_max__noise_extreme__scale_75,broad_or_stress_assumption,extreme,joint_triangular_l2,joint_triangular_l5,4,0,0,0.0,-264.7848252499998,-899.7457085000001,302.72987475000036,4,-264.7848252499998,-197.3386419999997,0.25,492.7086130000007,2.3397389118742744,pointwise paired bootstrap; exploratory and not multiplicity-adjusted,very small stratum,-899.7457085000001,302.72987475000036
stress,4,stress_design,development,assumption__radius_max__noise_extreme__scale_75,broad_or_stress_assumption,extreme,joint_triangular_l3,joint_triangular_l5,4,0,0,0.0,-135.29414774999987,-686.5632947499998,395.2140975000002,4,-135.29414774999987,-114.53324599999996,0.25,579.9821090000005,1.2392890923367232,pointwise paired bootstrap; exploratory and not multiplicity-adjusted,very small stratum,-708.8416402500002,395.2140975000002
stress,4,stress_design,all,assumption__radius_min__noise_correlated__scale_150,broad_or_stress_assumption,all,joint_triangular_l1,joint_triangular_l5,2,0,0,0.0,-520.2592274999997,-619.754273999999,-420.76418100000046,2,-520.2592274999997,-520.2592274999997,0.0,-420.76418100000046,4.456230607515237,pointwise paired bootstrap; exploratory and not multiplicity-adjusted,very small stratum,-619.754273999999,-420.76418100000046
stress,4,stress_design,all,assumption__radius_min__noise_correlated__scale_150,broad_or_stress_assumption,all,joint_triangular_l2,joint_triangular_l5,2,0,0,0.0,-393.51353499999914,-445.3408069999987,-341.6862629999996,2,-393.51353499999914,-393.51353499999914,0.0,-341.6862629999996,3.3807903602480116,pointwise paired bootstrap; exploratory and not multiplicity-adjusted,very small stratum,-445.3408069999987,-341.6862629999996
stress,4,stress_design,all,assumption__radius_min__noise_correlated__scale_150,broad_or_stress_assumption,all,joint_triangular_l3,joint_triangular_l5,2,0,0,0.0,-286.5872264999998,-317.46127999999953,-255.7131730000001,2,-286.5872264999998,-286.5872264999998,0.0,-255.7131730000001,2.4651426767263867,pointwise paired bootstrap; exploratory and not multiplicity-adjusted,very small stratum,-317.46127999999953,-255.7131730000001
stress,4,stress_design,all,assumption__radius_min__noise_correlated__scale_150,broad_or_stress_assumption,correlated,joint_triangular_l1,joint_triangular_l5,2,0,0,0.0,-520.2592274999997,-619.754273999999,-420.76418100000046,2,-520.2592274999997,-520.2592274999997,0.0,-420.76418100000046,4.456230607515237,pointwise paired bootstrap; exploratory and not multiplicity-adjusted,very small stratum,-619.754273999999,-420.76418100000046
stress,4,stress_design,all,assumption__radius_min__noise_correlated__scale_150,broad_or_stress_assumption,correlated,joint_triangular_l2,joint_triangular_l5,2,0,0,0.0,-393.51353499999914,-445.3408069999987,-341.6862629999996,2,-393.51353499999914,-393.51353499999914,0.0,-341.6862629999996,3.3807903602480116,pointwise paired bootstrap; exploratory and not multiplicity-adjusted,very small stratum,-445.3408069999987,-341.6862629999996
stress,4,stress_design,all,assumption__radius_min__noise_correlated__scale_150,broad_or_stress_assumption,correlated,joint_triangular_l3,joint_triangular_l5,2,0,0,0.0,-286.5872264999998,-317.46127999999953,-255.7131730000001,2,-286.5872264999998,-286.5872264999998,0.0,-255.7131730000001,2.4651426767263867,pointwise paired bootstrap; exploratory and not multiplicity-adjusted,very small stratum,-317.46127999999953,-255.7131730000001
stress,4,stress_design,development,assumption__radius_min__noise_correlated__scale_150,broad_or_stress_assumption,all,joint_triangular_l1,joint_triangular_l5,2,0,0,0.0,-520.2592274999997,-619.754273999999,-420.76418100000046,2,-520.2592274999997,-520.2592274999997,0.0,-420.76418100000046,4.456230607515237,pointwise paired bootstrap; exploratory and not multiplicity-adjusted,very small stratum,-619.754273999999,-420.76418100000046
stress,4,stress_design,development,assumption__radius_min__noise_correlated__scale_150,broad_or_stress_assumption,all,joint_triangular_l2,joint_triangular_l5,2,0,0,0.0,-393.51353499999914,-445.3408069999987,-341.6862629999996,2,-393.51353499999914,-393.51353499999914,0.0,-341.6862629999996,3.3807903602480116,pointwise paired bootstrap; exploratory and not multiplicity-adjusted,very small stratum,-445.3408069999987,-341.6862629999996
stress,4,stress_design,development,assumption__radius_min__noise_correlated__scale_150,broad_or_stress_assumption,all,joint_triangular_l3,joint_triangular_l5,2,0,0,0.0,-286.5872264999998,-317.46127999999953,-255.7131730000001,2,-286.5872264999998,-286.5872264999998,0.0,-255.7131730000001,2.4651426767263867,pointwise paired bootstrap; exploratory and not multiplicity-adjusted,very small stratum,-317.46127999999953,-255.7131730000001
stress,4,stress_design,development,assumption__radius_min__noise_correlated__scale_150,broad_or_stress_assumption,correlated,joint_triangular_l1,joint_triangular_l5,2,0,0,0.0,-520.2592274999997,-619.754273999999,-420.76418100000046,2,-520.2592274999997,-520.2592274999997,0.0,-420.76418100000046,4.456230607515237,pointwise paired bootstrap; exploratory and not multiplicity-adjusted,very small stratum,-619.754273999999,-420.76418100000046
stress,4,stress_design,development,assumption__radius_min__noise_correlated__scale_150,broad_or_stress_assumption,correlated,joint_triangular_l2,joint_triangular_l5,2,0,0,0.0,-393.51353499999914,-445.3408069999987,-341.6862629999996,2,-393.51353499999914,-393.51353499999914,0.0,-341.6862629999996,3.3807903602480116,pointwise paired bootstrap; exploratory and not multiplicity-adjusted,very small stratum,-445.3408069999987,-341.6862629999996
stress,4,stress_design,development,assumption__radius_min__noise_correlated__scale_150,broad_or_stress_assumption,correlated,joint_triangular_l3,joint_triangular_l5,2,0,0,0.0,-286.5872264999998,-317.46127999999953,-255.7131730000001,2,-286.5872264999998,-286.5872264999998,0.0,-255.7131730000001,2.4651426767263867,pointwise paired bootstrap; exploratory and not multiplicity-adjusted,very small stratum,-317.46127999999953,-255.7131730000001
stress,4,stress_design,all,assumption__radius_min__noise_correlated__scale_300,broad_or_stress_assumption,all,joint_triangular_l1,joint_triangular_l5,3,0,0,0.0,-266.803391666667,-556.8253940000013,165.17558199999985,3,-266.803391666667,-408.7603629999994,0.3333333333333333,165.17558199999985,2.284369432312763,pointwise paired bootstrap; exploratory and not multiplicity-adjusted,very small stratum,-556.8253940000013,165.17558199999985
stress,4,stress_design,all,assumption__radius_min__noise_correlated__scale_300,broad_or_stress_assumption,all,joint_triangular_l2,joint_triangular_l5,3,0,0,0.0,-203.6009416666675,-452.1608060000017,180.3804739999996,3,-203.6009416666675,-339.0224930000004,0.3333333333333333,180.3804739999996,1.718448108687583,pointwise paired bootstrap; exploratory and not multiplicity-adjusted,very small stratum,-452.1608060000017,180.3804739999996
stress,4,stress_design,all,assumption__radius_min__noise_correlated__scale_300,broad_or_stress_assumption,all,joint_triangular_l3,joint_triangular_l5,3,0,0,0.0,-107.95468166666676,-279.8145450000011,214.9478049999998,3,-107.95468166666676,-258.99730499999896,0.3333333333333333,214.9478049999998,0.8637872768341338,pointwise paired bootstrap; exploratory and not multiplicity-adjusted,very small stratum,-279.8145450000011,214.9478049999998
stress,4,stress_design,all,assumption__radius_min__noise_correlated__scale_300,broad_or_stress_assumption,correlated,joint_triangular_l1,joint_triangular_l5,3,0,0,0.0,-266.803391666667,-556.8253940000013,165.17558199999985,3,-266.803391666667,-408.7603629999994,0.3333333333333333,165.17558199999985,2.284369432312763,pointwise paired bootstrap; exploratory and not multiplicity-adjusted,very small stratum,-556.8253940000013,165.17558199999985
stress,4,stress_design,all,assumption__radius_min__noise_correlated__scale_300,broad_or_stress_assumption,correlated,joint_triangular_l2,joint_triangular_l5,3,0,0,0.0,-203.6009416666675,-452.1608060000017,180.3804739999996,3,-203.6009416666675,-339.0224930000004,0.3333333333333333,180.3804739999996,1.718448108687583,pointwise paired bootstrap; exploratory and not multiplicity-adjusted,very small stratum,-452.1608060000017,180.3804739999996
stress,4,stress_design,all,assumption__radius_min__noise_correlated__scale_300,broad_or_stress_assumption,correlated,joint_triangular_l3,joint_triangular_l5,3,0,0,0.0,-107.95468166666676,-279.8145450000011,214.9478049999998,3,-107.95468166666676,-258.99730499999896,0.3333333333333333,214.9478049999998,0.8637872768341338,pointwise paired bootstrap; exploratory and not multiplicity-adjusted,very small stratum,-279.8145450000011,214.9478049999998
stress,4,stress_design,development,assumption__radius_min__noise_correlated__scale_300,broad_or_stress_assumption,all,joint_triangular_l1,joint_triangular_l5,3,0,0,0.0,-266.803391666667,-556.8253940000013,165.17558199999985,3,-266.803391666667,-408.7603629999994,0.3333333333333333,165.17558199999985,2.284369432312763,pointwise paired bootstrap; exploratory and not multiplicity-adjusted,very small stratum,-556.8253940000013,165.17558199999985
stress,4,stress_design,development,assumption__radius_min__noise_correlated__scale_300,broad_or_stress_assumption,all,joint_triangular_l2,joint_triangular_l5,3,0,0,0.0,-203.6009416666675,-452.1608060000017,180.3804739999996,3,-203.6009416666675,-339.0224930000004,0.3333333333333333,180.3804739999996,1.718448108687583,pointwise paired bootstrap; exploratory and not multiplicity-adjusted,very small stratum,-452.1608060000017,180.3804739999996
stress,4,stress_design,development,assumption__radius_min__noise_correlated__scale_300,broad_or_stress_assumption,all,joint_triangular_l3,joint_triangular_l5,3,0,0,0.0,-107.95468166666676,-279.8145450000011,214.9478049999998,3,-107.95468166666676,-258.99730499999896,0.3333333333333333,214.9478049999998,0.8637872768341338,pointwise paired bootstrap; exploratory and not multiplicity-adjusted,very small stratum,-279.8145450000011,214.9478049999998
stress,4,stress_design,development,assumption__radius_min__noise_correlated__scale_300,broad_or_stress_assumption,correlated,joint_triangular_l1,joint_triangular_l5,3,0,0,0.0,-266.803391666667,-556.8253940000013,165.17558199999985,3,-266.803391666667,-408.7603629999994,0.3333333333333333,165.17558199999985,2.284369432312763,pointwise paired bootstrap; exploratory and not multiplicity-adjusted,very small stratum,-556.8253940000013,165.17558199999985
stress,4,stress_design,development,assumption__radius_min__noise_correlated__scale_300,broad_or_stress_assumption,correlated,joint_triangular_l2,joint_triangular_l5,3,0,0,0.0,-203.6009416666675,-452.1608060000017,180.3804739999996,3,-203.6009416666675,-339.0224930000004,0.3333333333333333,180.3804739999996,1.718448108687583,pointwise paired bootstrap; exploratory and not multiplicity-adjusted,very small stratum,-452.1608060000017,180.3804739999996
stress,4,stress_design,development,assumption__radius_min__noise_correlated__scale_300,broad_or_stress_assumption,correlated,joint_triangular_l3,joint_triangular_l5,3,0,0,0.0,-107.95468166666676,-279.8145450000011,214.9478049999998,3,-107.95468166666676,-258.99730499999896,0.3333333333333333,214.9478049999998,0.8637872768341338,pointwise paired bootstrap; exploratory and not multiplicity-adjusted,very small stratum,-279.8145450000011,214.9478049999998
stress,4,stress_design,all,assumption__radius_min__noise_correlated__scale_75,broad_or_stress_assumption,all,joint_triangular_l1,joint_triangular_l5,4,0,0,0.0,-392.1792677499998,-754.8245820000002,-43.058165749999716,4,-392.1792677499998,-378.65505549999943,0.25,114.22731999999996,3.05220682778712,pointwise paired bootstrap; exploratory and not multiplicity-adjusted,very small stratum,-754.8245820000002,-43.058165749999716
stress,4,stress_design,all,assumption__radius_min__noise_correlated__scale_75,broad_or_stress_assumption,all,joint_triangular_l2,joint_triangular_l5,4,0,0,0.0,-403.2042202499997,-677.8713179999995,-128.5371224999999,4,-403.2042202499997,-345.21689499999957,0.0,-126.30685900000026,3.27039420199546,pointwise paired bootstrap; exploratory and not multiplicity-adjusted,very small stratum,-677.8713179999995,-128.5371224999999
stress,4,stress_design,all,assumption__radius_min__noise_correlated__scale_75,broad_or_stress_assumption,all,joint_triangular_l3,joint_triangular_l5,4,0,0,0.0,-302.0148804999999,-449.31618075000006,-145.48229424999954,4,-302.0148804999999,-311.2461665000001,0.0,-68.27492999999959,2.4690447807618607,pointwise paired bootstrap; exploratory and not multiplicity-adjusted,very small stratum,-449.31618075000006,-145.48229424999954
stress,4,stress_design,all,assumption__radius_min__noise_correlated__scale_75,broad_or_stress_assumption,correlated,joint_triangular_l1,joint_triangular_l5,4,0,0,0.0,-392.1792677499998,-754.8245820000002,-43.058165749999716,4,-392.1792677499998,-378.65505549999943,0.25,114.22731999999996,3.05220682778712,pointwise paired bootstrap; exploratory and not multiplicity-adjusted,very small stratum,-754.8245820000002,-43.058165749999716
stress,4,stress_design,all,assumption__radius_min__noise_correlated__scale_75,broad_or_stress_assumption,correlated,joint_triangular_l2,joint_triangular_l5,4,0,0,0.0,-403.2042202499997,-677.8713179999995,-128.5371224999999,4,-403.2042202499997,-345.21689499999957,0.0,-126.30685900000026,3.27039420199546,pointwise paired bootstrap; exploratory and not multiplicity-adjusted,very small stratum,-677.8713179999995,-128.5371224999999
stress,4,stress_design,all,assumption__radius_min__noise_correlated__scale_75,broad_or_stress_assumption,correlated,joint_triangular_l3,joint_triangular_l5,4,0,0,0.0,-302.0148804999999,-449.31618075000006,-145.48229424999954,4,-302.0148804999999,-311.2461665000001,0.0,-68.27492999999959,2.4690447807618607,pointwise paired bootstrap; exploratory and not multiplicity-adjusted,very small stratum,-449.31618075000006,-145.48229424999954
stress,4,stress_design,development,assumption__radius_min__noise_correlated__scale_75,broad_or_stress_assumption,all,joint_triangular_l1,joint_triangular_l5,4,0,0,0.0,-392.1792677499998,-754.8245820000002,-43.058165749999716,4,-392.1792677499998,-378.65505549999943,0.25,114.22731999999996,3.05220682778712,pointwise paired bootstrap; exploratory and not multiplicity-adjusted,very small stratum,-754.8245820000002,-43.058165749999716
stress,4,stress_design,development,assumption__radius_min__noise_correlated__scale_75,broad_or_stress_assumption,all,joint_triangular_l2,joint_triangular_l5,4,0,0,0.0,-403.2042202499997,-677.8713179999995,-128.5371224999999,4,-403.2042202499997,-345.21689499999957,0.0,-126.30685900000026,3.27039420199546,pointwise paired bootstrap; exploratory and not multiplicity-adjusted,very small stratum,-677.8713179999995,-128.5371224999999
stress,4,stress_design,development,assumption__radius_min__noise_correlated__scale_75,broad_or_stress_assumption,all,joint_triangular_l3,joint_triangular_l5,4,0,0,0.0,-302.0148804999999,-449.31618075000006,-145.48229424999954,4,-302.0148804999999,-311.2461665000001,0.0,-68.27492999999959,2.4690447807618607,pointwise paired bootstrap; exploratory and not multiplicity-adjusted,very small stratum,-449.31618075000006,-145.48229424999954
stress,4,stress_design,development,assumption__radius_min__noise_correlated__scale_75,broad_or_stress_assumption,correlated,joint_triangular_l1,joint_triangular_l5,4,0,0,0.0,-392.1792677499998,-754.8245820000002,-43.058165749999716,4,-392.1792677499998,-378.65505549999943,0.25,114.22731999999996,3.05220682778712,pointwise paired bootstrap; exploratory and not multiplicity-adjusted,very small stratum,-754.8245820000002,-43.058165749999716
stress,4,stress_design,development,assumption__radius_min__noise_correlated__scale_75,broad_or_stress_assumption,correlated,joint_triangular_l2,joint_triangular_l5,4,0,0,0.0,-403.2042202499997,-677.8713179999995,-128.5371224999999,4,-403.2042202499997,-345.21689499999957,0.0,-126.30685900000026,3.27039420199546,pointwise paired bootstrap; exploratory and not multiplicity-adjusted,very small stratum,-677.8713179999995,-128.5371224999999
stress,4,stress_design,development,assumption__radius_min__noise_correlated__scale_75,broad_or_stress_assumption,correlated,joint_triangular_l3,joint_triangular_l5,4,0,0,0.0,-302.0148804999999,-449.31618075000006,-145.48229424999954,4,-302.0148804999999,-311.2461665000001,0.0,-68.27492999999959,2.4690447807618607,pointwise paired bootstrap; exploratory and not multiplicity-adjusted,very small stratum,-449.31618075000006,-145.48229424999954
stress,4,stress_design,all,assumption__radius_min__noise_deterministic__scale_150,broad_or_stress_assumption,all,joint_triangular_l1,joint_triangular_l5,4,0,0,0.0,-367.54840225000044,-475.72199575000104,-270.63920450000023,4,-367.54840225000044,-350.1575574999997,0.0,-237.0064770000008,3.288938287952547,pointwise paired bootstrap; exploratory and not multiplicity-adjusted,very small stratum,-475.72199575000104,-270.63920450000023
stress,4,stress_design,all,assumption__radius_min__noise_deterministic__scale_150,broad_or_stress_assumption,all,joint_triangular_l2,joint_triangular_l5,4,0,0,0.0,-296.29046474999996,-375.5443977500008,-207.2017649999998,4,-296.29046474999996,-306.12523149999924,0.0,-171.25482999999986,2.6535989916972014,pointwise paired bootstrap; exploratory and not multiplicity-adjusted,very small stratum,-375.5443977500008,-207.2017649999998
stress,4,stress_design,all,assumption__radius_min__noise_deterministic__scale_150,broad_or_stress_assumption,all,joint_triangular_l3,joint_triangular_l5,4,0,0,0.0,-224.55021075000013,-278.6095970000001,-164.00297025000054,4,-224.55021075000013,-231.03806499999973,0.0,-139.26692800000092,2.0115749043124422,pointwise paired bootstrap; exploratory and not multiplicity-adjusted,very small stratum,-278.69925989999996,-164.00297025000054
stress,4,stress_design,all,assumption__radius_min__noise_deterministic__scale_150,broad_or_stress_assumption,deterministic,joint_triangular_l1,joint_triangular_l5,4,0,0,0.0,-367.54840225000044,-475.72199575000104,-270.63920450000023,4,-367.54840225000044,-350.1575574999997,0.0,-237.0064770000008,3.288938287952547,pointwise paired bootstrap; exploratory and not multiplicity-adjusted,very small stratum,-475.72199575000104,-270.63920450000023
stress,4,stress_design,all,assumption__radius_min__noise_deterministic__scale_150,broad_or_stress_assumption,deterministic,joint_triangular_l2,joint_triangular_l5,4,0,0,0.0,-296.29046474999996,-375.5443977500008,-207.2017649999998,4,-296.29046474999996,-306.12523149999924,0.0,-171.25482999999986,2.6535989916972014,pointwise paired bootstrap; exploratory and not multiplicity-adjusted,very small stratum,-375.5443977500008,-207.2017649999998
stress,4,stress_design,all,assumption__radius_min__noise_deterministic__scale_150,broad_or_stress_assumption,deterministic,joint_triangular_l3,joint_triangular_l5,4,0,0,0.0,-224.55021075000013,-278.6095970000001,-164.00297025000054,4,-224.55021075000013,-231.03806499999973,0.0,-139.26692800000092,2.0115749043124422,pointwise paired bootstrap; exploratory and not multiplicity-adjusted,very small stratum,-278.6095970000001,-164.00297025000054
stress,4,stress_design,development,assumption__radius_min__noise_deterministic__scale_150,broad_or_stress_assumption,all,joint_triangular_l1,joint_triangular_l5,4,0,0,0.0,-367.54840225000044,-475.72199575000104,-270.63920450000023,4,-367.54840225000044,-350.1575574999997,0.0,-237.0064770000008,3.288938287952547,pointwise paired bootstrap; exploratory and not multiplicity-adjusted,very small stratum,-475.72199575000104,-270.63920450000023
stress,4,stress_design,development,assumption__radius_min__noise_deterministic__scale_150,broad_or_stress_assumption,all,joint_triangular_l2,joint_triangular_l5,4,0,0,0.0,-296.29046474999996,-380.003067000001,-207.2017649999998,4,-296.29046474999996,-306.12523149999924,0.0,-171.25482999999986,2.6535989916972014,pointwise paired bootstrap; exploratory and not multiplicity-adjusted,very small stratum,-375.5443977500008,-207.2017649999998
stress,4,stress_design,development,assumption__radius_min__noise_deterministic__scale_150,broad_or_stress_assumption,all,joint_triangular_l3,joint_triangular_l5,4,0,0,0.0,-224.55021075000013,-278.6095970000001,-164.00297025000054,4,-224.55021075000013,-231.03806499999973,0.0,-139.26692800000092,2.0115749043124422,pointwise paired bootstrap; exploratory and not multiplicity-adjusted,very small stratum,-278.6095970000001,-164.00297025000054
stress,4,stress_design,development,assumption__radius_min__noise_deterministic__scale_150,broad_or_stress_assumption,deterministic,joint_triangular_l1,joint_triangular_l5,4,0,0,0.0,-367.54840225000044,-475.72199575000104,-270.63920450000023,4,-367.54840225000044,-350.1575574999997,0.0,-237.0064770000008,3.288938287952547,pointwise paired bootstrap; exploratory and not multiplicity-adjusted,very small stratum,-475.72199575000104,-270.63920450000023
stress,4,stress_design,development,assumption__radius_min__noise_deterministic__scale_150,broad_or_stress_assumption,deterministic,joint_triangular_l2,joint_triangular_l5,4,0,0,0.0,-296.29046474999996,-375.5443977500008,-207.2017649999998,4,-296.29046474999996,-306.12523149999924,0.0,-171.25482999999986,2.6535989916972014,pointwise paired bootstrap; exploratory and not multiplicity-adjusted,very small stratum,-375.5443977500008,-207.2017649999998
stress,4,stress_design,development,assumption__radius_min__noise_deterministic__scale_150,broad_or_stress_assumption,deterministic,joint_triangular_l3,joint_triangular_l5,4,0,0,0.0,-224.55021075000013,-278.6095970000001,-164.00297025000054,4,-224.55021075000013,-231.03806499999973,0.0,-139.26692800000092,2.0115749043124422,pointwise paired bootstrap; exploratory and not multiplicity-adjusted,very small stratum,-278.6095970000001,-164.00297025000054
stress,4,stress_design,all,assumption__radius_min__noise_deterministic__scale_300,broad_or_stress_assumption,all,joint_triangular_l1,joint_triangular_l5,2,0,0,0.0,-438.8400040000006,-598.6724320000012,-279.007576,2,-438.8400040000006,-438.8400040000006,0.0,-279.007576,4.006047819589174,pointwise paired bootstrap; exploratory and not multiplicity-adjusted,very small stratum,-598.6724320000012,-279.007576
stress,4,stress_design,all,assumption__radius_min__noise_deterministic__scale_300,broad_or_stress_assumption,all,joint_triangular_l2,joint_triangular_l5,2,0,0,0.0,-330.81343200000083,-469.4391720000003,-192.18769200000133,2,-330.81343200000083,-330.81343200000083,0.0,-192.18769200000133,3.0231701191041385,pointwise paired bootstrap; exploratory and not multiplicity-adjusted,very small stratum,-469.4391720000003,-192.18769200000133
stress,4,stress_design,all,assumption__radius_min__noise_deterministic__scale_300,broad_or_stress_assumption,all,joint_triangular_l3,joint_triangular_l5,2,0,0,0.0,-242.74048200000016,-327.5890990000007,-157.8918649999996,2,-242.74048200000016,-242.74048200000016,0.0,-157.8918649999996,2.2152686717177916,pointwise paired bootstrap; exploratory and not multiplicity-adjusted,very small stratum,-327.5890990000007,-157.8918649999996
stress,4,stress_design,all,assumption__radius_min__noise_deterministic__scale_300,broad_or_stress_assumption,deterministic,joint_triangular_l1,joint_triangular_l5,2,0,0,0.0,-438.8400040000006,-598.6724320000012,-279.007576,2,-438.8400040000006,-438.8400040000006,0.0,-279.007576,4.006047819589174,pointwise paired bootstrap; exploratory and not multiplicity-adjusted,very small stratum,-598.6724320000012,-279.007576
stress,4,stress_design,all,assumption__radius_min__noise_deterministic__scale_300,broad_or_stress_assumption,deterministic,joint_triangular_l2,joint_triangular_l5,2,0,0,0.0,-330.81343200000083,-469.4391720000003,-192.18769200000133,2,-330.81343200000083,-330.81343200000083,0.0,-192.18769200000133,3.0231701191041385,pointwise paired bootstrap; exploratory and not multiplicity-adjusted,very small stratum,-469.4391720000003,-192.18769200000133
stress,4,stress_design,all,assumption__radius_min__noise_deterministic__scale_300,broad_or_stress_assumption,deterministic,joint_triangular_l3,joint_triangular_l5,2,0,0,0.0,-242.74048200000016,-327.5890990000007,-157.8918649999996,2,-242.74048200000016,-242.74048200000016,0.0,-157.8918649999996,2.2152686717177916,pointwise paired bootstrap; exploratory and not multiplicity-adjusted,very small stratum,-327.5890990000007,-157.8918649999996
stress,4,stress_design,development,assumption__radius_min__noise_deterministic__scale_300,broad_or_stress_assumption,all,joint_triangular_l1,joint_triangular_l5,2,0,0,0.0,-438.8400040000006,-598.6724320000012,-279.007576,2,-438.8400040000006,-438.8400040000006,0.0,-279.007576,4.006047819589174,pointwise paired bootstrap; exploratory and not multiplicity-adjusted,very small stratum,-598.6724320000012,-279.007576
stress,4,stress_design,development,assumption__radius_min__noise_deterministic__scale_300,broad_or_stress_assumption,all,joint_triangular_l2,joint_triangular_l5,2,0,0,0.0,-330.81343200000083,-469.4391720000003,-192.18769200000133,2,-330.81343200000083,-330.81343200000083,0.0,-192.18769200000133,3.0231701191041385,pointwise paired bootstrap; exploratory and not multiplicity-adjusted,very small stratum,-469.4391720000003,-192.18769200000133
stress,4,stress_design,development,assumption__radius_min__noise_deterministic__scale_300,broad_or_stress_assumption,all,joint_triangular_l3,joint_triangular_l5,2,0,0,0.0,-242.74048200000016,-327.5890990000007,-157.8918649999996,2,-242.74048200000016,-242.74048200000016,0.0,-157.8918649999996,2.2152686717177916,pointwise paired bootstrap; exploratory and not multiplicity-adjusted,very small stratum,-327.5890990000007,-157.8918649999996
stress,4,stress_design,development,assumption__radius_min__noise_deterministic__scale_300,broad_or_stress_assumption,deterministic,joint_triangular_l1,joint_triangular_l5,2,0,0,0.0,-438.8400040000006,-598.6724320000012,-279.007576,2,-438.8400040000006,-438.8400040000006,0.0,-279.007576,4.006047819589174,pointwise paired bootstrap; exploratory and not multiplicity-adjusted,very small stratum,-598.6724320000012,-279.007576
stress,4,stress_design,development,assumption__radius_min__noise_deterministic__scale_300,broad_or_stress_assumption,deterministic,joint_triangular_l2,joint_triangular_l5,2,0,0,0.0,-330.81343200000083,-469.4391720000003,-192.18769200000133,2,-330.81343200000083,-330.81343200000083,0.0,-192.18769200000133,3.0231701191041385,pointwise paired bootstrap; exploratory and not multiplicity-adjusted,very small stratum,-469.4391720000003,-192.18769200000133
stress,4,stress_design,development,assumption__radius_min__noise_deterministic__scale_300,broad_or_stress_assumption,deterministic,joint_triangular_l3,joint_triangular_l5,2,0,0,0.0,-242.74048200000016,-327.5890990000007,-157.8918649999996,2,-242.74048200000016,-242.74048200000016,0.0,-157.8918649999996,2.2152686717177916,pointwise paired bootstrap; exploratory and not multiplicity-adjusted,very small stratum,-327.5890990000007,-157.8918649999996
stress,4,stress_design,all,assumption__radius_min__noise_deterministic__scale_75,broad_or_stress_assumption,all,joint_triangular_l1,joint_triangular_l5,3,0,0,0.0,-414.5605713333334,-604.4473010000002,-297.90009699999973,3,-414.5605713333334,-341.3343160000004,0.0,-297.90009699999973,3.646537964057023,pointwise paired bootstrap; exploratory and not multiplicity-adjusted,very small stratum,-604.4473010000002,-297.90009699999973
stress,4,stress_design,all,assumption__radius_min__noise_deterministic__scale_75,broad_or_stress_assumption,all,joint_triangular_l2,joint_triangular_l5,3,0,0,0.0,-342.38006266666645,-465.2095079999999,-273.0821099999994,3,-342.38006266666645,-288.8485700000001,0.0,-273.0821099999994,3.0187698974784443,pointwise paired bootstrap; exploratory and not multiplicity-adjusted,very small stratum,-465.2095079999999,-273.0821099999994
stress,4,stress_design,all,assumption__radius_min__noise_deterministic__scale_75,broad_or_stress_assumption,all,joint_triangular_l3,joint_triangular_l5,3,0,0,0.0,-249.7940720000006,-361.45183500000167,-150.32628099999965,3,-249.7940720000006,-237.60410000000047,0.0,-150.32628099999965,2.1859007789292675,pointwise paired bootstrap; exploratory and not multiplicity-adjusted,very small stratum,-361.45183500000167,-150.32628099999965
stress,4,stress_design,all,assumption__radius_min__noise_deterministic__scale_75,broad_or_stress_assumption,deterministic,joint_triangular_l1,joint_triangular_l5,3,0,0,0.0,-414.5605713333334,-604.4473010000002,-297.90009699999973,3,-414.5605713333334,-341.3343160000004,0.0,-297.90009699999973,3.646537964057023,pointwise paired bootstrap; exploratory and not multiplicity-adjusted,very small stratum,-604.4473010000002,-297.90009699999973
stress,4,stress_design,all,assumption__radius_min__noise_deterministic__scale_75,broad_or_stress_assumption,deterministic,joint_triangular_l2,joint_triangular_l5,3,0,0,0.0,-342.38006266666645,-465.2095079999999,-273.0821099999994,3,-342.38006266666645,-288.8485700000001,0.0,-273.0821099999994,3.0187698974784443,pointwise paired bootstrap; exploratory and not multiplicity-adjusted,very small stratum,-465.2095079999999,-273.0821099999994
stress,4,stress_design,all,assumption__radius_min__noise_deterministic__scale_75,broad_or_stress_assumption,deterministic,joint_triangular_l3,joint_triangular_l5,3,0,0,0.0,-249.7940720000006,-361.45183500000167,-150.32628099999965,3,-249.7940720000006,-237.60410000000047,0.0,-150.32628099999965,2.1859007789292675,pointwise paired bootstrap; exploratory and not multiplicity-adjusted,very small stratum,-361.45183500000167,-150.32628099999965
stress,4,stress_design,development,assumption__radius_min__noise_deterministic__scale_75,broad_or_stress_assumption,all,joint_triangular_l1,joint_triangular_l5,3,0,0,0.0,-414.5605713333334,-604.4473010000002,-297.90009699999973,3,-414.5605713333334,-341.3343160000004,0.0,-297.90009699999973,3.646537964057023,pointwise paired bootstrap; exploratory and not multiplicity-adjusted,very small stratum,-604.4473010000002,-297.90009699999973
stress,4,stress_design,development,assumption__radius_min__noise_deterministic__scale_75,broad_or_stress_assumption,all,joint_triangular_l2,joint_triangular_l5,3,0,0,0.0,-342.38006266666645,-465.2095079999999,-273.0821099999994,3,-342.38006266666645,-288.8485700000001,0.0,-273.0821099999994,3.0187698974784443,pointwise paired bootstrap; exploratory and not multiplicity-adjusted,very small stratum,-465.2095079999999,-273.0821099999994
stress,4,stress_design,development,assumption__radius_min__noise_deterministic__scale_75,broad_or_stress_assumption,all,joint_triangular_l3,joint_triangular_l5,3,0,0,0.0,-249.7940720000006,-361.45183500000167,-150.32628099999965,3,-249.7940720000006,-237.60410000000047,0.0,-150.32628099999965,2.1859007789292675,pointwise paired bootstrap; exploratory and not multiplicity-adjusted,very small stratum,-361.45183500000167,-150.32628099999965
stress,4,stress_design,development,assumption__radius_min__noise_deterministic__scale_75,broad_or_stress_assumption,deterministic,joint_triangular_l1,joint_triangular_l5,3,0,0,0.0,-414.5605713333334,-604.4473010000002,-297.90009699999973,3,-414.5605713333334,-341.3343160000004,0.0,-297.90009699999973,3.646537964057023,pointwise paired bootstrap; exploratory and not multiplicity-adjusted,very small stratum,-604.4473010000002,-297.90009699999973
stress,4,stress_design,development,assumption__radius_min__noise_deterministic__scale_75,broad_or_stress_assumption,deterministic,joint_triangular_l2,joint_triangular_l5,3,0,0,0.0,-342.38006266666645,-465.2095079999999,-273.0821099999994,3,-342.38006266666645,-288.8485700000001,0.0,-273.0821099999994,3.0187698974784443,pointwise paired bootstrap; exploratory and not multiplicity-adjusted,very small stratum,-465.2095079999999,-273.0821099999994
stress,4,stress_design,development,assumption__radius_min__noise_deterministic__scale_75,broad_or_stress_assumption,deterministic,joint_triangular_l3,joint_triangular_l5,3,0,0,0.0,-249.7940720000006,-361.45183500000167,-150.32628099999965,3,-249.7940720000006,-237.60410000000047,0.0,-150.32628099999965,2.1859007789292675,pointwise paired bootstrap; exploratory and not multiplicity-adjusted,very small stratum,-361.45183500000167,-150.32628099999965
stress,4,stress_design,all,assumption__radius_min__noise_extreme__scale_150,broad_or_stress_assumption,all,joint_triangular_l1,joint_triangular_l5,3,0,0,0.0,-277.57547233333327,-419.1566779999994,-171.9628819999998,3,-277.57547233333327,-241.60685700000067,0.0,-171.9628819999998,2.4857055441046714,pointwise paired bootstrap; exploratory and not multiplicity-adjusted,very small stratum,-419.1566779999994,-171.9628819999998
stress,4,stress_design,all,assumption__radius_min__noise_extreme__scale_150,broad_or_stress_assumption,all,joint_triangular_l2,joint_triangular_l5,3,0,0,0.0,-135.94713299999967,-174.98438799999894,-62.22563900000023,3,-135.94713299999967,-170.63137199999983,0.0,-62.22563900000023,1.2683132329131872,pointwise paired bootstrap; exploratory and not multiplicity-adjusted,very small stratum,-174.98438799999894,-62.22563900000023
stress,4,stress_design,all,assumption__radius_min__noise_extreme__scale_150,broad_or_stress_assumption,all,joint_triangular_l3,joint_triangular_l5,3,0,0,0.0,-46.82783033333302,-115.38022499999897,77.97934600000008,3,-46.82783033333302,-103.08261200000015,0.3333333333333333,77.97934600000008,0.4666097517276713,pointwise paired bootstrap; exploratory and not multiplicity-adjusted,very small stratum,-115.38022499999897,77.97934600000008
stress,4,stress_design,all,assumption__radius_min__noise_extreme__scale_150,broad_or_stress_assumption,extreme,joint_triangular_l1,joint_triangular_l5,3,0,0,0.0,-277.57547233333327,-419.1566779999994,-171.9628819999998,3,-277.57547233333327,-241.60685700000067,0.0,-171.9628819999998,2.4857055441046714,pointwise paired bootstrap; exploratory and not multiplicity-adjusted,very small stratum,-419.1566779999994,-171.9628819999998
stress,4,stress_design,all,assumption__radius_min__noise_extreme__scale_150,broad_or_stress_assumption,extreme,joint_triangular_l2,joint_triangular_l5,3,0,0,0.0,-135.94713299999967,-174.98438799999894,-62.22563900000023,3,-135.94713299999967,-170.63137199999983,0.0,-62.22563900000023,1.2683132329131872,pointwise paired bootstrap; exploratory and not multiplicity-adjusted,very small stratum,-174.98438799999894,-62.22563900000023
stress,4,stress_design,all,assumption__radius_min__noise_extreme__scale_150,broad_or_stress_assumption,extreme,joint_triangular_l3,joint_triangular_l5,3,0,0,0.0,-46.82783033333302,-115.38022499999897,77.97934600000008,3,-46.82783033333302,-103.08261200000015,0.3333333333333333,77.97934600000008,0.4666097517276713,pointwise paired bootstrap; exploratory and not multiplicity-adjusted,very small stratum,-115.38022499999897,77.97934600000008
stress,4,stress_design,development,assumption__radius_min__noise_extreme__scale_150,broad_or_stress_assumption,all,joint_triangular_l1,joint_triangular_l5,3,0,0,0.0,-277.57547233333327,-419.1566779999994,-171.9628819999998,3,-277.57547233333327,-241.60685700000067,0.0,-171.9628819999998,2.4857055441046714,pointwise paired bootstrap; exploratory and not multiplicity-adjusted,very small stratum,-419.1566779999994,-171.9628819999998
stress,4,stress_design,development,assumption__radius_min__noise_extreme__scale_150,broad_or_stress_assumption,all,joint_triangular_l2,joint_triangular_l5,3,0,0,0.0,-135.94713299999967,-174.98438799999894,-62.22563900000023,3,-135.94713299999967,-170.63137199999983,0.0,-62.22563900000023,1.2683132329131872,pointwise paired bootstrap; exploratory and not multiplicity-adjusted,very small stratum,-174.98438799999894,-62.22563900000023
stress,4,stress_design,development,assumption__radius_min__noise_extreme__scale_150,broad_or_stress_assumption,all,joint_triangular_l3,joint_triangular_l5,3,0,0,0.0,-46.82783033333302,-115.38022499999897,77.97934600000008,3,-46.82783033333302,-103.08261200000015,0.3333333333333333,77.97934600000008,0.4666097517276713,pointwise paired bootstrap; exploratory and not multiplicity-adjusted,very small stratum,-115.38022499999897,77.97934600000008
stress,4,stress_design,development,assumption__radius_min__noise_extreme__scale_150,broad_or_stress_assumption,extreme,joint_triangular_l1,joint_triangular_l5,3,0,0,0.0,-277.57547233333327,-419.1566779999994,-171.9628819999998,3,-277.57547233333327,-241.60685700000067,0.0,-171.9628819999998,2.4857055441046714,pointwise paired bootstrap; exploratory and not multiplicity-adjusted,very small stratum,-419.1566779999994,-171.9628819999998
stress,4,stress_design,development,assumption__radius_min__noise_extreme__scale_150,broad_or_stress_assumption,extreme,joint_triangular_l2,joint_triangular_l5,3,0,0,0.0,-135.94713299999967,-174.98438799999894,-62.22563900000023,3,-135.94713299999967,-170.63137199999983,0.0,-62.22563900000023,1.2683132329131872,pointwise paired bootstrap; exploratory and not multiplicity-adjusted,very small stratum,-174.98438799999894,-62.22563900000023
stress,4,stress_design,development,assumption__radius_min__noise_extreme__scale_150,broad_or_stress_assumption,extreme,joint_triangular_l3,joint_triangular_l5,3,0,0,0.0,-46.82783033333302,-115.38022499999897,77.97934600000008,3,-46.82783033333302,-103.08261200000015,0.3333333333333333,77.97934600000008,0.4666097517276713,pointwise paired bootstrap; exploratory and not multiplicity-adjusted,very small stratum,-115.38022499999897,77.97934600000008
stress,4,stress_design,all,assumption__radius_min__noise_extreme__scale_300,broad_or_stress_assumption,all,joint_triangular_l1,joint_triangular_l5,2,0,0,0.0,190.98677849999967,-897.6268940000009,1279.6004510000002,2,190.98677849999967,190.98677849999967,0.5,1279.6004510000002,-1.9090181903497614,pointwise paired bootstrap; exploratory and not multiplicity-adjusted,very small stratum,-897.6268940000009,1279.6004510000002
stress,4,stress_design,all,assumption__radius_min__noise_extreme__scale_300,broad_or_stress_assumption,all,joint_triangular_l2,joint_triangular_l5,2,0,0,0.0,-151.76642400000037,-313.21277499999997,9.679926999999225,2,-151.76642400000037,-151.76642400000037,0.5,9.679926999999225,1.2879608470727577,pointwise paired bootstrap; exploratory and not multiplicity-adjusted,very small stratum,-313.21277499999997,9.679926999999225
stress,4,stress_design,all,assumption__radius_min__noise_extreme__scale_300,broad_or_stress_assumption,all,joint_triangular_l3,joint_triangular_l5,2,0,0,0.0,-212.25635650000095,-218.43751500000144,-206.07519800000046,2,-212.25635650000095,-212.25635650000095,0.0,-206.07519800000046,1.8530637845629088,pointwise paired bootstrap; exploratory and not multiplicity-adjusted,very small stratum,-218.43751500000144,-206.07519800000046
stress,4,stress_design,all,assumption__radius_min__noise_extreme__scale_300,broad_or_stress_assumption,extreme,joint_triangular_l1,joint_triangular_l5,2,0,0,0.0,190.98677849999967,-897.6268940000009,1279.6004510000002,2,190.98677849999967,190.98677849999967,0.5,1279.6004510000002,-1.9090181903497614,pointwise paired bootstrap; exploratory and not multiplicity-adjusted,very small stratum,-897.6268940000009,1279.6004510000002
stress,4,stress_design,all,assumption__radius_min__noise_extreme__scale_300,broad_or_stress_assumption,extreme,joint_triangular_l2,joint_triangular_l5,2,0,0,0.0,-151.76642400000037,-313.21277499999997,9.679926999999225,2,-151.76642400000037,-151.76642400000037,0.5,9.679926999999225,1.2879608470727577,pointwise paired bootstrap; exploratory and not multiplicity-adjusted,very small stratum,-313.21277499999997,9.679926999999225
stress,4,stress_design,all,assumption__radius_min__noise_extreme__scale_300,broad_or_stress_assumption,extreme,joint_triangular_l3,joint_triangular_l5,2,0,0,0.0,-212.25635650000095,-218.43751500000144,-206.07519800000046,2,-212.25635650000095,-212.25635650000095,0.0,-206.07519800000046,1.8530637845629088,pointwise paired bootstrap; exploratory and not multiplicity-adjusted,very small stratum,-218.43751500000144,-206.07519800000046
stress,4,stress_design,development,assumption__radius_min__noise_extreme__scale_300,broad_or_stress_assumption,all,joint_triangular_l1,joint_triangular_l5,2,0,0,0.0,190.98677849999967,-897.6268940000009,1279.6004510000002,2,190.98677849999967,190.98677849999967,0.5,1279.6004510000002,-1.9090181903497614,pointwise paired bootstrap; exploratory and not multiplicity-adjusted,very small stratum,-897.6268940000009,1279.6004510000002
stress,4,stress_design,development,assumption__radius_min__noise_extreme__scale_300,broad_or_stress_assumption,all,joint_triangular_l2,joint_triangular_l5,2,0,0,0.0,-151.76642400000037,-313.21277499999997,9.679926999999225,2,-151.76642400000037,-151.76642400000037,0.5,9.679926999999225,1.2879608470727577,pointwise paired bootstrap; exploratory and not multiplicity-adjusted,very small stratum,-313.21277499999997,9.679926999999225
stress,4,stress_design,development,assumption__radius_min__noise_extreme__scale_300,broad_or_stress_assumption,all,joint_triangular_l3,joint_triangular_l5,2,0,0,0.0,-212.25635650000095,-218.43751500000144,-206.07519800000046,2,-212.25635650000095,-212.25635650000095,0.0,-206.07519800000046,1.8530637845629088,pointwise paired bootstrap; exploratory and not multiplicity-adjusted,very small stratum,-218.43751500000144,-206.07519800000046
stress,4,stress_design,development,assumption__radius_min__noise_extreme__scale_300,broad_or_stress_assumption,extreme,joint_triangular_l1,joint_triangular_l5,2,0,0,0.0,190.98677849999967,-897.6268940000009,1279.6004510000002,2,190.98677849999967,190.98677849999967,0.5,1279.6004510000002,-1.9090181903497614,pointwise paired bootstrap; exploratory and not multiplicity-adjusted,very small stratum,-897.6268940000009,1279.6004510000002
stress,4,stress_design,development,assumption__radius_min__noise_extreme__scale_300,broad_or_stress_assumption,extreme,joint_triangular_l2,joint_triangular_l5,2,0,0,0.0,-151.76642400000037,-313.21277499999997,9.679926999999225,2,-151.76642400000037,-151.76642400000037,0.5,9.679926999999225,1.2879608470727577,pointwise paired bootstrap; exploratory and not multiplicity-adjusted,very small stratum,-313.21277499999997,9.679926999999225
stress,4,stress_design,development,assumption__radius_min__noise_extreme__scale_300,broad_or_stress_assumption,extreme,joint_triangular_l3,joint_triangular_l5,2,0,0,0.0,-212.25635650000095,-218.43751500000144,-206.07519800000046,2,-212.25635650000095,-212.25635650000095,0.0,-206.07519800000046,1.8530637845629088,pointwise paired bootstrap; exploratory and not multiplicity-adjusted,very small stratum,-218.43751500000144,-206.07519800000046
stress,4,stress_design,all,assumption__radius_min__noise_extreme__scale_75,broad_or_stress_assumption,all,joint_triangular_l1,joint_triangular_l5,3,0,0,0.0,-53.79637699999936,-131.95133899999928,27.238467000001037,3,-53.79637699999936,-56.676258999999845,0.3333333333333333,27.238467000001037,0.5133004714076681,pointwise paired bootstrap; exploratory and not multiplicity-adjusted,very small stratum,-131.95133899999928,27.238467000001037
stress,4,stress_design,all,assumption__radius_min__noise_extreme__scale_75,broad_or_stress_assumption,all,joint_triangular_l2,joint_triangular_l5,3,0,0,0.0,-31.593891999999567,-107.18284499999936,33.25878900000134,3,-31.593891999999567,-20.85762000000068,0.3333333333333333,33.25878900000134,0.2928595004978476,pointwise paired bootstrap; exploratory and not multiplicity-adjusted,very small stratum,-107.18284499999936,33.25878900000134
stress,4,stress_design,all,assumption__radius_min__noise_extreme__scale_75,broad_or_stress_assumption,all,joint_triangular_l3,joint_triangular_l5,3,0,0,0.0,-24.04638366666586,-37.63018699999884,0.15249400000175228,3,-24.04638366666586,-34.66145800000049,0.3333333333333333,0.15249400000175228,0.2353651871754289,pointwise paired bootstrap; exploratory and not multiplicity-adjusted,very small stratum,-37.63018699999884,0.15249400000175228
stress,4,stress_design,all,assumption__radius_min__noise_extreme__scale_75,broad_or_stress_assumption,extreme,joint_triangular_l1,joint_triangular_l5,3,0,0,0.0,-53.79637699999936,-131.95133899999928,27.238467000001037,3,-53.79637699999936,-56.676258999999845,0.3333333333333333,27.238467000001037,0.5133004714076681,pointwise paired bootstrap; exploratory and not multiplicity-adjusted,very small stratum,-131.95133899999928,27.238467000001037
stress,4,stress_design,all,assumption__radius_min__noise_extreme__scale_75,broad_or_stress_assumption,extreme,joint_triangular_l2,joint_triangular_l5,3,0,0,0.0,-31.593891999999567,-107.18284499999936,33.25878900000134,3,-31.593891999999567,-20.85762000000068,0.3333333333333333,33.25878900000134,0.2928595004978476,pointwise paired bootstrap; exploratory and not multiplicity-adjusted,very small stratum,-107.18284499999936,33.25878900000134
stress,4,stress_design,all,assumption__radius_min__noise_extreme__scale_75,broad_or_stress_assumption,extreme,joint_triangular_l3,joint_triangular_l5,3,0,0,0.0,-24.04638366666586,-37.63018699999884,0.15249400000175228,3,-24.04638366666586,-34.66145800000049,0.3333333333333333,0.15249400000175228,0.2353651871754289,pointwise paired bootstrap; exploratory and not multiplicity-adjusted,very small stratum,-37.63018699999884,0.15249400000175228
stress,4,stress_design,development,assumption__radius_min__noise_extreme__scale_75,broad_or_stress_assumption,all,joint_triangular_l1,joint_triangular_l5,3,0,0,0.0,-53.79637699999936,-131.95133899999928,27.238467000001037,3,-53.79637699999936,-56.676258999999845,0.3333333333333333,27.238467000001037,0.5133004714076681,pointwise paired bootstrap; exploratory and not multiplicity-adjusted,very small stratum,-131.95133899999928,27.238467000001037
stress,4,stress_design,development,assumption__radius_min__noise_extreme__scale_75,broad_or_stress_assumption,all,joint_triangular_l2,joint_triangular_l5,3,0,0,0.0,-31.593891999999567,-107.18284499999936,33.25878900000134,3,-31.593891999999567,-20.85762000000068,0.3333333333333333,33.25878900000134,0.2928595004978476,pointwise paired bootstrap; exploratory and not multiplicity-adjusted,very small stratum,-107.18284499999936,33.25878900000134
stress,4,stress_design,development,assumption__radius_min__noise_extreme__scale_75,broad_or_stress_assumption,all,joint_triangular_l3,joint_triangular_l5,3,0,0,0.0,-24.04638366666586,-37.63018699999884,0.15249400000175228,3,-24.04638366666586,-34.66145800000049,0.3333333333333333,0.15249400000175228,0.2353651871754289,pointwise paired bootstrap; exploratory and not multiplicity-adjusted,very small stratum,-37.63018699999884,0.15249400000175228
stress,4,stress_design,development,assumption__radius_min__noise_extreme__scale_75,broad_or_stress_assumption,extreme,joint_triangular_l1,joint_triangular_l5,3,0,0,0.0,-53.79637699999936,-131.95133899999928,27.238467000001037,3,-53.79637699999936,-56.676258999999845,0.3333333333333333,27.238467000001037,0.5133004714076681,pointwise paired bootstrap; exploratory and not multiplicity-adjusted,very small stratum,-131.95133899999928,27.238467000001037
stress,4,stress_design,development,assumption__radius_min__noise_extreme__scale_75,broad_or_stress_assumption,extreme,joint_triangular_l2,joint_triangular_l5,3,0,0,0.0,-31.593891999999567,-107.18284499999936,33.25878900000134,3,-31.593891999999567,-20.85762000000068,0.3333333333333333,33.25878900000134,0.2928595004978476,pointwise paired bootstrap; exploratory and not multiplicity-adjusted,very small stratum,-107.18284499999936,33.25878900000134
stress,4,stress_design,development,assumption__radius_min__noise_extreme__scale_75,broad_or_stress_assumption,extreme,joint_triangular_l3,joint_triangular_l5,3,0,0,0.0,-24.04638366666586,-37.63018699999884,0.15249400000175228,3,-24.04638366666586,-34.66145800000049,0.3333333333333333,0.15249400000175228,0.2353651871754289,pointwise paired bootstrap; exploratory and not multiplicity-adjusted,very small stratum,-37.63018699999884,0.15249400000175228
stress,4,stress_design,all,assumption__radius_mixed__noise_correlated__scale_150,broad_or_stress_assumption,all,joint_triangular_l1,joint_triangular_l5,3,0,0,0.0,-89.08571566666554,-606.230927999999,334.56255300000157,3,-89.08571566666554,4.411228000000847,0.6666666666666666,334.56255300000157,0.6135822788598428,pointwise paired bootstrap; exploratory and not multiplicity-adjusted,very small stratum,-606.230927999999,334.56255300000157
stress,4,stress_design,all,assumption__radius_mixed__noise_correlated__scale_150,broad_or_stress_assumption,all,joint_triangular_l2,joint_triangular_l5,3,0,0,0.0,-260.9830076666664,-488.8438669999996,-19.285744000000705,3,-260.9830076666664,-274.8194119999989,0.0,-19.285744000000705,2.378732978247355,pointwise paired bootstrap; exploratory and not multiplicity-adjusted,very small stratum,-488.8438669999996,-19.285744000000705
stress,4,stress_design,all,assumption__radius_mixed__noise_correlated__scale_150,broad_or_stress_assumption,all,joint_triangular_l3,joint_triangular_l5,3,0,0,0.0,-138.0747429999998,-262.1706359999989,14.4674959999993,3,-138.0747429999998,-166.52108899999985,0.3333333333333333,14.4674959999993,1.2514391090469417,pointwise paired bootstrap; exploratory and not multiplicity-adjusted,very small stratum,-262.1706359999989,14.4674959999993
stress,4,stress_design,all,assumption__radius_mixed__noise_correlated__scale_150,broad_or_stress_assumption,correlated,joint_triangular_l1,joint_triangular_l5,3,0,0,0.0,-89.08571566666554,-606.230927999999,334.56255300000157,3,-89.08571566666554,4.411228000000847,0.6666666666666666,334.56255300000157,0.6135822788598428,pointwise paired bootstrap; exploratory and not multiplicity-adjusted,very small stratum,-606.230927999999,334.56255300000157
stress,4,stress_design,all,assumption__radius_mixed__noise_correlated__scale_150,broad_or_stress_assumption,correlated,joint_triangular_l2,joint_triangular_l5,3,0,0,0.0,-260.9830076666664,-488.8438669999996,-19.285744000000705,3,-260.9830076666664,-274.8194119999989,0.0,-19.285744000000705,2.378732978247355,pointwise paired bootstrap; exploratory and not multiplicity-adjusted,very small stratum,-488.8438669999996,-19.285744000000705
stress,4,stress_design,all,assumption__radius_mixed__noise_correlated__scale_150,broad_or_stress_assumption,correlated,joint_triangular_l3,joint_triangular_l5,3,0,0,0.0,-138.0747429999998,-262.1706359999989,14.4674959999993,3,-138.0747429999998,-166.52108899999985,0.3333333333333333,14.4674959999993,1.2514391090469417,pointwise paired bootstrap; exploratory and not multiplicity-adjusted,very small stratum,-262.1706359999989,14.4674959999993
stress,4,stress_design,development,assumption__radius_mixed__noise_correlated__scale_150,broad_or_stress_assumption,all,joint_triangular_l1,joint_triangular_l5,3,0,0,0.0,-89.08571566666554,-606.230927999999,334.56255300000157,3,-89.08571566666554,4.411228000000847,0.6666666666666666,334.56255300000157,0.6135822788598428,pointwise paired bootstrap; exploratory and not multiplicity-adjusted,very small stratum,-606.230927999999,334.56255300000157
stress,4,stress_design,development,assumption__radius_mixed__noise_correlated__scale_150,broad_or_stress_assumption,all,joint_triangular_l2,joint_triangular_l5,3,0,0,0.0,-260.9830076666664,-488.8438669999996,-19.285744000000705,3,-260.9830076666664,-274.8194119999989,0.0,-19.285744000000705,2.378732978247355,pointwise paired bootstrap; exploratory and not multiplicity-adjusted,very small stratum,-488.8438669999996,-19.285744000000705
stress,4,stress_design,development,assumption__radius_mixed__noise_correlated__scale_150,broad_or_stress_assumption,all,joint_triangular_l3,joint_triangular_l5,3,0,0,0.0,-138.0747429999998,-262.1706359999989,14.4674959999993,3,-138.0747429999998,-166.52108899999985,0.3333333333333333,14.4674959999993,1.2514391090469417,pointwise paired bootstrap; exploratory and not multiplicity-adjusted,very small stratum,-262.1706359999989,14.4674959999993
stress,4,stress_design,development,assumption__radius_mixed__noise_correlated__scale_150,broad_or_stress_assumption,correlated,joint_triangular_l1,joint_triangular_l5,3,0,0,0.0,-89.08571566666554,-606.230927999999,334.56255300000157,3,-89.08571566666554,4.411228000000847,0.6666666666666666,334.56255300000157,0.6135822788598428,pointwise paired bootstrap; exploratory and not multiplicity-adjusted,very small stratum,-407.7722272999901,334.56255300000157
stress,4,stress_design,development,assumption__radius_mixed__noise_correlated__scale_150,broad_or_stress_assumption,correlated,joint_triangular_l2,joint_triangular_l5,3,0,0,0.0,-260.9830076666664,-488.8438669999996,-19.285744000000705,3,-260.9830076666664,-274.8194119999989,0.0,-19.285744000000705,2.378732978247355,pointwise paired bootstrap; exploratory and not multiplicity-adjusted,very small stratum,-488.8438669999996,-19.285744000000705
stress,4,stress_design,development,assumption__radius_mixed__noise_correlated__scale_150,broad_or_stress_assumption,correlated,joint_triangular_l3,joint_triangular_l5,3,0,0,0.0,-138.0747429999998,-262.1706359999989,14.4674959999993,3,-138.0747429999998,-166.52108899999985,0.3333333333333333,14.4674959999993,1.2514391090469417,pointwise paired bootstrap; exploratory and not multiplicity-adjusted,very small stratum,-262.1706359999989,14.4674959999993
stress,4,stress_design,all,assumption__radius_mixed__noise_correlated__scale_300,broad_or_stress_assumption,all,joint_triangular_l1,joint_triangular_l5,3,0,0,0.0,-746.3892469999997,-973.8770139999997,-483.0756359999996,3,-746.3892469999997,-782.215091,0.0,-483.0756359999996,6.464761900634762,pointwise paired bootstrap; exploratory and not multiplicity-adjusted,very small stratum,-973.8770139999997,-580.2959588750133
stress,4,stress_design,all,assumption__radius_mixed__noise_correlated__scale_300,broad_or_stress_assumption,all,joint_triangular_l2,joint_triangular_l5,3,0,0,0.0,-495.45211800000044,-796.8783340000009,-43.15891600000032,3,-495.45211800000044,-646.3191040000002,0.0,-43.15891600000032,4.081778782410573,pointwise paired bootstrap; exploratory and not multiplicity-adjusted,very small stratum,-796.8783340000009,-43.15891600000032
stress,4,stress_design,all,assumption__radius_mixed__noise_correlated__scale_300,broad_or_stress_assumption,all,joint_triangular_l3,joint_triangular_l5,3,0,0,0.0,-511.8473219999996,-595.6106020000007,-430.12774399999944,3,-511.8473219999996,-509.8036199999988,0.0,-430.12774399999944,4.569211667378341,pointwise paired bootstrap; exploratory and not multiplicity-adjusted,very small stratum,-595.6106020000007,-430.12774399999944
stress,4,stress_design,all,assumption__radius_mixed__noise_correlated__scale_300,broad_or_stress_assumption,correlated,joint_triangular_l1,joint_triangular_l5,3,0,0,0.0,-746.3892469999997,-973.8770139999997,-483.0756359999996,3,-746.3892469999997,-782.215091,0.0,-483.0756359999996,6.464761900634762,pointwise paired bootstrap; exploratory and not multiplicity-adjusted,very small stratum,-973.8770139999997,-483.0756359999996
stress,4,stress_design,all,assumption__radius_mixed__noise_correlated__scale_300,broad_or_stress_assumption,correlated,joint_triangular_l2,joint_triangular_l5,3,0,0,0.0,-495.45211800000044,-796.8783340000009,-43.15891600000032,3,-495.45211800000044,-646.3191040000002,0.0,-43.15891600000032,4.081778782410573,pointwise paired bootstrap; exploratory and not multiplicity-adjusted,very small stratum,-796.8783340000009,-43.15891600000032
stress,4,stress_design,all,assumption__radius_mixed__noise_correlated__scale_300,broad_or_stress_assumption,correlated,joint_triangular_l3,joint_triangular_l5,3,0,0,0.0,-511.8473219999996,-595.6106020000007,-430.12774399999944,3,-511.8473219999996,-509.8036199999988,0.0,-430.12774399999944,4.569211667378341,pointwise paired bootstrap; exploratory and not multiplicity-adjusted,very small stratum,-595.6106020000007,-430.12774399999944
stress,4,stress_design,development,assumption__radius_mixed__noise_correlated__scale_300,broad_or_stress_assumption,all,joint_triangular_l1,joint_triangular_l5,3,0,0,0.0,-746.3892469999997,-973.8770139999997,-483.0756359999996,3,-746.3892469999997,-782.215091,0.0,-483.0756359999996,6.464761900634762,pointwise paired bootstrap; exploratory and not multiplicity-adjusted,very small stratum,-973.8770139999997,-483.0756359999996
stress,4,stress_design,development,assumption__radius_mixed__noise_correlated__scale_300,broad_or_stress_assumption,all,joint_triangular_l2,joint_triangular_l5,3,0,0,0.0,-495.45211800000044,-796.8783340000009,-43.15891600000032,3,-495.45211800000044,-646.3191040000002,0.0,-43.15891600000032,4.081778782410573,pointwise paired bootstrap; exploratory and not multiplicity-adjusted,very small stratum,-796.8783340000009,-43.15891600000032
stress,4,stress_design,development,assumption__radius_mixed__noise_correlated__scale_300,broad_or_stress_assumption,all,joint_triangular_l3,joint_triangular_l5,3,0,0,0.0,-511.8473219999996,-595.6106020000007,-430.12774399999944,3,-511.8473219999996,-509.8036199999988,0.0,-430.12774399999944,4.569211667378341,pointwise paired bootstrap; exploratory and not multiplicity-adjusted,very small stratum,-595.6106020000007,-430.12774399999944
stress,4,stress_design,development,assumption__radius_mixed__noise_correlated__scale_300,broad_or_stress_assumption,correlated,joint_triangular_l1,joint_triangular_l5,3,0,0,0.0,-746.3892469999997,-973.8770139999997,-483.0756359999996,3,-746.3892469999997,-782.215091,0.0,-483.0756359999996,6.464761900634762,pointwise paired bootstrap; exploratory and not multiplicity-adjusted,very small stratum,-973.8770139999997,-483.0756359999996
stress,4,stress_design,development,assumption__radius_mixed__noise_correlated__scale_300,broad_or_stress_assumption,correlated,joint_triangular_l2,joint_triangular_l5,3,0,0,0.0,-495.45211800000044,-796.8783340000009,-43.15891600000032,3,-495.45211800000044,-646.3191040000002,0.0,-43.15891600000032,4.081778782410573,pointwise paired bootstrap; exploratory and not multiplicity-adjusted,very small stratum,-796.8783340000009,-43.15891600000032
stress,4,stress_design,development,assumption__radius_mixed__noise_correlated__scale_300,broad_or_stress_assumption,correlated,joint_triangular_l3,joint_triangular_l5,3,0,0,0.0,-511.8473219999996,-595.6106020000007,-430.12774399999944,3,-511.8473219999996,-509.8036199999988,0.0,-430.12774399999944,4.569211667378341,pointwise paired bootstrap; exploratory and not multiplicity-adjusted,very small stratum,-595.6106020000007,-430.12774399999944
stress,4,stress_design,all,assumption__radius_mixed__noise_correlated__scale_75,broad_or_stress_assumption,all,joint_triangular_l1,joint_triangular_l5,3,0,0,0.0,-885.3510503333331,-1198.5599940000002,-654.3496770000002,3,-885.3510503333331,-803.1434799999988,0.0,-654.3496770000002,9.223203623767283,pointwise paired bootstrap; exploratory and not multiplicity-adjusted,very small stratum,-1198.5599940000002,-654.3496770000002
stress,4,stress_design,all,assumption__radius_mixed__noise_correlated__scale_75,broad_or_stress_assumption,all,joint_triangular_l2,joint_triangular_l5,3,0,0,0.0,-603.5492166666669,-779.5042460000004,-498.88232400000015,3,-603.5492166666669,-532.2610800000002,0.0,-498.88232400000015,6.2281640674163485,pointwise paired bootstrap; exploratory and not multiplicity-adjusted,very small stratum,-779.5042460000004,-498.88232400000015
stress,4,stress_design,all,assumption__radius_mixed__noise_correlated__scale_75,broad_or_stress_assumption,all,joint_triangular_l3,joint_triangular_l5,3,0,0,0.0,-447.8771586666674,-614.9243480000005,-363.5356950000005,3,-447.8771586666674,-365.17143300000134,0.0,-363.5356950000005,4.668760202188774,pointwise paired bootstrap; exploratory and not multiplicity-adjusted,very small stratum,-614.9243480000005,-363.5356950000005
stress,4,stress_design,all,assumption__radius_mixed__noise_correlated__scale_75,broad_or_stress_assumption,correlated,joint_triangular_l1,joint_triangular_l5,3,0,0,0.0,-885.3510503333331,-1198.5599940000002,-654.3496770000002,3,-885.3510503333331,-803.1434799999988,0.0,-654.3496770000002,9.223203623767283,pointwise paired bootstrap; exploratory and not multiplicity-adjusted,very small stratum,-1198.5599940000002,-654.3496770000002
stress,4,stress_design,all,assumption__radius_mixed__noise_correlated__scale_75,broad_or_stress_assumption,correlated,joint_triangular_l2,joint_triangular_l5,3,0,0,0.0,-603.5492166666669,-779.5042460000004,-498.88232400000015,3,-603.5492166666669,-532.2610800000002,0.0,-498.88232400000015,6.2281640674163485,pointwise paired bootstrap; exploratory and not multiplicity-adjusted,very small stratum,-779.5042460000004,-498.88232400000015
stress,4,stress_design,all,assumption__radius_mixed__noise_correlated__scale_75,broad_or_stress_assumption,correlated,joint_triangular_l3,joint_triangular_l5,3,0,0,0.0,-447.8771586666674,-614.9243480000005,-363.5356950000005,3,-447.8771586666674,-365.17143300000134,0.0,-363.5356950000005,4.668760202188774,pointwise paired bootstrap; exploratory and not multiplicity-adjusted,very small stratum,-614.9243480000005,-363.5356950000005
stress,4,stress_design,development,assumption__radius_mixed__noise_correlated__scale_75,broad_or_stress_assumption,all,joint_triangular_l1,joint_triangular_l5,3,0,0,0.0,-885.3510503333331,-1198.5599940000002,-654.3496770000002,3,-885.3510503333331,-803.1434799999988,0.0,-654.3496770000002,9.223203623767283,pointwise paired bootstrap; exploratory and not multiplicity-adjusted,very small stratum,-1198.5599940000002,-654.3496770000002
stress,4,stress_design,development,assumption__radius_mixed__noise_correlated__scale_75,broad_or_stress_assumption,all,joint_triangular_l2,joint_triangular_l5,3,0,0,0.0,-603.5492166666669,-779.5042460000004,-498.88232400000015,3,-603.5492166666669,-532.2610800000002,0.0,-498.88232400000015,6.2281640674163485,pointwise paired bootstrap; exploratory and not multiplicity-adjusted,very small stratum,-779.5042460000004,-498.88232400000015
stress,4,stress_design,development,assumption__radius_mixed__noise_correlated__scale_75,broad_or_stress_assumption,all,joint_triangular_l3,joint_triangular_l5,3,0,0,0.0,-447.8771586666674,-614.9243480000005,-363.5356950000005,3,-447.8771586666674,-365.17143300000134,0.0,-363.5356950000005,4.668760202188774,pointwise paired bootstrap; exploratory and not multiplicity-adjusted,very small stratum,-614.9243480000005,-363.5356950000005
stress,4,stress_design,development,assumption__radius_mixed__noise_correlated__scale_75,broad_or_stress_assumption,correlated,joint_triangular_l1,joint_triangular_l5,3,0,0,0.0,-885.3510503333331,-1198.5599940000002,-654.3496770000002,3,-885.3510503333331,-803.1434799999988,0.0,-654.3496770000002,9.223203623767283,pointwise paired bootstrap; exploratory and not multiplicity-adjusted,very small stratum,-1198.5599940000002,-654.3496770000002
stress,4,stress_design,development,assumption__radius_mixed__noise_correlated__scale_75,broad_or_stress_assumption,correlated,joint_triangular_l2,joint_triangular_l5,3,0,0,0.0,-603.5492166666669,-779.5042460000004,-498.88232400000015,3,-603.5492166666669,-532.2610800000002,0.0,-498.88232400000015,6.2281640674163485,pointwise paired bootstrap; exploratory and not multiplicity-adjusted,very small stratum,-779.5042460000004,-498.88232400000015
stress,4,stress_design,development,assumption__radius_mixed__noise_correlated__scale_75,broad_or_stress_assumption,correlated,joint_triangular_l3,joint_triangular_l5,3,0,0,0.0,-447.8771586666674,-614.9243480000005,-363.5356950000005,3,-447.8771586666674,-365.17143300000134,0.0,-363.5356950000005,4.668760202188774,pointwise paired bootstrap; exploratory and not multiplicity-adjusted,very small stratum,-614.9243480000005,-363.5356950000005
stress,4,stress_design,all,assumption__radius_mixed__noise_deterministic__scale_150,broad_or_stress_assumption,all,joint_triangular_l1,joint_triangular_l5,3,0,0,0.0,-588.3181620000001,-818.1468550000009,-390.20355799999925,3,-588.3181620000001,-556.6040730000004,0.0,-390.20355799999925,5.217396298908144,pointwise paired bootstrap; exploratory and not multiplicity-adjusted,very small stratum,-818.1468550000009,-390.20355799999925
stress,4,stress_design,all,assumption__radius_mixed__noise_deterministic__scale_150,broad_or_stress_assumption,all,joint_triangular_l2,joint_triangular_l5,3,0,0,0.0,-481.834215333333,-709.8473209999993,-290.84642600000006,3,-481.834215333333,-444.80889899999966,0.0,-290.84642600000006,4.26545585791495,pointwise paired bootstrap; exploratory and not multiplicity-adjusted,very small stratum,-709.8473209999993,-290.84642600000006
stress,4,stress_design,all,assumption__radius_mixed__noise_deterministic__scale_150,broad_or_stress_assumption,all,joint_triangular_l3,joint_triangular_l5,3,0,0,0.0,-349.11791233333315,-542.310230000001,-177.48510199999873,3,-349.11791233333315,-327.55840499999977,0.0,-177.48510199999873,3.085591532493416,pointwise paired bootstrap; exploratory and not multiplicity-adjusted,very small stratum,-542.310230000001,-177.48510199999873
stress,4,stress_design,all,assumption__radius_mixed__noise_deterministic__scale_150,broad_or_stress_assumption,deterministic,joint_triangular_l1,joint_triangular_l5,3,0,0,0.0,-588.3181620000001,-818.1468550000009,-390.20355799999925,3,-588.3181620000001,-556.6040730000004,0.0,-390.20355799999925,5.217396298908144,pointwise paired bootstrap; exploratory and not multiplicity-adjusted,very small stratum,-818.1468550000009,-390.20355799999925
stress,4,stress_design,all,assumption__radius_mixed__noise_deterministic__scale_150,broad_or_stress_assumption,deterministic,joint_triangular_l2,joint_triangular_l5,3,0,0,0.0,-481.834215333333,-709.8473209999993,-290.84642600000006,3,-481.834215333333,-444.80889899999966,0.0,-290.84642600000006,4.26545585791495,pointwise paired bootstrap; exploratory and not multiplicity-adjusted,very small stratum,-709.8473209999993,-290.84642600000006
stress,4,stress_design,all,assumption__radius_mixed__noise_deterministic__scale_150,broad_or_stress_assumption,deterministic,joint_triangular_l3,joint_triangular_l5,3,0,0,0.0,-349.11791233333315,-542.310230000001,-177.48510199999873,3,-349.11791233333315,-327.55840499999977,0.0,-177.48510199999873,3.085591532493416,pointwise paired bootstrap; exploratory and not multiplicity-adjusted,very small stratum,-542.310230000001,-177.48510199999873
stress,4,stress_design,development,assumption__radius_mixed__noise_deterministic__scale_150,broad_or_stress_assumption,all,joint_triangular_l1,joint_triangular_l5,3,0,0,0.0,-588.3181620000001,-818.1468550000009,-390.20355799999925,3,-588.3181620000001,-556.6040730000004,0.0,-390.20355799999925,5.217396298908144,pointwise paired bootstrap; exploratory and not multiplicity-adjusted,very small stratum,-818.1468550000009,-390.20355799999925
stress,4,stress_design,development,assumption__radius_mixed__noise_deterministic__scale_150,broad_or_stress_assumption,all,joint_triangular_l2,joint_triangular_l5,3,0,0,0.0,-481.834215333333,-709.8473209999993,-290.84642600000006,3,-481.834215333333,-444.80889899999966,0.0,-290.84642600000006,4.26545585791495,pointwise paired bootstrap; exploratory and not multiplicity-adjusted,very small stratum,-709.8473209999993,-290.84642600000006
stress,4,stress_design,development,assumption__radius_mixed__noise_deterministic__scale_150,broad_or_stress_assumption,all,joint_triangular_l3,joint_triangular_l5,3,0,0,0.0,-349.11791233333315,-542.310230000001,-177.48510199999873,3,-349.11791233333315,-327.55840499999977,0.0,-177.48510199999873,3.085591532493416,pointwise paired bootstrap; exploratory and not multiplicity-adjusted,very small stratum,-542.310230000001,-177.48510199999873
stress,4,stress_design,development,assumption__radius_mixed__noise_deterministic__scale_150,broad_or_stress_assumption,deterministic,joint_triangular_l1,joint_triangular_l5,3,0,0,0.0,-588.3181620000001,-818.1468550000009,-390.20355799999925,3,-588.3181620000001,-556.6040730000004,0.0,-390.20355799999925,5.217396298908144,pointwise paired bootstrap; exploratory and not multiplicity-adjusted,very small stratum,-818.1468550000009,-390.20355799999925
stress,4,stress_design,development,assumption__radius_mixed__noise_deterministic__scale_150,broad_or_stress_assumption,deterministic,joint_triangular_l2,joint_triangular_l5,3,0,0,0.0,-481.834215333333,-709.8473209999993,-290.84642600000006,3,-481.834215333333,-444.80889899999966,0.0,-290.84642600000006,4.26545585791495,pointwise paired bootstrap; exploratory and not multiplicity-adjusted,very small stratum,-709.8473209999993,-290.84642600000006
stress,4,stress_design,development,assumption__radius_mixed__noise_deterministic__scale_150,broad_or_stress_assumption,deterministic,joint_triangular_l3,joint_triangular_l5,3,0,0,0.0,-349.11791233333315,-542.310230000001,-177.48510199999873,3,-349.11791233333315,-327.55840499999977,0.0,-177.48510199999873,3.085591532493416,pointwise paired bootstrap; exploratory and not multiplicity-adjusted,very small stratum,-542.310230000001,-177.48510199999873
stress,4,stress_design,all,assumption__radius_mixed__noise_deterministic__scale_300,broad_or_stress_assumption,all,joint_triangular_l1,joint_triangular_l5,3,0,0,0.0,-432.00487133333326,-619.1398109999991,-221.20878500000072,3,-432.00487133333326,-455.6660179999999,0.0,-221.20878500000072,3.6154986738677124,pointwise paired bootstrap; exploratory and not multiplicity-adjusted,very small stratum,-619.1398109999991,-221.20878500000072
stress,4,stress_design,all,assumption__radius_mixed__noise_deterministic__scale_300,broad_or_stress_assumption,all,joint_triangular_l2,joint_triangular_l5,3,0,0,0.0,-366.4593266666664,-540.7982639999991,-232.9798719999999,3,-366.4593266666664,-325.5998440000003,0.0,-232.9798719999999,3.0653538495432104,pointwise paired bootstrap; exploratory and not multiplicity-adjusted,very small stratum,-540.7982639999991,-232.9798719999999
stress,4,stress_design,all,assumption__radius_mixed__noise_deterministic__scale_300,broad_or_stress_assumption,all,joint_triangular_l3,joint_triangular_l5,3,0,0,0.0,-266.05957000000006,-347.2328959999995,-187.7938720000002,3,-266.05957000000006,-263.1519420000004,0.0,-187.7938720000002,2.233719278066608,pointwise paired bootstrap; exploratory and not multiplicity-adjusted,very small stratum,-347.2328959999995,-187.7938720000002
stress,4,stress_design,all,assumption__radius_mixed__noise_deterministic__scale_300,broad_or_stress_assumption,deterministic,joint_triangular_l1,joint_triangular_l5,3,0,0,0.0,-432.00487133333326,-619.1398109999991,-221.20878500000072,3,-432.00487133333326,-455.6660179999999,0.0,-221.20878500000072,3.6154986738677124,pointwise paired bootstrap; exploratory and not multiplicity-adjusted,very small stratum,-619.1398109999991,-221.20878500000072
stress,4,stress_design,all,assumption__radius_mixed__noise_deterministic__scale_300,broad_or_stress_assumption,deterministic,joint_triangular_l2,joint_triangular_l5,3,0,0,0.0,-366.4593266666664,-540.7982639999991,-232.9798719999999,3,-366.4593266666664,-325.5998440000003,0.0,-232.9798719999999,3.0653538495432104,pointwise paired bootstrap; exploratory and not multiplicity-adjusted,very small stratum,-540.7982639999991,-232.9798719999999
stress,4,stress_design,all,assumption__radius_mixed__noise_deterministic__scale_300,broad_or_stress_assumption,deterministic,joint_triangular_l3,joint_triangular_l5,3,0,0,0.0,-266.05957000000006,-347.2328959999995,-187.7938720000002,3,-266.05957000000006,-263.1519420000004,0.0,-187.7938720000002,2.233719278066608,pointwise paired bootstrap; exploratory and not multiplicity-adjusted,very small stratum,-347.2328959999995,-187.7938720000002
stress,4,stress_design,development,assumption__radius_mixed__noise_deterministic__scale_300,broad_or_stress_assumption,all,joint_triangular_l1,joint_triangular_l5,3,0,0,0.0,-432.00487133333326,-619.1398109999991,-221.20878500000072,3,-432.00487133333326,-455.6660179999999,0.0,-221.20878500000072,3.6154986738677124,pointwise paired bootstrap; exploratory and not multiplicity-adjusted,very small stratum,-619.1398109999991,-221.20878500000072
stress,4,stress_design,development,assumption__radius_mixed__noise_deterministic__scale_300,broad_or_stress_assumption,all,joint_triangular_l2,joint_triangular_l5,3,0,0,0.0,-366.4593266666664,-540.7982639999991,-232.9798719999999,3,-366.4593266666664,-325.5998440000003,0.0,-232.9798719999999,3.0653538495432104,pointwise paired bootstrap; exploratory and not multiplicity-adjusted,very small stratum,-540.7982639999991,-232.9798719999999
stress,4,stress_design,development,assumption__radius_mixed__noise_deterministic__scale_300,broad_or_stress_assumption,all,joint_triangular_l3,joint_triangular_l5,3,0,0,0.0,-266.05957000000006,-347.2328959999995,-187.7938720000002,3,-266.05957000000006,-263.1519420000004,0.0,-187.7938720000002,2.233719278066608,pointwise paired bootstrap; exploratory and not multiplicity-adjusted,very small stratum,-347.2328959999995,-187.7938720000002
stress,4,stress_design,development,assumption__radius_mixed__noise_deterministic__scale_300,broad_or_stress_assumption,deterministic,joint_triangular_l1,joint_triangular_l5,3,0,0,0.0,-432.00487133333326,-619.1398109999991,-221.20878500000072,3,-432.00487133333326,-455.6660179999999,0.0,-221.20878500000072,3.6154986738677124,pointwise paired bootstrap; exploratory and not multiplicity-adjusted,very small stratum,-619.1398109999991,-221.20878500000072
stress,4,stress_design,development,assumption__radius_mixed__noise_deterministic__scale_300,broad_or_stress_assumption,deterministic,joint_triangular_l2,joint_triangular_l5,3,0,0,0.0,-366.4593266666664,-540.7982639999991,-232.9798719999999,3,-366.4593266666664,-325.5998440000003,0.0,-232.9798719999999,3.0653538495432104,pointwise paired bootstrap; exploratory and not multiplicity-adjusted,very small stratum,-540.7982639999991,-232.9798719999999
stress,4,stress_design,development,assumption__radius_mixed__noise_deterministic__scale_300,broad_or_stress_assumption,deterministic,joint_triangular_l3,joint_triangular_l5,3,0,0,0.0,-266.05957000000006,-347.2328959999995,-187.7938720000002,3,-266.05957000000006,-263.1519420000004,0.0,-187.7938720000002,2.233719278066608,pointwise paired bootstrap; exploratory and not multiplicity-adjusted,very small stratum,-347.2328959999995,-187.7938720000002
stress,4,stress_design,all,assumption__radius_mixed__noise_deterministic__scale_75,broad_or_stress_assumption,all,joint_triangular_l1,joint_triangular_l5,4,0,0,0.0,-526.9661242500001,-623.7259650000001,-435.90040874999977,4,-526.9661242500001,-521.2719990000005,0.0,-396.24653299999954,4.56711776813405,pointwise paired bootstrap; exploratory and not multiplicity-adjusted,very small stratum,-623.7259650000001,-435.90040874999977
stress,4,stress_design,all,assumption__radius_mixed__noise_deterministic__scale_75,broad_or_stress_assumption,all,joint_triangular_l2,joint_triangular_l5,4,0,0,0.0,-406.5513672499992,-489.71052099999906,-312.10986774999947,4,-406.5513672499992,-397.67771599999924,0.0,-300.8275219999996,3.5222617891561416,pointwise paired bootstrap; exploratory and not multiplicity-adjusted,very small stratum,-489.71052099999906,-323.39221349999934
stress,4,stress_design,all,assumption__radius_mixed__noise_deterministic__scale_75,broad_or_stress_assumption,all,joint_triangular_l3,joint_triangular_l5,4,0,0,0.0,-291.45120124999994,-359.7331704999997,-218.47773374999997,4,-291.45120124999994,-303.4324495000001,0.0,-178.34612500000003,2.5265576194540147,pointwise paired bootstrap; exploratory and not multiplicity-adjusted,very small stratum,-359.7331704999997,-218.47773374999997
stress,4,stress_design,all,assumption__radius_mixed__noise_deterministic__scale_75,broad_or_stress_assumption,deterministic,joint_triangular_l1,joint_triangular_l5,4,0,0,0.0,-526.9661242500001,-623.7259650000001,-435.90040874999977,4,-526.9661242500001,-521.2719990000005,0.0,-396.24653299999954,4.56711776813405,pointwise paired bootstrap; exploratory and not multiplicity-adjusted,very small stratum,-623.7259650000001,-435.90040874999977
stress,4,stress_design,all,assumption__radius_mixed__noise_deterministic__scale_75,broad_or_stress_assumption,deterministic,joint_triangular_l2,joint_triangular_l5,4,0,0,0.0,-406.5513672499992,-489.71052099999906,-323.39221349999934,4,-406.5513672499992,-397.67771599999924,0.0,-300.8275219999996,3.5222617891561416,pointwise paired bootstrap; exploratory and not multiplicity-adjusted,very small stratum,-489.71052099999906,-323.39221349999934
stress,4,stress_design,all,assumption__radius_mixed__noise_deterministic__scale_75,broad_or_stress_assumption,deterministic,joint_triangular_l3,joint_triangular_l5,4,0,0,0.0,-291.45120124999994,-359.7331704999997,-218.47773374999997,4,-291.45120124999994,-303.4324495000001,0.0,-178.34612500000003,2.5265576194540147,pointwise paired bootstrap; exploratory and not multiplicity-adjusted,very small stratum,-359.7331704999997,-218.47773374999997
stress,4,stress_design,development,assumption__radius_mixed__noise_deterministic__scale_75,broad_or_stress_assumption,all,joint_triangular_l1,joint_triangular_l5,4,0,0,0.0,-526.9661242500001,-623.7259650000001,-435.90040874999977,4,-526.9661242500001,-521.2719990000005,0.0,-396.24653299999954,4.56711776813405,pointwise paired bootstrap; exploratory and not multiplicity-adjusted,very small stratum,-623.7259650000001,-435.90040874999977
stress,4,stress_design,development,assumption__radius_mixed__noise_deterministic__scale_75,broad_or_stress_assumption,all,joint_triangular_l2,joint_triangular_l5,4,0,0,0.0,-406.5513672499992,-489.71052099999906,-323.39221349999934,4,-406.5513672499992,-397.67771599999924,0.0,-300.8275219999996,3.5222617891561416,pointwise paired bootstrap; exploratory and not multiplicity-adjusted,very small stratum,-489.71052099999906,-323.39221349999934
stress,4,stress_design,development,assumption__radius_mixed__noise_deterministic__scale_75,broad_or_stress_assumption,all,joint_triangular_l3,joint_triangular_l5,4,0,0,0.0,-291.45120124999994,-359.7331704999997,-218.47773374999997,4,-291.45120124999994,-303.4324495000001,0.0,-178.34612500000003,2.5265576194540147,pointwise paired bootstrap; exploratory and not multiplicity-adjusted,very small stratum,-359.7331704999997,-218.47773374999997
stress,4,stress_design,development,assumption__radius_mixed__noise_deterministic__scale_75,broad_or_stress_assumption,deterministic,joint_triangular_l1,joint_triangular_l5,4,0,0,0.0,-526.9661242500001,-623.7259650000001,-435.90040874999977,4,-526.9661242500001,-521.2719990000005,0.0,-396.24653299999954,4.56711776813405,pointwise paired bootstrap; exploratory and not multiplicity-adjusted,very small stratum,-623.7259650000001,-435.90040874999977
stress,4,stress_design,development,assumption__radius_mixed__noise_deterministic__scale_75,broad_or_stress_assumption,deterministic,joint_triangular_l2,joint_triangular_l5,4,0,0,0.0,-406.5513672499992,-489.71052099999906,-323.11015485625086,4,-406.5513672499992,-397.67771599999924,0.0,-300.8275219999996,3.5222617891561416,pointwise paired bootstrap; exploratory and not multiplicity-adjusted,very small stratum,-489.71052099999906,-323.39221349999934
stress,4,stress_design,development,assumption__radius_mixed__noise_deterministic__scale_75,broad_or_stress_assumption,deterministic,joint_triangular_l3,joint_triangular_l5,4,0,0,0.0,-291.45120124999994,-359.7331704999997,-218.47773374999997,4,-291.45120124999994,-303.4324495000001,0.0,-178.34612500000003,2.5265576194540147,pointwise paired bootstrap; exploratory and not multiplicity-adjusted,very small stratum,-359.7331704999997,-218.47773374999997
stress,4,stress_design,all,assumption__radius_mixed__noise_extreme__scale_150,broad_or_stress_assumption,all,joint_triangular_l1,joint_triangular_l5,4,0,0,0.0,71.95837749999964,-438.8256070000007,582.742362,4,71.95837749999964,-34.660165000000234,0.5,841.7949979999994,-0.7847066322826883,pointwise paired bootstrap; exploratory and not multiplicity-adjusted,very small stratum,-438.8256070000007,582.742362
stress,4,stress_design,all,assumption__radius_mixed__noise_extreme__scale_150,broad_or_stress_assumption,all,joint_triangular_l2,joint_triangular_l5,4,0,0,0.0,-81.33085075000008,-294.89494149999973,221.31759775,4,-81.33085075000008,-208.02450849999968,0.25,391.44647199999963,0.61329560078577,pointwise paired bootstrap; exploratory and not multiplicity-adjusted,very small stratum,-294.89494149999973,221.31759775
stress,4,stress_design,all,assumption__radius_mixed__noise_extreme__scale_150,broad_or_stress_assumption,all,joint_triangular_l3,joint_triangular_l5,4,0,0,0.0,-97.19593000000032,-197.5998625000002,30.319453749999866,4,-97.19593000000032,-143.95240600000125,0.25,103.89965800000027,0.8186189706919423,pointwise paired bootstrap; exploratory and not multiplicity-adjusted,very small stratum,-197.5998625000002,30.319453749999866
stress,4,stress_design,all,assumption__radius_mixed__noise_extreme__scale_150,broad_or_stress_assumption,extreme,joint_triangular_l1,joint_triangular_l5,4,0,0,0.0,71.95837749999964,-438.8256070000007,582.742362,4,71.95837749999964,-34.660165000000234,0.5,841.7949979999994,-0.7847066322826883,pointwise paired bootstrap; exploratory and not multiplicity-adjusted,very small stratum,-438.8256070000007,582.742362
stress,4,stress_design,all,assumption__radius_mixed__noise_extreme__scale_150,broad_or_stress_assumption,extreme,joint_triangular_l2,joint_triangular_l5,4,0,0,0.0,-81.33085075000008,-294.89494149999973,221.31759775,4,-81.33085075000008,-208.02450849999968,0.25,391.44647199999963,0.61329560078577,pointwise paired bootstrap; exploratory and not multiplicity-adjusted,very small stratum,-294.89494149999973,221.31759775
stress,4,stress_design,all,assumption__radius_mixed__noise_extreme__scale_150,broad_or_stress_assumption,extreme,joint_triangular_l3,joint_triangular_l5,4,0,0,0.0,-97.19593000000032,-197.5998625000002,30.319453749999866,4,-97.19593000000032,-143.95240600000125,0.25,103.89965800000027,0.8186189706919423,pointwise paired bootstrap; exploratory and not multiplicity-adjusted,very small stratum,-197.5998625000002,30.319453749999866
stress,4,stress_design,development,assumption__radius_mixed__noise_extreme__scale_150,broad_or_stress_assumption,all,joint_triangular_l1,joint_triangular_l5,4,0,0,0.0,71.95837749999964,-438.8256070000007,582.742362,4,71.95837749999964,-34.660165000000234,0.5,841.7949979999994,-0.7847066322826883,pointwise paired bootstrap; exploratory and not multiplicity-adjusted,very small stratum,-438.8256070000007,582.742362
stress,4,stress_design,development,assumption__radius_mixed__noise_extreme__scale_150,broad_or_stress_assumption,all,joint_triangular_l2,joint_triangular_l5,4,0,0,0.0,-81.33085075000008,-294.89494149999973,221.31759775,4,-81.33085075000008,-208.02450849999968,0.25,391.44647199999963,0.61329560078577,pointwise paired bootstrap; exploratory and not multiplicity-adjusted,very small stratum,-294.89494149999973,222.33065420624447
stress,4,stress_design,development,assumption__radius_mixed__noise_extreme__scale_150,broad_or_stress_assumption,all,joint_triangular_l3,joint_triangular_l5,4,0,0,0.0,-97.19593000000032,-197.5998625000002,30.319453749999866,4,-97.19593000000032,-143.95240600000125,0.25,103.89965800000027,0.8186189706919423,pointwise paired bootstrap; exploratory and not multiplicity-adjusted,very small stratum,-197.5998625000002,30.319453749999866
stress,4,stress_design,development,assumption__radius_mixed__noise_extreme__scale_150,broad_or_stress_assumption,extreme,joint_triangular_l1,joint_triangular_l5,4,0,0,0.0,71.95837749999964,-438.8256070000007,582.742362,4,71.95837749999964,-34.660165000000234,0.5,841.7949979999994,-0.7847066322826883,pointwise paired bootstrap; exploratory and not multiplicity-adjusted,very small stratum,-438.8256070000007,582.742362
stress,4,stress_design,development,assumption__radius_mixed__noise_extreme__scale_150,broad_or_stress_assumption,extreme,joint_triangular_l2,joint_triangular_l5,4,0,0,0.0,-81.33085075000008,-294.89494149999973,221.31759775,4,-81.33085075000008,-208.02450849999968,0.25,391.44647199999963,0.61329560078577,pointwise paired bootstrap; exploratory and not multiplicity-adjusted,very small stratum,-297.80789975000016,221.31759775
stress,4,stress_design,development,assumption__radius_mixed__noise_extreme__scale_150,broad_or_stress_assumption,extreme,joint_triangular_l3,joint_triangular_l5,4,0,0,0.0,-97.19593000000032,-197.5998625000002,30.319453749999866,4,-97.19593000000032,-143.95240600000125,0.25,103.89965800000027,0.8186189706919423,pointwise paired bootstrap; exploratory and not multiplicity-adjusted,very small stratum,-197.5998625000002,30.319453749999866
stress,4,stress_design,all,assumption__radius_mixed__noise_extreme__scale_300,broad_or_stress_assumption,all,joint_triangular_l1,joint_triangular_l5,2,0,0,0.0,244.4056115000003,-40.300561000000016,529.1117840000006,2,244.4056115000003,244.4056115000003,0.5,529.1117840000006,-2.5798119673703908,pointwise paired bootstrap; exploratory and not multiplicity-adjusted,very small stratum,-40.300561000000016,529.1117840000006
stress,4,stress_design,all,assumption__radius_mixed__noise_extreme__scale_300,broad_or_stress_assumption,all,joint_triangular_l2,joint_triangular_l5,2,0,0,0.0,-54.24846350000007,-157.64005499999985,49.143127999999706,2,-54.24846350000007,-54.24846350000007,0.5,49.143127999999706,0.4905535777826149,pointwise paired bootstrap; exploratory and not multiplicity-adjusted,very small stratum,-157.64005499999985,49.143127999999706
stress,4,stress_design,all,assumption__radius_mixed__noise_extreme__scale_300,broad_or_stress_assumption,all,joint_triangular_l3,joint_triangular_l5,2,0,0,0.0,-19.697120499999983,-95.00084400000014,55.60660300000018,2,-19.697120499999983,-19.697120499999983,0.5,55.60660300000018,0.10102258526301733,pointwise paired bootstrap; exploratory and not multiplicity-adjusted,very small stratum,-95.00084400000014,55.60660300000018
stress,4,stress_design,all,assumption__radius_mixed__noise_extreme__scale_300,broad_or_stress_assumption,extreme,joint_triangular_l1,joint_triangular_l5,2,0,0,0.0,244.4056115000003,-40.300561000000016,529.1117840000006,2,244.4056115000003,244.4056115000003,0.5,529.1117840000006,-2.5798119673703908,pointwise paired bootstrap; exploratory and not multiplicity-adjusted,very small stratum,-40.300561000000016,529.1117840000006
stress,4,stress_design,all,assumption__radius_mixed__noise_extreme__scale_300,broad_or_stress_assumption,extreme,joint_triangular_l2,joint_triangular_l5,2,0,0,0.0,-54.24846350000007,-157.64005499999985,49.143127999999706,2,-54.24846350000007,-54.24846350000007,0.5,49.143127999999706,0.4905535777826149,pointwise paired bootstrap; exploratory and not multiplicity-adjusted,very small stratum,-157.64005499999985,49.143127999999706
stress,4,stress_design,all,assumption__radius_mixed__noise_extreme__scale_300,broad_or_stress_assumption,extreme,joint_triangular_l3,joint_triangular_l5,2,0,0,0.0,-19.697120499999983,-95.00084400000014,55.60660300000018,2,-19.697120499999983,-19.697120499999983,0.5,55.60660300000018,0.10102258526301733,pointwise paired bootstrap; exploratory and not multiplicity-adjusted,very small stratum,-95.00084400000014,55.60660300000018
stress,4,stress_design,development,assumption__radius_mixed__noise_extreme__scale_300,broad_or_stress_assumption,all,joint_triangular_l1,joint_triangular_l5,2,0,0,0.0,244.4056115000003,-40.300561000000016,529.1117840000006,2,244.4056115000003,244.4056115000003,0.5,529.1117840000006,-2.5798119673703908,pointwise paired bootstrap; exploratory and not multiplicity-adjusted,very small stratum,-40.300561000000016,529.1117840000006
stress,4,stress_design,development,assumption__radius_mixed__noise_extreme__scale_300,broad_or_stress_assumption,all,joint_triangular_l2,joint_triangular_l5,2,0,0,0.0,-54.24846350000007,-157.64005499999985,49.143127999999706,2,-54.24846350000007,-54.24846350000007,0.5,49.143127999999706,0.4905535777826149,pointwise paired bootstrap; exploratory and not multiplicity-adjusted,very small stratum,-157.64005499999985,49.143127999999706
stress,4,stress_design,development,assumption__radius_mixed__noise_extreme__scale_300,broad_or_stress_assumption,all,joint_triangular_l3,joint_triangular_l5,2,0,0,0.0,-19.697120499999983,-95.00084400000014,55.60660300000018,2,-19.697120499999983,-19.697120499999983,0.5,55.60660300000018,0.10102258526301733,pointwise paired bootstrap; exploratory and not multiplicity-adjusted,very small stratum,-95.00084400000014,55.60660300000018
stress,4,stress_design,development,assumption__radius_mixed__noise_extreme__scale_300,broad_or_stress_assumption,extreme,joint_triangular_l1,joint_triangular_l5,2,0,0,0.0,244.4056115000003,-40.300561000000016,529.1117840000006,2,244.4056115000003,244.4056115000003,0.5,529.1117840000006,-2.5798119673703908,pointwise paired bootstrap; exploratory and not multiplicity-adjusted,very small stratum,-40.300561000000016,529.1117840000006
stress,4,stress_design,development,assumption__radius_mixed__noise_extreme__scale_300,broad_or_stress_assumption,extreme,joint_triangular_l2,joint_triangular_l5,2,0,0,0.0,-54.24846350000007,-157.64005499999985,49.143127999999706,2,-54.24846350000007,-54.24846350000007,0.5,49.143127999999706,0.4905535777826149,pointwise paired bootstrap; exploratory and not multiplicity-adjusted,very small stratum,-157.64005499999985,49.143127999999706
stress,4,stress_design,development,assumption__radius_mixed__noise_extreme__scale_300,broad_or_stress_assumption,extreme,joint_triangular_l3,joint_triangular_l5,2,0,0,0.0,-19.697120499999983,-95.00084400000014,55.60660300000018,2,-19.697120499999983,-19.697120499999983,0.5,55.60660300000018,0.10102258526301733,pointwise paired bootstrap; exploratory and not multiplicity-adjusted,very small stratum,-95.00084400000014,55.60660300000018
stress,4,stress_design,all,assumption__radius_mixed__noise_extreme__scale_75,broad_or_stress_assumption,all,joint_triangular_l1,joint_triangular_l5,3,0,0,0.0,-60.00570666666681,-108.78005200000007,-32.515566000000035,3,-60.00570666666681,-38.72150200000033,0.0,-32.515566000000035,0.5302744104824447,pointwise paired bootstrap; exploratory and not multiplicity-adjusted,very small stratum,-108.78005200000007,-32.515566000000035
stress,4,stress_design,all,assumption__radius_mixed__noise_extreme__scale_75,broad_or_stress_assumption,all,joint_triangular_l2,joint_triangular_l5,3,0,0,0.0,-174.98311900000044,-380.2208150000006,157.78157199999987,3,-174.98311900000044,-302.5101140000006,0.3333333333333333,157.78157199999987,1.733303806686816,pointwise paired bootstrap; exploratory and not multiplicity-adjusted,very small stratum,-380.2208150000006,157.78157199999987
stress,4,stress_design,all,assumption__radius_mixed__noise_extreme__scale_75,broad_or_stress_assumption,all,joint_triangular_l3,joint_triangular_l5,3,0,0,0.0,-206.28923566666708,-233.07001800000035,-181.85799100000077,3,-206.28923566666708,-203.93969800000013,0.0,-181.85799100000077,1.8044587967524264,pointwise paired bootstrap; exploratory and not multiplicity-adjusted,very small stratum,-233.07001800000035,-181.85799100000077
stress,4,stress_design,all,assumption__radius_mixed__noise_extreme__scale_75,broad_or_stress_assumption,extreme,joint_triangular_l1,joint_triangular_l5,3,0,0,0.0,-60.00570666666681,-108.78005200000007,-32.515566000000035,3,-60.00570666666681,-38.72150200000033,0.0,-32.515566000000035,0.5302744104824447,pointwise paired bootstrap; exploratory and not multiplicity-adjusted,very small stratum,-108.78005200000007,-32.515566000000035
stress,4,stress_design,all,assumption__radius_mixed__noise_extreme__scale_75,broad_or_stress_assumption,extreme,joint_triangular_l2,joint_triangular_l5,3,0,0,0.0,-174.98311900000044,-380.2208150000006,157.78157199999987,3,-174.98311900000044,-302.5101140000006,0.3333333333333333,157.78157199999987,1.733303806686816,pointwise paired bootstrap; exploratory and not multiplicity-adjusted,very small stratum,-380.2208150000006,157.78157199999987
stress,4,stress_design,all,assumption__radius_mixed__noise_extreme__scale_75,broad_or_stress_assumption,extreme,joint_triangular_l3,joint_triangular_l5,3,0,0,0.0,-206.28923566666708,-233.07001800000035,-181.85799100000077,3,-206.28923566666708,-203.93969800000013,0.0,-181.85799100000077,1.8044587967524264,pointwise paired bootstrap; exploratory and not multiplicity-adjusted,very small stratum,-233.07001800000035,-181.85799100000077
stress,4,stress_design,development,assumption__radius_mixed__noise_extreme__scale_75,broad_or_stress_assumption,all,joint_triangular_l1,joint_triangular_l5,3,0,0,0.0,-60.00570666666681,-108.78005200000007,-32.515566000000035,3,-60.00570666666681,-38.72150200000033,0.0,-32.515566000000035,0.5302744104824447,pointwise paired bootstrap; exploratory and not multiplicity-adjusted,very small stratum,-108.78005200000007,-32.515566000000035
stress,4,stress_design,development,assumption__radius_mixed__noise_extreme__scale_75,broad_or_stress_assumption,all,joint_triangular_l2,joint_triangular_l5,3,0,0,0.0,-174.98311900000044,-380.2208150000006,157.78157199999987,3,-174.98311900000044,-302.5101140000006,0.3333333333333333,157.78157199999987,1.733303806686816,pointwise paired bootstrap; exploratory and not multiplicity-adjusted,very small stratum,-380.2208150000006,157.78157199999987
stress,4,stress_design,development,assumption__radius_mixed__noise_extreme__scale_75,broad_or_stress_assumption,all,joint_triangular_l3,joint_triangular_l5,3,0,0,0.0,-206.28923566666708,-233.07001800000035,-181.85799100000077,3,-206.28923566666708,-203.93969800000013,0.0,-181.85799100000077,1.8044587967524264,pointwise paired bootstrap; exploratory and not multiplicity-adjusted,very small stratum,-233.07001800000035,-181.85799100000077
stress,4,stress_design,development,assumption__radius_mixed__noise_extreme__scale_75,broad_or_stress_assumption,extreme,joint_triangular_l1,joint_triangular_l5,3,0,0,0.0,-60.00570666666681,-108.78005200000007,-32.515566000000035,3,-60.00570666666681,-38.72150200000033,0.0,-32.515566000000035,0.5302744104824447,pointwise paired bootstrap; exploratory and not multiplicity-adjusted,very small stratum,-108.78005200000007,-32.515566000000035
stress,4,stress_design,development,assumption__radius_mixed__noise_extreme__scale_75,broad_or_stress_assumption,extreme,joint_triangular_l2,joint_triangular_l5,3,0,0,0.0,-174.98311900000044,-380.2208150000006,157.78157199999987,3,-174.98311900000044,-302.5101140000006,0.3333333333333333,157.78157199999987,1.733303806686816,pointwise paired bootstrap; exploratory and not multiplicity-adjusted,very small stratum,-380.2208150000006,157.78157199999987
stress,4,stress_design,development,assumption__radius_mixed__noise_extreme__scale_75,broad_or_stress_assumption,extreme,joint_triangular_l3,joint_triangular_l5,3,0,0,0.0,-206.28923566666708,-233.07001800000035,-181.85799100000077,3,-206.28923566666708,-203.93969800000013,0.0,-181.85799100000077,1.8044587967524264,pointwise paired bootstrap; exploratory and not multiplicity-adjusted,very small stratum,-233.07001800000035,-181.85799100000077
