case_id,problem,pool,composition_model,partition,error_mode,variant,mechanism_id,mechanism_status,baseline_complete,candidate_complete,baseline_variant,both_complete,completion_delta,penalized_time_delta_s,completed_time_delta_s,completed_reduction_pct,baseline_total_virtual_time_s,candidate_total_virtual_time_s
round-broad-p3-0000-88fcceae4f18c65d,3,broad,broad_joint,development,deterministic,joint_triangular_l1,assumption__radius_min__noise_deterministic__scale_75,broad_or_stress_assumption,True,True,joint_triangular_l5,True,0,-250.2706849999995,-250.2706849999995,5.1766058892768605,4834.64823,4584.377545
round-broad-p3-0000-88fcceae4f18c65d,3,broad,broad_joint,development,deterministic,joint_triangular_l2,assumption__radius_min__noise_deterministic__scale_75,broad_or_stress_assumption,True,True,joint_triangular_l5,True,0,-197.66623100000015,-197.66623100000015,4.08853388284674,4834.64823,4636.981999
round-broad-p3-0000-88fcceae4f18c65d,3,broad,broad_joint,development,deterministic,joint_triangular_l3,assumption__radius_min__noise_deterministic__scale_75,broad_or_stress_assumption,True,True,joint_triangular_l5,True,0,-130.062723,-130.062723,2.690221021519905,4834.64823,4704.585507
round-broad-p3-0001-c06ee063c87e0f5b,3,broad,broad_joint,development,correlated,joint_triangular_l1,assumption__radius_min__noise_correlated__scale_75,broad_or_stress_assumption,True,True,joint_triangular_l5,True,0,-342.6014299999997,-342.6014299999997,7.192631232880416,4763.228072,4420.626642
round-broad-p3-0001-c06ee063c87e0f5b,3,broad,broad_joint,development,correlated,joint_triangular_l2,assumption__radius_min__noise_correlated__scale_75,broad_or_stress_assumption,True,True,joint_triangular_l5,True,0,-270.65302299999985,-270.65302299999985,5.6821344455663905,4763.228072,4492.575049
round-broad-p3-0001-c06ee063c87e0f5b,3,broad,broad_joint,development,correlated,joint_triangular_l3,assumption__radius_min__noise_correlated__scale_75,broad_or_stress_assumption,True,True,joint_triangular_l5,True,0,-165.92319099999986,-165.92319099999986,3.4834189858629103,4763.228072,4597.304881
round-broad-p3-0002-f1e3dd4d3396341e,3,broad,broad_joint,development,extreme,joint_triangular_l1,assumption__radius_min__noise_extreme__scale_75,broad_or_stress_assumption,True,True,joint_triangular_l5,True,0,-305.772833,-305.772833,5.946257088342366,5142.274013,4836.50118
round-broad-p3-0002-f1e3dd4d3396341e,3,broad,broad_joint,development,extreme,joint_triangular_l2,assumption__radius_min__noise_extreme__scale_75,broad_or_stress_assumption,True,True,joint_triangular_l5,True,0,-241.36649699999998,-241.36649699999998,4.693769651127301,5142.274013,4900.907516
round-broad-p3-0002-f1e3dd4d3396341e,3,broad,broad_joint,development,extreme,joint_triangular_l3,assumption__radius_min__noise_extreme__scale_75,broad_or_stress_assumption,True,True,joint_triangular_l5,True,0,-179.7968719999999,-179.7968719999999,3.496446738261357,5142.274013,4962.477141
round-broad-p3-0003-b2194eb25ac237f0,3,broad,broad_joint,development,deterministic,joint_triangular_l1,assumption__radius_max__noise_deterministic__scale_75,broad_or_stress_assumption,True,True,joint_triangular_l5,True,0,-670.3927459999995,-670.3927459999995,13.342821200891878,5024.370303,4353.977557
round-broad-p3-0003-b2194eb25ac237f0,3,broad,broad_joint,development,deterministic,joint_triangular_l2,assumption__radius_max__noise_deterministic__scale_75,broad_or_stress_assumption,True,True,joint_triangular_l5,True,0,-523.5219209999996,-523.5219209999996,10.419652402758015,5024.370303,4500.848382
round-broad-p3-0003-b2194eb25ac237f0,3,broad,broad_joint,development,deterministic,joint_triangular_l3,assumption__radius_max__noise_deterministic__scale_75,broad_or_stress_assumption,True,True,joint_triangular_l5,True,0,-357.60278599999947,-357.60278599999947,7.1173652504569285,5024.370303,4666.767517
round-broad-p3-0004-6d1eb0820522e1cf,3,broad,broad_joint,development,correlated,joint_triangular_l1,assumption__radius_max__noise_correlated__scale_75,broad_or_stress_assumption,True,True,joint_triangular_l5,True,0,-1092.6465590000007,-1092.6465590000007,19.31671753176104,5656.481528,4563.834969
round-broad-p3-0004-6d1eb0820522e1cf,3,broad,broad_joint,development,correlated,joint_triangular_l2,assumption__radius_max__noise_correlated__scale_75,broad_or_stress_assumption,True,True,joint_triangular_l5,True,0,-765.5731390000001,-765.5731390000001,13.534440715670273,5656.481528,4890.908389
round-broad-p3-0004-6d1eb0820522e1cf,3,broad,broad_joint,development,correlated,joint_triangular_l3,assumption__radius_max__noise_correlated__scale_75,broad_or_stress_assumption,True,True,joint_triangular_l5,True,0,-555.640754,-555.640754,9.823080854229566,5656.481528,5100.840774
round-broad-p3-0005-0c8e5c1f980c5477,3,broad,broad_joint,development,extreme,joint_triangular_l1,assumption__radius_max__noise_extreme__scale_75,broad_or_stress_assumption,True,True,joint_triangular_l5,True,0,-410.9898039999998,-410.9898039999998,8.851288921252069,4643.276337,4232.286533
round-broad-p3-0005-0c8e5c1f980c5477,3,broad,broad_joint,development,extreme,joint_triangular_l2,assumption__radius_max__noise_extreme__scale_75,broad_or_stress_assumption,True,True,joint_triangular_l5,True,0,-263.73788800000057,-263.73788800000057,5.679995521662198,4643.276337,4379.538449
round-broad-p3-0005-0c8e5c1f980c5477,3,broad,broad_joint,development,extreme,joint_triangular_l3,assumption__radius_max__noise_extreme__scale_75,broad_or_stress_assumption,True,True,joint_triangular_l5,True,0,-187.558,-187.558,4.0393460648775505,4643.276337,4455.718337
round-broad-p3-0006-761ac7c96b191c99,3,broad,broad_joint,development,deterministic,joint_triangular_l1,assumption__radius_mixed__noise_deterministic__scale_75,broad_or_stress_assumption,True,True,joint_triangular_l5,True,0,-450.43989000000056,-450.43989000000056,8.91477313326458,5052.735311,4602.295421
round-broad-p3-0006-761ac7c96b191c99,3,broad,broad_joint,development,deterministic,joint_triangular_l2,assumption__radius_mixed__noise_deterministic__scale_75,broad_or_stress_assumption,True,True,joint_triangular_l5,True,0,-324.1202740000008,-324.1202740000008,6.414748726187544,5052.735311,4728.615037
round-broad-p3-0006-761ac7c96b191c99,3,broad,broad_joint,development,deterministic,joint_triangular_l3,assumption__radius_mixed__noise_deterministic__scale_75,broad_or_stress_assumption,True,True,joint_triangular_l5,True,0,-238.21305500000017,-238.21305500000017,4.714536589347974,5052.735311,4814.522256
round-broad-p3-0007-9245bc4253ad5919,3,broad,broad_joint,development,correlated,joint_triangular_l1,assumption__radius_mixed__noise_correlated__scale_75,broad_or_stress_assumption,True,True,joint_triangular_l5,True,0,-381.83915799999977,-381.83915799999977,8.507261917406106,4488.390762,4106.551604
round-broad-p3-0007-9245bc4253ad5919,3,broad,broad_joint,development,correlated,joint_triangular_l2,assumption__radius_mixed__noise_correlated__scale_75,broad_or_stress_assumption,True,True,joint_triangular_l5,True,0,-282.10309899999993,-282.10309899999993,6.285172436151626,4488.390762,4206.287663
round-broad-p3-0007-9245bc4253ad5919,3,broad,broad_joint,development,correlated,joint_triangular_l3,assumption__radius_mixed__noise_correlated__scale_75,broad_or_stress_assumption,True,True,joint_triangular_l5,True,0,-169.76786600000014,-169.76786600000014,3.7823771369753154,4488.390762,4318.622896
round-broad-p3-0008-f0e86511e4801933,3,broad,broad_joint,development,extreme,joint_triangular_l1,assumption__radius_mixed__noise_extreme__scale_75,broad_or_stress_assumption,True,True,joint_triangular_l5,True,0,-147.66007600000012,-147.66007600000012,3.293186703531131,4483.80518,4336.145104
round-broad-p3-0008-f0e86511e4801933,3,broad,broad_joint,development,extreme,joint_triangular_l2,assumption__radius_mixed__noise_extreme__scale_75,broad_or_stress_assumption,True,True,joint_triangular_l5,True,0,-189.94908399999986,-189.94908399999986,4.236336691149455,4483.80518,4293.856096
round-broad-p3-0008-f0e86511e4801933,3,broad,broad_joint,development,extreme,joint_triangular_l3,assumption__radius_mixed__noise_extreme__scale_75,broad_or_stress_assumption,True,True,joint_triangular_l5,True,0,-105.31511500000033,-105.31511500000033,2.3487888249417725,4483.80518,4378.490065
round-broad-p3-0009-573205f06899cef2,3,broad,broad_joint,development,deterministic,joint_triangular_l1,assumption__radius_min__noise_deterministic__scale_150,broad_or_stress_assumption,True,True,joint_triangular_l5,True,0,-216.30584399999952,-216.30584399999952,4.601752820456857,4700.509837,4484.203993
round-broad-p3-0009-573205f06899cef2,3,broad,broad_joint,development,deterministic,joint_triangular_l2,assumption__radius_min__noise_deterministic__scale_150,broad_or_stress_assumption,True,True,joint_triangular_l5,True,0,-130.75388999999996,-130.75388999999996,2.781695912447039,4700.509837,4569.755947
round-broad-p3-0009-573205f06899cef2,3,broad,broad_joint,development,deterministic,joint_triangular_l3,assumption__radius_min__noise_deterministic__scale_150,broad_or_stress_assumption,True,True,joint_triangular_l5,True,0,-95.264005,-95.264005,2.0266738780149054,4700.509837,4605.245832
round-broad-p3-0011-01e4dec5b22cbf67,3,broad,broad_joint,development,extreme,joint_triangular_l1,assumption__radius_min__noise_extreme__scale_150,broad_or_stress_assumption,True,True,joint_triangular_l5,True,0,-339.6913990000003,-339.6913990000003,5.916866835055036,5741.068854,5401.377455
round-broad-p3-0011-01e4dec5b22cbf67,3,broad,broad_joint,development,extreme,joint_triangular_l2,assumption__radius_min__noise_extreme__scale_150,broad_or_stress_assumption,True,True,joint_triangular_l5,True,0,-313.83740899999975,-313.83740899999975,5.466532748189189,5741.068854,5427.231445
round-broad-p3-0011-01e4dec5b22cbf67,3,broad,broad_joint,development,extreme,joint_triangular_l3,assumption__radius_min__noise_extreme__scale_150,broad_or_stress_assumption,True,True,joint_triangular_l5,True,0,-228.4268060000004,-228.4268060000004,3.978820178072722,5741.068854,5512.642048
round-broad-p3-0012-36b63f027556b893,3,broad,broad_joint,development,deterministic,joint_triangular_l1,assumption__radius_max__noise_deterministic__scale_150,broad_or_stress_assumption,True,True,joint_triangular_l5,True,0,-1010.5048059999999,-1010.5048059999999,21.24437871918805,4756.574995,3746.070189
round-broad-p3-0012-36b63f027556b893,3,broad,broad_joint,development,deterministic,joint_triangular_l2,assumption__radius_max__noise_deterministic__scale_150,broad_or_stress_assumption,True,True,joint_triangular_l5,True,0,-695.6179929999998,-695.6179929999998,14.624346167803875,4756.574995,4060.957002
round-broad-p3-0012-36b63f027556b893,3,broad,broad_joint,development,deterministic,joint_triangular_l3,assumption__radius_max__noise_deterministic__scale_150,broad_or_stress_assumption,True,True,joint_triangular_l5,True,0,-497.6299449999997,-497.6299449999997,10.461938380517424,4756.574995,4258.94505
round-broad-p3-0013-ea080c99b94abef8,3,broad,broad_joint,development,correlated,joint_triangular_l1,assumption__radius_max__noise_correlated__scale_150,broad_or_stress_assumption,True,True,joint_triangular_l5,True,0,-820.3226320000003,-820.3226320000003,13.673303462776081,5999.447275,5179.124643
round-broad-p3-0013-ea080c99b94abef8,3,broad,broad_joint,development,correlated,joint_triangular_l2,assumption__radius_max__noise_correlated__scale_150,broad_or_stress_assumption,True,True,joint_triangular_l5,True,0,-634.2057780000005,-634.2057780000005,10.571070115788299,5999.447275,5365.241497
round-broad-p3-0013-ea080c99b94abef8,3,broad,broad_joint,development,correlated,joint_triangular_l3,assumption__radius_max__noise_correlated__scale_150,broad_or_stress_assumption,True,True,joint_triangular_l5,True,0,-477.91871700000047,-477.91871700000047,7.966045788776441,5999.447275,5521.528558
round-broad-p3-0014-867c903984fba750,3,broad,broad_joint,development,extreme,joint_triangular_l1,assumption__radius_max__noise_extreme__scale_150,broad_or_stress_assumption,True,True,joint_triangular_l5,True,0,-317.9837259999995,-317.9837259999995,7.143341538189468,4451.470286,4133.48656
round-broad-p3-0014-867c903984fba750,3,broad,broad_joint,development,extreme,joint_triangular_l2,assumption__radius_max__noise_extreme__scale_150,broad_or_stress_assumption,True,True,joint_triangular_l5,True,0,-212.82719899999938,-212.82719899999938,4.781054018699102,4451.470286,4238.643087
round-broad-p3-0014-867c903984fba750,3,broad,broad_joint,development,extreme,joint_triangular_l3,assumption__radius_max__noise_extreme__scale_150,broad_or_stress_assumption,True,True,joint_triangular_l5,True,0,-127.16818199999943,-127.16818199999943,2.8567680750323543,4451.470286,4324.302104
round-broad-p3-0015-dd672ef356f1076c,3,broad,broad_joint,development,deterministic,joint_triangular_l1,assumption__radius_mixed__noise_deterministic__scale_150,broad_or_stress_assumption,True,True,joint_triangular_l5,True,0,-135.64440900000045,-135.64440900000045,3.218147519573681,4214.984185,4079.339776
round-broad-p3-0015-dd672ef356f1076c,3,broad,broad_joint,development,deterministic,joint_triangular_l2,assumption__radius_mixed__noise_deterministic__scale_150,broad_or_stress_assumption,True,True,joint_triangular_l5,True,0,-121.8873580000004,-121.8873580000004,2.8917631158324357,4214.984185,4093.096827
round-broad-p3-0015-dd672ef356f1076c,3,broad,broad_joint,development,deterministic,joint_triangular_l3,assumption__radius_mixed__noise_deterministic__scale_150,broad_or_stress_assumption,True,True,joint_triangular_l5,True,0,-79.68400800000018,-79.68400800000018,1.890493641318376,4214.984185,4135.300177
round-broad-p3-0016-58eb73e8f06f7e17,3,broad,broad_joint,development,correlated,joint_triangular_l1,assumption__radius_mixed__noise_correlated__scale_150,broad_or_stress_assumption,True,True,joint_triangular_l5,True,0,-742.1891299999997,-742.1891299999997,12.780257376212003,5807.309729,5065.120599
round-broad-p3-0016-58eb73e8f06f7e17,3,broad,broad_joint,development,correlated,joint_triangular_l2,assumption__radius_mixed__noise_correlated__scale_150,broad_or_stress_assumption,True,True,joint_triangular_l5,True,0,-587.0001869999996,-587.0001869999996,10.107953844250687,5807.309729,5220.309542
round-broad-p3-0016-58eb73e8f06f7e17,3,broad,broad_joint,development,correlated,joint_triangular_l3,assumption__radius_mixed__noise_correlated__scale_150,broad_or_stress_assumption,True,True,joint_triangular_l5,True,0,-395.0943639999996,-395.0943639999996,6.803397484157154,5807.309729,5412.215365
round-broad-p3-0018-91eb169832ddc1e7,3,broad,broad_joint,development,deterministic,joint_triangular_l1,assumption__radius_min__noise_deterministic__scale_300,broad_or_stress_assumption,True,True,joint_triangular_l5,True,0,-188.31331599999976,-188.31331599999976,3.366430331770663,5593.857512,5405.544196
round-broad-p3-0018-91eb169832ddc1e7,3,broad,broad_joint,development,deterministic,joint_triangular_l2,assumption__radius_min__noise_deterministic__scale_300,broad_or_stress_assumption,True,True,joint_triangular_l5,True,0,-150.47752599999967,-150.47752599999967,2.6900493206556257,5593.857512,5443.379986
round-broad-p3-0018-91eb169832ddc1e7,3,broad,broad_joint,development,deterministic,joint_triangular_l3,assumption__radius_min__noise_deterministic__scale_300,broad_or_stress_assumption,True,True,joint_triangular_l5,True,0,-95.71233199999915,-95.71233199999915,1.711025563212436,5593.857512,5498.14518
round-broad-p3-0019-b5ce3f08f02f76d1,3,broad,broad_joint,development,correlated,joint_triangular_l1,assumption__radius_min__noise_correlated__scale_300,broad_or_stress_assumption,True,True,joint_triangular_l5,True,0,-350.294257,-350.294257,8.286740171768043,4227.165927,3876.87167
round-broad-p3-0019-b5ce3f08f02f76d1,3,broad,broad_joint,development,correlated,joint_triangular_l2,assumption__radius_min__noise_correlated__scale_300,broad_or_stress_assumption,True,True,joint_triangular_l5,True,0,-293.92468099999996,-293.92468099999996,6.953232640399261,4227.165927,3933.241246
round-broad-p3-0019-b5ce3f08f02f76d1,3,broad,broad_joint,development,correlated,joint_triangular_l3,assumption__radius_min__noise_correlated__scale_300,broad_or_stress_assumption,True,True,joint_triangular_l5,True,0,-223.03651200000013,-223.03651200000013,5.276265844579423,4227.165927,4004.129415
round-broad-p3-0020-1b326dd4959d3b92,3,broad,broad_joint,development,extreme,joint_triangular_l1,assumption__radius_min__noise_extreme__scale_300,broad_or_stress_assumption,True,True,joint_triangular_l5,True,0,-495.3508160000001,-495.3508160000001,9.247071735308078,5356.839767,4861.488951
round-broad-p3-0020-1b326dd4959d3b92,3,broad,broad_joint,development,extreme,joint_triangular_l2,assumption__radius_min__noise_extreme__scale_300,broad_or_stress_assumption,True,True,joint_triangular_l5,True,0,-399.6483050000006,-399.6483050000006,7.4605237860944325,5356.839767,4957.191462
round-broad-p3-0020-1b326dd4959d3b92,3,broad,broad_joint,development,extreme,joint_triangular_l3,assumption__radius_min__noise_extreme__scale_300,broad_or_stress_assumption,True,True,joint_triangular_l5,True,0,-302.5670820000005,-302.5670820000005,5.648238423406261,5356.839767,5054.272685
round-broad-p3-0021-070e94766ff03d73,3,broad,broad_joint,development,deterministic,joint_triangular_l1,assumption__radius_max__noise_deterministic__scale_300,broad_or_stress_assumption,True,True,joint_triangular_l5,True,0,-503.64574099999936,-503.64574099999936,9.085793279372822,5543.22254,5039.576799
round-broad-p3-0021-070e94766ff03d73,3,broad,broad_joint,development,deterministic,joint_triangular_l2,assumption__radius_max__noise_deterministic__scale_300,broad_or_stress_assumption,True,True,joint_triangular_l5,True,0,-402.88838399999986,-402.88838399999986,7.268125735395785,5543.22254,5140.334156
round-broad-p3-0021-070e94766ff03d73,3,broad,broad_joint,development,deterministic,joint_triangular_l3,assumption__radius_max__noise_deterministic__scale_300,broad_or_stress_assumption,True,True,joint_triangular_l5,True,0,-255.96244699999988,-255.96244699999988,4.617574797926116,5543.22254,5287.260093
round-broad-p3-0022-6c29f9dfd1555808,3,broad,broad_joint,development,correlated,joint_triangular_l1,assumption__radius_max__noise_correlated__scale_300,broad_or_stress_assumption,True,True,joint_triangular_l5,True,0,-524.7542720000001,-524.7542720000001,10.822807700229758,4848.596469,4323.842197
round-broad-p3-0022-6c29f9dfd1555808,3,broad,broad_joint,development,correlated,joint_triangular_l2,assumption__radius_max__noise_correlated__scale_300,broad_or_stress_assumption,True,True,joint_triangular_l5,True,0,-407.2200810000004,-407.2200810000004,8.398720817531503,4848.596469,4441.376388
round-broad-p3-0022-6c29f9dfd1555808,3,broad,broad_joint,development,correlated,joint_triangular_l3,assumption__radius_max__noise_correlated__scale_300,broad_or_stress_assumption,True,True,joint_triangular_l5,True,0,-269.88015300000006,-269.88015300000006,5.5661500132152995,4848.596469,4578.716316
round-broad-p3-0023-b7de5b6158b9352e,3,broad,broad_joint,development,extreme,joint_triangular_l1,assumption__radius_max__noise_extreme__scale_300,broad_or_stress_assumption,True,True,joint_triangular_l5,True,0,-588.9437070000004,-588.9437070000004,11.66003615916919,5050.959525,4462.015818
round-broad-p3-0023-b7de5b6158b9352e,3,broad,broad_joint,development,extreme,joint_triangular_l2,assumption__radius_max__noise_extreme__scale_300,broad_or_stress_assumption,True,True,joint_triangular_l5,True,0,-480.90681700000005,-480.90681700000005,9.521098211532392,5050.959525,4570.052708
round-broad-p3-0023-b7de5b6158b9352e,3,broad,broad_joint,development,extreme,joint_triangular_l3,assumption__radius_max__noise_extreme__scale_300,broad_or_stress_assumption,True,True,joint_triangular_l5,True,0,-334.9157430000005,-334.9157430000005,6.63073503840838,5050.959525,4716.043782
round-broad-p3-0024-89076d8a47701c27,3,broad,broad_joint,development,deterministic,joint_triangular_l1,assumption__radius_mixed__noise_deterministic__scale_300,broad_or_stress_assumption,True,True,joint_triangular_l5,True,0,-759.7773150000003,-759.7773150000003,14.784695073902604,5138.944775,4379.16746
round-broad-p3-0024-89076d8a47701c27,3,broad,broad_joint,development,deterministic,joint_triangular_l2,assumption__radius_mixed__noise_deterministic__scale_300,broad_or_stress_assumption,True,True,joint_triangular_l5,True,0,-591.2518,-591.2518,11.505315310573657,5138.944775,4547.692975
round-broad-p3-0024-89076d8a47701c27,3,broad,broad_joint,development,deterministic,joint_triangular_l3,assumption__radius_mixed__noise_deterministic__scale_300,broad_or_stress_assumption,True,True,joint_triangular_l5,True,0,-444.6794639999998,-444.6794639999998,8.653127898226925,5138.944775,4694.265311
round-broad-p3-0025-1089019f070f4588,3,broad,broad_joint,development,correlated,joint_triangular_l1,assumption__radius_mixed__noise_correlated__scale_300,broad_or_stress_assumption,True,True,joint_triangular_l5,True,0,-463.4882040000002,-463.4882040000002,8.83408037063117,5246.592566,4783.104362
round-broad-p3-0025-1089019f070f4588,3,broad,broad_joint,development,correlated,joint_triangular_l2,assumption__radius_mixed__noise_correlated__scale_300,broad_or_stress_assumption,True,True,joint_triangular_l5,True,0,-341.8998580000007,-341.8998580000007,6.51660775444328,5246.592566,4904.692708
round-broad-p3-0025-1089019f070f4588,3,broad,broad_joint,development,correlated,joint_triangular_l3,assumption__radius_mixed__noise_correlated__scale_300,broad_or_stress_assumption,True,True,joint_triangular_l5,True,0,-192.37385900000027,-192.37385900000027,3.666643761260578,5246.592566,5054.218707
round-broad-p3-0027-4581b726f90f09c9,3,broad,broad_joint,development,deterministic,joint_triangular_l1,assumption__radius_min__noise_deterministic__scale_75,broad_or_stress_assumption,True,True,joint_triangular_l5,True,0,-94.13893499999995,-94.13893499999995,2.063282809510223,4562.5803,4468.441365
round-broad-p3-0027-4581b726f90f09c9,3,broad,broad_joint,development,deterministic,joint_triangular_l2,assumption__radius_min__noise_deterministic__scale_75,broad_or_stress_assumption,True,True,joint_triangular_l5,True,0,-48.78682099999969,-48.78682099999969,1.0692813669493049,4562.5803,4513.793479
round-broad-p3-0027-4581b726f90f09c9,3,broad,broad_joint,development,deterministic,joint_triangular_l3,assumption__radius_min__noise_deterministic__scale_75,broad_or_stress_assumption,True,True,joint_triangular_l5,True,0,-8.830489999999372,-8.830489999999372,0.19354157996954865,4562.5803,4553.74981
round-broad-p3-0028-516793c48b45e016,3,broad,broad_joint,development,correlated,joint_triangular_l1,assumption__radius_min__noise_correlated__scale_75,broad_or_stress_assumption,True,True,joint_triangular_l5,True,0,-230.06728899999962,-230.06728899999962,4.528063580894541,5080.92002,4850.852731
round-broad-p3-0028-516793c48b45e016,3,broad,broad_joint,development,correlated,joint_triangular_l2,assumption__radius_min__noise_correlated__scale_75,broad_or_stress_assumption,True,True,joint_triangular_l5,True,0,-188.7780159999993,-188.7780159999993,3.7154297894261936,5080.92002,4892.142004
round-broad-p3-0028-516793c48b45e016,3,broad,broad_joint,development,correlated,joint_triangular_l3,assumption__radius_min__noise_correlated__scale_75,broad_or_stress_assumption,True,True,joint_triangular_l5,True,0,-125.82692199999929,-125.82692199999929,2.476459410986739,5080.92002,4955.093098
round-broad-p3-0030-7c9d905375ff7952,3,broad,broad_joint,development,deterministic,joint_triangular_l1,assumption__radius_max__noise_deterministic__scale_75,broad_or_stress_assumption,True,True,joint_triangular_l5,True,0,-495.5331019999994,-495.5331019999994,10.063950453209642,4923.842822,4428.30972
round-broad-p3-0030-7c9d905375ff7952,3,broad,broad_joint,development,deterministic,joint_triangular_l2,assumption__radius_max__noise_deterministic__scale_75,broad_or_stress_assumption,True,True,joint_triangular_l5,True,0,-346.58783499999936,-346.58783499999936,7.038970323167626,4923.842822,4577.254987
round-broad-p3-0030-7c9d905375ff7952,3,broad,broad_joint,development,deterministic,joint_triangular_l3,assumption__radius_max__noise_deterministic__scale_75,broad_or_stress_assumption,True,True,joint_triangular_l5,True,0,-232.85372499999994,-232.85372499999994,4.72910556688765,4923.842822,4690.989097
round-broad-p3-0031-adfd6f16404bebf3,3,broad,broad_joint,development,correlated,joint_triangular_l1,assumption__radius_max__noise_correlated__scale_75,broad_or_stress_assumption,True,True,joint_triangular_l5,True,0,-691.7977559999999,-691.7977559999999,12.493989945573999,5537.044283,4845.246527
round-broad-p3-0031-adfd6f16404bebf3,3,broad,broad_joint,development,correlated,joint_triangular_l2,assumption__radius_max__noise_correlated__scale_75,broad_or_stress_assumption,True,True,joint_triangular_l5,True,0,-525.8556950000002,-525.8556950000002,9.497046946409624,5537.044283,5011.188588
round-broad-p3-0031-adfd6f16404bebf3,3,broad,broad_joint,development,correlated,joint_triangular_l3,assumption__radius_max__noise_correlated__scale_75,broad_or_stress_assumption,True,True,joint_triangular_l5,True,0,-337.2563850000006,-337.2563850000006,6.090910019185783,5537.044283,5199.787898
round-broad-p3-0032-c8b4851802723ebc,3,broad,broad_joint,development,extreme,joint_triangular_l1,assumption__radius_max__noise_extreme__scale_75,broad_or_stress_assumption,True,True,joint_triangular_l5,True,0,-473.7096759999995,-473.7096759999995,8.849596035392302,5352.896043,4879.186367
round-broad-p3-0032-c8b4851802723ebc,3,broad,broad_joint,development,extreme,joint_triangular_l2,assumption__radius_max__noise_extreme__scale_75,broad_or_stress_assumption,True,True,joint_triangular_l5,True,0,-237.09055099999932,-237.09055099999932,4.429201484494425,5352.896043,5115.805492
round-broad-p3-0032-c8b4851802723ebc,3,broad,broad_joint,development,extreme,joint_triangular_l3,assumption__radius_max__noise_extreme__scale_75,broad_or_stress_assumption,True,True,joint_triangular_l5,True,0,-169.42848499999945,-169.42848499999945,3.165174209231312,5352.896043,5183.467558
round-broad-p3-0033-2a47c1509f19b429,3,broad,broad_joint,development,deterministic,joint_triangular_l1,assumption__radius_mixed__noise_deterministic__scale_75,broad_or_stress_assumption,True,True,joint_triangular_l5,True,0,-349.34456800000044,-349.34456800000044,6.789381083822187,5145.455288,4796.11072
round-broad-p3-0033-2a47c1509f19b429,3,broad,broad_joint,development,deterministic,joint_triangular_l2,assumption__radius_mixed__noise_deterministic__scale_75,broad_or_stress_assumption,True,True,joint_triangular_l5,True,0,-262.71772599999986,-262.71772599999986,5.105820793209463,5145.455288,4882.737562
round-broad-p3-0033-2a47c1509f19b429,3,broad,broad_joint,development,deterministic,joint_triangular_l3,assumption__radius_mixed__noise_deterministic__scale_75,broad_or_stress_assumption,True,True,joint_triangular_l5,True,0,-195.0657970000002,-195.0657970000002,3.79103084337209,5145.455288,4950.389491
round-broad-p3-0034-d68bb345dd4f7578,3,broad,broad_joint,development,correlated,joint_triangular_l1,assumption__radius_mixed__noise_correlated__scale_75,broad_or_stress_assumption,True,True,joint_triangular_l5,True,0,-907.436651,-907.436651,16.143660400151436,5621.009291,4713.57264
round-broad-p3-0034-d68bb345dd4f7578,3,broad,broad_joint,development,correlated,joint_triangular_l2,assumption__radius_mixed__noise_correlated__scale_75,broad_or_stress_assumption,True,True,joint_triangular_l5,True,0,-640.60052,-640.60052,11.396539070406599,5621.009291,4980.408771
round-broad-p3-0034-d68bb345dd4f7578,3,broad,broad_joint,development,correlated,joint_triangular_l3,assumption__radius_mixed__noise_correlated__scale_75,broad_or_stress_assumption,True,True,joint_triangular_l5,True,0,-403.2082190000001,-403.2082190000001,7.173235234561723,5621.009291,5217.801072
round-broad-p3-0035-c60a0e12b7a5eff6,3,broad,broad_joint,development,extreme,joint_triangular_l1,assumption__radius_mixed__noise_extreme__scale_75,broad_or_stress_assumption,True,True,joint_triangular_l5,True,0,-372.8060209999994,-372.8060209999994,8.181767844248634,4556.546068,4183.740047
round-broad-p3-0035-c60a0e12b7a5eff6,3,broad,broad_joint,development,extreme,joint_triangular_l2,assumption__radius_mixed__noise_extreme__scale_75,broad_or_stress_assumption,True,True,joint_triangular_l5,True,0,-285.9224239999994,-285.9224239999994,6.274981526204542,4556.546068,4270.623644
round-broad-p3-0035-c60a0e12b7a5eff6,3,broad,broad_joint,development,extreme,joint_triangular_l3,assumption__radius_mixed__noise_extreme__scale_75,broad_or_stress_assumption,True,True,joint_triangular_l5,True,0,-160.82805899999948,-160.82805899999948,3.529604586453607,4556.546068,4395.718009
round-broad-p3-0036-6b0255130b6f8f5a,3,broad,broad_joint,development,deterministic,joint_triangular_l1,assumption__radius_min__noise_deterministic__scale_150,broad_or_stress_assumption,True,True,joint_triangular_l5,True,0,-322.49091599999974,-322.49091599999974,7.2249394363089845,4463.579506,4141.08859
round-broad-p3-0036-6b0255130b6f8f5a,3,broad,broad_joint,development,deterministic,joint_triangular_l2,assumption__radius_min__noise_deterministic__scale_150,broad_or_stress_assumption,True,True,joint_triangular_l5,True,0,-272.4244859999999,-272.4244859999999,6.103273967312634,4463.579506,4191.15502
round-broad-p3-0036-6b0255130b6f8f5a,3,broad,broad_joint,development,deterministic,joint_triangular_l3,assumption__radius_min__noise_deterministic__scale_150,broad_or_stress_assumption,True,True,joint_triangular_l5,True,0,-196.613018,-196.613018,4.404828405895096,4463.579506,4266.966488
round-broad-p3-0037-f201d37bd1f6ab96,3,broad,broad_joint,development,correlated,joint_triangular_l1,assumption__radius_min__noise_correlated__scale_150,broad_or_stress_assumption,True,True,joint_triangular_l5,True,0,-271.1146170000002,-271.1146170000002,5.681834690705684,4771.603395,4500.488778
round-broad-p3-0037-f201d37bd1f6ab96,3,broad,broad_joint,development,correlated,joint_triangular_l2,assumption__radius_min__noise_correlated__scale_150,broad_or_stress_assumption,True,True,joint_triangular_l5,True,0,-151.8936190000004,-151.8936190000004,3.1832825661739728,4771.603395,4619.709776
round-broad-p3-0037-f201d37bd1f6ab96,3,broad,broad_joint,development,correlated,joint_triangular_l3,assumption__radius_min__noise_correlated__scale_150,broad_or_stress_assumption,True,True,joint_triangular_l5,True,0,-130.26742000000013,-130.26742000000013,2.730055480648348,4771.603395,4641.335975
round-broad-p3-0039-fbbc84c655748609,3,broad,broad_joint,development,deterministic,joint_triangular_l1,assumption__radius_max__noise_deterministic__scale_150,broad_or_stress_assumption,True,True,joint_triangular_l5,True,0,-1116.764333,-1116.764333,18.810355718355318,5936.965519,4820.201186
round-broad-p3-0039-fbbc84c655748609,3,broad,broad_joint,development,deterministic,joint_triangular_l2,assumption__radius_max__noise_deterministic__scale_150,broad_or_stress_assumption,True,True,joint_triangular_l5,True,0,-807.5460600000006,-807.5460600000006,13.602000170215247,5936.965519,5129.419459
round-broad-p3-0039-fbbc84c655748609,3,broad,broad_joint,development,deterministic,joint_triangular_l3,assumption__radius_max__noise_deterministic__scale_150,broad_or_stress_assumption,True,True,joint_triangular_l5,True,0,-551.090091,-551.090091,9.282352899580651,5936.965519,5385.875428
round-broad-p3-0043-10971dc0c88d73e3,3,broad,broad_joint,development,correlated,joint_triangular_l1,assumption__radius_mixed__noise_correlated__scale_150,broad_or_stress_assumption,True,True,joint_triangular_l5,True,0,-491.0327590000006,-491.0327590000006,10.420046530858166,4712.385473,4221.352714
round-broad-p3-0043-10971dc0c88d73e3,3,broad,broad_joint,development,correlated,joint_triangular_l2,assumption__radius_mixed__noise_correlated__scale_150,broad_or_stress_assumption,True,True,joint_triangular_l5,True,0,-307.0373040000004,-307.0373040000004,6.515538802145874,4712.385473,4405.348169
round-broad-p3-0043-10971dc0c88d73e3,3,broad,broad_joint,development,correlated,joint_triangular_l3,assumption__radius_mixed__noise_correlated__scale_150,broad_or_stress_assumption,True,True,joint_triangular_l5,True,0,-201.8372220000001,-201.8372220000001,4.283122065383722,4712.385473,4510.548251
round-broad-p3-0044-3c8b4e03ed55aebe,3,broad,broad_joint,development,extreme,joint_triangular_l1,assumption__radius_mixed__noise_extreme__scale_150,broad_or_stress_assumption,True,True,joint_triangular_l5,True,0,-397.6413820000007,-397.6413820000007,8.014171488954002,4961.727891,4564.086509
round-broad-p3-0044-3c8b4e03ed55aebe,3,broad,broad_joint,development,extreme,joint_triangular_l2,assumption__radius_mixed__noise_extreme__scale_150,broad_or_stress_assumption,True,True,joint_triangular_l5,True,0,-206.9035640000002,-206.9035640000002,4.169990143459888,4961.727891,4754.824327
round-broad-p3-0044-3c8b4e03ed55aebe,3,broad,broad_joint,development,extreme,joint_triangular_l3,assumption__radius_mixed__noise_extreme__scale_150,broad_or_stress_assumption,True,True,joint_triangular_l5,True,0,-127.14875000000029,-127.14875000000029,2.5625901458770723,4961.727891,4834.579141
round-broad-p3-0045-10a54f78847d5f64,3,broad,broad_joint,development,deterministic,joint_triangular_l1,assumption__radius_min__noise_deterministic__scale_300,broad_or_stress_assumption,True,True,joint_triangular_l5,True,0,-340.465338,-340.465338,7.070013920659085,4815.624719,4475.159381
round-broad-p3-0045-10a54f78847d5f64,3,broad,broad_joint,development,deterministic,joint_triangular_l2,assumption__radius_min__noise_deterministic__scale_300,broad_or_stress_assumption,True,True,joint_triangular_l5,True,0,-245.907647,-245.907647,5.1064537074447225,4815.624719,4569.717072
round-broad-p3-0045-10a54f78847d5f64,3,broad,broad_joint,development,deterministic,joint_triangular_l3,assumption__radius_min__noise_deterministic__scale_300,broad_or_stress_assumption,True,True,joint_triangular_l5,True,0,-140.9641100000008,-140.9641100000008,2.9272237399195222,4815.624719,4674.660609
round-broad-p3-0046-e39cada3a6cb2237,3,broad,broad_joint,development,correlated,joint_triangular_l1,assumption__radius_min__noise_correlated__scale_300,broad_or_stress_assumption,True,True,joint_triangular_l5,True,0,-333.4294460000001,-333.4294460000001,6.407651637149222,5203.613818,4870.184372
round-broad-p3-0046-e39cada3a6cb2237,3,broad,broad_joint,development,correlated,joint_triangular_l2,assumption__radius_min__noise_correlated__scale_300,broad_or_stress_assumption,True,True,joint_triangular_l5,True,0,-320.71098900000015,-320.71098900000015,6.163235786072704,5203.613818,4882.902829
round-broad-p3-0046-e39cada3a6cb2237,3,broad,broad_joint,development,correlated,joint_triangular_l3,assumption__radius_min__noise_correlated__scale_300,broad_or_stress_assumption,True,True,joint_triangular_l5,True,0,-234.1789600000002,-234.1789600000002,4.5003139777579895,5203.613818,4969.434858
round-broad-p3-0047-e3a9757f5ba54e49,3,broad,broad_joint,development,extreme,joint_triangular_l1,assumption__radius_min__noise_extreme__scale_300,broad_or_stress_assumption,True,True,joint_triangular_l5,True,0,-211.2834330000005,-211.2834330000005,4.751581376736507,4446.591908,4235.308475
round-broad-p3-0047-e3a9757f5ba54e49,3,broad,broad_joint,development,extreme,joint_triangular_l2,assumption__radius_min__noise_extreme__scale_300,broad_or_stress_assumption,True,True,joint_triangular_l5,True,0,-179.8119310000002,-179.8119310000002,4.043814560011568,4446.591908,4266.779977
round-broad-p3-0047-e3a9757f5ba54e49,3,broad,broad_joint,development,extreme,joint_triangular_l3,assumption__radius_min__noise_extreme__scale_300,broad_or_stress_assumption,True,True,joint_triangular_l5,True,0,-136.50054900000032,-136.50054900000032,3.069779098783902,4446.591908,4310.091359
round-broad-p3-0048-c7e09a8216ea5159,3,broad,broad_joint,development,deterministic,joint_triangular_l1,assumption__radius_max__noise_deterministic__scale_300,broad_or_stress_assumption,True,True,joint_triangular_l5,True,0,-550.4309430000003,-550.4309430000003,10.168724661456638,5412.979123,4862.54818
round-broad-p3-0048-c7e09a8216ea5159,3,broad,broad_joint,development,deterministic,joint_triangular_l2,assumption__radius_max__noise_deterministic__scale_300,broad_or_stress_assumption,True,True,joint_triangular_l5,True,0,-373.9376680000005,-373.9376680000005,6.90816756360877,5412.979123,5039.041455
round-broad-p3-0048-c7e09a8216ea5159,3,broad,broad_joint,development,deterministic,joint_triangular_l3,assumption__radius_max__noise_deterministic__scale_300,broad_or_stress_assumption,True,True,joint_triangular_l5,True,0,-240.91082300000016,-240.91082300000016,4.4506143017688515,5412.979123,5172.0683
round-broad-p3-0049-31038d2e0a4da4a1,3,broad,broad_joint,development,correlated,joint_triangular_l1,assumption__radius_max__noise_correlated__scale_300,broad_or_stress_assumption,True,True,joint_triangular_l5,True,0,-666.5467279999993,-666.5467279999993,13.079714777678968,5096.034121,4429.487393
round-broad-p3-0049-31038d2e0a4da4a1,3,broad,broad_joint,development,correlated,joint_triangular_l2,assumption__radius_max__noise_correlated__scale_300,broad_or_stress_assumption,True,True,joint_triangular_l5,True,0,-492.86063099999956,-492.86063099999956,9.671454690010691,5096.034121,4603.17349
round-broad-p3-0049-31038d2e0a4da4a1,3,broad,broad_joint,development,correlated,joint_triangular_l3,assumption__radius_max__noise_correlated__scale_300,broad_or_stress_assumption,True,True,joint_triangular_l5,True,0,-349.63468699999976,-349.63468699999976,6.860917307425536,5096.034121,4746.399434
round-broad-p3-0050-82d1bf471a8191c1,3,broad,broad_joint,development,extreme,joint_triangular_l1,assumption__radius_max__noise_extreme__scale_300,broad_or_stress_assumption,True,True,joint_triangular_l5,True,0,-456.63189599999987,-456.63189599999987,10.950104784607445,4170.114396,3713.4825
round-broad-p3-0050-82d1bf471a8191c1,3,broad,broad_joint,development,extreme,joint_triangular_l2,assumption__radius_max__noise_extreme__scale_300,broad_or_stress_assumption,True,True,joint_triangular_l5,True,0,-346.3180739999998,-346.3180739999998,8.304761958861134,4170.114396,3823.796322
round-broad-p3-0050-82d1bf471a8191c1,3,broad,broad_joint,development,extreme,joint_triangular_l3,assumption__radius_max__noise_extreme__scale_300,broad_or_stress_assumption,True,True,joint_triangular_l5,True,0,-137.49231199999986,-137.49231199999986,3.297087296499188,4170.114396,4032.622084
round-broad-p3-0051-4d3a3e5167ab0ea9,3,broad,broad_joint,development,deterministic,joint_triangular_l1,assumption__radius_mixed__noise_deterministic__scale_300,broad_or_stress_assumption,True,True,joint_triangular_l5,True,0,-664.1060020000004,-664.1060020000004,12.233330502733384,5428.660673,4764.554671
round-broad-p3-0051-4d3a3e5167ab0ea9,3,broad,broad_joint,development,deterministic,joint_triangular_l2,assumption__radius_mixed__noise_deterministic__scale_300,broad_or_stress_assumption,True,True,joint_triangular_l5,True,0,-450.34643400000004,-450.34643400000004,8.295718983502582,5428.660673,4978.314239
round-broad-p3-0051-4d3a3e5167ab0ea9,3,broad,broad_joint,development,deterministic,joint_triangular_l3,assumption__radius_mixed__noise_deterministic__scale_300,broad_or_stress_assumption,True,True,joint_triangular_l5,True,0,-308.13988100000006,-308.13988100000006,5.676167650937648,5428.660673,5120.520792
round-broad-p3-0052-4f021b0facf73c2d,3,broad,broad_joint,development,correlated,joint_triangular_l1,assumption__radius_mixed__noise_correlated__scale_300,broad_or_stress_assumption,True,True,joint_triangular_l5,True,0,-544.2289430000001,-544.2289430000001,11.380046416243015,4782.30864,4238.079697
round-broad-p3-0052-4f021b0facf73c2d,3,broad,broad_joint,development,correlated,joint_triangular_l2,assumption__radius_mixed__noise_correlated__scale_300,broad_or_stress_assumption,True,True,joint_triangular_l5,True,0,-434.1359389999998,-434.1359389999998,9.077957356595867,4782.30864,4348.172701
round-broad-p3-0052-4f021b0facf73c2d,3,broad,broad_joint,development,correlated,joint_triangular_l3,assumption__radius_mixed__noise_correlated__scale_300,broad_or_stress_assumption,True,True,joint_triangular_l5,True,0,-291.24838,-291.24838,6.090120942089593,4782.30864,4491.06026
round-broad-p3-0053-1279b2c178da12f4,3,broad,broad_joint,development,extreme,joint_triangular_l1,assumption__radius_mixed__noise_extreme__scale_300,broad_or_stress_assumption,True,True,joint_triangular_l5,True,0,-459.33581499999946,-459.33581499999946,9.219936300281969,4981.984691,4522.648876
round-broad-p3-0053-1279b2c178da12f4,3,broad,broad_joint,development,extreme,joint_triangular_l2,assumption__radius_mixed__noise_extreme__scale_300,broad_or_stress_assumption,True,True,joint_triangular_l5,True,0,-349.4024209999998,-349.4024209999998,7.013317837591881,4981.984691,4632.58227
round-broad-p3-0053-1279b2c178da12f4,3,broad,broad_joint,development,extreme,joint_triangular_l3,assumption__radius_mixed__noise_extreme__scale_300,broad_or_stress_assumption,True,True,joint_triangular_l5,True,0,-234.2244439999995,-234.2244439999995,4.7014284171352045,4981.984691,4747.760247
round-broad-p3-0054-249121d30bc2d440,3,broad,broad_joint,development,deterministic,joint_triangular_l1,assumption__radius_min__noise_deterministic__scale_75,broad_or_stress_assumption,True,True,joint_triangular_l5,True,0,-182.9280689999996,-182.9280689999996,3.524645006745515,5189.971434,5007.043365
round-broad-p3-0054-249121d30bc2d440,3,broad,broad_joint,development,deterministic,joint_triangular_l2,assumption__radius_min__noise_deterministic__scale_75,broad_or_stress_assumption,True,True,joint_triangular_l5,True,0,-99.14237500000036,-99.14237500000036,1.9102682213337276,5189.971434,5090.829059
round-broad-p3-0054-249121d30bc2d440,3,broad,broad_joint,development,deterministic,joint_triangular_l3,assumption__radius_min__noise_deterministic__scale_75,broad_or_stress_assumption,True,True,joint_triangular_l5,True,0,-63.60577100000046,-63.60577100000046,1.2255514661085216,5189.971434,5126.365663
round-broad-p3-0055-443de8ca94fce273,3,broad,broad_joint,development,correlated,joint_triangular_l1,assumption__radius_min__noise_correlated__scale_75,broad_or_stress_assumption,True,True,joint_triangular_l5,True,0,-323.68057900000076,-323.68057900000076,6.332144811102223,5111.705254,4788.024675
round-broad-p3-0055-443de8ca94fce273,3,broad,broad_joint,development,correlated,joint_triangular_l2,assumption__radius_min__noise_correlated__scale_75,broad_or_stress_assumption,True,True,joint_triangular_l5,True,0,-222.2897350000003,-222.2897350000003,4.348641479789051,5111.705254,4889.415519
round-broad-p3-0055-443de8ca94fce273,3,broad,broad_joint,development,correlated,joint_triangular_l3,assumption__radius_min__noise_correlated__scale_75,broad_or_stress_assumption,True,True,joint_triangular_l5,True,0,-153.3475780000008,-153.3475780000008,2.9999299720969548,5111.705254,4958.357676
round-broad-p3-0056-fe695ba0f6ab09e9,3,broad,broad_joint,development,extreme,joint_triangular_l1,assumption__radius_min__noise_extreme__scale_75,broad_or_stress_assumption,True,True,joint_triangular_l5,True,0,-44.94883800000025,-44.94883800000025,0.968372012637764,4641.691149,4596.742311
round-broad-p3-0056-fe695ba0f6ab09e9,3,broad,broad_joint,development,extreme,joint_triangular_l2,assumption__radius_min__noise_extreme__scale_75,broad_or_stress_assumption,True,True,joint_triangular_l5,True,0,-25.54374100000041,-25.54374100000041,0.5503110866284914,4641.691149,4616.147408
round-broad-p3-0056-fe695ba0f6ab09e9,3,broad,broad_joint,development,extreme,joint_triangular_l3,assumption__radius_min__noise_extreme__scale_75,broad_or_stress_assumption,True,True,joint_triangular_l5,True,0,-28.25840100000005,-28.25840100000005,0.6087953742051105,4641.691149,4613.432748
round-broad-p3-0058-2ea42beb7409617f,3,broad,broad_joint,development,correlated,joint_triangular_l1,assumption__radius_max__noise_correlated__scale_75,broad_or_stress_assumption,True,True,joint_triangular_l5,True,0,-1092.4466410000005,-1092.4466410000005,19.6673715286224,5554.614349,4462.167708
round-broad-p3-0058-2ea42beb7409617f,3,broad,broad_joint,development,correlated,joint_triangular_l2,assumption__radius_max__noise_correlated__scale_75,broad_or_stress_assumption,True,True,joint_triangular_l5,True,0,-871.5064860000002,-871.5064860000002,15.689774865412534,5554.614349,4683.107863
round-broad-p3-0058-2ea42beb7409617f,3,broad,broad_joint,development,correlated,joint_triangular_l3,assumption__radius_max__noise_correlated__scale_75,broad_or_stress_assumption,True,True,joint_triangular_l5,True,0,-657.4091240000007,-657.4091240000007,11.835369346899023,5554.614349,4897.205225
round-broad-p3-0060-5b368ebcf1bee228,3,broad,broad_joint,development,deterministic,joint_triangular_l1,assumption__radius_mixed__noise_deterministic__scale_75,broad_or_stress_assumption,True,True,joint_triangular_l5,True,0,-1129.9560529999999,-1129.9560529999999,18.508889412090568,6104.937081,4974.981028
round-broad-p3-0060-5b368ebcf1bee228,3,broad,broad_joint,development,deterministic,joint_triangular_l2,assumption__radius_mixed__noise_deterministic__scale_75,broad_or_stress_assumption,True,True,joint_triangular_l5,True,0,-854.0722480000004,-854.0722480000004,13.989861593464642,6104.937081,5250.864833
round-broad-p3-0060-5b368ebcf1bee228,3,broad,broad_joint,development,deterministic,joint_triangular_l3,assumption__radius_mixed__noise_deterministic__scale_75,broad_or_stress_assumption,True,True,joint_triangular_l5,True,0,-568.1527489999999,-568.1527489999999,9.306447248542902,6104.937081,5536.784332
round-broad-p3-0061-3350fc3f4341d395,3,broad,broad_joint,development,correlated,joint_triangular_l1,assumption__radius_mixed__noise_correlated__scale_75,broad_or_stress_assumption,True,True,joint_triangular_l5,True,0,-759.6481330000001,-759.6481330000001,16.47266158737066,4611.568865,3851.920732
round-broad-p3-0061-3350fc3f4341d395,3,broad,broad_joint,development,correlated,joint_triangular_l2,assumption__radius_mixed__noise_correlated__scale_75,broad_or_stress_assumption,True,True,joint_triangular_l5,True,0,-576.6808070000002,-576.6808070000002,12.50508934989091,4611.568865,4034.888058
round-broad-p3-0061-3350fc3f4341d395,3,broad,broad_joint,development,correlated,joint_triangular_l3,assumption__radius_mixed__noise_correlated__scale_75,broad_or_stress_assumption,True,True,joint_triangular_l5,True,0,-450.8803400000006,-450.8803400000006,9.777157258173148,4611.568865,4160.688525
round-broad-p3-0062-63c15503241eacbf,3,broad,broad_joint,development,extreme,joint_triangular_l1,assumption__radius_mixed__noise_extreme__scale_75,broad_or_stress_assumption,True,True,joint_triangular_l5,True,0,-496.06242199999997,-496.06242199999997,9.500010328812147,5221.704028,4725.641606
round-broad-p3-0062-63c15503241eacbf,3,broad,broad_joint,development,extreme,joint_triangular_l2,assumption__radius_mixed__noise_extreme__scale_75,broad_or_stress_assumption,True,True,joint_triangular_l5,True,0,-312.000935,-312.000935,5.975078888557795,5221.704028,4909.703093
round-broad-p3-0062-63c15503241eacbf,3,broad,broad_joint,development,extreme,joint_triangular_l3,assumption__radius_mixed__noise_extreme__scale_75,broad_or_stress_assumption,True,True,joint_triangular_l5,True,0,-216.61766499999976,-216.61766499999976,4.148409481626019,5221.704028,5005.086363
round-broad-p3-0063-2836325f655af561,3,broad,broad_joint,development,deterministic,joint_triangular_l1,assumption__radius_min__noise_deterministic__scale_150,broad_or_stress_assumption,True,True,joint_triangular_l5,True,0,-388.8671809999996,-388.8671809999996,7.469067973428171,5206.368216,4817.501035
round-broad-p3-0063-2836325f655af561,3,broad,broad_joint,development,deterministic,joint_triangular_l2,assumption__radius_min__noise_deterministic__scale_150,broad_or_stress_assumption,True,True,joint_triangular_l5,True,0,-289.33400299999994,-289.33400299999994,5.557309644577777,5206.368216,4917.034213
round-broad-p3-0063-2836325f655af561,3,broad,broad_joint,development,deterministic,joint_triangular_l3,assumption__radius_min__noise_deterministic__scale_150,broad_or_stress_assumption,True,True,joint_triangular_l5,True,0,-191.57447700000012,-191.57447700000012,3.6796182876820196,5206.368216,5014.793739
round-broad-p3-0064-751cbd8d9b457a75,3,broad,broad_joint,development,correlated,joint_triangular_l1,assumption__radius_min__noise_correlated__scale_150,broad_or_stress_assumption,True,True,joint_triangular_l5,True,0,-451.62477800000033,-451.62477800000033,10.655144352617643,4238.560859,3786.936081
round-broad-p3-0064-751cbd8d9b457a75,3,broad,broad_joint,development,correlated,joint_triangular_l2,assumption__radius_min__noise_correlated__scale_150,broad_or_stress_assumption,True,True,joint_triangular_l5,True,0,-341.9484830000001,-341.9484830000001,8.067561004200744,4238.560859,3896.612376
round-broad-p3-0064-751cbd8d9b457a75,3,broad,broad_joint,development,correlated,joint_triangular_l3,assumption__radius_min__noise_correlated__scale_150,broad_or_stress_assumption,True,True,joint_triangular_l5,True,0,-239.2230810000001,-239.2230810000001,5.643969473554752,4238.560859,3999.337778
round-broad-p3-0066-c5f5603335ac31f3,3,broad,broad_joint,development,deterministic,joint_triangular_l1,assumption__radius_max__noise_deterministic__scale_150,broad_or_stress_assumption,True,True,joint_triangular_l5,True,0,-489.31747899999937,-489.31747899999937,9.73708099979834,5025.299461,4535.981982
round-broad-p3-0066-c5f5603335ac31f3,3,broad,broad_joint,development,deterministic,joint_triangular_l2,assumption__radius_max__noise_deterministic__scale_150,broad_or_stress_assumption,True,True,joint_triangular_l5,True,0,-349.7647049999996,-349.7647049999996,6.960076861377707,5025.299461,4675.534756
round-broad-p3-0066-c5f5603335ac31f3,3,broad,broad_joint,development,deterministic,joint_triangular_l3,assumption__radius_max__noise_deterministic__scale_150,broad_or_stress_assumption,True,True,joint_triangular_l5,True,0,-239.50614700000006,-239.50614700000006,4.766007456048002,5025.299461,4785.793314
round-broad-p3-0067-9feaa6de4db586c3,3,broad,broad_joint,development,correlated,joint_triangular_l1,assumption__radius_max__noise_correlated__scale_150,broad_or_stress_assumption,True,True,joint_triangular_l5,True,0,-816.950597,-816.950597,13.448818798392658,6074.515608,5257.565011
round-broad-p3-0067-9feaa6de4db586c3,3,broad,broad_joint,development,correlated,joint_triangular_l2,assumption__radius_max__noise_correlated__scale_150,broad_or_stress_assumption,True,True,joint_triangular_l5,True,0,-583.3707859999995,-583.3707859999995,9.603577036360123,6074.515608,5491.144822
round-broad-p3-0067-9feaa6de4db586c3,3,broad,broad_joint,development,correlated,joint_triangular_l3,assumption__radius_max__noise_correlated__scale_150,broad_or_stress_assumption,True,True,joint_triangular_l5,True,0,-312.356229,-312.356229,5.142076326030571,6074.515608,5762.159379
round-broad-p3-0068-39fc53eee6337156,3,broad,broad_joint,development,extreme,joint_triangular_l1,assumption__radius_max__noise_extreme__scale_150,broad_or_stress_assumption,True,True,joint_triangular_l5,True,0,-451.26012999999966,-451.26012999999966,9.034815475618483,4994.680093,4543.419963
round-broad-p3-0068-39fc53eee6337156,3,broad,broad_joint,development,extreme,joint_triangular_l2,assumption__radius_max__noise_extreme__scale_150,broad_or_stress_assumption,True,True,joint_triangular_l5,True,0,-381.64651500000036,-381.64651500000036,7.641060245978007,4994.680093,4613.033578
round-broad-p3-0068-39fc53eee6337156,3,broad,broad_joint,development,extreme,joint_triangular_l3,assumption__radius_max__noise_extreme__scale_150,broad_or_stress_assumption,True,True,joint_triangular_l5,True,0,-267.5494840000001,-267.5494840000001,5.356689097565395,4994.680093,4727.130609
round-broad-p3-0069-7c187b1a7f3ea557,3,broad,broad_joint,development,deterministic,joint_triangular_l1,assumption__radius_mixed__noise_deterministic__scale_150,broad_or_stress_assumption,True,True,joint_triangular_l5,True,0,-323.21773399999984,-323.21773399999984,7.349080947920215,4398.07013,4074.852396
round-broad-p3-0069-7c187b1a7f3ea557,3,broad,broad_joint,development,deterministic,joint_triangular_l2,assumption__radius_mixed__noise_deterministic__scale_150,broad_or_stress_assumption,True,True,joint_triangular_l5,True,0,-231.10397600000033,-231.10397600000033,5.254667824044005,4398.07013,4166.966154
round-broad-p3-0069-7c187b1a7f3ea557,3,broad,broad_joint,development,deterministic,joint_triangular_l3,assumption__radius_mixed__noise_deterministic__scale_150,broad_or_stress_assumption,True,True,joint_triangular_l5,True,0,-118.42108800000005,-118.42108800000005,2.692569342908592,4398.07013,4279.649042
round-broad-p3-0070-c3cd99c32751ebea,3,broad,broad_joint,development,correlated,joint_triangular_l1,assumption__radius_mixed__noise_correlated__scale_150,broad_or_stress_assumption,True,True,joint_triangular_l5,True,0,-626.4332949999998,-626.4332949999998,14.335193915222359,4369.897601,3743.464306
round-broad-p3-0070-c3cd99c32751ebea,3,broad,broad_joint,development,correlated,joint_triangular_l2,assumption__radius_mixed__noise_correlated__scale_150,broad_or_stress_assumption,True,True,joint_triangular_l5,True,0,-477.41756899999973,-477.41756899999973,10.92514316332603,4369.897601,3892.480032
round-broad-p3-0070-c3cd99c32751ebea,3,broad,broad_joint,development,correlated,joint_triangular_l3,assumption__radius_mixed__noise_correlated__scale_150,broad_or_stress_assumption,True,True,joint_triangular_l5,True,0,-321.1374479999995,-321.1374479999995,7.348855220921217,4369.897601,4048.760153
round-broad-p3-0071-90111100cd31bb57,3,broad,broad_joint,development,extreme,joint_triangular_l1,assumption__radius_mixed__noise_extreme__scale_150,broad_or_stress_assumption,True,True,joint_triangular_l5,True,0,-170.16598900000008,-170.16598900000008,4.154921934415018,4095.527947,3925.361958
round-broad-p3-0071-90111100cd31bb57,3,broad,broad_joint,development,extreme,joint_triangular_l2,assumption__radius_mixed__noise_extreme__scale_150,broad_or_stress_assumption,True,True,joint_triangular_l5,True,0,-89.303359,-89.303359,2.1805090859022283,4095.527947,4006.224588
round-broad-p3-0071-90111100cd31bb57,3,broad,broad_joint,development,extreme,joint_triangular_l3,assumption__radius_mixed__noise_extreme__scale_150,broad_or_stress_assumption,True,True,joint_triangular_l5,True,0,-52.32069899999988,-52.32069899999988,1.27750804480104,4095.527947,4043.207248
round-broad-p3-0073-e9e3f4b2f996ebad,3,broad,broad_joint,development,correlated,joint_triangular_l1,assumption__radius_min__noise_correlated__scale_300,broad_or_stress_assumption,True,True,joint_triangular_l5,True,0,-274.5877870000004,-274.5877870000004,5.971182426017903,4598.549624,4323.961837
round-broad-p3-0073-e9e3f4b2f996ebad,3,broad,broad_joint,development,correlated,joint_triangular_l2,assumption__radius_min__noise_correlated__scale_300,broad_or_stress_assumption,True,True,joint_triangular_l5,True,0,-237.54477899999983,-237.54477899999983,5.165645658366822,4598.549624,4361.004845
round-broad-p3-0073-e9e3f4b2f996ebad,3,broad,broad_joint,development,correlated,joint_triangular_l3,assumption__radius_min__noise_correlated__scale_300,broad_or_stress_assumption,True,True,joint_triangular_l5,True,0,-156.69900899999993,-156.69900899999993,3.407574600960747,4598.549624,4441.850615
round-broad-p3-0074-c8087ef6c2e1015d,3,broad,broad_joint,development,extreme,joint_triangular_l1,assumption__radius_min__noise_extreme__scale_300,broad_or_stress_assumption,True,True,joint_triangular_l5,True,0,-424.41287699999975,-424.41287699999975,7.497185793498066,5660.962509,5236.549632
round-broad-p3-0074-c8087ef6c2e1015d,3,broad,broad_joint,development,extreme,joint_triangular_l2,assumption__radius_min__noise_extreme__scale_300,broad_or_stress_assumption,True,True,joint_triangular_l5,True,0,-372.05298500000026,-372.05298500000026,6.572256650852168,5660.962509,5288.909524
round-broad-p3-0074-c8087ef6c2e1015d,3,broad,broad_joint,development,extreme,joint_triangular_l3,assumption__radius_min__noise_extreme__scale_300,broad_or_stress_assumption,True,True,joint_triangular_l5,True,0,-288.87863800000014,-288.87863800000014,5.102995074437087,5660.962509,5372.083871
round-broad-p3-0075-789cfc31ce74f1cd,3,broad,broad_joint,development,deterministic,joint_triangular_l1,assumption__radius_max__noise_deterministic__scale_300,broad_or_stress_assumption,True,True,joint_triangular_l5,True,0,-379.5724930000001,-379.5724930000001,8.796132364171207,4315.220341,3935.647848
round-broad-p3-0075-789cfc31ce74f1cd,3,broad,broad_joint,development,deterministic,joint_triangular_l2,assumption__radius_max__noise_deterministic__scale_300,broad_or_stress_assumption,True,True,joint_triangular_l5,True,0,-344.80776700000024,-344.80776700000024,7.990501984890422,4315.220341,3970.412574
round-broad-p3-0075-789cfc31ce74f1cd,3,broad,broad_joint,development,deterministic,joint_triangular_l3,assumption__radius_max__noise_deterministic__scale_300,broad_or_stress_assumption,True,True,joint_triangular_l5,True,0,-265.0840710000002,-265.0840710000002,6.143001980255084,4315.220341,4050.13627
round-broad-p3-0076-95617b3cb21b2928,3,broad,broad_joint,development,correlated,joint_triangular_l1,assumption__radius_max__noise_correlated__scale_300,broad_or_stress_assumption,True,True,joint_triangular_l5,True,0,-957.1346880000001,-957.1346880000001,17.23403193092249,5553.747909,4596.613221
round-broad-p3-0076-95617b3cb21b2928,3,broad,broad_joint,development,correlated,joint_triangular_l2,assumption__radius_max__noise_correlated__scale_300,broad_or_stress_assumption,True,True,joint_triangular_l5,True,0,-759.4158989999996,-759.4158989999996,13.673935357587,5553.747909,4794.33201
round-broad-p3-0076-95617b3cb21b2928,3,broad,broad_joint,development,correlated,joint_triangular_l3,assumption__radius_max__noise_correlated__scale_300,broad_or_stress_assumption,True,True,joint_triangular_l5,True,0,-543.6751759999997,-543.6751759999997,9.789338387487112,5553.747909,5010.072733
round-broad-p3-0077-7c6e4abaae4de2cc,3,broad,broad_joint,development,extreme,joint_triangular_l1,assumption__radius_max__noise_extreme__scale_300,broad_or_stress_assumption,True,True,joint_triangular_l5,True,0,-655.570033,-655.570033,15.369693651104324,4265.342224,3609.772191
round-broad-p3-0077-7c6e4abaae4de2cc,3,broad,broad_joint,development,extreme,joint_triangular_l2,assumption__radius_max__noise_extreme__scale_300,broad_or_stress_assumption,True,True,joint_triangular_l5,True,0,-466.896354,-466.896354,10.946281200436685,4265.342224,3798.44587
round-broad-p3-0077-7c6e4abaae4de2cc,3,broad,broad_joint,development,extreme,joint_triangular_l3,assumption__radius_max__noise_extreme__scale_300,broad_or_stress_assumption,True,True,joint_triangular_l5,True,0,-308.34484599999996,-308.34484599999996,7.229076350896809,4265.342224,3956.997378
round-broad-p3-0078-3a82acfdca8b7eef,3,broad,broad_joint,development,deterministic,joint_triangular_l1,assumption__radius_mixed__noise_deterministic__scale_300,broad_or_stress_assumption,True,True,joint_triangular_l5,True,0,-483.0824279999997,-483.0824279999997,10.126472571325172,4770.490658,4287.40823
round-broad-p3-0078-3a82acfdca8b7eef,3,broad,broad_joint,development,deterministic,joint_triangular_l2,assumption__radius_mixed__noise_deterministic__scale_300,broad_or_stress_assumption,True,True,joint_triangular_l5,True,0,-389.93983500000013,-389.93983500000013,8.173998503614724,4770.490658,4380.550823
round-broad-p3-0078-3a82acfdca8b7eef,3,broad,broad_joint,development,deterministic,joint_triangular_l3,assumption__radius_mixed__noise_deterministic__scale_300,broad_or_stress_assumption,True,True,joint_triangular_l5,True,0,-278.9508189999997,-278.9508189999997,5.847424070146868,4770.490658,4491.539839
round-broad-p3-0079-385b6aae137770eb,3,broad,broad_joint,development,correlated,joint_triangular_l1,assumption__radius_mixed__noise_correlated__scale_300,broad_or_stress_assumption,True,True,joint_triangular_l5,True,0,-397.8644340000001,-397.8644340000001,8.010625842866562,4966.708492,4568.844058
round-broad-p3-0079-385b6aae137770eb,3,broad,broad_joint,development,correlated,joint_triangular_l2,assumption__radius_mixed__noise_correlated__scale_300,broad_or_stress_assumption,True,True,joint_triangular_l5,True,0,-215.99198499999966,-215.99198499999966,4.348795290641746,4966.708492,4750.716507
round-broad-p3-0079-385b6aae137770eb,3,broad,broad_joint,development,correlated,joint_triangular_l3,assumption__radius_mixed__noise_correlated__scale_300,broad_or_stress_assumption,True,True,joint_triangular_l5,True,0,-135.75939299999936,-135.75939299999936,2.7333875788899302,4966.708492,4830.949099
round-broad-p3-0080-d50cff08e2aa96c4,3,broad,broad_joint,development,extreme,joint_triangular_l1,assumption__radius_mixed__noise_extreme__scale_300,broad_or_stress_assumption,True,True,joint_triangular_l5,True,0,-360.9144749999996,-360.9144749999996,7.333851598758638,4921.213228,4560.298753
round-broad-p3-0080-d50cff08e2aa96c4,3,broad,broad_joint,development,extreme,joint_triangular_l2,assumption__radius_mixed__noise_extreme__scale_300,broad_or_stress_assumption,True,True,joint_triangular_l5,True,0,-209.88484999999946,-209.88484999999946,4.264900549438242,4921.213228,4711.328378
round-broad-p3-0080-d50cff08e2aa96c4,3,broad,broad_joint,development,extreme,joint_triangular_l3,assumption__radius_mixed__noise_extreme__scale_300,broad_or_stress_assumption,True,True,joint_triangular_l5,True,0,-136.00157499999932,-136.00157499999932,2.763578180807071,4921.213228,4785.211653
round-broad-p3-0081-fa73c3835ad549c3,3,broad,broad_joint,development,deterministic,joint_triangular_l1,assumption__radius_min__noise_deterministic__scale_75,broad_or_stress_assumption,True,True,joint_triangular_l5,True,0,-401.6641669999999,-401.6641669999999,7.6155957684279265,5274.231711,4872.567544
round-broad-p3-0081-fa73c3835ad549c3,3,broad,broad_joint,development,deterministic,joint_triangular_l2,assumption__radius_min__noise_deterministic__scale_75,broad_or_stress_assumption,True,True,joint_triangular_l5,True,0,-312.1198910000003,-312.1198910000003,5.9178266732013185,5274.231711,4962.11182
round-broad-p3-0081-fa73c3835ad549c3,3,broad,broad_joint,development,deterministic,joint_triangular_l3,assumption__radius_min__noise_deterministic__scale_75,broad_or_stress_assumption,True,True,joint_triangular_l5,True,0,-229.0488030000006,-229.0488030000006,4.342789918051831,5274.231711,5045.182908
round-broad-p3-0082-546b8944c1400fe9,3,broad,broad_joint,development,correlated,joint_triangular_l1,assumption__radius_min__noise_correlated__scale_75,broad_or_stress_assumption,True,True,joint_triangular_l5,True,0,-410.4153730000003,-410.4153730000003,10.008088119721588,4100.836924,3690.421551
round-broad-p3-0082-546b8944c1400fe9,3,broad,broad_joint,development,correlated,joint_triangular_l2,assumption__radius_min__noise_correlated__scale_75,broad_or_stress_assumption,True,True,joint_triangular_l5,True,0,-286.1374890000002,-286.1374890000002,6.97753883665529,4100.836924,3814.699435
round-broad-p3-0082-546b8944c1400fe9,3,broad,broad_joint,development,correlated,joint_triangular_l3,assumption__radius_min__noise_correlated__scale_75,broad_or_stress_assumption,True,True,joint_triangular_l5,True,0,-226.80589800000007,-226.80589800000007,5.530722196550337,4100.836924,3874.031026
round-broad-p3-0083-97dfce10fdfdae17,3,broad,broad_joint,development,extreme,joint_triangular_l1,assumption__radius_min__noise_extreme__scale_75,broad_or_stress_assumption,True,True,joint_triangular_l5,True,0,-355.3243929999999,-355.3243929999999,6.67220192570158,5325.444238,4970.119845
round-broad-p3-0083-97dfce10fdfdae17,3,broad,broad_joint,development,extreme,joint_triangular_l2,assumption__radius_min__noise_extreme__scale_75,broad_or_stress_assumption,True,True,joint_triangular_l5,True,0,-267.48179400000026,-267.48179400000026,5.022713261954172,5325.444238,5057.962444
round-broad-p3-0083-97dfce10fdfdae17,3,broad,broad_joint,development,extreme,joint_triangular_l3,assumption__radius_min__noise_extreme__scale_75,broad_or_stress_assumption,True,True,joint_triangular_l5,True,0,-179.49194499999976,-179.49194499999976,3.3704595706631406,5325.444238,5145.952293
round-broad-p3-0084-07635aa55255e737,3,broad,broad_joint,development,deterministic,joint_triangular_l1,assumption__radius_max__noise_deterministic__scale_75,broad_or_stress_assumption,True,True,joint_triangular_l5,True,0,-254.45434599999953,-254.45434599999953,5.844244532194653,4353.930514,4099.476168
round-broad-p3-0084-07635aa55255e737,3,broad,broad_joint,development,deterministic,joint_triangular_l2,assumption__radius_max__noise_deterministic__scale_75,broad_or_stress_assumption,True,True,joint_triangular_l5,True,0,-181.18541299999924,-181.18541299999924,4.161421786989944,4353.930514,4172.745101
round-broad-p3-0084-07635aa55255e737,3,broad,broad_joint,development,deterministic,joint_triangular_l3,assumption__radius_max__noise_deterministic__scale_75,broad_or_stress_assumption,True,True,joint_triangular_l5,True,0,-140.83788299999924,-140.83788299999924,3.234729689579039,4353.930514,4213.092631
round-broad-p3-0086-884c4b81f00cb18f,3,broad,broad_joint,development,extreme,joint_triangular_l1,assumption__radius_max__noise_extreme__scale_75,broad_or_stress_assumption,True,True,joint_triangular_l5,True,0,-238.4111499999999,-238.4111499999999,5.315218476609624,4485.444033,4247.032883
round-broad-p3-0086-884c4b81f00cb18f,3,broad,broad_joint,development,extreme,joint_triangular_l2,assumption__radius_max__noise_extreme__scale_75,broad_or_stress_assumption,True,True,joint_triangular_l5,True,0,-93.94672300000002,-93.94672300000002,2.094479884462311,4485.444033,4391.49731
round-broad-p3-0086-884c4b81f00cb18f,3,broad,broad_joint,development,extreme,joint_triangular_l3,assumption__radius_max__noise_extreme__scale_75,broad_or_stress_assumption,True,True,joint_triangular_l5,True,0,-59.21242900000016,-59.21242900000016,1.3201018352779916,4485.444033,4426.231604
round-broad-p3-0088-065c1197fb88884e,3,broad,broad_joint,development,correlated,joint_triangular_l1,assumption__radius_mixed__noise_correlated__scale_75,broad_or_stress_assumption,True,True,joint_triangular_l5,True,0,-673.9455079999998,-673.9455079999998,13.977975146747308,4821.481659,4147.536151
round-broad-p3-0088-065c1197fb88884e,3,broad,broad_joint,development,correlated,joint_triangular_l2,assumption__radius_mixed__noise_correlated__scale_75,broad_or_stress_assumption,True,True,joint_triangular_l5,True,0,-563.4463089999999,-563.4463089999999,11.686165142788525,4821.481659,4258.03535
round-broad-p3-0088-065c1197fb88884e,3,broad,broad_joint,development,correlated,joint_triangular_l3,assumption__radius_mixed__noise_correlated__scale_75,broad_or_stress_assumption,True,True,joint_triangular_l5,True,0,-421.49549600000046,-421.49549600000046,8.742032549542472,4821.481659,4399.986163
round-broad-p3-0089-20496f2c43b8c2ee,3,broad,broad_joint,development,extreme,joint_triangular_l1,assumption__radius_mixed__noise_extreme__scale_75,broad_or_stress_assumption,True,True,joint_triangular_l5,True,0,-242.99779200000012,-242.99779200000012,5.272800284966592,4608.514999,4365.517207
round-broad-p3-0089-20496f2c43b8c2ee,3,broad,broad_joint,development,extreme,joint_triangular_l2,assumption__radius_mixed__noise_extreme__scale_75,broad_or_stress_assumption,True,True,joint_triangular_l5,True,0,-196.62666199999967,-196.62666199999967,4.266594815090449,4608.514999,4411.888337
round-broad-p3-0089-20496f2c43b8c2ee,3,broad,broad_joint,development,extreme,joint_triangular_l3,assumption__radius_mixed__noise_extreme__scale_75,broad_or_stress_assumption,True,True,joint_triangular_l5,True,0,-122.77646699999968,-122.77646699999968,2.664122109326777,4608.514999,4485.738532
round-broad-p3-0090-fb8c91bfd4feedfc,3,broad,broad_joint,development,deterministic,joint_triangular_l1,assumption__radius_min__noise_deterministic__scale_150,broad_or_stress_assumption,True,True,joint_triangular_l5,True,0,-333.54006599999957,-333.54006599999957,6.381999267601334,5226.262994,4892.722928
round-broad-p3-0090-fb8c91bfd4feedfc,3,broad,broad_joint,development,deterministic,joint_triangular_l2,assumption__radius_min__noise_deterministic__scale_150,broad_or_stress_assumption,True,True,joint_triangular_l5,True,0,-192.97992499999964,-192.97992499999964,3.692503136974734,5226.262994,5033.283069
round-broad-p3-0090-fb8c91bfd4feedfc,3,broad,broad_joint,development,deterministic,joint_triangular_l3,assumption__radius_min__noise_deterministic__scale_150,broad_or_stress_assumption,True,True,joint_triangular_l5,True,0,-122.40177099999983,-122.40177099999983,2.3420515029672813,5226.262994,5103.861223
round-broad-p3-0092-5619056ad20ba0a5,3,broad,broad_joint,development,extreme,joint_triangular_l1,assumption__radius_min__noise_extreme__scale_150,broad_or_stress_assumption,True,True,joint_triangular_l5,True,0,-124.35658600000079,-124.35658600000079,2.8740499886870414,4326.876237,4202.519651
round-broad-p3-0092-5619056ad20ba0a5,3,broad,broad_joint,development,extreme,joint_triangular_l2,assumption__radius_min__noise_extreme__scale_150,broad_or_stress_assumption,True,True,joint_triangular_l5,True,0,-83.57404300000053,-83.57404300000053,1.9315099028102967,4326.876237,4243.302194
round-broad-p3-0092-5619056ad20ba0a5,3,broad,broad_joint,development,extreme,joint_triangular_l3,assumption__radius_min__noise_extreme__scale_150,broad_or_stress_assumption,True,True,joint_triangular_l5,True,0,-71.26048900000023,-71.26048900000023,1.6469269074681931,4326.876237,4255.615748
round-broad-p3-0093-881f6c1adbd1758c,3,broad,broad_joint,development,deterministic,joint_triangular_l1,assumption__radius_max__noise_deterministic__scale_150,broad_or_stress_assumption,True,True,joint_triangular_l5,True,0,-794.4189779999997,-794.4189779999997,14.627465074158032,5431.009228,4636.59025
round-broad-p3-0093-881f6c1adbd1758c,3,broad,broad_joint,development,deterministic,joint_triangular_l2,assumption__radius_max__noise_deterministic__scale_150,broad_or_stress_assumption,True,True,joint_triangular_l5,True,0,-602.2828600000003,-602.2828600000003,11.089704228357467,5431.009228,4828.726368
round-broad-p3-0093-881f6c1adbd1758c,3,broad,broad_joint,development,deterministic,joint_triangular_l3,assumption__radius_max__noise_deterministic__scale_150,broad_or_stress_assumption,True,True,joint_triangular_l5,True,0,-436.9907999999996,-436.9907999999996,8.046217225098031,5431.009228,4994.018428
round-broad-p3-0094-4aeca59d7b97a110,3,broad,broad_joint,development,correlated,joint_triangular_l1,assumption__radius_max__noise_correlated__scale_150,broad_or_stress_assumption,True,True,joint_triangular_l5,True,0,-1094.7644,-1094.7644,20.767471185230573,5271.53446,4176.77006
round-broad-p3-0094-4aeca59d7b97a110,3,broad,broad_joint,development,correlated,joint_triangular_l2,assumption__radius_max__noise_correlated__scale_150,broad_or_stress_assumption,True,True,joint_triangular_l5,True,0,-731.2999460000001,-731.2999460000001,13.87262004164154,5271.53446,4540.234514
round-broad-p3-0094-4aeca59d7b97a110,3,broad,broad_joint,development,correlated,joint_triangular_l3,assumption__radius_max__noise_correlated__scale_150,broad_or_stress_assumption,True,True,joint_triangular_l5,True,0,-498.25637899999947,-498.25637899999947,9.451828168453241,5271.53446,4773.278081
round-broad-p3-0096-420113c9be649c32,3,broad,broad_joint,development,deterministic,joint_triangular_l1,assumption__radius_mixed__noise_deterministic__scale_150,broad_or_stress_assumption,True,True,joint_triangular_l5,True,0,-467.2748469999997,-467.2748469999997,10.996951598832961,4249.130705,3781.855858
round-broad-p3-0096-420113c9be649c32,3,broad,broad_joint,development,deterministic,joint_triangular_l2,assumption__radius_mixed__noise_deterministic__scale_150,broad_or_stress_assumption,True,True,joint_triangular_l5,True,0,-347.8615289999998,-347.8615289999998,8.1866516506698,4249.130705,3901.269176
round-broad-p3-0096-420113c9be649c32,3,broad,broad_joint,development,deterministic,joint_triangular_l3,assumption__radius_mixed__noise_deterministic__scale_150,broad_or_stress_assumption,True,True,joint_triangular_l5,True,0,-252.20839999999953,-252.20839999999953,5.935529347290331,4249.130705,3996.922305
round-broad-p3-0097-d6dc9586a5a76f20,3,broad,broad_joint,development,correlated,joint_triangular_l1,assumption__radius_mixed__noise_correlated__scale_150,broad_or_stress_assumption,True,True,joint_triangular_l5,True,0,-683.5441700000001,-683.5441700000001,12.61732653771602,5417.504001,4733.959831
round-broad-p3-0097-d6dc9586a5a76f20,3,broad,broad_joint,development,correlated,joint_triangular_l2,assumption__radius_mixed__noise_correlated__scale_150,broad_or_stress_assumption,True,True,joint_triangular_l5,True,0,-527.3971179999999,-527.3971179999999,9.735057286577902,5417.504001,4890.106883
round-broad-p3-0097-d6dc9586a5a76f20,3,broad,broad_joint,development,correlated,joint_triangular_l3,assumption__radius_mixed__noise_correlated__scale_150,broad_or_stress_assumption,True,True,joint_triangular_l5,True,0,-328.9105470000004,-328.9105470000004,6.071256189922292,5417.504001,5088.593454
round-broad-p3-0098-f9ae6506d8568227,3,broad,broad_joint,development,extreme,joint_triangular_l1,assumption__radius_mixed__noise_extreme__scale_150,broad_or_stress_assumption,True,True,joint_triangular_l5,True,0,-517.8739390000001,-517.8739390000001,10.378380250408002,4989.930283,4472.056344
round-broad-p3-0098-f9ae6506d8568227,3,broad,broad_joint,development,extreme,joint_triangular_l2,assumption__radius_mixed__noise_extreme__scale_150,broad_or_stress_assumption,True,True,joint_triangular_l5,True,0,-424.10794199999964,-424.10794199999964,8.499275900604795,4989.930283,4565.822341
round-broad-p3-0098-f9ae6506d8568227,3,broad,broad_joint,development,extreme,joint_triangular_l3,assumption__radius_mixed__noise_extreme__scale_150,broad_or_stress_assumption,True,True,joint_triangular_l5,True,0,-263.68269899999996,-263.68269899999996,5.284296253563508,4989.930283,4726.247584
round-broad-p3-0099-f9c54b796b6ef251,3,broad,broad_joint,development,deterministic,joint_triangular_l1,assumption__radius_min__noise_deterministic__scale_300,broad_or_stress_assumption,True,True,joint_triangular_l5,True,0,-277.98134900000014,-277.98134900000014,6.848336469910254,4059.107642,3781.126293
round-broad-p3-0099-f9c54b796b6ef251,3,broad,broad_joint,development,deterministic,joint_triangular_l2,assumption__radius_min__noise_deterministic__scale_300,broad_or_stress_assumption,True,True,joint_triangular_l5,True,0,-247.324525,-247.324525,6.093076282109593,4059.107642,3811.783117
round-broad-p3-0099-f9c54b796b6ef251,3,broad,broad_joint,development,deterministic,joint_triangular_l3,assumption__radius_min__noise_deterministic__scale_300,broad_or_stress_assumption,True,True,joint_triangular_l5,True,0,-163.25862700000016,-163.25862700000016,4.022032461291406,4059.107642,3895.849015
round-broad-p3-0100-73af510fc9bb5046,3,broad,broad_joint,development,correlated,joint_triangular_l1,assumption__radius_min__noise_correlated__scale_300,broad_or_stress_assumption,True,True,joint_triangular_l5,True,0,-418.5758759999999,-418.5758759999999,9.226884514623205,4536.481142,4117.905266
round-broad-p3-0100-73af510fc9bb5046,3,broad,broad_joint,development,correlated,joint_triangular_l2,assumption__radius_min__noise_correlated__scale_300,broad_or_stress_assumption,True,True,joint_triangular_l5,True,0,-351.3405929999999,-351.3405929999999,7.744782398568603,4536.481142,4185.140549
round-broad-p3-0100-73af510fc9bb5046,3,broad,broad_joint,development,correlated,joint_triangular_l3,assumption__radius_min__noise_correlated__scale_300,broad_or_stress_assumption,True,True,joint_triangular_l5,True,0,-234.37845599999946,-234.37845599999946,5.16652552195266,4536.481142,4302.102686
round-broad-p3-0101-046310f762893198,3,broad,broad_joint,development,extreme,joint_triangular_l1,assumption__radius_min__noise_extreme__scale_300,broad_or_stress_assumption,True,True,joint_triangular_l5,True,0,-445.0685910000002,-445.0685910000002,9.039649887131898,4923.515806,4478.447215
round-broad-p3-0101-046310f762893198,3,broad,broad_joint,development,extreme,joint_triangular_l2,assumption__radius_min__noise_extreme__scale_300,broad_or_stress_assumption,True,True,joint_triangular_l5,True,0,-355.5862299999999,-355.5862299999999,7.2222014513829285,4923.515806,4567.929576
round-broad-p3-0101-046310f762893198,3,broad,broad_joint,development,extreme,joint_triangular_l3,assumption__radius_min__noise_extreme__scale_300,broad_or_stress_assumption,True,True,joint_triangular_l5,True,0,-239.73963000000003,-239.73963000000003,4.869277147599352,4923.515806,4683.776176
round-broad-p3-0103-cb6eab6639a63eec,3,broad,broad_joint,development,correlated,joint_triangular_l1,assumption__radius_max__noise_correlated__scale_300,broad_or_stress_assumption,True,True,joint_triangular_l5,True,0,-975.3762589999997,-975.3762589999997,19.070857788727324,5114.485514,4139.109255
round-broad-p3-0103-cb6eab6639a63eec,3,broad,broad_joint,development,correlated,joint_triangular_l2,assumption__radius_max__noise_correlated__scale_300,broad_or_stress_assumption,True,True,joint_triangular_l5,True,0,-787.3533440000001,-787.3533440000001,15.394575697687666,5114.485514,4327.13217
round-broad-p3-0103-cb6eab6639a63eec,3,broad,broad_joint,development,correlated,joint_triangular_l3,assumption__radius_max__noise_correlated__scale_300,broad_or_stress_assumption,True,True,joint_triangular_l5,True,0,-540.560657,-540.560657,10.569208877810109,5114.485514,4573.924857
round-broad-p3-0104-5f6a4640fad7c4dc,3,broad,broad_joint,development,extreme,joint_triangular_l1,assumption__radius_max__noise_extreme__scale_300,broad_or_stress_assumption,True,True,joint_triangular_l5,True,0,-643.7007819999999,-643.7007819999999,11.80267095677802,5453.85688,4810.156098
round-broad-p3-0104-5f6a4640fad7c4dc,3,broad,broad_joint,development,extreme,joint_triangular_l2,assumption__radius_max__noise_extreme__scale_300,broad_or_stress_assumption,True,True,joint_triangular_l5,True,0,-448.5064460000003,-448.5064460000003,8.223656320075643,5453.85688,5005.350434
round-broad-p3-0104-5f6a4640fad7c4dc,3,broad,broad_joint,development,extreme,joint_triangular_l3,assumption__radius_max__noise_extreme__scale_300,broad_or_stress_assumption,True,True,joint_triangular_l5,True,0,-325.166956,-325.166956,5.962146846801745,5453.85688,5128.689924
round-broad-p3-0105-6c593d59229f0aac,3,broad,broad_joint,development,deterministic,joint_triangular_l1,assumption__radius_mixed__noise_deterministic__scale_300,broad_or_stress_assumption,True,True,joint_triangular_l5,True,0,-376.57660399999986,-376.57660399999986,8.268740923105575,4554.219409,4177.642805
round-broad-p3-0105-6c593d59229f0aac,3,broad,broad_joint,development,deterministic,joint_triangular_l2,assumption__radius_mixed__noise_deterministic__scale_300,broad_or_stress_assumption,True,True,joint_triangular_l5,True,0,-246.42097300000023,-246.42097300000023,5.410827869053162,4554.219409,4307.798436
round-broad-p3-0105-6c593d59229f0aac,3,broad,broad_joint,development,deterministic,joint_triangular_l3,assumption__radius_mixed__noise_deterministic__scale_300,broad_or_stress_assumption,True,True,joint_triangular_l5,True,0,-158.03272000000015,-158.03272000000015,3.4700286878514803,4554.219409,4396.186689
round-broad-p3-0106-a85565801d54509f,3,broad,broad_joint,development,correlated,joint_triangular_l1,assumption__radius_mixed__noise_correlated__scale_300,broad_or_stress_assumption,True,True,joint_triangular_l5,True,0,-332.6736599999995,-332.6736599999995,7.43967466384883,4471.615696,4138.942036
round-broad-p3-0106-a85565801d54509f,3,broad,broad_joint,development,correlated,joint_triangular_l2,assumption__radius_mixed__noise_correlated__scale_300,broad_or_stress_assumption,True,True,joint_triangular_l5,True,0,-255.97295399999985,-255.97295399999985,5.7243951940900395,4471.615696,4215.642742
round-broad-p3-0106-a85565801d54509f,3,broad,broad_joint,development,correlated,joint_triangular_l3,assumption__radius_mixed__noise_correlated__scale_300,broad_or_stress_assumption,True,True,joint_triangular_l5,True,0,-181.2148129999996,-181.2148129999996,4.052557852010894,4471.615696,4290.400883
round-broad-p3-0107-df2b4ed8964cc691,3,broad,broad_joint,development,extreme,joint_triangular_l1,assumption__radius_mixed__noise_extreme__scale_300,broad_or_stress_assumption,True,True,joint_triangular_l5,True,0,-422.7099699999999,-422.7099699999999,8.60369224021625,4913.122857,4490.412887
round-broad-p3-0107-df2b4ed8964cc691,3,broad,broad_joint,development,extreme,joint_triangular_l2,assumption__radius_mixed__noise_extreme__scale_300,broad_or_stress_assumption,True,True,joint_triangular_l5,True,0,-318.0966690000005,-318.0966690000005,6.474429365160091,4913.122857,4595.026188
round-broad-p3-0107-df2b4ed8964cc691,3,broad,broad_joint,development,extreme,joint_triangular_l3,assumption__radius_mixed__noise_extreme__scale_300,broad_or_stress_assumption,True,True,joint_triangular_l5,True,0,-166.58520099999987,-166.58520099999987,3.390617451437361,4913.122857,4746.537656
round-broad-p3-0109-2186fb8b7e62cc02,3,broad,broad_joint,development,correlated,joint_triangular_l1,assumption__radius_min__noise_correlated__scale_75,broad_or_stress_assumption,True,True,joint_triangular_l5,True,0,-248.69225600000027,-248.69225600000027,4.793609626949131,5187.995589,4939.303333
round-broad-p3-0109-2186fb8b7e62cc02,3,broad,broad_joint,development,correlated,joint_triangular_l2,assumption__radius_min__noise_correlated__scale_75,broad_or_stress_assumption,True,True,joint_triangular_l5,True,0,-182.20548599999984,-182.20548599999984,3.5120593854460163,5187.995589,5005.790103
round-broad-p3-0109-2186fb8b7e62cc02,3,broad,broad_joint,development,correlated,joint_triangular_l3,assumption__radius_min__noise_correlated__scale_75,broad_or_stress_assumption,True,True,joint_triangular_l5,True,0,-146.88434599999982,-146.88434599999982,2.831234982378082,5187.995589,5041.111243
round-broad-p3-0110-883beb8bf250b97d,3,broad,broad_joint,development,extreme,joint_triangular_l1,assumption__radius_min__noise_extreme__scale_75,broad_or_stress_assumption,True,True,joint_triangular_l5,True,0,-261.9365379999999,-261.9365379999999,5.7836083754410215,4528.946654,4267.010116
round-broad-p3-0110-883beb8bf250b97d,3,broad,broad_joint,development,extreme,joint_triangular_l2,assumption__radius_min__noise_extreme__scale_75,broad_or_stress_assumption,True,True,joint_triangular_l5,True,0,-185.95428900000024,-185.95428900000024,4.105905924852614,4528.946654,4342.992365
round-broad-p3-0110-883beb8bf250b97d,3,broad,broad_joint,development,extreme,joint_triangular_l3,assumption__radius_min__noise_extreme__scale_75,broad_or_stress_assumption,True,True,joint_triangular_l5,True,0,-121.52504500000032,-121.52504500000032,2.683296013051257,4528.946654,4407.421609
round-broad-p3-0111-c232627ec2ae13aa,3,broad,broad_joint,development,deterministic,joint_triangular_l1,assumption__radius_max__noise_deterministic__scale_75,broad_or_stress_assumption,True,True,joint_triangular_l5,True,0,-528.4065529999998,-528.4065529999998,10.322665855441258,5118.896227,4590.489674
round-broad-p3-0111-c232627ec2ae13aa,3,broad,broad_joint,development,deterministic,joint_triangular_l2,assumption__radius_max__noise_deterministic__scale_75,broad_or_stress_assumption,True,True,joint_triangular_l5,True,0,-388.9176950000001,-388.9176950000001,7.5976866448009766,5118.896227,4729.978532
round-broad-p3-0111-c232627ec2ae13aa,3,broad,broad_joint,development,deterministic,joint_triangular_l3,assumption__radius_max__noise_deterministic__scale_75,broad_or_stress_assumption,True,True,joint_triangular_l5,True,0,-263.21920800000044,-263.21920800000044,5.142108695457257,5118.896227,4855.677019
round-broad-p3-0112-e46db50b27c5ee57,3,broad,broad_joint,development,correlated,joint_triangular_l1,assumption__radius_max__noise_correlated__scale_75,broad_or_stress_assumption,True,True,joint_triangular_l5,True,0,-531.3716169999998,-531.3716169999998,11.93012399035304,4454.032644,3922.661027
round-broad-p3-0112-e46db50b27c5ee57,3,broad,broad_joint,development,correlated,joint_triangular_l2,assumption__radius_max__noise_correlated__scale_75,broad_or_stress_assumption,True,True,joint_triangular_l5,True,0,-418.4210499999999,-418.4210499999999,9.394207080265844,4454.032644,4035.611594
round-broad-p3-0112-e46db50b27c5ee57,3,broad,broad_joint,development,correlated,joint_triangular_l3,assumption__radius_max__noise_correlated__scale_75,broad_or_stress_assumption,True,True,joint_triangular_l5,True,0,-260.9195300000001,-260.9195300000001,5.858051587284239,4454.032644,4193.113114
round-broad-p3-0113-e38bc77738267eea,3,broad,broad_joint,development,extreme,joint_triangular_l1,assumption__radius_max__noise_extreme__scale_75,broad_or_stress_assumption,True,True,joint_triangular_l5,True,0,-590.7371280000002,-590.7371280000002,12.76977768882311,4626.056478,4035.31935
round-broad-p3-0113-e38bc77738267eea,3,broad,broad_joint,development,extreme,joint_triangular_l2,assumption__radius_max__noise_extreme__scale_75,broad_or_stress_assumption,True,True,joint_triangular_l5,True,0,-409.81171900000027,-409.81171900000027,8.858770336007131,4626.056478,4216.244759
round-broad-p3-0113-e38bc77738267eea,3,broad,broad_joint,development,extreme,joint_triangular_l3,assumption__radius_max__noise_extreme__scale_75,broad_or_stress_assumption,True,True,joint_triangular_l5,True,0,-209.11462500000016,-209.11462500000016,4.520364720890901,4626.056478,4416.941853
round-broad-p3-0114-6bbf2bf4bc25da54,3,broad,broad_joint,development,deterministic,joint_triangular_l1,assumption__radius_mixed__noise_deterministic__scale_75,broad_or_stress_assumption,True,True,joint_triangular_l5,True,0,-799.0166730000001,-799.0166730000001,15.354167841869334,5203.907377,4404.890704
round-broad-p3-0114-6bbf2bf4bc25da54,3,broad,broad_joint,development,deterministic,joint_triangular_l2,assumption__radius_mixed__noise_deterministic__scale_75,broad_or_stress_assumption,True,True,joint_triangular_l5,True,0,-511.2050930000005,-511.2050930000005,9.82348562273422,5203.907377,4692.702284
round-broad-p3-0114-6bbf2bf4bc25da54,3,broad,broad_joint,development,deterministic,joint_triangular_l3,assumption__radius_mixed__noise_deterministic__scale_75,broad_or_stress_assumption,True,True,joint_triangular_l5,True,0,-336.78911600000083,-336.78911600000083,6.47185069988998,5203.907377,4867.118261
round-broad-p3-0115-1a647ff82c28b1af,3,broad,broad_joint,development,correlated,joint_triangular_l1,assumption__radius_mixed__noise_correlated__scale_75,broad_or_stress_assumption,True,True,joint_triangular_l5,True,0,-628.840604,-628.840604,12.581884074009656,4997.984406,4369.143802
round-broad-p3-0115-1a647ff82c28b1af,3,broad,broad_joint,development,correlated,joint_triangular_l2,assumption__radius_mixed__noise_correlated__scale_75,broad_or_stress_assumption,True,True,joint_triangular_l5,True,0,-487.88624099999925,-487.88624099999925,9.761659928636426,4997.984406,4510.098165
round-broad-p3-0115-1a647ff82c28b1af,3,broad,broad_joint,development,correlated,joint_triangular_l3,assumption__radius_mixed__noise_correlated__scale_75,broad_or_stress_assumption,True,True,joint_triangular_l5,True,0,-340.6754489999994,-340.6754489999994,6.816256741238007,4997.984406,4657.308957
round-broad-p3-0117-38f682cfb8c7d272,3,broad,broad_joint,development,deterministic,joint_triangular_l1,assumption__radius_min__noise_deterministic__scale_150,broad_or_stress_assumption,True,True,joint_triangular_l5,True,0,-321.78081699999984,-321.78081699999984,6.278811032414927,5124.868631,4803.087814
round-broad-p3-0117-38f682cfb8c7d272,3,broad,broad_joint,development,deterministic,joint_triangular_l2,assumption__radius_min__noise_deterministic__scale_150,broad_or_stress_assumption,True,True,joint_triangular_l5,True,0,-187.03096900000037,-187.03096900000037,3.649478307964073,5124.868631,4937.837662
round-broad-p3-0117-38f682cfb8c7d272,3,broad,broad_joint,development,deterministic,joint_triangular_l3,assumption__radius_min__noise_deterministic__scale_150,broad_or_stress_assumption,True,True,joint_triangular_l5,True,0,-104.93412400000034,-104.93412400000034,2.0475475871763926,5124.868631,5019.934507
round-broad-p3-0118-4669eb9b8f17c33b,3,broad,broad_joint,development,correlated,joint_triangular_l1,assumption__radius_min__noise_correlated__scale_150,broad_or_stress_assumption,True,True,joint_triangular_l5,True,0,-627.8327209999998,-627.8327209999998,11.501117811919439,5458.884356,4831.051635
round-broad-p3-0118-4669eb9b8f17c33b,3,broad,broad_joint,development,correlated,joint_triangular_l2,assumption__radius_min__noise_correlated__scale_150,broad_or_stress_assumption,True,True,joint_triangular_l5,True,0,-461.6913879999993,-461.6913879999993,8.45761437485926,5458.884356,4997.192968
round-broad-p3-0118-4669eb9b8f17c33b,3,broad,broad_joint,development,correlated,joint_triangular_l3,assumption__radius_min__noise_correlated__scale_150,broad_or_stress_assumption,True,True,joint_triangular_l5,True,0,-341.5958779999992,-341.5958779999992,6.257613382568591,5458.884356,5117.288478
round-broad-p3-0120-5e144bc241aa10a3,3,broad,broad_joint,development,deterministic,joint_triangular_l1,assumption__radius_max__noise_deterministic__scale_150,broad_or_stress_assumption,True,True,joint_triangular_l5,True,0,-748.8529950000006,-748.8529950000006,15.841858428703079,4727.05269,3978.199695
round-broad-p3-0120-5e144bc241aa10a3,3,broad,broad_joint,development,deterministic,joint_triangular_l2,assumption__radius_max__noise_deterministic__scale_150,broad_or_stress_assumption,True,True,joint_triangular_l5,True,0,-583.3517960000008,-583.3517960000008,12.340708561046329,4727.05269,4143.700894
round-broad-p3-0120-5e144bc241aa10a3,3,broad,broad_joint,development,deterministic,joint_triangular_l3,assumption__radius_max__noise_deterministic__scale_150,broad_or_stress_assumption,True,True,joint_triangular_l5,True,0,-415.869361,-415.869361,8.797645980967477,4727.05269,4311.183329
round-broad-p3-0122-ecacbed0647d15a1,3,broad,broad_joint,development,extreme,joint_triangular_l1,assumption__radius_max__noise_extreme__scale_150,broad_or_stress_assumption,True,True,joint_triangular_l5,True,0,-641.5247610000006,-641.5247610000006,12.028970360815443,5333.164367,4691.639606
round-broad-p3-0122-ecacbed0647d15a1,3,broad,broad_joint,development,extreme,joint_triangular_l2,assumption__radius_max__noise_extreme__scale_150,broad_or_stress_assumption,True,True,joint_triangular_l5,True,0,-517.4217260000005,-517.4217260000005,9.70196473226381,5333.164367,4815.742641
round-broad-p3-0122-ecacbed0647d15a1,3,broad,broad_joint,development,extreme,joint_triangular_l3,assumption__radius_max__noise_extreme__scale_150,broad_or_stress_assumption,True,True,joint_triangular_l5,True,0,-314.4109920000001,-314.4109920000001,5.895392873046998,5333.164367,5018.753375
round-broad-p3-0123-3616dd76b159a77c,3,broad,broad_joint,development,deterministic,joint_triangular_l1,assumption__radius_mixed__noise_deterministic__scale_150,broad_or_stress_assumption,True,True,joint_triangular_l5,True,0,-695.3675599999997,-695.3675599999997,12.073621879564687,5759.394877,5064.027317
round-broad-p3-0123-3616dd76b159a77c,3,broad,broad_joint,development,deterministic,joint_triangular_l2,assumption__radius_mixed__noise_deterministic__scale_150,broad_or_stress_assumption,True,True,joint_triangular_l5,True,0,-519.3185589999994,-519.3185589999994,9.016894484416847,5759.394877,5240.076318
round-broad-p3-0123-3616dd76b159a77c,3,broad,broad_joint,development,deterministic,joint_triangular_l3,assumption__radius_mixed__noise_deterministic__scale_150,broad_or_stress_assumption,True,True,joint_triangular_l5,True,0,-381.0987219999997,-381.0987219999997,6.616992412204761,5759.394877,5378.296155
round-broad-p3-0124-16c6475bbeffdfcb,3,broad,broad_joint,development,correlated,joint_triangular_l1,assumption__radius_mixed__noise_correlated__scale_150,broad_or_stress_assumption,True,True,joint_triangular_l5,True,0,-407.18547000000035,-407.18547000000035,8.895746075041657,4577.305451,4170.119981
round-broad-p3-0124-16c6475bbeffdfcb,3,broad,broad_joint,development,correlated,joint_triangular_l2,assumption__radius_mixed__noise_correlated__scale_150,broad_or_stress_assumption,True,True,joint_triangular_l5,True,0,-269.934029,-269.934029,5.897225603352028,4577.305451,4307.371422
round-broad-p3-0124-16c6475bbeffdfcb,3,broad,broad_joint,development,correlated,joint_triangular_l3,assumption__radius_mixed__noise_correlated__scale_150,broad_or_stress_assumption,True,True,joint_triangular_l5,True,0,-133.78257900000062,-133.78257900000062,2.9227365407911168,4577.305451,4443.522872
round-broad-p3-0125-b8782ef57046f45d,3,broad,broad_joint,development,extreme,joint_triangular_l1,assumption__radius_mixed__noise_extreme__scale_150,broad_or_stress_assumption,True,True,joint_triangular_l5,True,0,-371.0954810000003,-371.0954810000003,7.559153750038644,4909.219911,4538.12443
round-broad-p3-0125-b8782ef57046f45d,3,broad,broad_joint,development,extreme,joint_triangular_l2,assumption__radius_mixed__noise_extreme__scale_150,broad_or_stress_assumption,True,True,joint_triangular_l5,True,0,-316.64618100000007,-316.64618100000007,6.450030488357156,4909.219911,4592.57373
round-broad-p3-0125-b8782ef57046f45d,3,broad,broad_joint,development,extreme,joint_triangular_l3,assumption__radius_mixed__noise_extreme__scale_150,broad_or_stress_assumption,True,True,joint_triangular_l5,True,0,-188.17373899999984,-188.17373899999984,3.83306803140683,4909.219911,4721.046172
round-broad-p3-0127-b226e9519a7d23e4,3,broad,broad_joint,development,correlated,joint_triangular_l1,assumption__radius_min__noise_correlated__scale_300,broad_or_stress_assumption,True,True,joint_triangular_l5,True,0,-309.3395680000003,-309.3395680000003,6.442526063706292,4801.526062,4492.186494
round-broad-p3-0127-b226e9519a7d23e4,3,broad,broad_joint,development,correlated,joint_triangular_l2,assumption__radius_min__noise_correlated__scale_300,broad_or_stress_assumption,True,True,joint_triangular_l5,True,0,-220.6299259999996,-220.6299259999996,4.594995906532676,4801.526062,4580.896136
round-broad-p3-0127-b226e9519a7d23e4,3,broad,broad_joint,development,correlated,joint_triangular_l3,assumption__radius_min__noise_correlated__scale_300,broad_or_stress_assumption,True,True,joint_triangular_l5,True,0,-136.63784899999973,-136.63784899999973,2.8457171165095247,4801.526062,4664.888213
round-broad-p3-0128-6d4710ade4c75829,3,broad,broad_joint,development,extreme,joint_triangular_l1,assumption__radius_min__noise_extreme__scale_300,broad_or_stress_assumption,True,True,joint_triangular_l5,True,0,-230.92436400000042,-230.92436400000042,4.581271866826215,5040.616901,4809.692537
round-broad-p3-0128-6d4710ade4c75829,3,broad,broad_joint,development,extreme,joint_triangular_l2,assumption__radius_min__noise_extreme__scale_300,broad_or_stress_assumption,True,True,joint_triangular_l5,True,0,-220.48030199999994,-220.48030199999994,4.374073775697161,5040.616901,4820.136599
round-broad-p3-0128-6d4710ade4c75829,3,broad,broad_joint,development,extreme,joint_triangular_l3,assumption__radius_min__noise_extreme__scale_300,broad_or_stress_assumption,True,True,joint_triangular_l5,True,0,-175.56765600000017,-175.56765600000017,3.4830589082294585,5040.616901,4865.049245
round-broad-p3-0129-37989cf406c9bc76,3,broad,broad_joint,development,deterministic,joint_triangular_l1,assumption__radius_max__noise_deterministic__scale_300,broad_or_stress_assumption,True,True,joint_triangular_l5,True,0,-961.1979799999999,-961.1979799999999,18.244980396353753,5268.287272,4307.089292
round-broad-p3-0129-37989cf406c9bc76,3,broad,broad_joint,development,deterministic,joint_triangular_l2,assumption__radius_max__noise_deterministic__scale_300,broad_or_stress_assumption,True,True,joint_triangular_l5,True,0,-755.7619019999993,-755.7619019999993,14.345495281108493,5268.287272,4512.52537
round-broad-p3-0129-37989cf406c9bc76,3,broad,broad_joint,development,deterministic,joint_triangular_l3,assumption__radius_max__noise_deterministic__scale_300,broad_or_stress_assumption,True,True,joint_triangular_l5,True,0,-554.1846699999996,-554.1846699999996,10.519256854981913,5268.287272,4714.102602
round-broad-p3-0131-36f88ac65179ad4b,3,broad,broad_joint,development,extreme,joint_triangular_l1,assumption__radius_max__noise_extreme__scale_300,broad_or_stress_assumption,True,True,joint_triangular_l5,True,0,-292.89552900000035,-292.89552900000035,5.9970018615668,4884.032651,4591.137122
round-broad-p3-0131-36f88ac65179ad4b,3,broad,broad_joint,development,extreme,joint_triangular_l2,assumption__radius_max__noise_extreme__scale_300,broad_or_stress_assumption,True,True,joint_triangular_l5,True,0,-212.35167600000023,-212.35167600000023,4.347875847155146,4884.032651,4671.680975
round-broad-p3-0131-36f88ac65179ad4b,3,broad,broad_joint,development,extreme,joint_triangular_l3,assumption__radius_max__noise_extreme__scale_300,broad_or_stress_assumption,True,True,joint_triangular_l5,True,0,-125.41804600000069,-125.41804600000069,2.5679198924749507,4884.032651,4758.614605
round-broad-p3-0132-c079eb950d368bbf,3,broad,broad_joint,development,deterministic,joint_triangular_l1,assumption__radius_mixed__noise_deterministic__scale_300,broad_or_stress_assumption,True,True,joint_triangular_l5,True,0,-478.2668199999998,-478.2668199999998,9.144061722289768,5230.35424,4752.08742
round-broad-p3-0132-c079eb950d368bbf,3,broad,broad_joint,development,deterministic,joint_triangular_l2,assumption__radius_mixed__noise_deterministic__scale_300,broad_or_stress_assumption,True,True,joint_triangular_l5,True,0,-413.3463389999997,-413.3463389999997,7.902836405206844,5230.35424,4817.007901
round-broad-p3-0132-c079eb950d368bbf,3,broad,broad_joint,development,deterministic,joint_triangular_l3,assumption__radius_mixed__noise_deterministic__scale_300,broad_or_stress_assumption,True,True,joint_triangular_l5,True,0,-266.7519149999998,-266.7519149999998,5.100073585073271,5230.35424,4963.602325
round-broad-p3-0133-aeaaaf3338b3f7e6,3,broad,broad_joint,development,correlated,joint_triangular_l1,assumption__radius_mixed__noise_correlated__scale_300,broad_or_stress_assumption,True,True,joint_triangular_l5,True,0,-512.7314969999998,-512.7314969999998,11.223900949564921,4568.211171,4055.479674
round-broad-p3-0133-aeaaaf3338b3f7e6,3,broad,broad_joint,development,correlated,joint_triangular_l2,assumption__radius_mixed__noise_correlated__scale_300,broad_or_stress_assumption,True,True,joint_triangular_l5,True,0,-392.51930699999957,-392.51930699999957,8.592407231342492,4568.211171,4175.691864
round-broad-p3-0133-aeaaaf3338b3f7e6,3,broad,broad_joint,development,correlated,joint_triangular_l3,assumption__radius_mixed__noise_correlated__scale_300,broad_or_stress_assumption,True,True,joint_triangular_l5,True,0,-263.8620469999996,-263.8620469999996,5.7760474969951785,4568.211171,4304.349124
round-broad-p3-0134-bec4ef720659c80d,3,broad,broad_joint,development,extreme,joint_triangular_l1,assumption__radius_mixed__noise_extreme__scale_300,broad_or_stress_assumption,True,True,joint_triangular_l5,True,0,-407.6303680000001,-407.6303680000001,8.656791615308368,4708.792658,4301.16229
round-broad-p3-0134-bec4ef720659c80d,3,broad,broad_joint,development,extreme,joint_triangular_l2,assumption__radius_mixed__noise_extreme__scale_300,broad_or_stress_assumption,True,True,joint_triangular_l5,True,0,-223.39605100000063,-223.39605100000063,4.744232061704014,4708.792658,4485.396607
round-broad-p3-0134-bec4ef720659c80d,3,broad,broad_joint,development,extreme,joint_triangular_l3,assumption__radius_mixed__noise_extreme__scale_300,broad_or_stress_assumption,True,True,joint_triangular_l5,True,0,-156.94376900000043,-156.94376900000043,3.3329938351258876,4708.792658,4551.848889
round-broad-p3-0136-794c8924b5dca5b8,3,broad,broad_joint,development,correlated,joint_triangular_l1,assumption__radius_min__noise_correlated__scale_75,broad_or_stress_assumption,True,True,joint_triangular_l5,True,0,-369.1421350000005,-369.1421350000005,8.878731910408138,4157.599742,3788.457607
round-broad-p3-0136-794c8924b5dca5b8,3,broad,broad_joint,development,correlated,joint_triangular_l2,assumption__radius_min__noise_correlated__scale_75,broad_or_stress_assumption,True,True,joint_triangular_l5,True,0,-268.77062600000045,-268.77062600000045,6.464562311876351,4157.599742,3888.829116
round-broad-p3-0136-794c8924b5dca5b8,3,broad,broad_joint,development,correlated,joint_triangular_l3,assumption__radius_min__noise_correlated__scale_75,broad_or_stress_assumption,True,True,joint_triangular_l5,True,0,-181.75801200000024,-181.75801200000024,4.371705389623824,4157.599742,3975.84173
round-broad-p3-0138-69db5d43011ac1d1,3,broad,broad_joint,development,deterministic,joint_triangular_l1,assumption__radius_max__noise_deterministic__scale_75,broad_or_stress_assumption,True,True,joint_triangular_l5,True,0,-588.3458619999997,-588.3458619999997,13.1166997394235,4485.471755,3897.125893
round-broad-p3-0138-69db5d43011ac1d1,3,broad,broad_joint,development,deterministic,joint_triangular_l2,assumption__radius_max__noise_deterministic__scale_75,broad_or_stress_assumption,True,True,joint_triangular_l5,True,0,-389.9160429999997,-389.9160429999997,8.692865863336593,4485.471755,4095.555712
round-broad-p3-0138-69db5d43011ac1d1,3,broad,broad_joint,development,deterministic,joint_triangular_l3,assumption__radius_max__noise_deterministic__scale_75,broad_or_stress_assumption,True,True,joint_triangular_l5,True,0,-302.9675669999997,-302.9675669999997,6.754419234995265,4485.471755,4182.504188
round-broad-p3-0140-55d8abe001aee16e,3,broad,broad_joint,development,extreme,joint_triangular_l1,assumption__radius_max__noise_extreme__scale_75,broad_or_stress_assumption,True,True,joint_triangular_l5,True,0,-295.35704200000055,-295.35704200000055,6.230783362109595,4740.287454,4444.930412
round-broad-p3-0140-55d8abe001aee16e,3,broad,broad_joint,development,extreme,joint_triangular_l2,assumption__radius_max__noise_extreme__scale_75,broad_or_stress_assumption,True,True,joint_triangular_l5,True,0,-314.47638300000017,-314.47638300000017,6.634120526480632,4740.287454,4425.811071
round-broad-p3-0140-55d8abe001aee16e,3,broad,broad_joint,development,extreme,joint_triangular_l3,assumption__radius_max__noise_extreme__scale_75,broad_or_stress_assumption,True,True,joint_triangular_l5,True,0,-240.36164199999985,-240.36164199999985,5.070613213491416,4740.287454,4499.925812
round-broad-p3-0141-4ca824999f8a98a5,3,broad,broad_joint,development,deterministic,joint_triangular_l1,assumption__radius_mixed__noise_deterministic__scale_75,broad_or_stress_assumption,True,True,joint_triangular_l5,True,0,-489.85237099999995,-489.85237099999995,10.609262910040647,4617.213987,4127.361616
round-broad-p3-0141-4ca824999f8a98a5,3,broad,broad_joint,development,deterministic,joint_triangular_l2,assumption__radius_mixed__noise_deterministic__scale_75,broad_or_stress_assumption,True,True,joint_triangular_l5,True,0,-402.7257380000001,-402.7257380000001,8.722267131952187,4617.213987,4214.488249
round-broad-p3-0141-4ca824999f8a98a5,3,broad,broad_joint,development,deterministic,joint_triangular_l3,assumption__radius_mixed__noise_deterministic__scale_75,broad_or_stress_assumption,True,True,joint_triangular_l5,True,0,-260.272739,-260.272739,5.637008371992528,4617.213987,4356.941248
round-broad-p3-0142-e4483087e13683ca,3,broad,broad_joint,development,correlated,joint_triangular_l1,assumption__radius_mixed__noise_correlated__scale_75,broad_or_stress_assumption,True,True,joint_triangular_l5,True,0,-363.92610700000023,-363.92610700000023,7.444970449165615,4888.214258,4524.288151
round-broad-p3-0142-e4483087e13683ca,3,broad,broad_joint,development,correlated,joint_triangular_l2,assumption__radius_mixed__noise_correlated__scale_75,broad_or_stress_assumption,True,True,joint_triangular_l5,True,0,-276.16910499999994,-276.16910499999994,5.649693127669773,4888.214258,4612.045153
round-broad-p3-0142-e4483087e13683ca,3,broad,broad_joint,development,correlated,joint_triangular_l3,assumption__radius_mixed__noise_correlated__scale_75,broad_or_stress_assumption,True,True,joint_triangular_l5,True,0,-165.61743399999978,-165.61743399999978,3.388096864390754,4888.214258,4722.596824
round-broad-p3-0143-d65dd0c914f94c42,3,broad,broad_joint,development,extreme,joint_triangular_l1,assumption__radius_mixed__noise_extreme__scale_75,broad_or_stress_assumption,True,True,joint_triangular_l5,True,0,-555.2625459999999,-555.2625459999999,11.327389577258206,4901.946227,4346.683681
round-broad-p3-0143-d65dd0c914f94c42,3,broad,broad_joint,development,extreme,joint_triangular_l2,assumption__radius_mixed__noise_extreme__scale_75,broad_or_stress_assumption,True,True,joint_triangular_l5,True,0,-346.97024500000043,-346.97024500000043,7.078214018115552,4901.946227,4554.975982
round-broad-p3-0143-d65dd0c914f94c42,3,broad,broad_joint,development,extreme,joint_triangular_l3,assumption__radius_mixed__noise_extreme__scale_75,broad_or_stress_assumption,True,True,joint_triangular_l5,True,0,-219.0709220000008,-219.0709220000008,4.4690600805319844,4901.946227,4682.875305
round-broad-p3-0144-03ff3a63a8631b31,3,broad,broad_joint,development,deterministic,joint_triangular_l1,assumption__radius_min__noise_deterministic__scale_150,broad_or_stress_assumption,True,True,joint_triangular_l5,True,0,-86.5918959999999,-86.5918959999999,1.8170184516600891,4765.603559,4679.011663
round-broad-p3-0144-03ff3a63a8631b31,3,broad,broad_joint,development,deterministic,joint_triangular_l2,assumption__radius_min__noise_deterministic__scale_150,broad_or_stress_assumption,True,True,joint_triangular_l5,True,0,-93.00914499999999,-93.00914499999999,1.9516760856943112,4765.603559,4672.594414
round-broad-p3-0144-03ff3a63a8631b31,3,broad,broad_joint,development,deterministic,joint_triangular_l3,assumption__radius_min__noise_deterministic__scale_150,broad_or_stress_assumption,True,True,joint_triangular_l5,True,0,-54.937409000000116,-54.937409000000116,1.1527901622502568,4765.603559,4710.66615
round-broad-p3-0145-fe38f6b648e7804e,3,broad,broad_joint,development,correlated,joint_triangular_l1,assumption__radius_min__noise_correlated__scale_150,broad_or_stress_assumption,True,True,joint_triangular_l5,True,0,-340.58851799999957,-340.58851799999957,7.562960037687523,4503.375878,4162.78736
round-broad-p3-0145-fe38f6b648e7804e,3,broad,broad_joint,development,correlated,joint_triangular_l2,assumption__radius_min__noise_correlated__scale_150,broad_or_stress_assumption,True,True,joint_triangular_l5,True,0,-257.4400340000002,-257.4400340000002,5.716601078263364,4503.375878,4245.935844
round-broad-p3-0145-fe38f6b648e7804e,3,broad,broad_joint,development,correlated,joint_triangular_l3,assumption__radius_min__noise_correlated__scale_150,broad_or_stress_assumption,True,True,joint_triangular_l5,True,0,-198.05818,-198.05818,4.3979935356397535,4503.375878,4305.317698
round-broad-p3-0147-63f77987ed360297,3,broad,broad_joint,development,deterministic,joint_triangular_l1,assumption__radius_max__noise_deterministic__scale_150,broad_or_stress_assumption,True,True,joint_triangular_l5,True,0,-363.7306789999993,-363.7306789999993,7.602891784309371,4784.109643,4420.378964
round-broad-p3-0147-63f77987ed360297,3,broad,broad_joint,development,deterministic,joint_triangular_l2,assumption__radius_max__noise_deterministic__scale_150,broad_or_stress_assumption,True,True,joint_triangular_l5,True,0,-285.63634,-285.63634,5.970522444399589,4784.109643,4498.473303
round-broad-p3-0147-63f77987ed360297,3,broad,broad_joint,development,deterministic,joint_triangular_l3,assumption__radius_max__noise_deterministic__scale_150,broad_or_stress_assumption,True,True,joint_triangular_l5,True,0,-228.2197159999996,-228.2197159999996,4.770369682766897,4784.109643,4555.889927
round-broad-p3-0148-ee0ea669cff263c9,3,broad,broad_joint,development,correlated,joint_triangular_l1,assumption__radius_max__noise_correlated__scale_150,broad_or_stress_assumption,True,True,joint_triangular_l5,True,0,-574.0981850000003,-574.0981850000003,12.374695991357909,4639.291223,4065.193038
round-broad-p3-0148-ee0ea669cff263c9,3,broad,broad_joint,development,correlated,joint_triangular_l2,assumption__radius_max__noise_correlated__scale_150,broad_or_stress_assumption,True,True,joint_triangular_l5,True,0,-351.91815700000006,-351.91815700000006,7.585601767255128,4639.291223,4287.373066
round-broad-p3-0148-ee0ea669cff263c9,3,broad,broad_joint,development,correlated,joint_triangular_l3,assumption__radius_max__noise_correlated__scale_150,broad_or_stress_assumption,True,True,joint_triangular_l5,True,0,-258.1854979999998,-258.1854979999998,5.565192732890004,4639.291223,4381.105725
round-broad-p3-0150-491dacc623908b3a,3,broad,broad_joint,development,deterministic,joint_triangular_l1,assumption__radius_mixed__noise_deterministic__scale_150,broad_or_stress_assumption,True,True,joint_triangular_l5,True,0,-644.7119219999995,-644.7119219999995,12.14335017087038,5309.176734,4664.464812
round-broad-p3-0150-491dacc623908b3a,3,broad,broad_joint,development,deterministic,joint_triangular_l2,assumption__radius_mixed__noise_deterministic__scale_150,broad_or_stress_assumption,True,True,joint_triangular_l5,True,0,-511.6446900000001,-511.6446900000001,9.636987345390565,5309.176734,4797.532044
round-broad-p3-0150-491dacc623908b3a,3,broad,broad_joint,development,deterministic,joint_triangular_l3,assumption__radius_mixed__noise_deterministic__scale_150,broad_or_stress_assumption,True,True,joint_triangular_l5,True,0,-348.11970399999973,-348.11970399999973,6.556943221924391,5309.176734,4961.05703
round-broad-p3-0152-e8daab39b92aa2ad,3,broad,broad_joint,development,extreme,joint_triangular_l1,assumption__radius_mixed__noise_extreme__scale_150,broad_or_stress_assumption,True,True,joint_triangular_l5,True,0,-170.71839099999988,-170.71839099999988,4.028637676586521,4237.620871,4066.90248
round-broad-p3-0152-e8daab39b92aa2ad,3,broad,broad_joint,development,extreme,joint_triangular_l2,assumption__radius_mixed__noise_extreme__scale_150,broad_or_stress_assumption,True,True,joint_triangular_l5,True,0,-146.6285499999999,-146.6285499999999,3.4601620688496912,4237.620871,4090.992321
round-broad-p3-0152-e8daab39b92aa2ad,3,broad,broad_joint,development,extreme,joint_triangular_l3,assumption__radius_mixed__noise_extreme__scale_150,broad_or_stress_assumption,True,True,joint_triangular_l5,True,0,-84.65039200000047,-84.65039200000047,1.9975923891469918,4237.620871,4152.970479
round-broad-p3-0153-92272159e074be14,3,broad,broad_joint,development,deterministic,joint_triangular_l1,assumption__radius_min__noise_deterministic__scale_300,broad_or_stress_assumption,True,True,joint_triangular_l5,True,0,-143.1191090000002,-143.1191090000002,2.739024918003528,5225.184629,5082.06552
round-broad-p3-0153-92272159e074be14,3,broad,broad_joint,development,deterministic,joint_triangular_l2,assumption__radius_min__noise_deterministic__scale_300,broad_or_stress_assumption,True,True,joint_triangular_l5,True,0,-64.82928900000024,-64.82928900000024,1.2407081013021988,5225.184629,5160.35534
round-broad-p3-0153-92272159e074be14,3,broad,broad_joint,development,deterministic,joint_triangular_l3,assumption__radius_min__noise_deterministic__scale_300,broad_or_stress_assumption,True,True,joint_triangular_l5,True,0,-70.56578400000035,-70.56578400000035,1.3504935999458698,5225.184629,5154.618845
round-broad-p3-0154-12c7b8c13af7cf6c,3,broad,broad_joint,development,correlated,joint_triangular_l1,assumption__radius_min__noise_correlated__scale_300,broad_or_stress_assumption,True,True,joint_triangular_l5,True,0,-117.74840500000028,-117.74840500000028,3.0360953974651363,3878.284098,3760.535693
round-broad-p3-0154-12c7b8c13af7cf6c,3,broad,broad_joint,development,correlated,joint_triangular_l2,assumption__radius_min__noise_correlated__scale_300,broad_or_stress_assumption,True,True,joint_triangular_l5,True,0,-88.78842299999997,-88.78842299999997,2.2893738766014446,3878.284098,3789.495675
round-broad-p3-0154-12c7b8c13af7cf6c,3,broad,broad_joint,development,correlated,joint_triangular_l3,assumption__radius_min__noise_correlated__scale_300,broad_or_stress_assumption,True,True,joint_triangular_l5,True,0,-77.40290400000004,-77.40290400000004,1.9958028355869053,3878.284098,3800.881194
round-broad-p3-0155-12e4c506ee30c85d,3,broad,broad_joint,development,extreme,joint_triangular_l1,assumption__radius_min__noise_extreme__scale_300,broad_or_stress_assumption,True,True,joint_triangular_l5,True,0,-262.77051200000005,-262.77051200000005,5.6559711263591765,4645.89557,4383.125058
round-broad-p3-0155-12e4c506ee30c85d,3,broad,broad_joint,development,extreme,joint_triangular_l2,assumption__radius_min__noise_extreme__scale_300,broad_or_stress_assumption,True,True,joint_triangular_l5,True,0,-207.59781699999985,-207.59781699999985,4.468413331124442,4645.89557,4438.297753
round-broad-p3-0155-12e4c506ee30c85d,3,broad,broad_joint,development,extreme,joint_triangular_l3,assumption__radius_min__noise_extreme__scale_300,broad_or_stress_assumption,True,True,joint_triangular_l5,True,0,-168.7516429999996,-168.7516429999996,3.632273701752612,4645.89557,4477.143927
round-broad-p3-0156-3464c0f8110e45ac,3,broad,broad_joint,development,deterministic,joint_triangular_l1,assumption__radius_max__noise_deterministic__scale_300,broad_or_stress_assumption,True,True,joint_triangular_l5,True,0,-411.7108560000006,-411.7108560000006,7.893119548502258,5216.072726,4804.36187
round-broad-p3-0156-3464c0f8110e45ac,3,broad,broad_joint,development,deterministic,joint_triangular_l2,assumption__radius_max__noise_deterministic__scale_300,broad_or_stress_assumption,True,True,joint_triangular_l5,True,0,-309.84268599999996,-309.84268599999996,5.940152721712645,5216.072726,4906.23004
round-broad-p3-0156-3464c0f8110e45ac,3,broad,broad_joint,development,deterministic,joint_triangular_l3,assumption__radius_max__noise_deterministic__scale_300,broad_or_stress_assumption,True,True,joint_triangular_l5,True,0,-242.29263400000036,-242.29263400000036,4.645116100323336,5216.072726,4973.780092
round-broad-p3-0158-8979fccf97c1c141,3,broad,broad_joint,development,extreme,joint_triangular_l1,assumption__radius_max__noise_extreme__scale_300,broad_or_stress_assumption,True,True,joint_triangular_l5,True,0,-649.9465849999997,-649.9465849999997,11.347293452032538,5727.767487,5077.820902
round-broad-p3-0158-8979fccf97c1c141,3,broad,broad_joint,development,extreme,joint_triangular_l2,assumption__radius_max__noise_extreme__scale_300,broad_or_stress_assumption,True,True,joint_triangular_l5,True,0,-473.2493910000003,-473.2493910000003,8.262370846479165,5727.767487,5254.518096
round-broad-p3-0158-8979fccf97c1c141,3,broad,broad_joint,development,extreme,joint_triangular_l3,assumption__radius_max__noise_extreme__scale_300,broad_or_stress_assumption,True,True,joint_triangular_l5,True,0,-321.638782,-321.638782,5.615430143245268,5727.767487,5406.128705
round-broad-p3-0159-6f29ab8eb3207175,3,broad,broad_joint,development,deterministic,joint_triangular_l1,assumption__radius_mixed__noise_deterministic__scale_300,broad_or_stress_assumption,True,True,joint_triangular_l5,True,0,-804.6631950000001,-804.6631950000001,16.16459193354605,4977.936952,4173.273757
round-broad-p3-0159-6f29ab8eb3207175,3,broad,broad_joint,development,deterministic,joint_triangular_l2,assumption__radius_mixed__noise_deterministic__scale_300,broad_or_stress_assumption,True,True,joint_triangular_l5,True,0,-606.9026620000004,-606.9026620000004,12.191851119290762,4977.936952,4371.03429
round-broad-p3-0159-6f29ab8eb3207175,3,broad,broad_joint,development,deterministic,joint_triangular_l3,assumption__radius_mixed__noise_deterministic__scale_300,broad_or_stress_assumption,True,True,joint_triangular_l5,True,0,-408.4030819999998,-408.4030819999998,8.204263853440622,4977.936952,4569.53387
round-broad-p3-0160-fb08013af9ebe7fe,3,broad,broad_joint,development,correlated,joint_triangular_l1,assumption__radius_mixed__noise_correlated__scale_300,broad_or_stress_assumption,True,True,joint_triangular_l5,True,0,-737.201266,-737.201266,14.04316163306661,5249.539137,4512.337871
round-broad-p3-0160-fb08013af9ebe7fe,3,broad,broad_joint,development,correlated,joint_triangular_l2,assumption__radius_mixed__noise_correlated__scale_300,broad_or_stress_assumption,True,True,joint_triangular_l5,True,0,-568.1791139999996,-568.1791139999996,10.823409430274328,5249.539137,4681.360023
round-broad-p3-0160-fb08013af9ebe7fe,3,broad,broad_joint,development,correlated,joint_triangular_l3,assumption__radius_mixed__noise_correlated__scale_300,broad_or_stress_assumption,True,True,joint_triangular_l5,True,0,-451.73447699999997,-451.73447699999997,8.605221624429237,5249.539137,4797.80466
round-broad-p3-0161-cf7ca1cd078d6610,3,broad,broad_joint,development,extreme,joint_triangular_l1,assumption__radius_mixed__noise_extreme__scale_300,broad_or_stress_assumption,True,True,joint_triangular_l5,True,0,-139.3898849999996,-139.3898849999996,2.962795380392445,4704.674711,4565.284826
round-broad-p3-0161-cf7ca1cd078d6610,3,broad,broad_joint,development,extreme,joint_triangular_l2,assumption__radius_mixed__noise_extreme__scale_300,broad_or_stress_assumption,True,True,joint_triangular_l5,True,0,-105.94196599999941,-105.94196599999941,2.2518446546856152,4704.674711,4598.732745
round-broad-p3-0161-cf7ca1cd078d6610,3,broad,broad_joint,development,extreme,joint_triangular_l3,assumption__radius_mixed__noise_extreme__scale_300,broad_or_stress_assumption,True,True,joint_triangular_l5,True,0,-51.204068999999436,-51.204068999999436,1.0883657669313291,4704.674711,4653.470642
round-broad-p3-0162-c3311053f6da5da8,3,broad,broad_joint,development,deterministic,joint_triangular_l1,assumption__radius_min__noise_deterministic__scale_75,broad_or_stress_assumption,True,True,joint_triangular_l5,True,0,-74.16711899999973,-74.16711899999973,1.738845002610332,4265.30938,4191.142261
round-broad-p3-0162-c3311053f6da5da8,3,broad,broad_joint,development,deterministic,joint_triangular_l2,assumption__radius_min__noise_deterministic__scale_75,broad_or_stress_assumption,True,True,joint_triangular_l5,True,0,-53.0759709999993,-53.0759709999993,1.244363919974295,4265.30938,4212.233409
round-broad-p3-0162-c3311053f6da5da8,3,broad,broad_joint,development,deterministic,joint_triangular_l3,assumption__radius_min__noise_deterministic__scale_75,broad_or_stress_assumption,True,True,joint_triangular_l5,True,0,-40.387393999999404,-40.387393999999404,0.9468807629611947,4265.30938,4224.921986
round-broad-p3-0163-d878caa731bf4c01,3,broad,broad_joint,development,correlated,joint_triangular_l1,assumption__radius_min__noise_correlated__scale_75,broad_or_stress_assumption,True,True,joint_triangular_l5,True,0,-234.20241299999998,-234.20241299999998,4.538181000679264,5160.711152,4926.508739
round-broad-p3-0163-d878caa731bf4c01,3,broad,broad_joint,development,correlated,joint_triangular_l2,assumption__radius_min__noise_correlated__scale_75,broad_or_stress_assumption,True,True,joint_triangular_l5,True,0,-114.66445199999998,-114.66445199999998,2.221873083432746,5160.711152,5046.0467
round-broad-p3-0163-d878caa731bf4c01,3,broad,broad_joint,development,correlated,joint_triangular_l3,assumption__radius_min__noise_correlated__scale_75,broad_or_stress_assumption,True,True,joint_triangular_l5,True,0,-60.79600299999947,-60.79600299999947,1.1780547527144274,5160.711152,5099.915149
round-broad-p3-0164-1796dde26f7f1ead,3,broad,broad_joint,development,extreme,joint_triangular_l1,assumption__radius_min__noise_extreme__scale_75,broad_or_stress_assumption,True,True,joint_triangular_l5,True,0,-204.86579100000017,-204.86579100000017,4.136162789136621,4953.039845,4748.174054
round-broad-p3-0164-1796dde26f7f1ead,3,broad,broad_joint,development,extreme,joint_triangular_l2,assumption__radius_min__noise_extreme__scale_75,broad_or_stress_assumption,True,True,joint_triangular_l5,True,0,-133.07135000000017,-133.07135000000017,2.6866601958458536,4953.039845,4819.968495
round-broad-p3-0164-1796dde26f7f1ead,3,broad,broad_joint,development,extreme,joint_triangular_l3,assumption__radius_min__noise_extreme__scale_75,broad_or_stress_assumption,True,True,joint_triangular_l5,True,0,-95.64672299999984,-95.64672299999984,1.9310711400101777,4953.039845,4857.393122
round-broad-p3-0166-993ff9ff41e3ba1e,3,broad,broad_joint,development,correlated,joint_triangular_l1,assumption__radius_max__noise_correlated__scale_75,broad_or_stress_assumption,True,True,joint_triangular_l5,True,0,-780.0398910000004,-780.0398910000004,13.684511179226003,5700.166274,4920.126383
round-broad-p3-0166-993ff9ff41e3ba1e,3,broad,broad_joint,development,correlated,joint_triangular_l2,assumption__radius_max__noise_correlated__scale_75,broad_or_stress_assumption,True,True,joint_triangular_l5,True,0,-505.3922769999999,-505.3922769999999,8.866272538491215,5700.166274,5194.773997
round-broad-p3-0166-993ff9ff41e3ba1e,3,broad,broad_joint,development,correlated,joint_triangular_l3,assumption__radius_max__noise_correlated__scale_75,broad_or_stress_assumption,True,True,joint_triangular_l5,True,0,-348.32550900000024,-348.32550900000024,6.11079558483771,5700.166274,5351.840765
round-broad-p3-0168-12f623e7cf0b147e,3,broad,broad_joint,development,deterministic,joint_triangular_l1,assumption__radius_mixed__noise_deterministic__scale_75,broad_or_stress_assumption,True,True,joint_triangular_l5,True,0,-588.6251629999997,-588.6251629999997,10.683838838866922,5509.491222,4920.866059
round-broad-p3-0168-12f623e7cf0b147e,3,broad,broad_joint,development,deterministic,joint_triangular_l2,assumption__radius_mixed__noise_deterministic__scale_75,broad_or_stress_assumption,True,True,joint_triangular_l5,True,0,-460.3769910000001,-460.3769910000001,8.356070868425466,5509.491222,5049.114231
round-broad-p3-0168-12f623e7cf0b147e,3,broad,broad_joint,development,deterministic,joint_triangular_l3,assumption__radius_mixed__noise_deterministic__scale_75,broad_or_stress_assumption,True,True,joint_triangular_l5,True,0,-313.6541010000001,-313.6541010000001,5.692977597414894,5509.491222,5195.837121
round-broad-p3-0170-bd65a098272789bd,3,broad,broad_joint,development,extreme,joint_triangular_l1,assumption__radius_mixed__noise_extreme__scale_75,broad_or_stress_assumption,True,True,joint_triangular_l5,True,0,-499.52424999999994,-499.52424999999994,10.885997670980315,4588.68599,4089.16174
round-broad-p3-0170-bd65a098272789bd,3,broad,broad_joint,development,extreme,joint_triangular_l2,assumption__radius_mixed__noise_extreme__scale_75,broad_or_stress_assumption,True,True,joint_triangular_l5,True,0,-291.2667599999995,-291.2667599999995,6.3474981865124205,4588.68599,4297.41923
round-broad-p3-0170-bd65a098272789bd,3,broad,broad_joint,development,extreme,joint_triangular_l3,assumption__radius_mixed__noise_extreme__scale_75,broad_or_stress_assumption,True,True,joint_triangular_l5,True,0,-206.18992400000025,-206.18992400000025,4.493441574545401,4588.68599,4382.496066
round-broad-p3-0171-a9d0cc334aa6f75d,3,broad,broad_joint,development,deterministic,joint_triangular_l1,assumption__radius_min__noise_deterministic__scale_150,broad_or_stress_assumption,True,True,joint_triangular_l5,True,0,-144.26223599999958,-144.26223599999958,3.3661508603978447,4285.673518,4141.411282
round-broad-p3-0171-a9d0cc334aa6f75d,3,broad,broad_joint,development,deterministic,joint_triangular_l2,assumption__radius_min__noise_deterministic__scale_150,broad_or_stress_assumption,True,True,joint_triangular_l5,True,0,-87.65200699999968,-87.65200699999968,2.04523295187694,4285.673518,4198.021511
round-broad-p3-0171-a9d0cc334aa6f75d,3,broad,broad_joint,development,deterministic,joint_triangular_l3,assumption__radius_min__noise_deterministic__scale_150,broad_or_stress_assumption,True,True,joint_triangular_l5,True,0,-50.26876599999923,-50.26876599999923,1.1729490309718744,4285.673518,4235.404752
round-broad-p3-0172-992a559051fcee21,3,broad,broad_joint,development,correlated,joint_triangular_l1,assumption__radius_min__noise_correlated__scale_150,broad_or_stress_assumption,True,True,joint_triangular_l5,True,0,-257.14955800000007,-257.14955800000007,4.970952470094886,5173.04399,4915.894432
round-broad-p3-0172-992a559051fcee21,3,broad,broad_joint,development,correlated,joint_triangular_l2,assumption__radius_min__noise_correlated__scale_150,broad_or_stress_assumption,True,True,joint_triangular_l5,True,0,-194.06331800000044,-194.06331800000044,3.751433747231684,5173.04399,4978.980672
round-broad-p3-0172-992a559051fcee21,3,broad,broad_joint,development,correlated,joint_triangular_l3,assumption__radius_min__noise_correlated__scale_150,broad_or_stress_assumption,True,True,joint_triangular_l5,True,0,-144.9208180000005,-144.9208180000005,2.801461156722166,5173.04399,5028.123172
round-broad-p3-0173-f0fc6437cabac108,3,broad,broad_joint,development,extreme,joint_triangular_l1,assumption__radius_min__noise_extreme__scale_150,broad_or_stress_assumption,True,True,joint_triangular_l5,True,0,-208.88613299999952,-208.88613299999952,4.967163961780211,4205.340001,3996.453868
round-broad-p3-0173-f0fc6437cabac108,3,broad,broad_joint,development,extreme,joint_triangular_l2,assumption__radius_min__noise_extreme__scale_150,broad_or_stress_assumption,True,True,joint_triangular_l5,True,0,-124.2955909999996,-124.2955909999996,2.9556609208873246,4205.340001,4081.04441
round-broad-p3-0173-f0fc6437cabac108,3,broad,broad_joint,development,extreme,joint_triangular_l3,assumption__radius_min__noise_extreme__scale_150,broad_or_stress_assumption,True,True,joint_triangular_l5,True,0,-58.082688999999846,-58.082688999999846,1.3811651135505858,4205.340001,4147.257312
round-broad-p3-0174-b9aafa4d636f0db8,3,broad,broad_joint,development,deterministic,joint_triangular_l1,assumption__radius_max__noise_deterministic__scale_150,broad_or_stress_assumption,True,True,joint_triangular_l5,True,0,-478.26349200000004,-478.26349200000004,8.81393015888424,5426.222847,4947.959355
round-broad-p3-0174-b9aafa4d636f0db8,3,broad,broad_joint,development,deterministic,joint_triangular_l2,assumption__radius_max__noise_deterministic__scale_150,broad_or_stress_assumption,True,True,joint_triangular_l5,True,0,-388.15426899999966,-388.15426899999966,7.153304977413502,5426.222847,5038.068578
round-broad-p3-0174-b9aafa4d636f0db8,3,broad,broad_joint,development,deterministic,joint_triangular_l3,assumption__radius_max__noise_deterministic__scale_150,broad_or_stress_assumption,True,True,joint_triangular_l5,True,0,-304.97306800000024,-304.97306800000024,5.62035649104627,5426.222847,5121.249779
round-broad-p3-0175-33cfac8ca9aa1e01,3,broad,broad_joint,development,correlated,joint_triangular_l1,assumption__radius_max__noise_correlated__scale_150,broad_or_stress_assumption,True,True,joint_triangular_l5,True,0,-527.8836940000001,-527.8836940000001,10.08500202580115,5234.343956,4706.460262
round-broad-p3-0175-33cfac8ca9aa1e01,3,broad,broad_joint,development,correlated,joint_triangular_l2,assumption__radius_max__noise_correlated__scale_150,broad_or_stress_assumption,True,True,joint_triangular_l5,True,0,-432.5423729999993,-432.5423729999993,8.263545090577907,5234.343956,4801.801583
round-broad-p3-0175-33cfac8ca9aa1e01,3,broad,broad_joint,development,correlated,joint_triangular_l3,assumption__radius_max__noise_correlated__scale_150,broad_or_stress_assumption,True,True,joint_triangular_l5,True,0,-264.13513299999977,-264.13513299999977,5.0461936628606185,5234.343956,4970.208823
round-broad-p3-0177-1ab6e924e254176e,3,broad,broad_joint,development,deterministic,joint_triangular_l1,assumption__radius_mixed__noise_deterministic__scale_150,broad_or_stress_assumption,True,True,joint_triangular_l5,True,0,-619.6671509999996,-619.6671509999996,12.279792498363467,5046.234707,4426.567556
round-broad-p3-0177-1ab6e924e254176e,3,broad,broad_joint,development,deterministic,joint_triangular_l2,assumption__radius_mixed__noise_deterministic__scale_150,broad_or_stress_assumption,True,True,joint_triangular_l5,True,0,-452.00881799999934,-452.00881799999934,8.957348285306368,5046.234707,4594.225889
round-broad-p3-0177-1ab6e924e254176e,3,broad,broad_joint,development,deterministic,joint_triangular_l3,assumption__radius_mixed__noise_deterministic__scale_150,broad_or_stress_assumption,True,True,joint_triangular_l5,True,0,-296.309475,-296.309475,5.871892454565531,5046.234707,4749.925232
round-broad-p3-0178-6d427b29a9adb696,3,broad,broad_joint,development,correlated,joint_triangular_l1,assumption__radius_mixed__noise_correlated__scale_150,broad_or_stress_assumption,True,True,joint_triangular_l5,True,0,-495.3954539999995,-495.3954539999995,10.090919612642004,4909.3192,4413.923746
round-broad-p3-0178-6d427b29a9adb696,3,broad,broad_joint,development,correlated,joint_triangular_l2,assumption__radius_mixed__noise_correlated__scale_150,broad_or_stress_assumption,True,True,joint_triangular_l5,True,0,-325.61349100000007,-325.61349100000007,6.63255897070209,4909.3192,4583.705709
round-broad-p3-0178-6d427b29a9adb696,3,broad,broad_joint,development,correlated,joint_triangular_l3,assumption__radius_mixed__noise_correlated__scale_150,broad_or_stress_assumption,True,True,joint_triangular_l5,True,0,-208.10073099999954,-208.10073099999954,4.238891840644616,4909.3192,4701.218469
round-broad-p3-0179-433739b643962145,3,broad,broad_joint,development,extreme,joint_triangular_l1,assumption__radius_mixed__noise_extreme__scale_150,broad_or_stress_assumption,True,True,joint_triangular_l5,True,0,-378.07067199999983,-378.07067199999983,7.254865371913475,5211.27068,4833.200008
round-broad-p3-0179-433739b643962145,3,broad,broad_joint,development,extreme,joint_triangular_l2,assumption__radius_mixed__noise_extreme__scale_150,broad_or_stress_assumption,True,True,joint_triangular_l5,True,0,-368.66062799999963,-368.66062799999963,7.07429436384601,5211.27068,4842.610052
round-broad-p3-0179-433739b643962145,3,broad,broad_joint,development,extreme,joint_triangular_l3,assumption__radius_mixed__noise_extreme__scale_150,broad_or_stress_assumption,True,True,joint_triangular_l5,True,0,-276.6126569999997,-276.6126569999997,5.307969475882218,5211.27068,4934.658023
round-broad-p3-0181-1809dea5b8527301,3,broad,broad_joint,development,correlated,joint_triangular_l1,assumption__radius_min__noise_correlated__scale_300,broad_or_stress_assumption,True,True,joint_triangular_l5,True,0,-486.193182,-486.193182,8.71675424723908,5577.686008,5091.492826
round-broad-p3-0181-1809dea5b8527301,3,broad,broad_joint,development,correlated,joint_triangular_l2,assumption__radius_min__noise_correlated__scale_300,broad_or_stress_assumption,True,True,joint_triangular_l5,True,0,-327.9335199999996,-327.9335199999996,5.879382947151362,5577.686008,5249.752488
round-broad-p3-0181-1809dea5b8527301,3,broad,broad_joint,development,correlated,joint_triangular_l3,assumption__radius_min__noise_correlated__scale_300,broad_or_stress_assumption,True,True,joint_triangular_l5,True,0,-261.0291019999995,-261.0291019999995,4.679881614447443,5577.686008,5316.656906
round-broad-p3-0183-69c64ed1bd0c2f27,3,broad,broad_joint,development,deterministic,joint_triangular_l1,assumption__radius_max__noise_deterministic__scale_300,broad_or_stress_assumption,True,True,joint_triangular_l5,True,0,-421.1764919999996,-421.1764919999996,9.59688472437627,4388.679286,3967.502794
round-broad-p3-0183-69c64ed1bd0c2f27,3,broad,broad_joint,development,deterministic,joint_triangular_l2,assumption__radius_max__noise_deterministic__scale_300,broad_or_stress_assumption,True,True,joint_triangular_l5,True,0,-355.5945969999998,-355.5945969999998,8.102542332823356,4388.679286,4033.084689
round-broad-p3-0183-69c64ed1bd0c2f27,3,broad,broad_joint,development,deterministic,joint_triangular_l3,assumption__radius_max__noise_deterministic__scale_300,broad_or_stress_assumption,True,True,joint_triangular_l5,True,0,-274.59206299999914,-274.59206299999914,6.2568268288811835,4388.679286,4114.087223
round-broad-p3-0185-5cf422dcb19d790e,3,broad,broad_joint,development,extreme,joint_triangular_l1,assumption__radius_max__noise_extreme__scale_300,broad_or_stress_assumption,True,True,joint_triangular_l5,True,0,-392.08919700000024,-392.08919700000024,7.712534335701667,5083.791915,4691.702718
round-broad-p3-0185-5cf422dcb19d790e,3,broad,broad_joint,development,extreme,joint_triangular_l2,assumption__radius_max__noise_extreme__scale_300,broad_or_stress_assumption,True,True,joint_triangular_l5,True,0,-261.16055999999935,-261.16055999999935,5.137121352851425,5083.791915,4822.631355
round-broad-p3-0185-5cf422dcb19d790e,3,broad,broad_joint,development,extreme,joint_triangular_l3,assumption__radius_max__noise_extreme__scale_300,broad_or_stress_assumption,True,True,joint_triangular_l5,True,0,-130.1636499999995,-130.1636499999995,2.5603654157430147,5083.791915,4953.628265
round-broad-p3-0186-06e695dc8ce7fcaa,3,broad,broad_joint,development,deterministic,joint_triangular_l1,assumption__radius_mixed__noise_deterministic__scale_300,broad_or_stress_assumption,True,True,joint_triangular_l5,True,0,-453.5801160000001,-453.5801160000001,7.781578659243078,5828.895856,5375.31574
round-broad-p3-0186-06e695dc8ce7fcaa,3,broad,broad_joint,development,deterministic,joint_triangular_l2,assumption__radius_mixed__noise_deterministic__scale_300,broad_or_stress_assumption,True,True,joint_triangular_l5,True,0,-328.50856999999996,-328.50856999999996,5.6358627451174685,5828.895856,5500.387286
round-broad-p3-0186-06e695dc8ce7fcaa,3,broad,broad_joint,development,deterministic,joint_triangular_l3,assumption__radius_mixed__noise_deterministic__scale_300,broad_or_stress_assumption,True,True,joint_triangular_l5,True,0,-193.99949199999992,-193.99949199999992,3.328237401948187,5828.895856,5634.896364
round-broad-p3-0187-f04937aac4d05309,3,broad,broad_joint,development,correlated,joint_triangular_l1,assumption__radius_mixed__noise_correlated__scale_300,broad_or_stress_assumption,True,True,joint_triangular_l5,True,0,-426.09454000000005,-426.09454000000005,8.58243195992337,4964.729601,4538.635061
round-broad-p3-0187-f04937aac4d05309,3,broad,broad_joint,development,correlated,joint_triangular_l2,assumption__radius_mixed__noise_correlated__scale_300,broad_or_stress_assumption,True,True,joint_triangular_l5,True,0,-300.2043530000001,-300.2043530000001,6.046741255345158,4964.729601,4664.525248
round-broad-p3-0187-f04937aac4d05309,3,broad,broad_joint,development,correlated,joint_triangular_l3,assumption__radius_mixed__noise_correlated__scale_300,broad_or_stress_assumption,True,True,joint_triangular_l5,True,0,-206.8806000000004,-206.8806000000004,4.167006395641977,4964.729601,4757.849001
round-broad-p3-0188-d791aa986b4d8170,3,broad,broad_joint,development,extreme,joint_triangular_l1,assumption__radius_mixed__noise_extreme__scale_300,broad_or_stress_assumption,True,True,joint_triangular_l5,True,0,-374.1485339999999,-374.1485339999999,7.600148160710573,4922.911055,4548.762521
round-broad-p3-0188-d791aa986b4d8170,3,broad,broad_joint,development,extreme,joint_triangular_l2,assumption__radius_mixed__noise_extreme__scale_300,broad_or_stress_assumption,True,True,joint_triangular_l5,True,0,-289.2585919999992,-289.2585919999992,5.87576311593546,4922.911055,4633.652463
round-broad-p3-0188-d791aa986b4d8170,3,broad,broad_joint,development,extreme,joint_triangular_l3,assumption__radius_mixed__noise_extreme__scale_300,broad_or_stress_assumption,True,True,joint_triangular_l5,True,0,-195.1772809999993,-195.1772809999993,3.9646720978589634,4922.911055,4727.733774
round-broad-p3-0189-78c30cd4a5ee190f,3,broad,broad_joint,development,deterministic,joint_triangular_l1,assumption__radius_min__noise_deterministic__scale_75,broad_or_stress_assumption,True,True,joint_triangular_l5,True,0,-146.86371000000054,-146.86371000000054,2.9960624807991163,4901.890763,4755.027053
round-broad-p3-0189-78c30cd4a5ee190f,3,broad,broad_joint,development,deterministic,joint_triangular_l2,assumption__radius_min__noise_deterministic__scale_75,broad_or_stress_assumption,True,True,joint_triangular_l5,True,0,-72.95478100000037,-72.95478100000037,1.4882987917778772,4901.890763,4828.935982
round-broad-p3-0189-78c30cd4a5ee190f,3,broad,broad_joint,development,deterministic,joint_triangular_l3,assumption__radius_min__noise_deterministic__scale_75,broad_or_stress_assumption,True,True,joint_triangular_l5,True,0,-50.91726600000038,-50.91726600000038,1.038727063938866,4901.890763,4850.973497
round-broad-p3-0190-4e8a90da03344f86,3,broad,broad_joint,development,correlated,joint_triangular_l1,assumption__radius_min__noise_correlated__scale_75,broad_or_stress_assumption,True,True,joint_triangular_l5,True,0,-607.8122559999993,-607.8122559999993,12.75481995860858,4765.353474,4157.541218
round-broad-p3-0190-4e8a90da03344f86,3,broad,broad_joint,development,correlated,joint_triangular_l2,assumption__radius_min__noise_correlated__scale_75,broad_or_stress_assumption,True,True,joint_triangular_l5,True,0,-530.7310049999996,-530.7310049999996,11.137285154095993,4765.353474,4234.622469
round-broad-p3-0190-4e8a90da03344f86,3,broad,broad_joint,development,correlated,joint_triangular_l3,assumption__radius_min__noise_correlated__scale_75,broad_or_stress_assumption,True,True,joint_triangular_l5,True,0,-397.141662,-397.141662,8.33393921703446,4765.353474,4368.211812
round-broad-p3-0192-c3df8d6fad958e86,3,broad,broad_joint,development,deterministic,joint_triangular_l1,assumption__radius_max__noise_deterministic__scale_75,broad_or_stress_assumption,True,True,joint_triangular_l5,True,0,-970.999984,-970.999984,17.499623734204008,5548.690639,4577.690655
round-broad-p3-0192-c3df8d6fad958e86,3,broad,broad_joint,development,deterministic,joint_triangular_l2,assumption__radius_max__noise_deterministic__scale_75,broad_or_stress_assumption,True,True,joint_triangular_l5,True,0,-679.9986690000005,-679.9986690000005,12.255119509105516,5548.690639,4868.69197
round-broad-p3-0192-c3df8d6fad958e86,3,broad,broad_joint,development,deterministic,joint_triangular_l3,assumption__radius_max__noise_deterministic__scale_75,broad_or_stress_assumption,True,True,joint_triangular_l5,True,0,-537.0994630000005,-537.0994630000005,9.679751457486157,5548.690639,5011.591176
round-broad-p3-0193-888ea8210babd6a3,3,broad,broad_joint,development,correlated,joint_triangular_l1,assumption__radius_max__noise_correlated__scale_75,broad_or_stress_assumption,True,True,joint_triangular_l5,True,0,-1094.5221920000004,-1094.5221920000004,18.40031057991688,5948.389769,4853.867577
round-broad-p3-0193-888ea8210babd6a3,3,broad,broad_joint,development,correlated,joint_triangular_l2,assumption__radius_max__noise_correlated__scale_75,broad_or_stress_assumption,True,True,joint_triangular_l5,True,0,-777.789006,-777.789006,13.07562275178138,5948.389769,5170.600763
round-broad-p3-0193-888ea8210babd6a3,3,broad,broad_joint,development,correlated,joint_triangular_l3,assumption__radius_max__noise_correlated__scale_75,broad_or_stress_assumption,True,True,joint_triangular_l5,True,0,-552.5994380000002,-552.5994380000002,9.289899610813485,5948.389769,5395.790331
round-broad-p3-0194-6e7374290173e543,3,broad,broad_joint,development,extreme,joint_triangular_l1,assumption__radius_max__noise_extreme__scale_75,broad_or_stress_assumption,True,True,joint_triangular_l5,True,0,-386.0274539999996,-386.0274539999996,8.932069611850286,4321.814213,3935.786759
round-broad-p3-0194-6e7374290173e543,3,broad,broad_joint,development,extreme,joint_triangular_l2,assumption__radius_max__noise_extreme__scale_75,broad_or_stress_assumption,True,True,joint_triangular_l5,True,0,-207.2071249999999,-207.2071249999999,4.794447766327431,4321.814213,4114.607088
round-broad-p3-0194-6e7374290173e543,3,broad,broad_joint,development,extreme,joint_triangular_l3,assumption__radius_max__noise_extreme__scale_75,broad_or_stress_assumption,True,True,joint_triangular_l5,True,0,-99.51968299999953,-99.51968299999953,2.302729319105035,4321.814213,4222.29453
round-broad-p3-0197-a5378085a2d59add,3,broad,broad_joint,development,extreme,joint_triangular_l1,assumption__radius_mixed__noise_extreme__scale_75,broad_or_stress_assumption,True,True,joint_triangular_l5,True,0,-398.84523000000036,-398.84523000000036,9.040703480799086,4411.661447,4012.816217
round-broad-p3-0197-a5378085a2d59add,3,broad,broad_joint,development,extreme,joint_triangular_l2,assumption__radius_mixed__noise_extreme__scale_75,broad_or_stress_assumption,True,True,joint_triangular_l5,True,0,-267.22685400000046,-267.22685400000046,6.057283796827133,4411.661447,4144.434593
round-broad-p3-0197-a5378085a2d59add,3,broad,broad_joint,development,extreme,joint_triangular_l3,assumption__radius_mixed__noise_extreme__scale_75,broad_or_stress_assumption,True,True,joint_triangular_l5,True,0,-163.88453500000014,-163.88453500000014,3.7148030729203896,4411.661447,4247.776912
round-broad-p3-0198-a7d498ce111972e9,3,broad,broad_joint,development,deterministic,joint_triangular_l1,assumption__radius_min__noise_deterministic__scale_150,broad_or_stress_assumption,True,True,joint_triangular_l5,True,0,-280.93313899999976,-280.93313899999976,5.8285570787164085,4819.943173,4539.010034
round-broad-p3-0198-a7d498ce111972e9,3,broad,broad_joint,development,deterministic,joint_triangular_l2,assumption__radius_min__noise_deterministic__scale_150,broad_or_stress_assumption,True,True,joint_triangular_l5,True,0,-250.17833100000007,-250.17833100000007,5.190482999912333,4819.943173,4569.764842
round-broad-p3-0198-a7d498ce111972e9,3,broad,broad_joint,development,deterministic,joint_triangular_l3,assumption__radius_min__noise_deterministic__scale_150,broad_or_stress_assumption,True,True,joint_triangular_l5,True,0,-184.08404299999984,-184.08404299999984,3.8192160445207772,4819.943173,4635.85913
round-broad-p3-0199-fe0c4ee3bc234fe6,3,broad,broad_joint,development,correlated,joint_triangular_l1,assumption__radius_min__noise_correlated__scale_150,broad_or_stress_assumption,True,True,joint_triangular_l5,True,0,-551.1231830000006,-551.1231830000006,11.237138197591262,4904.479889,4353.356706
round-broad-p3-0199-fe0c4ee3bc234fe6,3,broad,broad_joint,development,correlated,joint_triangular_l2,assumption__radius_min__noise_correlated__scale_150,broad_or_stress_assumption,True,True,joint_triangular_l5,True,0,-381.9825000000001,-381.9825000000001,7.788440540998619,4904.479889,4522.497389
round-broad-p3-0199-fe0c4ee3bc234fe6,3,broad,broad_joint,development,correlated,joint_triangular_l3,assumption__radius_min__noise_correlated__scale_150,broad_or_stress_assumption,True,True,joint_triangular_l5,True,0,-239.11325899999974,-239.11325899999974,4.875405025847782,4904.479889,4665.36663
round-broad-p4-0000-21cb22038ed49600,4,broad,broad_joint,development,deterministic,joint_triangular_l1,assumption__radius_min__noise_deterministic__scale_75,broad_or_stress_assumption,True,True,joint_triangular_l5,True,0,-193.84994599999845,-193.84994599999845,1.7056438506266012,11365.206513,11171.356567
round-broad-p4-0000-21cb22038ed49600,4,broad,broad_joint,development,deterministic,joint_triangular_l2,assumption__radius_min__noise_deterministic__scale_75,broad_or_stress_assumption,True,True,joint_triangular_l5,True,0,-228.9469879999997,-228.9469879999997,2.014455150798365,11365.206513,11136.259525
round-broad-p4-0000-21cb22038ed49600,4,broad,broad_joint,development,deterministic,joint_triangular_l3,assumption__radius_min__noise_deterministic__scale_75,broad_or_stress_assumption,True,True,joint_triangular_l5,True,0,-183.45482300000003,-183.45482300000003,1.6141794061564718,11365.206513,11181.75169
round-broad-p4-0001-45eca74622ac022e,4,broad,broad_joint,development,correlated,joint_triangular_l1,assumption__radius_min__noise_correlated__scale_75,broad_or_stress_assumption,True,True,joint_triangular_l5,True,0,-411.2455600000012,-411.2455600000012,3.7895656884821145,10852.049913,10440.804353
round-broad-p4-0001-45eca74622ac022e,4,broad,broad_joint,development,correlated,joint_triangular_l2,assumption__radius_min__noise_correlated__scale_75,broad_or_stress_assumption,True,True,joint_triangular_l5,True,0,-285.299943,-285.299943,2.628995860572209,10852.049913,10566.74997
round-broad-p4-0001-45eca74622ac022e,4,broad,broad_joint,development,correlated,joint_triangular_l3,assumption__radius_min__noise_correlated__scale_75,broad_or_stress_assumption,True,True,joint_triangular_l5,True,0,-213.91309600000022,-213.91309600000022,1.9711768533588039,10852.049913,10638.136817
round-broad-p4-0002-0c17f10b054607de,4,broad,broad_joint,development,extreme,joint_triangular_l1,assumption__radius_min__noise_extreme__scale_75,broad_or_stress_assumption,True,True,joint_triangular_l5,True,0,-425.67744200000016,-425.67744200000016,3.5674158910414047,11932.375002,11506.69756
round-broad-p4-0002-0c17f10b054607de,4,broad,broad_joint,development,extreme,joint_triangular_l2,assumption__radius_min__noise_extreme__scale_75,broad_or_stress_assumption,True,True,joint_triangular_l5,True,0,-333.34018000000106,-333.34018000000106,2.793577807805483,11932.375002,11599.034822
round-broad-p4-0002-0c17f10b054607de,4,broad,broad_joint,development,extreme,joint_triangular_l3,assumption__radius_min__noise_extreme__scale_75,broad_or_stress_assumption,True,True,joint_triangular_l5,True,0,-243.02195500000016,-243.02195500000016,2.0366603878881357,11932.375002,11689.353047
round-broad-p4-0004-1a58925f9cb484ac,4,broad,broad_joint,development,correlated,joint_triangular_l1,assumption__radius_max__noise_correlated__scale_75,broad_or_stress_assumption,True,True,joint_triangular_l5,True,0,-562.8295589999998,-562.8295589999998,4.288407426758656,13124.442316,12561.612757
round-broad-p4-0004-1a58925f9cb484ac,4,broad,broad_joint,development,correlated,joint_triangular_l2,assumption__radius_max__noise_correlated__scale_75,broad_or_stress_assumption,True,True,joint_triangular_l5,True,0,-600.6853929999997,-600.6853929999997,4.576845084439927,13124.442316,12523.756923
round-broad-p4-0004-1a58925f9cb484ac,4,broad,broad_joint,development,correlated,joint_triangular_l3,assumption__radius_max__noise_correlated__scale_75,broad_or_stress_assumption,True,True,joint_triangular_l5,True,0,-439.4286000000011,-439.4286000000011,3.348169693003214,13124.442316,12685.013716
round-broad-p4-0005-cda0ea5d243424a1,4,broad,broad_joint,development,extreme,joint_triangular_l1,assumption__radius_max__noise_extreme__scale_75,broad_or_stress_assumption,True,True,joint_triangular_l5,True,0,-479.76392300000043,-479.76392300000043,5.047731556277407,9504.545114,9024.781191
round-broad-p4-0005-cda0ea5d243424a1,4,broad,broad_joint,development,extreme,joint_triangular_l2,assumption__radius_max__noise_extreme__scale_75,broad_or_stress_assumption,True,True,joint_triangular_l5,True,0,-247.03648200000134,-247.03648200000134,2.599140506325986,9504.545114,9257.508632
round-broad-p4-0005-cda0ea5d243424a1,4,broad,broad_joint,development,extreme,joint_triangular_l3,assumption__radius_max__noise_extreme__scale_75,broad_or_stress_assumption,True,True,joint_triangular_l5,True,0,-163.61194400000022,-163.61194400000022,1.7214074112710893,9504.545114,9340.93317
round-broad-p4-0006-776bd34f4f96e11b,4,broad,broad_joint,development,deterministic,joint_triangular_l1,assumption__radius_mixed__noise_deterministic__scale_75,broad_or_stress_assumption,True,True,joint_triangular_l5,True,0,1247.3789969999998,1247.3789969999998,-11.109381208457346,11228.159099,12475.538096
round-broad-p4-0006-776bd34f4f96e11b,4,broad,broad_joint,development,deterministic,joint_triangular_l2,assumption__radius_mixed__noise_deterministic__scale_75,broad_or_stress_assumption,True,True,joint_triangular_l5,True,0,1298.629879,1298.629879,-11.565830761301363,11228.159099,12526.788978
round-broad-p4-0006-776bd34f4f96e11b,4,broad,broad_joint,development,deterministic,joint_triangular_l3,assumption__radius_mixed__noise_deterministic__scale_75,broad_or_stress_assumption,True,True,joint_triangular_l5,True,0,621.0357199999999,621.0357199999999,-5.5310555766466685,11228.159099,11849.194819
round-broad-p4-0007-8f3b348adc963217,4,broad,broad_joint,development,correlated,joint_triangular_l1,assumption__radius_mixed__noise_correlated__scale_75,broad_or_stress_assumption,True,True,joint_triangular_l5,True,0,-1107.624452,-1107.624452,8.247914376904975,13429.145859,12321.521407
round-broad-p4-0007-8f3b348adc963217,4,broad,broad_joint,development,correlated,joint_triangular_l2,assumption__radius_mixed__noise_correlated__scale_75,broad_or_stress_assumption,True,True,joint_triangular_l5,True,0,-894.4050690000004,-894.4050690000004,6.660178379108038,13429.145859,12534.74079
round-broad-p4-0007-8f3b348adc963217,4,broad,broad_joint,development,correlated,joint_triangular_l3,assumption__radius_mixed__noise_correlated__scale_75,broad_or_stress_assumption,True,True,joint_triangular_l5,True,0,-681.6936050000004,-681.6936050000004,5.076224595052262,13429.145859,12747.452254
round-broad-p4-0009-4a9122728d7a6a32,4,broad,broad_joint,development,deterministic,joint_triangular_l1,assumption__radius_min__noise_deterministic__scale_150,broad_or_stress_assumption,True,True,joint_triangular_l5,True,0,-795.5525189999989,-795.5525189999989,7.025260515244881,11324.171072,10528.618553
round-broad-p4-0009-4a9122728d7a6a32,4,broad,broad_joint,development,deterministic,joint_triangular_l2,assumption__radius_min__noise_deterministic__scale_150,broad_or_stress_assumption,True,True,joint_triangular_l5,True,0,-587.974001999999,-587.974001999999,5.192203458086358,11324.171072,10736.19707
round-broad-p4-0009-4a9122728d7a6a32,4,broad,broad_joint,development,deterministic,joint_triangular_l3,assumption__radius_min__noise_deterministic__scale_150,broad_or_stress_assumption,True,True,joint_triangular_l5,True,0,-446.62111099999856,-446.62111099999856,3.943962945811621,11324.171072,10877.549961
round-broad-p4-0010-12dea2d8e31da9c0,4,broad,broad_joint,development,correlated,joint_triangular_l1,assumption__radius_min__noise_correlated__scale_150,broad_or_stress_assumption,True,True,joint_triangular_l5,True,0,-232.5831990000006,-232.5831990000006,2.1528020193696866,10803.743071,10571.159872
round-broad-p4-0010-12dea2d8e31da9c0,4,broad,broad_joint,development,correlated,joint_triangular_l2,assumption__radius_min__noise_correlated__scale_150,broad_or_stress_assumption,True,True,joint_triangular_l5,True,0,-345.8417920000011,-345.8417920000011,3.2011293653245843,10803.743071,10457.901279
round-broad-p4-0010-12dea2d8e31da9c0,4,broad,broad_joint,development,correlated,joint_triangular_l3,assumption__radius_min__noise_correlated__scale_150,broad_or_stress_assumption,True,True,joint_triangular_l5,True,0,-273.14532600000166,-273.14532600000166,2.5282471473538957,10803.743071,10530.597745
round-broad-p4-0012-264b7ee52f57ecbd,4,broad,broad_joint,development,deterministic,joint_triangular_l1,assumption__radius_max__noise_deterministic__scale_150,broad_or_stress_assumption,True,True,joint_triangular_l5,True,0,-231.6075669999991,-231.6075669999991,1.6324267894134759,14187.929805,13956.322238
round-broad-p4-0012-264b7ee52f57ecbd,4,broad,broad_joint,development,deterministic,joint_triangular_l2,assumption__radius_max__noise_deterministic__scale_150,broad_or_stress_assumption,True,True,joint_triangular_l5,True,0,-297.2933410000005,-297.2933410000005,2.095396193003652,14187.929805,13890.636464
round-broad-p4-0012-264b7ee52f57ecbd,4,broad,broad_joint,development,deterministic,joint_triangular_l3,assumption__radius_max__noise_deterministic__scale_150,broad_or_stress_assumption,True,True,joint_triangular_l5,True,0,-450.48739699999896,-450.48739699999896,3.1751453749175,14187.929805,13737.442408
round-broad-p4-0013-70d311f4f8c97b24,4,broad,broad_joint,development,correlated,joint_triangular_l1,assumption__radius_max__noise_correlated__scale_150,broad_or_stress_assumption,True,True,joint_triangular_l5,True,0,-1203.1573649999991,-1203.1573649999991,10.888614588866139,11049.682723,9846.525358
round-broad-p4-0013-70d311f4f8c97b24,4,broad,broad_joint,development,correlated,joint_triangular_l2,assumption__radius_max__noise_correlated__scale_150,broad_or_stress_assumption,True,True,joint_triangular_l5,True,0,-746.3284359999998,-746.3284359999998,6.754297428346168,11049.682723,10303.354287
round-broad-p4-0013-70d311f4f8c97b24,4,broad,broad_joint,development,correlated,joint_triangular_l3,assumption__radius_max__noise_correlated__scale_150,broad_or_stress_assumption,True,True,joint_triangular_l5,True,0,-604.7172169999994,-604.7172169999994,5.472711137137684,11049.682723,10444.965506
round-broad-p4-0014-2949209f5ffa32eb,4,broad,broad_joint,development,extreme,joint_triangular_l1,assumption__radius_max__noise_extreme__scale_150,broad_or_stress_assumption,True,True,joint_triangular_l5,True,0,122.10757800000101,122.10757800000101,-1.1301163177924496,10804.868143,10926.975721
round-broad-p4-0014-2949209f5ffa32eb,4,broad,broad_joint,development,extreme,joint_triangular_l2,assumption__radius_max__noise_extreme__scale_150,broad_or_stress_assumption,True,True,joint_triangular_l5,True,0,280.6550189999998,280.6550189999998,-2.597486755836293,10804.868143,11085.523162
round-broad-p4-0014-2949209f5ffa32eb,4,broad,broad_joint,development,extreme,joint_triangular_l3,assumption__radius_max__noise_extreme__scale_150,broad_or_stress_assumption,True,True,joint_triangular_l5,True,0,233.38290600000073,233.38290600000073,-2.159979214102666,10804.868143,11038.251049
round-broad-p4-0016-32d296c4ef81632d,4,broad,broad_joint,development,correlated,joint_triangular_l1,assumption__radius_mixed__noise_correlated__scale_150,broad_or_stress_assumption,True,True,joint_triangular_l5,True,0,-388.30935300000056,-388.30935300000056,4.055141876653763,9575.727923,9187.41857
round-broad-p4-0016-32d296c4ef81632d,4,broad,broad_joint,development,correlated,joint_triangular_l2,assumption__radius_mixed__noise_correlated__scale_150,broad_or_stress_assumption,True,True,joint_triangular_l5,True,0,-267.1360800000002,-267.1360800000002,2.7897208666336937,9575.727923,9308.591843
round-broad-p4-0016-32d296c4ef81632d,4,broad,broad_joint,development,correlated,joint_triangular_l3,assumption__radius_mixed__noise_correlated__scale_150,broad_or_stress_assumption,True,True,joint_triangular_l5,True,0,-200.081236,-200.081236,2.0894624159007655,9575.727923,9375.646687
round-broad-p4-0017-14f6288952ae0c4f,4,broad,broad_joint,development,extreme,joint_triangular_l1,assumption__radius_mixed__noise_extreme__scale_150,broad_or_stress_assumption,True,True,joint_triangular_l5,True,0,-355.0810929999989,-355.0810929999989,3.387476794724881,10482.170492,10127.089399
round-broad-p4-0017-14f6288952ae0c4f,4,broad,broad_joint,development,extreme,joint_triangular_l2,assumption__radius_mixed__noise_extreme__scale_150,broad_or_stress_assumption,True,True,joint_triangular_l5,True,0,-290.3687599999994,-290.3687599999994,2.7701205606377903,10482.170492,10191.801732
round-broad-p4-0017-14f6288952ae0c4f,4,broad,broad_joint,development,extreme,joint_triangular_l3,assumption__radius_mixed__noise_extreme__scale_150,broad_or_stress_assumption,True,True,joint_triangular_l5,True,0,-233.45918100000017,-233.45918100000017,2.2272026693152567,10482.170492,10248.711311
round-broad-p4-0018-56d5c09a49488e83,4,broad,broad_joint,development,deterministic,joint_triangular_l1,assumption__radius_min__noise_deterministic__scale_300,broad_or_stress_assumption,True,True,joint_triangular_l5,True,0,-799.547000999999,-799.547000999999,6.3438613723222534,12603.475298,11803.928297
round-broad-p4-0018-56d5c09a49488e83,4,broad,broad_joint,development,deterministic,joint_triangular_l2,assumption__radius_min__noise_deterministic__scale_300,broad_or_stress_assumption,True,True,joint_triangular_l5,True,0,-648.8218319999996,-648.8218319999996,5.147959722688224,12603.475298,11954.653466
round-broad-p4-0018-56d5c09a49488e83,4,broad,broad_joint,development,deterministic,joint_triangular_l3,assumption__radius_min__noise_deterministic__scale_300,broad_or_stress_assumption,True,True,joint_triangular_l5,True,0,-489.10340499999984,-489.10340499999984,3.8807026906111677,12603.475298,12114.371893
round-broad-p4-0019-42dfac041f0a03c0,4,broad,broad_joint,development,correlated,joint_triangular_l1,assumption__radius_min__noise_correlated__scale_300,broad_or_stress_assumption,True,True,joint_triangular_l5,True,0,-617.457386,-617.457386,5.7860986188905805,10671.394089,10053.936703
round-broad-p4-0019-42dfac041f0a03c0,4,broad,broad_joint,development,correlated,joint_triangular_l2,assumption__radius_min__noise_correlated__scale_300,broad_or_stress_assumption,True,True,joint_triangular_l5,True,0,-457.1691009999995,-457.1691009999995,4.284061643560201,10671.394089,10214.224988
round-broad-p4-0019-42dfac041f0a03c0,4,broad,broad_joint,development,correlated,joint_triangular_l3,assumption__radius_min__noise_correlated__scale_300,broad_or_stress_assumption,True,True,joint_triangular_l5,True,0,-354.0334279999988,-354.0334279999988,3.3175930440516117,10671.394089,10317.360661
round-broad-p4-0020-8a55366d8741a76a,4,broad,broad_joint,development,extreme,joint_triangular_l1,assumption__radius_min__noise_extreme__scale_300,broad_or_stress_assumption,True,True,joint_triangular_l5,True,0,-359.2389179999991,-359.2389179999991,3.480791965812075,10320.608687,9961.369769
round-broad-p4-0020-8a55366d8741a76a,4,broad,broad_joint,development,extreme,joint_triangular_l2,assumption__radius_min__noise_extreme__scale_300,broad_or_stress_assumption,True,True,joint_triangular_l5,True,0,-307.5154540000003,-307.5154540000003,2.9796251686913737,10320.608687,10013.093233
round-broad-p4-0020-8a55366d8741a76a,4,broad,broad_joint,development,extreme,joint_triangular_l3,assumption__radius_min__noise_extreme__scale_300,broad_or_stress_assumption,True,True,joint_triangular_l5,True,0,-210.60740000000078,-210.60740000000078,2.0406490197161062,10320.608687,10110.001287
round-broad-p4-0022-2d94544c93de1922,4,broad,broad_joint,development,correlated,joint_triangular_l1,assumption__radius_max__noise_correlated__scale_300,broad_or_stress_assumption,True,True,joint_triangular_l5,True,0,-713.425862,-713.425862,6.993193429179771,10201.717845,9488.291983
round-broad-p4-0022-2d94544c93de1922,4,broad,broad_joint,development,correlated,joint_triangular_l2,assumption__radius_max__noise_correlated__scale_300,broad_or_stress_assumption,True,True,joint_triangular_l5,True,0,-502.99552399999993,-502.99552399999993,4.930498290996402,10201.717845,9698.722321
round-broad-p4-0022-2d94544c93de1922,4,broad,broad_joint,development,correlated,joint_triangular_l3,assumption__radius_max__noise_correlated__scale_300,broad_or_stress_assumption,True,True,joint_triangular_l5,True,0,-376.788321,-376.788321,3.693381121932019,10201.717845,9824.929524
round-broad-p4-0023-2aaa9e63447589ad,4,broad,broad_joint,development,extreme,joint_triangular_l1,assumption__radius_max__noise_extreme__scale_300,broad_or_stress_assumption,True,True,joint_triangular_l5,True,0,-817.9768530000001,-817.9768530000001,6.880535631566713,11888.272902,11070.296049
round-broad-p4-0023-2aaa9e63447589ad,4,broad,broad_joint,development,extreme,joint_triangular_l2,assumption__radius_max__noise_extreme__scale_300,broad_or_stress_assumption,True,True,joint_triangular_l5,True,0,-597.0183460000007,-597.0183460000007,5.021909834350812,11888.272902,11291.254556
round-broad-p4-0023-2aaa9e63447589ad,4,broad,broad_joint,development,extreme,joint_triangular_l3,assumption__radius_max__noise_extreme__scale_300,broad_or_stress_assumption,True,True,joint_triangular_l5,True,0,-362.0751760000003,-362.0751760000003,3.045649935736984,11888.272902,11526.197726
round-broad-p4-0025-07b5d55df82f387b,4,broad,broad_joint,development,correlated,joint_triangular_l1,assumption__radius_mixed__noise_correlated__scale_300,broad_or_stress_assumption,True,True,joint_triangular_l5,True,0,-870.1596439999994,-870.1596439999994,8.258868995455757,10536.063043,9665.903399
round-broad-p4-0025-07b5d55df82f387b,4,broad,broad_joint,development,correlated,joint_triangular_l2,assumption__radius_mixed__noise_correlated__scale_300,broad_or_stress_assumption,True,True,joint_triangular_l5,True,0,-545.0365770000008,-545.0365770000008,5.173057286916243,10536.063043,9991.026466
round-broad-p4-0025-07b5d55df82f387b,4,broad,broad_joint,development,correlated,joint_triangular_l3,assumption__radius_mixed__noise_correlated__scale_300,broad_or_stress_assumption,True,True,joint_triangular_l5,True,0,-351.2453139999998,-351.2453139999998,3.333743472931873,10536.063043,10184.817729
round-broad-p4-0026-636111db166813c1,4,broad,broad_joint,development,extreme,joint_triangular_l1,assumption__radius_mixed__noise_extreme__scale_300,broad_or_stress_assumption,True,True,joint_triangular_l5,True,0,-301.44933200000014,-301.44933200000014,2.7872806199064835,10815.176981,10513.727649
round-broad-p4-0026-636111db166813c1,4,broad,broad_joint,development,extreme,joint_triangular_l2,assumption__radius_mixed__noise_extreme__scale_300,broad_or_stress_assumption,True,True,joint_triangular_l5,True,0,-306.5306240000009,-306.5306240000009,2.8342635958571085,10815.176981,10508.646357
round-broad-p4-0026-636111db166813c1,4,broad,broad_joint,development,extreme,joint_triangular_l3,assumption__radius_mixed__noise_extreme__scale_300,broad_or_stress_assumption,True,True,joint_triangular_l5,True,0,-206.4215380000005,-206.4215380000005,1.9086283873360546,10815.176981,10608.755443
round-broad-p4-0027-2b329bd6e6c29a1e,4,broad,broad_joint,development,deterministic,joint_triangular_l1,assumption__radius_min__noise_deterministic__scale_75,broad_or_stress_assumption,True,True,joint_triangular_l5,True,0,-176.0549460000002,-176.0549460000002,1.8348984860848345,9594.80578,9418.750834
round-broad-p4-0027-2b329bd6e6c29a1e,4,broad,broad_joint,development,deterministic,joint_triangular_l2,assumption__radius_min__noise_deterministic__scale_75,broad_or_stress_assumption,True,True,joint_triangular_l5,True,0,-95.84825600000113,-95.84825600000113,0.9989598351203012,9594.80578,9498.957524
round-broad-p4-0027-2b329bd6e6c29a1e,4,broad,broad_joint,development,deterministic,joint_triangular_l3,assumption__radius_min__noise_deterministic__scale_75,broad_or_stress_assumption,True,True,joint_triangular_l5,True,0,-81.4827030000015,-81.4827030000015,0.8492376486645412,9594.80578,9513.323077
round-broad-p4-0029-854fb691768288f6,4,broad,broad_joint,development,extreme,joint_triangular_l1,assumption__radius_min__noise_extreme__scale_75,broad_or_stress_assumption,True,True,joint_triangular_l5,True,0,712.4687709999998,712.4687709999998,-6.949247349156612,10252.459514,10964.928285
round-broad-p4-0029-854fb691768288f6,4,broad,broad_joint,development,extreme,joint_triangular_l2,assumption__radius_min__noise_extreme__scale_75,broad_or_stress_assumption,True,True,joint_triangular_l5,True,0,695.5806560000001,695.5806560000001,-6.7845247772026465,10252.459514,10948.04017
round-broad-p4-0029-854fb691768288f6,4,broad,broad_joint,development,extreme,joint_triangular_l3,assumption__radius_min__noise_extreme__scale_75,broad_or_stress_assumption,True,True,joint_triangular_l5,True,0,788.5403249999999,788.5403249999999,-7.691230810745731,10252.459514,11040.999839
round-broad-p4-0030-bed34a199bfa4b17,4,broad,broad_joint,development,deterministic,joint_triangular_l1,assumption__radius_max__noise_deterministic__scale_75,broad_or_stress_assumption,True,True,joint_triangular_l5,True,0,-1077.7392389999986,-1077.7392389999986,9.818803376270662,10976.278857,9898.539618
round-broad-p4-0030-bed34a199bfa4b17,4,broad,broad_joint,development,deterministic,joint_triangular_l2,assumption__radius_max__noise_deterministic__scale_75,broad_or_stress_assumption,True,True,joint_triangular_l5,True,0,-729.5211679999993,-729.5211679999993,6.646343241678443,10976.278857,10246.757689
round-broad-p4-0030-bed34a199bfa4b17,4,broad,broad_joint,development,deterministic,joint_triangular_l3,assumption__radius_max__noise_deterministic__scale_75,broad_or_stress_assumption,True,True,joint_triangular_l5,True,0,-533.6344689999987,-533.6344689999987,4.861706557862087,10976.278857,10442.644388
round-broad-p4-0033-d4d6404c5e394ff9,4,broad,broad_joint,development,deterministic,joint_triangular_l1,assumption__radius_mixed__noise_deterministic__scale_75,broad_or_stress_assumption,True,True,joint_triangular_l5,True,0,-416.58455200000026,-416.58455200000026,3.1670085621632973,13153.881457,12737.296905
round-broad-p4-0033-d4d6404c5e394ff9,4,broad,broad_joint,development,deterministic,joint_triangular_l2,assumption__radius_mixed__noise_deterministic__scale_75,broad_or_stress_assumption,True,True,joint_triangular_l5,True,0,-79.33357799999976,-79.33357799999976,0.6031191497303743,13153.881457,13074.547879
round-broad-p4-0033-d4d6404c5e394ff9,4,broad,broad_joint,development,deterministic,joint_triangular_l3,assumption__radius_mixed__noise_deterministic__scale_75,broad_or_stress_assumption,True,True,joint_triangular_l5,True,0,267.51069500000085,267.51069500000085,-2.033701579830201,13153.881457,13421.392152
round-broad-p4-0034-50993edfcedbc01e,4,broad,broad_joint,development,correlated,joint_triangular_l1,assumption__radius_mixed__noise_correlated__scale_75,broad_or_stress_assumption,True,True,joint_triangular_l5,True,0,-851.4155419999988,-851.4155419999988,9.319042792678491,9136.298233,8284.882691
round-broad-p4-0034-50993edfcedbc01e,4,broad,broad_joint,development,correlated,joint_triangular_l2,assumption__radius_mixed__noise_correlated__scale_75,broad_or_stress_assumption,True,True,joint_triangular_l5,True,0,-730.5882869999987,-730.5882869999987,7.996545957323706,9136.298233,8405.709946
round-broad-p4-0034-50993edfcedbc01e,4,broad,broad_joint,development,correlated,joint_triangular_l3,assumption__radius_mixed__noise_correlated__scale_75,broad_or_stress_assumption,True,True,joint_triangular_l5,True,0,-382.89618399999927,-382.89618399999927,4.190933507588349,9136.298233,8753.402049
round-broad-p4-0035-e1577bcea4d69764,4,broad,broad_joint,development,extreme,joint_triangular_l1,assumption__radius_mixed__noise_extreme__scale_75,broad_or_stress_assumption,True,True,joint_triangular_l5,True,0,375.14130000000114,375.14130000000114,-3.124653285014008,12005.853635,12380.994935
round-broad-p4-0035-e1577bcea4d69764,4,broad,broad_joint,development,extreme,joint_triangular_l2,assumption__radius_mixed__noise_extreme__scale_75,broad_or_stress_assumption,True,True,joint_triangular_l5,True,0,-369.04796799999895,-369.04796799999895,3.0739002758132403,12005.853635,11636.805667
round-broad-p4-0035-e1577bcea4d69764,4,broad,broad_joint,development,extreme,joint_triangular_l3,assumption__radius_mixed__noise_extreme__scale_75,broad_or_stress_assumption,True,True,joint_triangular_l5,True,0,-275.412006999999,-275.412006999999,2.293981047687485,12005.853635,11730.441628
round-broad-p4-0036-f32f5d18262237df,4,broad,broad_joint,development,deterministic,joint_triangular_l1,assumption__radius_min__noise_deterministic__scale_150,broad_or_stress_assumption,True,True,joint_triangular_l5,True,0,-464.0293180000008,-464.0293180000008,4.64776214864572,9983.929968,9519.90065
round-broad-p4-0036-f32f5d18262237df,4,broad,broad_joint,development,deterministic,joint_triangular_l2,assumption__radius_min__noise_deterministic__scale_150,broad_or_stress_assumption,True,True,joint_triangular_l5,True,0,-329.2485510000006,-329.2485510000006,3.29778506114618,9983.929968,9654.681417
round-broad-p4-0036-f32f5d18262237df,4,broad,broad_joint,development,deterministic,joint_triangular_l3,assumption__radius_min__noise_deterministic__scale_150,broad_or_stress_assumption,True,True,joint_triangular_l5,True,0,-226.74483800000053,-226.74483800000053,2.271098041820725,9983.929968,9757.18513
round-broad-p4-0037-7a14d0c46522d9a2,4,broad,broad_joint,development,correlated,joint_triangular_l1,assumption__radius_min__noise_correlated__scale_150,broad_or_stress_assumption,True,True,joint_triangular_l5,True,0,-552.6960099999997,-552.6960099999997,5.3971094863417255,10240.592884,9687.896874
round-broad-p4-0037-7a14d0c46522d9a2,4,broad,broad_joint,development,correlated,joint_triangular_l2,assumption__radius_min__noise_correlated__scale_150,broad_or_stress_assumption,True,True,joint_triangular_l5,True,0,-474.93568699999923,-474.93568699999923,4.6377752966045875,10240.592884,9765.657197
round-broad-p4-0037-7a14d0c46522d9a2,4,broad,broad_joint,development,correlated,joint_triangular_l3,assumption__radius_min__noise_correlated__scale_150,broad_or_stress_assumption,True,True,joint_triangular_l5,True,0,-375.49256500000047,-375.49256500000047,3.666707282023423,10240.592884,9865.100319
round-broad-p4-0042-d817a6b88e6c92c7,4,broad,broad_joint,development,deterministic,joint_triangular_l1,assumption__radius_mixed__noise_deterministic__scale_150,broad_or_stress_assumption,True,True,joint_triangular_l5,True,0,-854.1280459999998,-854.1280459999998,6.62289065731425,12896.604975,12042.476929
round-broad-p4-0042-d817a6b88e6c92c7,4,broad,broad_joint,development,deterministic,joint_triangular_l2,assumption__radius_mixed__noise_deterministic__scale_150,broad_or_stress_assumption,True,True,joint_triangular_l5,True,0,-794.0338050000009,-794.0338050000009,6.156921193905149,12896.604975,12102.57117
round-broad-p4-0042-d817a6b88e6c92c7,4,broad,broad_joint,development,deterministic,joint_triangular_l3,assumption__radius_mixed__noise_deterministic__scale_150,broad_or_stress_assumption,True,True,joint_triangular_l5,True,0,-569.3968270000005,-569.3968270000005,4.415090856111148,12896.604975,12327.208148
round-broad-p4-0043-c0f86acb2f770b17,4,broad,broad_joint,development,correlated,joint_triangular_l1,assumption__radius_mixed__noise_correlated__scale_150,broad_or_stress_assumption,True,True,joint_triangular_l5,True,0,870.1394,870.1394,-7.634452817315435,11397.534582,12267.673982
round-broad-p4-0043-c0f86acb2f770b17,4,broad,broad_joint,development,correlated,joint_triangular_l2,assumption__radius_mixed__noise_correlated__scale_150,broad_or_stress_assumption,True,True,joint_triangular_l5,True,0,933.2171569999991,933.2171569999991,-8.187886163327098,11397.534582,12330.751739
round-broad-p4-0043-c0f86acb2f770b17,4,broad,broad_joint,development,correlated,joint_triangular_l3,assumption__radius_mixed__noise_correlated__scale_150,broad_or_stress_assumption,True,True,joint_triangular_l5,True,0,1016.6745119999996,1016.6745119999996,-8.920126582512172,11397.534582,12414.209094
round-broad-p4-0044-1d0c0d3b03d74c65,4,broad,broad_joint,development,extreme,joint_triangular_l1,assumption__radius_mixed__noise_extreme__scale_150,broad_or_stress_assumption,True,True,joint_triangular_l5,True,0,-826.6269309999989,-826.6269309999989,6.084485848319547,13585.814013,12759.187082
round-broad-p4-0044-1d0c0d3b03d74c65,4,broad,broad_joint,development,extreme,joint_triangular_l2,assumption__radius_mixed__noise_extreme__scale_150,broad_or_stress_assumption,True,True,joint_triangular_l5,True,0,-519.2928219999994,-519.2928219999994,3.8223165833353696,13585.814013,13066.521191
round-broad-p4-0044-1d0c0d3b03d74c65,4,broad,broad_joint,development,extreme,joint_triangular_l3,assumption__radius_mixed__noise_extreme__scale_150,broad_or_stress_assumption,True,True,joint_triangular_l5,True,0,-354.2288849999986,-354.2288849999986,2.6073438416059864,13585.814013,13231.585128
round-broad-p4-0046-15f12c3598dc2c17,4,broad,broad_joint,development,correlated,joint_triangular_l1,assumption__radius_min__noise_correlated__scale_300,broad_or_stress_assumption,True,True,joint_triangular_l5,True,0,-305.2945389999986,-305.2945389999986,3.2377812204130243,9429.128104,9123.833565
round-broad-p4-0046-15f12c3598dc2c17,4,broad,broad_joint,development,correlated,joint_triangular_l2,assumption__radius_min__noise_correlated__scale_300,broad_or_stress_assumption,True,True,joint_triangular_l5,True,0,-188.36377899999934,-188.36377899999934,1.997679710386925,9429.128104,9240.764325
round-broad-p4-0046-15f12c3598dc2c17,4,broad,broad_joint,development,correlated,joint_triangular_l3,assumption__radius_min__noise_correlated__scale_300,broad_or_stress_assumption,True,True,joint_triangular_l5,True,0,-166.0818220000001,-166.0818220000001,1.7613698760709944,9429.128104,9263.046282
round-broad-p4-0047-3e4dbbb7bc404959,4,broad,broad_joint,development,extreme,joint_triangular_l1,assumption__radius_min__noise_extreme__scale_300,broad_or_stress_assumption,True,True,joint_triangular_l5,True,0,-187.7905350000001,-187.7905350000001,1.983683431708249,9466.759262,9278.968727
round-broad-p4-0047-3e4dbbb7bc404959,4,broad,broad_joint,development,extreme,joint_triangular_l2,assumption__radius_min__noise_extreme__scale_300,broad_or_stress_assumption,True,True,joint_triangular_l5,True,0,-156.15856499999973,-156.15856499999973,1.6495461718016564,9466.759262,9310.600697
round-broad-p4-0047-3e4dbbb7bc404959,4,broad,broad_joint,development,extreme,joint_triangular_l3,assumption__radius_min__noise_extreme__scale_300,broad_or_stress_assumption,True,True,joint_triangular_l5,True,0,-127.39799299999868,-127.39799299999868,1.3457402842320074,9466.759262,9339.361269
round-broad-p4-0048-f7f9229ec56c6b0a,4,broad,broad_joint,development,deterministic,joint_triangular_l1,assumption__radius_max__noise_deterministic__scale_300,broad_or_stress_assumption,True,True,joint_triangular_l5,True,0,-450.9392799999987,-450.9392799999987,4.512125051899352,9993.944645,9543.005365
round-broad-p4-0048-f7f9229ec56c6b0a,4,broad,broad_joint,development,deterministic,joint_triangular_l2,assumption__radius_max__noise_deterministic__scale_300,broad_or_stress_assumption,True,True,joint_triangular_l5,True,0,-432.0001949999987,-432.0001949999987,4.322619449529668,9993.944645,9561.94445
round-broad-p4-0048-f7f9229ec56c6b0a,4,broad,broad_joint,development,deterministic,joint_triangular_l3,assumption__radius_max__noise_deterministic__scale_300,broad_or_stress_assumption,True,True,joint_triangular_l5,True,0,-375.4261370000004,-375.4261370000004,3.756536085957082,9993.944645,9618.518508
round-broad-p4-0049-e372135edca31aa0,4,broad,broad_joint,development,correlated,joint_triangular_l1,assumption__radius_max__noise_correlated__scale_300,broad_or_stress_assumption,True,True,joint_triangular_l5,True,0,-485.19324900000174,-485.19324900000174,4.18016881704333,11607.025224,11121.831975
round-broad-p4-0049-e372135edca31aa0,4,broad,broad_joint,development,correlated,joint_triangular_l2,assumption__radius_max__noise_correlated__scale_300,broad_or_stress_assumption,True,True,joint_triangular_l5,True,0,-102.97543700000097,-102.97543700000097,0.8871819868804738,11607.025224,11504.049787
round-broad-p4-0049-e372135edca31aa0,4,broad,broad_joint,development,correlated,joint_triangular_l3,assumption__radius_max__noise_correlated__scale_300,broad_or_stress_assumption,True,True,joint_triangular_l5,True,0,86.83705299999929,86.83705299999929,-0.7481421925442632,11607.025224,11693.862277
round-broad-p4-0051-0179de74d1bd1616,4,broad,broad_joint,development,deterministic,joint_triangular_l1,assumption__radius_mixed__noise_deterministic__scale_300,broad_or_stress_assumption,True,True,joint_triangular_l5,True,0,-495.9543159999994,-495.9543159999994,4.36142253174843,11371.388862,10875.434546
round-broad-p4-0051-0179de74d1bd1616,4,broad,broad_joint,development,deterministic,joint_triangular_l2,assumption__radius_mixed__noise_deterministic__scale_300,broad_or_stress_assumption,True,True,joint_triangular_l5,True,0,-702.8020770000003,-702.8020770000003,6.180441857446,11371.388862,10668.586785
round-broad-p4-0051-0179de74d1bd1616,4,broad,broad_joint,development,deterministic,joint_triangular_l3,assumption__radius_mixed__noise_deterministic__scale_300,broad_or_stress_assumption,True,True,joint_triangular_l5,True,0,-512.6403539999992,-512.6403539999992,4.508159559234667,11371.388862,10858.748508
round-broad-p4-0052-4ab92f84094d2a21,4,broad,broad_joint,development,correlated,joint_triangular_l1,assumption__radius_mixed__noise_correlated__scale_300,broad_or_stress_assumption,True,True,joint_triangular_l5,True,0,441.7101309999998,441.7101309999998,-4.116017462004754,10731.493126,11173.203257
round-broad-p4-0052-4ab92f84094d2a21,4,broad,broad_joint,development,correlated,joint_triangular_l2,assumption__radius_mixed__noise_correlated__scale_300,broad_or_stress_assumption,True,True,joint_triangular_l5,True,0,-217.58513399999902,-217.58513399999902,2.027538306601894,10731.493126,10513.907992
round-broad-p4-0052-4ab92f84094d2a21,4,broad,broad_joint,development,correlated,joint_triangular_l3,assumption__radius_mixed__noise_correlated__scale_300,broad_or_stress_assumption,True,True,joint_triangular_l5,True,0,-137.5917819999995,-137.5917819999995,1.282130831045733,10731.493126,10593.901344
round-broad-p4-0053-1e6a50fe55a960be,4,broad,broad_joint,development,extreme,joint_triangular_l1,assumption__radius_mixed__noise_extreme__scale_300,broad_or_stress_assumption,True,True,joint_triangular_l5,True,0,-411.3607149999989,-411.3607149999989,3.369820895021307,12207.198181,11795.837466
round-broad-p4-0053-1e6a50fe55a960be,4,broad,broad_joint,development,extreme,joint_triangular_l2,assumption__radius_mixed__noise_extreme__scale_300,broad_or_stress_assumption,True,True,joint_triangular_l5,True,0,-259.5248019999999,-259.5248019999999,2.1259981049864463,12207.198181,11947.673379
round-broad-p4-0053-1e6a50fe55a960be,4,broad,broad_joint,development,extreme,joint_triangular_l3,assumption__radius_mixed__noise_extreme__scale_300,broad_or_stress_assumption,True,True,joint_triangular_l5,True,0,-116.18800100000044,-116.18800100000044,0.9517990883513489,12207.198181,12091.01018
round-broad-p4-0054-f07f363cfd31b5b6,4,broad,broad_joint,development,deterministic,joint_triangular_l1,assumption__radius_min__noise_deterministic__scale_75,broad_or_stress_assumption,True,True,joint_triangular_l5,True,0,-322.1782579999999,-322.1782579999999,2.9723758824630884,10839.081958,10516.9037
round-broad-p4-0054-f07f363cfd31b5b6,4,broad,broad_joint,development,deterministic,joint_triangular_l2,assumption__radius_min__noise_deterministic__scale_75,broad_or_stress_assumption,True,True,joint_triangular_l5,True,0,-169.0364580000005,-169.0364580000005,1.5595089939811717,10839.081958,10670.0455
round-broad-p4-0054-f07f363cfd31b5b6,4,broad,broad_joint,development,deterministic,joint_triangular_l3,assumption__radius_min__noise_deterministic__scale_75,broad_or_stress_assumption,True,True,joint_triangular_l5,True,0,-52.88890900000115,-52.88890900000115,0.48794638886336156,10839.081958,10786.193049
round-broad-p4-0055-84656770887cd070,4,broad,broad_joint,development,correlated,joint_triangular_l1,assumption__radius_min__noise_correlated__scale_75,broad_or_stress_assumption,True,True,joint_triangular_l5,True,0,-750.1769160000003,-750.1769160000003,6.522254730298321,11501.803395,10751.626479
round-broad-p4-0055-84656770887cd070,4,broad,broad_joint,development,correlated,joint_triangular_l2,assumption__radius_min__noise_correlated__scale_75,broad_or_stress_assumption,True,True,joint_triangular_l5,True,0,-507.2331640000011,-507.2331640000011,4.410031597484118,11501.803395,10994.570231
round-broad-p4-0055-84656770887cd070,4,broad,broad_joint,development,correlated,joint_triangular_l3,assumption__radius_min__noise_correlated__scale_75,broad_or_stress_assumption,True,True,joint_triangular_l5,True,0,-371.315568,-371.315568,3.2283247700218576,11501.803395,11130.487827
round-broad-p4-0056-86498d8a05ccf603,4,broad,broad_joint,development,extreme,joint_triangular_l1,assumption__radius_min__noise_extreme__scale_75,broad_or_stress_assumption,True,True,joint_triangular_l5,True,0,236.47199399999954,236.47199399999954,-1.994790067144385,11854.480223,12090.952217
round-broad-p4-0056-86498d8a05ccf603,4,broad,broad_joint,development,extreme,joint_triangular_l2,assumption__radius_min__noise_extreme__scale_75,broad_or_stress_assumption,True,True,joint_triangular_l5,True,0,336.5286939999987,336.5286939999987,-2.8388312913717426,11854.480223,12191.008917
round-broad-p4-0056-86498d8a05ccf603,4,broad,broad_joint,development,extreme,joint_triangular_l3,assumption__radius_min__noise_extreme__scale_75,broad_or_stress_assumption,True,True,joint_triangular_l5,True,0,-205.19344000000092,-205.19344000000092,1.7309357824216172,11854.480223,11649.286783
round-broad-p4-0057-e2aba1a4f4d957fb,4,broad,broad_joint,development,deterministic,joint_triangular_l1,assumption__radius_max__noise_deterministic__scale_75,broad_or_stress_assumption,True,True,joint_triangular_l5,True,0,-914.4495800000004,-914.4495800000004,7.782148697278159,11750.605335,10836.155755
round-broad-p4-0057-e2aba1a4f4d957fb,4,broad,broad_joint,development,deterministic,joint_triangular_l2,assumption__radius_max__noise_deterministic__scale_75,broad_or_stress_assumption,True,True,joint_triangular_l5,True,0,-608.906352,-608.906352,5.181914757925958,11750.605335,11141.698983
round-broad-p4-0057-e2aba1a4f4d957fb,4,broad,broad_joint,development,deterministic,joint_triangular_l3,assumption__radius_max__noise_deterministic__scale_75,broad_or_stress_assumption,True,True,joint_triangular_l5,True,0,-446.0014050000009,-446.0014050000009,3.795561099065718,11750.605335,11304.60393
round-broad-p4-0059-e6e56d24ff38a80b,4,broad,broad_joint,development,extreme,joint_triangular_l1,assumption__radius_max__noise_extreme__scale_75,broad_or_stress_assumption,True,True,joint_triangular_l5,True,0,-657.2964849999989,-657.2964849999989,5.651355401988337,11630.775951,10973.479466
round-broad-p4-0059-e6e56d24ff38a80b,4,broad,broad_joint,development,extreme,joint_triangular_l2,assumption__radius_max__noise_extreme__scale_75,broad_or_stress_assumption,True,True,joint_triangular_l5,True,0,-415.56861299999946,-415.56861299999946,3.5730084970321294,11630.775951,11215.207338
round-broad-p4-0059-e6e56d24ff38a80b,4,broad,broad_joint,development,extreme,joint_triangular_l3,assumption__radius_max__noise_extreme__scale_75,broad_or_stress_assumption,True,True,joint_triangular_l5,True,0,-296.304877999999,-296.304877999999,2.5475933785357037,11630.775951,11334.471073
round-broad-p4-0060-3bb04197cbd5afeb,4,broad,broad_joint,development,deterministic,joint_triangular_l1,assumption__radius_mixed__noise_deterministic__scale_75,broad_or_stress_assumption,True,True,joint_triangular_l5,True,0,-180.69148399999904,-180.69148399999904,1.715912342305935,10530.344677,10349.653193
round-broad-p4-0060-3bb04197cbd5afeb,4,broad,broad_joint,development,deterministic,joint_triangular_l2,assumption__radius_mixed__noise_deterministic__scale_75,broad_or_stress_assumption,True,True,joint_triangular_l5,True,0,79.03487900000073,79.03487900000073,-0.750544084018692,10530.344677,10609.379556
round-broad-p4-0060-3bb04197cbd5afeb,4,broad,broad_joint,development,deterministic,joint_triangular_l3,assumption__radius_mixed__noise_deterministic__scale_75,broad_or_stress_assumption,True,True,joint_triangular_l5,True,0,-557.5321919999988,-557.5321919999988,5.294529372981879,10530.344677,9972.812485
round-broad-p4-0061-59b6047e515f0abd,4,broad,broad_joint,development,correlated,joint_triangular_l1,assumption__radius_mixed__noise_correlated__scale_75,broad_or_stress_assumption,True,True,joint_triangular_l5,True,0,-724.5673779999997,-724.5673779999997,6.684760251989799,10839.092962,10114.525584
round-broad-p4-0061-59b6047e515f0abd,4,broad,broad_joint,development,correlated,joint_triangular_l2,assumption__radius_mixed__noise_correlated__scale_75,broad_or_stress_assumption,True,True,joint_triangular_l5,True,0,-601.6592460000011,-601.6592460000011,5.550826513891108,10839.092962,10237.433716
round-broad-p4-0061-59b6047e515f0abd,4,broad,broad_joint,development,correlated,joint_triangular_l3,assumption__radius_mixed__noise_correlated__scale_75,broad_or_stress_assumption,True,True,joint_triangular_l5,True,0,-477.66017400000055,-477.66017400000055,4.406827911473728,10839.092962,10361.432788
round-broad-p4-0062-7a74f3ea285ddb30,4,broad,broad_joint,development,extreme,joint_triangular_l1,assumption__radius_mixed__noise_extreme__scale_75,broad_or_stress_assumption,True,True,joint_triangular_l5,True,0,-180.58653700000104,-180.58653700000104,1.4891909315039884,12126.486482,11945.899945
round-broad-p4-0062-7a74f3ea285ddb30,4,broad,broad_joint,development,extreme,joint_triangular_l2,assumption__radius_mixed__noise_extreme__scale_75,broad_or_stress_assumption,True,True,joint_triangular_l5,True,0,-418.4121009999999,-418.4121009999999,3.4503984449335063,12126.486482,11708.074381
round-broad-p4-0062-7a74f3ea285ddb30,4,broad,broad_joint,development,extreme,joint_triangular_l3,assumption__radius_mixed__noise_extreme__scale_75,broad_or_stress_assumption,True,True,joint_triangular_l5,True,0,-293.6459109999996,-293.6459109999996,2.4215250760051075,12126.486482,11832.840571
round-broad-p4-0063-4b7304df12094397,4,broad,broad_joint,development,deterministic,joint_triangular_l1,assumption__radius_min__noise_deterministic__scale_150,broad_or_stress_assumption,True,True,joint_triangular_l5,True,0,-653.937688,-653.937688,6.396054261134694,10224.079742,9570.142054
round-broad-p4-0063-4b7304df12094397,4,broad,broad_joint,development,deterministic,joint_triangular_l2,assumption__radius_min__noise_deterministic__scale_150,broad_or_stress_assumption,True,True,joint_triangular_l5,True,0,-542.1614059999993,-542.1614059999993,5.302789294305167,10224.079742,9681.918336
round-broad-p4-0063-4b7304df12094397,4,broad,broad_joint,development,deterministic,joint_triangular_l3,assumption__radius_min__noise_deterministic__scale_150,broad_or_stress_assumption,True,True,joint_triangular_l5,True,0,-428.60670500000015,-428.60670500000015,4.192129911108827,10224.079742,9795.473037
round-broad-p4-0065-efd3f511b455fa24,4,broad,broad_joint,development,extreme,joint_triangular_l1,assumption__radius_min__noise_extreme__scale_150,broad_or_stress_assumption,True,True,joint_triangular_l5,True,0,786.8606519999994,786.8606519999994,-7.9077769696576,9950.465915,10737.326567
round-broad-p4-0065-efd3f511b455fa24,4,broad,broad_joint,development,extreme,joint_triangular_l2,assumption__radius_min__noise_extreme__scale_150,broad_or_stress_assumption,True,True,joint_triangular_l5,True,0,831.3693179999991,831.3693179999991,-8.35507930082688,9950.465915,10781.835233
round-broad-p4-0065-efd3f511b455fa24,4,broad,broad_joint,development,extreme,joint_triangular_l3,assumption__radius_min__noise_extreme__scale_150,broad_or_stress_assumption,True,True,joint_triangular_l5,True,0,603.895192,603.895192,-6.069014226656942,9950.465915,10554.361107
round-broad-p4-0066-c1294fdcadd9c0e6,4,broad,broad_joint,development,deterministic,joint_triangular_l1,assumption__radius_max__noise_deterministic__scale_150,broad_or_stress_assumption,True,True,joint_triangular_l5,True,0,-548.9276150000005,-548.9276150000005,4.665984144341023,11764.455215,11215.5276
round-broad-p4-0066-c1294fdcadd9c0e6,4,broad,broad_joint,development,deterministic,joint_triangular_l2,assumption__radius_max__noise_deterministic__scale_150,broad_or_stress_assumption,True,True,joint_triangular_l5,True,0,-280.0185760000004,-280.0185760000004,2.380208610450309,11764.455215,11484.436639
round-broad-p4-0066-c1294fdcadd9c0e6,4,broad,broad_joint,development,deterministic,joint_triangular_l3,assumption__radius_max__noise_deterministic__scale_150,broad_or_stress_assumption,True,True,joint_triangular_l5,True,0,-184.80997399999978,-184.80997399999978,1.5709182501231511,11764.455215,11579.645241
round-broad-p4-0067-35f23581781a860d,4,broad,broad_joint,development,correlated,joint_triangular_l1,assumption__radius_max__noise_correlated__scale_150,broad_or_stress_assumption,True,True,joint_triangular_l5,True,0,-172.50806999999986,-172.50806999999986,1.416180617487931,12181.219533,12008.711463
round-broad-p4-0067-35f23581781a860d,4,broad,broad_joint,development,correlated,joint_triangular_l2,assumption__radius_max__noise_correlated__scale_150,broad_or_stress_assumption,True,True,joint_triangular_l5,True,0,-903.0461269999996,-903.0461269999996,7.413429538426493,12181.219533,11278.173406
round-broad-p4-0067-35f23581781a860d,4,broad,broad_joint,development,correlated,joint_triangular_l3,assumption__radius_max__noise_correlated__scale_150,broad_or_stress_assumption,True,True,joint_triangular_l5,True,0,-732.0295679999999,-732.0295679999999,6.009493269675233,12181.219533,11449.189965
round-broad-p4-0068-f13f55eec236121d,4,broad,broad_joint,development,extreme,joint_triangular_l1,assumption__radius_max__noise_extreme__scale_150,broad_or_stress_assumption,True,True,joint_triangular_l5,True,0,-542.4936560000006,-542.4936560000006,6.738955287894114,8050.115082,7507.621426
round-broad-p4-0068-f13f55eec236121d,4,broad,broad_joint,development,extreme,joint_triangular_l2,assumption__radius_max__noise_extreme__scale_150,broad_or_stress_assumption,True,True,joint_triangular_l5,True,0,-343.08558600000015,-343.08558600000015,4.2618718180456465,8050.115082,7707.029496
round-broad-p4-0068-f13f55eec236121d,4,broad,broad_joint,development,extreme,joint_triangular_l3,assumption__radius_max__noise_extreme__scale_150,broad_or_stress_assumption,True,True,joint_triangular_l5,True,0,-207.29017400000066,-207.29017400000066,2.5749964054985996,8050.115082,7842.824908
round-broad-p4-0069-bf67fa85276e3cd0,4,broad,broad_joint,development,deterministic,joint_triangular_l1,assumption__radius_mixed__noise_deterministic__scale_150,broad_or_stress_assumption,True,True,joint_triangular_l5,True,0,-533.7572300000011,-533.7572300000011,5.019313550529323,10634.068277,10100.311047
round-broad-p4-0069-bf67fa85276e3cd0,4,broad,broad_joint,development,deterministic,joint_triangular_l2,assumption__radius_mixed__noise_deterministic__scale_150,broad_or_stress_assumption,True,True,joint_triangular_l5,True,0,-342.906484000001,-342.906484000001,3.22460299358487,10634.068277,10291.161793
round-broad-p4-0069-bf67fa85276e3cd0,4,broad,broad_joint,development,deterministic,joint_triangular_l3,assumption__radius_mixed__noise_deterministic__scale_150,broad_or_stress_assumption,True,True,joint_triangular_l5,True,0,-368.3408010000003,-368.3408010000003,3.4637806661131734,10634.068277,10265.727476
round-broad-p4-0070-7d8b551b17ac4b78,4,broad,broad_joint,development,correlated,joint_triangular_l1,assumption__radius_mixed__noise_correlated__scale_150,broad_or_stress_assumption,True,True,joint_triangular_l5,True,0,-650.9912869999989,-650.9912869999989,5.4520255492750085,11940.356499,11289.365212
round-broad-p4-0070-7d8b551b17ac4b78,4,broad,broad_joint,development,correlated,joint_triangular_l2,assumption__radius_mixed__noise_correlated__scale_150,broad_or_stress_assumption,True,True,joint_triangular_l5,True,0,-803.851752999999,-803.851752999999,6.732225734359952,11940.356499,11136.504746
round-broad-p4-0070-7d8b551b17ac4b78,4,broad,broad_joint,development,correlated,joint_triangular_l3,assumption__radius_mixed__noise_correlated__scale_150,broad_or_stress_assumption,True,True,joint_triangular_l5,True,0,-595.4817119999989,-595.4817119999989,4.987135116525795,11940.356499,11344.874787
round-broad-p4-0071-1272fd21f331585c,4,broad,broad_joint,development,extreme,joint_triangular_l1,assumption__radius_mixed__noise_extreme__scale_150,broad_or_stress_assumption,True,True,joint_triangular_l5,True,0,-489.7131680000002,-489.7131680000002,4.16599459199995,11755.012091,11265.298923
round-broad-p4-0071-1272fd21f331585c,4,broad,broad_joint,development,extreme,joint_triangular_l2,assumption__radius_mixed__noise_extreme__scale_150,broad_or_stress_assumption,True,True,joint_triangular_l5,True,0,-292.98759000000064,-292.98759000000064,2.492448223207877,11755.012091,11462.024501
round-broad-p4-0071-1272fd21f331585c,4,broad,broad_joint,development,extreme,joint_triangular_l3,assumption__radius_mixed__noise_extreme__scale_150,broad_or_stress_assumption,True,True,joint_triangular_l5,True,0,-223.6356590000014,-223.6356590000014,1.9024706845790804,11755.012091,11531.376432
round-broad-p4-0072-940bb909dcafa13d,4,broad,broad_joint,development,deterministic,joint_triangular_l1,assumption__radius_min__noise_deterministic__scale_300,broad_or_stress_assumption,True,True,joint_triangular_l5,True,0,-377.639188000001,-377.639188000001,3.4378642112438325,10984.703432,10607.064244
round-broad-p4-0072-940bb909dcafa13d,4,broad,broad_joint,development,deterministic,joint_triangular_l2,assumption__radius_min__noise_deterministic__scale_300,broad_or_stress_assumption,True,True,joint_triangular_l5,True,0,-320.9299869999995,-320.9299869999995,2.9216081161106717,10984.703432,10663.773445
round-broad-p4-0072-940bb909dcafa13d,4,broad,broad_joint,development,deterministic,joint_triangular_l3,assumption__radius_min__noise_deterministic__scale_300,broad_or_stress_assumption,True,True,joint_triangular_l5,True,0,-230.86593300000095,-230.86593300000095,2.101703832326103,10984.703432,10753.837499
round-broad-p4-0073-2bf579abe461bbf2,4,broad,broad_joint,development,correlated,joint_triangular_l1,assumption__radius_min__noise_correlated__scale_300,broad_or_stress_assumption,True,True,joint_triangular_l5,True,0,-1170.3497890000017,-1170.3497890000017,8.738181869611058,13393.516025,12223.166236
round-broad-p4-0073-2bf579abe461bbf2,4,broad,broad_joint,development,correlated,joint_triangular_l2,assumption__radius_min__noise_correlated__scale_300,broad_or_stress_assumption,True,True,joint_triangular_l5,True,0,-832.974166,-832.974166,6.219234474690524,13393.516025,12560.541859
round-broad-p4-0073-2bf579abe461bbf2,4,broad,broad_joint,development,correlated,joint_triangular_l3,assumption__radius_min__noise_correlated__scale_300,broad_or_stress_assumption,True,True,joint_triangular_l5,True,0,-674.0915570000016,-674.0915570000016,5.03296935428874,13393.516025,12719.424468
round-broad-p4-0075-9ed46d18f356f4bf,4,broad,broad_joint,development,deterministic,joint_triangular_l1,assumption__radius_max__noise_deterministic__scale_300,broad_or_stress_assumption,True,True,joint_triangular_l5,True,0,-107.02954399999908,-107.02954399999908,1.0389765490864193,10301.439825,10194.410281
round-broad-p4-0075-9ed46d18f356f4bf,4,broad,broad_joint,development,deterministic,joint_triangular_l2,assumption__radius_max__noise_deterministic__scale_300,broad_or_stress_assumption,True,True,joint_triangular_l5,True,0,-43.8591579999993,-43.8591579999993,0.4257575518090191,10301.439825,10257.580667
round-broad-p4-0075-9ed46d18f356f4bf,4,broad,broad_joint,development,deterministic,joint_triangular_l3,assumption__radius_max__noise_deterministic__scale_300,broad_or_stress_assumption,True,True,joint_triangular_l5,True,0,51.84399200000007,51.84399200000007,-0.5032693767155028,10301.439825,10353.283817
round-broad-p4-0076-a15f45816d80d475,4,broad,broad_joint,development,correlated,joint_triangular_l1,assumption__radius_max__noise_correlated__scale_300,broad_or_stress_assumption,True,True,joint_triangular_l5,True,0,-592.3376289999997,-592.3376289999997,5.429352720947494,10909.91246,10317.574831
round-broad-p4-0076-a15f45816d80d475,4,broad,broad_joint,development,correlated,joint_triangular_l2,assumption__radius_max__noise_correlated__scale_300,broad_or_stress_assumption,True,True,joint_triangular_l5,True,0,-491.01175200000034,-491.01175200000034,4.500602124904679,10909.91246,10418.900708
round-broad-p4-0076-a15f45816d80d475,4,broad,broad_joint,development,correlated,joint_triangular_l3,assumption__radius_max__noise_correlated__scale_300,broad_or_stress_assumption,True,True,joint_triangular_l5,True,0,-357.03931999999986,-357.03931999999986,3.2726139765928046,10909.91246,10552.87314
round-broad-p4-0077-16c0d55cfab88dcf,4,broad,broad_joint,development,extreme,joint_triangular_l1,assumption__radius_max__noise_extreme__scale_300,broad_or_stress_assumption,True,True,joint_triangular_l5,True,0,-434.64029499999924,-434.64029499999924,3.1242270193528627,13911.930609,13477.290314
round-broad-p4-0077-16c0d55cfab88dcf,4,broad,broad_joint,development,extreme,joint_triangular_l2,assumption__radius_max__noise_extreme__scale_300,broad_or_stress_assumption,True,True,joint_triangular_l5,True,0,-675.5237789999992,-675.5237789999992,4.855715558004472,13911.930609,13236.40683
round-broad-p4-0077-16c0d55cfab88dcf,4,broad,broad_joint,development,extreme,joint_triangular_l3,assumption__radius_max__noise_extreme__scale_300,broad_or_stress_assumption,True,True,joint_triangular_l5,True,0,-542.2422809999989,-542.2422809999989,3.8976781601340647,13911.930609,13369.688328
round-broad-p4-0078-a109dec13547fcf2,4,broad,broad_joint,development,deterministic,joint_triangular_l1,assumption__radius_mixed__noise_deterministic__scale_300,broad_or_stress_assumption,True,True,joint_triangular_l5,True,0,-163.75929899999937,-163.75929899999937,1.5856305326711069,10327.708481,10163.949182
round-broad-p4-0078-a109dec13547fcf2,4,broad,broad_joint,development,deterministic,joint_triangular_l2,assumption__radius_mixed__noise_deterministic__scale_300,broad_or_stress_assumption,True,True,joint_triangular_l5,True,0,71.92128600000069,71.92128600000069,-0.6963915193028064,10327.708481,10399.629767
round-broad-p4-0078-a109dec13547fcf2,4,broad,broad_joint,development,deterministic,joint_triangular_l3,assumption__radius_mixed__noise_deterministic__scale_300,broad_or_stress_assumption,True,True,joint_triangular_l5,True,0,-281.2086760000002,-281.2086760000002,2.722856445041443,10327.708481,10046.499805
round-broad-p4-0079-c87207dd8938d439,4,broad,broad_joint,development,correlated,joint_triangular_l1,assumption__radius_mixed__noise_correlated__scale_300,broad_or_stress_assumption,True,True,joint_triangular_l5,True,0,-722.5117320000008,-722.5117320000008,6.211563582064296,11631.720781,10909.209049
round-broad-p4-0079-c87207dd8938d439,4,broad,broad_joint,development,correlated,joint_triangular_l2,assumption__radius_mixed__noise_correlated__scale_300,broad_or_stress_assumption,True,True,joint_triangular_l5,True,0,-548.7576100000006,-548.7576100000006,4.717768078618054,11631.720781,11082.963171
round-broad-p4-0079-c87207dd8938d439,4,broad,broad_joint,development,correlated,joint_triangular_l3,assumption__radius_mixed__noise_correlated__scale_300,broad_or_stress_assumption,True,True,joint_triangular_l5,True,0,-343.35847300000023,-343.35847300000023,2.951914677670599,11631.720781,11288.362308
round-broad-p4-0080-e75c340d6705640e,4,broad,broad_joint,development,extreme,joint_triangular_l1,assumption__radius_mixed__noise_extreme__scale_300,broad_or_stress_assumption,True,True,joint_triangular_l5,True,0,-460.1297910000012,-460.1297910000012,3.8550429058892366,11935.789101,11475.65931
round-broad-p4-0080-e75c340d6705640e,4,broad,broad_joint,development,extreme,joint_triangular_l2,assumption__radius_mixed__noise_extreme__scale_300,broad_or_stress_assumption,True,True,joint_triangular_l5,True,0,-328.0350959999996,-328.0350959999996,2.748331871685939,11935.789101,11607.754005
round-broad-p4-0080-e75c340d6705640e,4,broad,broad_joint,development,extreme,joint_triangular_l3,assumption__radius_mixed__noise_extreme__scale_300,broad_or_stress_assumption,True,True,joint_triangular_l5,True,0,-229.94697500000075,-229.94697500000075,1.9265334956424072,11935.789101,11705.842126
round-broad-p4-0081-bb08e7e75b59bef8,4,broad,broad_joint,development,deterministic,joint_triangular_l1,assumption__radius_min__noise_deterministic__scale_75,broad_or_stress_assumption,True,True,joint_triangular_l5,True,0,-525.3878599999989,-525.3878599999989,4.544092615761049,11561.997178,11036.609318
round-broad-p4-0081-bb08e7e75b59bef8,4,broad,broad_joint,development,deterministic,joint_triangular_l2,assumption__radius_min__noise_deterministic__scale_75,broad_or_stress_assumption,True,True,joint_triangular_l5,True,0,-462.63356099999874,-462.63356099999874,4.0013291291948345,11561.997178,11099.363617
round-broad-p4-0081-bb08e7e75b59bef8,4,broad,broad_joint,development,deterministic,joint_triangular_l3,assumption__radius_min__noise_deterministic__scale_75,broad_or_stress_assumption,True,True,joint_triangular_l5,True,0,-304.30029999999897,-304.30029999999897,2.6319008326607896,11561.997178,11257.696878
round-broad-p4-0082-144dd9318ce8bc86,4,broad,broad_joint,development,correlated,joint_triangular_l1,assumption__radius_min__noise_correlated__scale_75,broad_or_stress_assumption,True,True,joint_triangular_l5,True,0,-367.5172110000003,-367.5172110000003,2.921138573970892,12581.300123,12213.782912
round-broad-p4-0082-144dd9318ce8bc86,4,broad,broad_joint,development,correlated,joint_triangular_l2,assumption__radius_min__noise_correlated__scale_75,broad_or_stress_assumption,True,True,joint_triangular_l5,True,0,-329.51660400000037,-329.51660400000037,2.6190981915899756,12581.300123,12251.783519
round-broad-p4-0082-144dd9318ce8bc86,4,broad,broad_joint,development,correlated,joint_triangular_l3,assumption__radius_min__noise_correlated__scale_75,broad_or_stress_assumption,True,True,joint_triangular_l5,True,0,-239.618289,-239.618289,1.9045590412548177,12581.300123,12341.681834
round-broad-p4-0083-252e8d6527ac7685,4,broad,broad_joint,development,extreme,joint_triangular_l1,assumption__radius_min__noise_extreme__scale_75,broad_or_stress_assumption,True,True,joint_triangular_l5,True,0,-408.7011620000012,-408.7011620000012,3.9432766250694087,10364.506497,9955.805335
round-broad-p4-0083-252e8d6527ac7685,4,broad,broad_joint,development,extreme,joint_triangular_l2,assumption__radius_min__noise_extreme__scale_75,broad_or_stress_assumption,True,True,joint_triangular_l5,True,0,-211.25068199999987,-211.25068199999987,2.0382126448678117,10364.506497,10153.255815
round-broad-p4-0083-252e8d6527ac7685,4,broad,broad_joint,development,extreme,joint_triangular_l3,assumption__radius_min__noise_extreme__scale_75,broad_or_stress_assumption,True,True,joint_triangular_l5,True,0,-174.58323200000086,-174.58323200000086,1.6844336201683492,10364.506497,10189.923265
round-broad-p4-0084-c4e0a3a72003f540,4,broad,broad_joint,development,deterministic,joint_triangular_l1,assumption__radius_max__noise_deterministic__scale_75,broad_or_stress_assumption,True,True,joint_triangular_l5,True,0,-351.22432000000117,-351.22432000000117,3.2158528178030252,10921.654065,10570.429745
round-broad-p4-0084-c4e0a3a72003f540,4,broad,broad_joint,development,deterministic,joint_triangular_l2,assumption__radius_max__noise_deterministic__scale_75,broad_or_stress_assumption,True,True,joint_triangular_l5,True,0,-184.31600700000126,-184.31600700000126,1.6876198962450955,10921.654065,10737.338058
round-broad-p4-0084-c4e0a3a72003f540,4,broad,broad_joint,development,deterministic,joint_triangular_l3,assumption__radius_max__noise_deterministic__scale_75,broad_or_stress_assumption,True,True,joint_triangular_l5,True,0,-71.88718500000141,-71.88718500000141,0.6582078554417334,10921.654065,10849.76688
round-broad-p4-0085-c70f5ca13a30bf07,4,broad,broad_joint,development,correlated,joint_triangular_l1,assumption__radius_max__noise_correlated__scale_75,broad_or_stress_assumption,True,True,joint_triangular_l5,True,0,-195.17891000000054,-195.17891000000054,1.7637950768695363,11065.849574,10870.670664
round-broad-p4-0085-c70f5ca13a30bf07,4,broad,broad_joint,development,correlated,joint_triangular_l2,assumption__radius_max__noise_correlated__scale_75,broad_or_stress_assumption,True,True,joint_triangular_l5,True,0,193.8388300000006,193.8388300000006,-1.7516850261134826,11065.849574,11259.688404
round-broad-p4-0085-c70f5ca13a30bf07,4,broad,broad_joint,development,correlated,joint_triangular_l3,assumption__radius_max__noise_correlated__scale_75,broad_or_stress_assumption,True,True,joint_triangular_l5,True,0,-143.9242749999994,-143.9242749999994,1.300616586530868,11065.849574,10921.925299
round-broad-p4-0086-ce4473c32ba6b437,4,broad,broad_joint,development,extreme,joint_triangular_l1,assumption__radius_max__noise_extreme__scale_75,broad_or_stress_assumption,True,True,joint_triangular_l5,True,0,-308.8186509999996,-308.8186509999996,3.0271007154908207,10201.796373,9892.977722
round-broad-p4-0086-ce4473c32ba6b437,4,broad,broad_joint,development,extreme,joint_triangular_l2,assumption__radius_max__noise_extreme__scale_75,broad_or_stress_assumption,True,True,joint_triangular_l5,True,0,-140.82174899999882,-140.82174899999882,1.380362279850014,10201.796373,10060.974624
round-broad-p4-0086-ce4473c32ba6b437,4,broad,broad_joint,development,extreme,joint_triangular_l3,assumption__radius_max__noise_extreme__scale_75,broad_or_stress_assumption,True,True,joint_triangular_l5,True,0,-35.299651999999696,-35.299651999999696,0.34601408133790534,10201.796373,10166.496721
round-broad-p4-0087-92fbe99cc8076190,4,broad,broad_joint,development,deterministic,joint_triangular_l1,assumption__radius_mixed__noise_deterministic__scale_75,broad_or_stress_assumption,True,True,joint_triangular_l5,True,0,-502.84973399999944,-502.84973399999944,4.929343289189324,10201.15063,9698.300896
round-broad-p4-0087-92fbe99cc8076190,4,broad,broad_joint,development,deterministic,joint_triangular_l2,assumption__radius_mixed__noise_deterministic__scale_75,broad_or_stress_assumption,True,True,joint_triangular_l5,True,0,-382.753514,-382.753514,3.7520621730099872,10201.15063,9818.397116
round-broad-p4-0087-92fbe99cc8076190,4,broad,broad_joint,development,deterministic,joint_triangular_l3,assumption__radius_mixed__noise_deterministic__scale_75,broad_or_stress_assumption,True,True,joint_triangular_l5,True,0,-146.0208619999994,-146.0208619999994,1.4314156049276903,10201.15063,10055.129768
round-broad-p4-0088-4e6b6a0ca8fb1aab,4,broad,broad_joint,development,correlated,joint_triangular_l1,assumption__radius_mixed__noise_correlated__scale_75,broad_or_stress_assumption,True,True,joint_triangular_l5,True,0,-735.4981659999994,-735.4981659999994,5.9729734430005195,12313.769231,11578.271065
round-broad-p4-0088-4e6b6a0ca8fb1aab,4,broad,broad_joint,development,correlated,joint_triangular_l2,assumption__radius_mixed__noise_correlated__scale_75,broad_or_stress_assumption,True,True,joint_triangular_l5,True,0,-601.6535130000011,-601.6535130000011,4.8860223195131365,12313.769231,11712.115718
round-broad-p4-0088-4e6b6a0ca8fb1aab,4,broad,broad_joint,development,correlated,joint_triangular_l3,assumption__radius_mixed__noise_correlated__scale_75,broad_or_stress_assumption,True,True,joint_triangular_l5,True,0,-491.17920100000083,-491.17920100000083,3.9888615076807983,12313.769231,11822.59003
round-broad-p4-0089-dd124242190e3aa5,4,broad,broad_joint,development,extreme,joint_triangular_l1,assumption__radius_mixed__noise_extreme__scale_75,broad_or_stress_assumption,True,True,joint_triangular_l5,True,0,-172.26075599999967,-172.26075599999967,1.7911596850126077,9617.27519,9445.014434
round-broad-p4-0089-dd124242190e3aa5,4,broad,broad_joint,development,extreme,joint_triangular_l2,assumption__radius_mixed__noise_extreme__scale_75,broad_or_stress_assumption,True,True,joint_triangular_l5,True,0,-107.58867500000088,-107.58867500000088,1.118702261029934,9617.27519,9509.686515
round-broad-p4-0089-dd124242190e3aa5,4,broad,broad_joint,development,extreme,joint_triangular_l3,assumption__radius_mixed__noise_extreme__scale_75,broad_or_stress_assumption,True,True,joint_triangular_l5,True,0,-98.04450999999972,-98.04450999999972,1.0194624575362672,9617.27519,9519.23068
round-broad-p4-0090-9547420f8e78ca6b,4,broad,broad_joint,development,deterministic,joint_triangular_l1,assumption__radius_min__noise_deterministic__scale_150,broad_or_stress_assumption,True,True,joint_triangular_l5,True,0,-407.5424179999991,-407.5424179999991,3.7024001015837853,11007.519631,10599.977213
round-broad-p4-0090-9547420f8e78ca6b,4,broad,broad_joint,development,deterministic,joint_triangular_l2,assumption__radius_min__noise_deterministic__scale_150,broad_or_stress_assumption,True,True,joint_triangular_l5,True,0,-263.8247859999992,-263.8247859999992,2.396768707611485,11007.519631,10743.694845
round-broad-p4-0090-9547420f8e78ca6b,4,broad,broad_joint,development,deterministic,joint_triangular_l3,assumption__radius_min__noise_deterministic__scale_150,broad_or_stress_assumption,True,True,joint_triangular_l5,True,0,-202.75398999999925,-202.75398999999925,1.8419589225986206,11007.519631,10804.765641
round-broad-p4-0092-fc42fbae152708c8,4,broad,broad_joint,development,extreme,joint_triangular_l1,assumption__radius_min__noise_extreme__scale_150,broad_or_stress_assumption,True,True,joint_triangular_l5,True,0,-423.25201299999935,-423.25201299999935,3.971784543390895,10656.469614,10233.217601
round-broad-p4-0092-fc42fbae152708c8,4,broad,broad_joint,development,extreme,joint_triangular_l2,assumption__radius_min__noise_extreme__scale_150,broad_or_stress_assumption,True,True,joint_triangular_l5,True,0,-245.20817299999908,-245.20817299999908,2.301026342512678,10656.469614,10411.261441
round-broad-p4-0092-fc42fbae152708c8,4,broad,broad_joint,development,extreme,joint_triangular_l3,assumption__radius_min__noise_extreme__scale_150,broad_or_stress_assumption,True,True,joint_triangular_l5,True,0,-218.33465400000023,-218.33465400000023,2.048846024138818,10656.469614,10438.13496
round-broad-p4-0093-8e9b44ba67051d75,4,broad,broad_joint,development,deterministic,joint_triangular_l1,assumption__radius_max__noise_deterministic__scale_150,broad_or_stress_assumption,True,True,joint_triangular_l5,True,0,-705.9661110000015,-705.9661110000015,5.7957021771308765,12180.855562,11474.889451
round-broad-p4-0093-8e9b44ba67051d75,4,broad,broad_joint,development,deterministic,joint_triangular_l2,assumption__radius_max__noise_deterministic__scale_150,broad_or_stress_assumption,True,True,joint_triangular_l5,True,0,-465.20515500000147,-465.20515500000147,3.8191500804859593,12180.855562,11715.650407
round-broad-p4-0093-8e9b44ba67051d75,4,broad,broad_joint,development,deterministic,joint_triangular_l3,assumption__radius_max__noise_deterministic__scale_150,broad_or_stress_assumption,True,True,joint_triangular_l5,True,0,-350.0317380000015,-350.0317380000015,2.873621940744276,12180.855562,11830.823824
round-broad-p4-0094-69ed4094bbb5ea87,4,broad,broad_joint,development,correlated,joint_triangular_l1,assumption__radius_max__noise_correlated__scale_150,broad_or_stress_assumption,True,True,joint_triangular_l5,True,0,-815.6307020000004,-815.6307020000004,7.295285797897047,11180.243305,10364.612603
round-broad-p4-0094-69ed4094bbb5ea87,4,broad,broad_joint,development,correlated,joint_triangular_l2,assumption__radius_max__noise_correlated__scale_150,broad_or_stress_assumption,True,True,joint_triangular_l5,True,0,-542.0356470000006,-542.0356470000006,4.848156092967966,11180.243305,10638.207658
round-broad-p4-0094-69ed4094bbb5ea87,4,broad,broad_joint,development,correlated,joint_triangular_l3,assumption__radius_max__noise_correlated__scale_150,broad_or_stress_assumption,True,True,joint_triangular_l5,True,0,-432.3052150000003,-432.3052150000003,3.866688793853582,11180.243305,10747.93809
round-broad-p4-0095-6d70646f75ab3f59,4,broad,broad_joint,development,extreme,joint_triangular_l1,assumption__radius_max__noise_extreme__scale_150,broad_or_stress_assumption,True,True,joint_triangular_l5,True,0,-328.64314000000013,-328.64314000000013,3.0625245500794125,10731.118547,10402.475407
round-broad-p4-0095-6d70646f75ab3f59,4,broad,broad_joint,development,extreme,joint_triangular_l2,assumption__radius_max__noise_extreme__scale_150,broad_or_stress_assumption,True,True,joint_triangular_l5,True,0,-98.67838099999972,-98.67838099999972,0.9195535448407317,10731.118547,10632.440166
round-broad-p4-0095-6d70646f75ab3f59,4,broad,broad_joint,development,extreme,joint_triangular_l3,assumption__radius_max__noise_extreme__scale_150,broad_or_stress_assumption,True,True,joint_triangular_l5,True,0,72.67614399999911,72.67614399999911,-0.6772466791946541,10731.118547,10803.794691
round-broad-p4-0096-abdf2c016da373cc,4,broad,broad_joint,development,deterministic,joint_triangular_l1,assumption__radius_mixed__noise_deterministic__scale_150,broad_or_stress_assumption,True,True,joint_triangular_l5,True,0,-598.5902609999994,-598.5902609999994,5.498942014912812,10885.553246,10286.962985
round-broad-p4-0096-abdf2c016da373cc,4,broad,broad_joint,development,deterministic,joint_triangular_l2,assumption__radius_mixed__noise_deterministic__scale_150,broad_or_stress_assumption,True,True,joint_triangular_l5,True,0,-378.39495199999874,-378.39495199999874,3.4761205374567763,10885.553246,10507.158294
round-broad-p4-0096-abdf2c016da373cc,4,broad,broad_joint,development,deterministic,joint_triangular_l3,assumption__radius_mixed__noise_deterministic__scale_150,broad_or_stress_assumption,True,True,joint_triangular_l5,True,0,-278.50469499999963,-278.50469499999963,2.558479929371884,10885.553246,10607.048551
round-broad-p4-0097-ecfa692dc8e35b0f,4,broad,broad_joint,development,correlated,joint_triangular_l1,assumption__radius_mixed__noise_correlated__scale_150,broad_or_stress_assumption,True,True,joint_triangular_l5,True,0,-731.935399,-731.935399,6.605822411975532,11080.155556,10348.220157
round-broad-p4-0097-ecfa692dc8e35b0f,4,broad,broad_joint,development,correlated,joint_triangular_l2,assumption__radius_mixed__noise_correlated__scale_150,broad_or_stress_assumption,True,True,joint_triangular_l5,True,0,-564.5606100000005,-564.5606100000005,5.095240830750666,11080.155556,10515.594946
round-broad-p4-0097-ecfa692dc8e35b0f,4,broad,broad_joint,development,correlated,joint_triangular_l3,assumption__radius_mixed__noise_correlated__scale_150,broad_or_stress_assumption,True,True,joint_triangular_l5,True,0,-470.21415499999966,-470.21415499999966,4.243750483677774,11080.155556,10609.941401
round-broad-p4-0098-7aaf80b4c52abd3d,4,broad,broad_joint,development,extreme,joint_triangular_l1,assumption__radius_mixed__noise_extreme__scale_150,broad_or_stress_assumption,True,True,joint_triangular_l5,True,0,-617.7002650000013,-617.7002650000013,5.269519173675852,11722.137156,11104.436891
round-broad-p4-0098-7aaf80b4c52abd3d,4,broad,broad_joint,development,extreme,joint_triangular_l2,assumption__radius_mixed__noise_extreme__scale_150,broad_or_stress_assumption,True,True,joint_triangular_l5,True,0,-494.0626339999999,-494.0626339999999,4.214782913942556,11722.137156,11228.074522
round-broad-p4-0098-7aaf80b4c52abd3d,4,broad,broad_joint,development,extreme,joint_triangular_l3,assumption__radius_mixed__noise_extreme__scale_150,broad_or_stress_assumption,True,True,joint_triangular_l5,True,0,-337.66207100000065,-337.66207100000065,2.880550419316392,11722.137156,11384.475085
round-broad-p4-0099-db926138de4363a3,4,broad,broad_joint,development,deterministic,joint_triangular_l1,assumption__radius_min__noise_deterministic__scale_300,broad_or_stress_assumption,True,True,joint_triangular_l5,True,0,-45.22373599999992,-45.22373599999992,0.40761139196368973,11094.816507,11049.592771
round-broad-p4-0099-db926138de4363a3,4,broad,broad_joint,development,deterministic,joint_triangular_l2,assumption__radius_min__noise_deterministic__scale_300,broad_or_stress_assumption,True,True,joint_triangular_l5,True,0,31.895959999999832,31.895959999999832,-0.28748524123743613,11094.816507,11126.712467
round-broad-p4-0099-db926138de4363a3,4,broad,broad_joint,development,deterministic,joint_triangular_l3,assumption__radius_min__noise_deterministic__scale_300,broad_or_stress_assumption,True,True,joint_triangular_l5,True,0,91.51370700000007,91.51370700000007,-0.8248329924362585,11094.816507,11186.330214
round-broad-p4-0101-fd7544e4c28ab920,4,broad,broad_joint,development,extreme,joint_triangular_l1,assumption__radius_min__noise_extreme__scale_300,broad_or_stress_assumption,True,True,joint_triangular_l5,True,0,-980.463377,-980.463377,8.101651122206574,12102.019233,11121.555856
round-broad-p4-0101-fd7544e4c28ab920,4,broad,broad_joint,development,extreme,joint_triangular_l2,assumption__radius_min__noise_extreme__scale_300,broad_or_stress_assumption,True,True,joint_triangular_l5,True,0,-421.17804200000137,-421.17804200000137,3.4802294880801843,12102.019233,11680.841191
round-broad-p4-0101-fd7544e4c28ab920,4,broad,broad_joint,development,extreme,joint_triangular_l3,assumption__radius_min__noise_extreme__scale_300,broad_or_stress_assumption,True,True,joint_triangular_l5,True,0,-336.05625000000146,-336.05625000000146,2.7768609810471734,12102.019233,11765.962983
round-broad-p4-0102-6d0f6fe3d24e7da9,4,broad,broad_joint,development,deterministic,joint_triangular_l1,assumption__radius_max__noise_deterministic__scale_300,broad_or_stress_assumption,True,True,joint_triangular_l5,True,0,252.0657480000009,252.0657480000009,-1.996583051418344,12624.856643,12876.922391
round-broad-p4-0102-6d0f6fe3d24e7da9,4,broad,broad_joint,development,deterministic,joint_triangular_l2,assumption__radius_max__noise_deterministic__scale_300,broad_or_stress_assumption,True,True,joint_triangular_l5,True,0,524.8157920000012,524.8157920000012,-4.157003971138092,12624.856643,13149.672435
round-broad-p4-0102-6d0f6fe3d24e7da9,4,broad,broad_joint,development,deterministic,joint_triangular_l3,assumption__radius_max__noise_deterministic__scale_300,broad_or_stress_assumption,True,True,joint_triangular_l5,True,0,-118.90981699999975,-118.90981699999975,0.9418706315840085,12624.856643,12505.946826
round-broad-p4-0103-33ccbd9c86b95ccd,4,broad,broad_joint,development,correlated,joint_triangular_l1,assumption__radius_max__noise_correlated__scale_300,broad_or_stress_assumption,True,True,joint_triangular_l5,True,0,-852.2602220000008,-852.2602220000008,7.790258858200696,10940.075773,10087.815551
round-broad-p4-0103-33ccbd9c86b95ccd,4,broad,broad_joint,development,correlated,joint_triangular_l2,assumption__radius_max__noise_correlated__scale_300,broad_or_stress_assumption,True,True,joint_triangular_l5,True,0,-628.3181050000003,-628.3181050000003,5.743270138500167,10940.075773,10311.757668
round-broad-p4-0103-33ccbd9c86b95ccd,4,broad,broad_joint,development,correlated,joint_triangular_l3,assumption__radius_max__noise_correlated__scale_300,broad_or_stress_assumption,True,True,joint_triangular_l5,True,0,-401.107594000001,-401.107594000001,3.666405995010844,10940.075773,10538.968179
round-broad-p4-0104-42e80974eb2162c8,4,broad,broad_joint,development,extreme,joint_triangular_l1,assumption__radius_max__noise_extreme__scale_300,broad_or_stress_assumption,True,True,joint_triangular_l5,True,0,315.45166900000004,315.45166900000004,-2.907650952900376,10849.021224,11164.472893
round-broad-p4-0104-42e80974eb2162c8,4,broad,broad_joint,development,extreme,joint_triangular_l2,assumption__radius_max__noise_extreme__scale_300,broad_or_stress_assumption,True,True,joint_triangular_l5,True,0,-270.9413220000006,-270.9413220000006,2.4973803295787578,10849.021224,10578.079902
round-broad-p4-0104-42e80974eb2162c8,4,broad,broad_joint,development,extreme,joint_triangular_l3,assumption__radius_max__noise_extreme__scale_300,broad_or_stress_assumption,True,True,joint_triangular_l5,True,0,-216.20391799999925,-216.20391799999925,1.9928426125825713,10849.021224,10632.817306
round-broad-p4-0105-9f6fbc7114e7867a,4,broad,broad_joint,development,deterministic,joint_triangular_l1,assumption__radius_mixed__noise_deterministic__scale_300,broad_or_stress_assumption,True,True,joint_triangular_l5,True,0,-555.5295380000007,-555.5295380000007,4.378767543946129,12686.892657,12131.363119
round-broad-p4-0105-9f6fbc7114e7867a,4,broad,broad_joint,development,deterministic,joint_triangular_l2,assumption__radius_mixed__noise_deterministic__scale_300,broad_or_stress_assumption,True,True,joint_triangular_l5,True,0,-570.066710000001,-570.066710000001,4.493351724588497,12686.892657,12116.825947
round-broad-p4-0105-9f6fbc7114e7867a,4,broad,broad_joint,development,deterministic,joint_triangular_l3,assumption__radius_mixed__noise_deterministic__scale_300,broad_or_stress_assumption,True,True,joint_triangular_l5,True,0,-441.3812940000007,-441.3812940000007,3.4790338811329686,12686.892657,12245.511363
round-broad-p4-0106-ffaaa13a8de09791,4,broad,broad_joint,development,correlated,joint_triangular_l1,assumption__radius_mixed__noise_correlated__scale_300,broad_or_stress_assumption,True,True,joint_triangular_l5,True,0,-696.6806820000002,-696.6806820000002,5.9703954172680005,11668.920286,10972.239604
round-broad-p4-0106-ffaaa13a8de09791,4,broad,broad_joint,development,correlated,joint_triangular_l2,assumption__radius_mixed__noise_correlated__scale_300,broad_or_stress_assumption,True,True,joint_triangular_l5,True,0,-515.7774879999997,-515.7774879999997,4.42009607880185,11668.920286,11153.142798
round-broad-p4-0106-ffaaa13a8de09791,4,broad,broad_joint,development,correlated,joint_triangular_l3,assumption__radius_mixed__noise_correlated__scale_300,broad_or_stress_assumption,True,True,joint_triangular_l5,True,0,-339.42892200000097,-339.42892200000097,2.9088288691734143,11668.920286,11329.491364
round-broad-p4-0107-75bd58527d108b8e,4,broad,broad_joint,development,extreme,joint_triangular_l1,assumption__radius_mixed__noise_extreme__scale_300,broad_or_stress_assumption,True,True,joint_triangular_l5,True,0,-885.2517339999995,-885.2517339999995,7.194611924568129,12304.370872,11419.119138
round-broad-p4-0107-75bd58527d108b8e,4,broad,broad_joint,development,extreme,joint_triangular_l2,assumption__radius_mixed__noise_extreme__scale_300,broad_or_stress_assumption,True,True,joint_triangular_l5,True,0,-726.7306489999992,-726.7306489999992,5.906280431238932,12304.370872,11577.640223
round-broad-p4-0107-75bd58527d108b8e,4,broad,broad_joint,development,extreme,joint_triangular_l3,assumption__radius_mixed__noise_extreme__scale_300,broad_or_stress_assumption,True,True,joint_triangular_l5,True,0,-578.9243470000001,-578.9243470000001,4.7050300500727635,12304.370872,11725.446525
round-broad-p4-0109-c1b6517304a7a1e9,4,broad,broad_joint,development,correlated,joint_triangular_l1,assumption__radius_min__noise_correlated__scale_75,broad_or_stress_assumption,True,True,joint_triangular_l5,True,0,-339.6649669999988,-339.6649669999988,3.145055510649035,10799.967309,10460.302342
round-broad-p4-0109-c1b6517304a7a1e9,4,broad,broad_joint,development,correlated,joint_triangular_l2,assumption__radius_min__noise_correlated__scale_75,broad_or_stress_assumption,True,True,joint_triangular_l5,True,0,-247.78859699999884,-247.78859699999884,2.2943458059683914,10799.967309,10552.178712
round-broad-p4-0109-c1b6517304a7a1e9,4,broad,broad_joint,development,correlated,joint_triangular_l3,assumption__radius_min__noise_correlated__scale_75,broad_or_stress_assumption,True,True,joint_triangular_l5,True,0,-167.77670099999887,-167.77670099999887,1.5534926745582325,10799.967309,10632.190608
round-broad-p4-0110-31674c0112cd5edb,4,broad,broad_joint,development,extreme,joint_triangular_l1,assumption__radius_min__noise_extreme__scale_75,broad_or_stress_assumption,True,True,joint_triangular_l5,True,0,-401.2484339999992,-401.2484339999992,3.5272666228619833,11375.61962,10974.371186
round-broad-p4-0110-31674c0112cd5edb,4,broad,broad_joint,development,extreme,joint_triangular_l2,assumption__radius_min__noise_extreme__scale_75,broad_or_stress_assumption,True,True,joint_triangular_l5,True,0,-318.2443439999988,-318.2443439999988,2.797600083607567,11375.61962,11057.375276
round-broad-p4-0110-31674c0112cd5edb,4,broad,broad_joint,development,extreme,joint_triangular_l3,assumption__radius_min__noise_extreme__scale_75,broad_or_stress_assumption,True,True,joint_triangular_l5,True,0,-192.19365899999866,-192.19365899999866,1.6895225527943476,11375.61962,11183.425961
round-broad-p4-0112-2fa4d38f89dd1707,4,broad,broad_joint,development,correlated,joint_triangular_l1,assumption__radius_max__noise_correlated__scale_75,broad_or_stress_assumption,True,True,joint_triangular_l5,True,0,-501.45265199999994,-501.45265199999994,4.386135467430999,11432.675888,10931.223236
round-broad-p4-0112-2fa4d38f89dd1707,4,broad,broad_joint,development,correlated,joint_triangular_l2,assumption__radius_max__noise_correlated__scale_75,broad_or_stress_assumption,True,True,joint_triangular_l5,True,0,-376.556376999999,-376.556376999999,3.293685403915292,11432.675888,11056.119511
round-broad-p4-0112-2fa4d38f89dd1707,4,broad,broad_joint,development,correlated,joint_triangular_l3,assumption__radius_max__noise_correlated__scale_75,broad_or_stress_assumption,True,True,joint_triangular_l5,True,0,-243.68388699999923,-243.68388699999923,2.131468515221143,11432.675888,11188.992001
round-broad-p4-0113-46721f7f2b0fe339,4,broad,broad_joint,development,extreme,joint_triangular_l1,assumption__radius_max__noise_extreme__scale_75,broad_or_stress_assumption,True,True,joint_triangular_l5,True,0,2.4676610000005894,2.4676610000005894,-0.02288896943388794,10781.005266,10783.472927
round-broad-p4-0113-46721f7f2b0fe339,4,broad,broad_joint,development,extreme,joint_triangular_l2,assumption__radius_max__noise_extreme__scale_75,broad_or_stress_assumption,True,True,joint_triangular_l5,True,0,-152.10558800000035,-152.10558800000035,1.4108664660399985,10781.005266,10628.899678
round-broad-p4-0113-46721f7f2b0fe339,4,broad,broad_joint,development,extreme,joint_triangular_l3,assumption__radius_max__noise_extreme__scale_75,broad_or_stress_assumption,True,True,joint_triangular_l5,True,0,-150.2933150000008,-150.2933150000008,1.39405659576088,10781.005266,10630.711951
round-broad-p4-0114-5f5a39b9c74d55e8,4,broad,broad_joint,development,deterministic,joint_triangular_l1,assumption__radius_mixed__noise_deterministic__scale_75,broad_or_stress_assumption,True,True,joint_triangular_l5,True,0,-663.5631320000011,-663.5631320000011,6.148927014923515,10791.527211,10127.964079
round-broad-p4-0114-5f5a39b9c74d55e8,4,broad,broad_joint,development,deterministic,joint_triangular_l2,assumption__radius_mixed__noise_deterministic__scale_75,broad_or_stress_assumption,True,True,joint_triangular_l5,True,0,-530.500250000001,-530.500250000001,4.915895958259294,10791.527211,10261.026961
round-broad-p4-0114-5f5a39b9c74d55e8,4,broad,broad_joint,development,deterministic,joint_triangular_l3,assumption__radius_mixed__noise_deterministic__scale_75,broad_or_stress_assumption,True,True,joint_triangular_l5,True,0,-364.0076939999999,-364.0076939999999,3.373087857564407,10791.527211,10427.519517
round-broad-p4-0115-e8bf1cdaa840e10d,4,broad,broad_joint,development,correlated,joint_triangular_l1,assumption__radius_mixed__noise_correlated__scale_75,broad_or_stress_assumption,True,True,joint_triangular_l5,True,0,-289.9897860000001,-289.9897860000001,2.7017419732315,10733.437496,10443.44771
round-broad-p4-0115-e8bf1cdaa840e10d,4,broad,broad_joint,development,correlated,joint_triangular_l2,assumption__radius_mixed__noise_correlated__scale_75,broad_or_stress_assumption,True,True,joint_triangular_l5,True,0,-245.24454800000058,-245.24454800000058,2.284864919476125,10733.437496,10488.192948
round-broad-p4-0115-e8bf1cdaa840e10d,4,broad,broad_joint,development,correlated,joint_triangular_l3,assumption__radius_mixed__noise_correlated__scale_75,broad_or_stress_assumption,True,True,joint_triangular_l5,True,0,-159.6783030000006,-159.6783030000006,1.4876716155426204,10733.437496,10573.759193
round-broad-p4-0116-b0e48cf51145257f,4,broad,broad_joint,development,extreme,joint_triangular_l1,assumption__radius_mixed__noise_extreme__scale_75,broad_or_stress_assumption,True,True,joint_triangular_l5,True,0,-128.96439399999872,-128.96439399999872,1.040949591622843,12389.110389,12260.145995
round-broad-p4-0116-b0e48cf51145257f,4,broad,broad_joint,development,extreme,joint_triangular_l2,assumption__radius_mixed__noise_extreme__scale_75,broad_or_stress_assumption,True,True,joint_triangular_l5,True,0,114.67849999999999,114.67849999999999,-0.9256395043652234,12389.110389,12503.788889
round-broad-p4-0116-b0e48cf51145257f,4,broad,broad_joint,development,extreme,joint_triangular_l3,assumption__radius_mixed__noise_extreme__scale_75,broad_or_stress_assumption,True,True,joint_triangular_l5,True,0,357.750043,357.750043,-2.8876168810121983,12389.110389,12746.860432
round-broad-p4-0118-97e23ef5016bdc9c,4,broad,broad_joint,development,correlated,joint_triangular_l1,assumption__radius_min__noise_correlated__scale_150,broad_or_stress_assumption,True,True,joint_triangular_l5,True,0,-439.0137500000001,-439.0137500000001,4.007088920334081,10955.927326,10516.913576
round-broad-p4-0118-97e23ef5016bdc9c,4,broad,broad_joint,development,correlated,joint_triangular_l2,assumption__radius_min__noise_correlated__scale_150,broad_or_stress_assumption,True,True,joint_triangular_l5,True,0,-339.95497500000056,-339.95497500000056,3.10293200095658,10955.927326,10615.972351
round-broad-p4-0118-97e23ef5016bdc9c,4,broad,broad_joint,development,correlated,joint_triangular_l3,assumption__radius_min__noise_correlated__scale_150,broad_or_stress_assumption,True,True,joint_triangular_l5,True,0,-245.40006500000163,-245.40006500000163,2.239884016185757,10955.927326,10710.527261
round-broad-p4-0119-b2d78368ea3baefe,4,broad,broad_joint,development,extreme,joint_triangular_l1,assumption__radius_min__noise_extreme__scale_150,broad_or_stress_assumption,True,True,joint_triangular_l5,True,0,-95.00691800000095,-95.00691800000095,0.9985337058989395,9514.643065,9419.636147
round-broad-p4-0119-b2d78368ea3baefe,4,broad,broad_joint,development,extreme,joint_triangular_l2,assumption__radius_min__noise_extreme__scale_150,broad_or_stress_assumption,True,True,joint_triangular_l5,True,0,-92.47816500000044,-92.47816500000044,0.9719562191479901,9514.643065,9422.1649
round-broad-p4-0119-b2d78368ea3baefe,4,broad,broad_joint,development,extreme,joint_triangular_l3,assumption__radius_min__noise_extreme__scale_150,broad_or_stress_assumption,True,True,joint_triangular_l5,True,0,-50.11859899999945,-50.11859899999945,0.5267522770703059,9514.643065,9464.524466
round-broad-p4-0121-776521e3c8f09efe,4,broad,broad_joint,development,correlated,joint_triangular_l1,assumption__radius_max__noise_correlated__scale_150,broad_or_stress_assumption,True,True,joint_triangular_l5,True,0,-883.5931240000009,-883.5931240000009,6.939634882651299,12732.559262,11848.966138
round-broad-p4-0121-776521e3c8f09efe,4,broad,broad_joint,development,correlated,joint_triangular_l2,assumption__radius_max__noise_correlated__scale_150,broad_or_stress_assumption,True,True,joint_triangular_l5,True,0,-622.8442430000014,-622.8442430000014,4.891744308301507,12732.559262,12109.715019
round-broad-p4-0121-776521e3c8f09efe,4,broad,broad_joint,development,correlated,joint_triangular_l3,assumption__radius_max__noise_correlated__scale_150,broad_or_stress_assumption,True,True,joint_triangular_l5,True,0,-463.23003600000084,-463.23003600000084,3.638153386668296,12732.559262,12269.329226
round-broad-p4-0122-85db99701c6fd89c,4,broad,broad_joint,development,extreme,joint_triangular_l1,assumption__radius_max__noise_extreme__scale_150,broad_or_stress_assumption,True,True,joint_triangular_l5,True,0,-278.10114299999987,-278.10114299999987,2.478190098867658,11221.945529,10943.844386
round-broad-p4-0122-85db99701c6fd89c,4,broad,broad_joint,development,extreme,joint_triangular_l2,assumption__radius_max__noise_extreme__scale_150,broad_or_stress_assumption,True,True,joint_triangular_l5,True,0,-455.67578800000047,-455.67578800000047,4.060577435725677,11221.945529,10766.269741
round-broad-p4-0122-85db99701c6fd89c,4,broad,broad_joint,development,extreme,joint_triangular_l3,assumption__radius_max__noise_extreme__scale_150,broad_or_stress_assumption,True,True,joint_triangular_l5,True,0,-255.6121579999999,-255.6121579999999,2.2777882617540897,11221.945529,10966.333371
round-broad-p4-0123-4fd172da636380e6,4,broad,broad_joint,development,deterministic,joint_triangular_l1,assumption__radius_mixed__noise_deterministic__scale_150,broad_or_stress_assumption,True,True,joint_triangular_l5,True,0,-628.5025459999997,-628.5025459999997,8.377449573843709,7502.313687,6873.811141
round-broad-p4-0123-4fd172da636380e6,4,broad,broad_joint,development,deterministic,joint_triangular_l2,assumption__radius_mixed__noise_deterministic__scale_150,broad_or_stress_assumption,True,True,joint_triangular_l5,True,0,-389.6670830000003,-389.6670830000003,5.193958814001805,7502.313687,7112.646604
round-broad-p4-0123-4fd172da636380e6,4,broad,broad_joint,development,deterministic,joint_triangular_l3,assumption__radius_mixed__noise_deterministic__scale_150,broad_or_stress_assumption,True,True,joint_triangular_l5,True,0,-317.1977369999995,-317.1977369999995,4.227998857867532,7502.313687,7185.11595
round-broad-p4-0124-37364c1bfafeefdb,4,broad,broad_joint,development,correlated,joint_triangular_l1,assumption__radius_mixed__noise_correlated__scale_150,broad_or_stress_assumption,True,True,joint_triangular_l5,True,0,-249.00997300000017,-249.00997300000017,2.3751109683946408,10484.140586,10235.130613
round-broad-p4-0124-37364c1bfafeefdb,4,broad,broad_joint,development,correlated,joint_triangular_l2,assumption__radius_mixed__noise_correlated__scale_150,broad_or_stress_assumption,True,True,joint_triangular_l5,True,0,-133.70311000000038,-133.70311000000038,1.2752891751426996,10484.140586,10350.437476
round-broad-p4-0124-37364c1bfafeefdb,4,broad,broad_joint,development,correlated,joint_triangular_l3,assumption__radius_mixed__noise_correlated__scale_150,broad_or_stress_assumption,True,True,joint_triangular_l5,True,0,-1.767238999998881,-1.767238999998881,0.016856307729779627,10484.140586,10482.373347
round-broad-p4-0125-b63c4720d58eccc1,4,broad,broad_joint,development,extreme,joint_triangular_l1,assumption__radius_mixed__noise_extreme__scale_150,broad_or_stress_assumption,True,True,joint_triangular_l5,True,0,-228.6613010000001,-228.6613010000001,2.523466440443614,9061.396551,8832.73525
round-broad-p4-0125-b63c4720d58eccc1,4,broad,broad_joint,development,extreme,joint_triangular_l2,assumption__radius_mixed__noise_extreme__scale_150,broad_or_stress_assumption,True,True,joint_triangular_l5,True,0,-216.46804100000008,-216.46804100000008,2.3889037388625383,9061.396551,8844.92851
round-broad-p4-0125-b63c4720d58eccc1,4,broad,broad_joint,development,extreme,joint_triangular_l3,assumption__radius_mixed__noise_extreme__scale_150,broad_or_stress_assumption,True,True,joint_triangular_l5,True,0,-183.81648399999904,-183.81648399999904,2.0285668215206116,9061.396551,8877.580067
round-broad-p4-0127-06ffadcef3e488ce,4,broad,broad_joint,development,correlated,joint_triangular_l1,assumption__radius_min__noise_correlated__scale_300,broad_or_stress_assumption,True,True,joint_triangular_l5,True,0,-560.2585070000005,-560.2585070000005,6.2896105123400075,8907.682056,8347.423549
round-broad-p4-0127-06ffadcef3e488ce,4,broad,broad_joint,development,correlated,joint_triangular_l2,assumption__radius_min__noise_correlated__scale_300,broad_or_stress_assumption,True,True,joint_triangular_l5,True,0,-348.1252629999999,-348.1252629999999,3.90814648313038,8907.682056,8559.556793
round-broad-p4-0127-06ffadcef3e488ce,4,broad,broad_joint,development,correlated,joint_triangular_l3,assumption__radius_min__noise_correlated__scale_300,broad_or_stress_assumption,True,True,joint_triangular_l5,True,0,-283.0490869999994,-283.0490869999994,3.1775840810275033,8907.682056,8624.632969
round-broad-p4-0128-e39251925555b8af,4,broad,broad_joint,development,extreme,joint_triangular_l1,assumption__radius_min__noise_extreme__scale_300,broad_or_stress_assumption,True,True,joint_triangular_l5,True,0,-366.11520200000086,-366.11520200000086,3.502322780914428,10453.496862,10087.38166
round-broad-p4-0128-e39251925555b8af,4,broad,broad_joint,development,extreme,joint_triangular_l2,assumption__radius_min__noise_extreme__scale_300,broad_or_stress_assumption,True,True,joint_triangular_l5,True,0,-277.8018069999998,-277.8018069999998,2.65750122344084,10453.496862,10175.695055
round-broad-p4-0128-e39251925555b8af,4,broad,broad_joint,development,extreme,joint_triangular_l3,assumption__radius_min__noise_extreme__scale_300,broad_or_stress_assumption,True,True,joint_triangular_l5,True,0,-172.18850500000008,-172.18850500000008,1.6471856955917845,10453.496862,10281.308357
round-broad-p4-0129-51bc8a913e696ae9,4,broad,broad_joint,development,deterministic,joint_triangular_l1,assumption__radius_max__noise_deterministic__scale_300,broad_or_stress_assumption,True,True,joint_triangular_l5,True,0,-866.3407699999989,-866.3407699999989,6.98914303392655,12395.522109,11529.181339
round-broad-p4-0129-51bc8a913e696ae9,4,broad,broad_joint,development,deterministic,joint_triangular_l2,assumption__radius_max__noise_deterministic__scale_300,broad_or_stress_assumption,True,True,joint_triangular_l5,True,0,-576.1211480000002,-576.1211480000002,4.647816711017737,12395.522109,11819.400961
round-broad-p4-0129-51bc8a913e696ae9,4,broad,broad_joint,development,deterministic,joint_triangular_l3,assumption__radius_max__noise_deterministic__scale_300,broad_or_stress_assumption,True,True,joint_triangular_l5,True,0,-399.18489899999986,-399.18489899999986,3.2203960066366566,12395.522109,11996.33721
round-broad-p4-0130-eef31e4c29aee722,4,broad,broad_joint,development,correlated,joint_triangular_l1,assumption__radius_max__noise_correlated__scale_300,broad_or_stress_assumption,True,True,joint_triangular_l5,True,0,-701.8524529999995,-701.8524529999995,6.703909126748918,10469.301414,9767.448961
round-broad-p4-0130-eef31e4c29aee722,4,broad,broad_joint,development,correlated,joint_triangular_l2,assumption__radius_max__noise_correlated__scale_300,broad_or_stress_assumption,True,True,joint_triangular_l5,True,0,-490.91149399999995,-490.91149399999995,4.689056839490092,10469.301414,9978.38992
round-broad-p4-0130-eef31e4c29aee722,4,broad,broad_joint,development,correlated,joint_triangular_l3,assumption__radius_max__noise_correlated__scale_300,broad_or_stress_assumption,True,True,joint_triangular_l5,True,0,-342.5422989999988,-342.5422989999988,3.2718735038226767,10469.301414,10126.759115
round-broad-p4-0132-31c15bdc7524bfa7,4,broad,broad_joint,development,deterministic,joint_triangular_l1,assumption__radius_mixed__noise_deterministic__scale_300,broad_or_stress_assumption,True,True,joint_triangular_l5,True,0,-857.1482399999986,-857.1482399999986,7.454478396493881,11498.433484,10641.285244
round-broad-p4-0132-31c15bdc7524bfa7,4,broad,broad_joint,development,deterministic,joint_triangular_l2,assumption__radius_mixed__noise_deterministic__scale_300,broad_or_stress_assumption,True,True,joint_triangular_l5,True,0,-611.7615299999998,-611.7615299999998,5.320390215339005,11498.433484,10886.671954
round-broad-p4-0132-31c15bdc7524bfa7,4,broad,broad_joint,development,deterministic,joint_triangular_l3,assumption__radius_mixed__noise_deterministic__scale_300,broad_or_stress_assumption,True,True,joint_triangular_l5,True,0,-424.55437899999924,-424.55437899999924,3.692280166604991,11498.433484,11073.879105
round-broad-p4-0133-9596795cb53fa041,4,broad,broad_joint,development,correlated,joint_triangular_l1,assumption__radius_mixed__noise_correlated__scale_300,broad_or_stress_assumption,True,True,joint_triangular_l5,True,0,-886.5014009999995,-886.5014009999995,7.192057191236017,12326.117235,11439.615834
round-broad-p4-0133-9596795cb53fa041,4,broad,broad_joint,development,correlated,joint_triangular_l2,assumption__radius_mixed__noise_correlated__scale_300,broad_or_stress_assumption,True,True,joint_triangular_l5,True,0,-757.6172800000004,-757.6172800000004,6.146439025005755,12326.117235,11568.499955
round-broad-p4-0133-9596795cb53fa041,4,broad,broad_joint,development,correlated,joint_triangular_l3,assumption__radius_mixed__noise_correlated__scale_300,broad_or_stress_assumption,True,True,joint_triangular_l5,True,0,-635.2145899999996,-635.2145899999996,5.1534037677031685,12326.117235,11690.902645
round-broad-p4-0134-a54b42c89e7d6463,4,broad,broad_joint,development,extreme,joint_triangular_l1,assumption__radius_mixed__noise_extreme__scale_300,broad_or_stress_assumption,True,True,joint_triangular_l5,True,0,-501.42224499999975,-501.42224499999975,4.645491308366736,10793.739816,10292.317571
round-broad-p4-0134-a54b42c89e7d6463,4,broad,broad_joint,development,extreme,joint_triangular_l2,assumption__radius_mixed__noise_extreme__scale_300,broad_or_stress_assumption,True,True,joint_triangular_l5,True,0,-371.3145399999994,-371.3145399999994,3.4400916302390834,10793.739816,10422.425276
round-broad-p4-0134-a54b42c89e7d6463,4,broad,broad_joint,development,extreme,joint_triangular_l3,assumption__radius_mixed__noise_extreme__scale_300,broad_or_stress_assumption,True,True,joint_triangular_l5,True,0,-302.90807999999925,-302.90807999999925,2.8063311249265643,10793.739816,10490.831736
round-broad-p4-0135-2183fe3e7ba95763,4,broad,broad_joint,development,deterministic,joint_triangular_l1,assumption__radius_min__noise_deterministic__scale_75,broad_or_stress_assumption,True,True,joint_triangular_l5,True,0,-364.9807359999995,-364.9807359999995,3.530147372913559,10338.965982,9973.985246
round-broad-p4-0135-2183fe3e7ba95763,4,broad,broad_joint,development,deterministic,joint_triangular_l2,assumption__radius_min__noise_deterministic__scale_75,broad_or_stress_assumption,True,True,joint_triangular_l5,True,0,-330.2278409999999,-330.2278409999999,3.1940122597842193,10338.965982,10008.738141
round-broad-p4-0135-2183fe3e7ba95763,4,broad,broad_joint,development,deterministic,joint_triangular_l3,assumption__radius_min__noise_deterministic__scale_75,broad_or_stress_assumption,True,True,joint_triangular_l5,True,0,-246.7778760000001,-246.7778760000001,2.3868719215213305,10338.965982,10092.188106
round-broad-p4-0136-73c6299c5bacd7ce,4,broad,broad_joint,development,correlated,joint_triangular_l1,assumption__radius_min__noise_correlated__scale_75,broad_or_stress_assumption,True,True,joint_triangular_l5,True,0,-807.7739249999995,-807.7739249999995,5.980233812687271,13507.39704,12699.623115
round-broad-p4-0136-73c6299c5bacd7ce,4,broad,broad_joint,development,correlated,joint_triangular_l2,assumption__radius_min__noise_correlated__scale_75,broad_or_stress_assumption,True,True,joint_triangular_l5,True,0,-588.3790410000001,-588.3790410000001,4.355976501302283,13507.39704,12919.017999
round-broad-p4-0136-73c6299c5bacd7ce,4,broad,broad_joint,development,correlated,joint_triangular_l3,assumption__radius_min__noise_correlated__scale_75,broad_or_stress_assumption,True,True,joint_triangular_l5,True,0,-463.74376499999926,-463.74376499999926,3.4332578188580385,13507.39704,13043.653275
round-broad-p4-0138-ea4a6d0d2f64c035,4,broad,broad_joint,development,deterministic,joint_triangular_l1,assumption__radius_max__noise_deterministic__scale_75,broad_or_stress_assumption,True,True,joint_triangular_l5,True,0,-875.2399019999993,-875.2399019999993,6.840562226113033,12794.853304,11919.613402
round-broad-p4-0138-ea4a6d0d2f64c035,4,broad,broad_joint,development,deterministic,joint_triangular_l2,assumption__radius_max__noise_deterministic__scale_75,broad_or_stress_assumption,True,True,joint_triangular_l5,True,0,-691.875304000001,-691.875304000001,5.407450070441238,12794.853304,12102.978
round-broad-p4-0138-ea4a6d0d2f64c035,4,broad,broad_joint,development,deterministic,joint_triangular_l3,assumption__radius_max__noise_deterministic__scale_75,broad_or_stress_assumption,True,True,joint_triangular_l5,True,0,-516.1064850000002,-516.1064850000002,4.033703808379359,12794.853304,12278.746819
round-broad-p4-0139-56476c7870e24f2c,4,broad,broad_joint,development,correlated,joint_triangular_l1,assumption__radius_max__noise_correlated__scale_75,broad_or_stress_assumption,True,True,joint_triangular_l5,True,0,-469.10886799999935,-469.10886799999935,4.177527173005499,11229.343307,10760.234439
round-broad-p4-0139-56476c7870e24f2c,4,broad,broad_joint,development,correlated,joint_triangular_l2,assumption__radius_max__noise_correlated__scale_75,broad_or_stress_assumption,True,True,joint_triangular_l5,True,0,-348.27419199999895,-348.27419199999895,3.1014653526791403,11229.343307,10881.069115
round-broad-p4-0139-56476c7870e24f2c,4,broad,broad_joint,development,correlated,joint_triangular_l3,assumption__radius_max__noise_correlated__scale_75,broad_or_stress_assumption,True,True,joint_triangular_l5,True,0,-284.5482349999984,-284.5482349999984,2.5339703954248196,11229.343307,10944.795072
round-broad-p4-0140-55e33df5b723a7f2,4,broad,broad_joint,development,extreme,joint_triangular_l1,assumption__radius_max__noise_extreme__scale_75,broad_or_stress_assumption,True,True,joint_triangular_l5,True,0,382.14181199999985,382.14181199999985,-3.3917079852102416,11266.943194,11649.085006
round-broad-p4-0140-55e33df5b723a7f2,4,broad,broad_joint,development,extreme,joint_triangular_l2,assumption__radius_max__noise_extreme__scale_75,broad_or_stress_assumption,True,True,joint_triangular_l5,True,0,562.0775560000002,562.0775560000002,-4.988731604676272,11266.943194,11829.02075
round-broad-p4-0140-55e33df5b723a7f2,4,broad,broad_joint,development,extreme,joint_triangular_l3,assumption__radius_max__noise_extreme__scale_75,broad_or_stress_assumption,True,True,joint_triangular_l5,True,0,445.47103100000095,445.47103100000095,-3.953787849371853,11266.943194,11712.414225
round-broad-p4-0142-abb27f32867c5869,4,broad,broad_joint,development,correlated,joint_triangular_l1,assumption__radius_mixed__noise_correlated__scale_75,broad_or_stress_assumption,True,True,joint_triangular_l5,True,0,-157.47884200000044,-157.47884200000044,1.3241019229212256,11893.256801,11735.777959
round-broad-p4-0142-abb27f32867c5869,4,broad,broad_joint,development,correlated,joint_triangular_l2,assumption__radius_mixed__noise_correlated__scale_75,broad_or_stress_assumption,True,True,joint_triangular_l5,True,0,-154.4204090000003,-154.4204090000003,1.2983862333403617,11893.256801,11738.836392
round-broad-p4-0142-abb27f32867c5869,4,broad,broad_joint,development,correlated,joint_triangular_l3,assumption__radius_mixed__noise_correlated__scale_75,broad_or_stress_assumption,True,True,joint_triangular_l5,True,0,54.70610800000031,54.70610800000031,-0.4599758410614707,11893.256801,11947.962909
round-broad-p4-0145-d460bcd56552449c,4,broad,broad_joint,development,correlated,joint_triangular_l1,assumption__radius_min__noise_correlated__scale_150,broad_or_stress_assumption,True,True,joint_triangular_l5,True,0,-375.7291359999999,-375.7291359999999,3.6735433844009457,10227.976008,9852.246872
round-broad-p4-0145-d460bcd56552449c,4,broad,broad_joint,development,correlated,joint_triangular_l2,assumption__radius_min__noise_correlated__scale_150,broad_or_stress_assumption,True,True,joint_triangular_l5,True,0,-307.4885059999997,-307.4885059999997,3.0063475487182596,10227.976008,9920.487502
round-broad-p4-0145-d460bcd56552449c,4,broad,broad_joint,development,correlated,joint_triangular_l3,assumption__radius_min__noise_correlated__scale_150,broad_or_stress_assumption,True,True,joint_triangular_l5,True,0,-260.85940200000005,-260.85940200000005,2.550449881735781,10227.976008,9967.116606
round-broad-p4-0146-a4ce71e6ffd12815,4,broad,broad_joint,development,extreme,joint_triangular_l1,assumption__radius_min__noise_extreme__scale_150,broad_or_stress_assumption,True,True,joint_triangular_l5,True,0,-459.24459299999944,-459.24459299999944,4.556339048976763,10079.245378,9620.000785
round-broad-p4-0146-a4ce71e6ffd12815,4,broad,broad_joint,development,extreme,joint_triangular_l2,assumption__radius_min__noise_extreme__scale_150,broad_or_stress_assumption,True,True,joint_triangular_l5,True,0,-288.5843559999994,-288.5843559999994,2.8631543848500143,10079.245378,9790.661022
round-broad-p4-0146-a4ce71e6ffd12815,4,broad,broad_joint,development,extreme,joint_triangular_l3,assumption__radius_min__noise_extreme__scale_150,broad_or_stress_assumption,True,True,joint_triangular_l5,True,0,-209.96600099999887,-209.96600099999887,2.083151993286048,10079.245378,9869.279377
round-broad-p4-0147-e009b28ea925bbb8,4,broad,broad_joint,development,deterministic,joint_triangular_l1,assumption__radius_max__noise_deterministic__scale_150,broad_or_stress_assumption,True,True,joint_triangular_l5,True,0,-1080.7414120000012,-1080.7414120000012,8.860230182571723,12197.667439,11116.926027
round-broad-p4-0147-e009b28ea925bbb8,4,broad,broad_joint,development,deterministic,joint_triangular_l2,assumption__radius_max__noise_deterministic__scale_150,broad_or_stress_assumption,True,True,joint_triangular_l5,True,0,-777.8012269999999,-777.8012269999999,6.376639065540602,12197.667439,11419.866212
round-broad-p4-0147-e009b28ea925bbb8,4,broad,broad_joint,development,deterministic,joint_triangular_l3,assumption__radius_max__noise_deterministic__scale_150,broad_or_stress_assumption,True,True,joint_triangular_l5,True,0,-625.9087390000004,-625.9087390000004,5.131380586740396,12197.667439,11571.7587
round-broad-p4-0148-dd599b0160c28ff9,4,broad,broad_joint,development,correlated,joint_triangular_l1,assumption__radius_max__noise_correlated__scale_150,broad_or_stress_assumption,True,True,joint_triangular_l5,True,0,-580.6017219999994,-580.6017219999994,5.012474124730899,11583.136542,11002.53482
round-broad-p4-0148-dd599b0160c28ff9,4,broad,broad_joint,development,correlated,joint_triangular_l2,assumption__radius_max__noise_correlated__scale_150,broad_or_stress_assumption,True,True,joint_triangular_l5,True,0,-799.3767950000001,-799.3767950000001,6.901211879023364,11583.136542,10783.759747
round-broad-p4-0148-dd599b0160c28ff9,4,broad,broad_joint,development,correlated,joint_triangular_l3,assumption__radius_max__noise_correlated__scale_150,broad_or_stress_assumption,True,True,joint_triangular_l5,True,0,-578.6188110000003,-578.6188110000003,4.995355177778929,11583.136542,11004.517731
round-broad-p4-0149-e11fa1754ef1a295,4,broad,broad_joint,development,extreme,joint_triangular_l1,assumption__radius_max__noise_extreme__scale_150,broad_or_stress_assumption,True,True,joint_triangular_l5,True,0,-522.7576970000009,-522.7576970000009,5.006785080391494,10440.985355,9918.227658
round-broad-p4-0149-e11fa1754ef1a295,4,broad,broad_joint,development,extreme,joint_triangular_l2,assumption__radius_max__noise_extreme__scale_150,broad_or_stress_assumption,True,True,joint_triangular_l5,True,0,-393.5047830000003,-393.5047830000003,3.768847188465387,10440.985355,10047.480572
round-broad-p4-0149-e11fa1754ef1a295,4,broad,broad_joint,development,extreme,joint_triangular_l3,assumption__radius_max__noise_extreme__scale_150,broad_or_stress_assumption,True,True,joint_triangular_l5,True,0,-230.74907200000052,-230.74907200000052,2.210031564592694,10440.985355,10210.236283
round-broad-p4-0150-442039027d8b38e6,4,broad,broad_joint,development,deterministic,joint_triangular_l1,assumption__radius_mixed__noise_deterministic__scale_150,broad_or_stress_assumption,True,True,joint_triangular_l5,True,0,-151.82621899999867,-151.82621899999867,1.4216634989957737,10679.47648,10527.650261
round-broad-p4-0150-442039027d8b38e6,4,broad,broad_joint,development,deterministic,joint_triangular_l2,assumption__radius_mixed__noise_deterministic__scale_150,broad_or_stress_assumption,True,True,joint_triangular_l5,True,0,64.0909870000014,64.0909870000014,-0.6001322922526012,10679.47648,10743.567467
round-broad-p4-0150-442039027d8b38e6,4,broad,broad_joint,development,deterministic,joint_triangular_l3,assumption__radius_mixed__noise_deterministic__scale_150,broad_or_stress_assumption,True,True,joint_triangular_l5,True,0,217.30943800000023,217.30943800000023,-2.0348323104317587,10679.47648,10896.785918
round-broad-p4-0151-79e62869e0781cf5,4,broad,broad_joint,development,correlated,joint_triangular_l1,assumption__radius_mixed__noise_correlated__scale_150,broad_or_stress_assumption,True,True,joint_triangular_l5,True,0,-375.255126,-375.255126,2.954401391681238,12701.562051,12326.306925
round-broad-p4-0151-79e62869e0781cf5,4,broad,broad_joint,development,correlated,joint_triangular_l2,assumption__radius_mixed__noise_correlated__scale_150,broad_or_stress_assumption,True,True,joint_triangular_l5,True,0,-163.24712900000122,-163.24712900000122,1.2852523834826182,12701.562051,12538.314922
round-broad-p4-0151-79e62869e0781cf5,4,broad,broad_joint,development,correlated,joint_triangular_l3,assumption__radius_mixed__noise_correlated__scale_150,broad_or_stress_assumption,True,True,joint_triangular_l5,True,0,-55.90377600000102,-55.90377600000102,0.44013307792799927,12701.562051,12645.658275
round-broad-p4-0152-b089cee0552659c9,4,broad,broad_joint,development,extreme,joint_triangular_l1,assumption__radius_mixed__noise_extreme__scale_150,broad_or_stress_assumption,True,True,joint_triangular_l5,True,0,-236.43108400000165,-236.43108400000165,2.2410950296326146,10549.80181,10313.370726
round-broad-p4-0152-b089cee0552659c9,4,broad,broad_joint,development,extreme,joint_triangular_l2,assumption__radius_mixed__noise_extreme__scale_150,broad_or_stress_assumption,True,True,joint_triangular_l5,True,0,-183.7202410000009,-183.7202410000009,1.7414567999358548,10549.80181,10366.081569
round-broad-p4-0152-b089cee0552659c9,4,broad,broad_joint,development,extreme,joint_triangular_l3,assumption__radius_mixed__noise_extreme__scale_150,broad_or_stress_assumption,True,True,joint_triangular_l5,True,0,-150.50704600000063,-150.50704600000063,1.4266338715229439,10549.80181,10399.294764
round-broad-p4-0154-b9b6b0e9bf747f20,4,broad,broad_joint,development,correlated,joint_triangular_l1,assumption__radius_min__noise_correlated__scale_300,broad_or_stress_assumption,True,True,joint_triangular_l5,True,0,79.24025299999994,79.24025299999994,-0.5678625359023873,13954.125865,14033.366118
round-broad-p4-0154-b9b6b0e9bf747f20,4,broad,broad_joint,development,correlated,joint_triangular_l2,assumption__radius_min__noise_correlated__scale_300,broad_or_stress_assumption,True,True,joint_triangular_l5,True,0,231.88374499999918,231.88374499999918,-1.6617575851283837,13954.125865,14186.00961
round-broad-p4-0154-b9b6b0e9bf747f20,4,broad,broad_joint,development,correlated,joint_triangular_l3,assumption__radius_min__noise_correlated__scale_300,broad_or_stress_assumption,True,True,joint_triangular_l5,True,0,328.5207869999995,328.5207869999995,-2.354291413007829,13954.125865,14282.646652
round-broad-p4-0155-9e6f41eb22be880b,4,broad,broad_joint,development,extreme,joint_triangular_l1,assumption__radius_min__noise_extreme__scale_300,broad_or_stress_assumption,True,True,joint_triangular_l5,True,0,-311.42212199999994,-311.42212199999994,3.273325763072285,9513.936117,9202.513995
round-broad-p4-0155-9e6f41eb22be880b,4,broad,broad_joint,development,extreme,joint_triangular_l2,assumption__radius_min__noise_extreme__scale_300,broad_or_stress_assumption,True,True,joint_triangular_l5,True,0,-202.9390029999995,-202.9390029999995,2.133070902561322,9513.936117,9310.997114
round-broad-p4-0155-9e6f41eb22be880b,4,broad,broad_joint,development,extreme,joint_triangular_l3,assumption__radius_min__noise_extreme__scale_300,broad_or_stress_assumption,True,True,joint_triangular_l5,True,0,-139.97185999999965,-139.97185999999965,1.471229765248167,9513.936117,9373.964257
round-broad-p4-0157-79e323703fc8bb2e,4,broad,broad_joint,development,correlated,joint_triangular_l1,assumption__radius_max__noise_correlated__scale_300,broad_or_stress_assumption,True,True,joint_triangular_l5,True,0,255.71541100000104,255.71541100000104,-2.2673104916682325,11278.35874,11534.074151
round-broad-p4-0157-79e323703fc8bb2e,4,broad,broad_joint,development,correlated,joint_triangular_l2,assumption__radius_max__noise_correlated__scale_300,broad_or_stress_assumption,True,True,joint_triangular_l5,True,0,-288.8596720000005,-288.8596720000005,2.561185352045297,11278.35874,10989.499068
round-broad-p4-0157-79e323703fc8bb2e,4,broad,broad_joint,development,correlated,joint_triangular_l3,assumption__radius_max__noise_correlated__scale_300,broad_or_stress_assumption,True,True,joint_triangular_l5,True,0,-506.518016,-506.518016,4.491061400659082,11278.35874,10771.840724
round-broad-p4-0158-0971c5142cab1825,4,broad,broad_joint,development,extreme,joint_triangular_l1,assumption__radius_max__noise_extreme__scale_300,broad_or_stress_assumption,True,True,joint_triangular_l5,True,0,-641.3038159999996,-641.3038159999996,5.644742592045395,11361.081671,10719.777855
round-broad-p4-0158-0971c5142cab1825,4,broad,broad_joint,development,extreme,joint_triangular_l2,assumption__radius_max__noise_extreme__scale_300,broad_or_stress_assumption,True,True,joint_triangular_l5,True,0,-497.88020999999935,-497.88020999999935,4.382331052780612,11361.081671,10863.201461
round-broad-p4-0158-0971c5142cab1825,4,broad,broad_joint,development,extreme,joint_triangular_l3,assumption__radius_max__noise_extreme__scale_300,broad_or_stress_assumption,True,True,joint_triangular_l5,True,0,-388.41959700000007,-388.41959700000007,3.418861057846893,11361.081671,10972.662074
round-broad-p4-0159-9475eb9c5fd89c2d,4,broad,broad_joint,development,deterministic,joint_triangular_l1,assumption__radius_mixed__noise_deterministic__scale_300,broad_or_stress_assumption,True,True,joint_triangular_l5,True,0,-640.365933000001,-640.365933000001,5.618424554916947,11397.606691,10757.240758
round-broad-p4-0159-9475eb9c5fd89c2d,4,broad,broad_joint,development,deterministic,joint_triangular_l2,assumption__radius_mixed__noise_deterministic__scale_300,broad_or_stress_assumption,True,True,joint_triangular_l5,True,0,-482.6616130000002,-482.6616130000002,4.234762841756321,11397.606691,10914.945078
round-broad-p4-0159-9475eb9c5fd89c2d,4,broad,broad_joint,development,deterministic,joint_triangular_l3,assumption__radius_mixed__noise_deterministic__scale_300,broad_or_stress_assumption,True,True,joint_triangular_l5,True,0,-390.32789500000035,-390.32789500000035,3.4246478719801643,11397.606691,11007.278796
round-broad-p4-0160-49b3bd5ae73aee02,4,broad,broad_joint,development,correlated,joint_triangular_l1,assumption__radius_mixed__noise_correlated__scale_300,broad_or_stress_assumption,True,True,joint_triangular_l5,True,0,-641.250383999999,-641.250383999999,5.8673104600544095,10929.204929,10287.954545
round-broad-p4-0160-49b3bd5ae73aee02,4,broad,broad_joint,development,correlated,joint_triangular_l2,assumption__radius_mixed__noise_correlated__scale_300,broad_or_stress_assumption,True,True,joint_triangular_l5,True,0,-516.5651319999997,-516.5651319999997,4.726465789193179,10929.204929,10412.639797
round-broad-p4-0160-49b3bd5ae73aee02,4,broad,broad_joint,development,correlated,joint_triangular_l3,assumption__radius_mixed__noise_correlated__scale_300,broad_or_stress_assumption,True,True,joint_triangular_l5,True,0,-419.37920399999894,-419.37920399999894,3.837234334285388,10929.204929,10509.825725
round-broad-p4-0163-6ce533aa691612ac,4,broad,broad_joint,development,correlated,joint_triangular_l1,assumption__radius_min__noise_correlated__scale_75,broad_or_stress_assumption,True,True,joint_triangular_l5,True,0,-398.4863399999995,-398.4863399999995,3.4041504599776498,11705.896807,11307.410467
round-broad-p4-0163-6ce533aa691612ac,4,broad,broad_joint,development,correlated,joint_triangular_l2,assumption__radius_min__noise_correlated__scale_75,broad_or_stress_assumption,True,True,joint_triangular_l5,True,0,-340.59543799999847,-340.59543799999847,2.909605676656282,11705.896807,11365.301369
round-broad-p4-0163-6ce533aa691612ac,4,broad,broad_joint,development,correlated,joint_triangular_l3,assumption__radius_min__noise_correlated__scale_75,broad_or_stress_assumption,True,True,joint_triangular_l5,True,0,-122.9663099999998,-122.9663099999998,1.0504646677430753,11705.896807,11582.930497
round-broad-p4-0164-5772bb59e18dcb0c,4,broad,broad_joint,development,extreme,joint_triangular_l1,assumption__radius_min__noise_extreme__scale_75,broad_or_stress_assumption,True,True,joint_triangular_l5,True,0,-553.4846890000008,-553.4846890000008,4.3582425429374885,12699.722045,12146.237356
round-broad-p4-0164-5772bb59e18dcb0c,4,broad,broad_joint,development,extreme,joint_triangular_l2,assumption__radius_min__noise_extreme__scale_75,broad_or_stress_assumption,True,True,joint_triangular_l5,True,0,-263.06178999999975,-263.06178999999975,2.071398012238934,12699.722045,12436.660255
round-broad-p4-0164-5772bb59e18dcb0c,4,broad,broad_joint,development,extreme,joint_triangular_l3,assumption__radius_min__noise_extreme__scale_75,broad_or_stress_assumption,True,True,joint_triangular_l5,True,0,-171.4546680000003,-171.4546680000003,1.3500663037542906,12699.722045,12528.267377
round-broad-p4-0165-90fc63ada9641df5,4,broad,broad_joint,development,deterministic,joint_triangular_l1,assumption__radius_max__noise_deterministic__scale_75,broad_or_stress_assumption,True,True,joint_triangular_l5,True,0,239.7628169999989,239.7628169999989,-1.9294220695519926,12426.664999,12666.427816
round-broad-p4-0165-90fc63ada9641df5,4,broad,broad_joint,development,deterministic,joint_triangular_l2,assumption__radius_max__noise_deterministic__scale_75,broad_or_stress_assumption,True,True,joint_triangular_l5,True,0,442.63512099999934,442.63512099999934,-3.561978383062705,12426.664999,12869.30012
round-broad-p4-0165-90fc63ada9641df5,4,broad,broad_joint,development,deterministic,joint_triangular_l3,assumption__radius_max__noise_deterministic__scale_75,broad_or_stress_assumption,True,True,joint_triangular_l5,True,0,617.3224599999994,617.3224599999994,-4.967724325470081,12426.664999,13043.987459
round-broad-p4-0166-00ccc7ad1cc52927,4,broad,broad_joint,development,correlated,joint_triangular_l1,assumption__radius_max__noise_correlated__scale_75,broad_or_stress_assumption,True,True,joint_triangular_l5,True,0,-1205.554693,-1205.554693,14.552084924273009,8284.41216,7078.857467
round-broad-p4-0166-00ccc7ad1cc52927,4,broad,broad_joint,development,correlated,joint_triangular_l2,assumption__radius_max__noise_correlated__scale_75,broad_or_stress_assumption,True,True,joint_triangular_l5,True,0,-776.8251380000002,-776.8251380000002,9.376949420150533,8284.41216,7507.587022
round-broad-p4-0166-00ccc7ad1cc52927,4,broad,broad_joint,development,correlated,joint_triangular_l3,assumption__radius_max__noise_correlated__scale_75,broad_or_stress_assumption,True,True,joint_triangular_l5,True,0,-582.9040500000001,-582.9040500000001,7.03615463284724,8284.41216,7701.50811
round-broad-p4-0167-84de3dccc67a179f,4,broad,broad_joint,development,extreme,joint_triangular_l1,assumption__radius_max__noise_extreme__scale_75,broad_or_stress_assumption,True,True,joint_triangular_l5,True,0,-708.7791120000002,-708.7791120000002,6.306510972633472,11238.846885,10530.067773
round-broad-p4-0167-84de3dccc67a179f,4,broad,broad_joint,development,extreme,joint_triangular_l2,assumption__radius_max__noise_extreme__scale_75,broad_or_stress_assumption,True,True,joint_triangular_l5,True,0,-303.86126400000103,-303.86126400000103,2.7036693987312117,11238.846885,10934.985621
round-broad-p4-0167-84de3dccc67a179f,4,broad,broad_joint,development,extreme,joint_triangular_l3,assumption__radius_max__noise_extreme__scale_75,broad_or_stress_assumption,True,True,joint_triangular_l5,True,0,-211.49122200000056,-211.49122200000056,1.881787554933849,11238.846885,11027.355663
round-broad-p4-0168-891b18b569a2ed28,4,broad,broad_joint,development,deterministic,joint_triangular_l1,assumption__radius_mixed__noise_deterministic__scale_75,broad_or_stress_assumption,True,True,joint_triangular_l5,True,0,-515.8516049999998,-515.8516049999998,4.526951746132254,11395.120468,10879.268863
round-broad-p4-0168-891b18b569a2ed28,4,broad,broad_joint,development,deterministic,joint_triangular_l2,assumption__radius_mixed__noise_deterministic__scale_75,broad_or_stress_assumption,True,True,joint_triangular_l5,True,0,-272.4004839999998,-272.4004839999998,2.390501133927984,11395.120468,11122.719984
round-broad-p4-0168-891b18b569a2ed28,4,broad,broad_joint,development,deterministic,joint_triangular_l3,assumption__radius_mixed__noise_deterministic__scale_75,broad_or_stress_assumption,True,True,joint_triangular_l5,True,0,-178.40553699999873,-178.40553699999873,1.565630986534988,11395.120468,11216.714931
round-broad-p4-0169-58c4f9c8cd07b08d,4,broad,broad_joint,development,correlated,joint_triangular_l1,assumption__radius_mixed__noise_correlated__scale_75,broad_or_stress_assumption,True,True,joint_triangular_l5,True,0,-865.5628300000008,-865.5628300000008,7.004407897042387,12357.401835,11491.839005
round-broad-p4-0169-58c4f9c8cd07b08d,4,broad,broad_joint,development,correlated,joint_triangular_l2,assumption__radius_mixed__noise_correlated__scale_75,broad_or_stress_assumption,True,True,joint_triangular_l5,True,0,-563.8503529999998,-563.8503529999998,4.5628552063670895,12357.401835,11793.551482
round-broad-p4-0169-58c4f9c8cd07b08d,4,broad,broad_joint,development,correlated,joint_triangular_l3,assumption__radius_mixed__noise_correlated__scale_75,broad_or_stress_assumption,True,True,joint_triangular_l5,True,0,-429.8733830000001,-429.8733830000001,3.478671234777404,12357.401835,11927.528452
round-broad-p4-0170-a65e2b063c2bf8f4,4,broad,broad_joint,development,extreme,joint_triangular_l1,assumption__radius_mixed__noise_extreme__scale_75,broad_or_stress_assumption,True,True,joint_triangular_l5,True,0,-525.3955919999989,-525.3955919999989,4.161395580118368,12625.46619,12100.070598
round-broad-p4-0170-a65e2b063c2bf8f4,4,broad,broad_joint,development,extreme,joint_triangular_l2,assumption__radius_mixed__noise_extreme__scale_75,broad_or_stress_assumption,True,True,joint_triangular_l5,True,0,-244.26690299999973,-244.26690299999973,1.9347159092903146,12625.46619,12381.199287
round-broad-p4-0170-a65e2b063c2bf8f4,4,broad,broad_joint,development,extreme,joint_triangular_l3,assumption__radius_mixed__noise_extreme__scale_75,broad_or_stress_assumption,True,True,joint_triangular_l5,True,0,-130.9740069999989,-130.9740069999989,1.0373795710113014,12625.46619,12494.492183
round-broad-p4-0171-ccb63ab777af0437,4,broad,broad_joint,development,deterministic,joint_triangular_l1,assumption__radius_min__noise_deterministic__scale_150,broad_or_stress_assumption,True,True,joint_triangular_l5,True,0,-919.9692059999998,-919.9692059999998,6.737522901703021,13654.413045,12734.443839
round-broad-p4-0171-ccb63ab777af0437,4,broad,broad_joint,development,deterministic,joint_triangular_l2,assumption__radius_min__noise_deterministic__scale_150,broad_or_stress_assumption,True,True,joint_triangular_l5,True,0,-727.0091670000002,-727.0091670000002,5.32435312015274,13654.413045,12927.403878
round-broad-p4-0171-ccb63ab777af0437,4,broad,broad_joint,development,deterministic,joint_triangular_l3,assumption__radius_min__noise_deterministic__scale_150,broad_or_stress_assumption,True,True,joint_triangular_l5,True,0,-536.2186139999994,-536.2186139999994,3.9270718721692184,13654.413045,13118.194431
round-broad-p4-0172-44ba6456dbb9915f,4,broad,broad_joint,development,correlated,joint_triangular_l1,assumption__radius_min__noise_correlated__scale_150,broad_or_stress_assumption,True,True,joint_triangular_l5,True,0,-428.6833969999989,-428.6833969999989,4.548670722585842,9424.366439,8995.683042
round-broad-p4-0172-44ba6456dbb9915f,4,broad,broad_joint,development,correlated,joint_triangular_l2,assumption__radius_min__noise_correlated__scale_150,broad_or_stress_assumption,True,True,joint_triangular_l5,True,0,-322.128811999999,-322.128811999999,3.4180420942352434,9424.366439,9102.237627
round-broad-p4-0172-44ba6456dbb9915f,4,broad,broad_joint,development,correlated,joint_triangular_l3,assumption__radius_min__noise_correlated__scale_150,broad_or_stress_assumption,True,True,joint_triangular_l5,True,0,-261.56694499999867,-261.56694499999867,2.7754326690607014,9424.366439,9162.799494
round-broad-p4-0173-72dbae16737895c3,4,broad,broad_joint,development,extreme,joint_triangular_l1,assumption__radius_min__noise_extreme__scale_150,broad_or_stress_assumption,True,True,joint_triangular_l5,True,0,302.00102100000004,302.00102100000004,-2.170652846426429,13912.91203,14214.913051
round-broad-p4-0173-72dbae16737895c3,4,broad,broad_joint,development,extreme,joint_triangular_l2,assumption__radius_min__noise_extreme__scale_150,broad_or_stress_assumption,True,True,joint_triangular_l5,True,0,429.7350060000008,429.7350060000008,-3.0887495376480203,13912.91203,14342.647036
round-broad-p4-0173-72dbae16737895c3,4,broad,broad_joint,development,extreme,joint_triangular_l3,assumption__radius_min__noise_extreme__scale_150,broad_or_stress_assumption,True,True,joint_triangular_l5,True,0,-191.45302599999923,-191.45302599999923,1.3760816253791783,13912.91203,13721.459004
round-broad-p4-0174-0b585f6411fcdd32,4,broad,broad_joint,development,deterministic,joint_triangular_l1,assumption__radius_max__noise_deterministic__scale_150,broad_or_stress_assumption,True,True,joint_triangular_l5,True,0,-242.0963900000006,-242.0963900000006,1.9456334351584559,12443.06279,12200.9664
round-broad-p4-0174-0b585f6411fcdd32,4,broad,broad_joint,development,deterministic,joint_triangular_l2,assumption__radius_max__noise_deterministic__scale_150,broad_or_stress_assumption,True,True,joint_triangular_l5,True,0,-317.59639099999913,-317.59639099999913,2.552397238204398,12443.06279,12125.466399
round-broad-p4-0174-0b585f6411fcdd32,4,broad,broad_joint,development,deterministic,joint_triangular_l3,assumption__radius_max__noise_deterministic__scale_150,broad_or_stress_assumption,True,True,joint_triangular_l5,True,0,-124.88174699999945,-124.88174699999945,1.0036254667167797,12443.06279,12318.181043
round-broad-p4-0176-e0ae1152981d1219,4,broad,broad_joint,development,extreme,joint_triangular_l1,assumption__radius_max__noise_extreme__scale_150,broad_or_stress_assumption,True,True,joint_triangular_l5,True,0,-532.4813840000006,-532.4813840000006,4.797142929854261,11099.969123,10567.487739
round-broad-p4-0176-e0ae1152981d1219,4,broad,broad_joint,development,extreme,joint_triangular_l2,assumption__radius_max__noise_extreme__scale_150,broad_or_stress_assumption,True,True,joint_triangular_l5,True,0,-293.68613000000005,-293.68613000000005,2.6458283509227023,11099.969123,10806.282993
round-broad-p4-0176-e0ae1152981d1219,4,broad,broad_joint,development,extreme,joint_triangular_l3,assumption__radius_max__noise_extreme__scale_150,broad_or_stress_assumption,True,True,joint_triangular_l5,True,0,-233.74083400000018,-233.74083400000018,2.1057791369497685,11099.969123,10866.228289
round-broad-p4-0177-71c25e353ba9d308,4,broad,broad_joint,development,deterministic,joint_triangular_l1,assumption__radius_mixed__noise_deterministic__scale_150,broad_or_stress_assumption,True,True,joint_triangular_l5,True,0,-629.2706969999999,-629.2706969999999,5.7683577794452505,10909.00948,10279.738783
round-broad-p4-0177-71c25e353ba9d308,4,broad,broad_joint,development,deterministic,joint_triangular_l2,assumption__radius_mixed__noise_deterministic__scale_150,broad_or_stress_assumption,True,True,joint_triangular_l5,True,0,-499.33103800000026,-499.33103800000026,4.577235347677049,10909.00948,10409.678442
round-broad-p4-0177-71c25e353ba9d308,4,broad,broad_joint,development,deterministic,joint_triangular_l3,assumption__radius_mixed__noise_deterministic__scale_150,broad_or_stress_assumption,True,True,joint_triangular_l5,True,0,-394.58663200000046,-394.58663200000046,3.6170711256912433,10909.00948,10514.422848
round-broad-p4-0178-bdacc89073f00b20,4,broad,broad_joint,development,correlated,joint_triangular_l1,assumption__radius_mixed__noise_correlated__scale_150,broad_or_stress_assumption,True,True,joint_triangular_l5,True,0,-496.21632900000077,-496.21632900000077,3.8898134048678803,12756.815748,12260.599419
round-broad-p4-0178-bdacc89073f00b20,4,broad,broad_joint,development,correlated,joint_triangular_l2,assumption__radius_mixed__noise_correlated__scale_150,broad_or_stress_assumption,True,True,joint_triangular_l5,True,0,-121.04468000000088,-121.04468000000088,0.9488628070761164,12756.815748,12635.771068
round-broad-p4-0178-bdacc89073f00b20,4,broad,broad_joint,development,correlated,joint_triangular_l3,assumption__radius_mixed__noise_correlated__scale_150,broad_or_stress_assumption,True,True,joint_triangular_l5,True,0,-707.922536,-707.922536,5.549367099003427,12756.815748,12048.893212
round-broad-p4-0179-ae32b0998e921304,4,broad,broad_joint,development,extreme,joint_triangular_l1,assumption__radius_mixed__noise_extreme__scale_150,broad_or_stress_assumption,True,True,joint_triangular_l5,True,0,-151.19254899999942,-151.19254899999942,1.5090384796723784,10019.131456,9867.938907
round-broad-p4-0179-ae32b0998e921304,4,broad,broad_joint,development,extreme,joint_triangular_l2,assumption__radius_mixed__noise_extreme__scale_150,broad_or_stress_assumption,True,True,joint_triangular_l5,True,0,-190.0552319999988,-190.0552319999988,1.896923229669608,10019.131456,9829.076224
round-broad-p4-0179-ae32b0998e921304,4,broad,broad_joint,development,extreme,joint_triangular_l3,assumption__radius_mixed__noise_extreme__scale_150,broad_or_stress_assumption,True,True,joint_triangular_l5,True,0,-67.68680799999856,-67.68680799999856,0.6755756055028506,10019.131456,9951.444648
round-broad-p4-0180-2aa7b2ae58ca4ab4,4,broad,broad_joint,development,deterministic,joint_triangular_l1,assumption__radius_min__noise_deterministic__scale_300,broad_or_stress_assumption,True,True,joint_triangular_l5,True,0,-373.70046100000036,-373.70046100000036,3.09921878495662,12057.892228,11684.191767
round-broad-p4-0180-2aa7b2ae58ca4ab4,4,broad,broad_joint,development,deterministic,joint_triangular_l2,assumption__radius_min__noise_deterministic__scale_300,broad_or_stress_assumption,True,True,joint_triangular_l5,True,0,-236.96733700000004,-236.96733700000004,1.9652467655145478,12057.892228,11820.924891
round-broad-p4-0180-2aa7b2ae58ca4ab4,4,broad,broad_joint,development,deterministic,joint_triangular_l3,assumption__radius_min__noise_deterministic__scale_300,broad_or_stress_assumption,True,True,joint_triangular_l5,True,0,-186.9475620000012,-186.9475620000012,1.550416594086689,12057.892228,11870.944666
round-broad-p4-0181-1a1fc2303b1e3b99,4,broad,broad_joint,development,correlated,joint_triangular_l1,assumption__radius_min__noise_correlated__scale_300,broad_or_stress_assumption,True,True,joint_triangular_l5,True,0,-209.20025499999974,-209.20025499999974,1.7764792357274566,11776.115971,11566.915716
round-broad-p4-0181-1a1fc2303b1e3b99,4,broad,broad_joint,development,correlated,joint_triangular_l2,assumption__radius_min__noise_correlated__scale_300,broad_or_stress_assumption,True,True,joint_triangular_l5,True,0,-403.69449299999906,-403.69449299999906,3.4280784427916795,11776.115971,11372.421478
round-broad-p4-0181-1a1fc2303b1e3b99,4,broad,broad_joint,development,correlated,joint_triangular_l3,assumption__radius_min__noise_correlated__scale_300,broad_or_stress_assumption,True,True,joint_triangular_l5,True,0,-312.92874699999993,-312.92874699999993,2.65731713045814,11776.115971,11463.187224
round-broad-p4-0183-e9e8dd7a52d186cb,4,broad,broad_joint,development,deterministic,joint_triangular_l1,assumption__radius_max__noise_deterministic__scale_300,broad_or_stress_assumption,True,True,joint_triangular_l5,True,0,-906.0745399999996,-906.0745399999996,7.204290491951098,12576.874031,11670.799491
round-broad-p4-0183-e9e8dd7a52d186cb,4,broad,broad_joint,development,deterministic,joint_triangular_l2,assumption__radius_max__noise_deterministic__scale_300,broad_or_stress_assumption,True,True,joint_triangular_l5,True,0,-609.8518370000002,-609.8518370000002,4.848993760268347,12576.874031,11967.022194
round-broad-p4-0183-e9e8dd7a52d186cb,4,broad,broad_joint,development,deterministic,joint_triangular_l3,assumption__radius_max__noise_deterministic__scale_300,broad_or_stress_assumption,True,True,joint_triangular_l5,True,0,-452.1999369999994,-452.1999369999994,3.5954875264346158,12576.874031,12124.674094
round-broad-p4-0184-dfb3029f982b6a97,4,broad,broad_joint,development,correlated,joint_triangular_l1,assumption__radius_max__noise_correlated__scale_300,broad_or_stress_assumption,True,True,joint_triangular_l5,True,0,-1070.0530830000007,-1070.0530830000007,8.99328925294839,11898.350569,10828.297486
round-broad-p4-0184-dfb3029f982b6a97,4,broad,broad_joint,development,correlated,joint_triangular_l2,assumption__radius_max__noise_correlated__scale_300,broad_or_stress_assumption,True,True,joint_triangular_l5,True,0,-761.1745499999997,-761.1745499999997,6.397311506211342,11898.350569,11137.176019
round-broad-p4-0184-dfb3029f982b6a97,4,broad,broad_joint,development,correlated,joint_triangular_l3,assumption__radius_max__noise_correlated__scale_300,broad_or_stress_assumption,True,True,joint_triangular_l5,True,0,-533.9238540000006,-533.9238540000006,4.487377060406065,11898.350569,11364.426715
round-broad-p4-0185-ebdfefb1b67901fd,4,broad,broad_joint,development,extreme,joint_triangular_l1,assumption__radius_max__noise_extreme__scale_300,broad_or_stress_assumption,True,True,joint_triangular_l5,True,0,100.46404599999914,100.46404599999914,-0.9114116761433899,11022.905305,11123.369351
round-broad-p4-0185-ebdfefb1b67901fd,4,broad,broad_joint,development,extreme,joint_triangular_l2,assumption__radius_max__noise_extreme__scale_300,broad_or_stress_assumption,True,True,joint_triangular_l5,True,0,286.01915999999983,286.01915999999983,-2.5947710888005293,11022.905305,11308.924465
round-broad-p4-0185-ebdfefb1b67901fd,4,broad,broad_joint,development,extreme,joint_triangular_l3,assumption__radius_max__noise_extreme__scale_300,broad_or_stress_assumption,True,True,joint_triangular_l5,True,0,-336.46326600000066,-336.46326600000066,3.0524009477554035,11022.905305,10686.442039
round-broad-p4-0186-b11a8b1e6428efdf,4,broad,broad_joint,development,deterministic,joint_triangular_l1,assumption__radius_mixed__noise_deterministic__scale_300,broad_or_stress_assumption,True,True,joint_triangular_l5,True,0,-688.0355710000003,-688.0355710000003,5.741357390463693,11983.848491,11295.81292
round-broad-p4-0186-b11a8b1e6428efdf,4,broad,broad_joint,development,deterministic,joint_triangular_l2,assumption__radius_mixed__noise_deterministic__scale_300,broad_or_stress_assumption,True,True,joint_triangular_l5,True,0,-543.7672950000015,-543.7672950000015,4.537501416246847,11983.848491,11440.081196
round-broad-p4-0186-b11a8b1e6428efdf,4,broad,broad_joint,development,deterministic,joint_triangular_l3,assumption__radius_mixed__noise_deterministic__scale_300,broad_or_stress_assumption,True,True,joint_triangular_l5,True,0,-374.16865099999995,-374.16865099999995,3.1222745454517775,11983.848491,11609.67984
round-broad-p4-0187-b3af5518bcbd7ee4,4,broad,broad_joint,development,correlated,joint_triangular_l1,assumption__radius_mixed__noise_correlated__scale_300,broad_or_stress_assumption,True,True,joint_triangular_l5,True,0,-436.8536430000004,-436.8536430000004,4.264456780940125,10244.063088,9807.209445
round-broad-p4-0187-b3af5518bcbd7ee4,4,broad,broad_joint,development,correlated,joint_triangular_l2,assumption__radius_mixed__noise_correlated__scale_300,broad_or_stress_assumption,True,True,joint_triangular_l5,True,0,-337.2869129999999,-337.2869129999999,3.2925110876669748,10244.063088,9906.776175
round-broad-p4-0187-b3af5518bcbd7ee4,4,broad,broad_joint,development,correlated,joint_triangular_l3,assumption__radius_mixed__noise_correlated__scale_300,broad_or_stress_assumption,True,True,joint_triangular_l5,True,0,-218.9310570000016,-218.9310570000016,2.1371506122063972,10244.063088,10025.132031
round-broad-p4-0188-82cdad1df188482c,4,broad,broad_joint,development,extreme,joint_triangular_l1,assumption__radius_mixed__noise_extreme__scale_300,broad_or_stress_assumption,True,True,joint_triangular_l5,True,0,-683.5933679999998,-683.5933679999998,6.00442710670436,11384.822496,10701.229128
round-broad-p4-0188-82cdad1df188482c,4,broad,broad_joint,development,extreme,joint_triangular_l2,assumption__radius_mixed__noise_extreme__scale_300,broad_or_stress_assumption,True,True,joint_triangular_l5,True,0,-475.0335840000007,-475.0335840000007,4.172516384571664,11384.822496,10909.788912
round-broad-p4-0188-82cdad1df188482c,4,broad,broad_joint,development,extreme,joint_triangular_l3,assumption__radius_mixed__noise_extreme__scale_300,broad_or_stress_assumption,True,True,joint_triangular_l5,True,0,-367.51292400000057,-367.51292400000057,3.228095335953849,11384.822496,11017.309572
round-broad-p4-0189-82199ceba681edc8,4,broad,broad_joint,development,deterministic,joint_triangular_l1,assumption__radius_min__noise_deterministic__scale_75,broad_or_stress_assumption,True,True,joint_triangular_l5,True,0,-794.2572569999993,-794.2572569999993,6.961558734603615,11409.187041,10614.929784
round-broad-p4-0189-82199ceba681edc8,4,broad,broad_joint,development,deterministic,joint_triangular_l2,assumption__radius_min__noise_deterministic__scale_75,broad_or_stress_assumption,True,True,joint_triangular_l5,True,0,-666.7214469999999,-666.7214469999999,5.843724400380789,11409.187041,10742.465594
round-broad-p4-0189-82199ceba681edc8,4,broad,broad_joint,development,deterministic,joint_triangular_l3,assumption__radius_min__noise_deterministic__scale_75,broad_or_stress_assumption,True,True,joint_triangular_l5,True,0,-486.7965609999992,-486.7965609999992,4.266706814873395,11409.187041,10922.39048
round-broad-p4-0190-f3217dc4c3ffb0dd,4,broad,broad_joint,development,correlated,joint_triangular_l1,assumption__radius_min__noise_correlated__scale_75,broad_or_stress_assumption,True,True,joint_triangular_l5,True,0,-903.2606489999998,-903.2606489999998,6.549218626705115,13791.8842,12888.623551
round-broad-p4-0190-f3217dc4c3ffb0dd,4,broad,broad_joint,development,correlated,joint_triangular_l2,assumption__radius_min__noise_correlated__scale_75,broad_or_stress_assumption,True,True,joint_triangular_l5,True,0,-695.8301179999999,-695.8301179999999,5.045214329743283,13791.8842,13096.054082
round-broad-p4-0190-f3217dc4c3ffb0dd,4,broad,broad_joint,development,correlated,joint_triangular_l3,assumption__radius_min__noise_correlated__scale_75,broad_or_stress_assumption,True,True,joint_triangular_l5,True,0,-658.424008,-658.424008,4.7739960577685245,13791.8842,13133.460192
round-broad-p4-0191-7d439ddafcc4e699,4,broad,broad_joint,development,extreme,joint_triangular_l1,assumption__radius_min__noise_extreme__scale_75,broad_or_stress_assumption,True,True,joint_triangular_l5,True,0,-219.4730639999998,-219.4730639999998,1.6163522969669422,13578.293817,13358.820753
round-broad-p4-0191-7d439ddafcc4e699,4,broad,broad_joint,development,extreme,joint_triangular_l2,assumption__radius_min__noise_extreme__scale_75,broad_or_stress_assumption,True,True,joint_triangular_l5,True,0,-489.01816399999916,-489.01816399999916,3.601469894455733,13578.293817,13089.275653
round-broad-p4-0191-7d439ddafcc4e699,4,broad,broad_joint,development,extreme,joint_triangular_l3,assumption__radius_min__noise_extreme__scale_75,broad_or_stress_assumption,True,True,joint_triangular_l5,True,0,-333.728740999999,-333.728740999999,2.457810572504855,13578.293817,13244.565076
round-broad-p4-0193-5876453e4914c77f,4,broad,broad_joint,development,correlated,joint_triangular_l1,assumption__radius_max__noise_correlated__scale_75,broad_or_stress_assumption,True,True,joint_triangular_l5,True,0,-295.1490450000001,-295.1490450000001,2.6251036401875067,11243.329234,10948.180189
round-broad-p4-0193-5876453e4914c77f,4,broad,broad_joint,development,correlated,joint_triangular_l2,assumption__radius_max__noise_correlated__scale_75,broad_or_stress_assumption,True,True,joint_triangular_l5,True,0,-418.636351000001,-418.636351000001,3.723419836662243,11243.329234,10824.692883
round-broad-p4-0193-5876453e4914c77f,4,broad,broad_joint,development,correlated,joint_triangular_l3,assumption__radius_max__noise_correlated__scale_75,broad_or_stress_assumption,True,True,joint_triangular_l5,True,0,-408.56725000000006,-408.56725000000006,3.6338636136749103,11243.329234,10834.761984
round-broad-p4-0197-d4c2b69cf21c10ec,4,broad,broad_joint,development,extreme,joint_triangular_l1,assumption__radius_mixed__noise_extreme__scale_75,broad_or_stress_assumption,True,True,joint_triangular_l5,True,0,191.01453800000127,191.01453800000127,-1.963344824167818,9729.036675,9920.051213
round-broad-p4-0197-d4c2b69cf21c10ec,4,broad,broad_joint,development,extreme,joint_triangular_l2,assumption__radius_mixed__noise_extreme__scale_75,broad_or_stress_assumption,True,True,joint_triangular_l5,True,0,-118.60938499999975,-118.60938499999975,1.2191277406198056,9729.036675,9610.42729
round-broad-p4-0197-d4c2b69cf21c10ec,4,broad,broad_joint,development,extreme,joint_triangular_l3,assumption__radius_mixed__noise_extreme__scale_75,broad_or_stress_assumption,True,True,joint_triangular_l5,True,0,-78.73526999999922,-78.73526999999922,0.8092812539428444,9729.036675,9650.301405
round-broad-p4-0198-7f8fd32a7a970690,4,broad,broad_joint,development,deterministic,joint_triangular_l1,assumption__radius_min__noise_deterministic__scale_150,broad_or_stress_assumption,True,True,joint_triangular_l5,True,0,-308.41211600000133,-308.41211600000133,2.589674368647383,11909.30102,11600.888904
round-broad-p4-0198-7f8fd32a7a970690,4,broad,broad_joint,development,deterministic,joint_triangular_l2,assumption__radius_min__noise_deterministic__scale_150,broad_or_stress_assumption,True,True,joint_triangular_l5,True,0,-119.69786900000145,-119.69786900000145,1.0050788774167827,11909.30102,11789.603151
round-broad-p4-0198-7f8fd32a7a970690,4,broad,broad_joint,development,deterministic,joint_triangular_l3,assumption__radius_min__noise_deterministic__scale_150,broad_or_stress_assumption,True,True,joint_triangular_l5,True,0,-20.384620000000723,-20.384620000000723,0.1711655450287772,11909.30102,11888.9164
round-broad-p4-0199-7ab269a3dbacc669,4,broad,broad_joint,development,correlated,joint_triangular_l1,assumption__radius_min__noise_correlated__scale_150,broad_or_stress_assumption,True,True,joint_triangular_l5,True,0,-599.995336,-599.995336,4.668971603292636,12850.695763,12250.700427
round-broad-p4-0199-7ab269a3dbacc669,4,broad,broad_joint,development,correlated,joint_triangular_l2,assumption__radius_min__noise_correlated__scale_150,broad_or_stress_assumption,True,True,joint_triangular_l5,True,0,-527.6898419999998,-527.6898419999998,4.106313399149451,12850.695763,12323.005921
round-broad-p4-0199-7ab269a3dbacc669,4,broad,broad_joint,development,correlated,joint_triangular_l3,assumption__radius_min__noise_correlated__scale_150,broad_or_stress_assumption,True,True,joint_triangular_l5,True,0,-420.0788709999997,-420.0788709999997,3.268919276802894,12850.695763,12430.616892
round-calibrated-p3-0000-a21d558e975c4b8b,3,calibrated,smoothed_joint,development,correlated,joint_triangular_l1,mixed_correlated150_after_observable_screen,unresolved,True,True,joint_triangular_l5,True,0,-491.95522900000014,-491.95522900000014,10.161487314828722,4841.370301,4349.415072
round-calibrated-p3-0000-a21d558e975c4b8b,3,calibrated,smoothed_joint,development,correlated,joint_triangular_l2,mixed_correlated150_after_observable_screen,unresolved,True,True,joint_triangular_l5,True,0,-335.5805680000003,-335.5805680000003,6.931520357587296,4841.370301,4505.789733
round-calibrated-p3-0000-a21d558e975c4b8b,3,calibrated,smoothed_joint,development,correlated,joint_triangular_l3,mixed_correlated150_after_observable_screen,unresolved,True,True,joint_triangular_l5,True,0,-200.15022500000032,-200.15022500000032,4.134164762374377,4841.370301,4641.220076
round-calibrated-p3-0001-1423a8c10f2f6ca5,3,calibrated,broad_joint,development,correlated,joint_triangular_l1,mixed_correlated150_after_observable_screen,unresolved,True,True,joint_triangular_l5,True,0,-555.3133779999998,-555.3133779999998,10.525105813027428,5276.083565,4720.770187
round-calibrated-p3-0001-1423a8c10f2f6ca5,3,calibrated,broad_joint,development,correlated,joint_triangular_l2,mixed_correlated150_after_observable_screen,unresolved,True,True,joint_triangular_l5,True,0,-414.7378840000001,-414.7378840000001,7.860714844458688,5276.083565,4861.345681
round-calibrated-p3-0001-1423a8c10f2f6ca5,3,calibrated,broad_joint,development,correlated,joint_triangular_l3,mixed_correlated150_after_observable_screen,unresolved,True,True,joint_triangular_l5,True,0,-234.6635980000001,-234.6635980000001,4.447685392185408,5276.083565,5041.419967
round-calibrated-p3-0002-9be3c1b63868fa90,3,calibrated,smoothed_joint,development,extreme,joint_triangular_l1,mixed_extreme150_after_observable_screen,unresolved,True,True,joint_triangular_l5,True,0,-267.4230320000006,-267.4230320000006,5.973389860852463,4476.905714,4209.482682
round-calibrated-p3-0002-9be3c1b63868fa90,3,calibrated,smoothed_joint,development,extreme,joint_triangular_l2,mixed_extreme150_after_observable_screen,unresolved,True,True,joint_triangular_l5,True,0,-171.1376960000007,-171.1376960000007,3.822678138269156,4476.905714,4305.768018
round-calibrated-p3-0002-9be3c1b63868fa90,3,calibrated,smoothed_joint,development,extreme,joint_triangular_l3,mixed_extreme150_after_observable_screen,unresolved,True,True,joint_triangular_l5,True,0,-121.12478700000065,-121.12478700000065,2.705546972347978,4476.905714,4355.780927
round-calibrated-p3-0003-f21c416196f319ea,3,calibrated,broad_joint,development,extreme,joint_triangular_l1,mixed_extreme150_after_observable_screen,unresolved,True,True,joint_triangular_l5,True,0,-301.53109399999994,-301.53109399999994,5.95965513268815,5059.539307,4758.008213
round-calibrated-p3-0003-f21c416196f319ea,3,calibrated,broad_joint,development,extreme,joint_triangular_l2,mixed_extreme150_after_observable_screen,unresolved,True,True,joint_triangular_l5,True,0,-204.35441300000002,-204.35441300000002,4.038992497148318,5059.539307,4855.184894
round-calibrated-p3-0003-f21c416196f319ea,3,calibrated,broad_joint,development,extreme,joint_triangular_l3,mixed_extreme150_after_observable_screen,unresolved,True,True,joint_triangular_l5,True,0,-130.44665799999984,-130.44665799999984,2.5782319315026094,5059.539307,4929.092649
round-calibrated-p3-0004-95620286303b30f6,3,calibrated,smoothed_joint,development,correlated,joint_triangular_l1,mixed_correlated150_after_observable_screen,unresolved,True,True,joint_triangular_l5,True,0,-542.7943720000003,-542.7943720000003,10.450145442726004,5194.132225,4651.337853
round-calibrated-p3-0004-95620286303b30f6,3,calibrated,smoothed_joint,development,correlated,joint_triangular_l2,mixed_correlated150_after_observable_screen,unresolved,True,True,joint_triangular_l5,True,0,-439.2625940000007,-439.2625940000007,8.45690049794604,5194.132225,4754.869631
round-calibrated-p3-0004-95620286303b30f6,3,calibrated,smoothed_joint,development,correlated,joint_triangular_l3,mixed_correlated150_after_observable_screen,unresolved,True,True,joint_triangular_l5,True,0,-292.3039950000002,-292.3039950000002,5.627580938219189,5194.132225,4901.82823
round-calibrated-p3-0006-a26e935ab8e345c6,3,calibrated,smoothed_joint,development,extreme,joint_triangular_l1,mixed_extreme150_after_observable_screen,unresolved,True,True,joint_triangular_l5,True,0,-422.4203759999991,-422.4203759999991,8.292107357835267,5094.246345,4671.825969
round-calibrated-p3-0006-a26e935ab8e345c6,3,calibrated,smoothed_joint,development,extreme,joint_triangular_l2,mixed_extreme150_after_observable_screen,unresolved,True,True,joint_triangular_l5,True,0,-323.96837099999993,-323.96837099999993,6.359495577161767,5094.246345,4770.277974
round-calibrated-p3-0006-a26e935ab8e345c6,3,calibrated,smoothed_joint,development,extreme,joint_triangular_l3,mixed_extreme150_after_observable_screen,unresolved,True,True,joint_triangular_l5,True,0,-195.55701399999998,-195.55701399999998,3.8387820446087986,5094.246345,4898.689331
round-calibrated-p3-0007-3cb6e79f239335fc,3,calibrated,broad_joint,development,extreme,joint_triangular_l1,mixed_extreme150_after_observable_screen,unresolved,True,True,joint_triangular_l5,True,0,-3.055986999999732,-3.055986999999732,0.06501019494596341,4700.781166,4697.725179
round-calibrated-p3-0007-3cb6e79f239335fc,3,calibrated,broad_joint,development,extreme,joint_triangular_l2,mixed_extreme150_after_observable_screen,unresolved,True,True,joint_triangular_l5,True,0,-30.785775999999714,-30.785775999999714,0.65490766136208,4700.781166,4669.99539
round-calibrated-p3-0007-3cb6e79f239335fc,3,calibrated,broad_joint,development,extreme,joint_triangular_l3,mixed_extreme150_after_observable_screen,unresolved,True,True,joint_triangular_l5,True,0,81.6292940000003,81.6292940000003,-1.7365048726456778,4700.781166,4782.41046
round-calibrated-p3-0008-2a3128aafacc986b,3,calibrated,smoothed_joint,development,correlated,joint_triangular_l1,mixed_correlated150_after_observable_screen,unresolved,True,True,joint_triangular_l5,True,0,-749.5077220000003,-749.5077220000003,14.85812136688319,5044.431281,4294.923559
round-calibrated-p3-0008-2a3128aafacc986b,3,calibrated,smoothed_joint,development,correlated,joint_triangular_l2,mixed_correlated150_after_observable_screen,unresolved,True,True,joint_triangular_l5,True,0,-554.5556400000005,-554.5556400000005,10.993422431756594,5044.431281,4489.875641
round-calibrated-p3-0008-2a3128aafacc986b,3,calibrated,smoothed_joint,development,correlated,joint_triangular_l3,mixed_correlated150_after_observable_screen,unresolved,True,True,joint_triangular_l5,True,0,-395.5339700000004,-395.5339700000004,7.841002245184523,5044.431281,4648.897311
round-calibrated-p3-0009-17b95fb9bd53ae5c,3,calibrated,broad_joint,development,correlated,joint_triangular_l1,mixed_correlated150_after_observable_screen,unresolved,True,True,joint_triangular_l5,True,0,-655.635354,-655.635354,13.181057363326337,4974.072534,4318.43718
round-calibrated-p3-0009-17b95fb9bd53ae5c,3,calibrated,broad_joint,development,correlated,joint_triangular_l2,mixed_correlated150_after_observable_screen,unresolved,True,True,joint_triangular_l5,True,0,-510.2314029999998,-510.2314029999998,10.25781991541822,4974.072534,4463.841131
round-calibrated-p3-0009-17b95fb9bd53ae5c,3,calibrated,broad_joint,development,correlated,joint_triangular_l3,mixed_correlated150_after_observable_screen,unresolved,True,True,joint_triangular_l5,True,0,-369.8570030000001,-369.8570030000001,7.435697820485384,4974.072534,4604.215531
round-calibrated-p3-0010-b5770f564747d7f5,3,calibrated,smoothed_joint,development,extreme,joint_triangular_l1,mixed_extreme150_after_observable_screen,unresolved,True,True,joint_triangular_l5,True,0,-417.95077700000047,-417.95077700000047,9.448884278779406,4423.281783,4005.331006
round-calibrated-p3-0010-b5770f564747d7f5,3,calibrated,smoothed_joint,development,extreme,joint_triangular_l2,mixed_extreme150_after_observable_screen,unresolved,True,True,joint_triangular_l5,True,0,-319.5596490000007,-319.5596490000007,7.224492236243333,4423.281783,4103.722134
round-calibrated-p3-0010-b5770f564747d7f5,3,calibrated,smoothed_joint,development,extreme,joint_triangular_l3,mixed_extreme150_after_observable_screen,unresolved,True,True,joint_triangular_l5,True,0,-219.29868100000022,-219.29868100000022,4.957827508137304,4423.281783,4203.983102
round-calibrated-p3-0011-3732cd7bc5983f66,3,calibrated,broad_joint,development,extreme,joint_triangular_l1,mixed_extreme150_after_observable_screen,unresolved,True,True,joint_triangular_l5,True,0,-665.8041239999993,-665.8041239999993,12.234395761386498,5442.067896,4776.263772
round-calibrated-p3-0011-3732cd7bc5983f66,3,calibrated,broad_joint,development,extreme,joint_triangular_l2,mixed_extreme150_after_observable_screen,unresolved,True,True,joint_triangular_l5,True,0,-430.3726909999996,-430.3726909999996,7.908256552924118,5442.067896,5011.695205
round-calibrated-p3-0011-3732cd7bc5983f66,3,calibrated,broad_joint,development,extreme,joint_triangular_l3,mixed_extreme150_after_observable_screen,unresolved,True,True,joint_triangular_l5,True,0,-184.60091099999954,-184.60091099999954,3.392109663602028,5442.067896,5257.466985
round-calibrated-p3-0012-56c69ecc33dec7a1,3,calibrated,smoothed_joint,development,correlated,joint_triangular_l1,mixed_correlated150_after_observable_screen,unresolved,True,True,joint_triangular_l5,True,0,-619.2306319999998,-619.2306319999998,12.768158709850026,4849.803688,4230.573056
round-calibrated-p3-0012-56c69ecc33dec7a1,3,calibrated,smoothed_joint,development,correlated,joint_triangular_l2,mixed_correlated150_after_observable_screen,unresolved,True,True,joint_triangular_l5,True,0,-492.4178119999997,-492.4178119999997,10.153355551656706,4849.803688,4357.385876
round-calibrated-p3-0012-56c69ecc33dec7a1,3,calibrated,smoothed_joint,development,correlated,joint_triangular_l3,mixed_correlated150_after_observable_screen,unresolved,True,True,joint_triangular_l5,True,0,-333.77998000000025,-333.77998000000025,6.882340017718264,4849.803688,4516.023708
round-calibrated-p3-0013-889973827f33960a,3,calibrated,broad_joint,development,correlated,joint_triangular_l1,mixed_correlated150_after_observable_screen,unresolved,True,True,joint_triangular_l5,True,0,-318.14224000000013,-318.14224000000013,7.798986008934319,4079.276968,3761.134728
round-calibrated-p3-0013-889973827f33960a,3,calibrated,broad_joint,development,correlated,joint_triangular_l2,mixed_correlated150_after_observable_screen,unresolved,True,True,joint_triangular_l5,True,0,-271.46071900000015,-271.46071900000015,6.6546282865684585,4079.276968,3807.816249
round-calibrated-p3-0013-889973827f33960a,3,calibrated,broad_joint,development,correlated,joint_triangular_l3,mixed_correlated150_after_observable_screen,unresolved,True,True,joint_triangular_l5,True,0,-194.1559500000003,-194.1559500000003,4.759567725434237,4079.276968,3885.121018
round-calibrated-p3-0014-6a572efb3484c4da,3,calibrated,smoothed_joint,development,extreme,joint_triangular_l1,mixed_extreme150_after_observable_screen,unresolved,True,True,joint_triangular_l5,True,0,-307.2788220000002,-307.2788220000002,6.323436098973885,4859.364706,4552.085884
round-calibrated-p3-0014-6a572efb3484c4da,3,calibrated,smoothed_joint,development,extreme,joint_triangular_l2,mixed_extreme150_after_observable_screen,unresolved,True,True,joint_triangular_l5,True,0,-143.8995930000001,-143.8995930000001,2.9612840711939783,4859.364706,4715.465113
round-calibrated-p3-0014-6a572efb3484c4da,3,calibrated,smoothed_joint,development,extreme,joint_triangular_l3,mixed_extreme150_after_observable_screen,unresolved,True,True,joint_triangular_l5,True,0,-89.86391800000001,-89.86391800000001,1.849293548373564,4859.364706,4769.500788
round-calibrated-p3-0015-b89e0052da27ce6d,3,calibrated,broad_joint,development,extreme,joint_triangular_l1,mixed_extreme150_after_observable_screen,unresolved,True,True,joint_triangular_l5,True,0,-288.2155679999996,-288.2155679999996,6.253841999353516,4608.61608,4320.400512
round-calibrated-p3-0015-b89e0052da27ce6d,3,calibrated,broad_joint,development,extreme,joint_triangular_l2,mixed_extreme150_after_observable_screen,unresolved,True,True,joint_triangular_l5,True,0,-281.70254099999966,-281.70254099999966,6.112519162151595,4608.61608,4326.913539
round-calibrated-p3-0015-b89e0052da27ce6d,3,calibrated,broad_joint,development,extreme,joint_triangular_l3,mixed_extreme150_after_observable_screen,unresolved,True,True,joint_triangular_l5,True,0,-138.23487299999942,-138.23487299999942,2.99948771172103,4608.61608,4470.381207
round-calibrated-p3-0016-8381713266081f9e,3,calibrated,smoothed_joint,development,correlated,joint_triangular_l1,mixed_correlated150_after_observable_screen,unresolved,True,True,joint_triangular_l5,True,0,-556.9153059999999,-556.9153059999999,10.677541402606337,5215.763489,4658.848183
round-calibrated-p3-0016-8381713266081f9e,3,calibrated,smoothed_joint,development,correlated,joint_triangular_l2,mixed_correlated150_after_observable_screen,unresolved,True,True,joint_triangular_l5,True,0,-460.25953000000027,-460.25953000000027,8.824394184488687,5215.763489,4755.503959
round-calibrated-p3-0016-8381713266081f9e,3,calibrated,smoothed_joint,development,correlated,joint_triangular_l3,mixed_correlated150_after_observable_screen,unresolved,True,True,joint_triangular_l5,True,0,-358.75808700000016,-358.75808700000016,6.878342696263315,5215.763489,4857.005402
round-calibrated-p3-0017-27b1dc5da56e8bc1,3,calibrated,broad_joint,development,correlated,joint_triangular_l1,mixed_correlated150_after_observable_screen,unresolved,True,True,joint_triangular_l5,True,0,-1193.3279680000005,-1193.3279680000005,21.41845409680776,5571.494388,4378.16642
round-calibrated-p3-0017-27b1dc5da56e8bc1,3,calibrated,broad_joint,development,correlated,joint_triangular_l2,mixed_correlated150_after_observable_screen,unresolved,True,True,joint_triangular_l5,True,0,-959.4232069999998,-959.4232069999998,17.220213109546073,5571.494388,4612.071181
round-calibrated-p3-0017-27b1dc5da56e8bc1,3,calibrated,broad_joint,development,correlated,joint_triangular_l3,mixed_correlated150_after_observable_screen,unresolved,True,True,joint_triangular_l5,True,0,-698.6202499999999,-698.6202499999999,12.539189692171327,5571.494388,4872.874138
round-calibrated-p3-0018-c608251baf54966a,3,calibrated,smoothed_joint,development,extreme,joint_triangular_l1,mixed_extreme150_after_observable_screen,unresolved,True,True,joint_triangular_l5,True,0,-367.55264799999986,-367.55264799999986,8.291678964980688,4432.78918,4065.236532
round-calibrated-p3-0018-c608251baf54966a,3,calibrated,smoothed_joint,development,extreme,joint_triangular_l2,mixed_extreme150_after_observable_screen,unresolved,True,True,joint_triangular_l5,True,0,-310.41911100000016,-310.41911100000016,7.002794367044547,4432.78918,4122.370069
round-calibrated-p3-0018-c608251baf54966a,3,calibrated,smoothed_joint,development,extreme,joint_triangular_l3,mixed_extreme150_after_observable_screen,unresolved,True,True,joint_triangular_l5,True,0,-200.83009799999945,-200.83009799999945,4.530558297383307,4432.78918,4231.959082
round-calibrated-p3-0019-ecf42a5217af34fe,3,calibrated,broad_joint,development,extreme,joint_triangular_l1,mixed_extreme150_after_observable_screen,unresolved,True,True,joint_triangular_l5,True,0,-443.58421199999975,-443.58421199999975,9.090837434391542,4879.464793,4435.880581
round-calibrated-p3-0019-ecf42a5217af34fe,3,calibrated,broad_joint,development,extreme,joint_triangular_l2,mixed_extreme150_after_observable_screen,unresolved,True,True,joint_triangular_l5,True,0,-219.89633700000013,-219.89633700000013,4.506566730750057,4879.464793,4659.568456
round-calibrated-p3-0019-ecf42a5217af34fe,3,calibrated,broad_joint,development,extreme,joint_triangular_l3,mixed_extreme150_after_observable_screen,unresolved,True,True,joint_triangular_l5,True,0,-131.30771699999968,-131.30771699999968,2.69102704026826,4879.464793,4748.157076
round-calibrated-p3-0020-76f9e07c10cab24a,3,calibrated,smoothed_joint,development,correlated,joint_triangular_l1,mixed_correlated150_after_observable_screen,unresolved,True,True,joint_triangular_l5,True,0,-429.1679920000006,-429.1679920000006,8.911809546496416,4815.722214,4386.554222
round-calibrated-p3-0020-76f9e07c10cab24a,3,calibrated,smoothed_joint,development,correlated,joint_triangular_l2,mixed_correlated150_after_observable_screen,unresolved,True,True,joint_triangular_l5,True,0,-251.44390400000066,-251.44390400000066,5.2213124600297105,4815.722214,4564.27831
round-calibrated-p3-0020-76f9e07c10cab24a,3,calibrated,smoothed_joint,development,correlated,joint_triangular_l3,mixed_correlated150_after_observable_screen,unresolved,True,True,joint_triangular_l5,True,0,-174.28549900000053,-174.28549900000053,3.6190936946763124,4815.722214,4641.436715
round-calibrated-p3-0021-ccdf8ce0a3a01a36,3,calibrated,broad_joint,development,correlated,joint_triangular_l1,mixed_correlated150_after_observable_screen,unresolved,True,True,joint_triangular_l5,True,0,-788.0367860000006,-788.0367860000006,15.58364015396308,5056.820988,4268.784202
round-calibrated-p3-0021-ccdf8ce0a3a01a36,3,calibrated,broad_joint,development,correlated,joint_triangular_l2,mixed_correlated150_after_observable_screen,unresolved,True,True,joint_triangular_l5,True,0,-567.8337460000002,-567.8337460000002,11.229065599662082,5056.820988,4488.987242
round-calibrated-p3-0021-ccdf8ce0a3a01a36,3,calibrated,broad_joint,development,correlated,joint_triangular_l3,mixed_correlated150_after_observable_screen,unresolved,True,True,joint_triangular_l5,True,0,-388.98951900000066,-388.98951900000066,7.692372736212837,5056.820988,4667.831469
round-calibrated-p3-0022-953166761c28a5db,3,calibrated,smoothed_joint,development,extreme,joint_triangular_l1,mixed_extreme150_after_observable_screen,unresolved,True,True,joint_triangular_l5,True,0,-389.93451600000026,-389.93451600000026,7.48582533595356,5208.971603,4819.037087
round-calibrated-p3-0022-953166761c28a5db,3,calibrated,smoothed_joint,development,extreme,joint_triangular_l2,mixed_extreme150_after_observable_screen,unresolved,True,True,joint_triangular_l5,True,0,-247.09123900000031,-247.09123900000031,4.743570474788021,5208.971603,4961.880364
round-calibrated-p3-0022-953166761c28a5db,3,calibrated,smoothed_joint,development,extreme,joint_triangular_l3,mixed_extreme150_after_observable_screen,unresolved,True,True,joint_triangular_l5,True,0,-172.70989199999985,-172.70989199999985,3.3156236041012614,5208.971603,5036.261711
round-calibrated-p3-0024-f512ccda82273f03,3,calibrated,smoothed_joint,development,correlated,joint_triangular_l1,mixed_correlated150_after_observable_screen,unresolved,True,True,joint_triangular_l5,True,0,-305.96299700000054,-305.96299700000054,6.5554407274578645,4667.313911,4361.350914
round-calibrated-p3-0024-f512ccda82273f03,3,calibrated,smoothed_joint,development,correlated,joint_triangular_l2,mixed_correlated150_after_observable_screen,unresolved,True,True,joint_triangular_l5,True,0,-254.260851,-254.260851,5.447691238439179,4667.313911,4413.05306
round-calibrated-p3-0024-f512ccda82273f03,3,calibrated,smoothed_joint,development,correlated,joint_triangular_l3,mixed_correlated150_after_observable_screen,unresolved,True,True,joint_triangular_l5,True,0,-169.06694200000038,-169.06694200000038,3.622360638772136,4667.313911,4498.246969
round-calibrated-p3-0025-49e8222310de5d5a,3,calibrated,broad_joint,development,correlated,joint_triangular_l1,mixed_correlated150_after_observable_screen,unresolved,True,True,joint_triangular_l5,True,0,-777.1643510000004,-777.1643510000004,14.415218131288338,5391.277079,4614.112728
round-calibrated-p3-0025-49e8222310de5d5a,3,calibrated,broad_joint,development,correlated,joint_triangular_l2,mixed_correlated150_after_observable_screen,unresolved,True,True,joint_triangular_l5,True,0,-597.9959390000004,-597.9959390000004,11.091916260978364,5391.277079,4793.28114
round-calibrated-p3-0025-49e8222310de5d5a,3,calibrated,broad_joint,development,correlated,joint_triangular_l3,mixed_correlated150_after_observable_screen,unresolved,True,True,joint_triangular_l5,True,0,-378.2163850000006,-378.2163850000006,7.015339398400091,5391.277079,5013.060694
round-calibrated-p3-0027-a6df342d2dd9d763,3,calibrated,broad_joint,development,extreme,joint_triangular_l1,mixed_extreme150_after_observable_screen,unresolved,True,True,joint_triangular_l5,True,0,-687.003455,-687.003455,13.659178735980067,5029.610259,4342.606804
round-calibrated-p3-0027-a6df342d2dd9d763,3,calibrated,broad_joint,development,extreme,joint_triangular_l2,mixed_extreme150_after_observable_screen,unresolved,True,True,joint_triangular_l5,True,0,-416.79205600000023,-416.79205600000023,8.286766459770739,5029.610259,4612.818203
round-calibrated-p3-0027-a6df342d2dd9d763,3,calibrated,broad_joint,development,extreme,joint_triangular_l3,mixed_extreme150_after_observable_screen,unresolved,True,True,joint_triangular_l5,True,0,-238.3194279999998,-238.3194279999998,4.738327936514569,5029.610259,4791.290831
round-calibrated-p3-0028-b81dcd01afa0692f,3,calibrated,smoothed_joint,development,correlated,joint_triangular_l1,mixed_correlated150_after_observable_screen,unresolved,True,True,joint_triangular_l5,True,0,-292.35343099999955,-292.35343099999955,5.344583620204849,5470.08807,5177.734639
round-calibrated-p3-0028-b81dcd01afa0692f,3,calibrated,smoothed_joint,development,correlated,joint_triangular_l2,mixed_correlated150_after_observable_screen,unresolved,True,True,joint_triangular_l5,True,0,-207.57093499999974,-207.57093499999974,3.79465435188139,5470.08807,5262.517135
round-calibrated-p3-0028-b81dcd01afa0692f,3,calibrated,smoothed_joint,development,correlated,joint_triangular_l3,mixed_correlated150_after_observable_screen,unresolved,True,True,joint_triangular_l5,True,0,-125.79829199999949,-125.79829199999949,2.29974893256151,5470.08807,5344.289778
round-calibrated-p3-0029-ef68cf79d6606e60,3,calibrated,broad_joint,development,correlated,joint_triangular_l1,mixed_correlated150_after_observable_screen,unresolved,True,True,joint_triangular_l5,True,0,-341.62420999999995,-341.62420999999995,6.3863554692236395,5349.282727,5007.658517
round-calibrated-p3-0029-ef68cf79d6606e60,3,calibrated,broad_joint,development,correlated,joint_triangular_l2,mixed_correlated150_after_observable_screen,unresolved,True,True,joint_triangular_l5,True,0,-247.8930989999999,-247.8930989999999,4.6341371666295155,5349.282727,5101.389628
round-calibrated-p3-0029-ef68cf79d6606e60,3,calibrated,broad_joint,development,correlated,joint_triangular_l3,mixed_correlated150_after_observable_screen,unresolved,True,True,joint_triangular_l5,True,0,-144.65509500000007,-144.65509500000007,2.704196102215109,5349.282727,5204.627632
round-calibrated-p3-0030-e1dd9b7baa4b2b4b,3,calibrated,smoothed_joint,development,extreme,joint_triangular_l1,mixed_extreme150_after_observable_screen,unresolved,True,True,joint_triangular_l5,True,0,-246.5172309999998,-246.5172309999998,5.633143890859937,4376.192687,4129.675456
round-calibrated-p3-0030-e1dd9b7baa4b2b4b,3,calibrated,smoothed_joint,development,extreme,joint_triangular_l2,mixed_extreme150_after_observable_screen,unresolved,True,True,joint_triangular_l5,True,0,-146.92578199999934,-146.92578199999934,3.357388316937228,4376.192687,4229.266905
round-calibrated-p3-0030-e1dd9b7baa4b2b4b,3,calibrated,smoothed_joint,development,extreme,joint_triangular_l3,mixed_extreme150_after_observable_screen,unresolved,True,True,joint_triangular_l5,True,0,-120.96268299999974,-120.96268299999974,2.764107790759163,4376.192687,4255.230004
round-calibrated-p3-0032-7ab75519f5f457cd,3,calibrated,smoothed_joint,development,correlated,joint_triangular_l1,mixed_correlated150_after_observable_screen,unresolved,True,True,joint_triangular_l5,True,0,-768.7878140000003,-768.7878140000003,13.377593433868768,5746.831953,4978.044139
round-calibrated-p3-0032-7ab75519f5f457cd,3,calibrated,smoothed_joint,development,correlated,joint_triangular_l2,mixed_correlated150_after_observable_screen,unresolved,True,True,joint_triangular_l5,True,0,-567.9267879999998,-567.9267879999998,9.882432488799795,5746.831953,5178.905165
round-calibrated-p3-0032-7ab75519f5f457cd,3,calibrated,smoothed_joint,development,correlated,joint_triangular_l3,mixed_correlated150_after_observable_screen,unresolved,True,True,joint_triangular_l5,True,0,-326.38066400000025,-326.38066400000025,5.679314562689115,5746.831953,5420.451289
round-calibrated-p3-0034-ae17cc4195e49975,3,calibrated,smoothed_joint,development,extreme,joint_triangular_l1,mixed_extreme150_after_observable_screen,unresolved,True,True,joint_triangular_l5,True,0,-460.5226590000002,-460.5226590000002,9.79851436481732,4699.923293,4239.400634
round-calibrated-p3-0034-ae17cc4195e49975,3,calibrated,smoothed_joint,development,extreme,joint_triangular_l2,mixed_extreme150_after_observable_screen,unresolved,True,True,joint_triangular_l5,True,0,-273.2555569999995,-273.2555569999995,5.81404291016797,4699.923293,4426.667736
round-calibrated-p3-0034-ae17cc4195e49975,3,calibrated,smoothed_joint,development,extreme,joint_triangular_l3,mixed_extreme150_after_observable_screen,unresolved,True,True,joint_triangular_l5,True,0,-145.6671639999995,-145.6671639999995,3.099351945104171,4699.923293,4554.256129
round-calibrated-p3-0035-12bc029d7417ec3c,3,calibrated,broad_joint,development,extreme,joint_triangular_l1,mixed_extreme150_after_observable_screen,unresolved,True,True,joint_triangular_l5,True,0,-415.30288400000063,-415.30288400000063,8.792434668963365,4723.411656,4308.108772
round-calibrated-p3-0035-12bc029d7417ec3c,3,calibrated,broad_joint,development,extreme,joint_triangular_l2,mixed_extreme150_after_observable_screen,unresolved,True,True,joint_triangular_l5,True,0,-259.4046580000004,-259.4046580000004,5.491891812361661,4723.411656,4464.006998
round-calibrated-p3-0035-12bc029d7417ec3c,3,calibrated,broad_joint,development,extreme,joint_triangular_l3,mixed_extreme150_after_observable_screen,unresolved,True,True,joint_triangular_l5,True,0,-200.214876,-200.214876,4.238776769449544,4723.411656,4523.19678
round-calibrated-p3-0036-1447e8d65a13dfd5,3,calibrated,smoothed_joint,development,correlated,joint_triangular_l1,mixed_correlated150_after_observable_screen,unresolved,True,True,joint_triangular_l5,True,0,-620.6123499999994,-620.6123499999994,12.99018121171587,4777.549596,4156.937246
round-calibrated-p3-0036-1447e8d65a13dfd5,3,calibrated,smoothed_joint,development,correlated,joint_triangular_l2,mixed_correlated150_after_observable_screen,unresolved,True,True,joint_triangular_l5,True,0,-504.94439799999964,-504.94439799999964,10.569108448874378,4777.549596,4272.605198
round-calibrated-p3-0036-1447e8d65a13dfd5,3,calibrated,smoothed_joint,development,correlated,joint_triangular_l3,mixed_correlated150_after_observable_screen,unresolved,True,True,joint_triangular_l5,True,0,-339.09347400000024,-339.09347400000024,7.097644245993931,4777.549596,4438.456122
round-calibrated-p3-0037-2483725d14273f35,3,calibrated,broad_joint,development,correlated,joint_triangular_l1,mixed_correlated150_after_observable_screen,unresolved,True,True,joint_triangular_l5,True,0,-449.88025700000026,-449.88025700000026,9.997870842303296,4499.76064,4049.880383
round-calibrated-p3-0037-2483725d14273f35,3,calibrated,broad_joint,development,correlated,joint_triangular_l2,mixed_correlated150_after_observable_screen,unresolved,True,True,joint_triangular_l5,True,0,-283.3669,-283.3669,6.297377186711868,4499.76064,4216.39374
round-calibrated-p3-0037-2483725d14273f35,3,calibrated,broad_joint,development,correlated,joint_triangular_l3,mixed_correlated150_after_observable_screen,unresolved,True,True,joint_triangular_l5,True,0,-209.67755300000044,-209.67755300000044,4.659749035006458,4499.76064,4290.083087
round-calibrated-p3-0039-4f3ee02fb242c510,3,calibrated,broad_joint,development,extreme,joint_triangular_l1,mixed_extreme150_after_observable_screen,unresolved,True,True,joint_triangular_l5,True,0,-420.5189929999997,-420.5189929999997,8.147341868617243,5161.42565,4740.906657
round-calibrated-p3-0039-4f3ee02fb242c510,3,calibrated,broad_joint,development,extreme,joint_triangular_l2,mixed_extreme150_after_observable_screen,unresolved,True,True,joint_triangular_l5,True,0,-340.78813400000035,-340.78813400000035,6.602596978220549,5161.42565,4820.637516
round-calibrated-p3-0039-4f3ee02fb242c510,3,calibrated,broad_joint,development,extreme,joint_triangular_l3,mixed_extreme150_after_observable_screen,unresolved,True,True,joint_triangular_l5,True,0,-246.6092550000003,-246.6092550000003,4.777929039818685,5161.42565,4914.816395
round-calibrated-p3-0040-35bcafaf44d91c9c,3,calibrated,smoothed_joint,development,correlated,joint_triangular_l1,mixed_correlated150_after_observable_screen,unresolved,True,True,joint_triangular_l5,True,0,-604.0341950000002,-604.0341950000002,11.917141473453915,5068.616466,4464.582271
round-calibrated-p3-0040-35bcafaf44d91c9c,3,calibrated,smoothed_joint,development,correlated,joint_triangular_l2,mixed_correlated150_after_observable_screen,unresolved,True,True,joint_triangular_l5,True,0,-455.499503,-455.499503,8.986663442686293,5068.616466,4613.116963
round-calibrated-p3-0040-35bcafaf44d91c9c,3,calibrated,smoothed_joint,development,correlated,joint_triangular_l3,mixed_correlated150_after_observable_screen,unresolved,True,True,joint_triangular_l5,True,0,-298.700296,-298.700296,5.893132731656954,5068.616466,4769.91617
round-calibrated-p3-0041-737e00b3f26ce861,3,calibrated,broad_joint,development,correlated,joint_triangular_l1,mixed_correlated150_after_observable_screen,unresolved,True,True,joint_triangular_l5,True,0,-345.18815500000073,-345.18815500000073,7.435495801841805,4642.436284,4297.248129
round-calibrated-p3-0041-737e00b3f26ce861,3,calibrated,broad_joint,development,correlated,joint_triangular_l2,mixed_correlated150_after_observable_screen,unresolved,True,True,joint_triangular_l5,True,0,-268.08102000000054,-268.08102000000054,5.774576183714846,4642.436284,4374.355264
round-calibrated-p3-0041-737e00b3f26ce861,3,calibrated,broad_joint,development,correlated,joint_triangular_l3,mixed_correlated150_after_observable_screen,unresolved,True,True,joint_triangular_l5,True,0,-195.69674200000009,-195.69674200000009,4.21538886111291,4642.436284,4446.739542
round-calibrated-p3-0042-1a622d11de2e9a65,3,calibrated,smoothed_joint,development,extreme,joint_triangular_l1,mixed_extreme150_after_observable_screen,unresolved,True,True,joint_triangular_l5,True,0,-255.7856359999996,-255.7856359999996,5.56173559430566,4599.02546,4343.239824
round-calibrated-p3-0042-1a622d11de2e9a65,3,calibrated,smoothed_joint,development,extreme,joint_triangular_l2,mixed_extreme150_after_observable_screen,unresolved,True,True,joint_triangular_l5,True,0,-252.74137599999995,-252.74137599999995,5.4955420055448,4599.02546,4346.284084
round-calibrated-p3-0042-1a622d11de2e9a65,3,calibrated,smoothed_joint,development,extreme,joint_triangular_l3,mixed_extreme150_after_observable_screen,unresolved,True,True,joint_triangular_l5,True,0,-148.7505369999999,-148.7505369999999,3.2343925532432234,4599.02546,4450.274923
round-calibrated-p3-0043-65ee72994de9626f,3,calibrated,broad_joint,development,extreme,joint_triangular_l1,mixed_extreme150_after_observable_screen,unresolved,True,True,joint_triangular_l5,True,0,-491.24870199999987,-491.24870199999987,9.613212407115899,5110.140931,4618.892229
round-calibrated-p3-0043-65ee72994de9626f,3,calibrated,broad_joint,development,extreme,joint_triangular_l2,mixed_extreme150_after_observable_screen,unresolved,True,True,joint_triangular_l5,True,0,-309.75415299999986,-309.75415299999986,6.0615579331856955,5110.140931,4800.386778
round-calibrated-p3-0043-65ee72994de9626f,3,calibrated,broad_joint,development,extreme,joint_triangular_l3,mixed_extreme150_after_observable_screen,unresolved,True,True,joint_triangular_l5,True,0,-177.96845399999984,-177.96845399999984,3.482652560918184,5110.140931,4932.172477
round-calibrated-p3-0044-4c484b2c48523007,3,calibrated,smoothed_joint,development,correlated,joint_triangular_l1,mixed_correlated150_after_observable_screen,unresolved,True,True,joint_triangular_l5,True,0,-766.256026,-766.256026,13.545524431148946,5656.894496,4890.63847
round-calibrated-p3-0044-4c484b2c48523007,3,calibrated,smoothed_joint,development,correlated,joint_triangular_l2,mixed_correlated150_after_observable_screen,unresolved,True,True,joint_triangular_l5,True,0,-568.3091969999996,-568.3091969999996,10.04631069930422,5656.894496,5088.585299
round-calibrated-p3-0044-4c484b2c48523007,3,calibrated,smoothed_joint,development,correlated,joint_triangular_l3,mixed_correlated150_after_observable_screen,unresolved,True,True,joint_triangular_l5,True,0,-390.40223499999956,-390.40223499999956,6.901352593301036,5656.894496,5266.492261
round-calibrated-p3-0046-4a3105709b9147bd,3,calibrated,smoothed_joint,development,extreme,joint_triangular_l1,mixed_extreme150_after_observable_screen,unresolved,True,True,joint_triangular_l5,True,0,-471.7694660000002,-471.7694660000002,10.458008811489238,4511.08308,4039.313614
round-calibrated-p3-0046-4a3105709b9147bd,3,calibrated,smoothed_joint,development,extreme,joint_triangular_l2,mixed_extreme150_after_observable_screen,unresolved,True,True,joint_triangular_l5,True,0,-302.994823,-302.994823,6.716675743422575,4511.08308,4208.088257
round-calibrated-p3-0046-4a3105709b9147bd,3,calibrated,smoothed_joint,development,extreme,joint_triangular_l3,mixed_extreme150_after_observable_screen,unresolved,True,True,joint_triangular_l5,True,0,-188.17250700000022,-188.17250700000022,4.171337651356229,4511.08308,4322.910573
round-calibrated-p3-0047-185da2dc7b0fabe6,3,calibrated,broad_joint,development,extreme,joint_triangular_l1,mixed_extreme150_after_observable_screen,unresolved,True,True,joint_triangular_l5,True,0,-189.51574600000004,-189.51574600000004,3.80110213007301,4985.810418,4796.294672
round-calibrated-p3-0047-185da2dc7b0fabe6,3,calibrated,broad_joint,development,extreme,joint_triangular_l2,mixed_extreme150_after_observable_screen,unresolved,True,True,joint_triangular_l5,True,0,-120.56784499999958,-120.56784499999958,2.4182196050760383,4985.810418,4865.242573
round-calibrated-p3-0047-185da2dc7b0fabe6,3,calibrated,broad_joint,development,extreme,joint_triangular_l3,mixed_extreme150_after_observable_screen,unresolved,True,True,joint_triangular_l5,True,0,-48.607568999999785,-48.607568999999785,0.9749181161103624,4985.810418,4937.202849
round-calibrated-p3-0048-1d5e663c5104e769,3,calibrated,smoothed_joint,development,correlated,joint_triangular_l1,mixed_correlated150_after_observable_screen,unresolved,True,True,joint_triangular_l5,True,0,-810.8093440000002,-810.8093440000002,16.118139806812643,5030.415133,4219.605789
round-calibrated-p3-0048-1d5e663c5104e769,3,calibrated,smoothed_joint,development,correlated,joint_triangular_l2,mixed_correlated150_after_observable_screen,unresolved,True,True,joint_triangular_l5,True,0,-623.4110060000003,-623.4110060000003,12.392834180033471,5030.415133,4407.004127
round-calibrated-p3-0048-1d5e663c5104e769,3,calibrated,smoothed_joint,development,correlated,joint_triangular_l3,mixed_correlated150_after_observable_screen,unresolved,True,True,joint_triangular_l5,True,0,-415.48559300000034,-415.48559300000034,8.259469288615476,5030.415133,4614.92954
round-calibrated-p3-0049-5b460062f4e0c36a,3,calibrated,broad_joint,development,correlated,joint_triangular_l1,mixed_correlated150_after_observable_screen,unresolved,True,True,joint_triangular_l5,True,0,-514.353775,-514.353775,11.32039474040973,4543.602823,4029.249048
round-calibrated-p3-0049-5b460062f4e0c36a,3,calibrated,broad_joint,development,correlated,joint_triangular_l2,mixed_correlated150_after_observable_screen,unresolved,True,True,joint_triangular_l5,True,0,-457.02433500000006,-457.02433500000006,10.05863304526783,4543.602823,4086.578488
round-calibrated-p3-0049-5b460062f4e0c36a,3,calibrated,broad_joint,development,correlated,joint_triangular_l3,mixed_correlated150_after_observable_screen,unresolved,True,True,joint_triangular_l5,True,0,-286.1450100000002,-286.1450100000002,6.297755793079367,4543.602823,4257.457813
round-calibrated-p3-0050-89b5125ab7f35d09,3,calibrated,smoothed_joint,development,extreme,joint_triangular_l1,mixed_extreme150_after_observable_screen,unresolved,True,True,joint_triangular_l5,True,0,-418.9627209999999,-418.9627209999999,10.37355975598935,4038.755556,3619.792835
round-calibrated-p3-0050-89b5125ab7f35d09,3,calibrated,smoothed_joint,development,extreme,joint_triangular_l2,mixed_extreme150_after_observable_screen,unresolved,True,True,joint_triangular_l5,True,0,-276.2177059999999,-276.2177059999999,6.839178607619596,4038.755556,3762.53785
round-calibrated-p3-0050-89b5125ab7f35d09,3,calibrated,smoothed_joint,development,extreme,joint_triangular_l3,mixed_extreme150_after_observable_screen,unresolved,True,True,joint_triangular_l5,True,0,-148.57705600000008,-148.57705600000008,3.6787830790916054,4038.755556,3890.1785
round-calibrated-p3-0051-7e852ba312fcae9b,3,calibrated,broad_joint,development,extreme,joint_triangular_l1,mixed_extreme150_after_observable_screen,unresolved,True,True,joint_triangular_l5,True,0,-130.55553099999997,-130.55553099999997,2.7530448086770267,4742.22325,4611.667719
round-calibrated-p3-0051-7e852ba312fcae9b,3,calibrated,broad_joint,development,extreme,joint_triangular_l2,mixed_extreme150_after_observable_screen,unresolved,True,True,joint_triangular_l5,True,0,-107.90040099999987,-107.90040099999987,2.2753125551396147,4742.22325,4634.322849
round-calibrated-p3-0051-7e852ba312fcae9b,3,calibrated,broad_joint,development,extreme,joint_triangular_l3,mixed_extreme150_after_observable_screen,unresolved,True,True,joint_triangular_l5,True,0,-69.49026799999956,-69.49026799999956,1.4653521004098564,4742.22325,4672.732982
round-calibrated-p3-0052-64aca3d604b60e46,3,calibrated,smoothed_joint,development,correlated,joint_triangular_l1,mixed_correlated150_after_observable_screen,unresolved,True,True,joint_triangular_l5,True,0,-791.3382670000001,-791.3382670000001,14.697804541386791,5384.057631,4592.719364
round-calibrated-p3-0052-64aca3d604b60e46,3,calibrated,smoothed_joint,development,correlated,joint_triangular_l2,mixed_correlated150_after_observable_screen,unresolved,True,True,joint_triangular_l5,True,0,-595.1648029999997,-595.1648029999997,11.054205652874069,5384.057631,4788.892828
round-calibrated-p3-0052-64aca3d604b60e46,3,calibrated,smoothed_joint,development,correlated,joint_triangular_l3,mixed_correlated150_after_observable_screen,unresolved,True,True,joint_triangular_l5,True,0,-434.99030199999925,-434.99030199999925,8.079228192050518,5384.057631,4949.067329
round-calibrated-p3-0053-088eb7b7c297b19d,3,calibrated,broad_joint,development,correlated,joint_triangular_l1,mixed_correlated150_after_observable_screen,unresolved,True,True,joint_triangular_l5,True,0,-499.2266129999998,-499.2266129999998,9.512534552873214,5248.092506,4748.865893
round-calibrated-p3-0053-088eb7b7c297b19d,3,calibrated,broad_joint,development,correlated,joint_triangular_l2,mixed_correlated150_after_observable_screen,unresolved,True,True,joint_triangular_l5,True,0,-329.2574880000002,-329.2574880000002,6.273850691914617,5248.092506,4918.835018
round-calibrated-p3-0053-088eb7b7c297b19d,3,calibrated,broad_joint,development,correlated,joint_triangular_l3,mixed_correlated150_after_observable_screen,unresolved,True,True,joint_triangular_l5,True,0,-242.8015459999997,-242.8015459999997,4.6264722986954085,5248.092506,5005.29096
round-calibrated-p3-0054-3d237f82b8c1fdf0,3,calibrated,smoothed_joint,development,extreme,joint_triangular_l1,mixed_extreme150_after_observable_screen,unresolved,True,True,joint_triangular_l5,True,0,-291.57953199999974,-291.57953199999974,5.609685094419492,5197.787881,4906.208349
round-calibrated-p3-0054-3d237f82b8c1fdf0,3,calibrated,smoothed_joint,development,extreme,joint_triangular_l2,mixed_extreme150_after_observable_screen,unresolved,True,True,joint_triangular_l5,True,0,-197.0834329999998,-197.0834329999998,3.791679027926838,5197.787881,5000.704448
round-calibrated-p3-0054-3d237f82b8c1fdf0,3,calibrated,smoothed_joint,development,extreme,joint_triangular_l3,mixed_extreme150_after_observable_screen,unresolved,True,True,joint_triangular_l5,True,0,-100.9566850000001,-100.9566850000001,1.942300980943014,5197.787881,5096.831196
round-calibrated-p3-0056-95b68e6ba374c3d3,3,calibrated,smoothed_joint,development,correlated,joint_triangular_l1,mixed_correlated150_after_observable_screen,unresolved,True,True,joint_triangular_l5,True,0,-664.8958709999997,-664.8958709999997,13.353293783030805,4979.264905,4314.369034
round-calibrated-p3-0056-95b68e6ba374c3d3,3,calibrated,smoothed_joint,development,correlated,joint_triangular_l2,mixed_correlated150_after_observable_screen,unresolved,True,True,joint_triangular_l5,True,0,-457.13433199999963,-457.13433199999963,9.180759423764774,4979.264905,4522.130573
round-calibrated-p3-0056-95b68e6ba374c3d3,3,calibrated,smoothed_joint,development,correlated,joint_triangular_l3,mixed_correlated150_after_observable_screen,unresolved,True,True,joint_triangular_l5,True,0,-285.9001680000001,-285.9001680000001,5.741814774966269,4979.264905,4693.364737
round-calibrated-p3-0057-1e5472b26de35d27,3,calibrated,broad_joint,development,correlated,joint_triangular_l1,mixed_correlated150_after_observable_screen,unresolved,True,True,joint_triangular_l5,True,0,-834.7725890000002,-834.7725890000002,13.446621024253231,6208.047267,5373.274678
round-calibrated-p3-0057-1e5472b26de35d27,3,calibrated,broad_joint,development,correlated,joint_triangular_l2,mixed_correlated150_after_observable_screen,unresolved,True,True,joint_triangular_l5,True,0,-738.7580029999999,-738.7580029999999,11.900006092527708,6208.047267,5469.289264
round-calibrated-p3-0057-1e5472b26de35d27,3,calibrated,broad_joint,development,correlated,joint_triangular_l3,mixed_correlated150_after_observable_screen,unresolved,True,True,joint_triangular_l5,True,0,-487.66060000000016,-487.66060000000016,7.855297793756313,6208.047267,5720.386667
round-calibrated-p3-0059-48a31322d1dfed54,3,calibrated,broad_joint,development,extreme,joint_triangular_l1,mixed_extreme150_after_observable_screen,unresolved,True,True,joint_triangular_l5,True,0,-226.03013699999974,-226.03013699999974,5.302342785078085,4262.835244,4036.805107
round-calibrated-p3-0059-48a31322d1dfed54,3,calibrated,broad_joint,development,extreme,joint_triangular_l2,mixed_extreme150_after_observable_screen,unresolved,True,True,joint_triangular_l5,True,0,-129.92763000000014,-129.92763000000014,3.047915825104315,4262.835244,4132.907614
round-calibrated-p3-0059-48a31322d1dfed54,3,calibrated,broad_joint,development,extreme,joint_triangular_l3,mixed_extreme150_after_observable_screen,unresolved,True,True,joint_triangular_l5,True,0,-93.33279799999946,-93.33279799999946,2.1894535598429865,4262.835244,4169.502446
round-calibrated-p3-0060-278235e31f1cb6a2,3,calibrated,smoothed_joint,development,correlated,joint_triangular_l1,mixed_correlated150_after_observable_screen,unresolved,True,True,joint_triangular_l5,True,0,-726.3873899999999,-726.3873899999999,13.414251138284339,5415.042424,4688.655034
round-calibrated-p3-0060-278235e31f1cb6a2,3,calibrated,smoothed_joint,development,correlated,joint_triangular_l2,mixed_correlated150_after_observable_screen,unresolved,True,True,joint_triangular_l5,True,0,-537.0434510000005,-537.0434510000005,9.917622226185545,5415.042424,4877.998973
round-calibrated-p3-0060-278235e31f1cb6a2,3,calibrated,smoothed_joint,development,correlated,joint_triangular_l3,mixed_correlated150_after_observable_screen,unresolved,True,True,joint_triangular_l5,True,0,-377.9623870000005,-377.9623870000005,6.979860126761593,5415.042424,5037.080037
round-calibrated-p3-0062-0ca407dac82f23e2,3,calibrated,smoothed_joint,development,extreme,joint_triangular_l1,mixed_extreme150_after_observable_screen,unresolved,True,True,joint_triangular_l5,True,0,-336.93042400000013,-336.93042400000013,7.351318026357025,4583.265515,4246.335091
round-calibrated-p3-0062-0ca407dac82f23e2,3,calibrated,smoothed_joint,development,extreme,joint_triangular_l2,mixed_extreme150_after_observable_screen,unresolved,True,True,joint_triangular_l5,True,0,-161.36505800000032,-161.36505800000032,3.520744270038222,4583.265515,4421.900457
round-calibrated-p3-0062-0ca407dac82f23e2,3,calibrated,smoothed_joint,development,extreme,joint_triangular_l3,mixed_extreme150_after_observable_screen,unresolved,True,True,joint_triangular_l5,True,0,-60.58816999999999,-60.58816999999999,1.321943269524938,4583.265515,4522.677345
round-calibrated-p3-0063-967019d3c0836b02,3,calibrated,broad_joint,development,extreme,joint_triangular_l1,mixed_extreme150_after_observable_screen,unresolved,True,True,joint_triangular_l5,True,0,-887.7103789999992,-887.7103789999992,16.433438738352812,5401.854068,4514.143689
round-calibrated-p3-0063-967019d3c0836b02,3,calibrated,broad_joint,development,extreme,joint_triangular_l2,mixed_extreme150_after_observable_screen,unresolved,True,True,joint_triangular_l5,True,0,-634.0158109999993,-634.0158109999993,11.737003684639326,5401.854068,4767.838257
round-calibrated-p3-0063-967019d3c0836b02,3,calibrated,broad_joint,development,extreme,joint_triangular_l3,mixed_extreme150_after_observable_screen,unresolved,True,True,joint_triangular_l5,True,0,-342.0942239999995,-342.0942239999995,6.332903845487585,5401.854068,5059.759844
round-calibrated-p3-0065-f69eb3818b7864b8,3,calibrated,broad_joint,development,correlated,joint_triangular_l1,mixed_correlated150_after_observable_screen,unresolved,True,True,joint_triangular_l5,True,0,-526.9384069999996,-526.9384069999996,9.101417930463278,5789.629825,5262.691418
round-calibrated-p3-0065-f69eb3818b7864b8,3,calibrated,broad_joint,development,correlated,joint_triangular_l2,mixed_correlated150_after_observable_screen,unresolved,True,True,joint_triangular_l5,True,0,-364.5298620000003,-364.5298620000003,6.29625508052236,5789.629825,5425.099963
round-calibrated-p3-0065-f69eb3818b7864b8,3,calibrated,broad_joint,development,correlated,joint_triangular_l3,mixed_correlated150_after_observable_screen,unresolved,True,True,joint_triangular_l5,True,0,-194.55393900000036,-194.55393900000036,3.360386499321662,5789.629825,5595.075886
round-calibrated-p3-0066-df796298f6747443,3,calibrated,smoothed_joint,development,extreme,joint_triangular_l1,mixed_extreme150_after_observable_screen,unresolved,True,True,joint_triangular_l5,True,0,-230.1038209999997,-230.1038209999997,5.049843866874005,4556.652187,4326.548366
round-calibrated-p3-0066-df796298f6747443,3,calibrated,smoothed_joint,development,extreme,joint_triangular_l2,mixed_extreme150_after_observable_screen,unresolved,True,True,joint_triangular_l5,True,0,-131.76364299999932,-131.76364299999932,2.891676555342918,4556.652187,4424.888544
round-calibrated-p3-0066-df796298f6747443,3,calibrated,smoothed_joint,development,extreme,joint_triangular_l3,mixed_extreme150_after_observable_screen,unresolved,True,True,joint_triangular_l5,True,0,-90.5868359999995,-90.5868359999995,1.9880129595680176,4556.652187,4466.065351
round-calibrated-p3-0067-acf332b41feb9589,3,calibrated,broad_joint,development,extreme,joint_triangular_l1,mixed_extreme150_after_observable_screen,unresolved,True,True,joint_triangular_l5,True,0,-667.4075620000003,-667.4075620000003,14.173643487345597,4708.793209,4041.385647
round-calibrated-p3-0067-acf332b41feb9589,3,calibrated,broad_joint,development,extreme,joint_triangular_l2,mixed_extreme150_after_observable_screen,unresolved,True,True,joint_triangular_l5,True,0,-449.39872900000046,-449.39872900000046,9.543819595667456,4708.793209,4259.39448
round-calibrated-p3-0067-acf332b41feb9589,3,calibrated,broad_joint,development,extreme,joint_triangular_l3,mixed_extreme150_after_observable_screen,unresolved,True,True,joint_triangular_l5,True,0,-273.92403000000013,-273.92403000000013,5.817287314219793,4708.793209,4434.869179
round-calibrated-p3-0068-82e7a9cf39d24ff2,3,calibrated,smoothed_joint,development,correlated,joint_triangular_l1,mixed_correlated150_after_observable_screen,unresolved,True,True,joint_triangular_l5,True,0,-381.89877999999953,-381.89877999999953,8.467810965773015,4510.005969,4128.107189
round-calibrated-p3-0068-82e7a9cf39d24ff2,3,calibrated,smoothed_joint,development,correlated,joint_triangular_l2,mixed_correlated150_after_observable_screen,unresolved,True,True,joint_triangular_l5,True,0,-307.8377499999997,-307.8377499999997,6.825661697921351,4510.005969,4202.168219
round-calibrated-p3-0068-82e7a9cf39d24ff2,3,calibrated,smoothed_joint,development,correlated,joint_triangular_l3,mixed_correlated150_after_observable_screen,unresolved,True,True,joint_triangular_l5,True,0,-275.4708759999994,-275.4708759999994,6.1079936011942655,4510.005969,4234.535093
round-calibrated-p3-0071-bc6625a0195bd1cc,3,calibrated,broad_joint,development,extreme,joint_triangular_l1,mixed_extreme150_after_observable_screen,unresolved,True,True,joint_triangular_l5,True,0,-196.88434099999995,-196.88434099999995,4.466481991357469,4408.040632,4211.156291
round-calibrated-p3-0071-bc6625a0195bd1cc,3,calibrated,broad_joint,development,extreme,joint_triangular_l2,mixed_extreme150_after_observable_screen,unresolved,True,True,joint_triangular_l5,True,0,-104.53266900000017,-104.53266900000017,2.3714089257968567,4408.040632,4303.507963
round-calibrated-p3-0071-bc6625a0195bd1cc,3,calibrated,broad_joint,development,extreme,joint_triangular_l3,mixed_extreme150_after_observable_screen,unresolved,True,True,joint_triangular_l5,True,0,-49.46372100000008,-49.46372100000008,1.122124887890554,4408.040632,4358.576911
round-calibrated-p3-0072-09ccf0797f344838,3,calibrated,smoothed_joint,development,correlated,joint_triangular_l1,mixed_correlated150_after_observable_screen,unresolved,True,True,joint_triangular_l5,True,0,-177.44182899999942,-177.44182899999942,3.877681450710351,4575.977456,4398.535627
round-calibrated-p3-0072-09ccf0797f344838,3,calibrated,smoothed_joint,development,correlated,joint_triangular_l2,mixed_correlated150_after_observable_screen,unresolved,True,True,joint_triangular_l5,True,0,-140.75449799999933,-140.75449799999933,3.075943868898277,4575.977456,4435.222958
round-calibrated-p3-0072-09ccf0797f344838,3,calibrated,smoothed_joint,development,correlated,joint_triangular_l3,mixed_correlated150_after_observable_screen,unresolved,True,True,joint_triangular_l5,True,0,-103.56670799999938,-103.56670799999938,2.263269629184978,4575.977456,4472.410748
round-calibrated-p3-0074-1a95858a9e7a1c8c,3,calibrated,smoothed_joint,development,extreme,joint_triangular_l1,mixed_extreme150_after_observable_screen,unresolved,True,True,joint_triangular_l5,True,0,-298.7687299999998,-298.7687299999998,5.685546123319126,5254.881827,4956.113097
round-calibrated-p3-0074-1a95858a9e7a1c8c,3,calibrated,smoothed_joint,development,extreme,joint_triangular_l2,mixed_extreme150_after_observable_screen,unresolved,True,True,joint_triangular_l5,True,0,-126.9279260000003,-126.9279260000003,2.41542874185742,5254.881827,5127.953901
round-calibrated-p3-0074-1a95858a9e7a1c8c,3,calibrated,smoothed_joint,development,extreme,joint_triangular_l3,mixed_extreme150_after_observable_screen,unresolved,True,True,joint_triangular_l5,True,0,-76.77731500000027,-76.77731500000027,1.4610664431217526,5254.881827,5178.104512
round-calibrated-p3-0075-efa438955a1a1eab,3,calibrated,broad_joint,development,extreme,joint_triangular_l1,mixed_extreme150_after_observable_screen,unresolved,True,True,joint_triangular_l5,True,0,-322.66147400000045,-322.66147400000045,7.191712290429384,4486.573725,4163.912251
round-calibrated-p3-0075-efa438955a1a1eab,3,calibrated,broad_joint,development,extreme,joint_triangular_l2,mixed_extreme150_after_observable_screen,unresolved,True,True,joint_triangular_l5,True,0,-255.8477010000006,-255.8477010000006,5.702518596192255,4486.573725,4230.726024
round-calibrated-p3-0075-efa438955a1a1eab,3,calibrated,broad_joint,development,extreme,joint_triangular_l3,mixed_extreme150_after_observable_screen,unresolved,True,True,joint_triangular_l5,True,0,-128.97182500000054,-128.97182500000054,2.874617311676975,4486.573725,4357.6019
round-calibrated-p3-0076-3cf4f394867197ac,3,calibrated,smoothed_joint,development,correlated,joint_triangular_l1,mixed_correlated150_after_observable_screen,unresolved,True,True,joint_triangular_l5,True,0,-761.6041430000005,-761.6041430000005,14.142423574326555,5385.244891,4623.640748
round-calibrated-p3-0076-3cf4f394867197ac,3,calibrated,smoothed_joint,development,correlated,joint_triangular_l2,mixed_correlated150_after_observable_screen,unresolved,True,True,joint_triangular_l5,True,0,-555.5020960000002,-555.5020960000002,10.315261557155436,5385.244891,4829.742795
round-calibrated-p3-0076-3cf4f394867197ac,3,calibrated,smoothed_joint,development,correlated,joint_triangular_l3,mixed_correlated150_after_observable_screen,unresolved,True,True,joint_triangular_l5,True,0,-364.782185,-364.782185,6.7737343868917845,5385.244891,5020.462706
round-calibrated-p3-0077-212137ffa0887519,3,calibrated,broad_joint,development,correlated,joint_triangular_l1,mixed_correlated150_after_observable_screen,unresolved,True,True,joint_triangular_l5,True,0,-333.34456299999965,-333.34456299999965,7.456826710795996,4470.327338,4136.982775
round-calibrated-p3-0077-212137ffa0887519,3,calibrated,broad_joint,development,correlated,joint_triangular_l2,mixed_correlated150_after_observable_screen,unresolved,True,True,joint_triangular_l5,True,0,-241.52766100000008,-241.52766100000008,5.40290772326436,4470.327338,4228.799677
round-calibrated-p3-0077-212137ffa0887519,3,calibrated,broad_joint,development,correlated,joint_triangular_l3,mixed_correlated150_after_observable_screen,unresolved,True,True,joint_triangular_l5,True,0,-180.0971470000004,-180.0971470000004,4.028723925182957,4470.327338,4290.230191
round-calibrated-p3-0078-fa1a02e53064a8df,3,calibrated,smoothed_joint,development,extreme,joint_triangular_l1,mixed_extreme150_after_observable_screen,unresolved,True,True,joint_triangular_l5,True,0,-82.6480419999998,-82.6480419999998,1.977032627390286,4180.408601,4097.760559
round-calibrated-p3-0078-fa1a02e53064a8df,3,calibrated,smoothed_joint,development,extreme,joint_triangular_l2,mixed_extreme150_after_observable_screen,unresolved,True,True,joint_triangular_l5,True,0,-140.9504320000001,-140.9504320000001,3.371690316738014,4180.408601,4039.458169
round-calibrated-p3-0078-fa1a02e53064a8df,3,calibrated,smoothed_joint,development,extreme,joint_triangular_l3,mixed_extreme150_after_observable_screen,unresolved,True,True,joint_triangular_l5,True,0,-99.90610400000014,-99.90610400000014,2.3898645691261255,4180.408601,4080.502497
round-calibrated-p3-0080-e9f8fad03667276f,3,calibrated,smoothed_joint,development,correlated,joint_triangular_l1,mixed_correlated150_after_observable_screen,unresolved,True,True,joint_triangular_l5,True,0,-598.0783780000002,-598.0783780000002,11.224026577675222,5328.554542,4730.476164
round-calibrated-p3-0080-e9f8fad03667276f,3,calibrated,smoothed_joint,development,correlated,joint_triangular_l2,mixed_correlated150_after_observable_screen,unresolved,True,True,joint_triangular_l5,True,0,-497.43033099999957,-497.43033099999957,9.335183248650692,5328.554542,4831.124211
round-calibrated-p3-0080-e9f8fad03667276f,3,calibrated,smoothed_joint,development,correlated,joint_triangular_l3,mixed_correlated150_after_observable_screen,unresolved,True,True,joint_triangular_l5,True,0,-356.743238,-356.743238,6.694934530333273,5328.554542,4971.811304
round-calibrated-p3-0081-70f98d1adf5ce6dc,3,calibrated,broad_joint,development,correlated,joint_triangular_l1,mixed_correlated150_after_observable_screen,unresolved,True,True,joint_triangular_l5,True,0,-440.13011000000006,-440.13011000000006,10.942932009469803,4022.049206,3581.919096
round-calibrated-p3-0081-70f98d1adf5ce6dc,3,calibrated,broad_joint,development,correlated,joint_triangular_l2,mixed_correlated150_after_observable_screen,unresolved,True,True,joint_triangular_l5,True,0,-327.292786,-327.292786,8.137463497755128,4022.049206,3694.75642
round-calibrated-p3-0081-70f98d1adf5ce6dc,3,calibrated,broad_joint,development,correlated,joint_triangular_l3,mixed_correlated150_after_observable_screen,unresolved,True,True,joint_triangular_l5,True,0,-244.93450100000018,-244.93450100000018,6.089793745800338,4022.049206,3777.114705
round-calibrated-p3-0082-8b9b6d8d44cbc51b,3,calibrated,smoothed_joint,development,extreme,joint_triangular_l1,mixed_extreme150_after_observable_screen,unresolved,True,True,joint_triangular_l5,True,0,-402.83048099999996,-402.83048099999996,7.83938262594213,5138.548534,4735.718053
round-calibrated-p3-0082-8b9b6d8d44cbc51b,3,calibrated,smoothed_joint,development,extreme,joint_triangular_l2,mixed_extreme150_after_observable_screen,unresolved,True,True,joint_triangular_l5,True,0,-249.21955399999933,-249.21955399999933,4.849999028928105,5138.548534,4889.32898
round-calibrated-p3-0082-8b9b6d8d44cbc51b,3,calibrated,smoothed_joint,development,extreme,joint_triangular_l3,mixed_extreme150_after_observable_screen,unresolved,True,True,joint_triangular_l5,True,0,-192.255271,-192.255271,3.741431451467536,5138.548534,4946.293263
round-calibrated-p3-0083-08d4024f4ddc3500,3,calibrated,broad_joint,development,extreme,joint_triangular_l1,mixed_extreme150_after_observable_screen,unresolved,True,True,joint_triangular_l5,True,0,-284.1774720000003,-284.1774720000003,5.906443288389953,4811.31297,4527.135498
round-calibrated-p3-0083-08d4024f4ddc3500,3,calibrated,broad_joint,development,extreme,joint_triangular_l2,mixed_extreme150_after_observable_screen,unresolved,True,True,joint_triangular_l5,True,0,-188.02707499999997,-188.02707499999997,3.9080200388626967,4811.31297,4623.285895
round-calibrated-p3-0083-08d4024f4ddc3500,3,calibrated,broad_joint,development,extreme,joint_triangular_l3,mixed_extreme150_after_observable_screen,unresolved,True,True,joint_triangular_l5,True,0,-74.26914599999964,-74.26914599999964,1.543635728190836,4811.31297,4737.043824
round-calibrated-p3-0084-9337a153907efa2a,3,calibrated,smoothed_joint,development,correlated,joint_triangular_l1,mixed_correlated150_after_observable_screen,unresolved,True,True,joint_triangular_l5,True,0,-392.3735609999999,-392.3735609999999,8.806957667294592,4455.267935,4062.894374
round-calibrated-p3-0084-9337a153907efa2a,3,calibrated,smoothed_joint,development,correlated,joint_triangular_l2,mixed_correlated150_after_observable_screen,unresolved,True,True,joint_triangular_l5,True,0,-336.52077999999983,-336.52077999999983,7.553323052836772,4455.267935,4118.747155
round-calibrated-p3-0084-9337a153907efa2a,3,calibrated,smoothed_joint,development,correlated,joint_triangular_l3,mixed_correlated150_after_observable_screen,unresolved,True,True,joint_triangular_l5,True,0,-199.9628619999994,-199.9628619999994,4.488234263737932,4455.267935,4255.305073
round-calibrated-p3-0085-e802bb9b90dfa9be,3,calibrated,broad_joint,development,correlated,joint_triangular_l1,mixed_correlated150_after_observable_screen,unresolved,True,True,joint_triangular_l5,True,0,-337.3696380000006,-337.3696380000006,7.910647979445562,4264.753518,3927.38388
round-calibrated-p3-0085-e802bb9b90dfa9be,3,calibrated,broad_joint,development,correlated,joint_triangular_l2,mixed_correlated150_after_observable_screen,unresolved,True,True,joint_triangular_l5,True,0,-227.1165590000005,-227.1165590000005,5.3254322445933315,4264.753518,4037.636959
round-calibrated-p3-0085-e802bb9b90dfa9be,3,calibrated,broad_joint,development,correlated,joint_triangular_l3,mixed_correlated150_after_observable_screen,unresolved,True,True,joint_triangular_l5,True,0,-164.87890200000038,-164.87890200000038,3.8660827947994054,4264.753518,4099.874616
round-calibrated-p3-0086-a23dc27698470c85,3,calibrated,smoothed_joint,development,extreme,joint_triangular_l1,mixed_extreme150_after_observable_screen,unresolved,True,True,joint_triangular_l5,True,0,-250.40013799999997,-250.40013799999997,5.038077731273401,4970.152335,4719.752197
round-calibrated-p3-0086-a23dc27698470c85,3,calibrated,smoothed_joint,development,extreme,joint_triangular_l2,mixed_extreme150_after_observable_screen,unresolved,True,True,joint_triangular_l5,True,0,-125.31483500000013,-125.31483500000013,2.5213479699108685,4970.152335,4844.8375
round-calibrated-p3-0086-a23dc27698470c85,3,calibrated,smoothed_joint,development,extreme,joint_triangular_l3,mixed_extreme150_after_observable_screen,unresolved,True,True,joint_triangular_l5,True,0,-100.68843899999956,-100.68843899999956,2.02586223144405,4970.152335,4869.463896
round-calibrated-p3-0087-60dde28187b611f9,3,calibrated,broad_joint,development,extreme,joint_triangular_l1,mixed_extreme150_after_observable_screen,unresolved,True,True,joint_triangular_l5,True,0,-486.4417169999997,-486.4417169999997,9.334899900710836,5211.000891,4724.559174
round-calibrated-p3-0087-60dde28187b611f9,3,calibrated,broad_joint,development,extreme,joint_triangular_l2,mixed_extreme150_after_observable_screen,unresolved,True,True,joint_triangular_l5,True,0,-321.8589259999999,-321.8589259999999,6.176527940263595,5211.000891,4889.141965
round-calibrated-p3-0087-60dde28187b611f9,3,calibrated,broad_joint,development,extreme,joint_triangular_l3,mixed_extreme150_after_observable_screen,unresolved,True,True,joint_triangular_l5,True,0,-154.1262229999993,-154.1262229999993,2.9577086288009102,5211.000891,5056.874668
round-calibrated-p3-0089-dc5e43d699d56047,3,calibrated,broad_joint,development,correlated,joint_triangular_l1,mixed_correlated150_after_observable_screen,unresolved,True,True,joint_triangular_l5,True,0,-162.1259399999999,-162.1259399999999,3.9544481522693653,4099.837291,3937.711351
round-calibrated-p3-0089-dc5e43d699d56047,3,calibrated,broad_joint,development,correlated,joint_triangular_l2,mixed_correlated150_after_observable_screen,unresolved,True,True,joint_triangular_l5,True,0,-141.2512959999999,-141.2512959999999,3.4452902877408342,4099.837291,3958.585995
round-calibrated-p3-0089-dc5e43d699d56047,3,calibrated,broad_joint,development,correlated,joint_triangular_l3,mixed_correlated150_after_observable_screen,unresolved,True,True,joint_triangular_l5,True,0,-94.77415099999962,-94.77415099999962,2.3116563969025967,4099.837291,4005.06314
round-calibrated-p3-0090-60aa82b7b89843e4,3,calibrated,smoothed_joint,development,extreme,joint_triangular_l1,mixed_extreme150_after_observable_screen,unresolved,True,True,joint_triangular_l5,True,0,-138.84791399999995,-138.84791399999995,3.262559513275068,4255.797126,4116.949212
round-calibrated-p3-0090-60aa82b7b89843e4,3,calibrated,smoothed_joint,development,extreme,joint_triangular_l2,mixed_extreme150_after_observable_screen,unresolved,True,True,joint_triangular_l5,True,0,-72.66906800000015,-72.66906800000015,1.7075313002126442,4255.797126,4183.128058
round-calibrated-p3-0090-60aa82b7b89843e4,3,calibrated,smoothed_joint,development,extreme,joint_triangular_l3,mixed_extreme150_after_observable_screen,unresolved,True,True,joint_triangular_l5,True,0,-35.337618000000475,-35.337618000000475,0.830340755298505,4255.797126,4220.459508
round-calibrated-p3-0091-633de3d49446e65b,3,calibrated,broad_joint,development,extreme,joint_triangular_l1,mixed_extreme150_after_observable_screen,unresolved,True,True,joint_triangular_l5,True,0,-380.2422770000003,-380.2422770000003,8.626671270234793,4407.752018,4027.509741
round-calibrated-p3-0091-633de3d49446e65b,3,calibrated,broad_joint,development,extreme,joint_triangular_l2,mixed_extreme150_after_observable_screen,unresolved,True,True,joint_triangular_l5,True,0,-229.4450850000003,-229.4450850000003,5.205489874725531,4407.752018,4178.306933
round-calibrated-p3-0091-633de3d49446e65b,3,calibrated,broad_joint,development,extreme,joint_triangular_l3,mixed_extreme150_after_observable_screen,unresolved,True,True,joint_triangular_l5,True,0,-178.73628699999972,-178.73628699999972,4.055044073942722,4407.752018,4229.015731
round-calibrated-p3-0092-1713f2b6afe92d8d,3,calibrated,smoothed_joint,development,correlated,joint_triangular_l1,mixed_correlated150_after_observable_screen,unresolved,True,True,joint_triangular_l5,True,0,-565.3851549999999,-565.3851549999999,13.035430296750123,4337.295679,3771.910524
round-calibrated-p3-0092-1713f2b6afe92d8d,3,calibrated,smoothed_joint,development,correlated,joint_triangular_l2,mixed_correlated150_after_observable_screen,unresolved,True,True,joint_triangular_l5,True,0,-483.82592099999965,-483.82592099999965,11.155013557008633,4337.295679,3853.469758
round-calibrated-p3-0092-1713f2b6afe92d8d,3,calibrated,smoothed_joint,development,correlated,joint_triangular_l3,mixed_correlated150_after_observable_screen,unresolved,True,True,joint_triangular_l5,True,0,-263.9514369999997,-263.9514369999997,6.0856223908824205,4337.295679,4073.344242
round-calibrated-p3-0093-dae9e315f72ef2a0,3,calibrated,broad_joint,development,correlated,joint_triangular_l1,mixed_correlated150_after_observable_screen,unresolved,True,True,joint_triangular_l5,True,0,-561.4687799999997,-561.4687799999997,13.082562847377893,4291.733864,3730.265084
round-calibrated-p3-0093-dae9e315f72ef2a0,3,calibrated,broad_joint,development,correlated,joint_triangular_l2,mixed_correlated150_after_observable_screen,unresolved,True,True,joint_triangular_l5,True,0,-365.14590999999973,-365.14590999999973,8.50812099657258,4291.733864,3926.587954
round-calibrated-p3-0093-dae9e315f72ef2a0,3,calibrated,broad_joint,development,correlated,joint_triangular_l3,mixed_correlated150_after_observable_screen,unresolved,True,True,joint_triangular_l5,True,0,-229.7371579999999,-229.7371579999999,5.35301501165031,4291.733864,4061.996706
round-calibrated-p3-0094-8d91c8b29f64cbb4,3,calibrated,smoothed_joint,development,extreme,joint_triangular_l1,mixed_extreme150_after_observable_screen,unresolved,True,True,joint_triangular_l5,True,0,-476.98964499999965,-476.98964499999965,9.896783899193105,4819.642925,4342.65328
round-calibrated-p3-0094-8d91c8b29f64cbb4,3,calibrated,smoothed_joint,development,extreme,joint_triangular_l2,mixed_extreme150_after_observable_screen,unresolved,True,True,joint_triangular_l5,True,0,-272.68186500000047,-272.68186500000047,5.6577192386093715,4819.642925,4546.96106
round-calibrated-p3-0094-8d91c8b29f64cbb4,3,calibrated,smoothed_joint,development,extreme,joint_triangular_l3,mixed_extreme150_after_observable_screen,unresolved,True,True,joint_triangular_l5,True,0,-201.57221300000037,-201.57221300000037,4.1823059537133735,4819.642925,4618.070712
round-calibrated-p3-0095-8084b06361000839,3,calibrated,broad_joint,development,extreme,joint_triangular_l1,mixed_extreme150_after_observable_screen,unresolved,True,True,joint_triangular_l5,True,0,-310.89950599999975,-310.89950599999975,6.3767932136850245,4875.483579,4564.584073
round-calibrated-p3-0095-8084b06361000839,3,calibrated,broad_joint,development,extreme,joint_triangular_l2,mixed_extreme150_after_observable_screen,unresolved,True,True,joint_triangular_l5,True,0,-280.6149459999997,-280.6149459999997,5.75563308650413,4875.483579,4594.868633
round-calibrated-p3-0095-8084b06361000839,3,calibrated,broad_joint,development,extreme,joint_triangular_l3,mixed_extreme150_after_observable_screen,unresolved,True,True,joint_triangular_l5,True,0,-184.88902599999983,-184.88902599999983,3.7922192333159703,4875.483579,4690.594553
round-calibrated-p3-0096-44547648453d07be,3,calibrated,smoothed_joint,development,correlated,joint_triangular_l1,mixed_correlated150_after_observable_screen,unresolved,True,True,joint_triangular_l5,True,0,-343.9782180000002,-343.9782180000002,8.01979907140556,4289.112669,3945.134451
round-calibrated-p3-0096-44547648453d07be,3,calibrated,smoothed_joint,development,correlated,joint_triangular_l2,mixed_correlated150_after_observable_screen,unresolved,True,True,joint_triangular_l5,True,0,-261.1154740000002,-261.1154740000002,6.087866982073913,4289.112669,4027.997195
round-calibrated-p3-0096-44547648453d07be,3,calibrated,smoothed_joint,development,correlated,joint_triangular_l3,mixed_correlated150_after_observable_screen,unresolved,True,True,joint_triangular_l5,True,0,-186.24815500000022,-186.24815500000022,4.342346992797084,4289.112669,4102.864514
round-calibrated-p3-0098-cf7d93b9808bbc5d,3,calibrated,smoothed_joint,development,extreme,joint_triangular_l1,mixed_extreme150_after_observable_screen,unresolved,True,True,joint_triangular_l5,True,0,-238.08412899999985,-238.08412899999985,4.763815495497717,4997.761337,4759.677208
round-calibrated-p3-0098-cf7d93b9808bbc5d,3,calibrated,smoothed_joint,development,extreme,joint_triangular_l2,mixed_extreme150_after_observable_screen,unresolved,True,True,joint_triangular_l5,True,0,-182.6749319999999,-182.6749319999999,3.6551351631699553,4997.761337,4815.086405
round-calibrated-p3-0098-cf7d93b9808bbc5d,3,calibrated,smoothed_joint,development,extreme,joint_triangular_l3,mixed_extreme150_after_observable_screen,unresolved,True,True,joint_triangular_l5,True,0,-123.87837500000023,-123.87837500000023,2.4786772846252108,4997.761337,4873.882962
round-calibrated-p3-0099-6630c8921ae408e9,3,calibrated,broad_joint,development,extreme,joint_triangular_l1,mixed_extreme150_after_observable_screen,unresolved,True,True,joint_triangular_l5,True,0,-283.2884180000001,-283.2884180000001,5.890475148820608,4809.262595,4525.974177
round-calibrated-p3-0099-6630c8921ae408e9,3,calibrated,broad_joint,development,extreme,joint_triangular_l2,mixed_extreme150_after_observable_screen,unresolved,True,True,joint_triangular_l5,True,0,-125.01554899999974,-125.01554899999974,2.5994743795020354,4809.262595,4684.247046
round-calibrated-p3-0099-6630c8921ae408e9,3,calibrated,broad_joint,development,extreme,joint_triangular_l3,mixed_extreme150_after_observable_screen,unresolved,True,True,joint_triangular_l5,True,0,-50.80247500000041,-50.80247500000041,1.0563464563739509,4809.262595,4758.46012
round-calibrated-p3-0100-0d677273f78817ef,3,calibrated,smoothed_joint,development,correlated,joint_triangular_l1,mixed_correlated150_after_observable_screen,unresolved,True,True,joint_triangular_l5,True,0,-747.0751970000001,-747.0751970000001,14.08022533658935,5305.846882,4558.771685
round-calibrated-p3-0100-0d677273f78817ef,3,calibrated,smoothed_joint,development,correlated,joint_triangular_l2,mixed_correlated150_after_observable_screen,unresolved,True,True,joint_triangular_l5,True,0,-535.9554239999998,-535.9554239999998,10.101222970044988,5305.846882,4769.891458
round-calibrated-p3-0100-0d677273f78817ef,3,calibrated,smoothed_joint,development,correlated,joint_triangular_l3,mixed_correlated150_after_observable_screen,unresolved,True,True,joint_triangular_l5,True,0,-362.53793399999995,-362.53793399999995,6.832800532369377,5305.846882,4943.308948
round-calibrated-p3-0101-aede6544286b9dfa,3,calibrated,broad_joint,development,correlated,joint_triangular_l1,mixed_correlated150_after_observable_screen,unresolved,True,True,joint_triangular_l5,True,0,-636.143943,-636.143943,12.626507897078088,5038.16216,4402.018217
round-calibrated-p3-0101-aede6544286b9dfa,3,calibrated,broad_joint,development,correlated,joint_triangular_l2,mixed_correlated150_after_observable_screen,unresolved,True,True,joint_triangular_l5,True,0,-446.016157,-446.016157,8.852755088772293,5038.16216,4592.146003
round-calibrated-p3-0101-aede6544286b9dfa,3,calibrated,broad_joint,development,correlated,joint_triangular_l3,mixed_correlated150_after_observable_screen,unresolved,True,True,joint_triangular_l5,True,0,-305.47791099999995,-305.47791099999995,6.0632806427969355,5038.16216,4732.684249
round-calibrated-p3-0102-fd4191c855eae68d,3,calibrated,smoothed_joint,development,extreme,joint_triangular_l1,mixed_extreme150_after_observable_screen,unresolved,True,True,joint_triangular_l5,True,0,-389.6091699999997,-389.6091699999997,9.120079904326728,4271.992944,3882.383774
round-calibrated-p3-0102-fd4191c855eae68d,3,calibrated,smoothed_joint,development,extreme,joint_triangular_l2,mixed_extreme150_after_observable_screen,unresolved,True,True,joint_triangular_l5,True,0,-266.8620689999998,-266.8620689999998,6.2467815958078,4271.992944,4005.130875
round-calibrated-p3-0102-fd4191c855eae68d,3,calibrated,smoothed_joint,development,extreme,joint_triangular_l3,mixed_extreme150_after_observable_screen,unresolved,True,True,joint_triangular_l5,True,0,-166.69694199999958,-166.69694199999958,3.902088420677869,4271.992944,4105.296002
round-calibrated-p3-0103-6c12bed361451936,3,calibrated,broad_joint,development,extreme,joint_triangular_l1,mixed_extreme150_after_observable_screen,unresolved,True,True,joint_triangular_l5,True,0,-462.0905350000003,-462.0905350000003,8.727302165930732,5294.76952,4832.678985
round-calibrated-p3-0103-6c12bed361451936,3,calibrated,broad_joint,development,extreme,joint_triangular_l2,mixed_extreme150_after_observable_screen,unresolved,True,True,joint_triangular_l5,True,0,-340.4829609999997,-340.4829609999997,6.430553014893078,5294.76952,4954.286559
round-calibrated-p3-0103-6c12bed361451936,3,calibrated,broad_joint,development,extreme,joint_triangular_l3,mixed_extreme150_after_observable_screen,unresolved,True,True,joint_triangular_l5,True,0,-194.7583509999995,-194.7583509999995,3.678315935459255,5294.76952,5100.011169
round-calibrated-p3-0104-f162f311c0feceec,3,calibrated,smoothed_joint,development,correlated,joint_triangular_l1,mixed_correlated150_after_observable_screen,unresolved,True,True,joint_triangular_l5,True,0,-761.8034849999995,-761.8034849999995,14.45935749797612,5268.584618,4506.781133
round-calibrated-p3-0104-f162f311c0feceec,3,calibrated,smoothed_joint,development,correlated,joint_triangular_l2,mixed_correlated150_after_observable_screen,unresolved,True,True,joint_triangular_l5,True,0,-630.3502699999999,-630.3502699999999,11.964318990842862,5268.584618,4638.234348
round-calibrated-p3-0104-f162f311c0feceec,3,calibrated,smoothed_joint,development,correlated,joint_triangular_l3,mixed_correlated150_after_observable_screen,unresolved,True,True,joint_triangular_l5,True,0,-432.0196850000002,-432.0196850000002,8.199919263401688,5268.584618,4836.564933
round-calibrated-p3-0105-09f6c0d12929978b,3,calibrated,broad_joint,development,correlated,joint_triangular_l1,mixed_correlated150_after_observable_screen,unresolved,True,True,joint_triangular_l5,True,0,-673.5003450000004,-673.5003450000004,13.840303201822637,4866.225365,4192.72502
round-calibrated-p3-0105-09f6c0d12929978b,3,calibrated,broad_joint,development,correlated,joint_triangular_l2,mixed_correlated150_after_observable_screen,unresolved,True,True,joint_triangular_l5,True,0,-439.0763420000003,-439.0763420000003,9.02293480195199,4866.225365,4427.149023
round-calibrated-p3-0105-09f6c0d12929978b,3,calibrated,broad_joint,development,correlated,joint_triangular_l3,mixed_correlated150_after_observable_screen,unresolved,True,True,joint_triangular_l5,True,0,-299.7494029999998,-299.7494029999998,6.159792868532709,4866.225365,4566.475962
round-calibrated-p3-0108-1b849d2aa5f374ef,3,calibrated,smoothed_joint,development,correlated,joint_triangular_l1,mixed_correlated150_after_observable_screen,unresolved,True,True,joint_triangular_l5,True,0,-649.2251820000001,-649.2251820000001,12.595160746303861,5154.56051,4505.335328
round-calibrated-p3-0108-1b849d2aa5f374ef,3,calibrated,smoothed_joint,development,correlated,joint_triangular_l2,mixed_correlated150_after_observable_screen,unresolved,True,True,joint_triangular_l5,True,0,-484.1802090000001,-484.1802090000001,9.393239405390162,5154.56051,4670.380301
round-calibrated-p3-0108-1b849d2aa5f374ef,3,calibrated,smoothed_joint,development,correlated,joint_triangular_l3,mixed_correlated150_after_observable_screen,unresolved,True,True,joint_triangular_l5,True,0,-335.44875500000035,-335.44875500000035,6.507805163005068,5154.56051,4819.111755
round-calibrated-p3-0109-42fa31bcae0a6186,3,calibrated,broad_joint,development,correlated,joint_triangular_l1,mixed_correlated150_after_observable_screen,unresolved,True,True,joint_triangular_l5,True,0,-527.2553779999998,-527.2553779999998,11.100950639376187,4749.641676,4222.386298
round-calibrated-p3-0109-42fa31bcae0a6186,3,calibrated,broad_joint,development,correlated,joint_triangular_l2,mixed_correlated150_after_observable_screen,unresolved,True,True,joint_triangular_l5,True,0,-370.1582360000002,-370.1582360000002,7.7933928757281725,4749.641676,4379.48344
round-calibrated-p3-0109-42fa31bcae0a6186,3,calibrated,broad_joint,development,correlated,joint_triangular_l3,mixed_correlated150_after_observable_screen,unresolved,True,True,joint_triangular_l5,True,0,-239.5431690000005,-239.5431690000005,5.0433945409064265,4749.641676,4510.098507
round-calibrated-p3-0110-872981ab13c3f6ae,3,calibrated,smoothed_joint,development,extreme,joint_triangular_l1,mixed_extreme150_after_observable_screen,unresolved,True,True,joint_triangular_l5,True,0,-639.5633760000001,-639.5633760000001,12.885146667923376,4963.570788,4324.007412
round-calibrated-p3-0110-872981ab13c3f6ae,3,calibrated,smoothed_joint,development,extreme,joint_triangular_l2,mixed_extreme150_after_observable_screen,unresolved,True,True,joint_triangular_l5,True,0,-538.9045059999999,-538.9045059999999,10.857193923835299,4963.570788,4424.666282
round-calibrated-p3-0110-872981ab13c3f6ae,3,calibrated,smoothed_joint,development,extreme,joint_triangular_l3,mixed_extreme150_after_observable_screen,unresolved,True,True,joint_triangular_l5,True,0,-382.53777400000035,-382.53777400000035,7.706906788250691,4963.570788,4581.033014
round-calibrated-p3-0113-da19aa5a38fc9fda,3,calibrated,broad_joint,development,correlated,joint_triangular_l1,mixed_correlated150_after_observable_screen,unresolved,True,True,joint_triangular_l5,True,0,-227.7505170000004,-227.7505170000004,4.944147929605326,4606.466478,4378.715961
round-calibrated-p3-0113-da19aa5a38fc9fda,3,calibrated,broad_joint,development,correlated,joint_triangular_l2,mixed_correlated150_after_observable_screen,unresolved,True,True,joint_triangular_l5,True,0,-202.10136300000067,-202.10136300000067,4.387340360886496,4606.466478,4404.365115
round-calibrated-p3-0113-da19aa5a38fc9fda,3,calibrated,broad_joint,development,correlated,joint_triangular_l3,mixed_correlated150_after_observable_screen,unresolved,True,True,joint_triangular_l5,True,0,-111.47721200000069,-111.47721200000069,2.420015700372599,4606.466478,4494.989266
round-calibrated-p3-0115-4289e6895659605b,3,calibrated,broad_joint,development,extreme,joint_triangular_l1,mixed_extreme150_after_observable_screen,unresolved,True,True,joint_triangular_l5,True,0,-542.2395200000001,-542.2395200000001,11.62233078203628,4665.497224,4123.257704
round-calibrated-p3-0115-4289e6895659605b,3,calibrated,broad_joint,development,extreme,joint_triangular_l2,mixed_extreme150_after_observable_screen,unresolved,True,True,joint_triangular_l5,True,0,-434.7205409999997,-434.7205409999997,9.317775150818516,4665.497224,4230.776683
round-calibrated-p3-0115-4289e6895659605b,3,calibrated,broad_joint,development,extreme,joint_triangular_l3,mixed_extreme150_after_observable_screen,unresolved,True,True,joint_triangular_l5,True,0,-302.5576059999994,-302.5576059999994,6.485002379673464,4665.497224,4362.939618
round-calibrated-p3-0117-b6db6f4b853b2000,3,calibrated,broad_joint,development,correlated,joint_triangular_l1,mixed_correlated150_after_observable_screen,unresolved,True,True,joint_triangular_l5,True,0,-784.3855969999995,-784.3855969999995,15.235910956578817,5148.268451,4363.882854
round-calibrated-p3-0117-b6db6f4b853b2000,3,calibrated,broad_joint,development,correlated,joint_triangular_l2,mixed_correlated150_after_observable_screen,unresolved,True,True,joint_triangular_l5,True,0,-670.0015739999999,-670.0015739999999,13.014114947130599,5148.268451,4478.266877
round-calibrated-p3-0117-b6db6f4b853b2000,3,calibrated,broad_joint,development,correlated,joint_triangular_l3,mixed_correlated150_after_observable_screen,unresolved,True,True,joint_triangular_l5,True,0,-408.6096209999996,-408.6096209999996,7.936835945698038,5148.268451,4739.65883
round-calibrated-p3-0118-a35358f57fe4a03d,3,calibrated,smoothed_joint,development,extreme,joint_triangular_l1,mixed_extreme150_after_observable_screen,unresolved,True,True,joint_triangular_l5,True,0,-639.2053900000001,-639.2053900000001,10.703699771753364,5971.817256,5332.611866
round-calibrated-p3-0118-a35358f57fe4a03d,3,calibrated,smoothed_joint,development,extreme,joint_triangular_l2,mixed_extreme150_after_observable_screen,unresolved,True,True,joint_triangular_l5,True,0,-394.14600599999994,-394.14600599999994,6.600101595607163,5971.817256,5577.67125
round-calibrated-p3-0118-a35358f57fe4a03d,3,calibrated,smoothed_joint,development,extreme,joint_triangular_l3,mixed_extreme150_after_observable_screen,unresolved,True,True,joint_triangular_l5,True,0,-196.3458330000003,-196.3458330000003,3.287874102355156,5971.817256,5775.471423
round-calibrated-p3-0119-0ce6840298d5d7a7,3,calibrated,broad_joint,development,extreme,joint_triangular_l1,mixed_extreme150_after_observable_screen,unresolved,True,True,joint_triangular_l5,True,0,-554.4376659999998,-554.4376659999998,9.851980535677615,5627.677237,5073.239571
round-calibrated-p3-0119-0ce6840298d5d7a7,3,calibrated,broad_joint,development,extreme,joint_triangular_l2,mixed_extreme150_after_observable_screen,unresolved,True,True,joint_triangular_l5,True,0,-282.2984839999999,-282.2984839999999,5.016252214039331,5627.677237,5345.378753
round-calibrated-p3-0119-0ce6840298d5d7a7,3,calibrated,broad_joint,development,extreme,joint_triangular_l3,mixed_extreme150_after_observable_screen,unresolved,True,True,joint_triangular_l5,True,0,-134.86423000000013,-134.86423000000013,2.3964457149979252,5627.677237,5492.813007
round-calibrated-p3-0122-947ddfa7523d5dc3,3,calibrated,smoothed_joint,development,extreme,joint_triangular_l1,mixed_extreme150_after_observable_screen,unresolved,True,True,joint_triangular_l5,True,0,-239.06343199999992,-239.06343199999992,4.676712452536477,5111.783853,4872.720421
round-calibrated-p3-0122-947ddfa7523d5dc3,3,calibrated,smoothed_joint,development,extreme,joint_triangular_l2,mixed_extreme150_after_observable_screen,unresolved,True,True,joint_triangular_l5,True,0,-60.62287899999956,-60.62287899999956,1.185943708563132,5111.783853,5051.160974
round-calibrated-p3-0122-947ddfa7523d5dc3,3,calibrated,smoothed_joint,development,extreme,joint_triangular_l3,mixed_extreme150_after_observable_screen,unresolved,True,True,joint_triangular_l5,True,0,-0.8289839999997639,-0.8289839999997639,0.01621711762153735,5111.783853,5110.954869
round-calibrated-p3-0123-1cf2713ccc281862,3,calibrated,broad_joint,development,extreme,joint_triangular_l1,mixed_extreme150_after_observable_screen,unresolved,True,True,joint_triangular_l5,True,0,-181.90869199999997,-181.90869199999997,4.601308030632649,3953.412612,3771.50392
round-calibrated-p3-0123-1cf2713ccc281862,3,calibrated,broad_joint,development,extreme,joint_triangular_l2,mixed_extreme150_after_observable_screen,unresolved,True,True,joint_triangular_l5,True,0,-86.60575400000016,-86.60575400000016,2.190658109834556,3953.412612,3866.806858
round-calibrated-p3-0123-1cf2713ccc281862,3,calibrated,broad_joint,development,extreme,joint_triangular_l3,mixed_extreme150_after_observable_screen,unresolved,True,True,joint_triangular_l5,True,0,-28.123347000000194,-28.123347000000194,0.711368879500104,3953.412612,3925.289265
round-calibrated-p3-0125-b1ed5f76ff7c549d,3,calibrated,broad_joint,development,correlated,joint_triangular_l1,mixed_correlated150_after_observable_screen,unresolved,True,True,joint_triangular_l5,True,0,-738.6883829999997,-738.6883829999997,14.359311869143355,5144.316035,4405.627652
round-calibrated-p3-0125-b1ed5f76ff7c549d,3,calibrated,broad_joint,development,correlated,joint_triangular_l2,mixed_correlated150_after_observable_screen,unresolved,True,True,joint_triangular_l5,True,0,-499.5721089999997,-499.5721089999997,9.711147324563619,5144.316035,4644.743926
round-calibrated-p3-0125-b1ed5f76ff7c549d,3,calibrated,broad_joint,development,correlated,joint_triangular_l3,mixed_correlated150_after_observable_screen,unresolved,True,True,joint_triangular_l5,True,0,-340.6801209999994,-340.6801209999994,6.622457070719206,5144.316035,4803.635914
round-calibrated-p3-0126-8771ac366e98ce2a,3,calibrated,smoothed_joint,development,extreme,joint_triangular_l1,mixed_extreme150_after_observable_screen,unresolved,True,True,joint_triangular_l5,True,0,-417.31873399999995,-417.31873399999995,9.930332802645237,4202.464734,3785.146
round-calibrated-p3-0126-8771ac366e98ce2a,3,calibrated,smoothed_joint,development,extreme,joint_triangular_l2,mixed_extreme150_after_observable_screen,unresolved,True,True,joint_triangular_l5,True,0,-306.7989560000001,-306.7989560000001,7.300452839445532,4202.464734,3895.665778
round-calibrated-p3-0126-8771ac366e98ce2a,3,calibrated,smoothed_joint,development,extreme,joint_triangular_l3,mixed_extreme150_after_observable_screen,unresolved,True,True,joint_triangular_l5,True,0,-214.324071,-214.324071,5.099961202910596,4202.464734,3988.140663
round-calibrated-p3-0127-e393ffc25a533149,3,calibrated,broad_joint,development,extreme,joint_triangular_l1,mixed_extreme150_after_observable_screen,unresolved,True,True,joint_triangular_l5,True,0,-581.0137669999995,-581.0137669999995,11.232306011252458,5172.702439,4591.688672
round-calibrated-p3-0127-e393ffc25a533149,3,calibrated,broad_joint,development,extreme,joint_triangular_l2,mixed_extreme150_after_observable_screen,unresolved,True,True,joint_triangular_l5,True,0,-391.01266699999996,-391.01266699999996,7.559156390901765,5172.702439,4781.689772
round-calibrated-p3-0127-e393ffc25a533149,3,calibrated,broad_joint,development,extreme,joint_triangular_l3,mixed_extreme150_after_observable_screen,unresolved,True,True,joint_triangular_l5,True,0,-243.66911099999925,-243.66911099999925,4.71067326747498,5172.702439,4929.033328
round-calibrated-p3-0128-622d889ef6e44a04,3,calibrated,smoothed_joint,development,correlated,joint_triangular_l1,mixed_correlated150_after_observable_screen,unresolved,True,True,joint_triangular_l5,True,0,-430.85733900000014,-430.85733900000014,9.619036286556552,4479.215237,4048.357898
round-calibrated-p3-0128-622d889ef6e44a04,3,calibrated,smoothed_joint,development,correlated,joint_triangular_l2,mixed_correlated150_after_observable_screen,unresolved,True,True,joint_triangular_l5,True,0,-278.7665139999999,-278.7665139999999,6.223557012783932,4479.215237,4200.448723
round-calibrated-p3-0128-622d889ef6e44a04,3,calibrated,smoothed_joint,development,correlated,joint_triangular_l3,mixed_correlated150_after_observable_screen,unresolved,True,True,joint_triangular_l5,True,0,-182.61666800000057,-182.61666800000057,4.07697907641317,4479.215237,4296.598569
round-calibrated-p3-0129-e786f5cac230fef5,3,calibrated,broad_joint,development,correlated,joint_triangular_l1,mixed_correlated150_after_observable_screen,unresolved,True,True,joint_triangular_l5,True,0,-343.0402759999997,-343.0402759999997,7.411561707761758,4628.447951,4285.407675
round-calibrated-p3-0129-e786f5cac230fef5,3,calibrated,broad_joint,development,correlated,joint_triangular_l2,mixed_correlated150_after_observable_screen,unresolved,True,True,joint_triangular_l5,True,0,-273.2340460000005,-273.2340460000005,5.903362183017892,4628.447951,4355.213905
round-calibrated-p3-0129-e786f5cac230fef5,3,calibrated,broad_joint,development,correlated,joint_triangular_l3,mixed_correlated150_after_observable_screen,unresolved,True,True,joint_triangular_l5,True,0,-191.0615370000005,-191.0615370000005,4.127982836205831,4628.447951,4437.386414
round-calibrated-p3-0131-112ada359c5e0936,3,calibrated,broad_joint,development,extreme,joint_triangular_l1,mixed_extreme150_after_observable_screen,unresolved,True,True,joint_triangular_l5,True,0,-661.4008880000001,-661.4008880000001,12.375954527892569,5344.24142,4682.840532
round-calibrated-p3-0131-112ada359c5e0936,3,calibrated,broad_joint,development,extreme,joint_triangular_l2,mixed_extreme150_after_observable_screen,unresolved,True,True,joint_triangular_l5,True,0,-474.7582830000001,-474.7582830000001,8.883548584150603,5344.24142,4869.483137
round-calibrated-p3-0131-112ada359c5e0936,3,calibrated,broad_joint,development,extreme,joint_triangular_l3,mixed_extreme150_after_observable_screen,unresolved,True,True,joint_triangular_l5,True,0,-301.3531440000006,-301.3531440000006,5.638838523877924,5344.24142,5042.888276
round-calibrated-p3-0132-c3525d91b289ef3e,3,calibrated,smoothed_joint,development,correlated,joint_triangular_l1,mixed_correlated150_after_observable_screen,unresolved,True,True,joint_triangular_l5,True,0,-376.7312460000003,-376.7312460000003,8.248028736409273,4567.530716,4190.79947
round-calibrated-p3-0132-c3525d91b289ef3e,3,calibrated,smoothed_joint,development,correlated,joint_triangular_l2,mixed_correlated150_after_observable_screen,unresolved,True,True,joint_triangular_l5,True,0,-274.8940739999998,-274.8940739999998,6.018439526570658,4567.530716,4292.636642
round-calibrated-p3-0132-c3525d91b289ef3e,3,calibrated,smoothed_joint,development,correlated,joint_triangular_l3,mixed_correlated150_after_observable_screen,unresolved,True,True,joint_triangular_l5,True,0,-179.75701600000048,-179.75701600000048,3.935540386631972,4567.530716,4387.7737
round-calibrated-p3-0133-9b8ee3f825eb51bd,3,calibrated,broad_joint,development,correlated,joint_triangular_l1,mixed_correlated150_after_observable_screen,unresolved,True,True,joint_triangular_l5,True,0,-636.2978429999994,-636.2978429999994,13.336083680591685,4771.249628,4134.951785
round-calibrated-p3-0133-9b8ee3f825eb51bd,3,calibrated,broad_joint,development,correlated,joint_triangular_l2,mixed_correlated150_after_observable_screen,unresolved,True,True,joint_triangular_l5,True,0,-540.1484269999992,-540.1484269999992,11.320900583992653,4771.249628,4231.101201
round-calibrated-p3-0133-9b8ee3f825eb51bd,3,calibrated,broad_joint,development,correlated,joint_triangular_l3,mixed_correlated150_after_observable_screen,unresolved,True,True,joint_triangular_l5,True,0,-372.0699479999994,-372.0699479999994,7.798165617168992,4771.249628,4399.17968
round-calibrated-p3-0134-693a895c3496045a,3,calibrated,smoothed_joint,development,extreme,joint_triangular_l1,mixed_extreme150_after_observable_screen,unresolved,True,True,joint_triangular_l5,True,0,-239.07226900000023,-239.07226900000023,4.5304930595984745,5276.959171,5037.886902
round-calibrated-p3-0134-693a895c3496045a,3,calibrated,smoothed_joint,development,extreme,joint_triangular_l2,mixed_extreme150_after_observable_screen,unresolved,True,True,joint_triangular_l5,True,0,-151.06614900000022,-151.06614900000022,2.862750006295249,5276.959171,5125.893022
round-calibrated-p3-0134-693a895c3496045a,3,calibrated,smoothed_joint,development,extreme,joint_triangular_l3,mixed_extreme150_after_observable_screen,unresolved,True,True,joint_triangular_l5,True,0,-18.506310000000667,-18.506310000000667,0.35070026885376987,5276.959171,5258.452861
round-calibrated-p3-0135-b6faca3f94c040e4,3,calibrated,broad_joint,development,extreme,joint_triangular_l1,mixed_extreme150_after_observable_screen,unresolved,True,True,joint_triangular_l5,True,0,-188.8416730000008,-188.8416730000008,4.261370987955341,4431.476948,4242.635275
round-calibrated-p3-0135-b6faca3f94c040e4,3,calibrated,broad_joint,development,extreme,joint_triangular_l2,mixed_extreme150_after_observable_screen,unresolved,True,True,joint_triangular_l5,True,0,-78.13040000000001,-78.13040000000001,1.763078109551299,4431.476948,4353.346548
round-calibrated-p3-0135-b6faca3f94c040e4,3,calibrated,broad_joint,development,extreme,joint_triangular_l3,mixed_extreme150_after_observable_screen,unresolved,True,True,joint_triangular_l5,True,0,-29.911291000000347,-29.911291000000347,0.674973408436657,4431.476948,4401.565657
round-calibrated-p3-0136-cd972bb61df4c56b,3,calibrated,smoothed_joint,development,correlated,joint_triangular_l1,mixed_correlated150_after_observable_screen,unresolved,True,True,joint_triangular_l5,True,0,-818.6529959999998,-818.6529959999998,15.546156781318036,5265.950984,4447.297988
round-calibrated-p3-0136-cd972bb61df4c56b,3,calibrated,smoothed_joint,development,correlated,joint_triangular_l2,mixed_correlated150_after_observable_screen,unresolved,True,True,joint_triangular_l5,True,0,-625.2824909999999,-625.2824909999999,11.874065917055637,5265.950984,4640.668493
round-calibrated-p3-0136-cd972bb61df4c56b,3,calibrated,smoothed_joint,development,correlated,joint_triangular_l3,mixed_correlated150_after_observable_screen,unresolved,True,True,joint_triangular_l5,True,0,-450.4831830000003,-450.4831830000003,8.554640640764465,5265.950984,4815.467801
round-calibrated-p3-0137-2daf55029ddd864c,3,calibrated,broad_joint,development,correlated,joint_triangular_l1,mixed_correlated150_after_observable_screen,unresolved,True,True,joint_triangular_l5,True,0,-556.5703369999997,-556.5703369999997,12.404521445841903,4486.834413,3930.264076
round-calibrated-p3-0137-2daf55029ddd864c,3,calibrated,broad_joint,development,correlated,joint_triangular_l2,mixed_correlated150_after_observable_screen,unresolved,True,True,joint_triangular_l5,True,0,-438.8107169999994,-438.8107169999994,9.779962365640335,4486.834413,4048.023696
round-calibrated-p3-0137-2daf55029ddd864c,3,calibrated,broad_joint,development,correlated,joint_triangular_l3,mixed_correlated150_after_observable_screen,unresolved,True,True,joint_triangular_l5,True,0,-307.609641,-307.609641,6.8558277994111485,4486.834413,4179.224772
round-calibrated-p3-0138-d3a954196d383e98,3,calibrated,smoothed_joint,development,extreme,joint_triangular_l1,mixed_extreme150_after_observable_screen,unresolved,True,True,joint_triangular_l5,True,0,-439.3979389999995,-439.3979389999995,9.298460600651657,4725.491217,4286.093278
round-calibrated-p3-0138-d3a954196d383e98,3,calibrated,smoothed_joint,development,extreme,joint_triangular_l2,mixed_extreme150_after_observable_screen,unresolved,True,True,joint_triangular_l5,True,0,-322.20842399999947,-322.20842399999947,6.818517043071662,4725.491217,4403.282793
round-calibrated-p3-0138-d3a954196d383e98,3,calibrated,smoothed_joint,development,extreme,joint_triangular_l3,mixed_extreme150_after_observable_screen,unresolved,True,True,joint_triangular_l5,True,0,-200.68600699999934,-200.68600699999934,4.246881388288894,4725.491217,4524.80521
round-calibrated-p3-0139-df4cffc65f0b2914,3,calibrated,broad_joint,development,extreme,joint_triangular_l1,mixed_extreme150_after_observable_screen,unresolved,True,True,joint_triangular_l5,True,0,-348.0304089999995,-348.0304089999995,7.979601879780863,4361.500915,4013.470506
round-calibrated-p3-0139-df4cffc65f0b2914,3,calibrated,broad_joint,development,extreme,joint_triangular_l2,mixed_extreme150_after_observable_screen,unresolved,True,True,joint_triangular_l5,True,0,-302.59384999999975,-302.59384999999975,6.937837590709293,4361.500915,4058.907065
round-calibrated-p3-0139-df4cffc65f0b2914,3,calibrated,broad_joint,development,extreme,joint_triangular_l3,mixed_extreme150_after_observable_screen,unresolved,True,True,joint_triangular_l5,True,0,-192.20453299999917,-192.20453299999917,4.406843807804158,4361.500915,4169.296382
round-calibrated-p3-0140-eaf4ac0eeb56e09b,3,calibrated,smoothed_joint,development,correlated,joint_triangular_l1,mixed_correlated150_after_observable_screen,unresolved,True,True,joint_triangular_l5,True,0,-848.4974060000004,-848.4974060000004,15.334012715485107,5533.433562,4684.936156
round-calibrated-p3-0140-eaf4ac0eeb56e09b,3,calibrated,smoothed_joint,development,correlated,joint_triangular_l2,mixed_correlated150_after_observable_screen,unresolved,True,True,joint_triangular_l5,True,0,-717.7043869999998,-717.7043869999998,12.970326271353896,5533.433562,4815.729175
round-calibrated-p3-0140-eaf4ac0eeb56e09b,3,calibrated,smoothed_joint,development,correlated,joint_triangular_l3,mixed_correlated150_after_observable_screen,unresolved,True,True,joint_triangular_l5,True,0,-490.1453110000002,-490.1453110000002,8.857887340800428,5533.433562,5043.288251
round-calibrated-p3-0141-100bdb4a9b8d3382,3,calibrated,broad_joint,development,correlated,joint_triangular_l1,mixed_correlated150_after_observable_screen,unresolved,True,True,joint_triangular_l5,True,0,-884.8531279999997,-884.8531279999997,16.575415115792232,5338.346713,4453.493585
round-calibrated-p3-0141-100bdb4a9b8d3382,3,calibrated,broad_joint,development,correlated,joint_triangular_l2,mixed_correlated150_after_observable_screen,unresolved,True,True,joint_triangular_l5,True,0,-680.0890060000002,-680.0890060000002,12.739693439990328,5338.346713,4658.257707
round-calibrated-p3-0141-100bdb4a9b8d3382,3,calibrated,broad_joint,development,correlated,joint_triangular_l3,mixed_correlated150_after_observable_screen,unresolved,True,True,joint_triangular_l5,True,0,-459.4712360000003,-459.4712360000003,8.606995024903329,5338.346713,4878.875477
round-calibrated-p3-0142-4c91da2e7615c73e,3,calibrated,smoothed_joint,development,extreme,joint_triangular_l1,mixed_extreme150_after_observable_screen,unresolved,True,True,joint_triangular_l5,True,0,-302.9174670000002,-302.9174670000002,6.018994397926924,5032.69229,4729.774823
round-calibrated-p3-0142-4c91da2e7615c73e,3,calibrated,smoothed_joint,development,extreme,joint_triangular_l2,mixed_extreme150_after_observable_screen,unresolved,True,True,joint_triangular_l5,True,0,-234.87810199999967,-234.87810199999967,4.667046750835619,5032.69229,4797.814188
round-calibrated-p3-0142-4c91da2e7615c73e,3,calibrated,smoothed_joint,development,extreme,joint_triangular_l3,mixed_extreme150_after_observable_screen,unresolved,True,True,joint_triangular_l5,True,0,-172.67032300000028,-172.67032300000028,3.4309731859247106,5032.69229,4860.021967
round-calibrated-p3-0143-059960db3dcca0db,3,calibrated,broad_joint,development,extreme,joint_triangular_l1,mixed_extreme150_after_observable_screen,unresolved,True,True,joint_triangular_l5,True,0,-315.7423739999995,-315.7423739999995,7.454611543888765,4235.530881,3919.788507
round-calibrated-p3-0143-059960db3dcca0db,3,calibrated,broad_joint,development,extreme,joint_triangular_l2,mixed_extreme150_after_observable_screen,unresolved,True,True,joint_triangular_l5,True,0,-244.57545899999968,-244.57545899999968,5.774375535712207,4235.530881,3990.955422
round-calibrated-p3-0143-059960db3dcca0db,3,calibrated,broad_joint,development,extreme,joint_triangular_l3,mixed_extreme150_after_observable_screen,unresolved,True,True,joint_triangular_l5,True,0,-197.03118499999982,-197.03118499999982,4.651865150691126,4235.530881,4038.499696
round-calibrated-p3-0144-ab124b39a3eb69e6,3,calibrated,smoothed_joint,development,correlated,joint_triangular_l1,mixed_correlated150_after_observable_screen,unresolved,True,True,joint_triangular_l5,True,0,-286.5145999999995,-286.5145999999995,6.474555483994951,4425.239705,4138.725105
round-calibrated-p3-0144-ab124b39a3eb69e6,3,calibrated,smoothed_joint,development,correlated,joint_triangular_l2,mixed_correlated150_after_observable_screen,unresolved,True,True,joint_triangular_l5,True,0,-207.74201999999968,-207.74201999999968,4.694480612321987,4425.239705,4217.497685
round-calibrated-p3-0144-ab124b39a3eb69e6,3,calibrated,smoothed_joint,development,correlated,joint_triangular_l3,mixed_correlated150_after_observable_screen,unresolved,True,True,joint_triangular_l5,True,0,-108.87877899999967,-108.87877899999967,2.4604040969120717,4425.239705,4316.360926
round-calibrated-p3-0145-fa081083c6d51faf,3,calibrated,broad_joint,development,correlated,joint_triangular_l1,mixed_correlated150_after_observable_screen,unresolved,True,True,joint_triangular_l5,True,0,-372.1343369999995,-372.1343369999995,7.658839270279138,4858.886887,4486.75255
round-calibrated-p3-0145-fa081083c6d51faf,3,calibrated,broad_joint,development,correlated,joint_triangular_l2,mixed_correlated150_after_observable_screen,unresolved,True,True,joint_triangular_l5,True,0,-297.38176999999996,-297.38176999999996,6.120368243097979,4858.886887,4561.505117
round-calibrated-p3-0145-fa081083c6d51faf,3,calibrated,broad_joint,development,correlated,joint_triangular_l3,mixed_correlated150_after_observable_screen,unresolved,True,True,joint_triangular_l5,True,0,-171.5327959999995,-171.5327959999995,3.5302899612447702,4858.886887,4687.354091
round-calibrated-p3-0146-46f0f865d6848576,3,calibrated,smoothed_joint,development,extreme,joint_triangular_l1,mixed_extreme150_after_observable_screen,unresolved,True,True,joint_triangular_l5,True,0,-495.24419900000066,-495.24419900000066,9.08730770418574,5449.845159,4954.60096
round-calibrated-p3-0146-46f0f865d6848576,3,calibrated,smoothed_joint,development,extreme,joint_triangular_l2,mixed_extreme150_after_observable_screen,unresolved,True,True,joint_triangular_l5,True,0,-369.50285800000074,-369.50285800000074,6.780061583764359,5449.845159,5080.342301
round-calibrated-p3-0146-46f0f865d6848576,3,calibrated,smoothed_joint,development,extreme,joint_triangular_l3,mixed_extreme150_after_observable_screen,unresolved,True,True,joint_triangular_l5,True,0,-258.46739400000024,-258.46739400000024,4.742655735331511,5449.845159,5191.377765
round-calibrated-p3-0148-c7856c22de7f2439,3,calibrated,smoothed_joint,development,correlated,joint_triangular_l1,mixed_correlated150_after_observable_screen,unresolved,True,True,joint_triangular_l5,True,0,-426.3629199999996,-426.3629199999996,8.137607074244015,5239.413947,4813.051027
round-calibrated-p3-0148-c7856c22de7f2439,3,calibrated,smoothed_joint,development,correlated,joint_triangular_l2,mixed_correlated150_after_observable_screen,unresolved,True,True,joint_triangular_l5,True,0,-377.3326710000001,-377.3326710000001,7.201810637925535,5239.413947,4862.081276
round-calibrated-p3-0148-c7856c22de7f2439,3,calibrated,smoothed_joint,development,correlated,joint_triangular_l3,mixed_correlated150_after_observable_screen,unresolved,True,True,joint_triangular_l5,True,0,-212.1229800000001,-212.1229800000001,4.048601277657363,5239.413947,5027.290967
round-calibrated-p3-0153-b8e3be147d245251,3,calibrated,broad_joint,development,correlated,joint_triangular_l1,mixed_correlated150_after_observable_screen,unresolved,True,True,joint_triangular_l5,True,0,-707.6039069999997,-707.6039069999997,12.953479663988274,5462.655019,4755.051112
round-calibrated-p3-0153-b8e3be147d245251,3,calibrated,broad_joint,development,correlated,joint_triangular_l2,mixed_correlated150_after_observable_screen,unresolved,True,True,joint_triangular_l5,True,0,-583.1468770000001,-583.1468770000001,10.67515475481649,5462.655019,4879.508142
round-calibrated-p3-0153-b8e3be147d245251,3,calibrated,broad_joint,development,correlated,joint_triangular_l3,mixed_correlated150_after_observable_screen,unresolved,True,True,joint_triangular_l5,True,0,-429.8614950000001,-429.8614950000001,7.869094671087084,5462.655019,5032.793524
round-calibrated-p3-0154-e269b6aa172da296,3,calibrated,smoothed_joint,development,extreme,joint_triangular_l1,mixed_extreme150_after_observable_screen,unresolved,True,True,joint_triangular_l5,True,0,-258.31309299999975,-258.31309299999975,6.277702633095363,4114.771089,3856.457996
round-calibrated-p3-0154-e269b6aa172da296,3,calibrated,smoothed_joint,development,extreme,joint_triangular_l2,mixed_extreme150_after_observable_screen,unresolved,True,True,joint_triangular_l5,True,0,-164.79148899999973,-164.79148899999973,4.0048762236260504,4114.771089,3949.9796
round-calibrated-p3-0154-e269b6aa172da296,3,calibrated,smoothed_joint,development,extreme,joint_triangular_l3,mixed_extreme150_after_observable_screen,unresolved,True,True,joint_triangular_l5,True,0,-75.52750500000002,-75.52750500000002,1.8355214267424833,4114.771089,4039.243584
round-calibrated-p3-0155-8c5411bbee4d3086,3,calibrated,broad_joint,development,extreme,joint_triangular_l1,mixed_extreme150_after_observable_screen,unresolved,True,True,joint_triangular_l5,True,0,-279.2262149999997,-279.2262149999997,5.616538508841776,4971.500054,4692.273839
round-calibrated-p3-0155-8c5411bbee4d3086,3,calibrated,broad_joint,development,extreme,joint_triangular_l2,mixed_extreme150_after_observable_screen,unresolved,True,True,joint_triangular_l5,True,0,-167.49491099999977,-167.49491099999977,3.3691020653863957,4971.500054,4804.005143
round-calibrated-p3-0155-8c5411bbee4d3086,3,calibrated,broad_joint,development,extreme,joint_triangular_l3,mixed_extreme150_after_observable_screen,unresolved,True,True,joint_triangular_l5,True,0,-102.80137399999967,-102.80137399999967,2.0678139974530847,4971.500054,4868.69868
round-calibrated-p3-0156-717d76808f4f27ed,3,calibrated,smoothed_joint,development,correlated,joint_triangular_l1,mixed_correlated150_after_observable_screen,unresolved,True,True,joint_triangular_l5,True,0,-663.529657,-663.529657,14.091626777905445,4708.680321,4045.150664
round-calibrated-p3-0156-717d76808f4f27ed,3,calibrated,smoothed_joint,development,correlated,joint_triangular_l2,mixed_correlated150_after_observable_screen,unresolved,True,True,joint_triangular_l5,True,0,-550.5572789999997,-550.5572789999997,11.692390255176122,4708.680321,4158.123042
round-calibrated-p3-0156-717d76808f4f27ed,3,calibrated,smoothed_joint,development,correlated,joint_triangular_l3,mixed_correlated150_after_observable_screen,unresolved,True,True,joint_triangular_l5,True,0,-367.70214699999997,-367.70214699999997,7.809027624154143,4708.680321,4340.978174
round-calibrated-p3-0157-dd1cf661a7142f3b,3,calibrated,broad_joint,development,correlated,joint_triangular_l1,mixed_correlated150_after_observable_screen,unresolved,True,True,joint_triangular_l5,True,0,-715.1160380000001,-715.1160380000001,14.347566318288573,4984.232323,4269.116285
round-calibrated-p3-0157-dd1cf661a7142f3b,3,calibrated,broad_joint,development,correlated,joint_triangular_l2,mixed_correlated150_after_observable_screen,unresolved,True,True,joint_triangular_l5,True,0,-576.5220950000003,-576.5220950000003,11.566918587233765,4984.232323,4407.710228
round-calibrated-p3-0157-dd1cf661a7142f3b,3,calibrated,broad_joint,development,correlated,joint_triangular_l3,mixed_correlated150_after_observable_screen,unresolved,True,True,joint_triangular_l5,True,0,-427.7621360000003,-427.7621360000003,8.582307329978773,4984.232323,4556.470187
round-calibrated-p3-0158-52a19465820fe51a,3,calibrated,smoothed_joint,development,extreme,joint_triangular_l1,mixed_extreme150_after_observable_screen,unresolved,True,True,joint_triangular_l5,True,0,-750.7524659999999,-750.7524659999999,14.05616731722408,5341.089424,4590.336958
round-calibrated-p3-0158-52a19465820fe51a,3,calibrated,smoothed_joint,development,extreme,joint_triangular_l2,mixed_extreme150_after_observable_screen,unresolved,True,True,joint_triangular_l5,True,0,-442.26955199999975,-442.26955199999975,8.280512024619489,5341.089424,4898.819872
round-calibrated-p3-0158-52a19465820fe51a,3,calibrated,smoothed_joint,development,extreme,joint_triangular_l3,mixed_extreme150_after_observable_screen,unresolved,True,True,joint_triangular_l5,True,0,-323.7766069999998,-323.7766069999998,6.061995621064138,5341.089424,5017.312817
round-calibrated-p3-0159-ced6b1fc144f4b3e,3,calibrated,broad_joint,development,extreme,joint_triangular_l1,mixed_extreme150_after_observable_screen,unresolved,True,True,joint_triangular_l5,True,0,-518.202851,-518.202851,9.972506167299123,5196.315172,4678.112321
round-calibrated-p3-0159-ced6b1fc144f4b3e,3,calibrated,broad_joint,development,extreme,joint_triangular_l2,mixed_extreme150_after_observable_screen,unresolved,True,True,joint_triangular_l5,True,0,-412.64456900000005,-412.64456900000005,7.941099708953529,5196.315172,4783.670603
round-calibrated-p3-0159-ced6b1fc144f4b3e,3,calibrated,broad_joint,development,extreme,joint_triangular_l3,mixed_extreme150_after_observable_screen,unresolved,True,True,joint_triangular_l5,True,0,-346.23831599999994,-346.23831599999994,6.663150800892181,5196.315172,4850.076856
round-calibrated-p3-0160-abec467a1a05e8f5,3,calibrated,smoothed_joint,development,correlated,joint_triangular_l1,mixed_correlated150_after_observable_screen,unresolved,True,True,joint_triangular_l5,True,0,-230.37684799999988,-230.37684799999988,5.164220979301145,4461.018398,4230.64155
round-calibrated-p3-0160-abec467a1a05e8f5,3,calibrated,smoothed_joint,development,correlated,joint_triangular_l2,mixed_correlated150_after_observable_screen,unresolved,True,True,joint_triangular_l5,True,0,-149.91565100000025,-149.91565100000025,3.360570112582626,4461.018398,4311.102747
round-calibrated-p3-0160-abec467a1a05e8f5,3,calibrated,smoothed_joint,development,correlated,joint_triangular_l3,mixed_correlated150_after_observable_screen,unresolved,True,True,joint_triangular_l5,True,0,-103.41956699999992,-103.41956699999992,2.318295011882619,4461.018398,4357.598831
round-calibrated-p3-0161-b4dfa28edb42e11b,3,calibrated,broad_joint,development,correlated,joint_triangular_l1,mixed_correlated150_after_observable_screen,unresolved,True,True,joint_triangular_l5,True,0,-112.93686799999978,-112.93686799999978,3.0432022233317486,3711.119397,3598.182529
round-calibrated-p3-0161-b4dfa28edb42e11b,3,calibrated,broad_joint,development,correlated,joint_triangular_l2,mixed_correlated150_after_observable_screen,unresolved,True,True,joint_triangular_l5,True,0,-90.34985599999982,-90.34985599999982,2.4345715223562188,3711.119397,3620.769541
round-calibrated-p3-0161-b4dfa28edb42e11b,3,calibrated,broad_joint,development,correlated,joint_triangular_l3,mixed_correlated150_after_observable_screen,unresolved,True,True,joint_triangular_l5,True,0,-62.962148999999954,-62.962148999999954,1.696581065295215,3711.119397,3648.157248
round-calibrated-p3-0164-0d908c203de9e935,3,calibrated,smoothed_joint,development,correlated,joint_triangular_l1,mixed_correlated150_after_observable_screen,unresolved,True,True,joint_triangular_l5,True,0,-712.2198400000007,-712.2198400000007,14.723178711902989,4837.405386,4125.185546
round-calibrated-p3-0164-0d908c203de9e935,3,calibrated,smoothed_joint,development,correlated,joint_triangular_l2,mixed_correlated150_after_observable_screen,unresolved,True,True,joint_triangular_l5,True,0,-542.3685070000001,-542.3685070000001,11.211971371464465,4837.405386,4295.036879
round-calibrated-p3-0164-0d908c203de9e935,3,calibrated,smoothed_joint,development,correlated,joint_triangular_l3,mixed_correlated150_after_observable_screen,unresolved,True,True,joint_triangular_l5,True,0,-390.01416300000074,-390.01416300000074,8.062465968404176,4837.405386,4447.391223
round-calibrated-p3-0165-8619954a049ef023,3,calibrated,broad_joint,development,correlated,joint_triangular_l1,mixed_correlated150_after_observable_screen,unresolved,True,True,joint_triangular_l5,True,0,-234.70539800000006,-234.70539800000006,4.458764769140512,5263.91075,5029.205352
round-calibrated-p3-0165-8619954a049ef023,3,calibrated,broad_joint,development,correlated,joint_triangular_l2,mixed_correlated150_after_observable_screen,unresolved,True,True,joint_triangular_l5,True,0,-127.02138800000012,-127.02138800000012,2.413061201693059,5263.91075,5136.889362
round-calibrated-p3-0165-8619954a049ef023,3,calibrated,broad_joint,development,correlated,joint_triangular_l3,mixed_correlated150_after_observable_screen,unresolved,True,True,joint_triangular_l5,True,0,-35.982270999999855,-35.982270999999855,0.6835653701005446,5263.91075,5227.928479
round-calibrated-p3-0167-af8c35367260b69f,3,calibrated,broad_joint,development,extreme,joint_triangular_l1,mixed_extreme150_after_observable_screen,unresolved,True,True,joint_triangular_l5,True,0,-475.984606,-475.984606,8.70267312751124,5469.406917,4993.422311
round-calibrated-p3-0167-af8c35367260b69f,3,calibrated,broad_joint,development,extreme,joint_triangular_l2,mixed_extreme150_after_observable_screen,unresolved,True,True,joint_triangular_l5,True,0,-302.3886600000005,-302.3886600000005,5.528728518262495,5469.406917,5167.018257
round-calibrated-p3-0167-af8c35367260b69f,3,calibrated,broad_joint,development,extreme,joint_triangular_l3,mixed_extreme150_after_observable_screen,unresolved,True,True,joint_triangular_l5,True,0,-111.448668,-111.448668,2.0376737311973527,5469.406917,5357.958249
round-calibrated-p3-0168-2861c8a7229c69f3,3,calibrated,smoothed_joint,development,correlated,joint_triangular_l1,mixed_correlated150_after_observable_screen,unresolved,True,True,joint_triangular_l5,True,0,-391.73102499999914,-391.73102499999914,7.470248188728745,5243.882333,4852.151308
round-calibrated-p3-0168-2861c8a7229c69f3,3,calibrated,smoothed_joint,development,correlated,joint_triangular_l2,mixed_correlated150_after_observable_screen,unresolved,True,True,joint_triangular_l5,True,0,-277.2684729999992,-277.2684729999992,5.2874655721226915,5243.882333,4966.61386
round-calibrated-p3-0168-2861c8a7229c69f3,3,calibrated,smoothed_joint,development,correlated,joint_triangular_l3,mixed_correlated150_after_observable_screen,unresolved,True,True,joint_triangular_l5,True,0,-205.86310999999932,-205.86310999999932,3.925776684661535,5243.882333,5038.019223
round-calibrated-p3-0169-aab6315979657a57,3,calibrated,broad_joint,development,correlated,joint_triangular_l1,mixed_correlated150_after_observable_screen,unresolved,True,True,joint_triangular_l5,True,0,-580.8498890000001,-580.8498890000001,11.94612915873413,4862.243504,4281.393615
round-calibrated-p3-0169-aab6315979657a57,3,calibrated,broad_joint,development,correlated,joint_triangular_l2,mixed_correlated150_after_observable_screen,unresolved,True,True,joint_triangular_l5,True,0,-478.5754020000004,-478.5754020000004,9.84268685034579,4862.243504,4383.668102
round-calibrated-p3-0169-aab6315979657a57,3,calibrated,broad_joint,development,correlated,joint_triangular_l3,mixed_correlated150_after_observable_screen,unresolved,True,True,joint_triangular_l5,True,0,-325.5151569999998,-325.5151569999998,6.694752262658374,4862.243504,4536.728347
round-calibrated-p3-0170-e17ae8982a12d011,3,calibrated,smoothed_joint,development,extreme,joint_triangular_l1,mixed_extreme150_after_observable_screen,unresolved,True,True,joint_triangular_l5,True,0,-239.39971100000002,-239.39971100000002,4.947392478182757,4838.906799,4599.507088
round-calibrated-p3-0170-e17ae8982a12d011,3,calibrated,smoothed_joint,development,extreme,joint_triangular_l2,mixed_extreme150_after_observable_screen,unresolved,True,True,joint_triangular_l5,True,0,-151.07365600000048,-151.07365600000048,3.122061702680884,4838.906799,4687.833143
round-calibrated-p3-0170-e17ae8982a12d011,3,calibrated,smoothed_joint,development,extreme,joint_triangular_l3,mixed_extreme150_after_observable_screen,unresolved,True,True,joint_triangular_l5,True,0,-85.31006400000024,-85.31006400000024,1.763002833979573,4838.906799,4753.596735
round-calibrated-p3-0171-f76289aea576453f,3,calibrated,broad_joint,development,extreme,joint_triangular_l1,mixed_extreme150_after_observable_screen,unresolved,True,True,joint_triangular_l5,True,0,-383.1505639999996,-383.1505639999996,7.6602129276154045,5001.82655,4618.675986
round-calibrated-p3-0171-f76289aea576453f,3,calibrated,broad_joint,development,extreme,joint_triangular_l2,mixed_extreme150_after_observable_screen,unresolved,True,True,joint_triangular_l5,True,0,-274.7390150000001,-274.7390150000001,5.492773734826933,5001.82655,4727.087535
round-calibrated-p3-0171-f76289aea576453f,3,calibrated,broad_joint,development,extreme,joint_triangular_l3,mixed_extreme150_after_observable_screen,unresolved,True,True,joint_triangular_l5,True,0,-155.02454500000022,-155.02454500000022,3.0993586732830676,5001.82655,4846.802005
round-calibrated-p3-0172-d19306f2b48fc769,3,calibrated,smoothed_joint,development,correlated,joint_triangular_l1,mixed_correlated150_after_observable_screen,unresolved,True,True,joint_triangular_l5,True,0,-924.3327710000003,-924.3327710000003,16.45989725516588,5615.665497,4691.332726
round-calibrated-p3-0172-d19306f2b48fc769,3,calibrated,smoothed_joint,development,correlated,joint_triangular_l2,mixed_correlated150_after_observable_screen,unresolved,True,True,joint_triangular_l5,True,0,-687.576556,-687.576556,12.243901570834606,5615.665497,4928.088941
round-calibrated-p3-0172-d19306f2b48fc769,3,calibrated,smoothed_joint,development,correlated,joint_triangular_l3,mixed_correlated150_after_observable_screen,unresolved,True,True,joint_triangular_l5,True,0,-517.2369749999998,-517.2369749999998,9.210608703034717,5615.665497,5098.428522
round-calibrated-p3-0175-6ba7ec862c8baa51,3,calibrated,broad_joint,development,extreme,joint_triangular_l1,mixed_extreme150_after_observable_screen,unresolved,True,True,joint_triangular_l5,True,0,-294.18830700000035,-294.18830700000035,6.766030693487058,4348.019102,4053.830795
round-calibrated-p3-0175-6ba7ec862c8baa51,3,calibrated,broad_joint,development,extreme,joint_triangular_l2,mixed_extreme150_after_observable_screen,unresolved,True,True,joint_triangular_l5,True,0,-159.41719000000012,-159.41719000000012,3.6664326043708377,4348.019102,4188.601912
round-calibrated-p3-0175-6ba7ec862c8baa51,3,calibrated,broad_joint,development,extreme,joint_triangular_l3,mixed_extreme150_after_observable_screen,unresolved,True,True,joint_triangular_l5,True,0,-104.89129599999978,-104.89129599999978,2.412392713540562,4348.019102,4243.127806
round-calibrated-p3-0176-ca1e317f5994e7bf,3,calibrated,smoothed_joint,development,correlated,joint_triangular_l1,mixed_correlated150_after_observable_screen,unresolved,True,True,joint_triangular_l5,True,0,-194.9941060000001,-194.9941060000001,4.652977870954773,4190.737876,3995.74377
round-calibrated-p3-0176-ca1e317f5994e7bf,3,calibrated,smoothed_joint,development,correlated,joint_triangular_l2,mixed_correlated150_after_observable_screen,unresolved,True,True,joint_triangular_l5,True,0,-189.35233199999993,-189.35233199999993,4.518353034781886,4190.737876,4001.385544
round-calibrated-p3-0176-ca1e317f5994e7bf,3,calibrated,smoothed_joint,development,correlated,joint_triangular_l3,mixed_correlated150_after_observable_screen,unresolved,True,True,joint_triangular_l5,True,0,-120.66558699999996,-120.66558699999996,2.879339881671949,4190.737876,4070.072289
round-calibrated-p3-0177-2ca00c9a86cefdac,3,calibrated,broad_joint,development,correlated,joint_triangular_l1,mixed_correlated150_after_observable_screen,unresolved,True,True,joint_triangular_l5,True,0,-577.4139789999999,-577.4139789999999,11.84456443500939,4874.927923,4297.513944
round-calibrated-p3-0177-2ca00c9a86cefdac,3,calibrated,broad_joint,development,correlated,joint_triangular_l2,mixed_correlated150_after_observable_screen,unresolved,True,True,joint_triangular_l5,True,0,-403.6305510000002,-403.6305510000002,8.279723462077538,4874.927923,4471.297372
round-calibrated-p3-0177-2ca00c9a86cefdac,3,calibrated,broad_joint,development,correlated,joint_triangular_l3,mixed_correlated150_after_observable_screen,unresolved,True,True,joint_triangular_l5,True,0,-270.33924300000035,-270.33924300000035,5.545502359625356,4874.927923,4604.58868
round-calibrated-p3-0179-78248c69aa290402,3,calibrated,broad_joint,development,extreme,joint_triangular_l1,mixed_extreme150_after_observable_screen,unresolved,True,True,joint_triangular_l5,True,0,-284.3597800000007,-284.3597800000007,6.202509141161604,4584.592679,4300.232899
round-calibrated-p3-0179-78248c69aa290402,3,calibrated,broad_joint,development,extreme,joint_triangular_l2,mixed_extreme150_after_observable_screen,unresolved,True,True,joint_triangular_l5,True,0,-141.18090400000074,-141.18090400000074,3.079464499576773,4584.592679,4443.411775
round-calibrated-p3-0179-78248c69aa290402,3,calibrated,broad_joint,development,extreme,joint_triangular_l3,mixed_extreme150_after_observable_screen,unresolved,True,True,joint_triangular_l5,True,0,-50.123281000000134,-50.123281000000134,1.0932984565802935,4584.592679,4534.469398
round-calibrated-p3-0180-e49bb86c20b23ba5,3,calibrated,smoothed_joint,development,correlated,joint_triangular_l1,mixed_correlated150_after_observable_screen,unresolved,True,True,joint_triangular_l5,True,0,-370.8218659999998,-370.8218659999998,8.557633911950672,4333.228902,3962.407036
round-calibrated-p3-0180-e49bb86c20b23ba5,3,calibrated,smoothed_joint,development,correlated,joint_triangular_l2,mixed_correlated150_after_observable_screen,unresolved,True,True,joint_triangular_l5,True,0,-242.89651999999978,-242.89651999999978,5.605439396194626,4333.228902,4090.332382
round-calibrated-p3-0180-e49bb86c20b23ba5,3,calibrated,smoothed_joint,development,correlated,joint_triangular_l3,mixed_correlated150_after_observable_screen,unresolved,True,True,joint_triangular_l5,True,0,-167.0269529999996,-167.0269529999996,3.854561039295856,4333.228902,4166.201949
round-calibrated-p3-0181-27344c208f1a5ed1,3,calibrated,broad_joint,development,correlated,joint_triangular_l1,mixed_correlated150_after_observable_screen,unresolved,True,True,joint_triangular_l5,True,0,-432.12859100000014,-432.12859100000014,9.87183671942991,4377.38795,3945.259359
round-calibrated-p3-0181-27344c208f1a5ed1,3,calibrated,broad_joint,development,correlated,joint_triangular_l2,mixed_correlated150_after_observable_screen,unresolved,True,True,joint_triangular_l5,True,0,-321.49894900000027,-321.49894900000027,7.344538630623321,4377.38795,4055.889001
round-calibrated-p3-0181-27344c208f1a5ed1,3,calibrated,broad_joint,development,correlated,joint_triangular_l3,mixed_correlated150_after_observable_screen,unresolved,True,True,joint_triangular_l5,True,0,-233.70671500000026,-233.70671500000026,5.338953678985666,4377.38795,4143.681235
round-calibrated-p3-0182-a53b1cbaff41e6cc,3,calibrated,smoothed_joint,development,extreme,joint_triangular_l1,mixed_extreme150_after_observable_screen,unresolved,True,True,joint_triangular_l5,True,0,-210.71104100000002,-210.71104100000002,5.220521171183609,4036.207001,3825.49596
round-calibrated-p3-0182-a53b1cbaff41e6cc,3,calibrated,smoothed_joint,development,extreme,joint_triangular_l2,mixed_extreme150_after_observable_screen,unresolved,True,True,joint_triangular_l5,True,0,-96.29149600000028,-96.29149600000028,2.3856927054569637,4036.207001,3939.915505
round-calibrated-p3-0182-a53b1cbaff41e6cc,3,calibrated,smoothed_joint,development,extreme,joint_triangular_l3,mixed_extreme150_after_observable_screen,unresolved,True,True,joint_triangular_l5,True,0,-68.51938800000016,-68.51938800000016,1.6976182832799205,4036.207001,3967.687613
round-calibrated-p3-0183-ad078679ba75a41c,3,calibrated,broad_joint,development,extreme,joint_triangular_l1,mixed_extreme150_after_observable_screen,unresolved,True,True,joint_triangular_l5,True,0,-199.1481819999999,-199.1481819999999,4.106788954934869,4849.243148,4650.094966
round-calibrated-p3-0183-ad078679ba75a41c,3,calibrated,broad_joint,development,extreme,joint_triangular_l2,mixed_extreme150_after_observable_screen,unresolved,True,True,joint_triangular_l5,True,0,-101.3906279999992,-101.3906279999992,2.090854694341658,4849.243148,4747.85252
round-calibrated-p3-0183-ad078679ba75a41c,3,calibrated,broad_joint,development,extreme,joint_triangular_l3,mixed_extreme150_after_observable_screen,unresolved,True,True,joint_triangular_l5,True,0,-72.82672999999977,-72.82672999999977,1.501816423250216,4849.243148,4776.416418
round-calibrated-p3-0184-e484c2a896eeb731,3,calibrated,smoothed_joint,development,correlated,joint_triangular_l1,mixed_correlated150_after_observable_screen,unresolved,True,True,joint_triangular_l5,True,0,-656.9839030000003,-656.9839030000003,13.858328295617929,4740.715395,4083.731492
round-calibrated-p3-0184-e484c2a896eeb731,3,calibrated,smoothed_joint,development,correlated,joint_triangular_l2,mixed_correlated150_after_observable_screen,unresolved,True,True,joint_triangular_l5,True,0,-521.4062370000001,-521.4062370000001,10.9984716135865,4740.715395,4219.309158
round-calibrated-p3-0184-e484c2a896eeb731,3,calibrated,smoothed_joint,development,correlated,joint_triangular_l3,mixed_correlated150_after_observable_screen,unresolved,True,True,joint_triangular_l5,True,0,-400.2823920000001,-400.2823920000001,8.44350184831123,4740.715395,4340.433003
round-calibrated-p3-0185-4fe1441c30c7acdd,3,calibrated,broad_joint,development,correlated,joint_triangular_l1,mixed_correlated150_after_observable_screen,unresolved,True,True,joint_triangular_l5,True,0,-515.7724740000003,-515.7724740000003,9.692595908313,5321.303796,4805.531322
round-calibrated-p3-0185-4fe1441c30c7acdd,3,calibrated,broad_joint,development,correlated,joint_triangular_l2,mixed_correlated150_after_observable_screen,unresolved,True,True,joint_triangular_l5,True,0,-310.6109779999997,-310.6109779999997,5.83712168873885,5321.303796,5010.692818
round-calibrated-p3-0185-4fe1441c30c7acdd,3,calibrated,broad_joint,development,correlated,joint_triangular_l3,mixed_correlated150_after_observable_screen,unresolved,True,True,joint_triangular_l5,True,0,-210.87207000000035,-210.87207000000035,3.962789535874872,5321.303796,5110.431726
round-calibrated-p3-0187-81045fa92a087890,3,calibrated,broad_joint,development,extreme,joint_triangular_l1,mixed_extreme150_after_observable_screen,unresolved,True,True,joint_triangular_l5,True,0,-56.963588999999956,-56.963588999999956,1.1800218180076274,4827.33354,4770.369951
round-calibrated-p3-0187-81045fa92a087890,3,calibrated,broad_joint,development,extreme,joint_triangular_l2,mixed_extreme150_after_observable_screen,unresolved,True,True,joint_triangular_l5,True,0,-43.07562400000006,-43.07562400000006,0.892327485620562,4827.33354,4784.257916
round-calibrated-p3-0187-81045fa92a087890,3,calibrated,broad_joint,development,extreme,joint_triangular_l3,mixed_extreme150_after_observable_screen,unresolved,True,True,joint_triangular_l5,True,0,-48.271678999999494,-48.271678999999494,0.999965687061257,4827.33354,4779.061861
round-calibrated-p3-0188-0748d64a339c9d16,3,calibrated,smoothed_joint,development,correlated,joint_triangular_l1,mixed_correlated150_after_observable_screen,unresolved,True,True,joint_triangular_l5,True,0,-718.8326200000001,-718.8326200000001,12.775936713014444,5626.45727,4907.62465
round-calibrated-p3-0188-0748d64a339c9d16,3,calibrated,smoothed_joint,development,correlated,joint_triangular_l2,mixed_correlated150_after_observable_screen,unresolved,True,True,joint_triangular_l5,True,0,-609.7084059999997,-609.7084059999997,10.83645314878575,5626.45727,5016.748864
round-calibrated-p3-0188-0748d64a339c9d16,3,calibrated,smoothed_joint,development,correlated,joint_triangular_l3,mixed_correlated150_after_observable_screen,unresolved,True,True,joint_triangular_l5,True,0,-409.0410579999998,-409.0410579999998,7.269957601579719,5626.45727,5217.416212
round-calibrated-p3-0190-4d633b8713d4fcd9,3,calibrated,smoothed_joint,development,extreme,joint_triangular_l1,mixed_extreme150_after_observable_screen,unresolved,True,True,joint_triangular_l5,True,0,-344.69266700000026,-344.69266700000026,7.4869368461404635,4603.921124,4259.228457
round-calibrated-p3-0190-4d633b8713d4fcd9,3,calibrated,smoothed_joint,development,extreme,joint_triangular_l2,mixed_extreme150_after_observable_screen,unresolved,True,True,joint_triangular_l5,True,0,-247.3234250000005,-247.3234250000005,5.372016990271975,4603.921124,4356.597699
round-calibrated-p3-0190-4d633b8713d4fcd9,3,calibrated,smoothed_joint,development,extreme,joint_triangular_l3,mixed_extreme150_after_observable_screen,unresolved,True,True,joint_triangular_l5,True,0,-161.23124600000028,-161.23124600000028,3.5020418825055497,4603.921124,4442.689878
round-calibrated-p3-0191-fdda52bb25234c6a,3,calibrated,broad_joint,development,extreme,joint_triangular_l1,mixed_extreme150_after_observable_screen,unresolved,True,True,joint_triangular_l5,True,0,-337.1428589999996,-337.1428589999996,7.373129121091849,4572.588564,4235.445705
round-calibrated-p3-0191-fdda52bb25234c6a,3,calibrated,broad_joint,development,extreme,joint_triangular_l2,mixed_extreme150_after_observable_screen,unresolved,True,True,joint_triangular_l5,True,0,-312.555875,-312.555875,6.835425287565847,4572.588564,4260.032689
round-calibrated-p3-0191-fdda52bb25234c6a,3,calibrated,broad_joint,development,extreme,joint_triangular_l3,mixed_extreme150_after_observable_screen,unresolved,True,True,joint_triangular_l5,True,0,-187.07185599999957,-187.07185599999957,4.091158725121624,4572.588564,4385.516708
round-calibrated-p3-0192-17f4481178aa87c0,3,calibrated,smoothed_joint,development,correlated,joint_triangular_l1,mixed_correlated150_after_observable_screen,unresolved,True,True,joint_triangular_l5,True,0,-262.2869660000001,-262.2869660000001,6.350524433386071,4130.1623,3867.875334
round-calibrated-p3-0192-17f4481178aa87c0,3,calibrated,smoothed_joint,development,correlated,joint_triangular_l2,mixed_correlated150_after_observable_screen,unresolved,True,True,joint_triangular_l5,True,0,-182.41597599999977,-182.41597599999977,4.416678153301622,4130.1623,3947.746324
round-calibrated-p3-0192-17f4481178aa87c0,3,calibrated,smoothed_joint,development,correlated,joint_triangular_l3,mixed_correlated150_after_observable_screen,unresolved,True,True,joint_triangular_l5,True,0,-155.44226200000003,-155.44226200000003,3.763587256607326,4130.1623,3974.720038
round-calibrated-p3-0193-8777b0e924d4f00a,3,calibrated,broad_joint,development,correlated,joint_triangular_l1,mixed_correlated150_after_observable_screen,unresolved,True,True,joint_triangular_l5,True,0,-514.0391379999992,-514.0391379999992,8.818706683173183,5828.962868,5314.92373
round-calibrated-p3-0193-8777b0e924d4f00a,3,calibrated,broad_joint,development,correlated,joint_triangular_l2,mixed_correlated150_after_observable_screen,unresolved,True,True,joint_triangular_l5,True,0,-393.7991919999995,-393.7991919999995,6.755904968307297,5828.962868,5435.163676
round-calibrated-p3-0193-8777b0e924d4f00a,3,calibrated,broad_joint,development,correlated,joint_triangular_l3,mixed_correlated150_after_observable_screen,unresolved,True,True,joint_triangular_l5,True,0,-276.32478699999956,-276.32478699999956,4.740548074460638,5828.962868,5552.638081
round-calibrated-p3-0194-21eb4b4910e72468,3,calibrated,smoothed_joint,development,extreme,joint_triangular_l1,mixed_extreme150_after_observable_screen,unresolved,True,True,joint_triangular_l5,True,0,-317.193139,-317.193139,6.719441861121762,4720.528067,4403.334928
round-calibrated-p3-0194-21eb4b4910e72468,3,calibrated,smoothed_joint,development,extreme,joint_triangular_l2,mixed_extreme150_after_observable_screen,unresolved,True,True,joint_triangular_l5,True,0,-230.5260390000003,-230.5260390000003,4.883479893098161,4720.528067,4490.002028
round-calibrated-p3-0194-21eb4b4910e72468,3,calibrated,smoothed_joint,development,extreme,joint_triangular_l3,mixed_extreme150_after_observable_screen,unresolved,True,True,joint_triangular_l5,True,0,-179.56211200000052,-179.56211200000052,3.803856463756103,4720.528067,4540.965955
round-calibrated-p3-0195-e1c75ec481b86a5c,3,calibrated,broad_joint,development,extreme,joint_triangular_l1,mixed_extreme150_after_observable_screen,unresolved,True,True,joint_triangular_l5,True,0,-319.58392600000025,-319.58392600000025,7.014509777939262,4556.04078,4236.456854
round-calibrated-p3-0195-e1c75ec481b86a5c,3,calibrated,broad_joint,development,extreme,joint_triangular_l2,mixed_extreme150_after_observable_screen,unresolved,True,True,joint_triangular_l5,True,0,-277.0690170000007,-277.0690170000007,6.081355070750721,4556.04078,4278.971763
round-calibrated-p3-0195-e1c75ec481b86a5c,3,calibrated,broad_joint,development,extreme,joint_triangular_l3,mixed_extreme150_after_observable_screen,unresolved,True,True,joint_triangular_l5,True,0,-186.41534600000068,-186.41534600000068,4.0916083723026,4556.04078,4369.625434
round-calibrated-p3-0196-400c4e0acd7e4bf8,3,calibrated,smoothed_joint,development,correlated,joint_triangular_l1,mixed_correlated150_after_observable_screen,unresolved,True,True,joint_triangular_l5,True,0,-439.9699980000005,-439.9699980000005,9.965691248652652,4414.846768,3974.87677
round-calibrated-p3-0196-400c4e0acd7e4bf8,3,calibrated,smoothed_joint,development,correlated,joint_triangular_l2,mixed_correlated150_after_observable_screen,unresolved,True,True,joint_triangular_l5,True,0,-334.71519300000045,-334.71519300000045,7.581581209705995,4414.846768,4080.131575
round-calibrated-p3-0196-400c4e0acd7e4bf8,3,calibrated,smoothed_joint,development,correlated,joint_triangular_l3,mixed_correlated150_after_observable_screen,unresolved,True,True,joint_triangular_l5,True,0,-208.04254300000048,-208.04254300000048,4.712338931170815,4414.846768,4206.804225
round-calibrated-p3-0197-582c7ed38129c949,3,calibrated,broad_joint,development,correlated,joint_triangular_l1,mixed_correlated150_after_observable_screen,unresolved,True,True,joint_triangular_l5,True,0,-251.084335,-251.084335,6.168976426359657,4070.113381,3819.029046
round-calibrated-p3-0197-582c7ed38129c949,3,calibrated,broad_joint,development,correlated,joint_triangular_l2,mixed_correlated150_after_observable_screen,unresolved,True,True,joint_triangular_l5,True,0,-202.36265700000013,-202.36265700000013,4.971916948178012,4070.113381,3867.750724
round-calibrated-p3-0197-582c7ed38129c949,3,calibrated,broad_joint,development,correlated,joint_triangular_l3,mixed_correlated150_after_observable_screen,unresolved,True,True,joint_triangular_l5,True,0,-142.560559,-142.560559,3.5026188623024015,4070.113381,3927.552822
round-calibrated-p3-0198-5d9b3f474b6a46d7,3,calibrated,smoothed_joint,development,extreme,joint_triangular_l1,mixed_extreme150_after_observable_screen,unresolved,True,True,joint_triangular_l5,True,0,-273.69605499999943,-273.69605499999943,5.99725258502742,4563.690642,4289.994587
round-calibrated-p3-0198-5d9b3f474b6a46d7,3,calibrated,smoothed_joint,development,extreme,joint_triangular_l2,mixed_extreme150_after_observable_screen,unresolved,True,True,joint_triangular_l5,True,0,-197.76054399999975,-197.76054399999975,4.333346835124934,4563.690642,4365.930098
round-calibrated-p3-0198-5d9b3f474b6a46d7,3,calibrated,smoothed_joint,development,extreme,joint_triangular_l3,mixed_extreme150_after_observable_screen,unresolved,True,True,joint_triangular_l5,True,0,-121.09702599999946,-121.09702599999946,2.653488930330512,4563.690642,4442.593616
round-calibrated-p3-0199-028deab658609069,3,calibrated,broad_joint,development,extreme,joint_triangular_l1,mixed_extreme150_after_observable_screen,unresolved,True,True,joint_triangular_l5,True,0,-379.65625100000034,-379.65625100000034,8.071861875282856,4703.453266,4323.797015
round-calibrated-p3-0199-028deab658609069,3,calibrated,broad_joint,development,extreme,joint_triangular_l2,mixed_extreme150_after_observable_screen,unresolved,True,True,joint_triangular_l5,True,0,-320.1229650000005,-320.1229650000005,6.806126199107438,4703.453266,4383.330301
round-calibrated-p3-0199-028deab658609069,3,calibrated,broad_joint,development,extreme,joint_triangular_l3,mixed_extreme150_after_observable_screen,unresolved,True,True,joint_triangular_l5,True,0,-178.96603900000082,-178.96603900000082,3.804992393433527,4703.453266,4524.487227
round-calibrated-p4-0001-762994e72a8125f4,4,calibrated,broad_joint,development,correlated,joint_triangular_l1,mixed_correlated150_after_observable_screen,unresolved,True,True,joint_triangular_l5,True,0,-687.3621910000002,-687.3621910000002,6.064242857762459,11334.674536,10647.312345
round-calibrated-p4-0001-762994e72a8125f4,4,calibrated,broad_joint,development,correlated,joint_triangular_l2,mixed_correlated150_after_observable_screen,unresolved,True,True,joint_triangular_l5,True,0,-621.8965870000011,-621.8965870000011,5.486673525779665,11334.674536,10712.777949
round-calibrated-p4-0001-762994e72a8125f4,4,calibrated,broad_joint,development,correlated,joint_triangular_l3,mixed_correlated150_after_observable_screen,unresolved,True,True,joint_triangular_l5,True,0,-456.50734900000134,-456.50734900000134,4.027529397073473,11334.674536,10878.167187
round-calibrated-p4-0004-d1c826e362b71096,4,calibrated,smoothed_joint,development,correlated,joint_triangular_l1,mixed_correlated150_after_observable_screen,unresolved,True,True,joint_triangular_l5,True,0,-1067.647570000001,-1067.647570000001,8.300866922441598,12861.880331,11794.232761
round-calibrated-p4-0004-d1c826e362b71096,4,calibrated,smoothed_joint,development,correlated,joint_triangular_l2,mixed_correlated150_after_observable_screen,unresolved,True,True,joint_triangular_l5,True,0,-802.7198960000005,-802.7198960000005,6.241077317950678,12861.880331,12059.160435
round-calibrated-p4-0004-d1c826e362b71096,4,calibrated,smoothed_joint,development,correlated,joint_triangular_l3,mixed_correlated150_after_observable_screen,unresolved,True,True,joint_triangular_l5,True,0,-645.2218720000001,-645.2218720000001,5.016543890902728,12861.880331,12216.658459
round-calibrated-p4-0005-93b2a8a0aff1968e,4,calibrated,broad_joint,development,correlated,joint_triangular_l1,mixed_correlated150_after_observable_screen,unresolved,True,True,joint_triangular_l5,True,0,-535.582214,-535.582214,4.383465395664716,12218.237528,11682.655314
round-calibrated-p4-0005-93b2a8a0aff1968e,4,calibrated,broad_joint,development,correlated,joint_triangular_l2,mixed_correlated150_after_observable_screen,unresolved,True,True,joint_triangular_l5,True,0,-340.2679619999999,-340.2679619999999,2.784918538538989,12218.237528,11877.969566
round-calibrated-p4-0005-93b2a8a0aff1968e,4,calibrated,broad_joint,development,correlated,joint_triangular_l3,mixed_correlated150_after_observable_screen,unresolved,True,True,joint_triangular_l5,True,0,-221.82740299999932,-221.82740299999932,1.8155433833369763,12218.237528,11996.410125
round-calibrated-p4-0006-cc9edfee26eb2481,4,calibrated,smoothed_joint,development,extreme,joint_triangular_l1,mixed_extreme150_after_observable_screen,unresolved,True,True,joint_triangular_l5,True,0,-324.2178129999993,-324.2178129999993,2.8223129366965587,11487.663497,11163.445684
round-calibrated-p4-0006-cc9edfee26eb2481,4,calibrated,smoothed_joint,development,extreme,joint_triangular_l2,mixed_extreme150_after_observable_screen,unresolved,True,True,joint_triangular_l5,True,0,-71.03744999999981,-71.03744999999981,0.6183803174470702,11487.663497,11416.626047
round-calibrated-p4-0006-cc9edfee26eb2481,4,calibrated,smoothed_joint,development,extreme,joint_triangular_l3,mixed_extreme150_after_observable_screen,unresolved,True,True,joint_triangular_l5,True,0,60.26268700000037,60.26268700000037,-0.5245861094010802,11487.663497,11547.926184
round-calibrated-p4-0007-088298901ad821ac,4,calibrated,broad_joint,development,extreme,joint_triangular_l1,mixed_extreme150_after_observable_screen,unresolved,True,True,joint_triangular_l5,True,0,-454.3309129999998,-454.3309129999998,3.917508110776264,11597.446646,11143.115733
round-calibrated-p4-0007-088298901ad821ac,4,calibrated,broad_joint,development,extreme,joint_triangular_l2,mixed_extreme150_after_observable_screen,unresolved,True,True,joint_triangular_l5,True,0,-318.7881130000005,-318.7881130000005,2.7487784400366406,11597.446646,11278.658533
round-calibrated-p4-0007-088298901ad821ac,4,calibrated,broad_joint,development,extreme,joint_triangular_l3,mixed_extreme150_after_observable_screen,unresolved,True,True,joint_triangular_l5,True,0,-633.8641509999998,-633.8641509999998,5.465549188093241,11597.446646,10963.582495
round-calibrated-p4-0008-62f4fa3f0d4c5735,4,calibrated,smoothed_joint,development,correlated,joint_triangular_l1,mixed_correlated150_after_observable_screen,unresolved,True,True,joint_triangular_l5,True,0,-110.16930500000126,-110.16930500000126,0.9296469689108937,11850.660378,11740.491073
round-calibrated-p4-0008-62f4fa3f0d4c5735,4,calibrated,smoothed_joint,development,correlated,joint_triangular_l2,mixed_correlated150_after_observable_screen,unresolved,True,True,joint_triangular_l5,True,0,-565.4984640000002,-565.4984640000002,4.7718730092865735,11850.660378,11285.161914
round-calibrated-p4-0008-62f4fa3f0d4c5735,4,calibrated,smoothed_joint,development,correlated,joint_triangular_l3,mixed_correlated150_after_observable_screen,unresolved,True,True,joint_triangular_l5,True,0,-372.0037850000008,-372.0037850000008,3.1390975113133965,11850.660378,11478.656593
round-calibrated-p4-0010-2eb597f782b97a62,4,calibrated,smoothed_joint,development,extreme,joint_triangular_l1,mixed_extreme150_after_observable_screen,unresolved,True,True,joint_triangular_l5,True,0,-547.2281299999995,-547.2281299999995,5.16224328532074,10600.587763,10053.359633
round-calibrated-p4-0010-2eb597f782b97a62,4,calibrated,smoothed_joint,development,extreme,joint_triangular_l2,mixed_extreme150_after_observable_screen,unresolved,True,True,joint_triangular_l5,True,0,-425.06121299999904,-425.06121299999904,4.0097891032384165,10600.587763,10175.52655
round-calibrated-p4-0010-2eb597f782b97a62,4,calibrated,smoothed_joint,development,extreme,joint_triangular_l3,mixed_extreme150_after_observable_screen,unresolved,True,True,joint_triangular_l5,True,0,-323.5024830000002,-323.5024830000002,3.051740999957987,10600.587763,10277.08528
round-calibrated-p4-0011-956272705bd2ff1c,4,calibrated,broad_joint,development,extreme,joint_triangular_l1,mixed_extreme150_after_observable_screen,unresolved,True,True,joint_triangular_l5,True,0,-238.26087200000075,-238.26087200000075,2.3851960471009237,9989.15256,9750.891688
round-calibrated-p4-0011-956272705bd2ff1c,4,calibrated,broad_joint,development,extreme,joint_triangular_l2,mixed_extreme150_after_observable_screen,unresolved,True,True,joint_triangular_l5,True,0,-105.387345000001,-105.387345000001,1.0550178743090595,9989.15256,9883.765215
round-calibrated-p4-0011-956272705bd2ff1c,4,calibrated,broad_joint,development,extreme,joint_triangular_l3,mixed_extreme150_after_observable_screen,unresolved,True,True,joint_triangular_l5,True,0,-35.72910299999967,-35.72910299999967,0.3576790201710531,9989.15256,9953.423457
round-calibrated-p4-0012-dfbbcab393989815,4,calibrated,smoothed_joint,development,correlated,joint_triangular_l1,mixed_correlated150_after_observable_screen,unresolved,True,True,joint_triangular_l5,True,0,-289.464304000001,-289.464304000001,2.6530226250074342,10910.736353,10621.272049
round-calibrated-p4-0012-dfbbcab393989815,4,calibrated,smoothed_joint,development,correlated,joint_triangular_l2,mixed_correlated150_after_observable_screen,unresolved,True,True,joint_triangular_l5,True,0,-157.62967000000026,-157.62967000000026,1.4447207310316745,10910.736353,10753.106683
round-calibrated-p4-0012-dfbbcab393989815,4,calibrated,smoothed_joint,development,correlated,joint_triangular_l3,mixed_correlated150_after_observable_screen,unresolved,True,True,joint_triangular_l5,True,0,-254.48389300000053,-254.48389300000053,2.332417215177489,10910.736353,10656.25246
round-calibrated-p4-0013-3d223c336370c3ca,4,calibrated,broad_joint,development,correlated,joint_triangular_l1,mixed_correlated150_after_observable_screen,unresolved,True,True,joint_triangular_l5,True,0,-714.1644379999998,-714.1644379999998,6.669133448775499,10708.504238,9994.3398
round-calibrated-p4-0013-3d223c336370c3ca,4,calibrated,broad_joint,development,correlated,joint_triangular_l2,mixed_correlated150_after_observable_screen,unresolved,True,True,joint_triangular_l5,True,0,-510.9024300000001,-510.9024300000001,4.77099713129889,10708.504238,10197.601808
round-calibrated-p4-0013-3d223c336370c3ca,4,calibrated,broad_joint,development,correlated,joint_triangular_l3,mixed_correlated150_after_observable_screen,unresolved,True,True,joint_triangular_l5,True,0,-419.8624749999999,-419.8624749999999,3.920832131812431,10708.504238,10288.641763
round-calibrated-p4-0014-87584c97c7969f72,4,calibrated,smoothed_joint,development,extreme,joint_triangular_l1,mixed_extreme150_after_observable_screen,unresolved,True,True,joint_triangular_l5,True,0,345.02684899999986,345.02684899999986,-2.739687292419153,12593.658041,12938.68489
round-calibrated-p4-0014-87584c97c7969f72,4,calibrated,smoothed_joint,development,extreme,joint_triangular_l2,mixed_extreme150_after_observable_screen,unresolved,True,True,joint_triangular_l5,True,0,-333.70282600000064,-333.70282600000064,2.649768835342324,12593.658041,12259.955215
round-calibrated-p4-0014-87584c97c7969f72,4,calibrated,smoothed_joint,development,extreme,joint_triangular_l3,mixed_extreme150_after_observable_screen,unresolved,True,True,joint_triangular_l5,True,0,-256.2670340000004,-256.2670340000004,2.0348895703352885,12593.658041,12337.391007
round-calibrated-p4-0015-d488f9e35acf919a,4,calibrated,broad_joint,development,extreme,joint_triangular_l1,mixed_extreme150_after_observable_screen,unresolved,True,True,joint_triangular_l5,True,0,-505.34353100000044,-505.34353100000044,4.935749053371554,10238.436467,9733.092936
round-calibrated-p4-0015-d488f9e35acf919a,4,calibrated,broad_joint,development,extreme,joint_triangular_l2,mixed_extreme150_after_observable_screen,unresolved,True,True,joint_triangular_l5,True,0,-420.90798299999915,-420.90798299999915,4.111057233754861,10238.436467,9817.528484
round-calibrated-p4-0015-d488f9e35acf919a,4,calibrated,broad_joint,development,extreme,joint_triangular_l3,mixed_extreme150_after_observable_screen,unresolved,True,True,joint_triangular_l5,True,0,-327.59524500000043,-327.59524500000043,3.199660866733788,10238.436467,9910.841222
round-calibrated-p4-0016-ad79a27f4e32a22f,4,calibrated,smoothed_joint,development,correlated,joint_triangular_l1,mixed_correlated150_after_observable_screen,unresolved,True,True,joint_triangular_l5,True,0,-1090.6138599999995,-1090.6138599999995,9.7718276621908,11160.797117,10070.183257
round-calibrated-p4-0016-ad79a27f4e32a22f,4,calibrated,smoothed_joint,development,correlated,joint_triangular_l2,mixed_correlated150_after_observable_screen,unresolved,True,True,joint_triangular_l5,True,0,-799.8994930000008,-799.8994930000008,7.167046265733143,11160.797117,10360.897624
round-calibrated-p4-0016-ad79a27f4e32a22f,4,calibrated,smoothed_joint,development,correlated,joint_triangular_l3,mixed_correlated150_after_observable_screen,unresolved,True,True,joint_triangular_l5,True,0,-562.3396360000006,-562.3396360000006,5.038525744218137,11160.797117,10598.457481
round-calibrated-p4-0017-8ffe1cb12120ddd2,4,calibrated,broad_joint,development,correlated,joint_triangular_l1,mixed_correlated150_after_observable_screen,unresolved,True,True,joint_triangular_l5,True,0,196.8039430000008,196.8039430000008,-1.582489484747376,12436.350756,12633.154699
round-calibrated-p4-0017-8ffe1cb12120ddd2,4,calibrated,broad_joint,development,correlated,joint_triangular_l2,mixed_correlated150_after_observable_screen,unresolved,True,True,joint_triangular_l5,True,0,-83.00554999999986,-83.00554999999986,0.6674429792835593,12436.350756,12353.345206
round-calibrated-p4-0017-8ffe1cb12120ddd2,4,calibrated,broad_joint,development,correlated,joint_triangular_l3,mixed_correlated150_after_observable_screen,unresolved,True,True,joint_triangular_l5,True,0,-535.589308999999,-535.589308999999,4.306643640953922,12436.350756,11900.761447
round-calibrated-p4-0018-40ec868ffe0ae161,4,calibrated,smoothed_joint,development,extreme,joint_triangular_l1,mixed_extreme150_after_observable_screen,unresolved,True,True,joint_triangular_l5,True,0,-712.6691710000014,-712.6691710000014,7.445492430375565,9571.820503,8859.151332
round-calibrated-p4-0018-40ec868ffe0ae161,4,calibrated,smoothed_joint,development,extreme,joint_triangular_l2,mixed_extreme150_after_observable_screen,unresolved,True,True,joint_triangular_l5,True,0,-498.6507500000007,-498.6507500000007,5.20957063333682,9571.820503,9073.169753
round-calibrated-p4-0018-40ec868ffe0ae161,4,calibrated,smoothed_joint,development,extreme,joint_triangular_l3,mixed_extreme150_after_observable_screen,unresolved,True,True,joint_triangular_l5,True,0,-323.486221000001,-323.486221000001,3.379568399748135,9571.820503,9248.334282
round-calibrated-p4-0020-92333ccffe276055,4,calibrated,smoothed_joint,development,correlated,joint_triangular_l1,mixed_correlated150_after_observable_screen,unresolved,True,True,joint_triangular_l5,True,0,-304.6224910000001,-304.6224910000001,3.0007548058114,10151.528889,9846.906398
round-calibrated-p4-0020-92333ccffe276055,4,calibrated,smoothed_joint,development,correlated,joint_triangular_l2,mixed_correlated150_after_observable_screen,unresolved,True,True,joint_triangular_l5,True,0,13.068998000000647,13.068998000000647,-0.12873920906792632,10151.528889,10164.597887
round-calibrated-p4-0020-92333ccffe276055,4,calibrated,smoothed_joint,development,correlated,joint_triangular_l3,mixed_correlated150_after_observable_screen,unresolved,True,True,joint_triangular_l5,True,0,115.16830699999991,115.16830699999991,-1.1344922352020697,10151.528889,10266.697196
round-calibrated-p4-0021-638d038d7e0e0c1d,4,calibrated,broad_joint,development,correlated,joint_triangular_l1,mixed_correlated150_after_observable_screen,unresolved,True,True,joint_triangular_l5,True,0,-509.60770500000035,-509.60770500000035,4.9848875592616695,10223.053157,9713.445452
round-calibrated-p4-0021-638d038d7e0e0c1d,4,calibrated,broad_joint,development,correlated,joint_triangular_l2,mixed_correlated150_after_observable_screen,unresolved,True,True,joint_triangular_l5,True,0,-332.5650110000006,-332.5650110000006,3.2530889343198255,10223.053157,9890.488146
round-calibrated-p4-0021-638d038d7e0e0c1d,4,calibrated,broad_joint,development,correlated,joint_triangular_l3,mixed_correlated150_after_observable_screen,unresolved,True,True,joint_triangular_l5,True,0,-214.42524700000104,-214.42524700000104,2.09746778880024,10223.053157,10008.62791
round-calibrated-p4-0023-4dd23fa3ab42ce4b,4,calibrated,broad_joint,development,extreme,joint_triangular_l1,mixed_extreme150_after_observable_screen,unresolved,True,True,joint_triangular_l5,True,0,299.24767299999985,299.24767299999985,-2.929148017919303,10216.201816,10515.449489
round-calibrated-p4-0023-4dd23fa3ab42ce4b,4,calibrated,broad_joint,development,extreme,joint_triangular_l2,mixed_extreme150_after_observable_screen,unresolved,True,True,joint_triangular_l5,True,0,184.7604309999988,184.7604309999988,-1.8085041224483067,10216.201816,10400.962247
round-calibrated-p4-0023-4dd23fa3ab42ce4b,4,calibrated,broad_joint,development,extreme,joint_triangular_l3,mixed_extreme150_after_observable_screen,unresolved,True,True,joint_triangular_l5,True,0,-130.90154799999982,-130.90154799999982,1.2813132547459045,10216.201816,10085.300268
round-calibrated-p4-0024-8a50b91c90ca69c3,4,calibrated,smoothed_joint,development,correlated,joint_triangular_l1,mixed_correlated150_after_observable_screen,unresolved,True,True,joint_triangular_l5,True,0,133.3635030000005,133.3635030000005,-1.2506120028766106,10663.85919,10797.222693
round-calibrated-p4-0024-8a50b91c90ca69c3,4,calibrated,smoothed_joint,development,correlated,joint_triangular_l2,mixed_correlated150_after_observable_screen,unresolved,True,True,joint_triangular_l5,True,0,-225.6872429999985,-225.6872429999985,2.1163749349919776,10663.85919,10438.171947
round-calibrated-p4-0024-8a50b91c90ca69c3,4,calibrated,smoothed_joint,development,correlated,joint_triangular_l3,mixed_correlated150_after_observable_screen,unresolved,True,True,joint_triangular_l5,True,0,-135.87419599999885,-135.87419599999885,1.2741559465396397,10663.85919,10527.984994
round-calibrated-p4-0027-dfb0517932482762,4,calibrated,broad_joint,development,extreme,joint_triangular_l1,mixed_extreme150_after_observable_screen,unresolved,True,True,joint_triangular_l5,True,0,651.3568410000007,651.3568410000007,-6.276514102407657,10377.684657,11029.041498
round-calibrated-p4-0027-dfb0517932482762,4,calibrated,broad_joint,development,extreme,joint_triangular_l2,mixed_extreme150_after_observable_screen,unresolved,True,True,joint_triangular_l5,True,0,-134.65590299999894,-134.65590299999894,1.2975524642596485,10377.684657,10243.028754
round-calibrated-p4-0027-dfb0517932482762,4,calibrated,broad_joint,development,extreme,joint_triangular_l3,mixed_extreme150_after_observable_screen,unresolved,True,True,joint_triangular_l5,True,0,-116.71882899999946,-116.71882899999946,1.1247097291713308,10377.684657,10260.965828
round-calibrated-p4-0028-05730dd205f71fbf,4,calibrated,smoothed_joint,development,correlated,joint_triangular_l1,mixed_correlated150_after_observable_screen,unresolved,True,True,joint_triangular_l5,True,0,-459.2912579999993,-459.2912579999993,3.8014476732881026,12082.00921,11622.717952
round-calibrated-p4-0028-05730dd205f71fbf,4,calibrated,smoothed_joint,development,correlated,joint_triangular_l2,mixed_correlated150_after_observable_screen,unresolved,True,True,joint_triangular_l5,True,0,-403.179134,-403.179134,3.337020581529585,12082.00921,11678.830076
round-calibrated-p4-0028-05730dd205f71fbf,4,calibrated,smoothed_joint,development,correlated,joint_triangular_l3,mixed_correlated150_after_observable_screen,unresolved,True,True,joint_triangular_l5,True,0,-310.01326100000006,-310.01326100000006,2.5659081665275445,12082.00921,11771.995949
round-calibrated-p4-0029-c7aa66d17b3d08d5,4,calibrated,broad_joint,development,correlated,joint_triangular_l1,mixed_correlated150_after_observable_screen,unresolved,True,True,joint_triangular_l5,True,0,-364.9215400000012,-364.9215400000012,2.839905941756491,12849.775573,12484.854033
round-calibrated-p4-0029-c7aa66d17b3d08d5,4,calibrated,broad_joint,development,correlated,joint_triangular_l2,mixed_correlated150_after_observable_screen,unresolved,True,True,joint_triangular_l5,True,0,-92.19170400000075,-92.19170400000075,0.7174576978115814,12849.775573,12757.583869
round-calibrated-p4-0029-c7aa66d17b3d08d5,4,calibrated,broad_joint,development,correlated,joint_triangular_l3,mixed_correlated150_after_observable_screen,unresolved,True,True,joint_triangular_l5,True,0,-441.94676900000013,-441.94676900000013,3.439334535372123,12849.775573,12407.828804
round-calibrated-p4-0030-03377bfe23a94256,4,calibrated,smoothed_joint,development,extreme,joint_triangular_l1,mixed_extreme150_after_observable_screen,unresolved,True,True,joint_triangular_l5,True,0,-457.95332699999926,-457.95332699999926,4.207789603589209,10883.465433,10425.512106
round-calibrated-p4-0030-03377bfe23a94256,4,calibrated,smoothed_joint,development,extreme,joint_triangular_l2,mixed_extreme150_after_observable_screen,unresolved,True,True,joint_triangular_l5,True,0,-283.83553199999915,-283.83553199999915,2.6079517939146024,10883.465433,10599.629901
round-calibrated-p4-0030-03377bfe23a94256,4,calibrated,smoothed_joint,development,extreme,joint_triangular_l3,mixed_extreme150_after_observable_screen,unresolved,True,True,joint_triangular_l5,True,0,-149.96594499999992,-149.96594499999992,1.3779245767187795,10883.465433,10733.499488
round-calibrated-p4-0033-344ddb6c47adafed,4,calibrated,broad_joint,development,correlated,joint_triangular_l1,mixed_correlated150_after_observable_screen,unresolved,True,True,joint_triangular_l5,True,0,-611.7273789999999,-611.7273789999999,5.881805805970338,10400.332809,9788.60543
round-calibrated-p4-0033-344ddb6c47adafed,4,calibrated,broad_joint,development,correlated,joint_triangular_l2,mixed_correlated150_after_observable_screen,unresolved,True,True,joint_triangular_l5,True,0,-421.52133499999945,-421.52133499999945,4.052960061386046,10400.332809,9978.811474
round-calibrated-p4-0033-344ddb6c47adafed,4,calibrated,broad_joint,development,correlated,joint_triangular_l3,mixed_correlated150_after_observable_screen,unresolved,True,True,joint_triangular_l5,True,0,-311.4970319999993,-311.4970319999993,2.9950679244652942,10400.332809,10088.835777
round-calibrated-p4-0034-fd01570f4cd687a3,4,calibrated,smoothed_joint,development,extreme,joint_triangular_l1,mixed_extreme150_after_observable_screen,unresolved,True,True,joint_triangular_l5,True,0,-165.50742300000093,-165.50742300000093,1.4587820067526707,11345.58983,11180.082407
round-calibrated-p4-0034-fd01570f4cd687a3,4,calibrated,smoothed_joint,development,extreme,joint_triangular_l2,mixed_extreme150_after_observable_screen,unresolved,True,True,joint_triangular_l5,True,0,-33.00280700000076,-33.00280700000076,0.2908866572342917,11345.58983,11312.587023
round-calibrated-p4-0034-fd01570f4cd687a3,4,calibrated,smoothed_joint,development,extreme,joint_triangular_l3,mixed_extreme150_after_observable_screen,unresolved,True,True,joint_triangular_l5,True,0,95.06616499999836,95.06616499999836,-0.8379129373126506,11345.58983,11440.655995
round-calibrated-p4-0035-debd2ec6e9d27d5b,4,calibrated,broad_joint,development,extreme,joint_triangular_l1,mixed_extreme150_after_observable_screen,unresolved,True,True,joint_triangular_l5,True,0,-294.95314399999916,-294.95314399999916,2.6350832185078095,11193.314197,10898.361053
round-calibrated-p4-0035-debd2ec6e9d27d5b,4,calibrated,broad_joint,development,extreme,joint_triangular_l2,mixed_extreme150_after_observable_screen,unresolved,True,True,joint_triangular_l5,True,0,-530.7842499999988,-530.7842499999988,4.741975796071713,11193.314197,10662.529947
round-calibrated-p4-0035-debd2ec6e9d27d5b,4,calibrated,broad_joint,development,extreme,joint_triangular_l3,mixed_extreme150_after_observable_screen,unresolved,True,True,joint_triangular_l5,True,0,-455.0531149999988,-455.0531149999988,4.065401068809101,11193.314197,10738.261082
round-calibrated-p4-0037-7a54f6043e3483d7,4,calibrated,broad_joint,development,correlated,joint_triangular_l1,mixed_correlated150_after_observable_screen,unresolved,True,True,joint_triangular_l5,True,0,-553.8152360000004,-553.8152360000004,5.563271298199139,9954.848619,9401.033383
round-calibrated-p4-0037-7a54f6043e3483d7,4,calibrated,broad_joint,development,correlated,joint_triangular_l2,mixed_correlated150_after_observable_screen,unresolved,True,True,joint_triangular_l5,True,0,-430.6750780000002,-430.6750780000002,4.326284552213141,9954.848619,9524.173541
round-calibrated-p4-0037-7a54f6043e3483d7,4,calibrated,broad_joint,development,correlated,joint_triangular_l3,mixed_correlated150_after_observable_screen,unresolved,True,True,joint_triangular_l5,True,0,-337.2087169999995,-337.2087169999995,3.3873816660194813,9954.848619,9617.639902
round-calibrated-p4-0038-08b3247dd10383d3,4,calibrated,smoothed_joint,development,extreme,joint_triangular_l1,mixed_extreme150_after_observable_screen,unresolved,True,True,joint_triangular_l5,True,0,77.00868699999955,77.00868699999955,-0.6447480517135652,11943.996852,12021.005539
round-calibrated-p4-0038-08b3247dd10383d3,4,calibrated,smoothed_joint,development,extreme,joint_triangular_l2,mixed_extreme150_after_observable_screen,unresolved,True,True,joint_triangular_l5,True,0,-542.0999630000006,-542.0999630000006,4.538681395493058,11943.996852,11401.896889
round-calibrated-p4-0038-08b3247dd10383d3,4,calibrated,smoothed_joint,development,extreme,joint_triangular_l3,mixed_extreme150_after_observable_screen,unresolved,True,True,joint_triangular_l5,True,0,-396.9868170000009,-396.9868170000009,3.3237351107768096,11943.996852,11547.010035
round-calibrated-p4-0039-60acef2b2dfeee95,4,calibrated,broad_joint,development,extreme,joint_triangular_l1,mixed_extreme150_after_observable_screen,unresolved,True,True,joint_triangular_l5,True,0,-219.40027800000098,-219.40027800000098,2.1351928523827524,10275.431456,10056.031178
round-calibrated-p4-0039-60acef2b2dfeee95,4,calibrated,broad_joint,development,extreme,joint_triangular_l2,mixed_extreme150_after_observable_screen,unresolved,True,True,joint_triangular_l5,True,0,-111.41475999999966,-111.41475999999966,1.0842830345089078,10275.431456,10164.016696
round-calibrated-p4-0039-60acef2b2dfeee95,4,calibrated,broad_joint,development,extreme,joint_triangular_l3,mixed_extreme150_after_observable_screen,unresolved,True,True,joint_triangular_l5,True,0,-51.35166299999946,-51.35166299999946,0.49975189090492494,10275.431456,10224.079793
round-calibrated-p4-0040-a06b38fc3c8a6e0e,4,calibrated,smoothed_joint,development,correlated,joint_triangular_l1,mixed_correlated150_after_observable_screen,unresolved,True,True,joint_triangular_l5,True,0,150.55128299999888,150.55128299999888,-1.4061783050882137,10706.414859,10856.966142
round-calibrated-p4-0040-a06b38fc3c8a6e0e,4,calibrated,smoothed_joint,development,correlated,joint_triangular_l2,mixed_correlated150_after_observable_screen,unresolved,True,True,joint_triangular_l5,True,0,-799.8866900000012,-799.8866900000012,7.471097473190125,10706.414859,9906.528169
round-calibrated-p4-0040-a06b38fc3c8a6e0e,4,calibrated,smoothed_joint,development,correlated,joint_triangular_l3,mixed_correlated150_after_observable_screen,unresolved,True,True,joint_triangular_l5,True,0,-565.1718920000003,-565.1718920000003,5.278815546036,10706.414859,10141.242967
round-calibrated-p4-0041-b6bd428f76bca122,4,calibrated,broad_joint,development,correlated,joint_triangular_l1,mixed_correlated150_after_observable_screen,unresolved,True,True,joint_triangular_l5,True,0,-581.6861549999994,-581.6861549999994,5.170417434920693,11250.274515,10668.58836
round-calibrated-p4-0041-b6bd428f76bca122,4,calibrated,broad_joint,development,correlated,joint_triangular_l2,mixed_correlated150_after_observable_screen,unresolved,True,True,joint_triangular_l5,True,0,-375.1596849999987,-375.1596849999987,3.334671385127519,11250.274515,10875.11483
round-calibrated-p4-0041-b6bd428f76bca122,4,calibrated,broad_joint,development,correlated,joint_triangular_l3,mixed_correlated150_after_observable_screen,unresolved,True,True,joint_triangular_l5,True,0,-244.46095799999966,-244.46095799999966,2.1729332708642772,11250.274515,11005.813557
round-calibrated-p4-0042-9aee8f87d416b686,4,calibrated,smoothed_joint,development,extreme,joint_triangular_l1,mixed_extreme150_after_observable_screen,unresolved,True,True,joint_triangular_l5,True,0,-88.84214799999972,-88.84214799999972,0.8522144813290099,10424.85782,10336.015672
round-calibrated-p4-0042-9aee8f87d416b686,4,calibrated,smoothed_joint,development,extreme,joint_triangular_l2,mixed_extreme150_after_observable_screen,unresolved,True,True,joint_triangular_l5,True,0,-378.62038199999915,-378.62038199999915,3.6318997202400136,10424.85782,10046.237438
round-calibrated-p4-0042-9aee8f87d416b686,4,calibrated,smoothed_joint,development,extreme,joint_triangular_l3,mixed_extreme150_after_observable_screen,unresolved,True,True,joint_triangular_l5,True,0,-273.8830139999991,-273.8830139999991,2.6272110251187972,10424.85782,10150.974806
round-calibrated-p4-0043-27ecfaf6748d209c,4,calibrated,broad_joint,development,extreme,joint_triangular_l1,mixed_extreme150_after_observable_screen,unresolved,True,True,joint_triangular_l5,True,0,-390.29626800000005,-390.29626800000005,3.796543753337399,10280.304755,9890.008487
round-calibrated-p4-0043-27ecfaf6748d209c,4,calibrated,broad_joint,development,extreme,joint_triangular_l2,mixed_extreme150_after_observable_screen,unresolved,True,True,joint_triangular_l5,True,0,-294.0647799999988,-294.0647799999988,2.8604675348459434,10280.304755,9986.239975
round-calibrated-p4-0043-27ecfaf6748d209c,4,calibrated,broad_joint,development,extreme,joint_triangular_l3,mixed_extreme150_after_observable_screen,unresolved,True,True,joint_triangular_l5,True,0,-168.86493299999893,-168.86493299999893,1.6426062945057016,10280.304755,10111.439822
round-calibrated-p4-0044-2990c8876e80522a,4,calibrated,smoothed_joint,development,correlated,joint_triangular_l1,mixed_correlated150_after_observable_screen,unresolved,True,True,joint_triangular_l5,True,0,-783.704287999999,-783.704287999999,6.613083026726241,11850.815797,11067.111509
round-calibrated-p4-0044-2990c8876e80522a,4,calibrated,smoothed_joint,development,correlated,joint_triangular_l2,mixed_correlated150_after_observable_screen,unresolved,True,True,joint_triangular_l5,True,0,-554.5371340000002,-554.5371340000002,4.679316120501845,11850.815797,11296.278663
round-calibrated-p4-0044-2990c8876e80522a,4,calibrated,smoothed_joint,development,correlated,joint_triangular_l3,mixed_correlated150_after_observable_screen,unresolved,True,True,joint_triangular_l5,True,0,-459.6511159999991,-459.6511159999991,3.8786453512876173,11850.815797,11391.164681
round-calibrated-p4-0046-9bcfe3b8feff1812,4,calibrated,smoothed_joint,development,extreme,joint_triangular_l1,mixed_extreme150_after_observable_screen,unresolved,True,True,joint_triangular_l5,True,0,650.5371790000008,650.5371790000008,-4.960118014325865,13115.356875,13765.894054
round-calibrated-p4-0046-9bcfe3b8feff1812,4,calibrated,smoothed_joint,development,extreme,joint_triangular_l2,mixed_extreme150_after_observable_screen,unresolved,True,True,joint_triangular_l5,True,0,256.8400590000001,256.8400590000001,-1.9583154423314166,13115.356875,13372.196934
round-calibrated-p4-0046-9bcfe3b8feff1812,4,calibrated,smoothed_joint,development,extreme,joint_triangular_l3,mixed_extreme150_after_observable_screen,unresolved,True,True,joint_triangular_l5,True,0,-407.45262100000036,-407.45262100000036,3.106683446614184,13115.356875,12707.904254
round-calibrated-p4-0047-e3c690c51c1dcc74,4,calibrated,broad_joint,development,extreme,joint_triangular_l1,mixed_extreme150_after_observable_screen,unresolved,True,True,joint_triangular_l5,True,0,-469.62954999999965,-469.62954999999965,4.43597964968757,10586.828324,10117.198774
round-calibrated-p4-0047-e3c690c51c1dcc74,4,calibrated,broad_joint,development,extreme,joint_triangular_l2,mixed_extreme150_after_observable_screen,unresolved,True,True,joint_triangular_l5,True,0,-378.74696700000095,-378.74696700000095,3.5775300723578725,10586.828324,10208.081357
round-calibrated-p4-0047-e3c690c51c1dcc74,4,calibrated,broad_joint,development,extreme,joint_triangular_l3,mixed_extreme150_after_observable_screen,unresolved,True,True,joint_triangular_l5,True,0,-279.2336400000004,-279.2336400000004,2.63755707993287,10586.828324,10307.594684
round-calibrated-p4-0048-5de54fe4bf1ec1b3,4,calibrated,smoothed_joint,development,correlated,joint_triangular_l1,mixed_correlated150_after_observable_screen,unresolved,True,True,joint_triangular_l5,True,0,-923.7177680000004,-923.7177680000004,7.387660258195309,12503.522573,11579.804805
round-calibrated-p4-0048-5de54fe4bf1ec1b3,4,calibrated,smoothed_joint,development,correlated,joint_triangular_l2,mixed_correlated150_after_observable_screen,unresolved,True,True,joint_triangular_l5,True,0,-691.5684999999994,-691.5684999999994,5.530989334904442,12503.522573,11811.954073
round-calibrated-p4-0048-5de54fe4bf1ec1b3,4,calibrated,smoothed_joint,development,correlated,joint_triangular_l3,mixed_correlated150_after_observable_screen,unresolved,True,True,joint_triangular_l5,True,0,-508.4882570000009,-508.4882570000009,4.066760019276696,12503.522573,11995.034316
round-calibrated-p4-0049-dad4a9c60482e2d0,4,calibrated,broad_joint,development,correlated,joint_triangular_l1,mixed_correlated150_after_observable_screen,unresolved,True,True,joint_triangular_l5,True,0,-498.1500509999987,-498.1500509999987,4.629689014027914,10759.903084,10261.753033
round-calibrated-p4-0049-dad4a9c60482e2d0,4,calibrated,broad_joint,development,correlated,joint_triangular_l2,mixed_correlated150_after_observable_screen,unresolved,True,True,joint_triangular_l5,True,0,-381.58949199999915,-381.58949199999915,3.5464026861675326,10759.903084,10378.313592
round-calibrated-p4-0049-dad4a9c60482e2d0,4,calibrated,broad_joint,development,correlated,joint_triangular_l3,mixed_correlated150_after_observable_screen,unresolved,True,True,joint_triangular_l5,True,0,-261.17648199999894,-261.17648199999894,2.427312587864931,10759.903084,10498.726602
round-calibrated-p4-0050-e360bb9a509106fb,4,calibrated,smoothed_joint,development,extreme,joint_triangular_l1,mixed_extreme150_after_observable_screen,unresolved,True,True,joint_triangular_l5,True,0,-60.588796,-60.588796,0.4213433666435681,14379.909783,14319.320987
round-calibrated-p4-0050-e360bb9a509106fb,4,calibrated,smoothed_joint,development,extreme,joint_triangular_l2,mixed_extreme150_after_observable_screen,unresolved,True,True,joint_triangular_l5,True,0,-540.8780809999989,-540.8780809999989,3.76134544070247,14379.909783,13839.031702
round-calibrated-p4-0050-e360bb9a509106fb,4,calibrated,smoothed_joint,development,extreme,joint_triangular_l3,mixed_extreme150_after_observable_screen,unresolved,True,True,joint_triangular_l5,True,0,-417.27866299999914,-417.27866299999914,2.9018169744938738,14379.909783,13962.63112
round-calibrated-p4-0051-d6eb261173761377,4,calibrated,broad_joint,development,extreme,joint_triangular_l1,mixed_extreme150_after_observable_screen,unresolved,True,True,joint_triangular_l5,True,0,-735.6024560000005,-735.6024560000005,6.126223249199601,12007.437961,11271.835505
round-calibrated-p4-0051-d6eb261173761377,4,calibrated,broad_joint,development,extreme,joint_triangular_l2,mixed_extreme150_after_observable_screen,unresolved,True,True,joint_triangular_l5,True,0,-474.764095999999,-474.764095999999,3.9539167101427175,12007.437961,11532.673865
round-calibrated-p4-0051-d6eb261173761377,4,calibrated,broad_joint,development,extreme,joint_triangular_l3,mixed_extreme150_after_observable_screen,unresolved,True,True,joint_triangular_l5,True,0,-362.74510199999895,-362.74510199999895,3.0210033412472357,12007.437961,11644.692859
round-calibrated-p4-0053-feaa82de04d22aa2,4,calibrated,broad_joint,development,correlated,joint_triangular_l1,mixed_correlated150_after_observable_screen,unresolved,True,True,joint_triangular_l5,True,0,-441.82071800000085,-441.82071800000085,4.098162339956386,10780.947199,10339.126481
round-calibrated-p4-0053-feaa82de04d22aa2,4,calibrated,broad_joint,development,correlated,joint_triangular_l2,mixed_correlated150_after_observable_screen,unresolved,True,True,joint_triangular_l5,True,0,-363.7382890000008,-363.7382890000008,3.3738991786708667,10780.947199,10417.20891
round-calibrated-p4-0053-feaa82de04d22aa2,4,calibrated,broad_joint,development,correlated,joint_triangular_l3,mixed_correlated150_after_observable_screen,unresolved,True,True,joint_triangular_l5,True,0,-309.8703509999996,-309.8703509999996,2.8742405029934845,10780.947199,10471.076848
round-calibrated-p4-0054-41dc6f6516a49303,4,calibrated,smoothed_joint,development,extreme,joint_triangular_l1,mixed_extreme150_after_observable_screen,unresolved,True,True,joint_triangular_l5,True,0,-244.32454900000084,-244.32454900000084,2.1066799762721136,11597.611016,11353.286467
round-calibrated-p4-0054-41dc6f6516a49303,4,calibrated,smoothed_joint,development,extreme,joint_triangular_l2,mixed_extreme150_after_observable_screen,unresolved,True,True,joint_triangular_l5,True,0,-163.16440500000135,-163.16440500000135,1.4068794407305145,11597.611016,11434.446611
round-calibrated-p4-0054-41dc6f6516a49303,4,calibrated,smoothed_joint,development,extreme,joint_triangular_l3,mixed_extreme150_after_observable_screen,unresolved,True,True,joint_triangular_l5,True,0,-96.568725000001,-96.568725000001,0.8326604924650026,11597.611016,11501.042291
round-calibrated-p4-0057-8cc62758b0702b4a,4,calibrated,broad_joint,development,correlated,joint_triangular_l1,mixed_correlated150_after_observable_screen,unresolved,True,True,joint_triangular_l5,True,0,-918.0416710000009,-918.0416710000009,6.905599974327625,13294.162338,12376.120667
round-calibrated-p4-0057-8cc62758b0702b4a,4,calibrated,broad_joint,development,correlated,joint_triangular_l2,mixed_correlated150_after_observable_screen,unresolved,True,True,joint_triangular_l5,True,0,-715.7154570000002,-715.7154570000002,5.383682241898017,13294.162338,12578.446881
round-calibrated-p4-0057-8cc62758b0702b4a,4,calibrated,broad_joint,development,correlated,joint_triangular_l3,mixed_correlated150_after_observable_screen,unresolved,True,True,joint_triangular_l5,True,0,-531.3217010000008,-531.3217010000008,3.99665422680504,13294.162338,12762.840637
round-calibrated-p4-0058-5a880a773f13f604,4,calibrated,smoothed_joint,development,extreme,joint_triangular_l1,mixed_extreme150_after_observable_screen,unresolved,True,True,joint_triangular_l5,True,0,-313.3415649999988,-313.3415649999988,3.1018013993664737,10101.922227,9788.580662
round-calibrated-p4-0058-5a880a773f13f604,4,calibrated,smoothed_joint,development,extreme,joint_triangular_l2,mixed_extreme150_after_observable_screen,unresolved,True,True,joint_triangular_l5,True,0,-234.50784099999873,-234.50784099999873,2.3214180007564886,10101.922227,9867.414386
round-calibrated-p4-0058-5a880a773f13f604,4,calibrated,smoothed_joint,development,extreme,joint_triangular_l3,mixed_extreme150_after_observable_screen,unresolved,True,True,joint_triangular_l5,True,0,-167.78417199999967,-167.78417199999967,1.6609133215414498,10101.922227,9934.138055
round-calibrated-p4-0059-3ea10d8dfeb6da3b,4,calibrated,broad_joint,development,extreme,joint_triangular_l1,mixed_extreme150_after_observable_screen,unresolved,True,True,joint_triangular_l5,True,0,-481.3444500000005,-481.3444500000005,4.793537146830668,10041.529569,9560.185119
round-calibrated-p4-0059-3ea10d8dfeb6da3b,4,calibrated,broad_joint,development,extreme,joint_triangular_l2,mixed_extreme150_after_observable_screen,unresolved,True,True,joint_triangular_l5,True,0,-435.18548399999963,-435.18548399999963,4.333856520658916,10041.529569,9606.344085
round-calibrated-p4-0059-3ea10d8dfeb6da3b,4,calibrated,broad_joint,development,extreme,joint_triangular_l3,mixed_extreme150_after_observable_screen,unresolved,True,True,joint_triangular_l5,True,0,-226.1524559999998,-226.1524559999998,2.252171389288868,10041.529569,9815.377113
round-calibrated-p4-0060-4b85737d25614c44,4,calibrated,smoothed_joint,development,correlated,joint_triangular_l1,mixed_correlated150_after_observable_screen,unresolved,True,True,joint_triangular_l5,True,0,191.6084750000009,191.6084750000009,-1.5167651951740728,12632.705155,12824.31363
round-calibrated-p4-0060-4b85737d25614c44,4,calibrated,smoothed_joint,development,correlated,joint_triangular_l2,mixed_correlated150_after_observable_screen,unresolved,True,True,joint_triangular_l5,True,0,-444.9194159999988,-444.9194159999988,3.521964698304548,12632.705155,12187.785739
round-calibrated-p4-0060-4b85737d25614c44,4,calibrated,smoothed_joint,development,correlated,joint_triangular_l3,mixed_correlated150_after_observable_screen,unresolved,True,True,joint_triangular_l5,True,0,-287.98118500000055,-287.98118500000055,2.2796477988407586,12632.705155,12344.72397
round-calibrated-p4-0061-63edceecc8f4a7b6,4,calibrated,broad_joint,development,correlated,joint_triangular_l1,mixed_correlated150_after_observable_screen,unresolved,True,True,joint_triangular_l5,True,0,-668.1504649999988,-668.1504649999988,5.665328524801177,11793.675549,11125.525084
round-calibrated-p4-0061-63edceecc8f4a7b6,4,calibrated,broad_joint,development,correlated,joint_triangular_l2,mixed_correlated150_after_observable_screen,unresolved,True,True,joint_triangular_l5,True,0,-349.7778669999989,-349.7778669999989,2.9658087976623793,11793.675549,11443.897682
round-calibrated-p4-0061-63edceecc8f4a7b6,4,calibrated,broad_joint,development,correlated,joint_triangular_l3,mixed_correlated150_after_observable_screen,unresolved,True,True,joint_triangular_l5,True,0,-161.25263799999993,-161.25263799999993,1.3672806016244252,11793.675549,11632.422911
round-calibrated-p4-0062-7990d71eb0d6b278,4,calibrated,smoothed_joint,development,extreme,joint_triangular_l1,mixed_extreme150_after_observable_screen,unresolved,True,True,joint_triangular_l5,True,0,-830.5660800000005,-830.5660800000005,6.969501262478626,11917.1523,11086.58622
round-calibrated-p4-0062-7990d71eb0d6b278,4,calibrated,smoothed_joint,development,extreme,joint_triangular_l2,mixed_extreme150_after_observable_screen,unresolved,True,True,joint_triangular_l5,True,0,-645.4774020000004,-645.4774020000004,5.41637285276618,11917.1523,11271.674898
round-calibrated-p4-0062-7990d71eb0d6b278,4,calibrated,smoothed_joint,development,extreme,joint_triangular_l3,mixed_extreme150_after_observable_screen,unresolved,True,True,joint_triangular_l5,True,0,-537.6719859999994,-537.6719859999994,4.511748884840546,11917.1523,11379.480314
round-calibrated-p4-0063-8700815f8aa58d92,4,calibrated,broad_joint,development,extreme,joint_triangular_l1,mixed_extreme150_after_observable_screen,unresolved,True,True,joint_triangular_l5,True,0,289.61782799999855,289.61782799999855,-2.877443197846782,10065.110172,10354.728
round-calibrated-p4-0063-8700815f8aa58d92,4,calibrated,broad_joint,development,extreme,joint_triangular_l2,mixed_extreme150_after_observable_screen,unresolved,True,True,joint_triangular_l5,True,0,-77.56752600000073,-77.56752600000073,0.7706574957896121,10065.110172,9987.542646
round-calibrated-p4-0063-8700815f8aa58d92,4,calibrated,broad_joint,development,extreme,joint_triangular_l3,mixed_extreme150_after_observable_screen,unresolved,True,True,joint_triangular_l5,True,0,1.6267829999997048,1.6267829999997048,-0.016162595065528754,10065.110172,10066.736955
round-calibrated-p4-0066-a03593f7c24cad95,4,calibrated,smoothed_joint,development,extreme,joint_triangular_l1,mixed_extreme150_after_observable_screen,unresolved,True,True,joint_triangular_l5,True,0,-164.66402300000118,-164.66402300000118,1.5235664466618746,10807.800563,10643.13654
round-calibrated-p4-0066-a03593f7c24cad95,4,calibrated,smoothed_joint,development,extreme,joint_triangular_l2,mixed_extreme150_after_observable_screen,unresolved,True,True,joint_triangular_l5,True,0,-285.7812520000007,-285.7812520000007,2.6442128565765675,10807.800563,10522.019311
round-calibrated-p4-0066-a03593f7c24cad95,4,calibrated,smoothed_joint,development,extreme,joint_triangular_l3,mixed_extreme150_after_observable_screen,unresolved,True,True,joint_triangular_l5,True,0,-217.76506000000154,-217.76506000000154,2.0148878463348967,10807.800563,10590.035503
round-calibrated-p4-0067-9e99c329424c30e5,4,calibrated,broad_joint,development,extreme,joint_triangular_l1,mixed_extreme150_after_observable_screen,unresolved,True,True,joint_triangular_l5,True,0,543.8414080000002,543.8414080000002,-4.861164450226976,11187.471923,11731.313331
round-calibrated-p4-0067-9e99c329424c30e5,4,calibrated,broad_joint,development,extreme,joint_triangular_l2,mixed_extreme150_after_observable_screen,unresolved,True,True,joint_triangular_l5,True,0,-221.43711099999928,-221.43711099999928,1.9793310993232809,11187.471923,10966.034812
round-calibrated-p4-0067-9e99c329424c30e5,4,calibrated,broad_joint,development,extreme,joint_triangular_l3,mixed_extreme150_after_observable_screen,unresolved,True,True,joint_triangular_l5,True,0,-176.50600399999894,-176.50600399999894,1.5777112578680565,11187.471923,11010.965919
round-calibrated-p4-0068-cd96c0537e1a5b38,4,calibrated,smoothed_joint,development,correlated,joint_triangular_l1,mixed_correlated150_after_observable_screen,unresolved,True,True,joint_triangular_l5,True,0,-263.3313049999997,-263.3313049999997,2.199934879727283,11969.959085,11706.62778
round-calibrated-p4-0068-cd96c0537e1a5b38,4,calibrated,smoothed_joint,development,correlated,joint_triangular_l2,mixed_correlated150_after_observable_screen,unresolved,True,True,joint_triangular_l5,True,0,-131.50472900000022,-131.50472900000022,1.0986230451263086,11969.959085,11838.454356
round-calibrated-p4-0068-cd96c0537e1a5b38,4,calibrated,smoothed_joint,development,correlated,joint_triangular_l3,mixed_correlated150_after_observable_screen,unresolved,True,True,joint_triangular_l5,True,0,1.3903449999997974,1.3903449999997974,-0.011615286151997715,11969.959085,11971.34943
round-calibrated-p4-0069-39a30c5c55fab5e4,4,calibrated,broad_joint,development,correlated,joint_triangular_l1,mixed_correlated150_after_observable_screen,unresolved,True,True,joint_triangular_l5,True,0,-708.0863040000004,-708.0863040000004,5.802520348902993,12203.081789,11494.995485
round-calibrated-p4-0069-39a30c5c55fab5e4,4,calibrated,broad_joint,development,correlated,joint_triangular_l2,mixed_correlated150_after_observable_screen,unresolved,True,True,joint_triangular_l5,True,0,-626.9612319999997,-626.9612319999997,5.137728672482961,12203.081789,11576.120557
round-calibrated-p4-0069-39a30c5c55fab5e4,4,calibrated,broad_joint,development,correlated,joint_triangular_l3,mixed_correlated150_after_observable_screen,unresolved,True,True,joint_triangular_l5,True,0,-477.1665780000003,-477.1665780000003,3.9102137169163598,12203.081789,11725.915211
round-calibrated-p4-0070-f93fd5c31c01d519,4,calibrated,smoothed_joint,development,extreme,joint_triangular_l1,mixed_extreme150_after_observable_screen,unresolved,True,True,joint_triangular_l5,True,0,-186.17199599999913,-186.17199599999913,1.8911979113041353,9844.130796,9657.9588
round-calibrated-p4-0070-f93fd5c31c01d519,4,calibrated,smoothed_joint,development,extreme,joint_triangular_l2,mixed_extreme150_after_observable_screen,unresolved,True,True,joint_triangular_l5,True,0,-118.1232,-118.1232,1.1999352959430143,9844.130796,9726.007596
round-calibrated-p4-0070-f93fd5c31c01d519,4,calibrated,smoothed_joint,development,extreme,joint_triangular_l3,mixed_extreme150_after_observable_screen,unresolved,True,True,joint_triangular_l5,True,0,-65.85892699999931,-65.85892699999931,0.6690171876501275,9844.130796,9778.271869
round-calibrated-p4-0071-7d7efc6a4462e06d,4,calibrated,broad_joint,development,extreme,joint_triangular_l1,mixed_extreme150_after_observable_screen,unresolved,True,True,joint_triangular_l5,True,0,-726.811909,-726.811909,5.6904411920997475,12772.505408,12045.693499
round-calibrated-p4-0071-7d7efc6a4462e06d,4,calibrated,broad_joint,development,extreme,joint_triangular_l2,mixed_extreme150_after_observable_screen,unresolved,True,True,joint_triangular_l5,True,0,-625.5310680000002,-625.5310680000002,4.8974813321136015,12772.505408,12146.97434
round-calibrated-p4-0071-7d7efc6a4462e06d,4,calibrated,broad_joint,development,extreme,joint_triangular_l3,mixed_extreme150_after_observable_screen,unresolved,True,True,joint_triangular_l5,True,0,-438.41133400000035,-438.41133400000035,3.43246152571917,12772.505408,12334.094074
round-calibrated-p4-0072-c7ec7cf0cc917acc,4,calibrated,smoothed_joint,development,correlated,joint_triangular_l1,mixed_correlated150_after_observable_screen,unresolved,True,True,joint_triangular_l5,True,0,-832.9183169999997,-832.9183169999997,7.052871448742153,11809.634176,10976.715859
round-calibrated-p4-0072-c7ec7cf0cc917acc,4,calibrated,smoothed_joint,development,correlated,joint_triangular_l2,mixed_correlated150_after_observable_screen,unresolved,True,True,joint_triangular_l5,True,0,-864.9042360000003,-864.9042360000003,7.323717425199272,11809.634176,10944.72994
round-calibrated-p4-0072-c7ec7cf0cc917acc,4,calibrated,smoothed_joint,development,correlated,joint_triangular_l3,mixed_correlated150_after_observable_screen,unresolved,True,True,joint_triangular_l5,True,0,-632.1119359999993,-632.1119359999993,5.352510726239107,11809.634176,11177.52224
round-calibrated-p4-0073-71da7b27de5c3390,4,calibrated,broad_joint,development,correlated,joint_triangular_l1,mixed_correlated150_after_observable_screen,unresolved,True,True,joint_triangular_l5,True,0,-919.439194999999,-919.439194999999,7.370676900975186,12474.284348,11554.845153
round-calibrated-p4-0073-71da7b27de5c3390,4,calibrated,broad_joint,development,correlated,joint_triangular_l2,mixed_correlated150_after_observable_screen,unresolved,True,True,joint_triangular_l5,True,0,-570.8656999999985,-570.8656999999985,4.576340285938129,12474.284348,11903.418648
round-calibrated-p4-0073-71da7b27de5c3390,4,calibrated,broad_joint,development,correlated,joint_triangular_l3,mixed_correlated150_after_observable_screen,unresolved,True,True,joint_triangular_l5,True,0,-284.72835999999916,-284.72835999999916,2.28252260455847,12474.284348,12189.555988
round-calibrated-p4-0074-8a4d85d404f5503b,4,calibrated,smoothed_joint,development,extreme,joint_triangular_l1,mixed_extreme150_after_observable_screen,unresolved,True,True,joint_triangular_l5,True,0,-437.9480540000004,-437.9480540000004,4.15117802884357,10549.970417,10112.022363
round-calibrated-p4-0074-8a4d85d404f5503b,4,calibrated,smoothed_joint,development,extreme,joint_triangular_l2,mixed_extreme150_after_observable_screen,unresolved,True,True,joint_triangular_l5,True,0,-337.64264300000104,-337.64264300000104,3.2004131732533656,10549.970417,10212.327774
round-calibrated-p4-0074-8a4d85d404f5503b,4,calibrated,smoothed_joint,development,extreme,joint_triangular_l3,mixed_extreme150_after_observable_screen,unresolved,True,True,joint_triangular_l5,True,0,-237.92347300000074,-237.92347300000074,2.255205119974705,10549.970417,10312.046944
round-calibrated-p4-0075-e1d5bfb3f512bf7d,4,calibrated,broad_joint,development,extreme,joint_triangular_l1,mixed_extreme150_after_observable_screen,unresolved,True,True,joint_triangular_l5,True,0,-756.7357969999994,-756.7357969999994,7.201988068865082,10507.318115,9750.582318
round-calibrated-p4-0075-e1d5bfb3f512bf7d,4,calibrated,broad_joint,development,extreme,joint_triangular_l2,mixed_extreme150_after_observable_screen,unresolved,True,True,joint_triangular_l5,True,0,-542.2309939999996,-542.2309939999996,5.160508019890664,10507.318115,9965.087121
round-calibrated-p4-0075-e1d5bfb3f512bf7d,4,calibrated,broad_joint,development,extreme,joint_triangular_l3,mixed_extreme150_after_observable_screen,unresolved,True,True,joint_triangular_l5,True,0,-330.3723740000005,-330.3723740000005,3.1442121613161085,10507.318115,10176.945741
round-calibrated-p4-0077-330632bd491019e0,4,calibrated,broad_joint,development,correlated,joint_triangular_l1,mixed_correlated150_after_observable_screen,unresolved,True,True,joint_triangular_l5,True,0,-675.0198060000002,-675.0198060000002,6.591471185002809,10240.806446,9565.78664
round-calibrated-p4-0077-330632bd491019e0,4,calibrated,broad_joint,development,correlated,joint_triangular_l2,mixed_correlated150_after_observable_screen,unresolved,True,True,joint_triangular_l5,True,0,-449.68066200000067,-449.68066200000067,4.391066898599996,10240.806446,9791.125784
round-calibrated-p4-0077-330632bd491019e0,4,calibrated,broad_joint,development,correlated,joint_triangular_l3,mixed_correlated150_after_observable_screen,unresolved,True,True,joint_triangular_l5,True,0,-386.0152940000007,-386.0152940000007,3.7693837495657,10240.806446,9854.791152
round-calibrated-p4-0078-3730e5646edcd305,4,calibrated,smoothed_joint,development,extreme,joint_triangular_l1,mixed_extreme150_after_observable_screen,unresolved,True,True,joint_triangular_l5,True,0,-225.84519700000055,-225.84519700000055,2.016659101752752,11198.977398,10973.132201
round-calibrated-p4-0078-3730e5646edcd305,4,calibrated,smoothed_joint,development,extreme,joint_triangular_l2,mixed_extreme150_after_observable_screen,unresolved,True,True,joint_triangular_l5,True,0,-477.6024070000003,-477.6024070000003,4.264696588148255,11198.977398,10721.374991
round-calibrated-p4-0078-3730e5646edcd305,4,calibrated,smoothed_joint,development,extreme,joint_triangular_l3,mixed_extreme150_after_observable_screen,unresolved,True,True,joint_triangular_l5,True,0,-301.39669800000047,-301.39669800000047,2.6912876710852744,11198.977398,10897.5807
round-calibrated-p4-0079-37a4e6ef266bf5ed,4,calibrated,broad_joint,development,extreme,joint_triangular_l1,mixed_extreme150_after_observable_screen,unresolved,True,True,joint_triangular_l5,True,0,-586.2876980000001,-586.2876980000001,4.721532615127616,12417.317549,11831.029851
round-calibrated-p4-0079-37a4e6ef266bf5ed,4,calibrated,broad_joint,development,extreme,joint_triangular_l2,mixed_extreme150_after_observable_screen,unresolved,True,True,joint_triangular_l5,True,0,-386.40238899999895,-386.40238899999895,3.11180242814292,12417.317549,12030.91516
round-calibrated-p4-0079-37a4e6ef266bf5ed,4,calibrated,broad_joint,development,extreme,joint_triangular_l3,mixed_extreme150_after_observable_screen,unresolved,True,True,joint_triangular_l5,True,0,-289.50160700000015,-289.50160700000015,2.331434352529017,12417.317549,12127.815942
round-calibrated-p4-0080-52980c17e3d67840,4,calibrated,smoothed_joint,development,correlated,joint_triangular_l1,mixed_correlated150_after_observable_screen,unresolved,True,True,joint_triangular_l5,True,0,398.2661929999995,398.2661929999995,-3.626545003423299,10981.972997,11380.23919
round-calibrated-p4-0080-52980c17e3d67840,4,calibrated,smoothed_joint,development,correlated,joint_triangular_l2,mixed_correlated150_after_observable_screen,unresolved,True,True,joint_triangular_l5,True,0,-276.4640760000002,-276.4640760000002,2.517435401412144,10981.972997,10705.508921
round-calibrated-p4-0080-52980c17e3d67840,4,calibrated,smoothed_joint,development,correlated,joint_triangular_l3,mixed_correlated150_after_observable_screen,unresolved,True,True,joint_triangular_l5,True,0,-211.70826600000146,-211.70826600000146,1.9277798812457,10981.972997,10770.264731
round-calibrated-p4-0082-550f4d29b2c3db55,4,calibrated,smoothed_joint,development,extreme,joint_triangular_l1,mixed_extreme150_after_observable_screen,unresolved,True,True,joint_triangular_l5,True,0,-418.51477200000045,-418.51477200000045,3.899492161288284,10732.545539,10314.030767
round-calibrated-p4-0082-550f4d29b2c3db55,4,calibrated,smoothed_joint,development,extreme,joint_triangular_l2,mixed_extreme150_after_observable_screen,unresolved,True,True,joint_triangular_l5,True,0,-382.17515600000115,-382.17515600000115,3.560899458672226,10732.545539,10350.370383
round-calibrated-p4-0082-550f4d29b2c3db55,4,calibrated,smoothed_joint,development,extreme,joint_triangular_l3,mixed_extreme150_after_observable_screen,unresolved,True,True,joint_triangular_l5,True,0,-235.8615460000001,-235.8615460000001,2.197629119232942,10732.545539,10496.683993
round-calibrated-p4-0083-fd364c29618b70ba,4,calibrated,broad_joint,development,extreme,joint_triangular_l1,mixed_extreme150_after_observable_screen,unresolved,True,True,joint_triangular_l5,True,0,-596.8766730000007,-596.8766730000007,5.123068886032619,11650.764147,11053.887474
round-calibrated-p4-0083-fd364c29618b70ba,4,calibrated,broad_joint,development,extreme,joint_triangular_l2,mixed_extreme150_after_observable_screen,unresolved,True,True,joint_triangular_l5,True,0,-375.19190700000036,-375.19190700000036,3.22032016326251,11650.764147,11275.57224
round-calibrated-p4-0083-fd364c29618b70ba,4,calibrated,broad_joint,development,extreme,joint_triangular_l3,mixed_extreme150_after_observable_screen,unresolved,True,True,joint_triangular_l5,True,0,-229.51230899999973,-229.51230899999973,1.969933526283748,11650.764147,11421.251838
round-calibrated-p4-0085-be9636d6c6d7c76f,4,calibrated,broad_joint,development,correlated,joint_triangular_l1,mixed_correlated150_after_observable_screen,unresolved,True,True,joint_triangular_l5,True,0,-410.3875650000009,-410.3875650000009,3.577164780884372,11472.425514,11062.037949
round-calibrated-p4-0085-be9636d6c6d7c76f,4,calibrated,broad_joint,development,correlated,joint_triangular_l2,mixed_correlated150_after_observable_screen,unresolved,True,True,joint_triangular_l5,True,0,-248.80687800000123,-248.80687800000123,2.168738229735097,11472.425514,11223.618636
round-calibrated-p4-0085-be9636d6c6d7c76f,4,calibrated,broad_joint,development,correlated,joint_triangular_l3,mixed_correlated150_after_observable_screen,unresolved,True,True,joint_triangular_l5,True,0,-168.8417700000009,-168.8417700000009,1.4717181627717726,11472.425514,11303.583744
round-calibrated-p4-0087-3458f79178040cbd,4,calibrated,broad_joint,development,extreme,joint_triangular_l1,mixed_extreme150_after_observable_screen,unresolved,True,True,joint_triangular_l5,True,0,-375.80499600000076,-375.80499600000076,4.0679761701388175,9238.131697,8862.326701
round-calibrated-p4-0087-3458f79178040cbd,4,calibrated,broad_joint,development,extreme,joint_triangular_l2,mixed_extreme150_after_observable_screen,unresolved,True,True,joint_triangular_l5,True,0,-168.5253870000015,-168.5253870000015,1.8242366803964116,9238.131697,9069.60631
round-calibrated-p4-0087-3458f79178040cbd,4,calibrated,broad_joint,development,extreme,joint_triangular_l3,mixed_extreme150_after_observable_screen,unresolved,True,True,joint_triangular_l5,True,0,-156.31418400000075,-156.31418400000075,1.6920540768082182,9238.131697,9081.817513
round-calibrated-p4-0088-8ffc3d075906de20,4,calibrated,smoothed_joint,development,correlated,joint_triangular_l1,mixed_correlated150_after_observable_screen,unresolved,True,True,joint_triangular_l5,True,0,-708.4795950000007,-708.4795950000007,5.4317169327649,13043.382116,12334.902521
round-calibrated-p4-0088-8ffc3d075906de20,4,calibrated,smoothed_joint,development,correlated,joint_triangular_l2,mixed_correlated150_after_observable_screen,unresolved,True,True,joint_triangular_l5,True,0,-499.07888600000115,-499.07888600000115,3.8262996633962993,13043.382116,12544.30323
round-calibrated-p4-0088-8ffc3d075906de20,4,calibrated,smoothed_joint,development,correlated,joint_triangular_l3,mixed_correlated150_after_observable_screen,unresolved,True,True,joint_triangular_l5,True,0,-315.131456000001,-315.131456000001,2.4160256381160288,13043.382116,12728.25066
round-calibrated-p4-0089-50499aed6c601d3c,4,calibrated,broad_joint,development,correlated,joint_triangular_l1,mixed_correlated150_after_observable_screen,unresolved,True,True,joint_triangular_l5,True,0,-459.05134200000066,-459.05134200000066,3.6990683207266386,12409.917909,11950.866567
round-calibrated-p4-0089-50499aed6c601d3c,4,calibrated,broad_joint,development,correlated,joint_triangular_l2,mixed_correlated150_after_observable_screen,unresolved,True,True,joint_triangular_l5,True,0,-557.7025359999989,-557.7025359999989,4.494006649274757,12409.917909,11852.215373
round-calibrated-p4-0089-50499aed6c601d3c,4,calibrated,broad_joint,development,correlated,joint_triangular_l3,mixed_correlated150_after_observable_screen,unresolved,True,True,joint_triangular_l5,True,0,-400.84221400000024,-400.84221400000024,3.2300150326481925,12409.917909,12009.075695
round-calibrated-p4-0090-fe24efa1e87f8ca4,4,calibrated,smoothed_joint,development,extreme,joint_triangular_l1,mixed_extreme150_after_observable_screen,unresolved,True,True,joint_triangular_l5,True,0,-303.9931120000001,-303.9931120000001,3.1629694653840033,9611.003689,9307.010577
round-calibrated-p4-0090-fe24efa1e87f8ca4,4,calibrated,smoothed_joint,development,extreme,joint_triangular_l2,mixed_extreme150_after_observable_screen,unresolved,True,True,joint_triangular_l5,True,0,-191.1174549999996,-191.1174549999996,1.988527537646642,9611.003689,9419.886234
round-calibrated-p4-0090-fe24efa1e87f8ca4,4,calibrated,smoothed_joint,development,extreme,joint_triangular_l3,mixed_extreme150_after_observable_screen,unresolved,True,True,joint_triangular_l5,True,0,-106.53408299999865,-106.53408299999865,1.1084594954627809,9611.003689,9504.469606
round-calibrated-p4-0091-f3ac5cee0be0b10d,4,calibrated,broad_joint,development,extreme,joint_triangular_l1,mixed_extreme150_after_observable_screen,unresolved,True,True,joint_triangular_l5,True,0,-432.52679499999977,-432.52679499999977,6.138378748552942,7046.270892,6613.744097
round-calibrated-p4-0091-f3ac5cee0be0b10d,4,calibrated,broad_joint,development,extreme,joint_triangular_l2,mixed_extreme150_after_observable_screen,unresolved,True,True,joint_triangular_l5,True,0,-265.8959759999998,-265.8959759999998,3.7735701632176166,7046.270892,6780.374916
round-calibrated-p4-0091-f3ac5cee0be0b10d,4,calibrated,broad_joint,development,extreme,joint_triangular_l3,mixed_extreme150_after_observable_screen,unresolved,True,True,joint_triangular_l5,True,0,-158.9822669999994,-158.9822669999994,2.2562610696744616,7046.270892,6887.288625
round-calibrated-p4-0092-f923274b5628500e,4,calibrated,smoothed_joint,development,correlated,joint_triangular_l1,mixed_correlated150_after_observable_screen,unresolved,True,True,joint_triangular_l5,True,0,-687.6677959999997,-687.6677959999997,5.893857928743206,11667.532613,10979.864817
round-calibrated-p4-0092-f923274b5628500e,4,calibrated,smoothed_joint,development,correlated,joint_triangular_l2,mixed_correlated150_after_observable_screen,unresolved,True,True,joint_triangular_l5,True,0,-569.3354440000003,-569.3354440000003,4.8796559039881755,11667.532613,11098.197169
round-calibrated-p4-0092-f923274b5628500e,4,calibrated,smoothed_joint,development,correlated,joint_triangular_l3,mixed_correlated150_after_observable_screen,unresolved,True,True,joint_triangular_l5,True,0,-438.4026359999989,-438.4026359999989,3.757457986545753,11667.532613,11229.129977
round-calibrated-p4-0093-d7abc49e61fb6f67,4,calibrated,broad_joint,development,correlated,joint_triangular_l1,mixed_correlated150_after_observable_screen,unresolved,True,True,joint_triangular_l5,True,0,-813.836295000001,-813.836295000001,7.315167690465326,11125.326574,10311.490279
round-calibrated-p4-0093-d7abc49e61fb6f67,4,calibrated,broad_joint,development,correlated,joint_triangular_l2,mixed_correlated150_after_observable_screen,unresolved,True,True,joint_triangular_l5,True,0,-581.4928610000006,-581.4928610000006,5.226748690316699,11125.326574,10543.833713
round-calibrated-p4-0093-d7abc49e61fb6f67,4,calibrated,broad_joint,development,correlated,joint_triangular_l3,mixed_correlated150_after_observable_screen,unresolved,True,True,joint_triangular_l5,True,0,-458.4616220000007,-458.4616220000007,4.120882375457006,11125.326574,10666.864952
round-calibrated-p4-0094-3b770e0062c47e52,4,calibrated,smoothed_joint,development,extreme,joint_triangular_l1,mixed_extreme150_after_observable_screen,unresolved,True,True,joint_triangular_l5,True,0,-420.3181110000005,-420.3181110000005,4.195339759458977,10018.690621,9598.37251
round-calibrated-p4-0094-3b770e0062c47e52,4,calibrated,smoothed_joint,development,extreme,joint_triangular_l2,mixed_extreme150_after_observable_screen,unresolved,True,True,joint_triangular_l5,True,0,-296.8890329999995,-296.8890329999995,2.9633516417574133,10018.690621,9721.801588
round-calibrated-p4-0094-3b770e0062c47e52,4,calibrated,smoothed_joint,development,extreme,joint_triangular_l3,mixed_extreme150_after_observable_screen,unresolved,True,True,joint_triangular_l5,True,0,-210.82018299999982,-210.82018299999982,2.104268820898645,10018.690621,9807.870438
round-calibrated-p4-0096-4694368ba1333cfc,4,calibrated,smoothed_joint,development,correlated,joint_triangular_l1,mixed_correlated150_after_observable_screen,unresolved,True,True,joint_triangular_l5,True,0,60.528628000000026,60.528628000000026,-0.4983331917292922,12146.216428,12206.745056
round-calibrated-p4-0096-4694368ba1333cfc,4,calibrated,smoothed_joint,development,correlated,joint_triangular_l2,mixed_correlated150_after_observable_screen,unresolved,True,True,joint_triangular_l5,True,0,233.65963999999985,233.65963999999985,-1.9237236664197521,12146.216428,12379.876068
round-calibrated-p4-0096-4694368ba1333cfc,4,calibrated,smoothed_joint,development,correlated,joint_triangular_l3,mixed_correlated150_after_observable_screen,unresolved,True,True,joint_triangular_l5,True,0,-431.80673600000046,-431.80673600000046,3.555071972903268,12146.216428,11714.409692
round-calibrated-p4-0098-1275b42702889f54,4,calibrated,smoothed_joint,development,extreme,joint_triangular_l1,mixed_extreme150_after_observable_screen,unresolved,True,True,joint_triangular_l5,True,0,-170.22567600000002,-170.22567600000002,1.6411914469927336,10372.079157,10201.853481
round-calibrated-p4-0098-1275b42702889f54,4,calibrated,smoothed_joint,development,extreme,joint_triangular_l2,mixed_extreme150_after_observable_screen,unresolved,True,True,joint_triangular_l5,True,0,-96.24899399999958,-96.24899399999958,0.9279623934902407,10372.079157,10275.830163
round-calibrated-p4-0098-1275b42702889f54,4,calibrated,smoothed_joint,development,extreme,joint_triangular_l3,mixed_extreme150_after_observable_screen,unresolved,True,True,joint_triangular_l5,True,0,-40.388858000000255,-40.388858000000255,0.38939982416873736,10372.079157,10331.690299
round-calibrated-p4-0099-648b07090e1c31be,4,calibrated,broad_joint,development,extreme,joint_triangular_l1,mixed_extreme150_after_observable_screen,unresolved,True,True,joint_triangular_l5,True,0,-358.33079,-358.33079,3.6463832459617684,9827.019428,9468.688638
round-calibrated-p4-0099-648b07090e1c31be,4,calibrated,broad_joint,development,extreme,joint_triangular_l2,mixed_extreme150_after_observable_screen,unresolved,True,True,joint_triangular_l5,True,0,-245.8564839999999,-245.8564839999999,2.5018418433109453,9827.019428,9581.162944
round-calibrated-p4-0099-648b07090e1c31be,4,calibrated,broad_joint,development,extreme,joint_triangular_l3,mixed_extreme150_after_observable_screen,unresolved,True,True,joint_triangular_l5,True,0,-169.65426099999968,-169.65426099999968,1.7264060811420194,9827.019428,9657.365167
round-calibrated-p4-0102-dde124d62e5f0a41,4,calibrated,smoothed_joint,development,extreme,joint_triangular_l1,mixed_extreme150_after_observable_screen,unresolved,True,True,joint_triangular_l5,True,0,-409.50372100000095,-409.50372100000095,3.9376425336359224,10399.718042,9990.214321
round-calibrated-p4-0102-dde124d62e5f0a41,4,calibrated,smoothed_joint,development,extreme,joint_triangular_l2,mixed_extreme150_after_observable_screen,unresolved,True,True,joint_triangular_l5,True,0,-255.19017800000074,-255.19017800000074,2.453818237854114,10399.718042,10144.527864
round-calibrated-p4-0102-dde124d62e5f0a41,4,calibrated,smoothed_joint,development,extreme,joint_triangular_l3,mixed_extreme150_after_observable_screen,unresolved,True,True,joint_triangular_l5,True,0,-114.87648600000102,-114.87648600000102,1.1046115436597816,10399.718042,10284.841556
round-calibrated-p4-0103-158387d57a81177d,4,calibrated,broad_joint,development,extreme,joint_triangular_l1,mixed_extreme150_after_observable_screen,unresolved,True,True,joint_triangular_l5,True,0,98.45160499999838,98.45160499999838,-0.740041037340394,13303.533187,13401.984792
round-calibrated-p4-0103-158387d57a81177d,4,calibrated,broad_joint,development,extreme,joint_triangular_l2,mixed_extreme150_after_observable_screen,unresolved,True,True,joint_triangular_l5,True,0,283.9728209999994,283.9728209999994,-2.134566938033372,13303.533187,13587.506008
round-calibrated-p4-0103-158387d57a81177d,4,calibrated,broad_joint,development,extreme,joint_triangular_l3,mixed_extreme150_after_observable_screen,unresolved,True,True,joint_triangular_l5,True,0,-216.9878400000016,-216.9878400000016,1.6310542240916768,13303.533187,13086.545347
round-calibrated-p4-0104-a645845bed2d0ffc,4,calibrated,smoothed_joint,development,correlated,joint_triangular_l1,mixed_correlated150_after_observable_screen,unresolved,True,True,joint_triangular_l5,True,0,-724.0027769999997,-724.0027769999997,8.966293237858295,8074.716695,7350.713918
round-calibrated-p4-0104-a645845bed2d0ffc,4,calibrated,smoothed_joint,development,correlated,joint_triangular_l2,mixed_correlated150_after_observable_screen,unresolved,True,True,joint_triangular_l5,True,0,-587.7906249999996,-587.7906249999996,7.2793962587439065,8074.716695,7486.92607
round-calibrated-p4-0104-a645845bed2d0ffc,4,calibrated,smoothed_joint,development,correlated,joint_triangular_l3,mixed_correlated150_after_observable_screen,unresolved,True,True,joint_triangular_l5,True,0,-398.50716999999986,-398.50716999999986,4.935246461919366,8074.716695,7676.209525
round-calibrated-p4-0105-a50ca579699cb695,4,calibrated,broad_joint,development,correlated,joint_triangular_l1,mixed_correlated150_after_observable_screen,unresolved,True,True,joint_triangular_l5,True,0,-911.6875060000002,-911.6875060000002,12.320556229116233,7399.726839,6488.039333
round-calibrated-p4-0105-a50ca579699cb695,4,calibrated,broad_joint,development,correlated,joint_triangular_l2,mixed_correlated150_after_observable_screen,unresolved,True,True,joint_triangular_l5,True,0,-700.6960859999999,-700.6960859999999,9.469215570323568,7399.726839,6699.030753
round-calibrated-p4-0105-a50ca579699cb695,4,calibrated,broad_joint,development,correlated,joint_triangular_l3,mixed_correlated150_after_observable_screen,unresolved,True,True,joint_triangular_l5,True,0,-555.9705560000002,-555.9705560000002,7.513392968369819,7399.726839,6843.756283
round-calibrated-p4-0106-019fe747e722a9c1,4,calibrated,smoothed_joint,development,extreme,joint_triangular_l1,mixed_extreme150_after_observable_screen,unresolved,True,True,joint_triangular_l5,True,0,-270.1461339999987,-270.1461339999987,2.6234349289918057,10297.420798,10027.274664
round-calibrated-p4-0106-019fe747e722a9c1,4,calibrated,smoothed_joint,development,extreme,joint_triangular_l2,mixed_extreme150_after_observable_screen,unresolved,True,True,joint_triangular_l5,True,0,-152.0092169999989,-152.0092169999989,1.4761872898262316,10297.420798,10145.411581
round-calibrated-p4-0106-019fe747e722a9c1,4,calibrated,smoothed_joint,development,extreme,joint_triangular_l3,mixed_extreme150_after_observable_screen,unresolved,True,True,joint_triangular_l5,True,0,-74.78989099999853,-74.78989099999853,0.7262973172323354,10297.420798,10222.630907
round-calibrated-p4-0107-c4492c0b0968e368,4,calibrated,broad_joint,development,extreme,joint_triangular_l1,mixed_extreme150_after_observable_screen,unresolved,True,True,joint_triangular_l5,True,0,-1033.4418179999993,-1033.4418179999993,7.780633289833027,13282.232686,12248.790868
round-calibrated-p4-0107-c4492c0b0968e368,4,calibrated,broad_joint,development,extreme,joint_triangular_l2,mixed_extreme150_after_observable_screen,unresolved,True,True,joint_triangular_l5,True,0,-759.0322369999994,-759.0322369999994,5.714643425875603,13282.232686,12523.200449
round-calibrated-p4-0107-c4492c0b0968e368,4,calibrated,broad_joint,development,extreme,joint_triangular_l3,mixed_extreme150_after_observable_screen,unresolved,True,True,joint_triangular_l5,True,0,-497.6711500000001,-497.6711500000001,3.746893777313247,13282.232686,12784.561536
round-calibrated-p4-0108-8a1829dec42324e1,4,calibrated,smoothed_joint,development,correlated,joint_triangular_l1,mixed_correlated150_after_observable_screen,unresolved,True,True,joint_triangular_l5,True,0,-636.9239870000001,-636.9239870000001,5.9102100368220505,10776.672623,10139.748636
round-calibrated-p4-0108-8a1829dec42324e1,4,calibrated,smoothed_joint,development,correlated,joint_triangular_l2,mixed_correlated150_after_observable_screen,unresolved,True,True,joint_triangular_l5,True,0,-459.5704189999997,-459.5704189999997,4.26449271567521,10776.672623,10317.102204
round-calibrated-p4-0108-8a1829dec42324e1,4,calibrated,smoothed_joint,development,correlated,joint_triangular_l3,mixed_correlated150_after_observable_screen,unresolved,True,True,joint_triangular_l5,True,0,-377.9300800000001,-377.9300800000001,3.506927353378136,10776.672623,10398.742543
round-calibrated-p4-0109-b8ed824fadf1f6f4,4,calibrated,broad_joint,development,correlated,joint_triangular_l1,mixed_correlated150_after_observable_screen,unresolved,True,True,joint_triangular_l5,True,0,-235.29647899999873,-235.29647899999873,2.336965982347045,10068.459737,9833.163258
round-calibrated-p4-0109-b8ed824fadf1f6f4,4,calibrated,broad_joint,development,correlated,joint_triangular_l2,mixed_correlated150_after_observable_screen,unresolved,True,True,joint_triangular_l5,True,0,-134.36408999999912,-134.36408999999912,1.3345049144531245,10068.459737,9934.095647
round-calibrated-p4-0109-b8ed824fadf1f6f4,4,calibrated,broad_joint,development,correlated,joint_triangular_l3,mixed_correlated150_after_observable_screen,unresolved,True,True,joint_triangular_l5,True,0,-37.67520699999841,-37.67520699999841,0.37419037255070875,10068.459737,10030.78453
round-calibrated-p4-0111-0d5b1dcc15627a84,4,calibrated,broad_joint,development,extreme,joint_triangular_l1,mixed_extreme150_after_observable_screen,unresolved,True,True,joint_triangular_l5,True,0,-334.61081399999966,-334.61081399999966,3.1291883805433853,10693.214128,10358.603314
round-calibrated-p4-0111-0d5b1dcc15627a84,4,calibrated,broad_joint,development,extreme,joint_triangular_l2,mixed_extreme150_after_observable_screen,unresolved,True,True,joint_triangular_l5,True,0,-159.85487399999874,-159.85487399999874,1.4949188530829236,10693.214128,10533.359254
round-calibrated-p4-0111-0d5b1dcc15627a84,4,calibrated,broad_joint,development,extreme,joint_triangular_l3,mixed_extreme150_after_observable_screen,unresolved,True,True,joint_triangular_l5,True,0,-102.89250700000048,-102.89250700000048,0.9622224503162075,10693.214128,10590.321621
round-calibrated-p4-0112-2f93e73727939922,4,calibrated,smoothed_joint,development,correlated,joint_triangular_l1,mixed_correlated150_after_observable_screen,unresolved,True,True,joint_triangular_l5,True,0,-524.6162320000003,-524.6162320000003,4.458097022040037,11767.716795,11243.100563
round-calibrated-p4-0112-2f93e73727939922,4,calibrated,smoothed_joint,development,correlated,joint_triangular_l2,mixed_correlated150_after_observable_screen,unresolved,True,True,joint_triangular_l5,True,0,-255.0008400000006,-255.0008400000006,2.1669525570869297,11767.716795,11512.715955
round-calibrated-p4-0112-2f93e73727939922,4,calibrated,smoothed_joint,development,correlated,joint_triangular_l3,mixed_correlated150_after_observable_screen,unresolved,True,True,joint_triangular_l5,True,0,-116.48977600000035,-116.48977600000035,0.9899097507980124,11767.716795,11651.227019
round-calibrated-p4-0113-01d4a91c51729417,4,calibrated,broad_joint,development,correlated,joint_triangular_l1,mixed_correlated150_after_observable_screen,unresolved,True,True,joint_triangular_l5,True,0,-808.7536330000003,-808.7536330000003,6.976671715050483,11592.255821,10783.502188
round-calibrated-p4-0113-01d4a91c51729417,4,calibrated,broad_joint,development,correlated,joint_triangular_l2,mixed_correlated150_after_observable_screen,unresolved,True,True,joint_triangular_l5,True,0,-702.5829650000014,-702.5829650000014,6.060795895542904,11592.255821,10889.672856
round-calibrated-p4-0113-01d4a91c51729417,4,calibrated,broad_joint,development,correlated,joint_triangular_l3,mixed_correlated150_after_observable_screen,unresolved,True,True,joint_triangular_l5,True,0,-562.6080790000015,-562.6080790000015,4.853309724072914,11592.255821,11029.647742
round-calibrated-p4-0114-280d5cda8dd5ba71,4,calibrated,smoothed_joint,development,extreme,joint_triangular_l1,mixed_extreme150_after_observable_screen,unresolved,True,True,joint_triangular_l5,True,0,-236.10088600000017,-236.10088600000017,2.1447739207140555,11008.194557,10772.093671
round-calibrated-p4-0114-280d5cda8dd5ba71,4,calibrated,smoothed_joint,development,extreme,joint_triangular_l2,mixed_extreme150_after_observable_screen,unresolved,True,True,joint_triangular_l5,True,0,-256.18426,-256.18426,2.3272141373727355,11008.194557,10752.010297
round-calibrated-p4-0114-280d5cda8dd5ba71,4,calibrated,smoothed_joint,development,extreme,joint_triangular_l3,mixed_extreme150_after_observable_screen,unresolved,True,True,joint_triangular_l5,True,0,-161.06340500000078,-161.06340500000078,1.4631228051613803,11008.194557,10847.131152
round-calibrated-p4-0115-bc336a69dd0f1c95,4,calibrated,broad_joint,development,extreme,joint_triangular_l1,mixed_extreme150_after_observable_screen,unresolved,True,True,joint_triangular_l5,True,0,-30.739356999998563,-30.739356999998563,0.2935454747520082,10471.75298,10441.013623
round-calibrated-p4-0115-bc336a69dd0f1c95,4,calibrated,broad_joint,development,extreme,joint_triangular_l2,mixed_extreme150_after_observable_screen,unresolved,True,True,joint_triangular_l5,True,0,-115.101181,-115.101181,1.0991586720946507,10471.75298,10356.651799
round-calibrated-p4-0115-bc336a69dd0f1c95,4,calibrated,broad_joint,development,extreme,joint_triangular_l3,mixed_extreme150_after_observable_screen,unresolved,True,True,joint_triangular_l5,True,0,-104.54616299999907,-104.54616299999907,0.9983635328265648,10471.75298,10367.206817
round-calibrated-p4-0116-403e27201dd1574d,4,calibrated,smoothed_joint,development,correlated,joint_triangular_l1,mixed_correlated150_after_observable_screen,unresolved,True,True,joint_triangular_l5,True,0,-389.5884050000004,-389.5884050000004,3.067781095201354,12699.354775,12309.76637
round-calibrated-p4-0116-403e27201dd1574d,4,calibrated,smoothed_joint,development,correlated,joint_triangular_l2,mixed_correlated150_after_observable_screen,unresolved,True,True,joint_triangular_l5,True,0,-692.5651689999995,-692.5651689999995,5.4535461152985985,12699.354775,12006.789606
round-calibrated-p4-0116-403e27201dd1574d,4,calibrated,smoothed_joint,development,correlated,joint_triangular_l3,mixed_correlated150_after_observable_screen,unresolved,True,True,joint_triangular_l5,True,0,-546.520720999999,-546.520720999999,4.303531405200852,12699.354775,12152.834054
round-calibrated-p4-0118-b75d9af694e68b87,4,calibrated,smoothed_joint,development,extreme,joint_triangular_l1,mixed_extreme150_after_observable_screen,unresolved,True,True,joint_triangular_l5,True,0,75.82500199999959,75.82500199999959,-0.5648399291075273,13424.157552,13499.982554
round-calibrated-p4-0118-b75d9af694e68b87,4,calibrated,smoothed_joint,development,extreme,joint_triangular_l2,mixed_extreme150_after_observable_screen,unresolved,True,True,joint_triangular_l5,True,0,-488.97420000000056,-488.97420000000056,3.642494496253515,13424.157552,12935.183352
round-calibrated-p4-0118-b75d9af694e68b87,4,calibrated,smoothed_joint,development,extreme,joint_triangular_l3,mixed_extreme150_after_observable_screen,unresolved,True,True,joint_triangular_l5,True,0,-261.86337300000014,-261.86337300000014,1.9506875719064127,13424.157552,13162.294179
round-calibrated-p4-0119-3f7a795ec0df56a1,4,calibrated,broad_joint,development,extreme,joint_triangular_l1,mixed_extreme150_after_observable_screen,unresolved,True,True,joint_triangular_l5,True,0,-507.0595519999988,-507.0595519999988,4.298653573090251,11795.776128,11288.716576
round-calibrated-p4-0119-3f7a795ec0df56a1,4,calibrated,broad_joint,development,extreme,joint_triangular_l2,mixed_extreme150_after_observable_screen,unresolved,True,True,joint_triangular_l5,True,0,-406.8579269999991,-406.8579269999991,3.4491831871429626,11795.776128,11388.918201
round-calibrated-p4-0119-3f7a795ec0df56a1,4,calibrated,broad_joint,development,extreme,joint_triangular_l3,mixed_extreme150_after_observable_screen,unresolved,True,True,joint_triangular_l5,True,0,-228.53111199999876,-228.53111199999876,1.937397840719674,11795.776128,11567.245016
round-calibrated-p4-0120-1e44c192c5952006,4,calibrated,smoothed_joint,development,correlated,joint_triangular_l1,mixed_correlated150_after_observable_screen,unresolved,True,True,joint_triangular_l5,True,0,-711.7095489999992,-711.7095489999992,5.959174295408891,11943.089994,11231.380445
round-calibrated-p4-0120-1e44c192c5952006,4,calibrated,smoothed_joint,development,correlated,joint_triangular_l2,mixed_correlated150_after_observable_screen,unresolved,True,True,joint_triangular_l5,True,0,-610.9503999999997,-610.9503999999997,5.115513659420891,11943.089994,11332.139594
round-calibrated-p4-0120-1e44c192c5952006,4,calibrated,smoothed_joint,development,correlated,joint_triangular_l3,mixed_correlated150_after_observable_screen,unresolved,True,True,joint_triangular_l5,True,0,-385.99448499999926,-385.99448499999926,3.231948224403535,11943.089994,11557.095509
round-calibrated-p4-0121-2a43f29bf9e92967,4,calibrated,broad_joint,development,correlated,joint_triangular_l1,mixed_correlated150_after_observable_screen,unresolved,True,True,joint_triangular_l5,True,0,-871.4489030000004,-871.4489030000004,6.653642632259142,13097.320538,12225.871635
round-calibrated-p4-0121-2a43f29bf9e92967,4,calibrated,broad_joint,development,correlated,joint_triangular_l2,mixed_correlated150_after_observable_screen,unresolved,True,True,joint_triangular_l5,True,0,-623.5943590000006,-623.5943590000006,4.761236141321661,13097.320538,12473.726179
round-calibrated-p4-0121-2a43f29bf9e92967,4,calibrated,broad_joint,development,correlated,joint_triangular_l3,mixed_correlated150_after_observable_screen,unresolved,True,True,joint_triangular_l5,True,0,-449.18132999999943,-449.18132999999943,3.4295665949135485,13097.320538,12648.139208
round-calibrated-p4-0122-011bf6003598f191,4,calibrated,smoothed_joint,development,extreme,joint_triangular_l1,mixed_extreme150_after_observable_screen,unresolved,True,True,joint_triangular_l5,True,0,-326.6337910000002,-326.6337910000002,3.27036403783405,9987.689053,9661.055262
round-calibrated-p4-0122-011bf6003598f191,4,calibrated,smoothed_joint,development,extreme,joint_triangular_l2,mixed_extreme150_after_observable_screen,unresolved,True,True,joint_triangular_l5,True,0,-229.99106700000084,-229.99106700000084,2.3027455678640543,9987.689053,9757.697986
round-calibrated-p4-0122-011bf6003598f191,4,calibrated,smoothed_joint,development,extreme,joint_triangular_l3,mixed_extreme150_after_observable_screen,unresolved,True,True,joint_triangular_l5,True,0,-154.87135099999978,-154.87135099999978,1.5506224731083422,9987.689053,9832.817702
round-calibrated-p4-0124-8149e297cbb70620,4,calibrated,smoothed_joint,development,correlated,joint_triangular_l1,mixed_correlated150_after_observable_screen,unresolved,True,True,joint_triangular_l5,True,0,-834.7985100000005,-834.7985100000005,6.557218335080908,12730.985417,11896.186907
round-calibrated-p4-0124-8149e297cbb70620,4,calibrated,smoothed_joint,development,correlated,joint_triangular_l2,mixed_correlated150_after_observable_screen,unresolved,True,True,joint_triangular_l5,True,0,-708.8148600000004,-708.8148600000004,5.5676354719054375,12730.985417,12022.170557
round-calibrated-p4-0124-8149e297cbb70620,4,calibrated,smoothed_joint,development,correlated,joint_triangular_l3,mixed_correlated150_after_observable_screen,unresolved,True,True,joint_triangular_l5,True,0,-493.485412,-493.485412,3.8762546325835605,12730.985417,12237.500005
round-calibrated-p4-0125-c471ed4abcfb4bdc,4,calibrated,broad_joint,development,correlated,joint_triangular_l1,mixed_correlated150_after_observable_screen,unresolved,True,True,joint_triangular_l5,True,0,-359.6800810000004,-359.6800810000004,3.4200981353389017,10516.659662,10156.979581
round-calibrated-p4-0125-c471ed4abcfb4bdc,4,calibrated,broad_joint,development,correlated,joint_triangular_l2,mixed_correlated150_after_observable_screen,unresolved,True,True,joint_triangular_l5,True,0,-358.0655480000005,-358.0655480000005,3.404745988821945,10516.659662,10158.594114
round-calibrated-p4-0125-c471ed4abcfb4bdc,4,calibrated,broad_joint,development,correlated,joint_triangular_l3,mixed_correlated150_after_observable_screen,unresolved,True,True,joint_triangular_l5,True,0,-236.96712900000057,-236.96712900000057,2.253254708396026,10516.659662,10279.692533
round-calibrated-p4-0126-37ef32511c054e1a,4,calibrated,smoothed_joint,development,extreme,joint_triangular_l1,mixed_extreme150_after_observable_screen,unresolved,True,True,joint_triangular_l5,True,0,1147.1832599999998,1147.1832599999998,-10.875021285697695,10548.790939,11695.974199
round-calibrated-p4-0126-37ef32511c054e1a,4,calibrated,smoothed_joint,development,extreme,joint_triangular_l2,mixed_extreme150_after_observable_screen,unresolved,True,True,joint_triangular_l5,True,0,496.0532579999999,496.0532579999999,-4.702465532481437,10548.790939,11044.844197
round-calibrated-p4-0126-37ef32511c054e1a,4,calibrated,smoothed_joint,development,extreme,joint_triangular_l3,mixed_extreme150_after_observable_screen,unresolved,True,True,joint_triangular_l5,True,0,-142.0046480000001,-142.0046480000001,1.3461698958787194,10548.790939,10406.786291
round-calibrated-p4-0128-b71d38e2c7f989a6,4,calibrated,smoothed_joint,development,correlated,joint_triangular_l1,mixed_correlated150_after_observable_screen,unresolved,True,True,joint_triangular_l5,True,0,-480.88658100000066,-480.88658100000066,4.643797998370824,10355.458639,9874.572058
round-calibrated-p4-0128-b71d38e2c7f989a6,4,calibrated,smoothed_joint,development,correlated,joint_triangular_l2,mixed_correlated150_after_observable_screen,unresolved,True,True,joint_triangular_l5,True,0,-346.862446000001,-346.862446000001,3.3495614061329166,10355.458639,10008.596193
round-calibrated-p4-0128-b71d38e2c7f989a6,4,calibrated,smoothed_joint,development,correlated,joint_triangular_l3,mixed_correlated150_after_observable_screen,unresolved,True,True,joint_triangular_l5,True,0,-268.60329900000033,-268.60329900000033,2.5938329567403753,10355.458639,10086.85534
round-calibrated-p4-0130-2008d2fb91ebf71f,4,calibrated,smoothed_joint,development,extreme,joint_triangular_l1,mixed_extreme150_after_observable_screen,unresolved,True,True,joint_triangular_l5,True,0,-645.0767499999984,-645.0767499999984,5.665332783391036,11386.387608,10741.310858
round-calibrated-p4-0130-2008d2fb91ebf71f,4,calibrated,smoothed_joint,development,extreme,joint_triangular_l2,mixed_extreme150_after_observable_screen,unresolved,True,True,joint_triangular_l5,True,0,-434.02639999999883,-434.02639999999883,3.8118006776359414,11386.387608,10952.361208
round-calibrated-p4-0130-2008d2fb91ebf71f,4,calibrated,smoothed_joint,development,extreme,joint_triangular_l3,mixed_extreme150_after_observable_screen,unresolved,True,True,joint_triangular_l5,True,0,-285.0739339999982,-285.0739339999982,2.5036380616421945,11386.387608,11101.313674
round-calibrated-p4-0131-b4b8cd750f97156e,4,calibrated,broad_joint,development,extreme,joint_triangular_l1,mixed_extreme150_after_observable_screen,unresolved,True,True,joint_triangular_l5,True,0,-604.4126620000006,-604.4126620000006,5.140636655576924,11757.544882,11153.13222
round-calibrated-p4-0131-b4b8cd750f97156e,4,calibrated,broad_joint,development,extreme,joint_triangular_l2,mixed_extreme150_after_observable_screen,unresolved,True,True,joint_triangular_l5,True,0,-445.2082140000002,-445.2082140000002,3.78657465030462,11757.544882,11312.336668
round-calibrated-p4-0131-b4b8cd750f97156e,4,calibrated,broad_joint,development,extreme,joint_triangular_l3,mixed_extreme150_after_observable_screen,unresolved,True,True,joint_triangular_l5,True,0,-277.129323000001,-277.129323000001,2.357033936772524,11757.544882,11480.415559
round-calibrated-p4-0132-8a729026aa285441,4,calibrated,smoothed_joint,development,correlated,joint_triangular_l1,mixed_correlated150_after_observable_screen,unresolved,True,True,joint_triangular_l5,True,0,-716.977347,-716.977347,5.973295128030317,12003.04575,11286.068403
round-calibrated-p4-0132-8a729026aa285441,4,calibrated,smoothed_joint,development,correlated,joint_triangular_l2,mixed_correlated150_after_observable_screen,unresolved,True,True,joint_triangular_l5,True,0,-467.5115559999995,-467.5115559999995,3.894941048608429,12003.04575,11535.534194
round-calibrated-p4-0132-8a729026aa285441,4,calibrated,smoothed_joint,development,correlated,joint_triangular_l3,mixed_correlated150_after_observable_screen,unresolved,True,True,joint_triangular_l5,True,0,-372.80755599999975,-372.80755599999975,3.1059413066054486,12003.04575,11630.238194
round-calibrated-p4-0133-828eb9eb0a591e81,4,calibrated,broad_joint,development,correlated,joint_triangular_l1,mixed_correlated150_after_observable_screen,unresolved,True,True,joint_triangular_l5,True,0,-776.6358830000008,-776.6358830000008,6.131319191375553,12666.701223,11890.06534
round-calibrated-p4-0133-828eb9eb0a591e81,4,calibrated,broad_joint,development,correlated,joint_triangular_l2,mixed_correlated150_after_observable_screen,unresolved,True,True,joint_triangular_l5,True,0,-642.358279,-642.358279,5.071235736054276,12666.701223,12024.342944
round-calibrated-p4-0133-828eb9eb0a591e81,4,calibrated,broad_joint,development,correlated,joint_triangular_l3,mixed_correlated150_after_observable_screen,unresolved,True,True,joint_triangular_l5,True,0,-484.2179090000009,-484.2179090000009,3.822762536790285,12666.701223,12182.483314
round-calibrated-p4-0134-c77c7bc63723237c,4,calibrated,smoothed_joint,development,extreme,joint_triangular_l1,mixed_extreme150_after_observable_screen,unresolved,True,True,joint_triangular_l5,True,0,-682.3608010000007,-682.3608010000007,4.821189244408602,14153.371013,13471.010212
round-calibrated-p4-0134-c77c7bc63723237c,4,calibrated,smoothed_joint,development,extreme,joint_triangular_l2,mixed_extreme150_after_observable_screen,unresolved,True,True,joint_triangular_l5,True,0,-478.1748470000002,-478.1748470000002,3.378522661214719,14153.371013,13675.196166
round-calibrated-p4-0134-c77c7bc63723237c,4,calibrated,smoothed_joint,development,extreme,joint_triangular_l3,mixed_extreme150_after_observable_screen,unresolved,True,True,joint_triangular_l5,True,0,-327.05579299999954,-327.05579299999954,2.3107978494988637,14153.371013,13826.31522
round-calibrated-p4-0135-40563c9eb4deb69d,4,calibrated,broad_joint,development,extreme,joint_triangular_l1,mixed_extreme150_after_observable_screen,unresolved,True,True,joint_triangular_l5,True,0,-772.9777190000004,-772.9777190000004,5.298152944626003,14589.569744,13816.592025
round-calibrated-p4-0135-40563c9eb4deb69d,4,calibrated,broad_joint,development,extreme,joint_triangular_l2,mixed_extreme150_after_observable_screen,unresolved,True,True,joint_triangular_l5,True,0,-491.7323660000002,-491.7323660000002,3.370437748530771,14589.569744,14097.837378
round-calibrated-p4-0135-40563c9eb4deb69d,4,calibrated,broad_joint,development,extreme,joint_triangular_l3,mixed_extreme150_after_observable_screen,unresolved,True,True,joint_triangular_l5,True,0,-343.73274200000014,-343.73274200000014,2.3560169904349726,14589.569744,14245.837002
round-calibrated-p4-0136-2c80d4ed6a6aeeca,4,calibrated,smoothed_joint,development,correlated,joint_triangular_l1,mixed_correlated150_after_observable_screen,unresolved,True,True,joint_triangular_l5,True,0,-693.8871999999992,-693.8871999999992,6.567490662133506,10565.484379,9871.597179
round-calibrated-p4-0136-2c80d4ed6a6aeeca,4,calibrated,smoothed_joint,development,correlated,joint_triangular_l2,mixed_correlated150_after_observable_screen,unresolved,True,True,joint_triangular_l5,True,0,-543.0766700000004,-543.0766700000004,5.140101963327131,10565.484379,10022.407709
round-calibrated-p4-0136-2c80d4ed6a6aeeca,4,calibrated,smoothed_joint,development,correlated,joint_triangular_l3,mixed_correlated150_after_observable_screen,unresolved,True,True,joint_triangular_l5,True,0,-386.6024500000003,-386.6024500000003,3.659107676770721,10565.484379,10178.881929
round-calibrated-p4-0137-59273b87356101e3,4,calibrated,broad_joint,development,correlated,joint_triangular_l1,mixed_correlated150_after_observable_screen,unresolved,True,True,joint_triangular_l5,True,0,-525.2906419999999,-525.2906419999999,4.594654734838705,11432.64668,10907.356038
round-calibrated-p4-0137-59273b87356101e3,4,calibrated,broad_joint,development,correlated,joint_triangular_l2,mixed_correlated150_after_observable_screen,unresolved,True,True,joint_triangular_l5,True,0,-333.69113800000014,-333.69113800000014,2.918756674110742,11432.64668,11098.955542
round-calibrated-p4-0137-59273b87356101e3,4,calibrated,broad_joint,development,correlated,joint_triangular_l3,mixed_correlated150_after_observable_screen,unresolved,True,True,joint_triangular_l5,True,0,-249.97320799999943,-249.97320799999943,2.1864859030175103,11432.64668,11182.673472
round-calibrated-p4-0138-00b180a4b389a032,4,calibrated,smoothed_joint,development,extreme,joint_triangular_l1,mixed_extreme150_after_observable_screen,unresolved,True,True,joint_triangular_l5,True,0,-627.1564849999995,-627.1564849999995,5.013083533125937,12510.39367,11883.237185
round-calibrated-p4-0138-00b180a4b389a032,4,calibrated,smoothed_joint,development,extreme,joint_triangular_l2,mixed_extreme150_after_observable_screen,unresolved,True,True,joint_triangular_l5,True,0,-373.3783860000003,-373.3783860000003,2.9845454575531383,12510.39367,12137.015284
round-calibrated-p4-0138-00b180a4b389a032,4,calibrated,smoothed_joint,development,extreme,joint_triangular_l3,mixed_extreme150_after_observable_screen,unresolved,True,True,joint_triangular_l5,True,0,-198.38018699999884,-198.38018699999884,1.5857229774928325,12510.39367,12312.013483
round-calibrated-p4-0139-0f7e81aef00b2233,4,calibrated,broad_joint,development,extreme,joint_triangular_l1,mixed_extreme150_after_observable_screen,unresolved,True,True,joint_triangular_l5,True,0,-589.7958520000011,-589.7958520000011,5.719488778381371,10312.037926,9722.242074
round-calibrated-p4-0139-0f7e81aef00b2233,4,calibrated,broad_joint,development,extreme,joint_triangular_l2,mixed_extreme150_after_observable_screen,unresolved,True,True,joint_triangular_l5,True,0,-405.63014900000053,-405.63014900000053,3.933559514722837,10312.037926,9906.407777
round-calibrated-p4-0139-0f7e81aef00b2233,4,calibrated,broad_joint,development,extreme,joint_triangular_l3,mixed_extreme150_after_observable_screen,unresolved,True,True,joint_triangular_l5,True,0,-291.11364200000025,-291.11364200000025,2.8230466575962456,10312.037926,10020.924284
round-calibrated-p4-0141-ba0149703eb66550,4,calibrated,broad_joint,development,correlated,joint_triangular_l1,mixed_correlated150_after_observable_screen,unresolved,True,True,joint_triangular_l5,True,0,-549.7819040000013,-549.7819040000013,5.045338396999911,10896.829127,10347.047223
round-calibrated-p4-0141-ba0149703eb66550,4,calibrated,broad_joint,development,correlated,joint_triangular_l2,mixed_correlated150_after_observable_screen,unresolved,True,True,joint_triangular_l5,True,0,-345.97513300000173,-345.97513300000173,3.175007416999407,10896.829127,10550.853994
round-calibrated-p4-0141-ba0149703eb66550,4,calibrated,broad_joint,development,correlated,joint_triangular_l3,mixed_correlated150_after_observable_screen,unresolved,True,True,joint_triangular_l5,True,0,-223.4852780000001,-223.4852780000001,2.050920275938361,10896.829127,10673.343849
round-calibrated-p4-0142-00bca0d29120892d,4,calibrated,smoothed_joint,development,extreme,joint_triangular_l1,mixed_extreme150_after_observable_screen,unresolved,True,True,joint_triangular_l5,True,0,-524.0118000000002,-524.0118000000002,4.194718839600676,12492.179334,11968.167534
round-calibrated-p4-0142-00bca0d29120892d,4,calibrated,smoothed_joint,development,extreme,joint_triangular_l2,mixed_extreme150_after_observable_screen,unresolved,True,True,joint_triangular_l5,True,0,-575.0692099999997,-575.0692099999997,4.603433833477175,12492.179334,11917.110124
round-calibrated-p4-0142-00bca0d29120892d,4,calibrated,smoothed_joint,development,extreme,joint_triangular_l3,mixed_extreme150_after_observable_screen,unresolved,True,True,joint_triangular_l5,True,0,-441.6599440000009,-441.6599440000009,3.5354915438808483,12492.179334,12050.51939
round-calibrated-p4-0143-44f221c791617d1e,4,calibrated,broad_joint,development,extreme,joint_triangular_l1,mixed_extreme150_after_observable_screen,unresolved,True,True,joint_triangular_l5,True,0,-553.8443150000003,-553.8443150000003,5.379250944512535,10295.937496,9742.093181
round-calibrated-p4-0143-44f221c791617d1e,4,calibrated,broad_joint,development,extreme,joint_triangular_l2,mixed_extreme150_after_observable_screen,unresolved,True,True,joint_triangular_l5,True,0,-448.3497900000002,-448.3497900000002,4.3546281256484445,10295.937496,9847.587706
round-calibrated-p4-0143-44f221c791617d1e,4,calibrated,broad_joint,development,extreme,joint_triangular_l3,mixed_extreme150_after_observable_screen,unresolved,True,True,joint_triangular_l5,True,0,-378.3468320000011,-378.3468320000011,3.6747195886434807,10295.937496,9917.590664
round-calibrated-p4-0144-cbd7d9dd8daace49,4,calibrated,smoothed_joint,development,correlated,joint_triangular_l1,mixed_correlated150_after_observable_screen,unresolved,True,True,joint_triangular_l5,True,0,162.58464899999854,162.58464899999854,-1.4737479311101989,11032.052739,11194.637388
round-calibrated-p4-0144-cbd7d9dd8daace49,4,calibrated,smoothed_joint,development,correlated,joint_triangular_l2,mixed_correlated150_after_observable_screen,unresolved,True,True,joint_triangular_l5,True,0,-100.4936400000006,-100.4936400000006,0.9109242167120916,11032.052739,10931.559099
round-calibrated-p4-0144-cbd7d9dd8daace49,4,calibrated,smoothed_joint,development,correlated,joint_triangular_l3,mixed_correlated150_after_observable_screen,unresolved,True,True,joint_triangular_l5,True,0,-5.081201000000874,-5.081201000000874,0.046058527095669585,11032.052739,11026.971538
round-calibrated-p4-0145-4a378b2c6bcaff44,4,calibrated,broad_joint,development,correlated,joint_triangular_l1,mixed_correlated150_after_observable_screen,unresolved,True,True,joint_triangular_l5,True,0,-922.6995509999997,-922.6995509999997,8.375652769222656,11016.449421,10093.74987
round-calibrated-p4-0145-4a378b2c6bcaff44,4,calibrated,broad_joint,development,correlated,joint_triangular_l2,mixed_correlated150_after_observable_screen,unresolved,True,True,joint_triangular_l5,True,0,-743.757501,-743.757501,6.7513358667287084,11016.449421,10272.69192
round-calibrated-p4-0145-4a378b2c6bcaff44,4,calibrated,broad_joint,development,correlated,joint_triangular_l3,mixed_correlated150_after_observable_screen,unresolved,True,True,joint_triangular_l5,True,0,-532.4683999999997,-532.4683999999997,4.833393951639146,11016.449421,10483.981021
round-calibrated-p4-0146-6904b1aaa7dd2d68,4,calibrated,smoothed_joint,development,extreme,joint_triangular_l1,mixed_extreme150_after_observable_screen,unresolved,True,True,joint_triangular_l5,True,0,-36.93410500000027,-36.93410500000027,0.31634420251513806,11675.290619,11638.356514
round-calibrated-p4-0146-6904b1aaa7dd2d68,4,calibrated,smoothed_joint,development,extreme,joint_triangular_l2,mixed_extreme150_after_observable_screen,unresolved,True,True,joint_triangular_l5,True,0,-330.98099899999943,-330.98099899999943,2.8348844564209084,11675.290619,11344.30962
round-calibrated-p4-0146-6904b1aaa7dd2d68,4,calibrated,smoothed_joint,development,extreme,joint_triangular_l3,mixed_extreme150_after_observable_screen,unresolved,True,True,joint_triangular_l5,True,0,-257.57514399999855,-257.57514399999855,2.206156166946533,11675.290619,11417.715475
round-calibrated-p4-0147-b442ff5f11466e54,4,calibrated,broad_joint,development,extreme,joint_triangular_l1,mixed_extreme150_after_observable_screen,unresolved,True,True,joint_triangular_l5,True,0,-558.8124690000004,-558.8124690000004,5.259281006142882,10625.263574,10066.451105
round-calibrated-p4-0147-b442ff5f11466e54,4,calibrated,broad_joint,development,extreme,joint_triangular_l2,mixed_extreme150_after_observable_screen,unresolved,True,True,joint_triangular_l5,True,0,-436.73335100000077,-436.73335100000077,4.110329574022864,10625.263574,10188.530223
round-calibrated-p4-0147-b442ff5f11466e54,4,calibrated,broad_joint,development,extreme,joint_triangular_l3,mixed_extreme150_after_observable_screen,unresolved,True,True,joint_triangular_l5,True,0,-369.0777040000012,-369.0777040000012,3.473586339101588,10625.263574,10256.18587
round-calibrated-p4-0148-5e3c154f836f56fe,4,calibrated,smoothed_joint,development,correlated,joint_triangular_l1,mixed_correlated150_after_observable_screen,unresolved,True,True,joint_triangular_l5,True,0,-963.4189810000007,-963.4189810000007,8.70025792272503,11073.453104,10110.034123
round-calibrated-p4-0148-5e3c154f836f56fe,4,calibrated,smoothed_joint,development,correlated,joint_triangular_l2,mixed_correlated150_after_observable_screen,unresolved,True,True,joint_triangular_l5,True,0,-735.5980280000003,-735.5980280000003,6.642896493906535,11073.453104,10337.855076
round-calibrated-p4-0148-5e3c154f836f56fe,4,calibrated,smoothed_joint,development,correlated,joint_triangular_l3,mixed_correlated150_after_observable_screen,unresolved,True,True,joint_triangular_l5,True,0,-560.1201959999999,-560.1201959999999,5.058225205267459,11073.453104,10513.332908
round-calibrated-p4-0149-3312d21b8702b6ca,4,calibrated,broad_joint,development,correlated,joint_triangular_l1,mixed_correlated150_after_observable_screen,unresolved,True,True,joint_triangular_l5,True,0,-866.274551999999,-866.274551999999,6.993830301337687,12386.26782,11519.993268
round-calibrated-p4-0149-3312d21b8702b6ca,4,calibrated,broad_joint,development,correlated,joint_triangular_l2,mixed_correlated150_after_observable_screen,unresolved,True,True,joint_triangular_l5,True,0,-573.0115769999993,-573.0115769999993,4.626184298023675,12386.26782,11813.256243
round-calibrated-p4-0149-3312d21b8702b6ca,4,calibrated,broad_joint,development,correlated,joint_triangular_l3,mixed_correlated150_after_observable_screen,unresolved,True,True,joint_triangular_l5,True,0,-381.35670299999947,-381.35670299999947,3.0788669237736497,12386.26782,12004.911117
round-calibrated-p4-0150-7c4408dcff4e988a,4,calibrated,smoothed_joint,development,extreme,joint_triangular_l1,mixed_extreme150_after_observable_screen,unresolved,True,True,joint_triangular_l5,True,0,-808.7617210000008,-808.7617210000008,7.14084813558077,11325.849614,10517.087893
round-calibrated-p4-0150-7c4408dcff4e988a,4,calibrated,smoothed_joint,development,extreme,joint_triangular_l2,mixed_extreme150_after_observable_screen,unresolved,True,True,joint_triangular_l5,True,0,-663.4148460000015,-663.4148460000015,5.857528296861257,11325.849614,10662.434768
round-calibrated-p4-0150-7c4408dcff4e988a,4,calibrated,smoothed_joint,development,extreme,joint_triangular_l3,mixed_extreme150_after_observable_screen,unresolved,True,True,joint_triangular_l5,True,0,-505.3730540000015,-505.3730540000015,4.462120469755352,11325.849614,10820.47656
round-calibrated-p4-0151-fce1b1692a2fca27,4,calibrated,broad_joint,development,extreme,joint_triangular_l1,mixed_extreme150_after_observable_screen,unresolved,True,True,joint_triangular_l5,True,0,-249.92857300000105,-249.92857300000105,2.4028480048906626,10401.347588,10151.419015
round-calibrated-p4-0151-fce1b1692a2fca27,4,calibrated,broad_joint,development,extreme,joint_triangular_l2,mixed_extreme150_after_observable_screen,unresolved,True,True,joint_triangular_l5,True,0,-212.81313899999986,-212.81313899999986,2.0460150687159198,10401.347588,10188.534449
round-calibrated-p4-0151-fce1b1692a2fca27,4,calibrated,broad_joint,development,extreme,joint_triangular_l3,mixed_extreme150_after_observable_screen,unresolved,True,True,joint_triangular_l5,True,0,-151.527970000001,-151.527970000001,1.4568109441397603,10401.347588,10249.819618
round-calibrated-p4-0152-49801397279a1563,4,calibrated,smoothed_joint,development,correlated,joint_triangular_l1,mixed_correlated150_after_observable_screen,unresolved,True,True,joint_triangular_l5,True,0,-909.4287050000003,-909.4287050000003,9.725792900790696,9350.689597,8441.260892
round-calibrated-p4-0152-49801397279a1563,4,calibrated,smoothed_joint,development,correlated,joint_triangular_l2,mixed_correlated150_after_observable_screen,unresolved,True,True,joint_triangular_l5,True,0,-611.8803800000005,-611.8803800000005,6.543692565693885,9350.689597,8738.809217
round-calibrated-p4-0152-49801397279a1563,4,calibrated,smoothed_joint,development,correlated,joint_triangular_l3,mixed_correlated150_after_observable_screen,unresolved,True,True,joint_triangular_l5,True,0,-426.2207550000003,-426.2207550000003,4.558174566469894,9350.689597,8924.468842
round-calibrated-p4-0153-baea5d9ba650a656,4,calibrated,broad_joint,development,correlated,joint_triangular_l1,mixed_correlated150_after_observable_screen,unresolved,True,True,joint_triangular_l5,True,0,-685.0634930000015,-685.0634930000015,5.685432215963406,12049.453181,11364.389688
round-calibrated-p4-0153-baea5d9ba650a656,4,calibrated,broad_joint,development,correlated,joint_triangular_l2,mixed_correlated150_after_observable_screen,unresolved,True,True,joint_triangular_l5,True,0,-471.6357680000001,-471.6357680000001,3.914167397601842,12049.453181,11577.817413
round-calibrated-p4-0153-baea5d9ba650a656,4,calibrated,broad_joint,development,correlated,joint_triangular_l3,mixed_correlated150_after_observable_screen,unresolved,True,True,joint_triangular_l5,True,0,-264.00162700000146,-264.00162700000146,2.190984296418434,12049.453181,11785.451554
round-calibrated-p4-0154-ef52db9df0adec4b,4,calibrated,smoothed_joint,development,extreme,joint_triangular_l1,mixed_extreme150_after_observable_screen,unresolved,True,True,joint_triangular_l5,True,0,-526.5069639999983,-526.5069639999983,4.582187065083025,11490.298334,10963.79137
round-calibrated-p4-0154-ef52db9df0adec4b,4,calibrated,smoothed_joint,development,extreme,joint_triangular_l2,mixed_extreme150_after_observable_screen,unresolved,True,True,joint_triangular_l5,True,0,-316.7814749999998,-316.7814749999998,2.7569473462898495,11490.298334,11173.516859
round-calibrated-p4-0154-ef52db9df0adec4b,4,calibrated,smoothed_joint,development,extreme,joint_triangular_l3,mixed_extreme150_after_observable_screen,unresolved,True,True,joint_triangular_l5,True,0,-163.7545769999997,-163.7545769999997,1.4251551373165565,11490.298334,11326.543757
round-calibrated-p4-0155-a9316663f3dfadda,4,calibrated,broad_joint,development,extreme,joint_triangular_l1,mixed_extreme150_after_observable_screen,unresolved,True,True,joint_triangular_l5,True,0,-402.06288700000005,-402.06288700000005,3.943403904990223,10195.833262,9793.770375
round-calibrated-p4-0155-a9316663f3dfadda,4,calibrated,broad_joint,development,extreme,joint_triangular_l2,mixed_extreme150_after_observable_screen,unresolved,True,True,joint_triangular_l5,True,0,-213.11095899999964,-213.11095899999964,2.09017697253119,10195.833262,9982.722303
round-calibrated-p4-0155-a9316663f3dfadda,4,calibrated,broad_joint,development,extreme,joint_triangular_l3,mixed_extreme150_after_observable_screen,unresolved,True,True,joint_triangular_l5,True,0,-149.60425000000032,-149.60425000000032,1.4673077340091198,10195.833262,10046.229012
round-calibrated-p4-0157-5b4c14be4f9b6d86,4,calibrated,broad_joint,development,correlated,joint_triangular_l1,mixed_correlated150_after_observable_screen,unresolved,True,True,joint_triangular_l5,True,0,-1121.627962999999,-1121.627962999999,10.56240493833593,10619.058534,9497.430571
round-calibrated-p4-0157-5b4c14be4f9b6d86,4,calibrated,broad_joint,development,correlated,joint_triangular_l2,mixed_correlated150_after_observable_screen,unresolved,True,True,joint_triangular_l5,True,0,-767.6491409999999,-767.6491409999999,7.228975511738148,10619.058534,9851.409393
round-calibrated-p4-0157-5b4c14be4f9b6d86,4,calibrated,broad_joint,development,correlated,joint_triangular_l3,mixed_correlated150_after_observable_screen,unresolved,True,True,joint_triangular_l5,True,0,-620.6962149999999,-620.6962149999999,5.845115299182698,10619.058534,9998.362319
round-calibrated-p4-0158-6ee6b15c08ffd70f,4,calibrated,smoothed_joint,development,extreme,joint_triangular_l1,mixed_extreme150_after_observable_screen,unresolved,True,True,joint_triangular_l5,True,0,-251.71803700000055,-251.71803700000055,2.149313689068711,11711.554171,11459.836134
round-calibrated-p4-0158-6ee6b15c08ffd70f,4,calibrated,smoothed_joint,development,extreme,joint_triangular_l2,mixed_extreme150_after_observable_screen,unresolved,True,True,joint_triangular_l5,True,0,-265.18600999999944,-265.18600999999944,2.264311005422744,11711.554171,11446.368161
round-calibrated-p4-0158-6ee6b15c08ffd70f,4,calibrated,smoothed_joint,development,extreme,joint_triangular_l3,mixed_extreme150_after_observable_screen,unresolved,True,True,joint_triangular_l5,True,0,-132.5886730000002,-132.5886730000002,1.1321185135984306,11711.554171,11578.965498
round-calibrated-p4-0159-b3248178761a9a26,4,calibrated,broad_joint,development,extreme,joint_triangular_l1,mixed_extreme150_after_observable_screen,unresolved,True,True,joint_triangular_l5,True,0,-584.222788000001,-584.222788000001,5.389588382110318,10839.84057,10255.617782
round-calibrated-p4-0159-b3248178761a9a26,4,calibrated,broad_joint,development,extreme,joint_triangular_l2,mixed_extreme150_after_observable_screen,unresolved,True,True,joint_triangular_l5,True,0,-360.4902970000003,-360.4902970000003,3.325605156940055,10839.84057,10479.350273
round-calibrated-p4-0159-b3248178761a9a26,4,calibrated,broad_joint,development,extreme,joint_triangular_l3,mixed_extreme150_after_observable_screen,unresolved,True,True,joint_triangular_l5,True,0,-236.0468519999995,-236.0468519999995,2.1775860122267416,10839.84057,10603.793718
round-calibrated-p4-0160-73a4c9c55af92d17,4,calibrated,smoothed_joint,development,correlated,joint_triangular_l1,mixed_correlated150_after_observable_screen,unresolved,True,True,joint_triangular_l5,True,0,-666.2342850000005,-666.2342850000005,5.784761057528343,11517.05798,10850.823695
round-calibrated-p4-0160-73a4c9c55af92d17,4,calibrated,smoothed_joint,development,correlated,joint_triangular_l2,mixed_correlated150_after_observable_screen,unresolved,True,True,joint_triangular_l5,True,0,-486.5043310000001,-486.5043310000001,4.224206666709861,11517.05798,11030.553649
round-calibrated-p4-0160-73a4c9c55af92d17,4,calibrated,smoothed_joint,development,correlated,joint_triangular_l3,mixed_correlated150_after_observable_screen,unresolved,True,True,joint_triangular_l5,True,0,-330.51178699999946,-330.51178699999946,2.8697588183887865,11517.05798,11186.546193
round-calibrated-p4-0161-5dc492925d51d7a4,4,calibrated,broad_joint,development,correlated,joint_triangular_l1,mixed_correlated150_after_observable_screen,unresolved,True,True,joint_triangular_l5,True,0,-843.5840960000005,-843.5840960000005,7.560928326917823,11157.149751,10313.565655
round-calibrated-p4-0161-5dc492925d51d7a4,4,calibrated,broad_joint,development,correlated,joint_triangular_l2,mixed_correlated150_after_observable_screen,unresolved,True,True,joint_triangular_l5,True,0,-721.793275,-721.793275,6.469333934818851,11157.149751,10435.356476
round-calibrated-p4-0161-5dc492925d51d7a4,4,calibrated,broad_joint,development,correlated,joint_triangular_l3,mixed_correlated150_after_observable_screen,unresolved,True,True,joint_triangular_l5,True,0,-515.8048500000004,-515.8048500000004,4.62308798852296,11157.149751,10641.344901
round-calibrated-p4-0163-d2361c3496e65a7c,4,calibrated,broad_joint,development,extreme,joint_triangular_l1,mixed_extreme150_after_observable_screen,unresolved,True,True,joint_triangular_l5,True,0,-542.9652060000008,-542.9652060000008,4.419457731806822,12285.787962,11742.822756
round-calibrated-p4-0163-d2361c3496e65a7c,4,calibrated,broad_joint,development,extreme,joint_triangular_l2,mixed_extreme150_after_observable_screen,unresolved,True,True,joint_triangular_l5,True,0,-351.44968599999993,-351.44968599999993,2.860619824198785,12285.787962,11934.338276
round-calibrated-p4-0163-d2361c3496e65a7c,4,calibrated,broad_joint,development,extreme,joint_triangular_l3,mixed_extreme150_after_observable_screen,unresolved,True,True,joint_triangular_l5,True,0,-215.97953000000052,-215.97953000000052,1.7579623762678163,12285.787962,12069.808432
round-calibrated-p4-0167-1aa6753029dcc3d5,4,calibrated,broad_joint,development,extreme,joint_triangular_l1,mixed_extreme150_after_observable_screen,unresolved,True,True,joint_triangular_l5,True,0,-699.8483699999997,-699.8483699999997,6.543369182969731,10695.535441,9995.687071
round-calibrated-p4-0167-1aa6753029dcc3d5,4,calibrated,broad_joint,development,extreme,joint_triangular_l2,mixed_extreme150_after_observable_screen,unresolved,True,True,joint_triangular_l5,True,0,-380.08832000000075,-380.08832000000075,3.5537100699323534,10695.535441,10315.447121
round-calibrated-p4-0167-1aa6753029dcc3d5,4,calibrated,broad_joint,development,extreme,joint_triangular_l3,mixed_extreme150_after_observable_screen,unresolved,True,True,joint_triangular_l5,True,0,-268.5809019999997,-268.5809019999997,2.511149661291648,10695.535441,10426.954539
round-calibrated-p4-0168-87e5226a2649d267,4,calibrated,smoothed_joint,development,correlated,joint_triangular_l1,mixed_correlated150_after_observable_screen,unresolved,True,True,joint_triangular_l5,True,0,-475.3824260000001,-475.3824260000001,4.437085761491851,10713.843535,10238.461109
round-calibrated-p4-0168-87e5226a2649d267,4,calibrated,smoothed_joint,development,correlated,joint_triangular_l2,mixed_correlated150_after_observable_screen,unresolved,True,True,joint_triangular_l5,True,0,-370.56297000000086,-370.56297000000086,3.4587304620367583,10713.843535,10343.280565
round-calibrated-p4-0168-87e5226a2649d267,4,calibrated,smoothed_joint,development,correlated,joint_triangular_l3,mixed_correlated150_after_observable_screen,unresolved,True,True,joint_triangular_l5,True,0,-292.07184100000086,-292.07184100000086,2.7261163563371085,10713.843535,10421.771694
round-calibrated-p4-0169-568de9740dae0aaa,4,calibrated,broad_joint,development,correlated,joint_triangular_l1,mixed_correlated150_after_observable_screen,unresolved,True,True,joint_triangular_l5,True,0,-1125.5358290000004,-1125.5358290000004,9.544405854278615,11792.623304,10667.087475
round-calibrated-p4-0169-568de9740dae0aaa,4,calibrated,broad_joint,development,correlated,joint_triangular_l2,mixed_correlated150_after_observable_screen,unresolved,True,True,joint_triangular_l5,True,0,-810.0397850000008,-810.0397850000008,6.869038076754638,11792.623304,10982.583519
round-calibrated-p4-0169-568de9740dae0aaa,4,calibrated,broad_joint,development,correlated,joint_triangular_l3,mixed_correlated150_after_observable_screen,unresolved,True,True,joint_triangular_l5,True,0,-577.1981410000008,-577.1981410000008,4.894569478906512,11792.623304,11215.425163
round-calibrated-p4-0170-6b3338475bf62d03,4,calibrated,smoothed_joint,development,extreme,joint_triangular_l1,mixed_extreme150_after_observable_screen,unresolved,True,True,joint_triangular_l5,True,0,-256.9841489999999,-256.9841489999999,2.2313639196010153,11516.908862,11259.924713
round-calibrated-p4-0170-6b3338475bf62d03,4,calibrated,smoothed_joint,development,extreme,joint_triangular_l2,mixed_extreme150_after_observable_screen,unresolved,True,True,joint_triangular_l5,True,0,-132.25342699999965,-132.25342699999965,1.148341352568738,11516.908862,11384.655435
round-calibrated-p4-0170-6b3338475bf62d03,4,calibrated,smoothed_joint,development,extreme,joint_triangular_l3,mixed_extreme150_after_observable_screen,unresolved,True,True,joint_triangular_l5,True,0,-112.37504400000034,-112.37504400000034,0.975739630716202,11516.908862,11404.533818
round-calibrated-p4-0172-1995047b9c8c545e,4,calibrated,smoothed_joint,development,correlated,joint_triangular_l1,mixed_correlated150_after_observable_screen,unresolved,True,True,joint_triangular_l5,True,0,-673.2480149999992,-673.2480149999992,5.182885686527019,12989.829522,12316.581507
round-calibrated-p4-0172-1995047b9c8c545e,4,calibrated,smoothed_joint,development,correlated,joint_triangular_l2,mixed_correlated150_after_observable_screen,unresolved,True,True,joint_triangular_l5,True,0,-547.6831359999996,-547.6831359999996,4.216245756516093,12989.829522,12442.146386
round-calibrated-p4-0172-1995047b9c8c545e,4,calibrated,smoothed_joint,development,correlated,joint_triangular_l3,mixed_correlated150_after_observable_screen,unresolved,True,True,joint_triangular_l5,True,0,-381.4700219999995,-381.4700219999995,2.9366822817337934,12989.829522,12608.3595
round-calibrated-p4-0173-04d04473bd9b3567,4,calibrated,broad_joint,development,correlated,joint_triangular_l1,mixed_correlated150_after_observable_screen,unresolved,True,True,joint_triangular_l5,True,0,-510.9850210000004,-510.9850210000004,5.05411311497495,10110.280664,9599.295643
round-calibrated-p4-0173-04d04473bd9b3567,4,calibrated,broad_joint,development,correlated,joint_triangular_l2,mixed_correlated150_after_observable_screen,unresolved,True,True,joint_triangular_l5,True,0,-344.43740199999957,-344.43740199999957,3.4068035640835257,10110.280664,9765.843262
round-calibrated-p4-0173-04d04473bd9b3567,4,calibrated,broad_joint,development,correlated,joint_triangular_l3,mixed_correlated150_after_observable_screen,unresolved,True,True,joint_triangular_l5,True,0,-231.99307899999985,-231.99307899999985,2.294625507539717,10110.280664,9878.287585
round-calibrated-p4-0174-24e08f395fea2a8d,4,calibrated,smoothed_joint,development,extreme,joint_triangular_l1,mixed_extreme150_after_observable_screen,unresolved,True,True,joint_triangular_l5,True,0,-528.754762999999,-528.754762999999,4.480702435739765,11800.711397,11271.956634
round-calibrated-p4-0174-24e08f395fea2a8d,4,calibrated,smoothed_joint,development,extreme,joint_triangular_l2,mixed_extreme150_after_observable_screen,unresolved,True,True,joint_triangular_l5,True,0,-436.1247709999989,-436.1247709999989,3.6957498266661397,11800.711397,11364.586626
round-calibrated-p4-0174-24e08f395fea2a8d,4,calibrated,smoothed_joint,development,extreme,joint_triangular_l3,mixed_extreme150_after_observable_screen,unresolved,True,True,joint_triangular_l5,True,0,-342.3823769999999,-342.3823769999999,2.9013706503070744,11800.711397,11458.32902
round-calibrated-p4-0175-262ea9ff121c8df1,4,calibrated,broad_joint,development,extreme,joint_triangular_l1,mixed_extreme150_after_observable_screen,unresolved,True,True,joint_triangular_l5,True,0,-630.1215739999989,-630.1215739999989,5.278050677667342,11938.528303,11308.406729
round-calibrated-p4-0175-262ea9ff121c8df1,4,calibrated,broad_joint,development,extreme,joint_triangular_l2,mixed_extreme150_after_observable_screen,unresolved,True,True,joint_triangular_l5,True,0,-438.4038109999983,-438.4038109999983,3.6721763342457634,11938.528303,11500.124492
round-calibrated-p4-0175-262ea9ff121c8df1,4,calibrated,broad_joint,development,extreme,joint_triangular_l3,mixed_extreme150_after_observable_screen,unresolved,True,True,joint_triangular_l5,True,0,-284.96497499999896,-284.96497499999896,2.386935539855368,11938.528303,11653.563328
round-calibrated-p4-0176-afcaf4c5e08242aa,4,calibrated,smoothed_joint,development,correlated,joint_triangular_l1,mixed_correlated150_after_observable_screen,unresolved,True,True,joint_triangular_l5,True,0,-858.9421359999997,-858.9421359999997,7.5190278879381145,11423.579601,10564.637465
round-calibrated-p4-0176-afcaf4c5e08242aa,4,calibrated,smoothed_joint,development,correlated,joint_triangular_l2,mixed_correlated150_after_observable_screen,unresolved,True,True,joint_triangular_l5,True,0,-643.7569299999996,-643.7569299999996,5.635334566615584,11423.579601,10779.822671
round-calibrated-p4-0176-afcaf4c5e08242aa,4,calibrated,smoothed_joint,development,correlated,joint_triangular_l3,mixed_correlated150_after_observable_screen,unresolved,True,True,joint_triangular_l5,True,0,-505.8603869999988,-505.8603869999988,4.428212562686714,11423.579601,10917.719214
round-calibrated-p4-0177-90dd5ac060125c30,4,calibrated,broad_joint,development,correlated,joint_triangular_l1,mixed_correlated150_after_observable_screen,unresolved,True,True,joint_triangular_l5,True,0,-667.9919209999989,-667.9919209999989,6.021369771118948,11093.687091,10425.69517
round-calibrated-p4-0177-90dd5ac060125c30,4,calibrated,broad_joint,development,correlated,joint_triangular_l2,mixed_correlated150_after_observable_screen,unresolved,True,True,joint_triangular_l5,True,0,-521.3602310000006,-521.3602310000006,4.699611830794882,11093.687091,10572.32686
round-calibrated-p4-0177-90dd5ac060125c30,4,calibrated,broad_joint,development,correlated,joint_triangular_l3,mixed_correlated150_after_observable_screen,unresolved,True,True,joint_triangular_l5,True,0,-399.16943100000026,-399.16943100000026,3.598167387683355,11093.687091,10694.51766
round-calibrated-p4-0178-b8ee67893150419b,4,calibrated,smoothed_joint,development,extreme,joint_triangular_l1,mixed_extreme150_after_observable_screen,unresolved,True,True,joint_triangular_l5,True,0,-339.3891800000001,-339.3891800000001,3.1288858037505163,10846.966022,10507.576842
round-calibrated-p4-0178-b8ee67893150419b,4,calibrated,smoothed_joint,development,extreme,joint_triangular_l2,mixed_extreme150_after_observable_screen,unresolved,True,True,joint_triangular_l5,True,0,-221.00889300000017,-221.00889300000017,2.0375180723507955,10846.966022,10625.957129
round-calibrated-p4-0178-b8ee67893150419b,4,calibrated,smoothed_joint,development,extreme,joint_triangular_l3,mixed_extreme150_after_observable_screen,unresolved,True,True,joint_triangular_l5,True,0,-146.31734000000142,-146.31734000000142,1.3489241111591768,10846.966022,10700.648682
round-calibrated-p4-0179-b42e64e1e6934773,4,calibrated,broad_joint,development,extreme,joint_triangular_l1,mixed_extreme150_after_observable_screen,unresolved,True,True,joint_triangular_l5,True,0,-448.964750000001,-448.964750000001,3.617235283657555,12411.820487,11962.855737
round-calibrated-p4-0179-b42e64e1e6934773,4,calibrated,broad_joint,development,extreme,joint_triangular_l2,mixed_extreme150_after_observable_screen,unresolved,True,True,joint_triangular_l5,True,0,-340.5030260000003,-340.5030260000003,2.743376979683515,12411.820487,12071.317461
round-calibrated-p4-0179-b42e64e1e6934773,4,calibrated,broad_joint,development,extreme,joint_triangular_l3,mixed_extreme150_after_observable_screen,unresolved,True,True,joint_triangular_l5,True,0,-215.60784800000147,-215.60784800000147,1.7371170347317435,12411.820487,12196.212639
round-calibrated-p4-0180-0776db296b9f8699,4,calibrated,smoothed_joint,development,correlated,joint_triangular_l1,mixed_correlated150_after_observable_screen,unresolved,True,True,joint_triangular_l5,True,0,-756.8254469999993,-756.8254469999993,7.156681887612805,10575.088552,9818.263105
round-calibrated-p4-0180-0776db296b9f8699,4,calibrated,smoothed_joint,development,correlated,joint_triangular_l2,mixed_correlated150_after_observable_screen,unresolved,True,True,joint_triangular_l5,True,0,-498.12844099999893,-498.12844099999893,4.710394986770972,10575.088552,10076.960111
round-calibrated-p4-0180-0776db296b9f8699,4,calibrated,smoothed_joint,development,correlated,joint_triangular_l3,mixed_correlated150_after_observable_screen,unresolved,True,True,joint_triangular_l5,True,0,-390.35395400000016,-390.35395400000016,3.6912594356117707,10575.088552,10184.734598
round-calibrated-p4-0181-93299f22b4a80e2d,4,calibrated,broad_joint,development,correlated,joint_triangular_l1,mixed_correlated150_after_observable_screen,unresolved,True,True,joint_triangular_l5,True,0,-537.4713730000003,-537.4713730000003,4.995589867501082,10758.91711,10221.445737
round-calibrated-p4-0181-93299f22b4a80e2d,4,calibrated,broad_joint,development,correlated,joint_triangular_l2,mixed_correlated150_after_observable_screen,unresolved,True,True,joint_triangular_l5,True,0,-369.94136100000105,-369.94136100000105,3.4384627859634196,10758.91711,10388.975749
round-calibrated-p4-0181-93299f22b4a80e2d,4,calibrated,broad_joint,development,correlated,joint_triangular_l3,mixed_correlated150_after_observable_screen,unresolved,True,True,joint_triangular_l5,True,0,-292.7721249999995,-292.7721249999995,2.72120439266029,10758.91711,10466.144985
round-calibrated-p4-0183-751592449225e1c1,4,calibrated,broad_joint,development,extreme,joint_triangular_l1,mixed_extreme150_after_observable_screen,unresolved,True,True,joint_triangular_l5,True,0,-715.3491520000007,-715.3491520000007,6.619527328823806,10806.650029,10091.300877
round-calibrated-p4-0183-751592449225e1c1,4,calibrated,broad_joint,development,extreme,joint_triangular_l2,mixed_extreme150_after_observable_screen,unresolved,True,True,joint_triangular_l5,True,0,-544.9738429999998,-544.9738429999998,5.04294893919526,10806.650029,10261.676186
round-calibrated-p4-0183-751592449225e1c1,4,calibrated,broad_joint,development,extreme,joint_triangular_l3,mixed_extreme150_after_observable_screen,unresolved,True,True,joint_triangular_l5,True,0,-440.5380380000006,-440.5380380000006,4.076545801129881,10806.650029,10366.111991
round-calibrated-p4-0184-26c024ba13f6624e,4,calibrated,smoothed_joint,development,correlated,joint_triangular_l1,mixed_correlated150_after_observable_screen,unresolved,True,True,joint_triangular_l5,True,0,-375.54243399999905,-375.54243399999905,3.5764904144363934,10500.3059,10124.763466
round-calibrated-p4-0184-26c024ba13f6624e,4,calibrated,smoothed_joint,development,correlated,joint_triangular_l2,mixed_correlated150_after_observable_screen,unresolved,True,True,joint_triangular_l5,True,0,-286.4318829999993,-286.4318829999993,2.727843224072161,10500.3059,10213.874017
round-calibrated-p4-0184-26c024ba13f6624e,4,calibrated,smoothed_joint,development,correlated,joint_triangular_l3,mixed_correlated150_after_observable_screen,unresolved,True,True,joint_triangular_l5,True,0,-186.96211799999946,-186.96211799999946,1.7805397269426166,10500.3059,10313.343782
round-calibrated-p4-0185-d2617b89e299a37a,4,calibrated,broad_joint,development,correlated,joint_triangular_l1,mixed_correlated150_after_observable_screen,unresolved,True,True,joint_triangular_l5,True,0,-506.8237960000006,-506.8237960000006,5.112913547877627,9912.622055,9405.798259
round-calibrated-p4-0185-d2617b89e299a37a,4,calibrated,broad_joint,development,correlated,joint_triangular_l2,mixed_correlated150_after_observable_screen,unresolved,True,True,joint_triangular_l5,True,0,-493.98416200000065,-493.98416200000065,4.983385417694114,9912.622055,9418.637893
round-calibrated-p4-0185-d2617b89e299a37a,4,calibrated,broad_joint,development,correlated,joint_triangular_l3,mixed_correlated150_after_observable_screen,unresolved,True,True,joint_triangular_l5,True,0,-374.0195370000001,-374.0195370000001,3.773164506068724,9912.622055,9538.602518
round-calibrated-p4-0186-58d581ee74a93984,4,calibrated,smoothed_joint,development,extreme,joint_triangular_l1,mixed_extreme150_after_observable_screen,unresolved,True,True,joint_triangular_l5,True,0,-3.7407270000003336,-3.7407270000003336,0.0346373362226864,10799.695958,10795.955231
round-calibrated-p4-0186-58d581ee74a93984,4,calibrated,smoothed_joint,development,extreme,joint_triangular_l2,mixed_extreme150_after_observable_screen,unresolved,True,True,joint_triangular_l5,True,0,208.806994999999,208.806994999999,-1.9334525324791463,10799.695958,11008.502953
round-calibrated-p4-0186-58d581ee74a93984,4,calibrated,smoothed_joint,development,extreme,joint_triangular_l3,mixed_extreme150_after_observable_screen,unresolved,True,True,joint_triangular_l5,True,0,-187.35127300000022,-187.35127300000022,1.7347828469302193,10799.695958,10612.344685
round-calibrated-p4-0188-07852e87a34287f4,4,calibrated,smoothed_joint,development,correlated,joint_triangular_l1,mixed_correlated150_after_observable_screen,unresolved,True,True,joint_triangular_l5,True,0,-296.4524959999999,-296.4524959999999,2.6752123084351247,11081.45679,10785.004294
round-calibrated-p4-0188-07852e87a34287f4,4,calibrated,smoothed_joint,development,correlated,joint_triangular_l2,mixed_correlated150_after_observable_screen,unresolved,True,True,joint_triangular_l5,True,0,-419.0537170000007,-419.0537170000007,3.7815760593693626,11081.45679,10662.403073
round-calibrated-p4-0188-07852e87a34287f4,4,calibrated,smoothed_joint,development,correlated,joint_triangular_l3,mixed_correlated150_after_observable_screen,unresolved,True,True,joint_triangular_l5,True,0,-276.0570349999998,-276.0570349999998,2.4911619494750545,11081.45679,10805.399755
round-calibrated-p4-0189-9e9d67a62fc20b8b,4,calibrated,broad_joint,development,correlated,joint_triangular_l1,mixed_correlated150_after_observable_screen,unresolved,True,True,joint_triangular_l5,True,0,-670.596931,-670.596931,6.182119230260591,10847.363275,10176.766344
round-calibrated-p4-0189-9e9d67a62fc20b8b,4,calibrated,broad_joint,development,correlated,joint_triangular_l2,mixed_correlated150_after_observable_screen,unresolved,True,True,joint_triangular_l5,True,0,-475.9644879999996,-475.9644879999996,4.387835789522773,10847.363275,10371.398787
round-calibrated-p4-0189-9e9d67a62fc20b8b,4,calibrated,broad_joint,development,correlated,joint_triangular_l3,mixed_correlated150_after_observable_screen,unresolved,True,True,joint_triangular_l5,True,0,-348.2948070000002,-348.2948070000002,3.210870680460365,10847.363275,10499.068468
round-calibrated-p4-0190-d6b554cb3aa866c2,4,calibrated,smoothed_joint,development,extreme,joint_triangular_l1,mixed_extreme150_after_observable_screen,unresolved,True,True,joint_triangular_l5,True,0,-830.9384280000013,-830.9384280000013,8.763645327389979,9481.652862,8650.714434
round-calibrated-p4-0190-d6b554cb3aa866c2,4,calibrated,smoothed_joint,development,extreme,joint_triangular_l2,mixed_extreme150_after_observable_screen,unresolved,True,True,joint_triangular_l5,True,0,-456.8639980000007,-456.8639980000007,4.8184003849264805,9481.652862,9024.788864
round-calibrated-p4-0190-d6b554cb3aa866c2,4,calibrated,smoothed_joint,development,extreme,joint_triangular_l3,mixed_extreme150_after_observable_screen,unresolved,True,True,joint_triangular_l5,True,0,-309.59829700000046,-309.59829700000046,3.2652355185960236,9481.652862,9172.054565
round-calibrated-p4-0191-50e640ae7a57142e,4,calibrated,broad_joint,development,extreme,joint_triangular_l1,mixed_extreme150_after_observable_screen,unresolved,True,True,joint_triangular_l5,True,0,-91.98726299999907,-91.98726299999907,0.8323705770428118,11051.23914,10959.251877
round-calibrated-p4-0191-50e640ae7a57142e,4,calibrated,broad_joint,development,extreme,joint_triangular_l2,mixed_extreme150_after_observable_screen,unresolved,True,True,joint_triangular_l5,True,0,-8.895145999998931,-8.895145999998931,0.08049003272223942,11051.23914,11042.343994
round-calibrated-p4-0191-50e640ae7a57142e,4,calibrated,broad_joint,development,extreme,joint_triangular_l3,mixed_extreme150_after_observable_screen,unresolved,True,True,joint_triangular_l5,True,0,105.63228900000104,105.63228900000104,-0.9558411293233587,11051.23914,11156.871429
round-calibrated-p4-0192-c23b7983dded1010,4,calibrated,smoothed_joint,development,correlated,joint_triangular_l1,mixed_correlated150_after_observable_screen,unresolved,True,True,joint_triangular_l5,True,0,-558.4144139999989,-558.4144139999989,4.693899809106216,11896.598494,11338.18408
round-calibrated-p4-0192-c23b7983dded1010,4,calibrated,smoothed_joint,development,correlated,joint_triangular_l2,mixed_correlated150_after_observable_screen,unresolved,True,True,joint_triangular_l5,True,0,-457.72443399999975,-457.72443399999975,3.847523594503514,11896.598494,11438.87406
round-calibrated-p4-0192-c23b7983dded1010,4,calibrated,smoothed_joint,development,correlated,joint_triangular_l3,mixed_correlated150_after_observable_screen,unresolved,True,True,joint_triangular_l5,True,0,-349.9755989999994,-349.9755989999994,2.9418123102709415,11896.598494,11546.622895
round-calibrated-p4-0193-a4726efbaad00217,4,calibrated,broad_joint,development,correlated,joint_triangular_l1,mixed_correlated150_after_observable_screen,unresolved,True,True,joint_triangular_l5,True,0,-624.1909630000009,-624.1909630000009,5.071079419735373,12308.838244,11684.647281
round-calibrated-p4-0193-a4726efbaad00217,4,calibrated,broad_joint,development,correlated,joint_triangular_l2,mixed_correlated150_after_observable_screen,unresolved,True,True,joint_triangular_l5,True,0,-795.1534640000009,-795.1534640000009,6.460020419779276,12308.838244,11513.68478
round-calibrated-p4-0193-a4726efbaad00217,4,calibrated,broad_joint,development,correlated,joint_triangular_l3,mixed_correlated150_after_observable_screen,unresolved,True,True,joint_triangular_l5,True,0,-554.276487000001,-554.276487000001,4.50307718740382,12308.838244,11754.561757
round-calibrated-p4-0194-49aee828021b8266,4,calibrated,smoothed_joint,development,extreme,joint_triangular_l1,mixed_extreme150_after_observable_screen,unresolved,True,True,joint_triangular_l5,True,0,-258.180789,-258.180789,2.0303012998074235,12716.378058,12458.197269
round-calibrated-p4-0194-49aee828021b8266,4,calibrated,smoothed_joint,development,extreme,joint_triangular_l2,mixed_extreme150_after_observable_screen,unresolved,True,True,joint_triangular_l5,True,0,-177.1782629999998,-177.1782629999998,1.3933076084391434,12716.378058,12539.199795
round-calibrated-p4-0194-49aee828021b8266,4,calibrated,smoothed_joint,development,extreme,joint_triangular_l3,mixed_extreme150_after_observable_screen,unresolved,True,True,joint_triangular_l5,True,0,21.663974999999482,21.663974999999482,-0.17036277862445634,12716.378058,12738.042033
round-calibrated-p4-0195-8b0a42ee72f1246c,4,calibrated,broad_joint,development,extreme,joint_triangular_l1,mixed_extreme150_after_observable_screen,unresolved,True,True,joint_triangular_l5,True,0,-469.77128099999936,-469.77128099999936,4.170717044426893,11263.561541,10793.79026
round-calibrated-p4-0195-8b0a42ee72f1246c,4,calibrated,broad_joint,development,extreme,joint_triangular_l2,mixed_extreme150_after_observable_screen,unresolved,True,True,joint_triangular_l5,True,0,-226.2984979999983,-226.2984979999983,2.0091202696079655,11263.561541,11037.263043
round-calibrated-p4-0195-8b0a42ee72f1246c,4,calibrated,broad_joint,development,extreme,joint_triangular_l3,mixed_extreme150_after_observable_screen,unresolved,True,True,joint_triangular_l5,True,0,-129.86556399999972,-129.86556399999972,1.1529706969441393,11263.561541,11133.695977
round-calibrated-p4-0196-5a7c825bb6ee918d,4,calibrated,smoothed_joint,development,correlated,joint_triangular_l1,mixed_correlated150_after_observable_screen,unresolved,True,True,joint_triangular_l5,True,0,-665.5994620000001,-665.5994620000001,5.719241200689526,11637.898082,10972.29862
round-calibrated-p4-0196-5a7c825bb6ee918d,4,calibrated,smoothed_joint,development,correlated,joint_triangular_l2,mixed_correlated150_after_observable_screen,unresolved,True,True,joint_triangular_l5,True,0,-555.5959979999989,-555.5959979999989,4.774023574405787,11637.898082,11082.302084
round-calibrated-p4-0196-5a7c825bb6ee918d,4,calibrated,smoothed_joint,development,correlated,joint_triangular_l3,mixed_correlated150_after_observable_screen,unresolved,True,True,joint_triangular_l5,True,0,-462.9125449999992,-462.9125449999992,3.977630167735982,11637.898082,11174.985537
round-calibrated-p4-0197-0f12bfeb6ff1b299,4,calibrated,broad_joint,development,correlated,joint_triangular_l1,mixed_correlated150_after_observable_screen,unresolved,True,True,joint_triangular_l5,True,0,-188.08641499999976,-188.08641499999976,1.9651962103404372,9570.872059,9382.785644
round-calibrated-p4-0197-0f12bfeb6ff1b299,4,calibrated,broad_joint,development,correlated,joint_triangular_l2,mixed_correlated150_after_observable_screen,unresolved,True,True,joint_triangular_l5,True,0,29.632056000000375,29.632056000000375,-0.309606646263083,9570.872059,9600.504115
round-calibrated-p4-0197-0f12bfeb6ff1b299,4,calibrated,broad_joint,development,correlated,joint_triangular_l3,mixed_correlated150_after_observable_screen,unresolved,True,True,joint_triangular_l5,True,0,164.9029500000015,164.9029500000015,-1.722966820405195,9570.872059,9735.775009
round-calibrated-p4-0198-c16ffaf8b884b9c7,4,calibrated,smoothed_joint,development,extreme,joint_triangular_l1,mixed_extreme150_after_observable_screen,unresolved,True,True,joint_triangular_l5,True,0,593.9248230000012,593.9248230000012,-6.757039550579529,8789.7195,9383.644323
round-calibrated-p4-0198-c16ffaf8b884b9c7,4,calibrated,smoothed_joint,development,extreme,joint_triangular_l2,mixed_extreme150_after_observable_screen,unresolved,True,True,joint_triangular_l5,True,0,684.5647720000015,684.5647720000015,-7.7882436635207934,8789.7195,9474.284272
round-calibrated-p4-0198-c16ffaf8b884b9c7,4,calibrated,smoothed_joint,development,extreme,joint_triangular_l3,mixed_extreme150_after_observable_screen,unresolved,True,True,joint_triangular_l5,True,0,738.1844770000007,738.1844770000007,-8.39827115074606,8789.7195,9527.903977
round-stress-p3-0000-bf69a58bbb0bffff,3,stress,stress_design,development,deterministic,joint_triangular_l1,assumption__radius_min__noise_deterministic__scale_75,broad_or_stress_assumption,True,True,joint_triangular_l5,True,0,-126.55457000000024,-126.55457000000024,2.5940150620055826,4878.713769,4752.159199
round-stress-p3-0000-bf69a58bbb0bffff,3,stress,stress_design,development,deterministic,joint_triangular_l2,assumption__radius_min__noise_deterministic__scale_75,broad_or_stress_assumption,True,True,joint_triangular_l5,True,0,-87.09454499999993,-87.09454499999993,1.7851948100216561,4878.713769,4791.619224
round-stress-p3-0000-bf69a58bbb0bffff,3,stress,stress_design,development,deterministic,joint_triangular_l3,assumption__radius_min__noise_deterministic__scale_75,broad_or_stress_assumption,True,True,joint_triangular_l5,True,0,-71.74557100000038,-71.74557100000038,1.4705837316360173,4878.713769,4806.968198
round-stress-p3-0002-0d25247c81787ff1,3,stress,stress_design,development,extreme,joint_triangular_l1,assumption__radius_min__noise_extreme__scale_75,broad_or_stress_assumption,True,True,joint_triangular_l5,True,0,-109.43840100000034,-109.43840100000034,2.4947335113181417,4386.777205,4277.338804
round-stress-p3-0002-0d25247c81787ff1,3,stress,stress_design,development,extreme,joint_triangular_l2,assumption__radius_min__noise_extreme__scale_75,broad_or_stress_assumption,True,True,joint_triangular_l5,True,0,-49.98108500000035,-49.98108500000035,1.1393577258273444,4386.777205,4336.79612
round-stress-p3-0002-0d25247c81787ff1,3,stress,stress_design,development,extreme,joint_triangular_l3,assumption__radius_min__noise_extreme__scale_75,broad_or_stress_assumption,True,True,joint_triangular_l5,True,0,-44.70399700000053,-44.70399700000053,1.0190623984515876,4386.777205,4342.073208
round-stress-p3-0003-699b8b12bfdeed40,3,stress,stress_design,development,deterministic,joint_triangular_l1,assumption__radius_max__noise_deterministic__scale_75,broad_or_stress_assumption,True,True,joint_triangular_l5,True,0,-374.751182,-374.751182,6.799581878145827,5511.385681,5136.634499
round-stress-p3-0003-699b8b12bfdeed40,3,stress,stress_design,development,deterministic,joint_triangular_l2,assumption__radius_max__noise_deterministic__scale_75,broad_or_stress_assumption,True,True,joint_triangular_l5,True,0,-337.194211,-337.194211,6.118138532065472,5511.385681,5174.19147
round-stress-p3-0003-699b8b12bfdeed40,3,stress,stress_design,development,deterministic,joint_triangular_l3,assumption__radius_max__noise_deterministic__scale_75,broad_or_stress_assumption,True,True,joint_triangular_l5,True,0,-264.603118,-264.603118,4.801027061346753,5511.385681,5246.782563
round-stress-p3-0004-84f05735e2dc2cad,3,stress,stress_design,development,correlated,joint_triangular_l1,assumption__radius_max__noise_correlated__scale_75,broad_or_stress_assumption,True,True,joint_triangular_l5,True,0,-82.53163100000029,-82.53163100000029,2.002800975746427,4120.810405,4038.278774
round-stress-p3-0004-84f05735e2dc2cad,3,stress,stress_design,development,correlated,joint_triangular_l2,assumption__radius_max__noise_correlated__scale_75,broad_or_stress_assumption,True,True,joint_triangular_l5,True,0,-60.835785000000214,-60.835785000000214,1.4763063334868525,4120.810405,4059.97462
round-stress-p3-0004-84f05735e2dc2cad,3,stress,stress_design,development,correlated,joint_triangular_l3,assumption__radius_max__noise_correlated__scale_75,broad_or_stress_assumption,True,True,joint_triangular_l5,True,0,-12.847847000000002,-12.847847000000002,0.31177961947511634,4120.810405,4107.962558
round-stress-p3-0005-d22ae3a8d03e73e6,3,stress,stress_design,development,extreme,joint_triangular_l1,assumption__radius_max__noise_extreme__scale_75,broad_or_stress_assumption,True,True,joint_triangular_l5,True,0,-268.588898,-268.588898,5.784211755594902,4643.483146,4374.894248
round-stress-p3-0005-d22ae3a8d03e73e6,3,stress,stress_design,development,extreme,joint_triangular_l2,assumption__radius_max__noise_extreme__scale_75,broad_or_stress_assumption,True,True,joint_triangular_l5,True,0,-195.03304099999968,-195.03304099999968,4.200145340637351,4643.483146,4448.450105
round-stress-p3-0005-d22ae3a8d03e73e6,3,stress,stress_design,development,extreme,joint_triangular_l3,assumption__radius_max__noise_extreme__scale_75,broad_or_stress_assumption,True,True,joint_triangular_l5,True,0,-98.43578199999956,-98.43578199999956,2.1198694795477904,4643.483146,4545.047364
round-stress-p3-0006-785135c31be8f239,3,stress,stress_design,development,deterministic,joint_triangular_l1,assumption__radius_mixed__noise_deterministic__scale_75,broad_or_stress_assumption,True,True,joint_triangular_l5,True,0,-503.4726819999996,-503.4726819999996,9.205125060303278,5469.482258,4966.009576
round-stress-p3-0006-785135c31be8f239,3,stress,stress_design,development,deterministic,joint_triangular_l2,assumption__radius_mixed__noise_deterministic__scale_75,broad_or_stress_assumption,True,True,joint_triangular_l5,True,0,-487.21411700000044,-487.21411700000044,8.907865388673144,5469.482258,4982.268141
round-stress-p3-0006-785135c31be8f239,3,stress,stress_design,development,deterministic,joint_triangular_l3,assumption__radius_mixed__noise_deterministic__scale_75,broad_or_stress_assumption,True,True,joint_triangular_l5,True,0,-362.07602899999983,-362.07602899999983,6.619932416279535,5469.482258,5107.406229
round-stress-p3-0008-a9823d99792cb577,3,stress,stress_design,development,extreme,joint_triangular_l1,assumption__radius_mixed__noise_extreme__scale_75,broad_or_stress_assumption,True,True,joint_triangular_l5,True,0,14.540143000000171,14.540143000000171,-0.3528692282874697,4120.54717,4135.087313
round-stress-p3-0008-a9823d99792cb577,3,stress,stress_design,development,extreme,joint_triangular_l2,assumption__radius_mixed__noise_extreme__scale_75,broad_or_stress_assumption,True,True,joint_triangular_l5,True,0,26.55165500000021,26.55165500000021,-0.6443720677028486,4120.54717,4147.098825
round-stress-p3-0008-a9823d99792cb577,3,stress,stress_design,development,extreme,joint_triangular_l3,assumption__radius_mixed__noise_extreme__scale_75,broad_or_stress_assumption,True,True,joint_triangular_l5,True,0,0.0,0.0,0.0,4120.54717,4120.54717
round-stress-p3-0009-bbcee18ab258bb15,3,stress,stress_design,development,deterministic,joint_triangular_l1,assumption__radius_min__noise_deterministic__scale_150,broad_or_stress_assumption,True,True,joint_triangular_l5,True,0,-255.56288200000017,-255.56288200000017,4.634679927634648,5514.143069,5258.580187
round-stress-p3-0009-bbcee18ab258bb15,3,stress,stress_design,development,deterministic,joint_triangular_l2,assumption__radius_min__noise_deterministic__scale_150,broad_or_stress_assumption,True,True,joint_triangular_l5,True,0,-167.55576800000017,-167.55576800000017,3.03865470850735,5514.143069,5346.587301
round-stress-p3-0009-bbcee18ab258bb15,3,stress,stress_design,development,deterministic,joint_triangular_l3,assumption__radius_min__noise_deterministic__scale_150,broad_or_stress_assumption,True,True,joint_triangular_l5,True,0,-126.13922300000013,-126.13922300000013,2.2875580379686395,5514.143069,5388.003846
round-stress-p3-0010-7061a745b48bacbb,3,stress,stress_design,development,correlated,joint_triangular_l1,assumption__radius_min__noise_correlated__scale_150,broad_or_stress_assumption,True,True,joint_triangular_l5,True,0,-60.92493899999954,-60.92493899999954,1.34868369006373,4517.363074,4456.438135
round-stress-p3-0010-7061a745b48bacbb,3,stress,stress_design,development,correlated,joint_triangular_l2,assumption__radius_min__noise_correlated__scale_150,broad_or_stress_assumption,True,True,joint_triangular_l5,True,0,-15.14945699999953,-15.14945699999953,0.33536062414804096,4517.363074,4502.213617
round-stress-p3-0010-7061a745b48bacbb,3,stress,stress_design,development,correlated,joint_triangular_l3,assumption__radius_min__noise_correlated__scale_150,broad_or_stress_assumption,True,True,joint_triangular_l5,True,0,-4.172768999999789,-4.172768999999789,0.09237178707233992,4517.363074,4513.190305
round-stress-p3-0012-63e97e0ae4208f6d,3,stress,stress_design,development,deterministic,joint_triangular_l1,assumption__radius_max__noise_deterministic__scale_150,broad_or_stress_assumption,True,True,joint_triangular_l5,True,0,-428.96918600000026,-428.96918600000026,7.547631574177419,5683.493978,5254.524792
round-stress-p3-0012-63e97e0ae4208f6d,3,stress,stress_design,development,deterministic,joint_triangular_l2,assumption__radius_max__noise_deterministic__scale_150,broad_or_stress_assumption,True,True,joint_triangular_l5,True,0,-363.5252300000002,-363.5252300000002,6.396157564469229,5683.493978,5319.968748
round-stress-p3-0012-63e97e0ae4208f6d,3,stress,stress_design,development,deterministic,joint_triangular_l3,assumption__radius_max__noise_deterministic__scale_150,broad_or_stress_assumption,True,True,joint_triangular_l5,True,0,-291.2542860000003,-291.2542860000003,5.124563994039659,5683.493978,5392.239692
round-stress-p3-0014-c0934922809a5f05,3,stress,stress_design,development,extreme,joint_triangular_l1,assumption__radius_max__noise_extreme__scale_150,broad_or_stress_assumption,True,True,joint_triangular_l5,True,0,-29.61627499999986,-29.61627499999986,0.7889018610783626,3754.113973,3724.497698
round-stress-p3-0014-c0934922809a5f05,3,stress,stress_design,development,extreme,joint_triangular_l2,assumption__radius_max__noise_extreme__scale_150,broad_or_stress_assumption,True,True,joint_triangular_l5,True,0,0.0,0.0,0.0,3754.113973,3754.113973
round-stress-p3-0014-c0934922809a5f05,3,stress,stress_design,development,extreme,joint_triangular_l3,assumption__radius_max__noise_extreme__scale_150,broad_or_stress_assumption,True,True,joint_triangular_l5,True,0,0.0,0.0,0.0,3754.113973,3754.113973
round-stress-p3-0015-91456ab2967b2799,3,stress,stress_design,development,deterministic,joint_triangular_l1,assumption__radius_mixed__noise_deterministic__scale_150,broad_or_stress_assumption,True,True,joint_triangular_l5,True,0,-111.19205599999987,-111.19205599999987,2.283507578686073,4869.353491,4758.161435
round-stress-p3-0015-91456ab2967b2799,3,stress,stress_design,development,deterministic,joint_triangular_l2,assumption__radius_mixed__noise_deterministic__scale_150,broad_or_stress_assumption,True,True,joint_triangular_l5,True,0,-80.75375199999962,-80.75375199999962,1.6584080853701904,4869.353491,4788.599739
round-stress-p3-0015-91456ab2967b2799,3,stress,stress_design,development,deterministic,joint_triangular_l3,assumption__radius_mixed__noise_deterministic__scale_150,broad_or_stress_assumption,True,True,joint_triangular_l5,True,0,-56.558836000000156,-56.558836000000156,1.1615265990554506,4869.353491,4812.794655
round-stress-p3-0017-52c03bff2203ef01,3,stress,stress_design,development,extreme,joint_triangular_l1,assumption__radius_mixed__noise_extreme__scale_150,broad_or_stress_assumption,True,True,joint_triangular_l5,True,0,-315.58218799999986,-315.58218799999986,7.237438146110252,4360.41292,4044.830732
round-stress-p3-0017-52c03bff2203ef01,3,stress,stress_design,development,extreme,joint_triangular_l2,assumption__radius_mixed__noise_extreme__scale_150,broad_or_stress_assumption,True,True,joint_triangular_l5,True,0,-256.88804399999935,-256.88804399999935,5.891369664137207,4360.41292,4103.524876
round-stress-p3-0017-52c03bff2203ef01,3,stress,stress_design,development,extreme,joint_triangular_l3,assumption__radius_mixed__noise_extreme__scale_150,broad_or_stress_assumption,True,True,joint_triangular_l5,True,0,-176.46151699999973,-176.46151699999973,4.0468992326534,4360.41292,4183.951403
round-stress-p3-0018-807ba36e19776002,3,stress,stress_design,development,deterministic,joint_triangular_l1,assumption__radius_min__noise_deterministic__scale_300,broad_or_stress_assumption,True,True,joint_triangular_l5,True,0,-135.89581400000043,-135.89581400000043,2.5741786524629684,5279.191243,5143.295429
round-stress-p3-0018-807ba36e19776002,3,stress,stress_design,development,deterministic,joint_triangular_l2,assumption__radius_min__noise_deterministic__scale_300,broad_or_stress_assumption,True,True,joint_triangular_l5,True,0,-96.28023200000007,-96.28023200000007,1.8237685957610243,5279.191243,5182.911011
round-stress-p3-0018-807ba36e19776002,3,stress,stress_design,development,deterministic,joint_triangular_l3,assumption__radius_min__noise_deterministic__scale_300,broad_or_stress_assumption,True,True,joint_triangular_l5,True,0,-83.0025110000006,-83.0025110000006,1.5722580823352186,5279.191243,5196.188732
round-stress-p3-0020-ec5a778c8ac6d178,3,stress,stress_design,development,extreme,joint_triangular_l1,assumption__radius_min__noise_extreme__scale_300,broad_or_stress_assumption,True,True,joint_triangular_l5,True,0,-47.70252899999923,-47.70252899999923,1.1207960863678075,4256.129155,4208.426626
round-stress-p3-0020-ec5a778c8ac6d178,3,stress,stress_design,development,extreme,joint_triangular_l2,assumption__radius_min__noise_extreme__scale_300,broad_or_stress_assumption,True,True,joint_triangular_l5,True,0,-26.753017,-26.753017,0.6285762491152598,4256.129155,4229.376138
round-stress-p3-0020-ec5a778c8ac6d178,3,stress,stress_design,development,extreme,joint_triangular_l3,assumption__radius_min__noise_extreme__scale_300,broad_or_stress_assumption,True,True,joint_triangular_l5,True,0,19.303776000000653,19.303776000000653,-0.45355240165404836,4256.129155,4275.432931
round-stress-p3-0021-cd0f056131771feb,3,stress,stress_design,development,deterministic,joint_triangular_l1,assumption__radius_max__noise_deterministic__scale_300,broad_or_stress_assumption,True,True,joint_triangular_l5,True,0,-428.93571599999996,-428.93571599999996,8.510779715434401,5039.910917,4610.975201
round-stress-p3-0021-cd0f056131771feb,3,stress,stress_design,development,deterministic,joint_triangular_l2,assumption__radius_max__noise_deterministic__scale_300,broad_or_stress_assumption,True,True,joint_triangular_l5,True,0,-362.5049340000005,-362.5049340000005,7.192685346426342,5039.910917,4677.405983
round-stress-p3-0021-cd0f056131771feb,3,stress,stress_design,development,deterministic,joint_triangular_l3,assumption__radius_max__noise_deterministic__scale_300,broad_or_stress_assumption,True,True,joint_triangular_l5,True,0,-269.6273310000006,-269.6273310000006,5.349843190492261,5039.910917,4770.283586
round-stress-p3-0022-ab9680a1709c7548,3,stress,stress_design,development,correlated,joint_triangular_l1,assumption__radius_max__noise_correlated__scale_300,broad_or_stress_assumption,True,True,joint_triangular_l5,True,0,-82.60787100000016,-82.60787100000016,1.9727971317124173,4187.347481,4104.73961
round-stress-p3-0022-ab9680a1709c7548,3,stress,stress_design,development,correlated,joint_triangular_l2,assumption__radius_max__noise_correlated__scale_300,broad_or_stress_assumption,True,True,joint_triangular_l5,True,0,-71.18888199999947,-71.18888199999947,1.7000949246036425,4187.347481,4116.158599
round-stress-p3-0022-ab9680a1709c7548,3,stress,stress_design,development,correlated,joint_triangular_l3,assumption__radius_max__noise_correlated__scale_300,broad_or_stress_assumption,True,True,joint_triangular_l5,True,0,-8.575950999999804,-8.575950999999804,0.20480628939711834,4187.347481,4178.77153
round-stress-p3-0023-9bfbe37cdd542cbd,3,stress,stress_design,development,extreme,joint_triangular_l1,assumption__radius_max__noise_extreme__scale_300,broad_or_stress_assumption,True,True,joint_triangular_l5,True,0,-221.63207800000055,-221.63207800000055,5.04948101542292,4389.205095,4167.573017
round-stress-p3-0023-9bfbe37cdd542cbd,3,stress,stress_design,development,extreme,joint_triangular_l2,assumption__radius_max__noise_extreme__scale_300,broad_or_stress_assumption,True,True,joint_triangular_l5,True,0,-142.00819300000057,-142.00819300000057,3.235396613427119,4389.205095,4247.196902
round-stress-p3-0023-9bfbe37cdd542cbd,3,stress,stress_design,development,extreme,joint_triangular_l3,assumption__radius_max__noise_extreme__scale_300,broad_or_stress_assumption,True,True,joint_triangular_l5,True,0,-123.97541000000001,-123.97541000000001,2.8245526767757476,4389.205095,4265.229685
round-stress-p3-0025-8fd06a1918b090b4,3,stress,stress_design,development,correlated,joint_triangular_l1,assumption__radius_mixed__noise_correlated__scale_300,broad_or_stress_assumption,True,True,joint_triangular_l5,True,0,-442.4879919999994,-442.4879919999994,7.781603156105932,5686.334591,5243.846599
round-stress-p3-0025-8fd06a1918b090b4,3,stress,stress_design,development,correlated,joint_triangular_l2,assumption__radius_mixed__noise_correlated__scale_300,broad_or_stress_assumption,True,True,joint_triangular_l5,True,0,-360.2340290000002,-360.2340290000002,6.335083228661178,5686.334591,5326.100562
round-stress-p3-0025-8fd06a1918b090b4,3,stress,stress_design,development,correlated,joint_triangular_l3,assumption__radius_mixed__noise_correlated__scale_300,broad_or_stress_assumption,True,True,joint_triangular_l5,True,0,-308.6144409999997,-308.6144409999997,5.42730006581844,5686.334591,5377.72015
round-stress-p3-0026-8fab91d1cc13e5d8,3,stress,stress_design,development,extreme,joint_triangular_l1,assumption__radius_mixed__noise_extreme__scale_300,broad_or_stress_assumption,True,True,joint_triangular_l5,True,0,-29.721913000000313,-29.721913000000313,0.6576556276544574,4519.373324,4489.651411
round-stress-p3-0026-8fab91d1cc13e5d8,3,stress,stress_design,development,extreme,joint_triangular_l2,assumption__radius_mixed__noise_extreme__scale_300,broad_or_stress_assumption,True,True,joint_triangular_l5,True,0,-2.5754580000002534,-2.5754580000002534,0.05698706027057687,4519.373324,4516.797866
round-stress-p3-0026-8fab91d1cc13e5d8,3,stress,stress_design,development,extreme,joint_triangular_l3,assumption__radius_mixed__noise_extreme__scale_300,broad_or_stress_assumption,True,True,joint_triangular_l5,True,0,2.874178999999458,2.874178999999458,-0.06359684836692323,4519.373324,4522.247503
round-stress-p3-0027-c09382f149bbdfaf,3,stress,stress_design,development,deterministic,joint_triangular_l1,assumption__radius_min__noise_deterministic__scale_75,broad_or_stress_assumption,True,True,joint_triangular_l5,True,0,-285.62965300000087,-285.62965300000087,5.453141945631039,5237.8914,4952.261747
round-stress-p3-0027-c09382f149bbdfaf,3,stress,stress_design,development,deterministic,joint_triangular_l2,assumption__radius_min__noise_deterministic__scale_75,broad_or_stress_assumption,True,True,joint_triangular_l5,True,0,-226.10615900000084,-226.10615900000084,4.3167401103428915,5237.8914,5011.785241
round-stress-p3-0027-c09382f149bbdfaf,3,stress,stress_design,development,deterministic,joint_triangular_l3,assumption__radius_min__noise_deterministic__scale_75,broad_or_stress_assumption,True,True,joint_triangular_l5,True,0,-175.09647100000075,-175.09647100000075,3.3428808966906174,5237.8914,5062.794929
round-stress-p3-0028-954d02e120f4bea1,3,stress,stress_design,development,correlated,joint_triangular_l1,assumption__radius_min__noise_correlated__scale_75,broad_or_stress_assumption,True,True,joint_triangular_l5,True,0,-42.77963699999964,-42.77963699999964,1.090047874343155,3924.564967,3881.78533
round-stress-p3-0028-954d02e120f4bea1,3,stress,stress_design,development,correlated,joint_triangular_l2,assumption__radius_min__noise_correlated__scale_75,broad_or_stress_assumption,True,True,joint_triangular_l5,True,0,-14.367359999999735,-14.367359999999735,0.3660879644192099,3924.564967,3910.197607
round-stress-p3-0028-954d02e120f4bea1,3,stress,stress_design,development,correlated,joint_triangular_l3,assumption__radius_min__noise_correlated__scale_75,broad_or_stress_assumption,True,True,joint_triangular_l5,True,0,7.597047000000202,7.597047000000202,-0.1935767929408876,3924.564967,3932.162014
round-stress-p3-0029-5bc9a0580204b73b,3,stress,stress_design,development,extreme,joint_triangular_l1,assumption__radius_min__noise_extreme__scale_75,broad_or_stress_assumption,True,True,joint_triangular_l5,True,0,-48.15238799999997,-48.15238799999997,1.2356462482233646,3896.939603,3848.787215
round-stress-p3-0029-5bc9a0580204b73b,3,stress,stress_design,development,extreme,joint_triangular_l2,assumption__radius_min__noise_extreme__scale_75,broad_or_stress_assumption,True,True,joint_triangular_l5,True,0,-38.32220799999959,-38.32220799999959,0.98339240286141,3896.939603,3858.617395
round-stress-p3-0029-5bc9a0580204b73b,3,stress,stress_design,development,extreme,joint_triangular_l3,assumption__radius_min__noise_extreme__scale_75,broad_or_stress_assumption,True,True,joint_triangular_l5,True,0,-17.966146999999637,-17.966146999999637,0.4610322157974599,3896.939603,3878.973456
round-stress-p3-0030-564bd12318ec88d6,3,stress,stress_design,development,deterministic,joint_triangular_l1,assumption__radius_max__noise_deterministic__scale_75,broad_or_stress_assumption,True,True,joint_triangular_l5,True,0,-409.428234,-409.428234,7.113249503046349,5755.85369,5346.425456
round-stress-p3-0030-564bd12318ec88d6,3,stress,stress_design,development,deterministic,joint_triangular_l2,assumption__radius_max__noise_deterministic__scale_75,broad_or_stress_assumption,True,True,joint_triangular_l5,True,0,-353.0677679999999,-353.0677679999999,6.134064328518398,5755.85369,5402.785922
round-stress-p3-0030-564bd12318ec88d6,3,stress,stress_design,development,deterministic,joint_triangular_l3,assumption__radius_max__noise_deterministic__scale_75,broad_or_stress_assumption,True,True,joint_triangular_l5,True,0,-277.25801200000024,-277.25801200000024,4.816974630222059,5755.85369,5478.595678
round-stress-p3-0031-d666eada6eb8a16f,3,stress,stress_design,development,correlated,joint_triangular_l1,assumption__radius_max__noise_correlated__scale_75,broad_or_stress_assumption,True,True,joint_triangular_l5,True,0,-406.3842829999994,-406.3842829999994,7.385659384981162,5502.342605,5095.958322
round-stress-p3-0031-d666eada6eb8a16f,3,stress,stress_design,development,correlated,joint_triangular_l2,assumption__radius_max__noise_correlated__scale_75,broad_or_stress_assumption,True,True,joint_triangular_l5,True,0,-352.00443799999994,-352.00443799999994,6.397355876752061,5502.342605,5150.338167
round-stress-p3-0031-d666eada6eb8a16f,3,stress,stress_design,development,correlated,joint_triangular_l3,assumption__radius_max__noise_correlated__scale_75,broad_or_stress_assumption,True,True,joint_triangular_l5,True,0,-266.3521689999998,-266.3521689999998,4.840704916447124,5502.342605,5235.990436
round-stress-p3-0032-15243d87496b8d27,3,stress,stress_design,development,extreme,joint_triangular_l1,assumption__radius_max__noise_extreme__scale_75,broad_or_stress_assumption,True,True,joint_triangular_l5,True,0,10.199964000000364,10.199964000000364,-0.24126102359509594,4227.77117,4237.971134
round-stress-p3-0032-15243d87496b8d27,3,stress,stress_design,development,extreme,joint_triangular_l2,assumption__radius_max__noise_extreme__scale_75,broad_or_stress_assumption,True,True,joint_triangular_l5,True,0,0.0,0.0,0.0,4227.77117,4227.77117
round-stress-p3-0032-15243d87496b8d27,3,stress,stress_design,development,extreme,joint_triangular_l3,assumption__radius_max__noise_extreme__scale_75,broad_or_stress_assumption,True,True,joint_triangular_l5,True,0,0.0,0.0,0.0,4227.77117,4227.77117
round-stress-p3-0033-ffbbf171a5f6d50f,3,stress,stress_design,development,deterministic,joint_triangular_l1,assumption__radius_mixed__noise_deterministic__scale_75,broad_or_stress_assumption,True,True,joint_triangular_l5,True,0,-177.93099600000005,-177.93099600000005,3.324282484835329,5352.46318,5174.532184
round-stress-p3-0033-ffbbf171a5f6d50f,3,stress,stress_design,development,deterministic,joint_triangular_l2,assumption__radius_mixed__noise_deterministic__scale_75,broad_or_stress_assumption,True,True,joint_triangular_l5,True,0,-149.0458579999995,-149.0458579999995,2.7846218271416396,5352.46318,5203.417322
round-stress-p3-0033-ffbbf171a5f6d50f,3,stress,stress_design,development,deterministic,joint_triangular_l3,assumption__radius_mixed__noise_deterministic__scale_75,broad_or_stress_assumption,True,True,joint_triangular_l5,True,0,-111.24486199999956,-111.24486199999956,2.078386310356638,5352.46318,5241.218318
round-stress-p3-0034-8e1825991fc3684f,3,stress,stress_design,development,correlated,joint_triangular_l1,assumption__radius_mixed__noise_correlated__scale_75,broad_or_stress_assumption,True,True,joint_triangular_l5,True,0,-14.113259000000653,-14.113259000000653,0.32977147198669315,4279.708889,4265.59563
round-stress-p3-0034-8e1825991fc3684f,3,stress,stress_design,development,correlated,joint_triangular_l2,assumption__radius_mixed__noise_correlated__scale_75,broad_or_stress_assumption,True,True,joint_triangular_l5,True,0,0.0,0.0,0.0,4279.708889,4279.708889
round-stress-p3-0034-8e1825991fc3684f,3,stress,stress_design,development,correlated,joint_triangular_l3,assumption__radius_mixed__noise_correlated__scale_75,broad_or_stress_assumption,True,True,joint_triangular_l5,True,0,0.0,0.0,0.0,4279.708889,4279.708889
round-stress-p3-0035-671097efaa188423,3,stress,stress_design,development,extreme,joint_triangular_l1,assumption__radius_mixed__noise_extreme__scale_75,broad_or_stress_assumption,True,True,joint_triangular_l5,True,0,-164.58810099999982,-164.58810099999982,4.171444710127061,3945.589896,3781.001795
round-stress-p3-0035-671097efaa188423,3,stress,stress_design,development,extreme,joint_triangular_l2,assumption__radius_mixed__noise_extreme__scale_75,broad_or_stress_assumption,True,True,joint_triangular_l5,True,0,-164.6272140000001,-164.6272140000001,4.172436019437741,3945.589896,3780.962682
round-stress-p3-0035-671097efaa188423,3,stress,stress_design,development,extreme,joint_triangular_l3,assumption__radius_mixed__noise_extreme__scale_75,broad_or_stress_assumption,True,True,joint_triangular_l5,True,0,-107.83389699999998,-107.83389699999998,2.7330234475032724,3945.589896,3837.755999
round-stress-p3-0036-1da9ba2517b12a50,3,stress,stress_design,development,deterministic,joint_triangular_l1,assumption__radius_min__noise_deterministic__scale_150,broad_or_stress_assumption,True,True,joint_triangular_l5,True,0,-59.67913700000008,-59.67913700000008,1.2118476363179447,4924.640294,4864.961157
round-stress-p3-0036-1da9ba2517b12a50,3,stress,stress_design,development,deterministic,joint_triangular_l2,assumption__radius_min__noise_deterministic__scale_150,broad_or_stress_assumption,True,True,joint_triangular_l5,True,0,-30.5045140000002,-30.5045140000002,0.6194262358037759,4924.640294,4894.13578
round-stress-p3-0036-1da9ba2517b12a50,3,stress,stress_design,development,deterministic,joint_triangular_l3,assumption__radius_min__noise_deterministic__scale_150,broad_or_stress_assumption,True,True,joint_triangular_l5,True,0,-26.51117400000021,-26.51117400000021,0.5383372676436987,4924.640294,4898.12912
round-stress-p3-0037-a4826bf619b5a2b1,3,stress,stress_design,development,correlated,joint_triangular_l1,assumption__radius_min__noise_correlated__scale_150,broad_or_stress_assumption,True,True,joint_triangular_l5,True,0,-214.9109469999994,-214.9109469999994,3.9691619215527334,5414.517,5199.606053
round-stress-p3-0037-a4826bf619b5a2b1,3,stress,stress_design,development,correlated,joint_triangular_l2,assumption__radius_min__noise_correlated__scale_150,broad_or_stress_assumption,True,True,joint_triangular_l5,True,0,-152.15204399999948,-152.15204399999948,2.810076023401524,5414.517,5262.364956
round-stress-p3-0037-a4826bf619b5a2b1,3,stress,stress_design,development,correlated,joint_triangular_l3,assumption__radius_min__noise_correlated__scale_150,broad_or_stress_assumption,True,True,joint_triangular_l5,True,0,-130.00758700000006,-130.00758700000006,2.4010929691420317,5414.517,5284.509413
round-stress-p3-0038-340b6981e61aff4e,3,stress,stress_design,development,extreme,joint_triangular_l1,assumption__radius_min__noise_extreme__scale_150,broad_or_stress_assumption,True,True,joint_triangular_l5,True,0,-25.094836999999643,-25.094836999999643,0.600738296625887,4177.332649,4152.237812
round-stress-p3-0038-340b6981e61aff4e,3,stress,stress_design,development,extreme,joint_triangular_l2,assumption__radius_min__noise_extreme__scale_150,broad_or_stress_assumption,True,True,joint_triangular_l5,True,0,-16.453819000000294,-16.453819000000294,0.39388337924055744,4177.332649,4160.87883
round-stress-p3-0038-340b6981e61aff4e,3,stress,stress_design,development,extreme,joint_triangular_l3,assumption__radius_min__noise_extreme__scale_150,broad_or_stress_assumption,True,True,joint_triangular_l5,True,0,10.523906000000352,10.523906000000352,-0.2519288475271329,4177.332649,4187.856555
round-stress-p3-0039-8ca6cd9e40103f09,3,stress,stress_design,development,deterministic,joint_triangular_l1,assumption__radius_max__noise_deterministic__scale_150,broad_or_stress_assumption,True,True,joint_triangular_l5,True,0,-386.08190100000047,-386.08190100000047,7.018540359098022,5500.885957,5114.804056
round-stress-p3-0039-8ca6cd9e40103f09,3,stress,stress_design,development,deterministic,joint_triangular_l2,assumption__radius_max__noise_deterministic__scale_150,broad_or_stress_assumption,True,True,joint_triangular_l5,True,0,-317.1360830000003,-317.1360830000003,5.765181926675603,5500.885957,5183.749874
round-stress-p3-0039-8ca6cd9e40103f09,3,stress,stress_design,development,deterministic,joint_triangular_l3,assumption__radius_max__noise_deterministic__scale_150,broad_or_stress_assumption,True,True,joint_triangular_l5,True,0,-238.42007900000044,-238.42007900000044,4.334212358949299,5500.885957,5262.465878
round-stress-p3-0040-ba41bc857f410d0a,3,stress,stress_design,development,correlated,joint_triangular_l1,assumption__radius_max__noise_correlated__scale_150,broad_or_stress_assumption,True,True,joint_triangular_l5,True,0,-63.364386999999624,-63.364386999999624,1.4318021730780524,4425.498731,4362.134344
round-stress-p3-0040-ba41bc857f410d0a,3,stress,stress_design,development,correlated,joint_triangular_l2,assumption__radius_max__noise_correlated__scale_150,broad_or_stress_assumption,True,True,joint_triangular_l5,True,0,-32.73371899999984,-32.73371899999984,0.7396616966739752,4425.498731,4392.765012
round-stress-p3-0040-ba41bc857f410d0a,3,stress,stress_design,development,correlated,joint_triangular_l3,assumption__radius_max__noise_correlated__scale_150,broad_or_stress_assumption,True,True,joint_triangular_l5,True,0,-21.896284999999807,-21.896284999999807,0.494775534486529,4425.498731,4403.602446
round-stress-p3-0041-f3a2ebcdfd8d4326,3,stress,stress_design,development,extreme,joint_triangular_l1,assumption__radius_max__noise_extreme__scale_150,broad_or_stress_assumption,True,True,joint_triangular_l5,True,0,-192.83789000000024,-192.83789000000024,4.739021149386275,4069.15023,3876.31234
round-stress-p3-0041-f3a2ebcdfd8d4326,3,stress,stress_design,development,extreme,joint_triangular_l2,assumption__radius_max__noise_extreme__scale_150,broad_or_stress_assumption,True,True,joint_triangular_l5,True,0,-86.03916100000015,-86.03916100000015,2.114425767956966,4069.15023,3983.111069
round-stress-p3-0041-f3a2ebcdfd8d4326,3,stress,stress_design,development,extreme,joint_triangular_l3,assumption__radius_max__noise_extreme__scale_150,broad_or_stress_assumption,True,True,joint_triangular_l5,True,0,-32.891483000000335,-32.891483000000335,0.8083133121384003,4069.15023,4036.258747
round-stress-p3-0043-aabdc521308c3583,3,stress,stress_design,development,correlated,joint_triangular_l1,assumption__radius_mixed__noise_correlated__scale_150,broad_or_stress_assumption,True,True,joint_triangular_l5,True,0,-251.83677199999966,-251.83677199999966,4.789085299203306,5258.556828,5006.720056
round-stress-p3-0043-aabdc521308c3583,3,stress,stress_design,development,correlated,joint_triangular_l2,assumption__radius_mixed__noise_correlated__scale_150,broad_or_stress_assumption,True,True,joint_triangular_l5,True,0,-191.57287199999973,-191.57287199999973,3.6430693489883064,5258.556828,5066.983956
round-stress-p3-0043-aabdc521308c3583,3,stress,stress_design,development,correlated,joint_triangular_l3,assumption__radius_mixed__noise_correlated__scale_150,broad_or_stress_assumption,True,True,joint_triangular_l5,True,0,-170.63936399999966,-170.63936399999966,3.2449846903128243,5258.556828,5087.917464
round-stress-p3-0044-62aa6b219aeb1490,3,stress,stress_design,development,extreme,joint_triangular_l1,assumption__radius_mixed__noise_extreme__scale_150,broad_or_stress_assumption,True,True,joint_triangular_l5,True,0,25.24772800000028,25.24772800000028,-0.5796204243546128,4355.907235,4381.154963
round-stress-p3-0044-62aa6b219aeb1490,3,stress,stress_design,development,extreme,joint_triangular_l2,assumption__radius_mixed__noise_extreme__scale_150,broad_or_stress_assumption,True,True,joint_triangular_l5,True,0,0.0,0.0,0.0,4355.907235,4355.907235
round-stress-p3-0044-62aa6b219aeb1490,3,stress,stress_design,development,extreme,joint_triangular_l3,assumption__radius_mixed__noise_extreme__scale_150,broad_or_stress_assumption,True,True,joint_triangular_l5,True,0,0.0,0.0,0.0,4355.907235,4355.907235
round-stress-p3-0045-a0301d7f43e87ccd,3,stress,stress_design,development,deterministic,joint_triangular_l1,assumption__radius_min__noise_deterministic__scale_300,broad_or_stress_assumption,True,True,joint_triangular_l5,True,0,-185.86526500000036,-185.86526500000036,3.573058827056171,5201.852922,5015.987657
round-stress-p3-0045-a0301d7f43e87ccd,3,stress,stress_design,development,deterministic,joint_triangular_l2,assumption__radius_min__noise_deterministic__scale_300,broad_or_stress_assumption,True,True,joint_triangular_l5,True,0,-129.32491500000015,-129.32491500000015,2.4861317099730207,5201.852922,5072.528007
round-stress-p3-0045-a0301d7f43e87ccd,3,stress,stress_design,development,deterministic,joint_triangular_l3,assumption__radius_min__noise_deterministic__scale_300,broad_or_stress_assumption,True,True,joint_triangular_l5,True,0,-73.15742500000033,-73.15742500000033,1.4063724233839523,5201.852922,5128.695497
round-stress-p3-0046-59e5160254de0d25,3,stress,stress_design,development,correlated,joint_triangular_l1,assumption__radius_min__noise_correlated__scale_300,broad_or_stress_assumption,True,True,joint_triangular_l5,True,0,-36.27500100000043,-36.27500100000043,0.8800519463681115,4121.915888,4085.640887
round-stress-p3-0046-59e5160254de0d25,3,stress,stress_design,development,correlated,joint_triangular_l2,assumption__radius_min__noise_correlated__scale_300,broad_or_stress_assumption,True,True,joint_triangular_l5,True,0,-27.187592000000677,-27.187592000000677,0.659586287996585,4121.915888,4094.728296
round-stress-p3-0046-59e5160254de0d25,3,stress,stress_design,development,correlated,joint_triangular_l3,assumption__radius_min__noise_correlated__scale_300,broad_or_stress_assumption,True,True,joint_triangular_l5,True,0,18.759009999999762,18.759009999999762,-0.4551041435516008,4121.915888,4140.674898
round-stress-p3-0047-0ac6cfe5ca9b1877,3,stress,stress_design,development,extreme,joint_triangular_l1,assumption__radius_min__noise_extreme__scale_300,broad_or_stress_assumption,True,True,joint_triangular_l5,True,0,-396.7182549999998,-396.7182549999998,8.712656722929356,4553.35574,4156.637485
round-stress-p3-0047-0ac6cfe5ca9b1877,3,stress,stress_design,development,extreme,joint_triangular_l2,assumption__radius_min__noise_extreme__scale_300,broad_or_stress_assumption,True,True,joint_triangular_l5,True,0,-264.3978710000001,-264.3978710000001,5.806659661518125,4553.35574,4288.957869
round-stress-p3-0047-0ac6cfe5ca9b1877,3,stress,stress_design,development,extreme,joint_triangular_l3,assumption__radius_min__noise_extreme__scale_300,broad_or_stress_assumption,True,True,joint_triangular_l5,True,0,-189.19601599999987,-189.19601599999987,4.155089714119281,4553.35574,4364.159724
round-stress-p3-0048-adf512c0c4021669,3,stress,stress_design,development,deterministic,joint_triangular_l1,assumption__radius_max__noise_deterministic__scale_300,broad_or_stress_assumption,True,True,joint_triangular_l5,True,0,-123.61559500000021,-123.61559500000021,2.389703954616471,5172.841379,5049.225784
round-stress-p3-0048-adf512c0c4021669,3,stress,stress_design,development,deterministic,joint_triangular_l2,assumption__radius_max__noise_deterministic__scale_300,broad_or_stress_assumption,True,True,joint_triangular_l5,True,0,-112.59890700000051,-112.59890700000051,2.176732258930542,5172.841379,5060.242472
round-stress-p3-0048-adf512c0c4021669,3,stress,stress_design,development,deterministic,joint_triangular_l3,assumption__radius_max__noise_deterministic__scale_300,broad_or_stress_assumption,True,True,joint_triangular_l5,True,0,-79.030847,-79.030847,1.5278034103430795,5172.841379,5093.810532
round-stress-p3-0049-82d58e97a58fc1d2,3,stress,stress_design,development,correlated,joint_triangular_l1,assumption__radius_max__noise_correlated__scale_300,broad_or_stress_assumption,True,True,joint_triangular_l5,True,0,-312.08206599999994,-312.08206599999994,6.315717532207978,4941.355664,4629.273598
round-stress-p3-0049-82d58e97a58fc1d2,3,stress,stress_design,development,correlated,joint_triangular_l2,assumption__radius_max__noise_correlated__scale_300,broad_or_stress_assumption,True,True,joint_triangular_l5,True,0,-254.8353619999998,-254.8353619999998,5.157195298783897,4941.355664,4686.520302
round-stress-p3-0049-82d58e97a58fc1d2,3,stress,stress_design,development,correlated,joint_triangular_l3,assumption__radius_max__noise_correlated__scale_300,broad_or_stress_assumption,True,True,joint_triangular_l5,True,0,-205.56795299999976,-205.56795299999976,4.160152941381145,4941.355664,4735.787711
round-stress-p3-0050-443a4c87d8100726,3,stress,stress_design,development,extreme,joint_triangular_l1,assumption__radius_max__noise_extreme__scale_300,broad_or_stress_assumption,True,True,joint_triangular_l5,True,0,-65.73819800000001,-65.73819800000001,1.6486302174596372,3987.443473,3921.705275
round-stress-p3-0050-443a4c87d8100726,3,stress,stress_design,development,extreme,joint_triangular_l2,assumption__radius_max__noise_extreme__scale_300,broad_or_stress_assumption,True,True,joint_triangular_l5,True,0,-60.288560999999845,-60.288560999999845,1.5119602674803823,3987.443473,3927.154912
round-stress-p3-0050-443a4c87d8100726,3,stress,stress_design,development,extreme,joint_triangular_l3,assumption__radius_max__noise_extreme__scale_300,broad_or_stress_assumption,True,True,joint_triangular_l5,True,0,-17.65830599999981,-17.65830599999981,0.44284780761329207,3987.443473,3969.785167
round-stress-p3-0051-51b8aa862f0bcbdd,3,stress,stress_design,development,deterministic,joint_triangular_l1,assumption__radius_mixed__noise_deterministic__scale_300,broad_or_stress_assumption,True,True,joint_triangular_l5,True,0,-180.70042999999987,-180.70042999999987,3.4793231973928553,5193.551152,5012.850722
round-stress-p3-0051-51b8aa862f0bcbdd,3,stress,stress_design,development,deterministic,joint_triangular_l2,assumption__radius_mixed__noise_deterministic__scale_300,broad_or_stress_assumption,True,True,joint_triangular_l5,True,0,-130.29233099999965,-130.29233099999965,2.5087329880215967,5193.551152,5063.258821
round-stress-p3-0051-51b8aa862f0bcbdd,3,stress,stress_design,development,deterministic,joint_triangular_l3,assumption__radius_mixed__noise_deterministic__scale_300,broad_or_stress_assumption,True,True,joint_triangular_l5,True,0,-92.971587,-92.971587,1.7901351941859145,5193.551152,5100.579565
round-stress-p3-0052-e15e5d4945e4a533,3,stress,stress_design,development,correlated,joint_triangular_l1,assumption__radius_mixed__noise_correlated__scale_300,broad_or_stress_assumption,True,True,joint_triangular_l5,True,0,-67.1404080000002,-67.1404080000002,1.544640404439675,4346.669154,4279.528746
round-stress-p3-0052-e15e5d4945e4a533,3,stress,stress_design,development,correlated,joint_triangular_l2,assumption__radius_mixed__noise_correlated__scale_300,broad_or_stress_assumption,True,True,joint_triangular_l5,True,0,-44.61114799999996,-44.61114799999996,1.0263295047184986,4346.669154,4302.058006
round-stress-p3-0052-e15e5d4945e4a533,3,stress,stress_design,development,correlated,joint_triangular_l3,assumption__radius_mixed__noise_correlated__scale_300,broad_or_stress_assumption,True,True,joint_triangular_l5,True,0,1.5312069999999949,1.5312069999999949,-0.03522713474962569,4346.669154,4348.200361
round-stress-p3-0053-45a06eceb08ae6cd,3,stress,stress_design,development,extreme,joint_triangular_l1,assumption__radius_mixed__noise_extreme__scale_300,broad_or_stress_assumption,True,True,joint_triangular_l5,True,0,-413.4702620000003,-413.4702620000003,9.307209658830992,4442.472848,4029.002586
round-stress-p3-0053-45a06eceb08ae6cd,3,stress,stress_design,development,extreme,joint_triangular_l2,assumption__radius_mixed__noise_extreme__scale_300,broad_or_stress_assumption,True,True,joint_triangular_l5,True,0,-215.04983300000004,-215.04983300000004,4.840768652009103,4442.472848,4227.423015
round-stress-p3-0053-45a06eceb08ae6cd,3,stress,stress_design,development,extreme,joint_triangular_l3,assumption__radius_mixed__noise_extreme__scale_300,broad_or_stress_assumption,True,True,joint_triangular_l5,True,0,-111.51802000000043,-111.51802000000043,2.5102690284354985,4442.472848,4330.954828
round-stress-p3-0054-3619f63cdd314787,3,stress,stress_design,development,deterministic,joint_triangular_l1,assumption__radius_min__noise_deterministic__scale_75,broad_or_stress_assumption,True,True,joint_triangular_l5,True,0,-248.3145480000003,-248.3145480000003,4.617126305248639,5378.11902,5129.804472
round-stress-p3-0054-3619f63cdd314787,3,stress,stress_design,development,deterministic,joint_triangular_l2,assumption__radius_min__noise_deterministic__scale_75,broad_or_stress_assumption,True,True,joint_triangular_l5,True,0,-178.22207799999978,-178.22207799999978,3.313836628331066,5378.11902,5199.896942
round-stress-p3-0054-3619f63cdd314787,3,stress,stress_design,development,deterministic,joint_triangular_l3,assumption__radius_min__noise_deterministic__scale_75,broad_or_stress_assumption,True,True,joint_triangular_l5,True,0,-149.66211300000032,-149.66211300000032,2.7827965956766856,5378.11902,5228.456907
round-stress-p3-0056-34de504b13a28d8c,3,stress,stress_design,development,extreme,joint_triangular_l1,assumption__radius_min__noise_extreme__scale_75,broad_or_stress_assumption,True,True,joint_triangular_l5,True,0,12.584419999999682,12.584419999999682,-0.31491646669816487,3996.113678,4008.698098
round-stress-p3-0056-34de504b13a28d8c,3,stress,stress_design,development,extreme,joint_triangular_l2,assumption__radius_min__noise_extreme__scale_75,broad_or_stress_assumption,True,True,joint_triangular_l5,True,0,0.0,0.0,0.0,3996.113678,3996.113678
round-stress-p3-0056-34de504b13a28d8c,3,stress,stress_design,development,extreme,joint_triangular_l3,assumption__radius_min__noise_extreme__scale_75,broad_or_stress_assumption,True,True,joint_triangular_l5,True,0,0.0,0.0,0.0,3996.113678,3996.113678
round-stress-p3-0058-bce51b206bde44b8,3,stress,stress_design,development,correlated,joint_triangular_l1,assumption__radius_max__noise_correlated__scale_75,broad_or_stress_assumption,True,True,joint_triangular_l5,True,0,-112.89597500000036,-112.89597500000036,2.4999172611924596,4515.988459,4403.092484
round-stress-p3-0058-bce51b206bde44b8,3,stress,stress_design,development,correlated,joint_triangular_l2,assumption__radius_max__noise_correlated__scale_75,broad_or_stress_assumption,True,True,joint_triangular_l5,True,0,-86.76036500000009,-86.76036500000009,1.921182168370995,4515.988459,4429.228094
round-stress-p3-0058-bce51b206bde44b8,3,stress,stress_design,development,correlated,joint_triangular_l3,assumption__radius_max__noise_correlated__scale_75,broad_or_stress_assumption,True,True,joint_triangular_l5,True,0,-0.12452099999973143,-0.12452099999973143,0.002757336541717044,4515.988459,4515.863938
round-stress-p3-0059-b46ea70cf4777c3b,3,stress,stress_design,development,extreme,joint_triangular_l1,assumption__radius_max__noise_extreme__scale_75,broad_or_stress_assumption,True,True,joint_triangular_l5,True,0,-317.3638160000005,-317.3638160000005,7.387209363305086,4296.125917,3978.762101
round-stress-p3-0059-b46ea70cf4777c3b,3,stress,stress_design,development,extreme,joint_triangular_l2,assumption__radius_max__noise_extreme__scale_75,broad_or_stress_assumption,True,True,joint_triangular_l5,True,0,-209.01741700000048,-209.01741700000048,4.8652535106782455,4296.125917,4087.1085
round-stress-p3-0059-b46ea70cf4777c3b,3,stress,stress_design,development,extreme,joint_triangular_l3,assumption__radius_max__noise_extreme__scale_75,broad_or_stress_assumption,True,True,joint_triangular_l5,True,0,-123.6415020000004,-123.6415020000004,2.877976679192394,4296.125917,4172.484415
round-stress-p3-0060-3e695a07ee23fb8c,3,stress,stress_design,development,deterministic,joint_triangular_l1,assumption__radius_mixed__noise_deterministic__scale_75,broad_or_stress_assumption,True,True,joint_triangular_l5,True,0,-412.4424570000001,-412.4424570000001,7.184378550074065,5740.823011,5328.380554
round-stress-p3-0060-3e695a07ee23fb8c,3,stress,stress_design,development,deterministic,joint_triangular_l2,assumption__radius_mixed__noise_deterministic__scale_75,broad_or_stress_assumption,True,True,joint_triangular_l5,True,0,-330.89833200000066,-330.89833200000066,5.763952857734263,5740.823011,5409.924679
round-stress-p3-0060-3e695a07ee23fb8c,3,stress,stress_design,development,deterministic,joint_triangular_l3,assumption__radius_mixed__noise_deterministic__scale_75,broad_or_stress_assumption,True,True,joint_triangular_l5,True,0,-257.97500200000013,-257.97500200000013,4.493693700462352,5740.823011,5482.848009
round-stress-p3-0062-80f7810f8d1a1270,3,stress,stress_design,development,extreme,joint_triangular_l1,assumption__radius_mixed__noise_extreme__scale_75,broad_or_stress_assumption,True,True,joint_triangular_l5,True,0,-16.46216899999945,-16.46216899999945,0.3843866911074469,4282.710453,4266.248284
round-stress-p3-0062-80f7810f8d1a1270,3,stress,stress_design,development,extreme,joint_triangular_l2,assumption__radius_mixed__noise_extreme__scale_75,broad_or_stress_assumption,True,True,joint_triangular_l5,True,0,-24.350329999999303,-24.350329999999303,0.5685728761546819,4282.710453,4258.360123
round-stress-p3-0062-80f7810f8d1a1270,3,stress,stress_design,development,extreme,joint_triangular_l3,assumption__radius_mixed__noise_extreme__scale_75,broad_or_stress_assumption,True,True,joint_triangular_l5,True,0,16.757258999999976,16.757258999999976,-0.3912769537866299,4282.710453,4299.467712
round-stress-p3-0063-6b7ee2a67bc085aa,3,stress,stress_design,development,deterministic,joint_triangular_l1,assumption__radius_min__noise_deterministic__scale_150,broad_or_stress_assumption,True,True,joint_triangular_l5,True,0,-126.40853800000059,-126.40853800000059,2.623268380950231,4818.742105,4692.333567
round-stress-p3-0063-6b7ee2a67bc085aa,3,stress,stress_design,development,deterministic,joint_triangular_l2,assumption__radius_min__noise_deterministic__scale_150,broad_or_stress_assumption,True,True,joint_triangular_l5,True,0,-49.08951700000034,-49.08951700000034,1.018720569193033,4818.742105,4769.652588
round-stress-p3-0063-6b7ee2a67bc085aa,3,stress,stress_design,development,deterministic,joint_triangular_l3,assumption__radius_min__noise_deterministic__scale_150,broad_or_stress_assumption,True,True,joint_triangular_l5,True,0,-52.405831000000035,-52.405831000000035,1.087541724750593,4818.742105,4766.336274
round-stress-p3-0064-69653055e88806c2,3,stress,stress_design,development,correlated,joint_triangular_l1,assumption__radius_min__noise_correlated__scale_150,broad_or_stress_assumption,True,True,joint_triangular_l5,True,0,-83.3123029999997,-83.3123029999997,1.9560838303179677,4259.137656,4175.825353
round-stress-p3-0064-69653055e88806c2,3,stress,stress_design,development,correlated,joint_triangular_l2,assumption__radius_min__noise_correlated__scale_150,broad_or_stress_assumption,True,True,joint_triangular_l5,True,0,-63.20604699999967,-63.20604699999967,1.4840104289881086,4259.137656,4195.931609
round-stress-p3-0064-69653055e88806c2,3,stress,stress_design,development,correlated,joint_triangular_l3,assumption__radius_min__noise_correlated__scale_150,broad_or_stress_assumption,True,True,joint_triangular_l5,True,0,-16.2991320000001,-16.2991320000001,0.38268619886091093,4259.137656,4242.838524
round-stress-p3-0067-3eeee92f584c0476,3,stress,stress_design,development,correlated,joint_triangular_l1,assumption__radius_max__noise_correlated__scale_150,broad_or_stress_assumption,True,True,joint_triangular_l5,True,0,-441.23406799999975,-441.23406799999975,7.649909939832644,5767.833497,5326.599429
round-stress-p3-0067-3eeee92f584c0476,3,stress,stress_design,development,correlated,joint_triangular_l2,assumption__radius_max__noise_correlated__scale_150,broad_or_stress_assumption,True,True,joint_triangular_l5,True,0,-335.72103699999934,-335.72103699999934,5.820574348663438,5767.833497,5432.11246
round-stress-p3-0067-3eeee92f584c0476,3,stress,stress_design,development,correlated,joint_triangular_l3,assumption__radius_max__noise_correlated__scale_150,broad_or_stress_assumption,True,True,joint_triangular_l5,True,0,-252.2908749999997,-252.2908749999997,4.3741012137611595,5767.833497,5515.542622
round-stress-p3-0068-69f224296a748b7f,3,stress,stress_design,development,extreme,joint_triangular_l1,assumption__radius_max__noise_extreme__scale_150,broad_or_stress_assumption,True,True,joint_triangular_l5,True,0,20.641328000000613,20.641328000000613,-0.46716511273312533,4418.422403,4439.063731
round-stress-p3-0068-69f224296a748b7f,3,stress,stress_design,development,extreme,joint_triangular_l2,assumption__radius_max__noise_extreme__scale_150,broad_or_stress_assumption,True,True,joint_triangular_l5,True,0,29.622644000000037,29.622644000000037,-0.6704348588285038,4418.422403,4448.045047
round-stress-p3-0068-69f224296a748b7f,3,stress,stress_design,development,extreme,joint_triangular_l3,assumption__radius_max__noise_extreme__scale_150,broad_or_stress_assumption,True,True,joint_triangular_l5,True,0,12.67394300000069,12.67394300000069,-0.28684317260829106,4418.422403,4431.096346
round-stress-p3-0069-47fe6a99a9a7b192,3,stress,stress_design,development,deterministic,joint_triangular_l1,assumption__radius_mixed__noise_deterministic__scale_150,broad_or_stress_assumption,True,True,joint_triangular_l5,True,0,-237.5239590000001,-237.5239590000001,4.621647759424279,5139.378234,4901.854275
round-stress-p3-0069-47fe6a99a9a7b192,3,stress,stress_design,development,deterministic,joint_triangular_l2,assumption__radius_mixed__noise_deterministic__scale_150,broad_or_stress_assumption,True,True,joint_triangular_l5,True,0,-160.58576999999968,-160.58576999999968,3.124614743037021,5139.378234,4978.792464
round-stress-p3-0069-47fe6a99a9a7b192,3,stress,stress_design,development,deterministic,joint_triangular_l3,assumption__radius_mixed__noise_deterministic__scale_150,broad_or_stress_assumption,True,True,joint_triangular_l5,True,0,-120.76651599999968,-120.76651599999968,2.3498273624046266,5139.378234,5018.611718
round-stress-p3-0071-49d754c4df80144b,3,stress,stress_design,development,extreme,joint_triangular_l1,assumption__radius_mixed__noise_extreme__scale_150,broad_or_stress_assumption,True,True,joint_triangular_l5,True,0,-39.729879999999866,-39.729879999999866,1.096348518328914,3623.836703,3584.106823
round-stress-p3-0071-49d754c4df80144b,3,stress,stress_design,development,extreme,joint_triangular_l2,assumption__radius_mixed__noise_extreme__scale_150,broad_or_stress_assumption,True,True,joint_triangular_l5,True,0,-26.35959099999991,-26.35959099999991,0.7273945588712116,3623.836703,3597.477112
round-stress-p3-0071-49d754c4df80144b,3,stress,stress_design,development,extreme,joint_triangular_l3,assumption__radius_mixed__noise_extreme__scale_150,broad_or_stress_assumption,True,True,joint_triangular_l5,True,0,-5.432002999999895,-5.432002999999895,0.1498964618218862,3623.836703,3618.4047
round-stress-p3-0072-e7929b4d238404a6,3,stress,stress_design,development,deterministic,joint_triangular_l1,assumption__radius_min__noise_deterministic__scale_300,broad_or_stress_assumption,True,True,joint_triangular_l5,True,0,-183.3387619999994,-183.3387619999994,3.4176005332813992,5364.546272,5181.20751
round-stress-p3-0072-e7929b4d238404a6,3,stress,stress_design,development,deterministic,joint_triangular_l2,assumption__radius_min__noise_deterministic__scale_300,broad_or_stress_assumption,True,True,joint_triangular_l5,True,0,-131.60145899999952,-131.60145899999952,2.4531703582628643,5364.546272,5232.944813
round-stress-p3-0072-e7929b4d238404a6,3,stress,stress_design,development,deterministic,joint_triangular_l3,assumption__radius_min__noise_deterministic__scale_300,broad_or_stress_assumption,True,True,joint_triangular_l5,True,0,-98.34413199999926,-98.34413199999926,1.8332236691349257,5364.546272,5266.20214
round-stress-p3-0073-152cb632678587d6,3,stress,stress_design,development,correlated,joint_triangular_l1,assumption__radius_min__noise_correlated__scale_300,broad_or_stress_assumption,True,True,joint_triangular_l5,True,0,-317.44936300000063,-317.44936300000063,5.627141419988349,5641.396569,5323.947206
round-stress-p3-0073-152cb632678587d6,3,stress,stress_design,development,correlated,joint_triangular_l2,assumption__radius_min__noise_correlated__scale_300,broad_or_stress_assumption,True,True,joint_triangular_l5,True,0,-234.47904600000038,-234.47904600000038,4.156400691426031,5641.396569,5406.917523
round-stress-p3-0073-152cb632678587d6,3,stress,stress_design,development,correlated,joint_triangular_l3,assumption__radius_min__noise_correlated__scale_300,broad_or_stress_assumption,True,True,joint_triangular_l5,True,0,-183.19504000000052,-183.19504000000052,3.2473349065136516,5641.396569,5458.201529
round-stress-p3-0075-92529f2a626e4f0d,3,stress,stress_design,development,deterministic,joint_triangular_l1,assumption__radius_max__noise_deterministic__scale_300,broad_or_stress_assumption,True,True,joint_triangular_l5,True,0,-244.12072400000034,-244.12072400000034,4.372353386831776,5583.279813,5339.159089
round-stress-p3-0075-92529f2a626e4f0d,3,stress,stress_design,development,deterministic,joint_triangular_l2,assumption__radius_max__noise_deterministic__scale_300,broad_or_stress_assumption,True,True,joint_triangular_l5,True,0,-179.91583999999966,-179.91583999999966,3.22240414283173,5583.279813,5403.363973
round-stress-p3-0075-92529f2a626e4f0d,3,stress,stress_design,development,deterministic,joint_triangular_l3,assumption__radius_max__noise_deterministic__scale_300,broad_or_stress_assumption,True,True,joint_triangular_l5,True,0,-144.12509899999986,-144.12509899999986,2.581369801033826,5583.279813,5439.154714
round-stress-p3-0076-5c554829ae069a4c,3,stress,stress_design,development,correlated,joint_triangular_l1,assumption__radius_max__noise_correlated__scale_300,broad_or_stress_assumption,True,True,joint_triangular_l5,True,0,-82.81084800000008,-82.81084800000008,1.9628670561258443,4218.871968,4136.06112
round-stress-p3-0076-5c554829ae069a4c,3,stress,stress_design,development,correlated,joint_triangular_l2,assumption__radius_max__noise_correlated__scale_300,broad_or_stress_assumption,True,True,joint_triangular_l5,True,0,-52.37222800000018,-52.37222800000018,1.241379885363712,4218.871968,4166.49974
round-stress-p3-0076-5c554829ae069a4c,3,stress,stress_design,development,correlated,joint_triangular_l3,assumption__radius_max__noise_correlated__scale_300,broad_or_stress_assumption,True,True,joint_triangular_l5,True,0,-6.564252000000124,-6.564252000000124,0.15559258611756296,4218.871968,4212.307716
round-stress-p3-0077-97e1786bc41f15cd,3,stress,stress_design,development,extreme,joint_triangular_l1,assumption__radius_max__noise_extreme__scale_300,broad_or_stress_assumption,True,True,joint_triangular_l5,True,0,-101.76415700000007,-101.76415700000007,2.654945380398358,3833.003788,3731.239631
round-stress-p3-0077-97e1786bc41f15cd,3,stress,stress_design,development,extreme,joint_triangular_l2,assumption__radius_max__noise_extreme__scale_300,broad_or_stress_assumption,True,True,joint_triangular_l5,True,0,-71.49003399999992,-71.49003399999992,1.8651177497871005,3833.003788,3761.513754
round-stress-p3-0077-97e1786bc41f15cd,3,stress,stress_design,development,extreme,joint_triangular_l3,assumption__radius_max__noise_extreme__scale_300,broad_or_stress_assumption,True,True,joint_triangular_l5,True,0,-59.43302399999993,-59.43302399999993,1.5505600121259242,3833.003788,3773.570764
round-stress-p3-0079-ed0b3ce0467443af,3,stress,stress_design,development,correlated,joint_triangular_l1,assumption__radius_mixed__noise_correlated__scale_300,broad_or_stress_assumption,True,True,joint_triangular_l5,True,0,-432.1597949999996,-432.1597949999996,7.639020125320048,5657.267397,5225.107602
round-stress-p3-0079-ed0b3ce0467443af,3,stress,stress_design,development,correlated,joint_triangular_l2,assumption__radius_mixed__noise_correlated__scale_300,broad_or_stress_assumption,True,True,joint_triangular_l5,True,0,-343.3965709999993,-343.3965709999993,6.070007777643665,5657.267397,5313.870826
round-stress-p3-0079-ed0b3ce0467443af,3,stress,stress_design,development,correlated,joint_triangular_l3,assumption__radius_mixed__noise_correlated__scale_300,broad_or_stress_assumption,True,True,joint_triangular_l5,True,0,-261.15862500000003,-261.15862500000003,4.616338713960917,5657.267397,5396.108772
round-stress-p3-0081-4058a682a7af2afc,3,stress,stress_design,development,deterministic,joint_triangular_l1,assumption__radius_min__noise_deterministic__scale_75,broad_or_stress_assumption,True,True,joint_triangular_l5,True,0,-220.99651799999992,-220.99651799999992,4.2341458505919585,5219.388415,4998.391897
round-stress-p3-0081-4058a682a7af2afc,3,stress,stress_design,development,deterministic,joint_triangular_l2,assumption__radius_min__noise_deterministic__scale_75,broad_or_stress_assumption,True,True,joint_triangular_l5,True,0,-152.39306900000065,-152.39306900000065,2.9197495354443865,5219.388415,5066.995346
round-stress-p3-0081-4058a682a7af2afc,3,stress,stress_design,development,deterministic,joint_triangular_l3,assumption__radius_min__noise_deterministic__scale_75,broad_or_stress_assumption,True,True,joint_triangular_l5,True,0,-123.3758970000008,-123.3758970000008,2.363799878266021,5219.388415,5096.012518
round-stress-p3-0082-77efcc25476f2255,3,stress,stress_design,development,correlated,joint_triangular_l1,assumption__radius_min__noise_correlated__scale_75,broad_or_stress_assumption,True,True,joint_triangular_l5,True,0,-14.69471600000088,-14.69471600000088,0.33293522633833084,4413.686158,4398.991442
round-stress-p3-0082-77efcc25476f2255,3,stress,stress_design,development,correlated,joint_triangular_l2,assumption__radius_min__noise_correlated__scale_75,broad_or_stress_assumption,True,True,joint_triangular_l5,True,0,0.05253699999957462,0.05253699999957462,-0.0011903202474953729,4413.686158,4413.738695
round-stress-p3-0082-77efcc25476f2255,3,stress,stress_design,development,correlated,joint_triangular_l3,assumption__radius_min__noise_correlated__scale_75,broad_or_stress_assumption,True,True,joint_triangular_l5,True,0,0.0,0.0,0.0,4413.686158,4413.686158
round-stress-p3-0083-2faa5bcb2455794e,3,stress,stress_design,development,extreme,joint_triangular_l1,assumption__radius_min__noise_extreme__scale_75,broad_or_stress_assumption,True,True,joint_triangular_l5,True,0,-81.44645000000037,-81.44645000000037,2.0299063700953033,4012.325455,3930.879005
round-stress-p3-0083-2faa5bcb2455794e,3,stress,stress_design,development,extreme,joint_triangular_l2,assumption__radius_min__noise_extreme__scale_75,broad_or_stress_assumption,True,True,joint_triangular_l5,True,0,-67.22379100000035,-67.22379100000035,1.675432159079437,4012.325455,3945.101664
round-stress-p3-0083-2faa5bcb2455794e,3,stress,stress_design,development,extreme,joint_triangular_l3,assumption__radius_min__noise_extreme__scale_75,broad_or_stress_assumption,True,True,joint_triangular_l5,True,0,-51.956452000000354,-51.956452000000354,1.294921176826628,4012.325455,3960.369003
round-stress-p3-0084-2ffdf24b4cfeaf8f,3,stress,stress_design,development,deterministic,joint_triangular_l1,assumption__radius_max__noise_deterministic__scale_75,broad_or_stress_assumption,True,True,joint_triangular_l5,True,0,-306.1010349999997,-306.1010349999997,5.869917149137973,5214.742001,4908.640966
round-stress-p3-0084-2ffdf24b4cfeaf8f,3,stress,stress_design,development,deterministic,joint_triangular_l2,assumption__radius_max__noise_deterministic__scale_75,broad_or_stress_assumption,True,True,joint_triangular_l5,True,0,-266.29052799999954,-266.29052799999954,5.106494778628255,5214.742001,4948.451473
round-stress-p3-0084-2ffdf24b4cfeaf8f,3,stress,stress_design,development,deterministic,joint_triangular_l3,assumption__radius_max__noise_deterministic__scale_75,broad_or_stress_assumption,True,True,joint_triangular_l5,True,0,-203.28741399999944,-203.28741399999944,3.898321603657789,5214.742001,5011.454587
round-stress-p3-0086-091a49e545c31622,3,stress,stress_design,development,extreme,joint_triangular_l1,assumption__radius_max__noise_extreme__scale_75,broad_or_stress_assumption,True,True,joint_triangular_l5,True,0,-34.32074499999999,-34.32074499999999,0.7754623343397749,4425.842943,4391.522198
round-stress-p3-0086-091a49e545c31622,3,stress,stress_design,development,extreme,joint_triangular_l2,assumption__radius_max__noise_extreme__scale_75,broad_or_stress_assumption,True,True,joint_triangular_l5,True,0,-5.609010999999555,-5.609010999999555,0.12673316862431544,4425.842943,4420.233932
round-stress-p3-0086-091a49e545c31622,3,stress,stress_design,development,extreme,joint_triangular_l3,assumption__radius_max__noise_extreme__scale_75,broad_or_stress_assumption,True,True,joint_triangular_l5,True,0,-0.22121399999923597,-0.22121399999923597,0.004998234299052848,4425.842943,4425.621729
round-stress-p3-0088-f8d31125ecc15c48,3,stress,stress_design,development,correlated,joint_triangular_l1,assumption__radius_mixed__noise_correlated__scale_75,broad_or_stress_assumption,True,True,joint_triangular_l5,True,0,-15.292649999999867,-15.292649999999867,0.49500355129883056,3089.402078,3074.109428
round-stress-p3-0088-f8d31125ecc15c48,3,stress,stress_design,development,correlated,joint_triangular_l2,assumption__radius_mixed__noise_correlated__scale_75,broad_or_stress_assumption,True,True,joint_triangular_l5,True,0,-13.180354999999963,-13.180354999999963,0.42663125961683135,3089.402078,3076.221723
round-stress-p3-0088-f8d31125ecc15c48,3,stress,stress_design,development,correlated,joint_triangular_l3,assumption__radius_mixed__noise_correlated__scale_75,broad_or_stress_assumption,True,True,joint_triangular_l5,True,0,-7.853333999999904,-7.853333999999904,0.25420239262232747,3089.402078,3081.548744
round-stress-p3-0089-1c86fb15d880a863,3,stress,stress_design,development,extreme,joint_triangular_l1,assumption__radius_mixed__noise_extreme__scale_75,broad_or_stress_assumption,True,True,joint_triangular_l5,True,0,-261.01534400000037,-261.01534400000037,5.8902845242522925,4431.285839,4170.270495
round-stress-p3-0089-1c86fb15d880a863,3,stress,stress_design,development,extreme,joint_triangular_l2,assumption__radius_mixed__noise_extreme__scale_75,broad_or_stress_assumption,True,True,joint_triangular_l5,True,0,-158.54031899999973,-158.54031899999973,3.5777497719663516,4431.285839,4272.74552
round-stress-p3-0089-1c86fb15d880a863,3,stress,stress_design,development,extreme,joint_triangular_l3,assumption__radius_mixed__noise_extreme__scale_75,broad_or_stress_assumption,True,True,joint_triangular_l5,True,0,-41.916739000000234,-41.916739000000234,0.9459272211936458,4431.285839,4389.3691
round-stress-p3-0091-fb360e96c542ea48,3,stress,stress_design,development,correlated,joint_triangular_l1,assumption__radius_min__noise_correlated__scale_150,broad_or_stress_assumption,True,True,joint_triangular_l5,True,0,-175.70301499999914,-175.70301499999914,3.5232984696232,4986.889885,4811.18687
round-stress-p3-0091-fb360e96c542ea48,3,stress,stress_design,development,correlated,joint_triangular_l2,assumption__radius_min__noise_correlated__scale_150,broad_or_stress_assumption,True,True,joint_triangular_l5,True,0,-125.92730599999959,-125.92730599999959,2.525167166389109,4986.889885,4860.962579
round-stress-p3-0091-fb360e96c542ea48,3,stress,stress_design,development,correlated,joint_triangular_l3,assumption__radius_min__noise_correlated__scale_150,broad_or_stress_assumption,True,True,joint_triangular_l5,True,0,-112.40799199999947,-112.40799199999947,2.2540700635502295,4986.889885,4874.481893
round-stress-p3-0092-d675c2ceb27d2d65,3,stress,stress_design,development,extreme,joint_triangular_l1,assumption__radius_min__noise_extreme__scale_150,broad_or_stress_assumption,True,True,joint_triangular_l5,True,0,-56.20360800000026,-56.20360800000026,1.355157166677061,4147.386693,4091.183085
round-stress-p3-0092-d675c2ceb27d2d65,3,stress,stress_design,development,extreme,joint_triangular_l2,assumption__radius_min__noise_extreme__scale_150,broad_or_stress_assumption,True,True,joint_triangular_l5,True,0,-23.432819999999992,-23.432819999999992,0.5650020539331463,4147.386693,4123.953873
round-stress-p3-0092-d675c2ceb27d2d65,3,stress,stress_design,development,extreme,joint_triangular_l3,assumption__radius_min__noise_extreme__scale_150,broad_or_stress_assumption,True,True,joint_triangular_l5,True,0,-13.037233000000015,-13.037233000000015,0.3143481417347551,4147.386693,4134.34946
round-stress-p3-0093-fef54faf5ca26ac2,3,stress,stress_design,development,deterministic,joint_triangular_l1,assumption__radius_max__noise_deterministic__scale_150,broad_or_stress_assumption,True,True,joint_triangular_l5,True,0,-230.69305600000007,-230.69305600000007,4.38321281151828,5263.104164,5032.411108
round-stress-p3-0093-fef54faf5ca26ac2,3,stress,stress_design,development,deterministic,joint_triangular_l2,assumption__radius_max__noise_deterministic__scale_150,broad_or_stress_assumption,True,True,joint_triangular_l5,True,0,-179.97798800000055,-179.97798800000055,3.4196166823195813,5263.104164,5083.126176
round-stress-p3-0093-fef54faf5ca26ac2,3,stress,stress_design,development,deterministic,joint_triangular_l3,assumption__radius_max__noise_deterministic__scale_150,broad_or_stress_assumption,True,True,joint_triangular_l5,True,0,-132.2746790000001,-132.2746790000001,2.5132445583115786,5263.104164,5130.829485
round-stress-p3-0094-c149ce00e152a3c3,3,stress,stress_design,development,correlated,joint_triangular_l1,assumption__radius_max__noise_correlated__scale_150,broad_or_stress_assumption,True,True,joint_triangular_l5,True,0,-111.90904800000044,-111.90904800000044,2.4649091748516048,4540.088095,4428.179047
round-stress-p3-0094-c149ce00e152a3c3,3,stress,stress_design,development,correlated,joint_triangular_l2,assumption__radius_max__noise_correlated__scale_150,broad_or_stress_assumption,True,True,joint_triangular_l5,True,0,-101.37053199999991,-101.37053199999991,2.2327877758944656,4540.088095,4438.717563
round-stress-p3-0094-c149ce00e152a3c3,3,stress,stress_design,development,correlated,joint_triangular_l3,assumption__radius_max__noise_correlated__scale_150,broad_or_stress_assumption,True,True,joint_triangular_l5,True,0,-17.187015999999858,-17.187015999999858,0.3785612886879425,4540.088095,4522.901079
round-stress-p3-0095-cff87f0df6b03c7a,3,stress,stress_design,development,extreme,joint_triangular_l1,assumption__radius_max__noise_extreme__scale_150,broad_or_stress_assumption,True,True,joint_triangular_l5,True,0,-58.301746000000094,-58.301746000000094,1.8161777191501214,3210.134415,3151.832669
round-stress-p3-0095-cff87f0df6b03c7a,3,stress,stress_design,development,extreme,joint_triangular_l2,assumption__radius_max__noise_extreme__scale_150,broad_or_stress_assumption,True,True,joint_triangular_l5,True,0,-48.99826299999995,-48.99826299999995,1.5263617240152216,3210.134415,3161.136152
round-stress-p3-0095-cff87f0df6b03c7a,3,stress,stress_design,development,extreme,joint_triangular_l3,assumption__radius_max__noise_extreme__scale_150,broad_or_stress_assumption,True,True,joint_triangular_l5,True,0,-35.12168100000008,-35.12168100000008,1.0940875508479317,3210.134415,3175.012734
round-stress-p3-0096-e2864c443cc3ed90,3,stress,stress_design,development,deterministic,joint_triangular_l1,assumption__radius_mixed__noise_deterministic__scale_150,broad_or_stress_assumption,True,True,joint_triangular_l5,True,0,-223.89956299999994,-223.89956299999994,4.02726453410271,5559.594139,5335.694576
round-stress-p3-0096-e2864c443cc3ed90,3,stress,stress_design,development,deterministic,joint_triangular_l2,assumption__radius_mixed__noise_deterministic__scale_150,broad_or_stress_assumption,True,True,joint_triangular_l5,True,0,-152.24264399999993,-152.24264399999993,2.738376942518752,5559.594139,5407.351495
round-stress-p3-0096-e2864c443cc3ed90,3,stress,stress_design,development,deterministic,joint_triangular_l3,assumption__radius_mixed__noise_deterministic__scale_150,broad_or_stress_assumption,True,True,joint_triangular_l5,True,0,-108.05395799999951,-108.05395799999951,1.9435583839117274,5559.594139,5451.540181
round-stress-p3-0097-673f22507850efd1,3,stress,stress_design,development,correlated,joint_triangular_l1,assumption__radius_mixed__noise_correlated__scale_150,broad_or_stress_assumption,True,True,joint_triangular_l5,True,0,-585.8332279999995,-585.8332279999995,10.596787355367477,5528.404113,4942.570885
round-stress-p3-0097-673f22507850efd1,3,stress,stress_design,development,correlated,joint_triangular_l2,assumption__radius_mixed__noise_correlated__scale_150,broad_or_stress_assumption,True,True,joint_triangular_l5,True,0,-501.60727099999986,-501.60727099999986,9.073274325595596,5528.404113,5026.796842
round-stress-p3-0097-673f22507850efd1,3,stress,stress_design,development,correlated,joint_triangular_l3,assumption__radius_mixed__noise_correlated__scale_150,broad_or_stress_assumption,True,True,joint_triangular_l5,True,0,-392.035476,-392.035476,7.091295570780212,5528.404113,5136.368637
round-stress-p3-0098-7da8eccdc66ea4f6,3,stress,stress_design,development,extreme,joint_triangular_l1,assumption__radius_mixed__noise_extreme__scale_150,broad_or_stress_assumption,True,True,joint_triangular_l5,True,0,-117.74718099999973,-117.74718099999973,2.8084731980547253,4192.569154,4074.821973
round-stress-p3-0098-7da8eccdc66ea4f6,3,stress,stress_design,development,extreme,joint_triangular_l2,assumption__radius_mixed__noise_extreme__scale_150,broad_or_stress_assumption,True,True,joint_triangular_l5,True,0,-85.59232799999972,-85.59232799999972,2.041524536770938,4192.569154,4106.976826
round-stress-p3-0098-7da8eccdc66ea4f6,3,stress,stress_design,development,extreme,joint_triangular_l3,assumption__radius_mixed__noise_extreme__scale_150,broad_or_stress_assumption,True,True,joint_triangular_l5,True,0,-61.649632999999994,-61.649632999999994,1.4704499970187015,4192.569154,4130.919521
round-stress-p3-0099-c2dbe4b95cadf6a6,3,stress,stress_design,development,deterministic,joint_triangular_l1,assumption__radius_min__noise_deterministic__scale_300,broad_or_stress_assumption,True,True,joint_triangular_l5,True,0,-114.45067599999948,-114.45067599999948,2.417166420985932,4734.910886,4620.46021
round-stress-p3-0099-c2dbe4b95cadf6a6,3,stress,stress_design,development,deterministic,joint_triangular_l2,assumption__radius_min__noise_deterministic__scale_300,broad_or_stress_assumption,True,True,joint_triangular_l5,True,0,-71.15985199999977,-71.15985199999977,1.5028762676485097,4734.910886,4663.751034
round-stress-p3-0099-c2dbe4b95cadf6a6,3,stress,stress_design,development,deterministic,joint_triangular_l3,assumption__radius_min__noise_deterministic__scale_300,broad_or_stress_assumption,True,True,joint_triangular_l5,True,0,-41.203872999999476,-41.203872999999476,0.8702143290981355,4734.910886,4693.707013
round-stress-p4-0000-d60e94fa6a7043e1,4,stress,stress_design,development,deterministic,joint_triangular_l1,assumption__radius_min__noise_deterministic__scale_75,broad_or_stress_assumption,True,True,joint_triangular_l5,True,0,-341.3343160000004,-341.3343160000004,2.8636050464796567,11919.741391,11578.407075
round-stress-p4-0000-d60e94fa6a7043e1,4,stress,stress_design,development,deterministic,joint_triangular_l2,assumption__radius_min__noise_deterministic__scale_75,broad_or_stress_assumption,True,True,joint_triangular_l5,True,0,-288.8485700000001,-288.8485700000001,2.423278832358689,11919.741391,11630.892821
round-stress-p4-0000-d60e94fa6a7043e1,4,stress,stress_design,development,deterministic,joint_triangular_l3,assumption__radius_min__noise_deterministic__scale_75,broad_or_stress_assumption,True,True,joint_triangular_l5,True,0,-237.60410000000047,-237.60410000000047,1.9933662334268716,11919.741391,11682.137291
round-stress-p4-0001-8d635930b28a06d2,4,stress,stress_design,development,correlated,joint_triangular_l1,assumption__radius_min__noise_correlated__scale_75,broad_or_stress_assumption,True,True,joint_triangular_l5,True,0,-925.6342800000002,-925.6342800000002,6.885297945674848,13443.634354,12518.000074
round-stress-p4-0001-8d635930b28a06d2,4,stress,stress_design,development,correlated,joint_triangular_l2,assumption__radius_min__noise_correlated__scale_75,broad_or_stress_assumption,True,True,joint_triangular_l5,True,0,-796.0762319999994,-796.0762319999994,5.921584974997003,13443.634354,12647.558122
round-stress-p4-0001-8d635930b28a06d2,4,stress,stress_design,development,correlated,joint_triangular_l3,assumption__radius_min__noise_correlated__scale_75,broad_or_stress_assumption,True,True,joint_triangular_l5,True,0,-517.2922589999998,-517.2922589999998,3.8478602242412627,13443.634354,12926.342095
round-stress-p4-0002-87d02a0f62706789,4,stress,stress_design,development,extreme,joint_triangular_l1,assumption__radius_min__noise_extreme__scale_75,broad_or_stress_assumption,True,True,joint_triangular_l5,True,0,-56.676258999999845,-56.676258999999845,0.5469635974337745,10361.980078,10305.303819
round-stress-p4-0002-87d02a0f62706789,4,stress,stress_design,development,extreme,joint_triangular_l2,assumption__radius_min__noise_extreme__scale_75,broad_or_stress_assumption,True,True,joint_triangular_l5,True,0,-20.85762000000068,-20.85762000000068,0.20128990639814545,10361.980078,10341.122458
round-stress-p4-0002-87d02a0f62706789,4,stress,stress_design,development,extreme,joint_triangular_l3,assumption__radius_min__noise_extreme__scale_75,broad_or_stress_assumption,True,True,joint_triangular_l5,True,0,-34.66145800000049,-34.66145800000049,0.334506124689352,10361.980078,10327.31862
round-stress-p4-0003-4f4342a08dd9c9a8,4,stress,stress_design,development,deterministic,joint_triangular_l1,assumption__radius_max__noise_deterministic__scale_75,broad_or_stress_assumption,True,True,joint_triangular_l5,True,0,-390.63353800000004,-390.63353800000004,3.7173662463311086,10508.341447,10117.707909
round-stress-p4-0003-4f4342a08dd9c9a8,4,stress,stress_design,development,deterministic,joint_triangular_l2,assumption__radius_max__noise_deterministic__scale_75,broad_or_stress_assumption,True,True,joint_triangular_l5,True,0,-310.51493200000004,-310.51493200000004,2.954937594730024,10508.341447,10197.826515
round-stress-p4-0003-4f4342a08dd9c9a8,4,stress,stress_design,development,deterministic,joint_triangular_l3,assumption__radius_max__noise_deterministic__scale_75,broad_or_stress_assumption,True,True,joint_triangular_l5,True,0,-194.64463700000124,-194.64463700000124,1.8522869472952825,10508.341447,10313.69681
round-stress-p4-0004-eabc1a59b1e1d60b,4,stress,stress_design,development,correlated,joint_triangular_l1,assumption__radius_max__noise_correlated__scale_75,broad_or_stress_assumption,True,True,joint_triangular_l5,True,0,-450.3972840000006,-450.3972840000006,4.306134813229294,10459.432961,10009.035677
round-stress-p4-0004-eabc1a59b1e1d60b,4,stress,stress_design,development,correlated,joint_triangular_l2,assumption__radius_max__noise_correlated__scale_75,broad_or_stress_assumption,True,True,joint_triangular_l5,True,0,-307.5020430000004,-307.5020430000004,2.939949461376928,10459.432961,10151.930918
round-stress-p4-0004-eabc1a59b1e1d60b,4,stress,stress_design,development,correlated,joint_triangular_l3,assumption__radius_max__noise_correlated__scale_75,broad_or_stress_assumption,True,True,joint_triangular_l5,True,0,-268.3347700000013,-268.3347700000013,2.5654810447233505,10459.432961,10191.098191
round-stress-p4-0005-3128ad8a562c9296,4,stress,stress_design,development,extreme,joint_triangular_l1,assumption__radius_max__noise_extreme__scale_75,broad_or_stress_assumption,True,True,joint_triangular_l5,True,0,-457.187308999999,-457.187308999999,3.697243285991482,12365.626864,11908.439555
round-stress-p4-0005-3128ad8a562c9296,4,stress,stress_design,development,extreme,joint_triangular_l2,assumption__radius_max__noise_extreme__scale_75,broad_or_stress_assumption,True,True,joint_triangular_l5,True,0,-1157.1706300000005,-1157.1706300000005,9.357961733172354,12365.626864,11208.456234
round-stress-p4-0005-3128ad8a562c9296,4,stress,stress_design,development,extreme,joint_triangular_l3,assumption__radius_max__noise_extreme__scale_75,broad_or_stress_assumption,True,True,joint_triangular_l5,True,0,-892.092208,-892.092208,7.2142902079404045,12365.626864,11473.534656
round-stress-p4-0006-2df6c0896dac4c31,4,stress,stress_design,development,deterministic,joint_triangular_l1,assumption__radius_mixed__noise_deterministic__scale_75,broad_or_stress_assumption,True,True,joint_triangular_l5,True,0,-396.24653299999954,-396.24653299999954,3.399200093029415,11657.052311,11260.805778
round-stress-p4-0006-2df6c0896dac4c31,4,stress,stress_design,development,deterministic,joint_triangular_l2,assumption__radius_mixed__noise_deterministic__scale_75,broad_or_stress_assumption,True,True,joint_triangular_l5,True,0,-300.8275219999996,-300.8275219999996,2.5806482974784997,11657.052311,11356.224789
round-stress-p4-0006-2df6c0896dac4c31,4,stress,stress_design,development,deterministic,joint_triangular_l3,assumption__radius_mixed__noise_deterministic__scale_75,broad_or_stress_assumption,True,True,joint_triangular_l5,True,0,-178.34612500000003,-178.34612500000003,1.5299418776023372,11657.052311,11478.706186
round-stress-p4-0007-4f74c4cc662c2a5f,4,stress,stress_design,development,correlated,joint_triangular_l1,assumption__radius_mixed__noise_correlated__scale_75,broad_or_stress_assumption,True,True,joint_triangular_l5,True,0,-654.3496770000002,-654.3496770000002,5.526073579770979,11841.132181,11186.782504
round-stress-p4-0007-4f74c4cc662c2a5f,4,stress,stress_design,development,correlated,joint_triangular_l2,assumption__radius_mixed__noise_correlated__scale_75,broad_or_stress_assumption,True,True,joint_triangular_l5,True,0,-532.2610800000002,-532.2610800000002,4.495018481881772,11841.132181,11308.871101
round-stress-p4-0007-4f74c4cc662c2a5f,4,stress,stress_design,development,correlated,joint_triangular_l3,assumption__radius_mixed__noise_correlated__scale_75,broad_or_stress_assumption,True,True,joint_triangular_l5,True,0,-365.17143300000134,-365.17143300000134,3.0839232889059947,11841.132181,11475.960748
round-stress-p4-0008-24b915083081d81d,4,stress,stress_design,development,extreme,joint_triangular_l1,assumption__radius_mixed__noise_extreme__scale_75,broad_or_stress_assumption,True,True,joint_triangular_l5,True,0,-32.515566000000035,-32.515566000000035,0.24035910585663617,13527.911033,13495.395467
round-stress-p4-0008-24b915083081d81d,4,stress,stress_design,development,extreme,joint_triangular_l2,assumption__radius_mixed__noise_extreme__scale_75,broad_or_stress_assumption,True,True,joint_triangular_l5,True,0,157.78157199999987,157.78157199999987,-1.1663409939280893,13527.911033,13685.692605
round-stress-p4-0008-24b915083081d81d,4,stress,stress_design,development,extreme,joint_triangular_l3,assumption__radius_mixed__noise_extreme__scale_75,broad_or_stress_assumption,True,True,joint_triangular_l5,True,0,-181.85799100000077,-181.85799100000077,1.344316876096954,13527.911033,13346.053042
round-stress-p4-0009-03a1900cc3ff6b7f,4,stress,stress_design,development,deterministic,joint_triangular_l1,assumption__radius_min__noise_deterministic__scale_150,broad_or_stress_assumption,True,True,joint_triangular_l5,True,0,-304.27193199999965,-304.27193199999965,2.7520574620696214,11056.162024,10751.890092
round-stress-p4-0009-03a1900cc3ff6b7f,4,stress,stress_design,development,deterministic,joint_triangular_l2,assumption__radius_min__noise_deterministic__scale_150,broad_or_stress_assumption,True,True,joint_triangular_l5,True,0,-297.2078929999989,-297.2078929999989,2.688165136824508,11056.162024,10758.954131
round-stress-p4-0009-03a1900cc3ff6b7f,4,stress,stress_design,development,deterministic,joint_triangular_l3,assumption__radius_min__noise_deterministic__scale_150,broad_or_stress_assumption,True,True,joint_triangular_l5,True,0,-223.86503300000004,-223.86503300000004,2.0247987729742776,11056.162024,10832.296991
round-stress-p4-0011-08edf76e6315472b,4,stress,stress_design,development,extreme,joint_triangular_l1,assumption__radius_min__noise_extreme__scale_150,broad_or_stress_assumption,True,True,joint_triangular_l5,True,0,-419.1566779999994,-419.1566779999994,3.6280265686223467,11553.296815,11134.140137
round-stress-p4-0011-08edf76e6315472b,4,stress,stress_design,development,extreme,joint_triangular_l2,assumption__radius_min__noise_extreme__scale_150,broad_or_stress_assumption,True,True,joint_triangular_l5,True,0,-62.22563900000023,-62.22563900000023,0.538596385052713,11553.296815,11491.071176
round-stress-p4-0011-08edf76e6315472b,4,stress,stress_design,development,extreme,joint_triangular_l3,assumption__radius_min__noise_extreme__scale_150,broad_or_stress_assumption,True,True,joint_triangular_l5,True,0,77.97934600000008,77.97934600000008,-0.6749531951672626,11553.296815,11631.276161
round-stress-p4-0012-a42f8312f00e4b9b,4,stress,stress_design,development,deterministic,joint_triangular_l1,assumption__radius_max__noise_deterministic__scale_150,broad_or_stress_assumption,True,True,joint_triangular_l5,True,0,-340.9841610000003,-340.9841610000003,3.141923226887705,10852.720973,10511.736812
round-stress-p4-0012-a42f8312f00e4b9b,4,stress,stress_design,development,deterministic,joint_triangular_l2,assumption__radius_max__noise_deterministic__scale_150,broad_or_stress_assumption,True,True,joint_triangular_l5,True,0,-187.28244599999925,-187.28244599999925,1.725672727290519,10852.720973,10665.438527
round-stress-p4-0012-a42f8312f00e4b9b,4,stress,stress_design,development,deterministic,joint_triangular_l3,assumption__radius_max__noise_deterministic__scale_150,broad_or_stress_assumption,True,True,joint_triangular_l5,True,0,-484.84446599999865,-484.84446599999865,4.467492228043286,10852.720973,10367.876507
round-stress-p4-0013-874bc0a4f73e01eb,4,stress,stress_design,development,correlated,joint_triangular_l1,assumption__radius_max__noise_correlated__scale_150,broad_or_stress_assumption,True,True,joint_triangular_l5,True,0,-245.6071780000002,-245.6071780000002,2.0772294227329295,11823.786786,11578.179608
round-stress-p4-0013-874bc0a4f73e01eb,4,stress,stress_design,development,correlated,joint_triangular_l2,assumption__radius_max__noise_correlated__scale_150,broad_or_stress_assumption,True,True,joint_triangular_l5,True,0,-551.1622370000005,-551.1622370000005,4.661469687973452,11823.786786,11272.624549
round-stress-p4-0013-874bc0a4f73e01eb,4,stress,stress_design,development,correlated,joint_triangular_l3,assumption__radius_max__noise_correlated__scale_150,broad_or_stress_assumption,True,True,joint_triangular_l5,True,0,-420.69538100000136,-420.69538100000136,3.5580426864439683,11823.786786,11403.091405
round-stress-p4-0016-4c364a5655f73a73,4,stress,stress_design,development,correlated,joint_triangular_l1,assumption__radius_mixed__noise_correlated__scale_150,broad_or_stress_assumption,True,True,joint_triangular_l5,True,0,4.411228000000847,4.411228000000847,-0.046750060079792446,9435.769692,9440.18092
round-stress-p4-0016-4c364a5655f73a73,4,stress,stress_design,development,correlated,joint_triangular_l2,assumption__radius_mixed__noise_correlated__scale_150,broad_or_stress_assumption,True,True,joint_triangular_l5,True,0,-19.285744000000705,-19.285744000000705,0.20438972791326057,9435.769692,9416.483948
round-stress-p4-0016-4c364a5655f73a73,4,stress,stress_design,development,correlated,joint_triangular_l3,assumption__radius_mixed__noise_correlated__scale_150,broad_or_stress_assumption,True,True,joint_triangular_l5,True,0,14.4674959999993,14.4674959999993,-0.1533260822618995,9435.769692,9450.237188
round-stress-p4-0017-938fdfe15081577a,4,stress,stress_design,development,extreme,joint_triangular_l1,assumption__radius_mixed__noise_extreme__scale_150,broad_or_stress_assumption,True,True,joint_triangular_l5,True,0,323.6897260000005,323.6897260000005,-3.095641054276576,10456.306798,10779.996524
round-stress-p4-0017-938fdfe15081577a,4,stress,stress_design,development,extreme,joint_triangular_l2,assumption__radius_mixed__noise_extreme__scale_150,broad_or_stress_assumption,True,True,joint_triangular_l5,True,0,391.44647199999963,391.44647199999963,-3.743639887028491,10456.306798,10847.75327
round-stress-p4-0017-938fdfe15081577a,4,stress,stress_design,development,extreme,joint_triangular_l3,assumption__radius_mixed__noise_extreme__scale_150,broad_or_stress_assumption,True,True,joint_triangular_l5,True,0,103.89965800000027,103.89965800000027,-0.9936554082352804,10456.306798,10560.206456
round-stress-p4-0019-67ce1172f547272d,4,stress,stress_design,development,correlated,joint_triangular_l1,assumption__radius_min__noise_correlated__scale_300,broad_or_stress_assumption,True,True,joint_triangular_l5,True,0,-556.8253940000013,-556.8253940000013,4.6820305214743545,11892.818542,11335.993148
round-stress-p4-0019-67ce1172f547272d,4,stress,stress_design,development,correlated,joint_triangular_l2,assumption__radius_min__noise_correlated__scale_300,broad_or_stress_assumption,True,True,joint_triangular_l5,True,0,-452.1608060000017,-452.1608060000017,3.8019650632285047,11892.818542,11440.657736
round-stress-p4-0019-67ce1172f547272d,4,stress,stress_design,development,correlated,joint_triangular_l3,assumption__radius_min__noise_correlated__scale_300,broad_or_stress_assumption,True,True,joint_triangular_l5,True,0,-279.8145450000011,-279.8145450000011,2.352802609506098,11892.818542,11613.003997
round-stress-p4-0020-4e199213594cf0cd,4,stress,stress_design,development,extreme,joint_triangular_l1,assumption__radius_min__noise_extreme__scale_300,broad_or_stress_assumption,True,True,joint_triangular_l5,True,0,1279.6004510000002,1279.6004510000002,-11.448491763732243,11177.022069,12456.62252
round-stress-p4-0020-4e199213594cf0cd,4,stress,stress_design,development,extreme,joint_triangular_l2,assumption__radius_min__noise_extreme__scale_300,broad_or_stress_assumption,True,True,joint_triangular_l5,True,0,9.679926999999225,9.679926999999225,-0.08660559977641057,11177.022069,11186.701996
round-stress-p4-0020-4e199213594cf0cd,4,stress,stress_design,development,extreme,joint_triangular_l3,assumption__radius_min__noise_extreme__scale_300,broad_or_stress_assumption,True,True,joint_triangular_l5,True,0,-218.43751500000144,-218.43751500000144,1.9543444904331737,11177.022069,10958.584554
round-stress-p4-0021-8e2b8281f08b9e73,4,stress,stress_design,development,deterministic,joint_triangular_l1,assumption__radius_max__noise_deterministic__scale_300,broad_or_stress_assumption,True,True,joint_triangular_l5,True,0,-159.9146290000008,-159.9146290000008,1.525205768330027,10484.790467,10324.875838
round-stress-p4-0021-8e2b8281f08b9e73,4,stress,stress_design,development,deterministic,joint_triangular_l2,assumption__radius_max__noise_deterministic__scale_300,broad_or_stress_assumption,True,True,joint_triangular_l5,True,0,-135.87507300000107,-135.87507300000107,1.2959254972968366,10484.790467,10348.915394
round-stress-p4-0021-8e2b8281f08b9e73,4,stress,stress_design,development,deterministic,joint_triangular_l3,assumption__radius_max__noise_deterministic__scale_300,broad_or_stress_assumption,True,True,joint_triangular_l5,True,0,-109.22157400000106,-109.22157400000106,1.0417144180779463,10484.790467,10375.568893
round-stress-p4-0022-8534b8b0defc45d3,4,stress,stress_design,development,correlated,joint_triangular_l1,assumption__radius_max__noise_correlated__scale_300,broad_or_stress_assumption,True,True,joint_triangular_l5,True,0,-65.48883399999977,-65.48883399999977,0.628159765099169,10425.506,10360.017166
round-stress-p4-0022-8534b8b0defc45d3,4,stress,stress_design,development,correlated,joint_triangular_l2,assumption__radius_max__noise_correlated__scale_300,broad_or_stress_assumption,True,True,joint_triangular_l5,True,0,-219.64036399999895,-219.64036399999895,2.1067597486395284,10425.506,10205.865636
round-stress-p4-0022-8534b8b0defc45d3,4,stress,stress_design,development,correlated,joint_triangular_l3,assumption__radius_max__noise_correlated__scale_300,broad_or_stress_assumption,True,True,joint_triangular_l5,True,0,-168.45676300000014,-168.45676300000014,1.6158137840024278,10425.506,10257.049237
round-stress-p4-0024-775fc71f250c0c95,4,stress,stress_design,development,deterministic,joint_triangular_l1,assumption__radius_mixed__noise_deterministic__scale_300,broad_or_stress_assumption,True,True,joint_triangular_l5,True,0,-619.1398109999991,-619.1398109999991,5.008631443034271,12361.456778,11742.316967
round-stress-p4-0024-775fc71f250c0c95,4,stress,stress_design,development,deterministic,joint_triangular_l2,assumption__radius_mixed__noise_deterministic__scale_300,broad_or_stress_assumption,True,True,joint_triangular_l5,True,0,-540.7982639999991,-540.7982639999991,4.374874852634453,12361.456778,11820.658514
round-stress-p4-0024-775fc71f250c0c95,4,stress,stress_design,development,deterministic,joint_triangular_l3,assumption__radius_mixed__noise_deterministic__scale_300,broad_or_stress_assumption,True,True,joint_triangular_l5,True,0,-347.2328959999995,-347.2328959999995,2.808996562751235,12361.456778,12014.223882
round-stress-p4-0025-1f155e3b77ba6646,4,stress,stress_design,development,correlated,joint_triangular_l1,assumption__radius_mixed__noise_correlated__scale_300,broad_or_stress_assumption,True,True,joint_triangular_l5,True,0,-782.215091,-782.215091,6.333905009919181,12349.649857,11567.434766
round-stress-p4-0025-1f155e3b77ba6646,4,stress,stress_design,development,correlated,joint_triangular_l2,assumption__radius_mixed__noise_correlated__scale_300,broad_or_stress_assumption,True,True,joint_triangular_l5,True,0,-646.3191040000002,-646.3191040000002,5.233501447279131,12349.649857,11703.330753
round-stress-p4-0025-1f155e3b77ba6646,4,stress,stress_design,development,correlated,joint_triangular_l3,assumption__radius_mixed__noise_correlated__scale_300,broad_or_stress_assumption,True,True,joint_triangular_l5,True,0,-430.12774399999944,-430.12774399999944,3.4829144872977547,12349.649857,11919.522113
round-stress-p4-0027-80edca33eae1d44f,4,stress,stress_design,development,deterministic,joint_triangular_l1,assumption__radius_min__noise_deterministic__scale_75,broad_or_stress_assumption,True,True,joint_triangular_l5,True,0,-297.90009699999973,-297.90009699999973,2.838405025144004,10495.334329,10197.434232
round-stress-p4-0027-80edca33eae1d44f,4,stress,stress_design,development,deterministic,joint_triangular_l2,assumption__radius_min__noise_deterministic__scale_75,broad_or_stress_assumption,True,True,joint_triangular_l5,True,0,-273.0821099999994,-273.0821099999994,2.6019381702347233,10495.334329,10222.252219
round-stress-p4-0027-80edca33eae1d44f,4,stress,stress_design,development,deterministic,joint_triangular_l3,assumption__radius_min__noise_deterministic__scale_75,broad_or_stress_assumption,True,True,joint_triangular_l5,True,0,-150.32628099999965,-150.32628099999965,1.4323153154314314,10495.334329,10345.008048
round-stress-p4-0028-51a9f25da746b2a7,4,stress,stress_design,development,correlated,joint_triangular_l1,assumption__radius_min__noise_correlated__scale_75,broad_or_stress_assumption,True,True,joint_triangular_l5,True,0,-514.9146229999988,-514.9146229999988,4.353822339222899,11826.725642,11311.811019
round-stress-p4-0028-51a9f25da746b2a7,4,stress,stress_design,development,correlated,joint_triangular_l2,assumption__radius_min__noise_correlated__scale_75,broad_or_stress_assumption,True,True,joint_triangular_l5,True,0,-559.6664039999996,-559.6664039999996,4.732217698637299,11826.725642,11267.059238
round-stress-p4-0028-51a9f25da746b2a7,4,stress,stress_design,development,correlated,joint_triangular_l3,assumption__radius_min__noise_correlated__scale_75,broad_or_stress_assumption,True,True,joint_triangular_l5,True,0,-377.1043869999994,-377.1043869999994,3.188578127328807,11826.725642,11449.621255
round-stress-p4-0029-fb058c363a6e9fa8,4,stress,stress_design,development,extreme,joint_triangular_l1,assumption__radius_min__noise_extreme__scale_75,broad_or_stress_assumption,True,True,joint_triangular_l5,True,0,-131.95133899999928,-131.95133899999928,1.3091976770075366,10078.794159,9946.84282
round-stress-p4-0029-fb058c363a6e9fa8,4,stress,stress_design,development,extreme,joint_triangular_l2,assumption__radius_min__noise_extreme__scale_75,broad_or_stress_assumption,True,True,joint_triangular_l5,True,0,-107.18284499999936,-107.18284499999936,1.0634490923131807,10078.794159,9971.611314
round-stress-p4-0029-fb058c363a6e9fa8,4,stress,stress_design,development,extreme,joint_triangular_l3,assumption__radius_min__noise_extreme__scale_75,broad_or_stress_assumption,True,True,joint_triangular_l5,True,0,-37.63018699999884,-37.63018699999884,0.3733600111913829,10078.794159,10041.163972
round-stress-p4-0030-83db2511adf5033d,4,stress,stress_design,development,deterministic,joint_triangular_l1,assumption__radius_max__noise_deterministic__scale_75,broad_or_stress_assumption,True,True,joint_triangular_l5,True,0,-366.49856799999907,-366.49856799999907,3.405276126530831,10762.668118,10396.16955
round-stress-p4-0030-83db2511adf5033d,4,stress,stress_design,development,deterministic,joint_triangular_l2,assumption__radius_max__noise_deterministic__scale_75,broad_or_stress_assumption,True,True,joint_triangular_l5,True,0,-260.952084999999,-260.952084999999,2.4246040307009955,10762.668118,10501.716033
round-stress-p4-0030-83db2511adf5033d,4,stress,stress_design,development,deterministic,joint_triangular_l3,assumption__radius_max__noise_deterministic__scale_75,broad_or_stress_assumption,True,True,joint_triangular_l5,True,0,-189.43098699999973,-189.43098699999973,1.7600745923140222,10762.668118,10573.237131
round-stress-p4-0031-2dd56a7faed5ca82,4,stress,stress_design,development,correlated,joint_triangular_l1,assumption__radius_max__noise_correlated__scale_75,broad_or_stress_assumption,True,True,joint_triangular_l5,True,0,1.7167030000000523,1.7167030000000523,-0.016832214857946975,10198.913301,10200.630004
round-stress-p4-0031-2dd56a7faed5ca82,4,stress,stress_design,development,correlated,joint_triangular_l2,assumption__radius_max__noise_correlated__scale_75,broad_or_stress_assumption,True,True,joint_triangular_l5,True,0,55.32503799999904,55.32503799999904,-0.542460126556566,10198.913301,10254.238339
round-stress-p4-0031-2dd56a7faed5ca82,4,stress,stress_design,development,correlated,joint_triangular_l3,assumption__radius_max__noise_correlated__scale_75,broad_or_stress_assumption,True,True,joint_triangular_l5,True,0,-190.2588590000014,-190.2588590000014,1.865481678144539,10198.913301,10008.654442
round-stress-p4-0032-8943486c25f5d45e,4,stress,stress_design,development,extreme,joint_triangular_l1,assumption__radius_max__noise_extreme__scale_75,broad_or_stress_assumption,True,True,joint_triangular_l5,True,0,211.08348599999954,211.08348599999954,-2.0444165789294138,10324.876455,10535.959941
round-stress-p4-0032-8943486c25f5d45e,4,stress,stress_design,development,extreme,joint_triangular_l2,assumption__radius_max__noise_extreme__scale_75,broad_or_stress_assumption,True,True,joint_triangular_l5,True,0,-127.47094399999878,-127.47094399999878,1.2346001867970902,10324.876455,10197.405511
round-stress-p4-0032-8943486c25f5d45e,4,stress,stress_design,development,extreme,joint_triangular_l3,assumption__radius_max__noise_extreme__scale_75,broad_or_stress_assumption,True,True,joint_triangular_l5,True,0,-69.97655499999928,-69.97655499999928,0.6777471411399981,10324.876455,10254.8999
round-stress-p4-0033-3d981ab1df0c1c23,4,stress,stress_design,development,deterministic,joint_triangular_l1,assumption__radius_mixed__noise_deterministic__scale_75,broad_or_stress_assumption,True,True,joint_triangular_l5,True,0,-487.68196200000057,-487.68196200000057,4.298921843342744,11344.285376,10856.603414
round-stress-p4-0033-3d981ab1df0c1c23,4,stress,stress_design,development,deterministic,joint_triangular_l2,assumption__radius_mixed__noise_deterministic__scale_75,broad_or_stress_assumption,True,True,joint_triangular_l5,True,0,-345.9569049999991,-345.9569049999991,3.0496139116167376,11344.285376,10998.328471
round-stress-p4-0033-3d981ab1df0c1c23,4,stress,stress_design,development,deterministic,joint_triangular_l3,assumption__radius_mixed__noise_deterministic__scale_75,broad_or_stress_assumption,True,True,joint_triangular_l5,True,0,-267.99233900000036,-267.99233900000036,2.3623554073045945,11344.285376,11076.293037
round-stress-p4-0034-6577760931fe886b,4,stress,stress_design,development,correlated,joint_triangular_l1,assumption__radius_mixed__noise_correlated__scale_75,broad_or_stress_assumption,True,True,joint_triangular_l5,True,0,-803.1434799999988,-803.1434799999988,7.25759027566449,11066.255458,10263.111978
round-stress-p4-0034-6577760931fe886b,4,stress,stress_design,development,correlated,joint_triangular_l2,assumption__radius_mixed__noise_correlated__scale_75,broad_or_stress_assumption,True,True,joint_triangular_l5,True,0,-498.88232400000015,-498.88232400000015,4.508140318045423,11066.255458,10567.373134
round-stress-p4-0034-6577760931fe886b,4,stress,stress_design,development,correlated,joint_triangular_l3,assumption__radius_mixed__noise_correlated__scale_75,broad_or_stress_assumption,True,True,joint_triangular_l5,True,0,-363.5356950000005,-363.5356950000005,3.2850831645784377,11066.255458,10702.719763
round-stress-p4-0035-8235761594af3fa4,4,stress,stress_design,development,extreme,joint_triangular_l1,assumption__radius_mixed__noise_extreme__scale_75,broad_or_stress_assumption,True,True,joint_triangular_l5,True,0,-108.78005200000007,-108.78005200000007,0.9795435804857061,11105.177367,10996.397315
round-stress-p4-0035-8235761594af3fa4,4,stress,stress_design,development,extreme,joint_triangular_l2,assumption__radius_mixed__noise_extreme__scale_75,broad_or_stress_assumption,True,True,joint_triangular_l5,True,0,-302.5101140000006,-302.5101140000006,2.724045767147634,11105.177367,10802.667253
round-stress-p4-0035-8235761594af3fa4,4,stress,stress_design,development,extreme,joint_triangular_l3,assumption__radius_mixed__noise_extreme__scale_75,broad_or_stress_assumption,True,True,joint_triangular_l5,True,0,-203.93969800000013,-203.93969800000013,1.8364380077892737,11105.177367,10901.237669
round-stress-p4-0036-d5415b51a6303dba,4,stress,stress_design,development,deterministic,joint_triangular_l1,assumption__radius_min__noise_deterministic__scale_150,broad_or_stress_assumption,True,True,joint_triangular_l5,True,0,-532.8720170000015,-532.8720170000015,4.651970110396354,11454.76012,10921.888103
round-stress-p4-0036-d5415b51a6303dba,4,stress,stress_design,development,deterministic,joint_triangular_l2,assumption__radius_min__noise_deterministic__scale_150,broad_or_stress_assumption,True,True,joint_triangular_l5,True,0,-401.6565660000015,-401.6565660000015,3.5064598629063344,11454.76012,11053.103554
round-stress-p4-0036-d5415b51a6303dba,4,stress,stress_design,development,deterministic,joint_triangular_l3,assumption__radius_min__noise_deterministic__scale_150,broad_or_stress_assumption,True,True,joint_triangular_l5,True,0,-296.85778500000015,-296.85778500000015,2.5915670157220205,11454.76012,11157.902335
round-stress-p4-0037-79965a92dc76aa78,4,stress,stress_design,development,correlated,joint_triangular_l1,assumption__radius_min__noise_correlated__scale_150,broad_or_stress_assumption,True,True,joint_triangular_l5,True,0,-420.76418100000046,-420.76418100000046,3.821972690397488,11009.083923,10588.319742
round-stress-p4-0037-79965a92dc76aa78,4,stress,stress_design,development,correlated,joint_triangular_l2,assumption__radius_min__noise_correlated__scale_150,broad_or_stress_assumption,True,True,joint_triangular_l5,True,0,-341.6862629999996,-341.6862629999996,3.1036757044439836,11009.083923,10667.39766
round-stress-p4-0037-79965a92dc76aa78,4,stress,stress_design,development,correlated,joint_triangular_l3,assumption__radius_min__noise_correlated__scale_150,broad_or_stress_assumption,True,True,joint_triangular_l5,True,0,-255.7131730000001,-255.7131730000001,2.322747058597385,11009.083923,10753.37075
round-stress-p4-0038-7488d7011f2306d2,4,stress,stress_design,development,extreme,joint_triangular_l1,assumption__radius_min__noise_extreme__scale_150,broad_or_stress_assumption,True,True,joint_triangular_l5,True,0,-241.60685700000067,-241.60685700000067,2.023628526899687,11939.288945,11697.682088
round-stress-p4-0038-7488d7011f2306d2,4,stress,stress_design,development,extreme,joint_triangular_l2,assumption__radius_min__noise_extreme__scale_150,broad_or_stress_assumption,True,True,joint_triangular_l5,True,0,-170.63137199999983,-170.63137199999983,1.4291585770814077,11939.288945,11768.657573
round-stress-p4-0038-7488d7011f2306d2,4,stress,stress_design,development,extreme,joint_triangular_l3,assumption__radius_min__noise_extreme__scale_150,broad_or_stress_assumption,True,True,joint_triangular_l5,True,0,-103.08261200000015,-103.08261200000015,0.8633898758532822,11939.288945,11836.206333
round-stress-p4-0039-523dcb0240fa154b,4,stress,stress_design,development,deterministic,joint_triangular_l1,assumption__radius_max__noise_deterministic__scale_150,broad_or_stress_assumption,True,True,joint_triangular_l5,True,0,-561.7429920000013,-561.7429920000013,5.9974606406028865,9366.347287,8804.604295
round-stress-p4-0039-523dcb0240fa154b,4,stress,stress_design,development,deterministic,joint_triangular_l2,assumption__radius_max__noise_deterministic__scale_150,broad_or_stress_assumption,True,True,joint_triangular_l5,True,0,-380.87726099999963,-380.87726099999963,4.066443933043539,9366.347287,8985.470026
round-stress-p4-0039-523dcb0240fa154b,4,stress,stress_design,development,deterministic,joint_triangular_l3,assumption__radius_max__noise_deterministic__scale_150,broad_or_stress_assumption,True,True,joint_triangular_l5,True,0,-261.5311149999998,-261.5311149999998,2.7922423436401003,9366.347287,9104.816172
round-stress-p4-0041-e69b385b90707156,4,stress,stress_design,development,extreme,joint_triangular_l1,assumption__radius_max__noise_extreme__scale_150,broad_or_stress_assumption,True,True,joint_triangular_l5,True,0,-247.82044499999938,-247.82044499999938,2.514985115657859,9853.753943,9605.933498
round-stress-p4-0041-e69b385b90707156,4,stress,stress_design,development,extreme,joint_triangular_l2,assumption__radius_max__noise_extreme__scale_150,broad_or_stress_assumption,True,True,joint_triangular_l5,True,0,-216.21902299999965,-216.21902299999965,2.194280720329934,9853.753943,9637.53492
round-stress-p4-0041-e69b385b90707156,4,stress,stress_design,development,extreme,joint_triangular_l3,assumption__radius_max__noise_extreme__scale_150,broad_or_stress_assumption,True,True,joint_triangular_l5,True,0,-152.85575400000016,-152.85575400000016,1.551243869942452,9853.753943,9700.898189
round-stress-p4-0042-9fba976ddf65ae49,4,stress,stress_design,development,deterministic,joint_triangular_l1,assumption__radius_mixed__noise_deterministic__scale_150,broad_or_stress_assumption,True,True,joint_triangular_l5,True,0,-390.20355799999925,-390.20355799999925,3.5497671931886985,10992.370394,10602.166836
round-stress-p4-0042-9fba976ddf65ae49,4,stress,stress_design,development,deterministic,joint_triangular_l2,assumption__radius_mixed__noise_deterministic__scale_150,broad_or_stress_assumption,True,True,joint_triangular_l5,True,0,-290.84642600000006,-290.84642600000006,2.645893611433924,10992.370394,10701.523968
round-stress-p4-0042-9fba976ddf65ae49,4,stress,stress_design,development,deterministic,joint_triangular_l3,assumption__radius_mixed__noise_deterministic__scale_150,broad_or_stress_assumption,True,True,joint_triangular_l5,True,0,-177.48510199999873,-177.48510199999873,1.6146208291605237,10992.370394,10814.885292
round-stress-p4-0044-15432b55c72ef771,4,stress,stress_design,development,extreme,joint_triangular_l1,assumption__radius_mixed__noise_extreme__scale_150,broad_or_stress_assumption,True,True,joint_triangular_l5,True,0,841.7949979999994,841.7949979999994,-7.582828747114174,11101.33205,11943.127048
round-stress-p4-0044-15432b55c72ef771,4,stress,stress_design,development,extreme,joint_triangular_l2,assumption__radius_mixed__noise_extreme__scale_150,broad_or_stress_assumption,True,True,joint_triangular_l5,True,0,-126.9799920000005,-126.9799920000005,1.1438266275442188,11101.33205,10974.352058
round-stress-p4-0044-15432b55c72ef771,4,stress,stress_design,development,extreme,joint_triangular_l3,assumption__radius_mixed__noise_extreme__scale_150,broad_or_stress_assumption,True,True,joint_triangular_l5,True,0,-97.48365300000114,-97.48365300000114,0.8781257290651092,11101.33205,11003.848397
round-stress-p4-0045-1636805c5f7f5dec,4,stress,stress_design,development,deterministic,joint_triangular_l1,assumption__radius_min__noise_deterministic__scale_300,broad_or_stress_assumption,True,True,joint_triangular_l5,True,0,-279.007576,-279.007576,2.478431483152792,11257.425428,10978.417852
round-stress-p4-0045-1636805c5f7f5dec,4,stress,stress_design,development,deterministic,joint_triangular_l2,assumption__radius_min__noise_deterministic__scale_300,broad_or_stress_assumption,True,True,joint_triangular_l5,True,0,-192.18769200000133,-192.18769200000133,1.7072082176265901,11257.425428,11065.237736
round-stress-p4-0045-1636805c5f7f5dec,4,stress,stress_design,development,deterministic,joint_triangular_l3,assumption__radius_min__noise_deterministic__scale_300,broad_or_stress_assumption,True,True,joint_triangular_l5,True,0,-157.8918649999996,-157.8918649999996,1.402557503132852,11257.425428,11099.533563
round-stress-p4-0046-9e863b660784d786,4,stress,stress_design,development,correlated,joint_triangular_l1,assumption__radius_min__noise_correlated__scale_300,broad_or_stress_assumption,True,True,joint_triangular_l5,True,0,165.17558199999985,165.17558199999985,-1.702935197353194,9699.463741,9864.639323
round-stress-p4-0046-9e863b660784d786,4,stress,stress_design,development,correlated,joint_triangular_l2,assumption__radius_min__noise_correlated__scale_300,broad_or_stress_assumption,True,True,joint_triangular_l5,True,0,180.3804739999996,180.3804739999996,-1.859695327665637,9699.463741,9879.844215
round-stress-p4-0046-9e863b660784d786,4,stress,stress_design,development,correlated,joint_triangular_l3,assumption__radius_min__noise_correlated__scale_300,broad_or_stress_assumption,True,True,joint_triangular_l5,True,0,214.9478049999998,214.9478049999998,-2.2160792672630683,9699.463741,9914.411546
round-stress-p4-0047-1b52a2381f1d43fb,4,stress,stress_design,development,extreme,joint_triangular_l1,assumption__radius_min__noise_extreme__scale_300,broad_or_stress_assumption,True,True,joint_triangular_l5,True,0,-897.6268940000009,-897.6268940000009,7.63045538303272,11763.739501,10866.112607
round-stress-p4-0047-1b52a2381f1d43fb,4,stress,stress_design,development,extreme,joint_triangular_l2,assumption__radius_min__noise_extreme__scale_300,broad_or_stress_assumption,True,True,joint_triangular_l5,True,0,-313.21277499999997,-313.21277499999997,2.6625272939219258,11763.739501,11450.526726
round-stress-p4-0047-1b52a2381f1d43fb,4,stress,stress_design,development,extreme,joint_triangular_l3,assumption__radius_min__noise_extreme__scale_300,broad_or_stress_assumption,True,True,joint_triangular_l5,True,0,-206.07519800000046,-206.07519800000046,1.7517830786926438,11763.739501,11557.664303
round-stress-p4-0049-2321cc9710f6ee90,4,stress,stress_design,development,correlated,joint_triangular_l1,assumption__radius_max__noise_correlated__scale_300,broad_or_stress_assumption,True,True,joint_triangular_l5,True,0,-677.1060340000004,-677.1060340000004,5.597930947958796,12095.648201,11418.542167
round-stress-p4-0049-2321cc9710f6ee90,4,stress,stress_design,development,correlated,joint_triangular_l2,assumption__radius_max__noise_correlated__scale_300,broad_or_stress_assumption,True,True,joint_triangular_l5,True,0,-593.9475380000003,-593.9475380000003,4.910423386411785,12095.648201,11501.700663
round-stress-p4-0049-2321cc9710f6ee90,4,stress,stress_design,development,correlated,joint_triangular_l3,assumption__radius_max__noise_correlated__scale_300,broad_or_stress_assumption,True,True,joint_triangular_l5,True,0,-440.9675329999991,-440.9675329999991,3.6456709526616553,12095.648201,11654.680668
round-stress-p4-0050-bcb68e713cd635d7,4,stress,stress_design,development,extreme,joint_triangular_l1,assumption__radius_max__noise_extreme__scale_300,broad_or_stress_assumption,True,True,joint_triangular_l5,True,0,-485.2130960000013,-485.2130960000013,3.4754400384414987,13961.198888,13475.985792
round-stress-p4-0050-bcb68e713cd635d7,4,stress,stress_design,development,extreme,joint_triangular_l2,assumption__radius_max__noise_extreme__scale_300,broad_or_stress_assumption,True,True,joint_triangular_l5,True,0,-177.88839700000062,-177.88839700000062,1.2741627594239069,13961.198888,13783.310491
round-stress-p4-0050-bcb68e713cd635d7,4,stress,stress_design,development,extreme,joint_triangular_l3,assumption__radius_max__noise_extreme__scale_300,broad_or_stress_assumption,True,True,joint_triangular_l5,True,0,-43.8402700000006,-43.8402700000006,0.3140150810234672,13961.198888,13917.358618
round-stress-p4-0051-e762cc8b45067241,4,stress,stress_design,development,deterministic,joint_triangular_l1,assumption__radius_mixed__noise_deterministic__scale_300,broad_or_stress_assumption,True,True,joint_triangular_l5,True,0,-455.6660179999999,-455.6660179999999,3.919409808260769,11625.883495,11170.217477
round-stress-p4-0051-e762cc8b45067241,4,stress,stress_design,development,deterministic,joint_triangular_l2,assumption__radius_mixed__noise_deterministic__scale_300,broad_or_stress_assumption,True,True,joint_triangular_l5,True,0,-325.5998440000003,-325.5998440000003,2.800646025224944,11625.883495,11300.283651
round-stress-p4-0051-e762cc8b45067241,4,stress,stress_design,development,deterministic,joint_triangular_l3,assumption__radius_mixed__noise_deterministic__scale_300,broad_or_stress_assumption,True,True,joint_triangular_l5,True,0,-263.1519420000004,-263.1519420000004,2.2635005942832254,11625.883495,11362.731553
round-stress-p4-0052-aa7dd5823db2836e,4,stress,stress_design,development,correlated,joint_triangular_l1,assumption__radius_mixed__noise_correlated__scale_300,broad_or_stress_assumption,True,True,joint_triangular_l5,True,0,-483.0756359999996,-483.0756359999996,5.041582564450133,9581.825346,9098.74971
round-stress-p4-0052-aa7dd5823db2836e,4,stress,stress_design,development,correlated,joint_triangular_l2,assumption__radius_mixed__noise_correlated__scale_300,broad_or_stress_assumption,True,True,joint_triangular_l5,True,0,-43.15891600000032,-43.15891600000032,0.4504247827687374,9581.825346,9538.66643
round-stress-p4-0052-aa7dd5823db2836e,4,stress,stress_design,development,correlated,joint_triangular_l3,assumption__radius_mixed__noise_correlated__scale_300,broad_or_stress_assumption,True,True,joint_triangular_l5,True,0,-509.8036199999988,-509.8036199999988,5.320527160441511,9581.825346,9072.021726
round-stress-p4-0053-bb56369a0d0f89a1,4,stress,stress_design,development,extreme,joint_triangular_l1,assumption__radius_mixed__noise_extreme__scale_300,broad_or_stress_assumption,True,True,joint_triangular_l5,True,0,529.1117840000006,529.1117840000006,-5.763126665186633,9180.984815,9710.096599
round-stress-p4-0053-bb56369a0d0f89a1,4,stress,stress_design,development,extreme,joint_triangular_l2,assumption__radius_mixed__noise_extreme__scale_300,broad_or_stress_assumption,True,True,joint_triangular_l5,True,0,-157.64005499999985,-157.64005499999985,1.7170277282503037,9180.984815,9023.34476
round-stress-p4-0053-bb56369a0d0f89a1,4,stress,stress_design,development,extreme,joint_triangular_l3,assumption__radius_mixed__noise_extreme__scale_300,broad_or_stress_assumption,True,True,joint_triangular_l5,True,0,-95.00084400000014,-95.00084400000014,1.034756574749875,9180.984815,9085.983971
round-stress-p4-0054-ec4d2f6adcb2d26b,4,stress,stress_design,development,deterministic,joint_triangular_l1,assumption__radius_min__noise_deterministic__scale_75,broad_or_stress_assumption,True,True,joint_triangular_l5,True,0,-604.4473010000002,-604.4473010000002,5.237603820547408,11540.531161,10936.08386
round-stress-p4-0054-ec4d2f6adcb2d26b,4,stress,stress_design,development,deterministic,joint_triangular_l2,assumption__radius_min__noise_deterministic__scale_75,broad_or_stress_assumption,True,True,joint_triangular_l5,True,0,-465.2095079999999,-465.2095079999999,4.031092689841921,11540.531161,11075.321653
round-stress-p4-0054-ec4d2f6adcb2d26b,4,stress,stress_design,development,deterministic,joint_triangular_l3,assumption__radius_min__noise_deterministic__scale_75,broad_or_stress_assumption,True,True,joint_triangular_l5,True,0,-361.45183500000167,-361.45183500000167,3.1320207879294997,11540.531161,11179.079326
round-stress-p4-0055-95ea0f0b106c867f,4,stress,stress_design,development,correlated,joint_triangular_l1,assumption__radius_min__noise_correlated__scale_75,broad_or_stress_assumption,True,True,joint_triangular_l5,True,0,-242.3954880000001,-242.3954880000001,2.123742610927357,11413.600064,11171.204576
round-stress-p4-0055-95ea0f0b106c867f,4,stress,stress_design,development,correlated,joint_triangular_l2,assumption__radius_min__noise_correlated__scale_75,broad_or_stress_assumption,True,True,joint_triangular_l5,True,0,-126.30685900000026,-126.30685900000026,1.1066347015118283,11413.600064,11287.293205
round-stress-p4-0055-95ea0f0b106c867f,4,stress,stress_design,development,correlated,joint_triangular_l3,assumption__radius_min__noise_correlated__scale_75,broad_or_stress_assumption,True,True,joint_triangular_l5,True,0,-245.38794600000074,-245.38794600000074,2.1499609643234887,11413.600064,11168.212118
round-stress-p4-0057-acf538351e388d69,4,stress,stress_design,development,deterministic,joint_triangular_l1,assumption__radius_max__noise_deterministic__scale_75,broad_or_stress_assumption,True,True,joint_triangular_l5,True,0,-354.2229890000017,-354.2229890000017,3.298331651016207,10739.459414,10385.236425
round-stress-p4-0057-acf538351e388d69,4,stress,stress_design,development,deterministic,joint_triangular_l2,assumption__radius_max__noise_deterministic__scale_75,broad_or_stress_assumption,True,True,joint_triangular_l5,True,0,-254.09972400000152,-254.09972400000152,2.3660383097938444,10739.459414,10485.35969
round-stress-p4-0057-acf538351e388d69,4,stress,stress_design,development,deterministic,joint_triangular_l3,assumption__radius_max__noise_deterministic__scale_75,broad_or_stress_assumption,True,True,joint_triangular_l5,True,0,-184.1514790000001,-184.1514790000001,1.7147183289313384,10739.459414,10555.307935
round-stress-p4-0058-e8b230c99f4535a2,4,stress,stress_design,development,correlated,joint_triangular_l1,assumption__radius_max__noise_correlated__scale_75,broad_or_stress_assumption,True,True,joint_triangular_l5,True,0,0.0,0.0,0.0,9118.769424,9118.769424
round-stress-p4-0058-e8b230c99f4535a2,4,stress,stress_design,development,correlated,joint_triangular_l2,assumption__radius_max__noise_correlated__scale_75,broad_or_stress_assumption,True,True,joint_triangular_l5,True,0,0.0,0.0,0.0,9118.769424,9118.769424
round-stress-p4-0058-e8b230c99f4535a2,4,stress,stress_design,development,correlated,joint_triangular_l3,assumption__radius_max__noise_correlated__scale_75,broad_or_stress_assumption,True,True,joint_triangular_l5,True,0,0.0,0.0,0.0,9118.769424,9118.769424
round-stress-p4-0059-1472d601e929821b,4,stress,stress_design,development,extreme,joint_triangular_l1,assumption__radius_max__noise_extreme__scale_75,broad_or_stress_assumption,True,True,joint_triangular_l5,True,0,-369.89845400000013,-369.89845400000013,3.5283665752609656,10483.560767,10113.662313
round-stress-p4-0059-1472d601e929821b,4,stress,stress_design,development,extreme,joint_triangular_l2,assumption__radius_max__noise_extreme__scale_75,broad_or_stress_assumption,True,True,joint_triangular_l5,True,0,-267.20634000000064,-267.20634000000064,2.548812812161197,10483.560767,10216.354427
round-stress-p4-0059-1472d601e929821b,4,stress,stress_design,development,extreme,joint_triangular_l3,assumption__radius_max__noise_extreme__scale_75,broad_or_stress_assumption,True,True,joint_triangular_l5,True,0,-159.08993700000065,-159.08993700000065,1.5175181461320053,10483.560767,10324.47083
round-stress-p4-0060-5fbcd70d9b63f94b,4,stress,stress_design,development,deterministic,joint_triangular_l1,assumption__radius_mixed__noise_deterministic__scale_75,broad_or_stress_assumption,True,True,joint_triangular_l5,True,0,-669.0739659999999,-669.0739659999999,5.769661915888932,11596.415453,10927.341487
round-stress-p4-0060-5fbcd70d9b63f94b,4,stress,stress_design,development,deterministic,joint_triangular_l2,assumption__radius_mixed__noise_deterministic__scale_75,broad_or_stress_assumption,True,True,joint_triangular_l5,True,0,-530.0225149999987,-530.0225149999987,4.570571976729944,11596.415453,11066.392938
round-stress-p4-0060-5fbcd70d9b63f94b,4,stress,stress_design,development,deterministic,joint_triangular_l3,assumption__radius_mixed__noise_deterministic__scale_75,broad_or_stress_assumption,True,True,joint_triangular_l5,True,0,-380.5937809999996,-380.5937809999996,3.281995048750515,11596.415453,11215.821672
round-stress-p4-0063-fb3fdeb698cd52d9,4,stress,stress_design,development,deterministic,joint_triangular_l1,assumption__radius_min__noise_deterministic__scale_150,broad_or_stress_assumption,True,True,joint_triangular_l5,True,0,-396.0431829999998,-396.0431829999998,3.6175294407827128,10947.891081,10551.847898
round-stress-p4-0063-fb3fdeb698cd52d9,4,stress,stress_design,development,deterministic,joint_triangular_l2,assumption__radius_min__noise_deterministic__scale_150,broad_or_stress_assumption,True,True,joint_triangular_l5,True,0,-315.0425699999996,-315.0425699999996,2.87765531890205,10947.891081,10632.848511
round-stress-p4-0063-fb3fdeb698cd52d9,4,stress,stress_design,development,deterministic,joint_triangular_l3,assumption__radius_min__noise_deterministic__scale_150,broad_or_stress_assumption,True,True,joint_triangular_l5,True,0,-238.21109699999943,-238.21109699999943,2.1758628692736393,10947.891081,10709.679984
round-stress-p4-0065-3afdb6298076d6cd,4,stress,stress_design,development,extreme,joint_triangular_l1,assumption__radius_min__noise_extreme__scale_150,broad_or_stress_assumption,True,True,joint_triangular_l5,True,0,-171.9628819999998,-171.9628819999998,1.8054615367919802,9524.594044,9352.631162
round-stress-p4-0065-3afdb6298076d6cd,4,stress,stress_design,development,extreme,joint_triangular_l2,assumption__radius_min__noise_extreme__scale_150,broad_or_stress_assumption,True,True,joint_triangular_l5,True,0,-174.98438799999894,-174.98438799999894,1.8371847366054412,9524.594044,9349.609656
round-stress-p4-0065-3afdb6298076d6cd,4,stress,stress_design,development,extreme,joint_triangular_l3,assumption__radius_min__noise_extreme__scale_150,broad_or_stress_assumption,True,True,joint_triangular_l5,True,0,-115.38022499999897,-115.38022499999897,1.2113925744969942,9524.594044,9409.213819
round-stress-p4-0066-9de6078e725e8aaa,4,stress,stress_design,development,deterministic,joint_triangular_l1,assumption__radius_max__noise_deterministic__scale_150,broad_or_stress_assumption,True,True,joint_triangular_l5,True,0,-799.8912720000008,-799.8912720000008,7.173428755369864,11150.752301,10350.861029
round-stress-p4-0066-9de6078e725e8aaa,4,stress,stress_design,development,deterministic,joint_triangular_l2,assumption__radius_max__noise_deterministic__scale_150,broad_or_stress_assumption,True,True,joint_triangular_l5,True,0,-672.9352479999998,-672.9352479999998,6.034886524558984,11150.752301,10477.817053
round-stress-p4-0066-9de6078e725e8aaa,4,stress,stress_design,development,deterministic,joint_triangular_l3,assumption__radius_max__noise_deterministic__scale_150,broad_or_stress_assumption,True,True,joint_triangular_l5,True,0,-461.9132640000007,-461.9132640000007,4.142440362150062,11150.752301,10688.839037
round-stress-p4-0067-4f1df29031a89f71,4,stress,stress_design,development,correlated,joint_triangular_l1,assumption__radius_max__noise_correlated__scale_150,broad_or_stress_assumption,True,True,joint_triangular_l5,True,0,-879.8270339999999,-879.8270339999999,7.04237354504969,12493.330954,11613.50392
round-stress-p4-0067-4f1df29031a89f71,4,stress,stress_design,development,correlated,joint_triangular_l2,assumption__radius_max__noise_correlated__scale_150,broad_or_stress_assumption,True,True,joint_triangular_l5,True,0,-755.926336999999,-755.926336999999,6.05063885510832,12493.330954,11737.404617
round-stress-p4-0067-4f1df29031a89f71,4,stress,stress_design,development,correlated,joint_triangular_l3,assumption__radius_max__noise_correlated__scale_150,broad_or_stress_assumption,True,True,joint_triangular_l5,True,0,-535.5181219999995,-535.5181219999995,4.286431888915439,12493.330954,11957.812832
round-stress-p4-0069-1ab1ce9be4f76ce4,4,stress,stress_design,development,deterministic,joint_triangular_l1,assumption__radius_mixed__noise_deterministic__scale_150,broad_or_stress_assumption,True,True,joint_triangular_l5,True,0,-818.1468550000009,-818.1468550000009,6.992514007173474,11700.324864,10882.178009
round-stress-p4-0069-1ab1ce9be4f76ce4,4,stress,stress_design,development,deterministic,joint_triangular_l2,assumption__radius_mixed__noise_deterministic__scale_150,broad_or_stress_assumption,True,True,joint_triangular_l5,True,0,-709.8473209999993,-709.8473209999993,6.066902665105345,11700.324864,10990.477543
round-stress-p4-0069-1ab1ce9be4f76ce4,4,stress,stress_design,development,deterministic,joint_triangular_l3,assumption__radius_mixed__noise_deterministic__scale_150,broad_or_stress_assumption,True,True,joint_triangular_l5,True,0,-542.310230000001,-542.310230000001,4.635001474776153,11700.324864,11158.014634
round-stress-p4-0070-27366594679c51f8,4,stress,stress_design,development,correlated,joint_triangular_l1,assumption__radius_mixed__noise_correlated__scale_150,broad_or_stress_assumption,True,True,joint_triangular_l5,True,0,334.56255300000157,334.56255300000157,-3.323389502859763,10066.907677,10401.47023
round-stress-p4-0070-27366594679c51f8,4,stress,stress_design,development,correlated,joint_triangular_l2,assumption__radius_mixed__noise_correlated__scale_150,broad_or_stress_assumption,True,True,joint_triangular_l5,True,0,-274.8194119999989,-274.8194119999989,2.7299288005579165,10066.907677,9792.088265
round-stress-p4-0070-27366594679c51f8,4,stress,stress_design,development,correlated,joint_triangular_l3,assumption__radius_mixed__noise_correlated__scale_150,broad_or_stress_assumption,True,True,joint_triangular_l5,True,0,-166.52108899999985,-166.52108899999985,1.6541434007630054,10066.907677,9900.386588
round-stress-p4-0071-c87cfd88581a4c5e,4,stress,stress_design,development,extreme,joint_triangular_l1,assumption__radius_mixed__noise_extreme__scale_150,broad_or_stress_assumption,True,True,joint_triangular_l5,True,0,-484.64115800000036,-484.64115800000036,4.244704972539253,11417.546358,10932.9052
round-stress-p4-0071-c87cfd88581a4c5e,4,stress,stress_design,development,extreme,joint_triangular_l2,assumption__radius_mixed__noise_extreme__scale_150,broad_or_stress_assumption,True,True,joint_triangular_l5,True,0,-289.0690249999989,-289.0690249999989,2.5317963767009815,11417.546358,11128.477333
round-stress-p4-0071-c87cfd88581a4c5e,4,stress,stress_design,development,extreme,joint_triangular_l3,assumption__radius_mixed__noise_extreme__scale_150,broad_or_stress_assumption,True,True,joint_triangular_l5,True,0,-204.77856599999905,-204.77856599999905,1.7935426717712921,11417.546358,11212.767792
round-stress-p4-0072-660821d197cf2297,4,stress,stress_design,development,deterministic,joint_triangular_l1,assumption__radius_min__noise_deterministic__scale_300,broad_or_stress_assumption,True,True,joint_triangular_l5,True,0,-598.6724320000012,-598.6724320000012,5.533664156025556,10818.734479,10220.062047
round-stress-p4-0072-660821d197cf2297,4,stress,stress_design,development,deterministic,joint_triangular_l2,assumption__radius_min__noise_deterministic__scale_300,broad_or_stress_assumption,True,True,joint_triangular_l5,True,0,-469.4391720000003,-469.4391720000003,4.339132020581687,10818.734479,10349.295307
round-stress-p4-0072-660821d197cf2297,4,stress,stress_design,development,deterministic,joint_triangular_l3,assumption__radius_min__noise_deterministic__scale_300,broad_or_stress_assumption,True,True,joint_triangular_l5,True,0,-327.5890990000007,-327.5890990000007,3.027979840302731,10818.734479,10491.14538
round-stress-p4-0073-3dd3608ef9820c64,4,stress,stress_design,development,correlated,joint_triangular_l1,assumption__radius_min__noise_correlated__scale_300,broad_or_stress_assumption,True,True,joint_triangular_l5,True,0,-408.7603629999994,-408.7603629999994,3.8740129728171286,10551.342132,10142.581769
round-stress-p4-0073-3dd3608ef9820c64,4,stress,stress_design,development,correlated,joint_triangular_l2,assumption__radius_min__noise_correlated__scale_300,broad_or_stress_assumption,True,True,joint_triangular_l5,True,0,-339.0224930000004,-339.0224930000004,3.2130745904998808,10551.342132,10212.319639
round-stress-p4-0073-3dd3608ef9820c64,4,stress,stress_design,development,correlated,joint_triangular_l3,assumption__radius_min__noise_correlated__scale_300,broad_or_stress_assumption,True,True,joint_triangular_l5,True,0,-258.99730499999896,-258.99730499999896,2.4546384882593717,10551.342132,10292.344827
round-stress-p4-0075-4521338dfc416f5d,4,stress,stress_design,development,deterministic,joint_triangular_l1,assumption__radius_max__noise_deterministic__scale_300,broad_or_stress_assumption,True,True,joint_triangular_l5,True,0,-160.82696000000033,-160.82696000000033,1.4690935102061236,10947.36032,10786.53336
round-stress-p4-0075-4521338dfc416f5d,4,stress,stress_design,development,deterministic,joint_triangular_l2,assumption__radius_max__noise_deterministic__scale_300,broad_or_stress_assumption,True,True,joint_triangular_l5,True,0,-114.00717799999984,-114.00717799999984,1.0414124927606279,10947.36032,10833.353142
round-stress-p4-0075-4521338dfc416f5d,4,stress,stress_design,development,deterministic,joint_triangular_l3,assumption__radius_max__noise_deterministic__scale_300,broad_or_stress_assumption,True,True,joint_triangular_l5,True,0,-71.87723499999993,-71.87723499999993,0.6565713824974377,10947.36032,10875.483085
round-stress-p4-0077-7d2b0e8a114dcd77,4,stress,stress_design,development,extreme,joint_triangular_l1,assumption__radius_max__noise_extreme__scale_300,broad_or_stress_assumption,True,True,joint_triangular_l5,True,0,-481.9873859999998,-481.9873859999998,6.68494910880794,7210.038224,6728.050838
round-stress-p4-0077-7d2b0e8a114dcd77,4,stress,stress_design,development,extreme,joint_triangular_l2,assumption__radius_max__noise_extreme__scale_300,broad_or_stress_assumption,True,True,joint_triangular_l5,True,0,-370.12153899999976,-370.12153899999976,5.133419927899674,7210.038224,6839.916685
round-stress-p4-0077-7d2b0e8a114dcd77,4,stress,stress_design,development,extreme,joint_triangular_l3,assumption__radius_max__noise_extreme__scale_300,broad_or_stress_assumption,True,True,joint_triangular_l5,True,0,-262.44916999999987,-262.44916999999987,3.640052408132696,7210.038224,6947.589054
round-stress-p4-0078-7da63b1a49151d70,4,stress,stress_design,development,deterministic,joint_triangular_l1,assumption__radius_mixed__noise_deterministic__scale_300,broad_or_stress_assumption,True,True,joint_triangular_l5,True,0,-221.20878500000072,-221.20878500000072,1.9184547703080976,11530.570771,11309.361986
round-stress-p4-0078-7da63b1a49151d70,4,stress,stress_design,development,deterministic,joint_triangular_l2,assumption__radius_mixed__noise_deterministic__scale_300,broad_or_stress_assumption,True,True,joint_triangular_l5,True,0,-232.9798719999999,-232.9798719999999,2.0205406707702336,11530.570771,11297.590899
round-stress-p4-0078-7da63b1a49151d70,4,stress,stress_design,development,deterministic,joint_triangular_l3,assumption__radius_mixed__noise_deterministic__scale_300,broad_or_stress_assumption,True,True,joint_triangular_l5,True,0,-187.7938720000002,-187.7938720000002,1.6286606771653644,11530.570771,11342.776899
round-stress-p4-0079-1a1e447cb1914990,4,stress,stress_design,development,correlated,joint_triangular_l1,assumption__radius_mixed__noise_correlated__scale_300,broad_or_stress_assumption,True,True,joint_triangular_l5,True,0,-973.8770139999997,-973.8770139999997,8.018798127534971,12144.924944,11171.04793
round-stress-p4-0079-1a1e447cb1914990,4,stress,stress_design,development,correlated,joint_triangular_l2,assumption__radius_mixed__noise_correlated__scale_300,broad_or_stress_assumption,True,True,joint_triangular_l5,True,0,-796.8783340000009,-796.8783340000009,6.561410117183849,12144.924944,11348.04661
round-stress-p4-0079-1a1e447cb1914990,4,stress,stress_design,development,correlated,joint_triangular_l3,assumption__radius_mixed__noise_correlated__scale_300,broad_or_stress_assumption,True,True,joint_triangular_l5,True,0,-595.6106020000007,-595.6106020000007,4.904193354395757,12144.924944,11549.314342
round-stress-p4-0080-6a832ffda9658866,4,stress,stress_design,development,extreme,joint_triangular_l1,assumption__radius_mixed__noise_extreme__scale_300,broad_or_stress_assumption,True,True,joint_triangular_l5,True,0,-40.300561000000016,-40.300561000000016,0.6035027304458509,6677.776084,6637.475523
round-stress-p4-0080-6a832ffda9658866,4,stress,stress_design,development,extreme,joint_triangular_l2,assumption__radius_mixed__noise_extreme__scale_300,broad_or_stress_assumption,True,True,joint_triangular_l5,True,0,49.143127999999706,49.143127999999706,-0.7359205726850739,6677.776084,6726.919212
round-stress-p4-0080-6a832ffda9658866,4,stress,stress_design,development,extreme,joint_triangular_l3,assumption__radius_mixed__noise_extreme__scale_300,broad_or_stress_assumption,True,True,joint_triangular_l5,True,0,55.60660300000018,55.60660300000018,-0.8327114042238404,6677.776084,6733.382687
round-stress-p4-0082-797a8c6aa3206723,4,stress,stress_design,development,correlated,joint_triangular_l1,assumption__radius_min__noise_correlated__scale_75,broad_or_stress_assumption,True,True,joint_triangular_l5,True,0,114.22731999999996,114.22731999999996,-1.1540355846766228,9898.076066,10012.303386
round-stress-p4-0082-797a8c6aa3206723,4,stress,stress_design,development,correlated,joint_triangular_l2,assumption__radius_min__noise_correlated__scale_75,broad_or_stress_assumption,True,True,joint_triangular_l5,True,0,-130.76738599999953,-130.76738599999953,1.3211394328357098,9898.076066,9767.30868
round-stress-p4-0082-797a8c6aa3206723,4,stress,stress_design,development,correlated,joint_triangular_l3,assumption__radius_min__noise_correlated__scale_75,broad_or_stress_assumption,True,True,joint_triangular_l5,True,0,-68.27492999999959,-68.27492999999959,0.6897798071538844,9898.076066,9829.801136
round-stress-p4-0083-f2064ba9dac206e0,4,stress,stress_design,development,extreme,joint_triangular_l1,assumption__radius_min__noise_extreme__scale_75,broad_or_stress_assumption,True,True,joint_triangular_l5,True,0,27.238467000001037,27.238467000001037,-0.3162598602183069,8612.685461,8639.923928
round-stress-p4-0083-f2064ba9dac206e0,4,stress,stress_design,development,extreme,joint_triangular_l2,assumption__radius_min__noise_extreme__scale_75,broad_or_stress_assumption,True,True,joint_triangular_l5,True,0,33.25878900000134,33.25878900000134,-0.38616049721778345,8612.685461,8645.94425
round-stress-p4-0083-f2064ba9dac206e0,4,stress,stress_design,development,extreme,joint_triangular_l3,assumption__radius_min__noise_extreme__scale_75,broad_or_stress_assumption,True,True,joint_triangular_l5,True,0,0.15249400000175228,0.15249400000175228,-0.0017705743544481718,8612.685461,8612.837955
round-stress-p4-0084-f89987731fa2d49b,4,stress,stress_design,development,deterministic,joint_triangular_l1,assumption__radius_max__noise_deterministic__scale_75,broad_or_stress_assumption,True,True,joint_triangular_l5,True,0,-666.7007479999993,-666.7007479999993,5.550441285178874,12011.671032,11344.970284
round-stress-p4-0084-f89987731fa2d49b,4,stress,stress_design,development,deterministic,joint_triangular_l2,assumption__radius_max__noise_deterministic__scale_75,broad_or_stress_assumption,True,True,joint_triangular_l5,True,0,-609.4142929999998,-609.4142929999998,5.073518009080286,12011.671032,11402.256739
round-stress-p4-0084-f89987731fa2d49b,4,stress,stress_design,development,deterministic,joint_triangular_l3,assumption__radius_max__noise_deterministic__scale_75,broad_or_stress_assumption,True,True,joint_triangular_l5,True,0,-432.65713099999994,-432.65713099999994,3.6019728632874526,12011.671032,11579.013901
round-stress-p4-0085-ef75626f6b81f448,4,stress,stress_design,development,correlated,joint_triangular_l1,assumption__radius_max__noise_correlated__scale_75,broad_or_stress_assumption,True,True,joint_triangular_l5,True,0,-680.183164,-680.183164,5.323061804217531,12778.043709,12097.860545
round-stress-p4-0085-ef75626f6b81f448,4,stress,stress_design,development,correlated,joint_triangular_l2,assumption__radius_max__noise_correlated__scale_75,broad_or_stress_assumption,True,True,joint_triangular_l5,True,0,-553.8591809999998,-553.8591809999998,4.334459903356712,12778.043709,12224.184528
round-stress-p4-0085-ef75626f6b81f448,4,stress,stress_design,development,correlated,joint_triangular_l3,assumption__radius_max__noise_correlated__scale_75,broad_or_stress_assumption,True,True,joint_triangular_l5,True,0,-370.9446819999994,-370.9446819999994,2.902984920443892,12778.043709,12407.099027
round-stress-p4-0086-22f11ce7420fb3ff,4,stress,stress_design,development,extreme,joint_triangular_l1,assumption__radius_max__noise_extreme__scale_75,broad_or_stress_assumption,True,True,joint_triangular_l5,True,0,262.24304699999993,262.24304699999993,-2.0131840191420594,13026.282968,13288.526015
round-stress-p4-0086-22f11ce7420fb3ff,4,stress,stress_design,development,extreme,joint_triangular_l2,assumption__radius_max__noise_extreme__scale_75,broad_or_stress_assumption,True,True,joint_triangular_l5,True,0,492.7086130000007,492.7086130000007,-3.782419084633543,13026.282968,13518.991581
round-stress-p4-0086-22f11ce7420fb3ff,4,stress,stress_design,development,extreme,joint_triangular_l3,assumption__radius_max__noise_extreme__scale_75,broad_or_stress_assumption,True,True,joint_triangular_l5,True,0,579.9821090000005,579.9821090000005,-4.452399125865515,13026.282968,13606.265077
round-stress-p4-0087-6812f6fd48631c75,4,stress,stress_design,development,deterministic,joint_triangular_l1,assumption__radius_mixed__noise_deterministic__scale_75,broad_or_stress_assumption,True,True,joint_triangular_l5,True,0,-554.8620360000004,-554.8620360000004,4.800687220275112,11557.970985,11003.108949
round-stress-p4-0087-6812f6fd48631c75,4,stress,stress_design,development,deterministic,joint_triangular_l2,assumption__radius_mixed__noise_deterministic__scale_75,broad_or_stress_assumption,True,True,joint_triangular_l5,True,0,-449.3985269999994,-449.3985269999994,3.8882129707993847,11557.970985,11108.572458
round-stress-p4-0087-6812f6fd48631c75,4,stress,stress_design,development,deterministic,joint_triangular_l3,assumption__radius_mixed__noise_deterministic__scale_75,broad_or_stress_assumption,True,True,joint_triangular_l5,True,0,-338.8725599999998,-338.8725599999998,2.9319381441586114,11557.970985,11219.098425
round-stress-p4-0088-9cc76d60d934c1b6,4,stress,stress_design,development,correlated,joint_triangular_l1,assumption__radius_mixed__noise_correlated__scale_75,broad_or_stress_assumption,True,True,joint_triangular_l5,True,0,-1198.5599940000002,-1198.5599940000002,14.88594701586638,8051.620718,6853.060724
round-stress-p4-0088-9cc76d60d934c1b6,4,stress,stress_design,development,correlated,joint_triangular_l2,assumption__radius_mixed__noise_correlated__scale_75,broad_or_stress_assumption,True,True,joint_triangular_l5,True,0,-779.5042460000004,-779.5042460000004,9.681333402321851,8051.620718,7272.116472
round-stress-p4-0088-9cc76d60d934c1b6,4,stress,stress_design,development,correlated,joint_triangular_l3,assumption__radius_mixed__noise_correlated__scale_75,broad_or_stress_assumption,True,True,joint_triangular_l5,True,0,-614.9243480000005,-614.9243480000005,7.63727415308189,8051.620718,7436.69637
round-stress-p4-0089-46767ee133dd80e8,4,stress,stress_design,development,extreme,joint_triangular_l1,assumption__radius_mixed__noise_extreme__scale_75,broad_or_stress_assumption,True,True,joint_triangular_l5,True,0,-38.72150200000033,-38.72150200000033,0.370920545104992,10439.298257,10400.576755
round-stress-p4-0089-46767ee133dd80e8,4,stress,stress_design,development,extreme,joint_triangular_l2,assumption__radius_mixed__noise_extreme__scale_75,broad_or_stress_assumption,True,True,joint_triangular_l5,True,0,-380.2208150000006,-380.2208150000006,3.6422066468409033,10439.298257,10059.077442
round-stress-p4-0089-46767ee133dd80e8,4,stress,stress_design,development,extreme,joint_triangular_l3,assumption__radius_mixed__noise_extreme__scale_75,broad_or_stress_assumption,True,True,joint_triangular_l5,True,0,-233.07001800000035,-233.07001800000035,2.2326215063710517,10439.298257,10206.228239
round-stress-p4-0090-3583be750e912695,4,stress,stress_design,development,deterministic,joint_triangular_l1,assumption__radius_min__noise_deterministic__scale_150,broad_or_stress_assumption,True,True,joint_triangular_l5,True,0,-237.0064770000008,-237.0064770000008,2.1341961385614994,11105.187228,10868.180751
round-stress-p4-0090-3583be750e912695,4,stress,stress_design,development,deterministic,joint_triangular_l2,assumption__radius_min__noise_deterministic__scale_150,broad_or_stress_assumption,True,True,joint_triangular_l5,True,0,-171.25482999999986,-171.25482999999986,1.5421156481559128,11105.187228,10933.932398
round-stress-p4-0090-3583be750e912695,4,stress,stress_design,development,deterministic,joint_triangular_l3,assumption__radius_min__noise_deterministic__scale_150,broad_or_stress_assumption,True,True,joint_triangular_l5,True,0,-139.26692800000092,-139.26692800000092,1.2540709592798314,11105.187228,10965.9203
round-stress-p4-0091-fad8c59cb2f82653,4,stress,stress_design,development,correlated,joint_triangular_l1,assumption__radius_min__noise_correlated__scale_150,broad_or_stress_assumption,True,True,joint_triangular_l5,True,0,-619.754273999999,-619.754273999999,5.090488524632986,12174.750439,11554.996165
round-stress-p4-0091-fad8c59cb2f82653,4,stress,stress_design,development,correlated,joint_triangular_l2,assumption__radius_min__noise_correlated__scale_150,broad_or_stress_assumption,True,True,joint_triangular_l5,True,0,-445.3408069999987,-445.3408069999987,3.6579050160520397,12174.750439,11729.409632
round-stress-p4-0091-fad8c59cb2f82653,4,stress,stress_design,development,correlated,joint_triangular_l3,assumption__radius_min__noise_correlated__scale_150,broad_or_stress_assumption,True,True,joint_triangular_l5,True,0,-317.46127999999953,-317.46127999999953,2.6075382948553885,12174.750439,11857.289159
round-stress-p4-0094-1f7c70c1b44c2921,4,stress,stress_design,development,correlated,joint_triangular_l1,assumption__radius_max__noise_correlated__scale_150,broad_or_stress_assumption,True,True,joint_triangular_l5,True,0,-18.103602999999566,-18.103602999999566,0.31146653449624706,5812.375005,5794.271402
round-stress-p4-0094-1f7c70c1b44c2921,4,stress,stress_design,development,correlated,joint_triangular_l2,assumption__radius_max__noise_correlated__scale_150,broad_or_stress_assumption,True,True,joint_triangular_l5,True,0,-22.913512000000082,-22.913512000000082,0.39421943663801995,5812.375005,5789.461493
round-stress-p4-0094-1f7c70c1b44c2921,4,stress,stress_design,development,correlated,joint_triangular_l3,assumption__radius_max__noise_correlated__scale_150,broad_or_stress_assumption,True,True,joint_triangular_l5,True,0,-14.429094999999506,-14.429094999999506,0.24824783307317774,5812.375005,5797.94591
round-stress-p4-0095-ae1b8f8ad379b34f,4,stress,stress_design,development,extreme,joint_triangular_l1,assumption__radius_max__noise_extreme__scale_150,broad_or_stress_assumption,True,True,joint_triangular_l5,True,0,-1124.5965899999992,-1124.5965899999992,10.825275953862631,10388.618219,9264.021629
round-stress-p4-0095-ae1b8f8ad379b34f,4,stress,stress_design,development,extreme,joint_triangular_l2,assumption__radius_max__noise_extreme__scale_150,broad_or_stress_assumption,True,True,joint_triangular_l5,True,0,-180.2262609999998,-180.2262609999998,1.734843433464323,10388.618219,10208.391958
round-stress-p4-0095-ae1b8f8ad379b34f,4,stress,stress_design,development,extreme,joint_triangular_l3,assumption__radius_max__noise_extreme__scale_150,broad_or_stress_assumption,True,True,joint_triangular_l5,True,0,-130.03296299999965,-130.03296299999965,1.2516868004849688,10388.618219,10258.585256
round-stress-p4-0096-c45a20856923cd57,4,stress,stress_design,development,deterministic,joint_triangular_l1,assumption__radius_mixed__noise_deterministic__scale_150,broad_or_stress_assumption,True,True,joint_triangular_l5,True,0,-556.6040730000004,-556.6040730000004,5.10990769636226,10892.64437,10336.040297
round-stress-p4-0096-c45a20856923cd57,4,stress,stress_design,development,deterministic,joint_triangular_l2,assumption__radius_mixed__noise_deterministic__scale_150,broad_or_stress_assumption,True,True,joint_triangular_l5,True,0,-444.80889899999966,-444.80889899999966,4.083571297205581,10892.64437,10447.835471
round-stress-p4-0096-c45a20856923cd57,4,stress,stress_design,development,deterministic,joint_triangular_l3,assumption__radius_mixed__noise_deterministic__scale_150,broad_or_stress_assumption,True,True,joint_triangular_l5,True,0,-327.55840499999977,-327.55840499999977,3.007152293543572,10892.64437,10565.085965
round-stress-p4-0097-bf02727c253d1b1e,4,stress,stress_design,development,correlated,joint_triangular_l1,assumption__radius_mixed__noise_correlated__scale_150,broad_or_stress_assumption,True,True,joint_triangular_l5,True,0,-606.230927999999,-606.230927999999,5.210886399519084,11633.930996,11027.700068
round-stress-p4-0097-bf02727c253d1b1e,4,stress,stress_design,development,correlated,joint_triangular_l2,assumption__radius_mixed__noise_correlated__scale_150,broad_or_stress_assumption,True,True,joint_triangular_l5,True,0,-488.8438669999996,-488.8438669999996,4.201880406270888,11633.930996,11145.087129
round-stress-p4-0097-bf02727c253d1b1e,4,stress,stress_design,development,correlated,joint_triangular_l3,assumption__radius_mixed__noise_correlated__scale_150,broad_or_stress_assumption,True,True,joint_triangular_l5,True,0,-262.1706359999989,-262.1706359999989,2.253500008639719,11633.930996,11371.76036
round-stress-p4-0098-90917578d15df34f,4,stress,stress_design,development,extreme,joint_triangular_l1,assumption__radius_mixed__noise_extreme__scale_150,broad_or_stress_assumption,True,True,joint_triangular_l5,True,0,-393.010056000001,-393.010056000001,3.294938299720744,11927.690908,11534.680852
round-stress-p4-0098-90917578d15df34f,4,stress,stress_design,development,extreme,joint_triangular_l2,assumption__radius_mixed__noise_extreme__scale_150,broad_or_stress_assumption,True,True,joint_triangular_l5,True,0,-300.7208580000006,-300.7208580000006,2.5211992859263703,11927.690908,11626.97005
round-stress-p4-0098-90917578d15df34f,4,stress,stress_design,development,extreme,joint_triangular_l3,assumption__radius_mixed__noise_extreme__scale_150,broad_or_stress_assumption,True,True,joint_triangular_l5,True,0,-190.42115900000135,-190.42115900000135,1.5964628901666484,11927.690908,11737.269749
