partition,pool,composition_model,mechanism_id,variant,n,complete,failures,hull_violations,penalized_time_mean_s,interpretation,total_virtual_time_s_n,total_virtual_time_s_mean,total_virtual_time_s_median,total_virtual_time_s_p90,total_virtual_time_s_p95,total_virtual_time_s_max,walk_distance_m_n,walk_distance_m_mean,walk_distance_m_median,walk_distance_m_p90,walk_distance_m_p95,walk_distance_m_max,measures_n,measures_mean,measures_median,measures_p90,measures_p95,measures_max,switches_n,switches_mean,switches_median,switches_p90,switches_p95,switches_max,failed_clear_attempts_n,failed_clear_attempts_mean,failed_clear_attempts_median,failed_clear_attempts_p90,failed_clear_attempts_p95,failed_clear_attempts_max,failed_clear_cost_s_n,failed_clear_cost_s_mean,failed_clear_cost_s_median,failed_clear_cost_s_p90,failed_clear_cost_s_p95,failed_clear_cost_s_max,fallback_targets_n,fallback_targets_mean,fallback_targets_median,fallback_targets_p90,fallback_targets_p95,fallback_targets_max,post_clear_stop_tail_s_n,post_clear_stop_tail_s_mean,post_clear_stop_tail_s_median,post_clear_stop_tail_s_p90,post_clear_stop_tail_s_p95,post_clear_stop_tail_s_max,post_clear_measurements_n,post_clear_measurements_mean,post_clear_measurements_median,post_clear_measurements_p90,post_clear_measurements_p95,post_clear_measurements_max,movement_s_n,movement_s_mean,movement_s_median,movement_s_p90,movement_s_p95,movement_s_max,measurement_s_n,measurement_s_mean,measurement_s_median,measurement_s_p90,measurement_s_p95,measurement_s_max,optical_s_n,optical_s_mean,optical_s_median,optical_s_p90,optical_s_p95,optical_s_max,laser_s_n,laser_s_mean,laser_s_median,laser_s_p90,laser_s_p95,laser_s_max,program_real_time_s_n,program_real_time_s_mean,program_real_time_s_median,program_real_time_s_p90,program_real_time_s_p95,program_real_time_s_max
development,broad,__pool_design__,__design_mixture__,combined_cover,80,80,0,0,9089.3486153375,Synthetic design; no pooling across pools; time/tail quantiles conditional on completion.,80,9089.3486153375,9059.632059,10086.6187513,10190.433403150002,11149.111534,80,35756.80557818827,35573.80974560728,40296.30359682614,41142.6836976329,44955.55765610036,80,273.9,278.0,331.1,353.15,395,80,256.8125,261.5,313.3,338.04999999999995,377,80,81.9125,68.5,169.50000000000003,194.2,286,80,245.7375,205.5,508.5000000000001,582.6,858.0,80,10.85,11.0,14.0,14.0,16,80,317.74678991250005,0.0,1142.122954500001,1207.2489208999993,1942.351067999999,80,10.975,0.0,40.50000000000004,50.0,80,80,7151.361115637655,7114.7619491214555,8059.2607193652275,8228.53673952658,8991.111531220073,80,1369.5,1390.0,1655.5,1765.75,1975.0,80,285.3,247.5,552.0,624.15,906.0,80,26.375,26.0,32.0,32.0,32.0,80,3.155521641251107,3.0551282500382513,3.8730429799761623,4.26845631999895,5.142288299975917
development,broad,__pool_design__,__design_mixture__,coverage,80,80,0,0,9222.597955325,Synthetic design; no pooling across pools; time/tail quantiles conditional on completion.,80,9222.597955325,9236.049509,10239.0740047,10597.703802299999,10820.367667,80,36272.427274,36306.617277961705,41348.40542645762,42343.16814126217,44667.61089689191,80,273.9,278.0,331.1,353.15,395,80,256.8625,261.5,313.3,338.04999999999995,377,80,91.9375,73.5,183.20000000000005,214.49999999999997,282,80,275.8125,220.5,549.6,643.4999999999999,846.0,80,10.8375,11.0,14.0,14.0,16,80,303.31178600000004,0.0,1118.6906516000004,1206.6584545999992,1939.5298189999994,80,10.4125,0.0,36.400000000000034,50.0,80,80,7254.4854548,7261.323455592341,8269.681085291524,8468.633628252433,8933.522179378382,80,1369.5,1390.0,1655.5,1765.75,1975.0,80,315.375,265.5,589.2000000000002,690.7499999999999,891.0,80,26.375,26.0,32.0,32.0,32.0,80,2.7123723487515234,2.695266799943056,3.2236976800137205,3.340521749912295,3.7270994998980314
development,broad,__pool_design__,__design_mixture__,current,80,80,0,0,10786.5354039125,Synthetic design; no pooling across pools; time/tail quantiles conditional on completion.,80,10786.5354039125,10732.638992,12026.9389273,12401.7404675,13812.887226,80,42744.17702294899,42235.89044521167,47645.33465009348,49204.35261426345,57239.436124794,80,317.1875,318.5,390.6000000000001,399.5,422,80,294.3,294.5,366.6000000000001,375.54999999999995,397,80,97.175,81.0,187.60000000000008,213.04999999999984,332,80,291.525,243.0,562.8000000000002,639.1499999999995,996.0,80,10.525,10.0,14.0,15.0,15,80,624.05802535,0.0,1801.9217175000008,3134.0651917000005,3733.8352349999996,80,19.35,0.0,51.40000000000012,85.6499999999999,140,80,8548.8354045898,8447.178089042334,9529.066930018696,9840.870522852687,11447.8872249588,80,1585.9375,1592.5,1953.0000000000002,1997.4999999999998,2110.0,80,331.0875,282.0,610.2,686.2499999999995,1041.0,80,26.375,26.0,32.0,32.0,32.0,80,2.7696146499962198,2.7682990499888547,3.044215659971815,3.300513834966113,3.6832741999533027
development,broad,__pool_design__,__design_mixture__,local_cover,80,80,0,0,10626.0364432125,Synthetic design; no pooling across pools; time/tail quantiles conditional on completion.,80,10626.0364432125,10624.367334999999,11718.4792031,11939.78997485,13206.165483,80,42136.55722342118,41649.12321250199,47356.39008978864,48079.207385804926,54760.82741779735,80,317.1875,318.5,390.6000000000001,399.5,422,80,294.2875,294.5,366.6000000000001,375.54999999999995,397,80,84.1875,70.5,162.70000000000005,187.05,284,80,252.5625,211.5,488.1000000000002,561.1500000000001,852.0,80,10.55,10.0,14.0,15.0,15,80,624.0845703875,0.0,1801.4592808999996,3137.597323,3734.3623639999996,80,19.35,0.0,51.40000000000012,85.6499999999999,140,80,8427.311444684234,8329.824642500396,9471.278017957726,9615.841477160986,10952.16548355947,80,1585.9375,1592.5,1953.0000000000002,1997.4999999999998,2110.0,80,292.125,256.5,529.8000000000002,603.15,900.0,80,26.375,26.0,32.0,32.0,32.0,80,3.282262637502572,3.24049565003952,3.96260057000909,4.23316068003187,5.406953800003976
development,broad,broad_joint,__design_mixture__,combined_cover,80,80,0,0,9089.3486153375,Synthetic design; no pooling across pools; time/tail quantiles conditional on completion.,80,9089.3486153375,9059.632059,10086.6187513,10190.433403150002,11149.111534,80,35756.80557818827,35573.80974560728,40296.30359682614,41142.6836976329,44955.55765610036,80,273.9,278.0,331.1,353.15,395,80,256.8125,261.5,313.3,338.04999999999995,377,80,81.9125,68.5,169.50000000000003,194.2,286,80,245.7375,205.5,508.5000000000001,582.6,858.0,80,10.85,11.0,14.0,14.0,16,80,317.74678991250005,0.0,1142.122954500001,1207.2489208999993,1942.351067999999,80,10.975,0.0,40.50000000000004,50.0,80,80,7151.361115637655,7114.7619491214555,8059.2607193652275,8228.53673952658,8991.111531220073,80,1369.5,1390.0,1655.5,1765.75,1975.0,80,285.3,247.5,552.0,624.15,906.0,80,26.375,26.0,32.0,32.0,32.0,80,3.155521641251107,3.0551282500382513,3.8730429799761623,4.26845631999895,5.142288299975917
development,broad,broad_joint,__design_mixture__,coverage,80,80,0,0,9222.597955325,Synthetic design; no pooling across pools; time/tail quantiles conditional on completion.,80,9222.597955325,9236.049509,10239.0740047,10597.703802299999,10820.367667,80,36272.427274,36306.617277961705,41348.40542645762,42343.16814126217,44667.61089689191,80,273.9,278.0,331.1,353.15,395,80,256.8625,261.5,313.3,338.04999999999995,377,80,91.9375,73.5,183.20000000000005,214.49999999999997,282,80,275.8125,220.5,549.6,643.4999999999999,846.0,80,10.8375,11.0,14.0,14.0,16,80,303.31178600000004,0.0,1118.6906516000004,1206.6584545999992,1939.5298189999994,80,10.4125,0.0,36.400000000000034,50.0,80,80,7254.4854548,7261.323455592341,8269.681085291524,8468.633628252433,8933.522179378382,80,1369.5,1390.0,1655.5,1765.75,1975.0,80,315.375,265.5,589.2000000000002,690.7499999999999,891.0,80,26.375,26.0,32.0,32.0,32.0,80,2.7123723487515234,2.695266799943056,3.2236976800137205,3.340521749912295,3.7270994998980314
development,broad,broad_joint,__design_mixture__,current,80,80,0,0,10786.5354039125,Synthetic design; no pooling across pools; time/tail quantiles conditional on completion.,80,10786.5354039125,10732.638992,12026.9389273,12401.7404675,13812.887226,80,42744.17702294899,42235.89044521167,47645.33465009348,49204.35261426345,57239.436124794,80,317.1875,318.5,390.6000000000001,399.5,422,80,294.3,294.5,366.6000000000001,375.54999999999995,397,80,97.175,81.0,187.60000000000008,213.04999999999984,332,80,291.525,243.0,562.8000000000002,639.1499999999995,996.0,80,10.525,10.0,14.0,15.0,15,80,624.05802535,0.0,1801.9217175000008,3134.0651917000005,3733.8352349999996,80,19.35,0.0,51.40000000000012,85.6499999999999,140,80,8548.8354045898,8447.178089042334,9529.066930018696,9840.870522852687,11447.8872249588,80,1585.9375,1592.5,1953.0000000000002,1997.4999999999998,2110.0,80,331.0875,282.0,610.2,686.2499999999995,1041.0,80,26.375,26.0,32.0,32.0,32.0,80,2.7696146499962198,2.7682990499888547,3.044215659971815,3.300513834966113,3.6832741999533027
development,broad,broad_joint,__design_mixture__,local_cover,80,80,0,0,10626.0364432125,Synthetic design; no pooling across pools; time/tail quantiles conditional on completion.,80,10626.0364432125,10624.367334999999,11718.4792031,11939.78997485,13206.165483,80,42136.55722342118,41649.12321250199,47356.39008978864,48079.207385804926,54760.82741779735,80,317.1875,318.5,390.6000000000001,399.5,422,80,294.2875,294.5,366.6000000000001,375.54999999999995,397,80,84.1875,70.5,162.70000000000005,187.05,284,80,252.5625,211.5,488.1000000000002,561.1500000000001,852.0,80,10.55,10.0,14.0,15.0,15,80,624.0845703875,0.0,1801.4592808999996,3137.597323,3734.3623639999996,80,19.35,0.0,51.40000000000012,85.6499999999999,140,80,8427.311444684234,8329.824642500396,9471.278017957726,9615.841477160986,10952.16548355947,80,1585.9375,1592.5,1953.0000000000002,1997.4999999999998,2110.0,80,292.125,256.5,529.8000000000002,603.15,900.0,80,26.375,26.0,32.0,32.0,32.0,80,3.282262637502572,3.24049565003952,3.96260057000909,4.23316068003187,5.406953800003976
development,broad,broad_joint,assumption__radius_max__noise_correlated__scale_150,combined_cover,3,3,0,0,9327.056029,Synthetic design; no pooling across pools; time/tail quantiles conditional on completion.,3,9327.056029,9092.879446,9980.7947252,10091.7841351,10202.773545,3,36801.946804286934,35729.39722811163,39940.97361372593,40467.42066192771,40993.8677101295,3,280.0,299,306.2,307.1,308,3,262.0,281,287.4,288.2,289,3,81.0,41,153.0,166.99999999999997,181,3,243.0,123.0,459.0,500.99999999999994,543.0,3,11.333333333333334,11,14.2,14.6,15,3,647.4503559999997,0.0,1553.8808543999994,1748.115961199999,1942.351067999999,3,26.666666666666668,0,64.0,72.0,80,3,7360.389360857388,7145.879445622326,7988.194722745186,8093.4841323855435,8198.773542025901,3,1400.0,1495.0,1531.0,1535.5,1540.0,3,280.0,153.0,503.4,547.2,591.0,3,24.666666666666668,22.0,30.0,31.0,32.0,3,2.999296266663199,2.7544034000020474,3.4572919600177556,3.545153030019719,3.6330141000216827
development,broad,broad_joint,assumption__radius_max__noise_correlated__scale_150,coverage,3,3,0,0,9586.753503,Synthetic design; no pooling across pools; time/tail quantiles conditional on completion.,3,9586.753503,9240.484728,10480.6644856,10635.6869553,10790.709425,3,37665.434173310845,36227.423638009896,41612.3224259468,42285.43477443891,42958.54712293102,3,280.0,299,306.2,307.1,308,3,262.0,281,287.4,288.2,289,3,110.0,47,206.20000000000002,226.1,246,3,330.0,141.0,618.6,678.3,738.0,3,11.333333333333334,11,14.2,14.6,15,3,646.5099396666665,0.0,1551.6238551999995,1745.5768370999992,1939.5298189999994,3,26.666666666666668,0,64.0,72.0,80,3,7533.086834662169,7245.484727601979,8322.464485189359,8457.086954887782,8591.709424586204,3,1400.0,1495.0,1531.0,1535.5,1540.0,3,367.0,171.0,663.0000000000001,724.5,786.0,3,24.666666666666668,22.0,30.0,31.0,32.0,3,2.5942053000520295,2.42343660001643,2.8469026000704614,2.8998358500772152,2.9527691000839695
development,broad,broad_joint,assumption__radius_max__noise_correlated__scale_150,current,3,3,0,0,10285.132053666666,Synthetic design; no pooling across pools; time/tail quantiles conditional on completion.,3,10285.132053666666,10220.297562,10556.4884348,10598.5122939,10640.536153,3,40260.66027155434,39997.81223945576,41025.70706035322,41154.193912965406,41282.680765577585,3,317.6666666666667,330,360.40000000000003,364.20000000000005,368,3,295.0,307,335.8,339.40000000000003,343,3,96.0,124,132.79999999999998,133.9,135,3,288.0,372.0,398.4,401.7,405.0,3,10.666666666666666,11,14.2,14.6,15,3,1244.611745,0.0,2987.0681879999997,3360.4517114999994,3733.8352349999996,3,45.0,0,108.0,121.49999999999999,135,3,8052.132054310868,7999.562447891151,8205.141412070645,8230.838782593082,8256.536153115518,3,1588.3333333333333,1650.0,1802.0,1821.0,1840.0,3,325.0,405.0,443.40000000000003,448.2,453.0,3,24.666666666666668,22.0,30.0,31.0,32.0,3,2.749968033322754,2.800689800060354,2.8132554800016805,2.8148261899943465,2.816396899987012
development,broad,broad_joint,assumption__radius_max__noise_correlated__scale_150,local_cover,3,3,0,0,10354.871914666668,Synthetic design; no pooling across pools; time/tail quantiles conditional on completion.,3,10354.871914666668,10184.514692,10735.649240800001,10804.5410594,10873.432878,3,40459.359584126265,39938.34088961691,41633.39969461414,41845.28204523879,42057.164395863445,3,317.6666666666667,330,360.40000000000003,364.20000000000005,368,3,295.0,307,335.8,339.40000000000003,343,3,106.0,143,148.6,149.3,150,3,318.0,429.0,445.79999999999995,447.9,450.0,3,10.666666666666666,11,14.2,14.6,15,3,1244.7874546666665,0.0,2987.4898912,3360.9261275999993,3734.3623639999996,3,45.0,0,108.0,121.49999999999999,135,3,8091.871916825254,7987.668177923382,8326.679938922827,8369.056409047758,8411.43287917269,3,1588.3333333333333,1650.0,1802.0,1821.0,1840.0,3,355.0,477.0,481.8,482.4,483.0,3,24.666666666666668,22.0,30.0,31.0,32.0,3,3.1721260333045698,3.3952258999925107,3.4644491799641397,3.4731020899605936,3.4817549999570474
development,broad,broad_joint,assumption__radius_max__noise_correlated__scale_300,combined_cover,3,3,0,0,8931.838233333334,Synthetic design; no pooling across pools; time/tail quantiles conditional on completion.,3,8931.838233333334,9209.540478,9344.492808399998,9361.3618497,9378.230891,3,36307.52449170395,36642.70237693538,39149.46402985879,39462.80923647422,39776.15444308965,3,232.66666666666666,234,260.40000000000003,263.7,267,3,214.0,218,242.0,245.0,248,3,76.0,64,125.60000000000001,133.3,141,3,228.0,192.0,376.8,399.9,423.0,3,11.666666666666666,13,13.0,13.0,13,3,847.003248,1096.0818820000004,1375.1586659999996,1410.0432639999995,1444.9278619999995,3,28.0,30,49.2,51.599999999999994,54,3,7261.5048983407905,7328.540475387075,7829.892805971758,7892.561847294844,7955.230888617929,3,1163.3333333333333,1170.0,1302.0,1318.4999999999998,1335.0,3,267.0,234.0,418.8,441.9,465.0,3,26.0,28.0,28.0,28.0,28.0,3,2.8546048999608806,2.516601899988018,3.3518473399570214,3.456253019953146,3.560658699949272
development,broad,broad_joint,assumption__radius_max__noise_correlated__scale_300,coverage,3,3,0,0,9186.673591666668,Synthetic design; no pooling across pools; time/tail quantiles conditional on completion.,3,9186.673591666668,9312.795572,9766.6637208,9823.3972394,9880.130758,3,37246.70128544223,39245.65378452463,39408.31304007924,39428.64544702357,39448.977853967895,3,232.66666666666666,234,260.40000000000003,263.7,267,3,214.0,218,242.0,245.0,248,3,98.33333333333333,64,165.60000000000002,178.29999999999998,191,3,295.0,192.0,496.8,534.9,573.0,3,11.666666666666666,13,13.0,13.0,13,3,846.1631233333331,1093.5615079999989,1374.6545912000001,1409.7912266000003,1444.9278620000005,3,28.0,30,49.2,51.599999999999994,54,3,7449.3402570884455,7849.130756904926,7881.6626080158485,7885.729089404714,7889.795570793579,3,1163.3333333333333,1170.0,1302.0,1318.4999999999998,1335.0,3,334.0,234.0,538.8,576.9,615.0,3,26.0,28.0,28.0,28.0,28.0,3,2.5688870000109696,2.544073099968955,2.78321254006587,2.813104970077984,2.8429974000900984
development,broad,broad_joint,assumption__radius_max__noise_correlated__scale_300,current,3,3,0,0,10556.640453333333,Synthetic design; no pooling across pools; time/tail quantiles conditional on completion.,3,10556.640453333333,10139.674246,11256.8520772,11396.4993061,11536.146535,3,43034.86893415606,42158.37123240864,45864.26038413834,46327.49652810455,46790.732672070764,3,285.0,305,309.8,310.4,311,3,260.6666666666667,283,283.8,283.9,284,3,66.33333333333333,76,95.19999999999999,97.6,100,3,199.0,228.0,285.59999999999997,292.8,300.0,3,10.666666666666666,12,12.8,12.9,13,3,2264.3814866666667,3133.5869950000006,3554.3633710000004,3606.960418,3659.557465,3,73.0,84,124.8,129.9,135,3,8606.973786831213,8431.674246481727,9172.852076827668,9265.49930562091,9358.146534414152,3,1425.0,1525.0,1549.0,1552.0,1555.0,3,238.0,270.0,327.6,334.79999999999995,342.0,3,26.0,28.0,28.0,28.0,28.0,3,2.65123560000211,2.616090100025758,2.935717940004542,2.9756714200018903,3.0156248999992386
development,broad,broad_joint,assumption__radius_max__noise_correlated__scale_300,local_cover,3,3,0,0,10661.627783999998,Synthetic design; no pooling across pools; time/tail quantiles conditional on completion.,3,10661.627783999998,10132.15251,11566.162489199998,11745.4137366,11924.664984,3,43339.805589574426,42195.762558144495,46753.812446793636,47323.56868287478,47893.32491895592,3,285.0,305,309.8,310.4,311,3,260.6666666666667,283,283.8,283.9,284,3,81.0,71,139.0,147.49999999999997,156,3,243.0,213.0,417.0,442.49999999999994,468.0,3,11.0,13,13.0,13.0,13,3,2266.443566666667,3137.351837,3557.0534578,3609.5161604,3661.9788630000003,3,73.0,84,124.8,129.9,135,3,8667.961117914885,8439.1525116289,9350.762489358727,9464.713736574957,9578.664983791185,3,1425.0,1525.0,1549.0,1552.0,1555.0,3,282.0,255.0,459.0,484.49999999999994,510.0,3,26.0,28.0,28.0,28.0,28.0,3,3.1816877333136895,3.1518921999959275,3.6041285999817774,3.6606581499800086,3.71718769997824
development,broad,broad_joint,assumption__radius_max__noise_correlated__scale_75,combined_cover,3,3,0,0,9049.998884999999,Synthetic design; no pooling across pools; time/tail quantiles conditional on completion.,3,9049.998884999999,8900.289864,9321.330676,9373.960777499999,9426.590879,3,36988.32776343492,37176.449322924316,37225.653383847675,37231.803891463096,37237.95439907851,3,226.0,204,266.40000000000003,274.2,282,3,209.66666666666666,187,251.0,259.0,267,3,80.33333333333333,79,96.60000000000001,98.8,101,3,241.0,237.0,289.8,296.40000000000003,303.0,3,12.0,12,12.8,12.9,13,3,726.8971409999998,656.4167010000001,1094.4581689999995,1149.2133524999995,1203.9685359999994,3,19.666666666666668,15,27.0,28.499999999999996,30,3,7397.6655526869845,7435.289864584864,7445.130676769534,7446.360778292617,7447.590879815702,3,1130.0,1020.0,1332.0,1370.9999999999998,1410.0,3,284.0,276.0,333.6,340.8,348.0,3,28.666666666666668,30.0,30.0,30.0,30.0,3,3.0771745333525664,3.0065935000311583,3.485630620038137,3.545510260039009,3.6053899000398815
development,broad,broad_joint,assumption__radius_max__noise_correlated__scale_75,coverage,3,3,0,0,9022.104910666667,Synthetic design; no pooling across pools; time/tail quantiles conditional on completion.,3,9022.104910666667,8821.382142,9345.053962000002,9410.5129395,9475.971917,3,36893.8578824779,36931.91069012802,37290.26981540895,37335.06470606907,37379.859596729184,3,226.0,204,266.40000000000003,274.2,282,3,209.66666666666666,187,251.0,259.0,267,3,77.33333333333333,86,93.19999999999999,94.1,95,3,232.0,258.0,279.59999999999997,282.3,285.0,3,12.0,12,12.8,12.9,13,3,724.9526543333337,655.6147870000004,1093.8705893999995,1148.6525646999994,1203.4345399999993,3,19.666666666666668,15,27.0,28.499999999999996,30,3,7378.77157649558,7386.382138025603,7458.05396308179,7467.012941213813,7475.971919345837,3,1130.0,1020.0,1332.0,1370.9999999999998,1410.0,3,275.0,297.0,323.4,326.7,330.0,3,28.666666666666668,30.0,30.0,30.0,30.0,3,2.735893666627817,2.763095899950713,2.9273673399351536,2.9479012699332086,2.968435199931264
development,broad,broad_joint,assumption__radius_max__noise_correlated__scale_75,current,3,3,0,0,11169.631732333333,Synthetic design; no pooling across pools; time/tail quantiles conditional on completion.,3,11169.631732333333,11414.1287,11547.9888776,11564.7213998,11581.453922,3,45969.82533193053,44356.562870411675,48413.12826082451,48920.19893462612,49427.26960842772,3,278.3333333333333,229,349.0,364.0,379,3,254.33333333333334,203,327.79999999999995,343.4,359,3,86.0,90,94.0,94.5,95,3,258.0,270.0,282.0,283.5,285.0,3,13.0,13,13.8,13.899999999999999,14,3,953.7294073333329,1066.1482879999985,1649.2616048,1722.1507694000002,1795.0399340000004,3,22.666666666666668,28,37.6,38.800000000000004,40,3,9193.965066386105,8871.312574082334,9682.625652164903,9784.039786925225,9885.453921685545,3,1391.6666666666667,1145.0,1745.0,1819.9999999999998,1895.0,3,301.0,309.0,325.79999999999995,327.9,330.0,3,28.666666666666668,30.0,30.0,30.0,30.0,3,2.7802653333249814,2.8457801999757066,2.921147079975344,2.930567939975299,2.9399887999752536
development,broad,broad_joint,assumption__radius_max__noise_correlated__scale_75,local_cover,3,3,0,0,11221.711776000002,Synthetic design; no pooling across pools; time/tail quantiles conditional on completion.,3,11221.711776000002,11407.480103,11832.0902238,11885.166488900002,11938.242754,3,46110.22555156724,44092.40052605616,49259.451126438624,49905.332451486436,50551.21377653424,3,278.3333333333333,229,349.0,364.0,379,3,254.33333333333334,203,327.79999999999995,343.4,359,3,94.0,90,129.2,134.1,139,3,282.0,270.0,387.6,402.29999999999995,417.0,3,13.0,13,13.8,13.899999999999999,14,3,954.6547356666664,1069.315176,1649.5822599999992,1722.115645499999,1794.649030999999,3,22.666666666666668,28,37.6,38.800000000000004,40,3,9222.045110313447,8818.480105211233,9851.890225287725,9981.066490297286,10110.242755306848,3,1391.6666666666667,1145.0,1745.0,1819.9999999999998,1895.0,3,325.0,309.0,431.4,446.7,462.0,3,28.666666666666668,30.0,30.0,30.0,30.0,3,3.4057940666486197,3.3251572999870405,3.5780671399785207,3.609680869977456,3.6412945999763906
development,broad,broad_joint,assumption__radius_max__noise_deterministic__scale_150,combined_cover,3,3,0,0,9934.776641666665,Synthetic design; no pooling across pools; time/tail quantiles conditional on completion.,3,9934.776641666665,9843.842189,10081.9374282,10111.6993331,10141.461238,3,40682.216546772135,40535.13249741541,42076.871457860536,42269.58882791618,42462.30619797182,3,241.0,234,271.6,276.3,281,3,224.0,216,254.4,259.2,264,3,100.33333333333333,100,111.2,112.60000000000001,114,3,301.0,300.0,333.6,337.79999999999995,342.0,3,11.666666666666666,12,12.0,12.0,12,3,0.0,0.0,0.0,0.0,0.0,3,0.0,0,0.0,0.0,0,3,8136.443309354428,8107.026499483082,8415.374291572107,8453.917765583235,8492.461239594364,3,1205.0,1170.0,1358.0,1381.4999999999998,1405.0,3,342.0,339.0,377.4,382.2,387.0,3,27.333333333333332,26.0,29.2,29.599999999999998,30.0,3,3.220266599984219,3.378336500027217,3.5544405799591914,3.576453589950688,3.598466599942185
development,broad,broad_joint,assumption__radius_max__noise_deterministic__scale_150,coverage,3,3,0,0,9967.267542333333,Synthetic design; no pooling across pools; time/tail quantiles conditional on completion.,3,9967.267542333333,10020.196695,10171.5481406,10190.4670713,10209.386002,3,40854.67104568384,41856.93001251722,41964.17278068171,41977.57812670227,41990.98347272283,3,241.0,234,271.6,276.3,281,3,224.0,216,254.4,259.2,264,3,99.66666666666667,105,124.2,126.60000000000001,129,3,299.0,315.0,372.6,379.79999999999995,387.0,3,11.666666666666666,12,12.0,12.0,12,3,0.0,0.0,0.0,0.0,0.0,3,0.0,0,0.0,0.0,0,3,8170.934209136768,8371.386002503445,8392.834556136342,8395.515625340453,8398.196694544566,3,1205.0,1170.0,1358.0,1381.4999999999998,1405.0,3,340.0,360.0,412.8,419.4,426.0,3,27.333333333333332,26.0,29.2,29.599999999999998,30.0,3,2.7322606000040346,2.7177878000074998,2.7947686800034717,2.804391290002968,2.8140139000024647
development,broad,broad_joint,assumption__radius_max__noise_deterministic__scale_150,current,3,3,0,0,10521.813405666666,Synthetic design; no pooling across pools; time/tail quantiles conditional on completion.,3,10521.813405666666,10514.696091,10733.372691,10760.707266,10788.041841,3,42860.73370797243,41998.480458911596,44427.86346985246,44731.53634622008,45035.209222587684,3,291.6666666666667,303,314.2,315.59999999999997,317,3,268.0,280,291.2,292.59999999999997,294,3,51.666666666666664,57,65.0,66.0,67,3,155.0,171.0,195.0,198.0,201.0,3,10.666666666666666,11,11.0,11.0,11,3,1055.704701,1397.3727319999998,1695.2676431999998,1732.5045071,1769.741371,3,24.666666666666668,25,44.2,46.599999999999994,49,3,8572.146741594486,8399.69609178232,8885.572693970493,8946.307269244015,9007.041844517536,3,1458.3333333333333,1515.0,1571.0,1578.0,1585.0,3,196.0,210.0,238.8,242.4,246.0,3,27.333333333333332,26.0,29.2,29.599999999999998,30.0,3,2.729665133326004,2.8289674000116065,2.988860439998098,3.008847069996409,3.0288336999947205
development,broad,broad_joint,assumption__radius_max__noise_deterministic__scale_150,local_cover,3,3,0,0,10649.513959,Synthetic design; no pooling across pools; time/tail quantiles conditional on completion.,3,10649.513959,10697.372285,11137.9908874,11193.0682127,11248.145538,3,43224.236482939436,42611.8614260782,45706.954461457986,46093.841090880465,46480.72772030294,3,291.6666666666667,303,314.2,315.59999999999997,317,3,268.0,280,291.2,292.59999999999997,294,3,70.0,77,114.6,119.3,124,3,210.0,231.0,343.8,357.9,372.0,3,10.666666666666666,11,11.0,11.0,11,3,1054.9086243333331,1396.498087,1693.8818461999997,1731.0548160999997,1768.2277859999995,3,24.666666666666668,25,44.2,46.599999999999994,49,3,8644.847296587888,8522.372285215639,9141.390892291598,9218.768218176092,9296.145544060588,3,1458.3333333333333,1515.0,1571.0,1578.0,1585.0,3,251.0,270.0,387.6,402.29999999999995,417.0,3,27.333333333333332,26.0,29.2,29.599999999999998,30.0,3,3.23674090000956,3.478657800005749,3.7468113200273367,3.780330510030035,3.8138497000327334
development,broad,broad_joint,assumption__radius_max__noise_deterministic__scale_300,combined_cover,3,3,0,0,8825.557739666667,Synthetic design; no pooling across pools; time/tail quantiles conditional on completion.,3,8825.557739666667,8973.408796,9509.4704984,9576.4782112,9643.485924,3,35969.4553693762,36532.0439790129,38828.35251104595,39115.391077550084,39402.42964405422,3,215.66666666666666,218,230.0,231.5,233,3,200.66666666666666,203,213.4,214.7,216,3,92.0,74,118.8,124.39999999999999,130,3,276.0,222.0,356.4,373.2,390.0,3,14.666666666666666,14,15.6,15.8,16,3,0.0,0.0,0.0,0.0,0.0,3,0.0,0,0.0,0.0,0,3,7193.891073875239,7306.40879580258,7765.670502209192,7823.078215510018,7880.485928810844,3,1078.3333333333333,1090.0,1150.0,1157.5,1165.0,3,322.0,270.0,404.40000000000003,421.2,438.0,3,30.666666666666668,32.0,32.0,32.0,32.0,3,3.4387019333662465,3.4485312000615522,3.970263360044919,4.03547988004284,4.100696400040761
development,broad,broad_joint,assumption__radius_max__noise_deterministic__scale_300,coverage,3,3,0,0,9026.966942666666,Synthetic design; no pooling across pools; time/tail quantiles conditional on completion.,3,9026.966942666666,9075.011213,9724.7973882,9806.0206601,9887.243932,3,36686.501378170215,36890.056066198325,39622.98694978551,39964.60331023391,40306.21967068231,3,215.66666666666666,218,230.0,231.5,233,3,200.66666666666666,203,213.4,214.7,216,3,111.33333333333333,101,141.0,146.0,151,3,334.0,303.0,423.0,437.99999999999994,453.0,3,14.666666666666666,14,15.6,15.8,16,3,0.0,0.0,0.0,0.0,0.0,3,0.0,0,0.0,0.0,0,3,7337.300275634043,7378.011213239665,7924.597389957103,7992.920662046782,8061.243934136462,3,1078.3333333333333,1090.0,1150.0,1157.5,1165.0,3,380.0,351.0,471.0,486.0,501.0,3,30.666666666666668,32.0,32.0,32.0,32.0,3,2.9342646666724854,2.973218600032851,3.4250005200039593,3.4814732600003477,3.5379459999967366
development,broad,broad_joint,assumption__radius_max__noise_deterministic__scale_300,current,3,3,0,0,11893.449843333334,Synthetic design; no pooling across pools; time/tail quantiles conditional on completion.,3,11893.449843333334,11629.52403,13376.2145868,13594.5509064,13812.887226,3,49298.915878397114,49192.62014088638,55630.07292801248,56434.75452640324,57239.436124794,3,245.66666666666666,224,276.8,283.40000000000003,290,3,223.66666666666666,202,255.60000000000002,262.29999999999995,269,3,168.33333333333334,132,283.2,302.09999999999997,321,3,505.0,396.0,849.6000000000001,906.3,963.0,3,13.0,13,14.6,14.799999999999999,15,3,574.0914130000001,0.0,1377.8193912000004,1550.0468151000002,1722.2742390000003,3,14.0,0,33.6,37.8,42,3,9859.78317567942,9838.524028177275,11126.014585602496,11286.950905280648,11447.8872249588,3,1228.3333333333333,1120.0,1384.0,1416.9999999999998,1450.0,3,551.0,444.0,897.6,954.3,1011.0,3,30.666666666666668,32.0,32.0,32.0,32.0,3,3.0010814333024123,3.022233200026676,3.5510659999679777,3.61717009996064,3.6832741999533027
development,broad,broad_joint,assumption__radius_max__noise_deterministic__scale_300,local_cover,3,3,0,0,11499.098359000001,Synthetic design; no pooling across pools; time/tail quantiles conditional on completion.,3,11499.098359000001,11133.329921,12791.5983706,12998.8819268,13206.165483,3,47877.15846772088,47641.64961205911,53336.99185664971,54048.90963722352,54760.82741779735,3,245.66666666666666,224,276.8,283.40000000000003,290,3,223.66666666666666,202,255.60000000000002,262.29999999999995,269,3,131.66666666666666,70,241.20000000000002,262.59999999999997,284,3,395.0,210.0,723.6,787.8,852.0,3,13.0,13,14.6,14.799999999999999,15,3,574.0914130000001,0.0,1377.8193912000004,1550.0468151000002,1722.2742390000003,3,14.0,0,33.6,37.8,42,3,9575.431693544177,9528.329922411822,10667.398371329942,10809.781927444707,10952.16548355947,3,1228.3333333333333,1120.0,1384.0,1416.9999999999998,1450.0,3,441.0,258.0,771.6,835.8,900.0,3,30.666666666666668,32.0,32.0,32.0,32.0,3,3.7666818000143394,3.3089283000444993,4.987348700012081,5.197151250008028,5.406953800003976
development,broad,broad_joint,assumption__radius_max__noise_deterministic__scale_75,combined_cover,3,3,0,0,9999.653640333334,Synthetic design; no pooling across pools; time/tail quantiles conditional on completion.,3,9999.653640333334,9936.747203,10139.1765782,10164.480250100001,10189.783922,3,40451.60153667445,39697.14899033018,42210.565493616974,42524.742556527824,42838.919619438675,3,238.66666666666666,230,283.6,290.29999999999995,297,3,223.0,215,267.8,274.4,281,3,141.0,143,161.4,163.7,166,3,423.0,429.0,484.20000000000005,491.09999999999997,498.0,3,13.0,12,14.399999999999999,14.7,15,3,0.0,0.0,0.0,0.0,0.0,3,0.0,0,0.0,0.0,0,3,8090.32030733489,7939.429798066036,8442.113098723396,8504.948511305565,8567.783923887735,3,1193.3333333333333,1150.0,1418.0,1451.4999999999998,1485.0,3,465.0,474.0,526.8,533.4,540.0,3,28.0,28.0,29.599999999999998,29.799999999999997,30.0,3,3.5480210666622347,3.4641212000278756,3.766172319999896,3.8039287099963985,3.841685099992901
development,broad,broad_joint,assumption__radius_max__noise_deterministic__scale_75,coverage,3,3,0,0,10101.458695666666,Synthetic design; no pooling across pools; time/tail quantiles conditional on completion.,3,10101.458695666666,10055.516622,10556.3210692,10618.9216251,10681.522181,3,40990.62680790804,40597.58312196143,43853.605341905815,44260.60811939886,44667.61089689191,3,238.66666666666666,230,283.6,290.29999999999995,297,3,223.0,215,267.8,274.4,281,3,139.0,167,181.39999999999998,183.2,185,3,417.0,501.0,544.1999999999999,549.6,555.0,3,13.0,12,14.399999999999999,14.7,15,3,0.0,0.0,0.0,0.0,0.0,3,0.0,0,0.0,0.0,0,3,8198.125361581608,8119.516624392285,8770.721068381163,8852.121623879773,8933.522179378382,3,1193.3333333333333,1150.0,1418.0,1451.4999999999998,1485.0,3,459.0,543.0,588.6,594.3000000000001,600.0,3,28.0,28.0,29.599999999999998,29.799999999999997,30.0,3,2.7817082333688936,2.833651600056328,2.916971999988891,2.9273870499804615,2.937802099972032
development,broad,broad_joint,assumption__radius_max__noise_deterministic__scale_75,current,3,3,0,0,11609.670531666668,Synthetic design; no pooling across pools; time/tail quantiles conditional on completion.,3,11609.670531666668,11815.27719,11973.934422,11993.766576,12013.59873,3,47690.01933322686,47746.38595963096,48655.67211695136,48769.332886616416,48882.99365628146,3,277.0,266,313.2,319.09999999999997,325,3,253.66666666666666,240,290.4,296.7,303,3,121.0,91,177.4,188.2,199,3,363.0,273.0,532.2,564.6,597.0,3,13.333333333333334,14,14.799999999999999,14.899999999999999,15,3,0.0,0.0,0.0,0.0,0.0,3,0.0,0,0.0,0.0,0,3,9538.003866645371,9549.277191926192,9731.134423390273,9753.86657732328,9776.598731256292,3,1385.0,1330.0,1566.0,1595.5,1625.0,3,405.0,312.0,573.6,606.3,639.0,3,28.0,28.0,29.599999999999998,29.799999999999997,30.0,3,2.8856576666391143,2.858272399986163,3.02654087995179,3.047574439947493,3.0686079999431968
development,broad,broad_joint,assumption__radius_max__noise_deterministic__scale_75,local_cover,3,3,0,0,11516.992666,Synthetic design; no pooling across pools; time/tail quantiles conditional on completion.,3,11516.992666,11809.410207,11937.231778200001,11953.2094746,11969.187171,3,47231.6300081874,48005.93586895695,48022.828007867814,48024.939525231675,48027.05104259553,3,277.0,266,313.2,319.09999999999997,325,3,253.66666666666666,240,290.4,296.7,303,3,120.66666666666667,125,175.4,181.7,188,3,362.0,375.0,526.2,545.1,564.0,3,13.333333333333334,14,14.799999999999999,14.899999999999999,15,3,0.0,0.0,0.0,0.0,0.0,3,0.0,0,0.0,0.0,0,3,9446.32600163748,9601.18717379139,9604.565601573562,9604.987905046335,9605.410208519106,3,1385.0,1330.0,1566.0,1595.5,1625.0,3,404.0,414.0,567.6,586.8,606.0,3,28.0,28.0,29.599999999999998,29.799999999999997,30.0,3,3.7048990666711084,3.6890109000960365,4.239771300018765,4.308616350009106,4.377461399999447
development,broad,broad_joint,assumption__radius_max__noise_extreme__scale_150,combined_cover,3,3,0,0,9136.746821333334,Synthetic design; no pooling across pools; time/tail quantiles conditional on completion.,3,9136.746821333334,9127.310567,9707.0883118,9779.5605299,9852.032748,3,36920.400783267454,37121.552836314455,38356.44157185399,38510.802663796436,38665.163755738875,3,255.33333333333334,246,297.2,303.6,310,3,237.0,227,278.2,284.6,291,3,58.0,62,69.2,70.1,71,3,174.0,186.0,207.6,210.3,213.0,3,12.333333333333334,12,12.8,12.9,13,3,900.4716870000002,846.3386380000002,1653.3288660000003,1754.2026445000001,1855.0764230000004,3,29.333333333333332,24,56.0,60.0,64,3,7384.080156653491,7424.310567262891,7671.288314370799,7702.160532759287,7733.032751147775,3,1276.6666666666667,1230.0,1486.0,1518.0,1550.0,3,213.0,222.0,246.0,249.0,252.0,3,26.0,26.0,27.6,27.799999999999997,28.0,3,2.9679254000851265,3.069623100105673,3.2445733400993046,3.2664421200985085,3.288310900097713
development,broad,broad_joint,assumption__radius_max__noise_extreme__scale_150,coverage,3,3,0,0,9107.120825,Synthetic design; no pooling across pools; time/tail quantiles conditional on completion.,3,9107.120825,9128.765225,9599.6601514,9658.5220172,9717.383883,3,36877.27079415709,37188.826117279874,38059.30075490408,38168.1100846071,38276.91941431013,3,255.33333333333334,246,297.2,303.6,310,3,237.0,227,278.2,284.6,291,3,51.0,52,56.800000000000004,57.4,58,3,153.0,156.0,170.4,172.20000000000002,174.0,3,12.0,12,12.8,12.9,13,3,900.6241176666666,846.3386380000002,1653.6946995999997,1754.6142072999996,1855.5337149999996,3,29.333333333333332,24,56.0,60.0,64,3,7375.45415883142,7437.765223455975,7611.860150980815,7633.62201692142,7655.3838828620255,3,1276.6666666666667,1230.0,1486.0,1518.0,1550.0,3,192.0,195.0,207.0,208.5,210.0,3,26.0,26.0,27.6,27.799999999999997,28.0,3,2.5436703333398327,2.5501186000183225,2.7834078799933195,2.812569039990194,2.8417301999870688
development,broad,broad_joint,assumption__radius_max__noise_extreme__scale_150,current,3,3,0,0,10748.874599333334,Synthetic design; no pooling across pools; time/tail quantiles conditional on completion.,3,10748.874599333334,10738.826642,11121.515206799999,11169.3512774,11217.187348,3,43877.706331725865,43989.13321184947,45650.576027233066,45858.25637915602,46065.93673107897,3,281.3333333333333,288,291.2,291.59999999999997,292,3,258.6666666666667,265,268.2,268.59999999999997,269,3,81.0,70,96.4,99.69999999999999,103,3,243.0,210.0,289.2,299.09999999999997,309.0,3,10.333333333333334,10,11.600000000000001,11.8,12,3,785.1271336666663,1129.4860790000002,1206.6134733999988,1216.2543976999987,1225.8953219999985,3,23.333333333333332,30,38.0,39.0,40,3,8775.541266345172,8797.826642369893,9130.115205446613,9171.651275831202,9213.187346215793,3,1406.6666666666667,1440.0,1456.0,1458.0,1460.0,3,282.0,249.0,330.6,340.8,351.0,3,26.0,26.0,27.6,27.799999999999997,28.0,3,2.5631064000384263,2.6434638000791892,2.6743955600773917,2.6782620300771667,2.682128500076942
development,broad,broad_joint,assumption__radius_max__noise_extreme__scale_150,local_cover,3,3,0,0,10632.589738333334,Synthetic design; no pooling across pools; time/tail quantiles conditional on completion.,3,10632.589738333334,10665.140152,11165.320851199998,11227.843438599999,11290.366026,3,43326.28203102443,43305.70077175466,45662.60425234833,45957.217187422546,46251.83012249675,3,281.3333333333333,288,291.2,291.59999999999997,292,3,258.6666666666667,265,268.2,268.59999999999997,269,3,79.0,82,115.6,119.8,124,3,237.0,246.0,346.8,359.4,372.0,3,10.333333333333334,10,11.600000000000001,11.8,12,3,784.9662416666664,1128.9464119999993,1206.5511327999998,1216.2517228999998,1225.9523129999998,3,23.333333333333332,30,38.0,39.0,40,3,8665.256406204886,8661.140154350931,9132.520850469666,9191.443437484508,9250.36602449935,3,1406.6666666666667,1440.0,1456.0,1458.0,1460.0,3,276.0,285.0,388.20000000000005,401.09999999999997,414.0,3,26.0,26.0,27.6,27.799999999999997,28.0,3,3.1480156333418563,3.250538200023584,3.3415460400050505,3.352922020002734,3.3642980000004172
development,broad,broad_joint,assumption__radius_max__noise_extreme__scale_300,combined_cover,3,3,0,0,8844.247874666667,Synthetic design; no pooling across pools; time/tail quantiles conditional on completion.,3,8844.247874666667,8753.948022,9302.291534,9370.834472999999,9439.377412,3,34974.57270638229,34259.740116341854,37385.457664384565,37776.172357889904,38166.88705139524,3,289.6666666666667,296,299.2,299.6,300,3,271.0,277,280.2,280.6,281,3,25.0,30,39.6,40.8,42,3,75.0,90.0,118.80000000000001,122.4,126.0,3,9.0,8,10.4,10.7,11,3,719.9776333333335,956.0730990000002,1154.3024606000004,1179.0811308000004,1203.8598010000005,3,28.666666666666668,36,47.199999999999996,48.599999999999994,50,3,6994.914541276458,6851.948023268371,7477.091532876913,7555.234471577981,7633.3774102790485,3,1448.3333333333333,1480.0,1496.0,1498.0,1500.0,3,108.0,123.0,154.2,158.1,162.0,3,22.0,22.0,23.6,23.8,24.0,3,2.5813070999768875,2.6078843999421224,2.6913427199935542,2.701775009999983,2.712207300006412
development,broad,broad_joint,assumption__radius_max__noise_extreme__scale_300,coverage,3,3,0,0,8893.305755333333,Synthetic design; no pooling across pools; time/tail quantiles conditional on completion.,3,8893.305755333333,8819.794129,9355.8835722,9422.8947526,9489.905933,3,35154.86210756325,34483.9706465021,37596.41784694505,37985.47374700042,38374.52964705579,3,289.6666666666667,296,299.2,299.6,300,3,271.0,277,280.2,280.6,281,3,29.333333333333332,37,43.4,44.199999999999996,45,3,88.0,111.0,130.2,132.6,135.0,3,9.0,8,10.4,10.7,11,3,719.7049173333335,955.8171860000002,1153.8014900000003,1178.5495280000002,1203.2975660000002,3,28.666666666666668,36,47.199999999999996,48.599999999999994,50,3,7030.972421512649,6896.7941293004205,7519.28356938901,7597.094749400084,7674.905929411158,3,1448.3333333333333,1480.0,1496.0,1498.0,1500.0,3,121.0,144.0,165.6,168.29999999999998,171.0,3,22.0,22.0,23.6,23.8,24.0,3,2.2592161333110803,2.322023899992928,2.3681674999650566,2.373935449961573,2.379703399958089
development,broad,broad_joint,assumption__radius_max__noise_extreme__scale_300,current,3,3,0,0,10351.965290333334,Synthetic design; no pooling across pools; time/tail quantiles conditional on completion.,3,10351.965290333334,10275.745371,10618.350768600001,10661.1764433,10704.002118,3,39894.82646254003,39938.726859626004,41367.75385244923,41546.38222655212,41725.01060065503,3,352.3333333333333,361,364.2,364.59999999999997,365,3,328.3333333333333,338,338.79999999999995,338.9,339,3,76.0,91,107.80000000000001,109.89999999999999,112,3,228.0,273.0,323.4,329.7,336.0,3,7.666666666666667,7,8.6,8.8,9,3,2201.066763,1913.228282,3200.7150932000004,3361.6509446,3522.5867960000005,3,80.0,64,124.8,132.39999999999998,140,3,7978.965292508005,7987.745371925201,8273.550770489845,8309.276445310425,8345.002120131005,3,1761.6666666666667,1805.0,1821.0,1823.0,1825.0,3,261.0,306.0,358.8,365.4,372.0,3,22.0,22.0,23.6,23.8,24.0,3,2.5595656333413594,2.510797700029798,2.692118340008892,2.714783420006279,2.7374485000036657
development,broad,broad_joint,assumption__radius_max__noise_extreme__scale_300,local_cover,3,3,0,0,10277.758214333333,Synthetic design; no pooling across pools; time/tail quantiles conditional on completion.,3,10277.758214333333,10333.894489,10710.251537799999,10757.2961689,10804.3408,3,39513.79108147376,40169.4724537487,41299.25769943232,41440.48085514277,41581.704010853224,3,352.3333333333333,361,364.2,364.59999999999997,365,3,328.3333333333333,338,338.79999999999995,338.9,339,3,76.66666666666667,46,133.2,144.1,155,3,230.0,138.0,399.6,432.29999999999995,465.0,3,8.0,8,8.8,8.9,9,3,2199.770873333334,1915.9149280000001,3195.9929704000006,3356.0027257000006,3516.0124810000007,3,80.0,64,124.8,132.39999999999998,140,3,7902.758216294752,8033.89449074974,8259.851539886464,8288.096171028556,8316.340802170645,3,1761.6666666666667,1805.0,1821.0,1823.0,1825.0,3,263.0,171.0,435.0,468.0,501.0,3,22.0,22.0,23.6,23.8,24.0,3,2.8748842333443463,3.008301299996674,3.0142269800417125,3.0149676900473423,3.015708400052972
development,broad,broad_joint,assumption__radius_max__noise_extreme__scale_75,combined_cover,3,3,0,0,9201.421947333334,Synthetic design; no pooling across pools; time/tail quantiles conditional on completion.,3,9201.421947333334,9047.551674,9812.427114,9908.036543999999,10003.645974,3,37162.1097437633,36172.75837533561,40093.135580527596,40583.18273117659,41073.22988182559,3,247.0,243,254.20000000000002,255.6,257,3,229.66666666666666,227,237.39999999999998,238.7,240,3,78.66666666666667,89,103.4,105.2,107,3,236.0,267.0,310.2,315.6,321.0,3,11.333333333333334,12,12.8,12.9,13,3,306.2052686666666,0.0,734.8926447999999,826.7542253999998,918.6158059999998,3,10.666666666666666,0,25.6,28.799999999999997,32,3,7432.42194875266,7234.551675067121,8018.627116105518,8116.636546235319,8214.645976365118,3,1235.0,1215.0,1271.0,1278.0,1285.0,3,277.0,315.0,351.0,355.5,360.0,3,27.333333333333332,26.0,30.8,31.4,32.0,3,2.9675643333854773,3.134452600032091,3.416125960089266,3.451335130096413,3.48654430010356
development,broad,broad_joint,assumption__radius_max__noise_extreme__scale_75,coverage,3,3,0,0,9494.241710333334,Synthetic design; no pooling across pools; time/tail quantiles conditional on completion.,3,9494.241710333334,9823.182486,10015.4314468,10039.4625669,10063.493687,3,38206.208547440714,38910.91242581024,40820.15723454835,41058.81283564061,41297.468436732874,3,247.0,243,254.20000000000002,255.6,257,3,229.66666666666666,227,237.39999999999998,238.7,240,3,106.66666666666667,94,165.2,174.1,183,3,320.0,282.0,495.6,522.3,549.0,3,11.333333333333334,12,12.8,12.9,13,3,306.2052686666666,0.0,734.8926447999999,826.7542253999998,918.6158059999998,3,10.666666666666666,0,25.6,28.799999999999997,32,3,7641.241709488142,7782.182485162048,8164.031446909668,8211.76256712812,8259.493687346574,3,1235.0,1215.0,1271.0,1278.0,1285.0,3,361.0,330.0,536.4,562.1999999999999,588.0,3,27.333333333333332,26.0,30.8,31.4,32.0,3,2.696339000016451,2.970120400073938,3.094918320025317,3.1105180600192397,3.126117800013162
development,broad,broad_joint,assumption__radius_max__noise_extreme__scale_75,current,3,3,0,0,11737.112023,Synthetic design; no pooling across pools; time/tail quantiles conditional on completion.,3,11737.112023,11836.431772,12963.346324,13104.210643,13245.074962,3,47093.89345053045,47417.15887156983,52503.73162240892,53139.55321626381,53775.3748101187,3,308.3333333333333,308,317.59999999999997,318.8,320,3,285.3333333333333,285,296.2,297.59999999999997,299,3,141.0,177,191.39999999999998,193.2,195,3,423.0,531.0,574.1999999999999,579.6,585.0,3,10.666666666666666,11,12.6,12.8,13,3,445.78016099999996,0.0,1069.8723864,1203.6064347,1337.340483,3,13.333333333333334,0,32.0,36.0,40,3,9418.77869010609,9483.431774313965,10500.746324481786,10627.910643252762,10755.07496202374,3,1541.6666666666667,1540.0,1588.0,1594.0,1600.0,3,464.0,570.0,620.4,626.6999999999999,633.0,3,27.333333333333332,26.0,30.8,31.4,32.0,3,2.9681434333324432,2.8528347000246868,3.2877294199308382,3.342091259919107,3.396453099907376
development,broad,broad_joint,assumption__radius_max__noise_extreme__scale_75,local_cover,3,3,0,0,11451.679626333333,Synthetic design; no pooling across pools; time/tail quantiles conditional on completion.,3,11451.679626333333,11405.59077,12320.8464476,12435.2534073,12549.660367,3,46106.731477065296,46042.953863160605,50287.232251535184,50817.767050082,51348.30184862883,3,308.3333333333333,308,317.59999999999997,318.8,320,3,285.3333333333333,285,296.2,297.59999999999997,299,3,111.66666666666667,125,125.0,125.0,125,3,335.0,375.0,375.0,375.0,375.0,3,10.666666666666666,11,12.6,12.8,13,3,446.03324366666675,0.0,1070.4797848000003,1204.2897579,1338.0997310000002,3,13.333333333333334,0,32.0,36.0,40,3,9221.34629541306,9208.59077263212,10057.446450307036,10163.5534100164,10269.660369725765,3,1541.6666666666667,1540.0,1588.0,1594.0,1600.0,3,376.0,414.0,421.20000000000005,422.1,423.0,3,27.333333333333332,26.0,30.8,31.4,32.0,3,3.379775800043717,3.2753761000931263,3.7540783400647344,3.813916120061185,3.873753900057636
development,broad,broad_joint,assumption__radius_min__noise_correlated__scale_150,combined_cover,3,3,0,0,7870.111625666667,Synthetic design; no pooling across pools; time/tail quantiles conditional on completion.,3,7870.111625666667,7850.978159,7914.7425358,7922.713082900001,7930.68363,3,30058.891460351148,30253.365424692456,31406.585726953286,31550.738264735886,31694.89080251849,3,290.0,276,346.4,355.2,364,3,273.6666666666667,261,329.0,337.5,346,3,24.333333333333332,24,25.6,25.8,26,3,73.0,72.0,76.8,77.39999999999999,78.0,3,10.0,10,10.8,10.899999999999999,11,3,769.7551623333333,1039.6892529999996,1223.5988378,1246.5875359000001,1269.576234,3,28.333333333333332,35,47.0,48.49999999999999,50,3,6011.778292070229,6050.673084938491,6281.317145390656,6310.147652947177,6338.978160503698,3,1450.0,1380.0,1732.0,1776.0,1820.0,3,110.0,111.0,118.19999999999999,119.1,120.0,3,24.666666666666668,26.0,27.6,27.799999999999997,28.0,3,2.5748480999997505,2.5371696000220254,2.692163599957712,2.7115378499496727,2.7309120999416336
development,broad,broad_joint,assumption__radius_min__noise_correlated__scale_150,coverage,3,3,0,0,8011.399097999999,Synthetic design; no pooling across pools; time/tail quantiles conditional on completion.,3,8011.399097999999,8003.598483,8089.503814199999,8100.2419806,8110.980147,3,30515.32882390353,31184.900740823203,31759.454804164532,31831.2740620822,31903.093319999865,3,290.0,276,346.4,355.2,364,3,273.6666666666667,261,329.0,337.5,346,3,41.0,35,51.800000000000004,53.89999999999999,56,3,123.0,105.0,155.4,161.7,168.0,3,10.0,10,10.8,10.899999999999999,11,3,768.7059573333332,1038.2050399999998,1221.9712736,1244.9420527999998,1267.912832,3,28.333333333333332,35,47.0,48.49999999999999,50,3,6103.065764780706,6236.980148164641,6351.890960832907,6366.2548124164405,6380.618663999973,3,1450.0,1380.0,1732.0,1776.0,1820.0,3,160.0,147.0,195.00000000000003,201.0,207.0,3,24.666666666666668,26.0,27.6,27.799999999999997,28.0,3,2.4337496333367503,2.29198360000737,2.68610671996139,2.7353721099556423,2.784637499949895
development,broad,broad_joint,assumption__radius_min__noise_correlated__scale_150,current,3,3,0,0,10134.685520666666,Synthetic design; no pooling across pools; time/tail quantiles conditional on completion.,3,10134.685520666666,9966.863216,10723.559784000001,10818.146854999999,10912.733926,3,39356.760942617606,38442.29711569357,40691.39513094341,40972.53238284964,41253.669634755875,3,345.6666666666667,354,390.0,394.5,399,3,322.3333333333333,331,365.4,369.7,374,3,50.333333333333336,42,73.19999999999999,77.1,81,3,151.0,126.0,219.6,231.3,243.0,3,9.0,9,9.799999999999999,9.9,10,3,408.258198333333,0.0,979.8196759999992,1102.297135499999,1224.774594999999,3,11.666666666666666,0,28.0,31.499999999999996,35,3,7871.352188523521,7688.459423138714,8138.279026188683,8194.50647656993,8250.733926951176,3,1728.3333333333333,1770.0,1950.0,1972.5,1995.0,3,188.0,165.0,251.4,262.2,273.0,3,24.666666666666668,26.0,27.6,27.799999999999997,28.0,3,2.6043061000139764,2.5331251000752673,2.742318700044416,2.7684679000405596,2.794617100036703
development,broad,broad_joint,assumption__radius_min__noise_correlated__scale_150,local_cover,3,3,0,0,10037.233052666668,Synthetic design; no pooling across pools; time/tail quantiles conditional on completion.,3,10037.233052666668,9822.709171,10685.0897622,10792.887336099999,10900.68491,3,38939.498603553635,38001.525397718564,40339.04472839866,40631.23464473367,40923.424561068685,3,345.6666666666667,354,390.0,394.5,399,3,322.3333333333333,331,365.4,369.7,374,3,45.666666666666664,26,84.4,91.7,99,3,137.0,78.0,253.20000000000002,275.09999999999997,297.0,3,9.0,9,9.799999999999999,9.9,10,3,407.59347333333363,0.0,978.2243360000008,1100.5023780000008,1222.780420000001,3,11.666666666666666,0,28.0,31.499999999999996,35,3,7787.899720710727,7600.305079543713,8067.808945679733,8126.246928946735,8184.684912213737,3,1728.3333333333333,1770.0,1950.0,1972.5,1995.0,3,174.0,117.0,285.0,305.99999999999994,327.0,3,24.666666666666668,26.0,27.6,27.799999999999997,28.0,3,2.8871834666933864,2.7223408001009375,3.181819440005347,3.239254269993398,3.2966890999814495
development,broad,broad_joint,assumption__radius_min__noise_correlated__scale_300,combined_cover,3,3,0,0,8447.642505666667,Synthetic design; no pooling across pools; time/tail quantiles conditional on completion.,3,8447.642505666667,8225.70349,8893.2694332,8976.7151761,9060.160919,3,31849.879198887033,30728.517447794537,33794.3471734044,34177.57588910564,34560.80460480687,3,317.0,320,328.8,329.9,331,3,299.6666666666667,303,311.0,312.0,313,3,44.333333333333336,19,83.8,91.89999999999999,100,3,133.0,57.0,251.4,275.7,300.0,3,9.333333333333334,9,9.799999999999999,9.9,10,3,333.8022006666667,0.0,801.1252816000001,901.2659418,1001.406602,3,10.666666666666666,0,25.6,28.799999999999997,32,3,6369.975839777407,6145.703489558908,6758.869434680881,6835.5151778211275,6912.160920961374,3,1585.0,1600.0,1644.0,1649.5,1655.0,3,169.0,90.0,289.2,314.09999999999997,339.0,3,24.0,24.0,25.6,25.8,26.0,3,2.8119651999635003,2.796765699982643,3.0662946599535643,3.0999857799499293,3.1336768999462947
development,broad,broad_joint,assumption__radius_min__noise_correlated__scale_300,coverage,3,3,0,0,8451.854974666667,Synthetic design; no pooling across pools; time/tail quantiles conditional on completion.,3,8451.854974666667,8289.008981,8682.453220200001,8731.633750100002,8780.81428,3,31905.94154077039,31000.044916211875,33247.2660996038,33528.168747527794,33809.071395451785,3,317.0,320,328.8,329.9,331,3,299.6666666666667,303,311.0,312.0,313,3,42.0,42,54.0,55.5,57,3,126.0,126.0,162.0,166.5,171.0,3,9.333333333333334,9,9.799999999999999,9.9,10,3,333.802200666667,0.0,801.1252816000008,901.2659418000007,1001.4066020000009,3,10.666666666666666,0,25.6,28.799999999999997,32,3,6381.188308154077,6200.008983242375,6649.453219920761,6705.633749505559,6761.814279090357,3,1585.0,1600.0,1644.0,1649.5,1655.0,3,162.0,162.0,200.39999999999998,205.2,210.0,3,24.0,24.0,25.6,25.8,26.0,3,2.5253971666873745,2.5023096000077203,2.6934608000563456,2.717354700062424,2.741248600068502
development,broad,broad_joint,assumption__radius_min__noise_correlated__scale_300,current,3,3,0,0,9839.929440333333,Synthetic design; no pooling across pools; time/tail quantiles conditional on completion.,3,9839.929440333333,10075.349142,10122.3370572,10128.210546600001,10134.084036,3,37489.64720679177,39430.4201827047,39439.480615335284,39440.613169414115,39441.74572349293,3,364.3333333333333,345,396.20000000000005,402.6,409,3,341.3333333333333,322,373.2,379.6,386,3,39.666666666666664,37,45.0,46.0,47,3,119.0,111.0,135.0,138.0,141.0,3,10.0,10,10.8,10.899999999999999,11,3,280.55574533333373,0.0,673.333788800001,757.500512400001,841.6672360000011,3,9.0,0,21.6,24.299999999999997,27,3,7497.929441358355,7886.08403654094,7887.896123067057,7888.122633882822,7888.349144698586,3,1821.6666666666667,1725.0,1981.0,2013.0,2045.0,3,155.0,150.0,171.6,174.3,177.0,3,24.0,24.0,25.6,25.8,26.0,3,2.599101866634252,2.617500999942422,2.6773887599818407,2.684874729986768,2.6923606999916956
development,broad,broad_joint,assumption__radius_min__noise_correlated__scale_300,local_cover,3,3,0,0,9735.026209666667,Synthetic design; no pooling across pools; time/tail quantiles conditional on completion.,3,9735.026209666667,9922.552145,10025.4980074,10038.3662402,10051.234473,3,37215.13106143911,38747.76074079607,39350.49005309366,39425.83121713086,39501.17238116806,3,364.3333333333333,345,396.20000000000005,402.6,409,3,341.3333333333333,322,373.2,379.6,386,3,23.0,22,24.4,24.7,25,3,69.0,66.0,73.2,74.10000000000001,75.0,3,10.0,10,10.8,10.899999999999999,11,3,280.5557453333331,0.0,673.3337887999995,757.5005123999994,841.6672359999993,3,9.0,0,21.6,24.299999999999997,27,3,7443.026212287822,7749.552148159213,7870.098010618733,7885.166243426172,7900.2344762336115,3,1821.6666666666667,1725.0,1981.0,2013.0,2045.0,3,105.0,102.0,111.6,112.80000000000001,114.0,3,24.0,24.0,25.6,25.8,26.0,3,2.9249148333522803,2.9061398999765515,3.247076699975878,3.289693799975794,3.3323108999757096
development,broad,broad_joint,assumption__radius_min__noise_correlated__scale_75,combined_cover,3,3,0,0,8979.150545,Synthetic design; no pooling across pools; time/tail quantiles conditional on completion.,3,8979.150545,8387.822577,10011.127245,10214.040328500001,10416.953412,3,34839.086058006935,34639.11288011927,39143.636217876825,39706.70163509652,40269.767052316216,3,294.3333333333333,306,346.0,351.0,356,3,277.6666666666667,289,329.0,334.0,339,3,65.66666666666667,25,131.4,144.7,158,3,197.0,75.0,394.20000000000005,434.09999999999997,474.0,3,9.0,10,10.0,10.0,10,3,0.0,0.0,0.0,0.0,0.0,3,0.0,0,0.0,0.0,0,3,6967.8172116013875,6927.822576023854,7828.727243575366,7941.340327019305,8053.953410463243,3,1471.6666666666667,1530.0,1730.0,1755.0,1780.0,3,236.0,120.0,436.8,476.4,516.0,3,26.0,28.0,29.599999999999998,29.799999999999997,30.0,3,3.3758477333079404,2.923601599992253,4.02857695997227,4.166698879969772,4.304820799967274
development,broad,broad_joint,assumption__radius_min__noise_correlated__scale_75,coverage,3,3,0,0,9166.995469666666,Synthetic design; no pooling across pools; time/tail quantiles conditional on completion.,3,9166.995469666666,8460.300569,10348.3542474,10584.3609572,10820.367667,3,35498.3106813602,34806.502841043126,40406.77123539285,41106.80478468657,41806.83833398028,3,294.3333333333333,306,346.0,351.0,356,3,277.6666666666667,289,329.0,334.0,339,3,84.33333333333333,38,159.6,174.79999999999998,190,3,253.0,114.0,478.8,524.4,570.0,3,9.0,10,10.0,10.0,10,3,0.0,0.0,0.0,0.0,0.0,3,0.0,0,0.0,0.0,0,3,7099.662136272041,6961.300568208625,8081.354247078571,8221.360956937313,8361.367666796057,3,1471.6666666666667,1530.0,1730.0,1755.0,1780.0,3,292.0,159.0,521.4,566.6999999999999,612.0,3,26.0,28.0,29.599999999999998,29.799999999999997,30.0,3,2.921555199970802,3.0033430999610573,3.264773419918493,3.297452209913172,3.330130999907851
development,broad,broad_joint,assumption__radius_min__noise_correlated__scale_75,current,3,3,0,0,10866.085020999999,Synthetic design; no pooling across pools; time/tail quantiles conditional on completion.,3,10866.085020999999,11381.297341,11653.0668266,11687.0380123,11721.009198,3,42457.09178281347,42676.48671698401,45631.33413814927,46000.69006579493,46370.04599344059,3,333.0,315,391.0,400.5,410,3,309.6666666666667,292,367.2,376.6,386,3,111.66666666666667,120,160.0,164.99999999999997,170,3,335.0,360.0,480.0,495.0,510.0,3,8.0,8,8.8,8.9,9,3,399.5370906666667,0.0,958.8890176000001,1078.7501448,1198.611272,3,8.333333333333334,0,20.0,22.499999999999996,25,3,8491.418356562694,8535.297343396802,9126.266827629854,9200.138013158987,9274.009198688118,3,1665.0,1575.0,1955.0,2002.5,2050.0,3,374.0,390.0,519.6,535.8,552.0,3,26.0,28.0,29.599999999999998,29.799999999999997,30.0,3,2.90888733335305,2.8255150000331923,3.031185800093226,3.0568946501007304,3.0826035001082346
development,broad,broad_joint,assumption__radius_min__noise_correlated__scale_75,local_cover,3,3,0,0,10525.06058,Synthetic design; no pooling across pools; time/tail quantiles conditional on completion.,3,10525.06058,10906.447525,11304.3501306,11354.0879563,11403.825782,3,41286.969574871015,42594.128912584754,43508.615891527326,43622.92676389515,43737.23763626297,3,333.0,315,391.0,400.5,410,3,309.6666666666667,292,367.2,376.6,386,3,76.0,74,121.2,127.1,133,3,228.0,222.0,363.6,381.3,399.0,3,8.0,8,8.8,8.9,9,3,399.5370906666667,0.0,958.8890176000001,1078.7501448,1198.611272,3,8.333333333333334,0,20.0,22.499999999999996,25,3,8257.393914974204,8518.825782516951,8701.723178305465,8724.58535277903,8747.447527252594,3,1665.0,1575.0,1955.0,2002.5,2050.0,3,267.0,264.0,396.00000000000006,412.5,429.0,3,26.0,28.0,29.599999999999998,29.799999999999997,30.0,3,3.2920071333646774,3.4878281999845058,3.5164061200339347,3.5199783600401133,3.523550600046292
development,broad,broad_joint,assumption__radius_min__noise_deterministic__scale_150,combined_cover,3,3,0,0,8280.704731666667,Synthetic design; no pooling across pools; time/tail quantiles conditional on completion.,3,8280.704731666667,8549.242494,8657.8459156,8671.4213433,8684.996771,3,32328.523656248766,31686.212454392455,33925.22957329,34205.1067131522,34484.98385301439,3,278.6666666666667,275,328.6,335.29999999999995,342,3,261.3333333333333,257,310.59999999999997,317.3,324,3,32.333333333333336,32,39.2,40.1,41,3,97.0,96.0,117.6,120.3,123.0,3,9.666666666666666,9,10.6,10.799999999999999,11,3,370.92832400000015,0.0,890.2279776000004,1001.5064748000002,1112.7849720000004,3,8.333333333333334,0,20.0,22.499999999999996,25,3,6465.7047312497525,6337.242490878491,6785.045914658001,6841.02134263044,6896.996770602878,3,1393.3333333333333,1375.0,1643.0,1676.5,1710.0,3,135.0,132.0,151.20000000000002,153.6,156.0,3,25.333333333333332,24.0,28.799999999999997,29.4,30.0,3,2.7219510667103655,2.6582397000165656,2.8326859400840476,2.854491720092483,2.876297500100918
development,broad,broad_joint,assumption__radius_min__noise_deterministic__scale_150,coverage,3,3,0,0,8622.130688333333,Synthetic design; no pooling across pools; time/tail quantiles conditional on completion.,3,8622.130688333333,8923.152685,9190.2972074,9223.6902727,9257.083338,3,33435.6534363471,32955.76341580277,35639.48603161527,35974.95135859183,36310.416685568394,3,278.6666666666667,275,328.6,335.29999999999995,342,3,261.3333333333333,257,310.59999999999997,317.3,324,3,72.33333333333333,81,97.0,99.0,101,3,217.0,243.0,291.0,297.0,303.0,3,9.666666666666666,9,10.6,10.799999999999999,11,3,371.2990616666666,0.0,891.1177479999999,1002.5074664999997,1113.8971849999998,3,8.333333333333334,0,20.0,22.499999999999996,25,3,6687.1306872694195,6591.152683160554,7127.897206323054,7194.990271718367,7262.083337113679,3,1393.3333333333333,1375.0,1643.0,1676.5,1710.0,3,255.0,276.0,326.4,332.7,339.0,3,25.333333333333332,24.0,28.799999999999997,29.4,30.0,3,2.575582466709117,2.5624415000202134,2.6046078200684857,2.60987861007452,2.615149400080554
development,broad,broad_joint,assumption__radius_min__noise_deterministic__scale_150,current,3,3,0,0,10320.757899,Synthetic design; no pooling across pools; time/tail quantiles conditional on completion.,3,10320.757899,10283.162797,10983.7126106,11071.281337299999,11158.850064,3,40180.456151774524,39550.813970002244,41457.56304469041,41695.90667902643,41934.250313362456,3,349.0,360,409.6,415.79999999999995,422,3,324.3333333333333,336,384.8,390.9,397,3,50.666666666666664,59,67.8,68.9,70,3,152.0,177.0,203.39999999999998,206.7,210.0,3,9.666666666666666,10,10.0,10.0,10,3,302.97253766666654,0.0,727.1340903999998,818.0258516999995,908.9176129999996,3,6.666666666666667,0,16.0,18.0,20,3,8036.091230354905,7910.162794000449,8291.512608938083,8339.181335805286,8386.85006267249,3,1745.0,1800.0,2048.0,2079.0,2110.0,3,190.0,213.0,237.0,240.0,243.0,3,25.333333333333332,24.0,28.799999999999997,29.4,30.0,3,2.5977223000178733,2.5350953000597656,2.71668985998258,2.7393891799729317,2.7620884999632835
development,broad,broad_joint,assumption__radius_min__noise_deterministic__scale_150,local_cover,3,3,0,0,10059.782043,Synthetic design; no pooling across pools; time/tail quantiles conditional on completion.,3,10059.782043,9978.009132,10588.724386400001,10665.0637932,10741.4032,3,39295.57688277115,38874.66897606587,40168.546602603885,40330.28130592113,40492.01600923839,3,349.0,360,409.6,415.79999999999995,422,3,324.3333333333333,336,384.8,390.9,397,3,22.666666666666668,26,26.8,26.9,27,3,68.0,78.0,80.39999999999999,80.7,81.0,3,9.666666666666666,10,10.0,10.0,10,3,302.97253766666654,0.0,727.1340903999998,818.0258516999995,908.9176129999996,3,6.666666666666667,0,16.0,18.0,20,3,7859.11537655423,7774.933795213174,8033.709320520777,8066.056261184227,8098.403201847677,3,1745.0,1800.0,2048.0,2079.0,2110.0,3,106.0,114.0,114.0,114.0,114.0,3,25.333333333333332,24.0,28.799999999999997,29.4,30.0,3,2.734377733315341,2.834525299957022,2.8487776199821386,2.850559159985278,2.8523406999884173
development,broad,broad_joint,assumption__radius_min__noise_deterministic__scale_300,combined_cover,3,3,0,0,9449.281046999999,Synthetic design; no pooling across pools; time/tail quantiles conditional on completion.,3,9449.281046999999,9762.478954,9864.9297828,9877.7361364,9890.54249,3,36539.738579665485,37887.71245891528,38427.45832837227,38494.926562054396,38562.394795736516,3,309.3333333333333,318,325.2,326.09999999999997,327,3,292.3333333333333,302,306.8,307.40000000000003,308,3,76.33333333333333,96,99.19999999999999,99.6,100,3,229.0,288.0,297.59999999999997,298.8,300.0,3,11.666666666666666,12,12.0,12.0,12,3,0.0,0.0,0.0,0.0,0.0,3,0.0,0,0.0,0.0,0,3,7307.947715933097,7577.542491783056,7685.491665674454,7698.985312410879,7712.478959147304,3,1546.6666666666667,1590.0,1626.0,1630.5,1635.0,3,273.0,336.0,340.8,341.4,342.0,3,29.333333333333332,28.0,31.2,31.6,32.0,3,3.333801399994021,3.079228200018406,3.7270692399702967,3.808049369964283,3.8890294999582693
development,broad,broad_joint,assumption__radius_min__noise_deterministic__scale_300,coverage,3,3,0,0,9601.124324666665,Synthetic design; no pooling across pools; time/tail quantiles conditional on completion.,3,9601.124324666665,9895.775357,10024.706455399999,10040.8228427,10056.93923,3,37163.95495080382,38554.69613656038,39094.04065914285,39161.45872446566,39228.87678978847,3,309.3333333333333,318,325.2,326.09999999999997,327,3,292.3333333333333,302,306.8,307.40000000000003,308,3,85.33333333333333,96,108.0,109.5,111,3,256.0,288.0,324.0,328.5,333.0,3,11.666666666666666,12,12.0,12.0,12,3,0.0,0.0,0.0,0.0,0.0,3,0.0,0,0.0,0.0,0,3,7432.790990160764,7710.939227312076,7818.80813182857,7832.291744893132,7845.775357957694,3,1546.6666666666667,1590.0,1626.0,1630.5,1635.0,3,300.0,336.0,367.2,371.09999999999997,375.0,3,29.333333333333332,28.0,31.2,31.6,32.0,3,3.0063536666566506,2.7450605999911204,3.410228760004975,3.4933747800067065,3.5765208000084385
development,broad,broad_joint,assumption__radius_min__noise_deterministic__scale_300,current,3,3,0,0,11673.569348666666,Synthetic design; no pooling across pools; time/tail quantiles conditional on completion.,3,11673.569348666666,12236.447083,12286.8185358,12293.114967399999,12299.411399,3,45904.51340629169,47207.056988718105,48415.199733089,48566.217576135365,48717.23541918172,3,338.6666666666667,327,363.0,367.5,372,3,316.0,305,340.2,344.6,349,3,136.66666666666666,178,190.0,191.5,193,3,410.0,534.0,570.0,574.5,579.0,3,12.666666666666666,12,13.600000000000001,13.799999999999999,14,3,0.0,0.0,0.0,0.0,0.0,3,0.0,0,0.0,0.0,0,3,9180.90268125834,9441.411397743621,9683.0399466178,9713.243515227074,9743.447083836345,3,1693.3333333333333,1635.0,1815.0,1837.5,1860.0,3,454.0,582.0,613.2,617.1,621.0,3,29.333333333333332,28.0,31.2,31.6,32.0,3,3.124220066703856,2.943012800067663,3.4186780800111594,3.4781362400040963,3.537594399997033
development,broad,broad_joint,assumption__radius_min__noise_deterministic__scale_300,local_cover,3,3,0,0,11501.480881333331,Synthetic design; no pooling across pools; time/tail quantiles conditional on completion.,3,11501.480881333331,11738.109842,12260.450431599998,12325.743005299999,12391.035579,3,45229.07108320823,45180.549215823434,48292.252168591476,48681.21503768749,49070.177906783494,3,338.6666666666667,327,363.0,367.5,372,3,316.0,305,340.2,344.6,349,3,124.33333333333333,141,193.0,199.5,206,3,373.0,423.0,579.0,598.5,618.0,3,12.666666666666666,12,13.600000000000001,13.799999999999999,14,3,0.0,0.0,0.0,0.0,0.0,3,0.0,0,0.0,0.0,0,3,9045.814216641646,9036.109843164686,9658.450433718295,9736.243007537496,9814.035581356698,3,1693.3333333333333,1635.0,1815.0,1837.5,1860.0,3,417.0,465.0,625.8000000000001,645.9,666.0,3,29.333333333333332,28.0,31.2,31.6,32.0,3,3.9471290666454784,3.657496999949217,4.785290599986911,4.926264799991622,5.067238999996334
development,broad,broad_joint,assumption__radius_min__noise_deterministic__scale_75,combined_cover,3,3,0,0,9119.480875333335,Synthetic design; no pooling across pools; time/tail quantiles conditional on completion.,3,9119.480875333335,8880.97426,9820.382104,9937.8080845,10055.234065,3,34640.73771411288,33029.87130724511,37110.91052354925,37621.04042558727,38131.17032762529,3,316.6666666666667,313,350.59999999999997,355.29999999999995,360,3,298.3333333333333,292,331.2,336.1,341,3,84.33333333333333,51,149.4,161.7,174,3,253.0,153.0,448.20000000000005,485.09999999999997,522.0,3,9.333333333333334,9,11.4,11.7,12,3,275.1303083333335,0.0,660.3127400000005,742.8518325000005,825.3909250000006,3,8.0,0,19.200000000000003,21.599999999999998,24,3,6928.147542822578,6605.9742614490215,7422.18210470985,7524.208085117453,7626.234065525057,3,1583.3333333333333,1565.0,1753.0,1776.5,1800.0,3,287.0,195.0,480.6,516.3,552.0,3,22.666666666666668,20.0,26.400000000000002,27.199999999999996,28.0,3,3.3677274333313107,3.4771099999779835,3.7924353599781173,3.8318510299781336,3.8712666999781504
development,broad,broad_joint,assumption__radius_min__noise_deterministic__scale_75,coverage,3,3,0,0,9259.619243666666,Synthetic design; no pooling across pools; time/tail quantiles conditional on completion.,3,9259.619243666666,8889.1273,10030.8627712,10173.579705099999,10316.296639,3,35181.42955660342,33232.168962667434,38087.62034597907,38694.551768893034,39301.48319180698,3,316.6666666666667,313,350.59999999999997,355.29999999999995,360,3,298.3333333333333,292,331.2,336.1,341,3,95.0,70,160.4,171.7,183,3,285.0,210.0,481.20000000000005,515.1,549.0,3,9.333333333333334,9,11.4,11.7,12,3,275.44466766666665,0.0,661.0672024,743.7006026999999,826.3340029999999,3,8.0,0,19.200000000000003,21.599999999999998,24,3,7036.285911320684,6646.433792533487,7617.524069195814,7738.910353778605,7860.296638361397,3,1583.3333333333333,1565.0,1753.0,1776.5,1800.0,3,319.0,252.0,513.6,546.3,579.0,3,22.666666666666668,20.0,26.400000000000002,27.199999999999996,28.0,3,2.7943708333186805,2.708880899939686,3.1770348999649287,3.235554149968084,3.2940733999712393
development,broad,broad_joint,assumption__radius_min__noise_deterministic__scale_75,current,3,3,0,0,11710.752137666668,Synthetic design; no pooling across pools; time/tail quantiles conditional on completion.,3,11710.752137666668,11659.150674,12241.5980508,12314.4039729,12387.209895,3,44600.42736151849,44175.753382470306,46339.990267212415,46610.519877805185,46881.04948839795,3,382.0,387,395.0,396.0,397,3,359.0,364,372.79999999999995,373.9,375,3,155.0,138,244.4,257.7,271,3,465.0,414.0,733.2,773.0999999999999,813.0,3,7.333333333333333,7,7.8,7.9,8,3,0.0,0.0,0.0,0.0,0.0,3,0.0,0,0.0,0.0,0,3,8920.085472303695,8835.15067649406,9267.998053442483,9322.103975561036,9376.20989767959,3,1910.0,1935.0,1975.0,1980.0,1985.0,3,499.0,444.0,763.2,803.1,843.0,3,22.666666666666668,20.0,26.400000000000002,27.199999999999996,28.0,3,2.820348299962158,2.9306390000274405,2.9448527599452063,2.946629479934927,2.948406199924648
development,broad,broad_joint,assumption__radius_min__noise_deterministic__scale_75,local_cover,3,3,0,0,10937.907421999998,Synthetic design; no pooling across pools; time/tail quantiles conditional on completion.,3,10937.907421999998,11073.178296,11126.0896216,11132.7035373,11139.317453,3,42031.20377771485,42280.89147999355,42637.448110250814,42682.01768903297,42726.58726781513,3,382.0,387,395.0,396.0,397,3,359.0,364,372.79999999999995,373.9,375,3,68.66666666666667,69,73.8,74.4,75,3,206.0,207.0,221.39999999999998,223.2,225.0,3,7.333333333333333,7,7.8,7.9,8,3,0.0,0.0,0.0,0.0,0.0,3,0.0,0,0.0,0.0,0,3,8406.240755542969,8456.17829599871,8527.489622050163,8536.403537806595,8545.317453563026,3,1910.0,1935.0,1975.0,1980.0,1985.0,3,240.0,237.0,261.0,264.0,267.0,3,22.666666666666668,20.0,26.400000000000002,27.199999999999996,28.0,3,3.31647070000569,3.2146155000664294,3.5144148600287735,3.5518897800240663,3.5893647000193596
development,broad,broad_joint,assumption__radius_min__noise_extreme__scale_150,combined_cover,3,3,0,0,9099.118198333332,Synthetic design; no pooling across pools; time/tail quantiles conditional on completion.,3,9099.118198333332,9490.994137,9852.7479658,9897.9671944,9943.186423,3,34955.59099555153,36699.97069724449,37296.73982588971,37371.33596697036,37445.93210805101,3,277.3333333333333,272,292.0,294.5,297,3,262.0,257,277.0,279.5,282,3,128.66666666666666,153,193.8,198.9,204,3,386.0,459.0,581.4,596.7,612.0,3,9.666666666666666,10,10.8,10.899999999999999,11,3,0.0,0.0,0.0,0.0,0.0,3,0.0,0,0.0,0.0,0,3,6991.118199110305,7339.994139448898,7459.347965177941,7474.267193394071,7489.186421610202,3,1386.6666666666667,1360.0,1460.0,1472.5,1485.0,3,430.0,504.0,626.4,641.7,657.0,3,29.333333333333332,30.0,30.0,30.0,30.0,3,3.5000317666757232,3.5121657999698073,4.115667079994455,4.191104739997535,4.266542400000617
development,broad,broad_joint,assumption__radius_min__noise_extreme__scale_150,coverage,3,3,0,0,9582.529030666667,Synthetic design; no pooling across pools; time/tail quantiles conditional on completion.,3,9582.529030666667,10222.635943,10558.315310999998,10600.275232,10642.235153,3,36612.64514582567,39248.17971024784,39666.57653495402,39718.8761380423,39771.17574113057,3,277.3333333333333,272,292.0,294.5,297,3,262.0,257,277.0,279.5,282,3,179.33333333333334,227,271.0,276.5,282,3,538.0,681.0,813.0,829.5,846.0,3,9.666666666666666,10,10.8,10.899999999999999,11,3,0.0,0.0,0.0,0.0,0.0,3,0.0,0,0.0,0.0,0,3,7322.529029165134,7849.635942049567,7933.315306990806,7943.775227608459,7954.235148226115,3,1386.6666666666667,1360.0,1460.0,1472.5,1485.0,3,582.0,726.0,858.0,874.5,891.0,3,29.333333333333332,30.0,30.0,30.0,30.0,3,3.069722266634926,2.915560199995525,3.56479163991753,3.6459455699077803,3.7270994998980314
development,broad,broad_joint,assumption__radius_min__noise_extreme__scale_150,current,3,3,0,0,11242.384854000002,Synthetic design; no pooling across pools; time/tail quantiles conditional on completion.,3,11242.384854000002,10538.037705,12634.9520522,12897.0663456,13159.180639,3,44880.25760531969,43510.18852846833,49998.760258840055,50809.831725136515,51620.90319143298,3,293.0,298,300.4,300.7,301,3,270.0,274,278.8,279.4,280,3,152.66666666666666,91,283.8,307.9,332,3,458.0,273.0,851.4000000000001,923.6999999999999,996.0,3,10.0,10,11.600000000000001,11.8,12,3,567.5517473333335,0.0,1362.1241936000006,1532.3897178000004,1702.6552420000007,3,14.0,0,33.6,37.8,42,3,8976.051521063937,8702.037705693667,9999.75205176801,10161.966345027304,10324.180638286596,3,1465.0,1490.0,1502.0,1503.5,1505.0,3,502.0,315.0,895.8000000000001,968.3999999999999,1041.0,3,29.333333333333332,30.0,30.0,30.0,30.0,3,3.0307783333507055,2.9636168000288308,3.229730559978634,3.2629947799723595,3.296258999966085
development,broad,broad_joint,assumption__radius_min__noise_extreme__scale_150,local_cover,3,3,0,0,10764.097198666666,Synthetic design; no pooling across pools; time/tail quantiles conditional on completion.,3,10764.097198666666,10850.743303,11499.9813982,11581.136160099999,11662.290922,3,43213.81933614017,44578.71653508179,46048.906998524435,46232.680806454766,46416.4546143851,3,293.0,298,300.4,300.7,301,3,270.0,274,278.8,279.4,280,3,104.33333333333333,68,157.6,168.79999999999998,180,3,313.0,204.0,472.8,506.4,540.0,3,10.0,10,11.600000000000001,11.8,12,3,568.4413669999998,0.0,1364.2592807999995,1534.7916908999991,1705.3241009999992,3,14.0,0,33.6,37.8,42,3,8642.763867228034,8915.743307016357,9209.781399704887,9246.536161290953,9283.290922877019,3,1465.0,1490.0,1502.0,1503.5,1505.0,3,357.0,249.0,517.8,551.4,585.0,3,29.333333333333332,30.0,30.0,30.0,30.0,3,3.5244270999683067,3.5991304999915883,3.8114971400005744,3.8380429700016974,3.864588800002821
development,broad,broad_joint,assumption__radius_min__noise_extreme__scale_300,combined_cover,3,3,0,0,8778.694225666666,Synthetic design; no pooling across pools; time/tail quantiles conditional on completion.,3,8778.694225666666,8968.644451,9041.011449399999,9050.0573242,9059.103199,3,32821.80447050879,33025.51599939357,34939.681010361055,35178.951636731996,35418.22226310293,3,335.0,353,386.59999999999997,390.79999999999995,395,3,318.0,338,369.2,373.09999999999997,377,3,52.666666666666664,47,87.0,92.0,97,3,158.0,141.0,261.0,276.0,291.0,3,9.333333333333334,9,9.799999999999999,9.9,10,3,135.92894933333295,0.0,326.2294783999991,367.00816319999893,407.7868479999988,3,5.333333333333333,0,12.8,14.399999999999999,16,3,6564.3608941017565,6605.103199878713,6987.936202072212,7035.790327346399,7083.644452620586,3,1675.0,1765.0,1933.0,1954.0,1975.0,3,196.0,177.0,301.8,317.4,333.0,3,25.333333333333332,24.0,27.200000000000003,27.599999999999998,28.0,3,2.9282742000262565,2.9117040000855923,3.423090639989823,3.4870139699778515,3.550937299965881
development,broad,broad_joint,assumption__radius_min__noise_extreme__scale_300,coverage,3,3,0,0,9180.86526,Synthetic design; no pooling across pools; time/tail quantiles conditional on completion.,3,9180.86526,9168.898545,9316.3024642,9334.7279541,9353.153444,3,34202.65963392142,33364.492733444604,36161.51231754158,36511.1397655537,36860.76721356582,3,335.0,353,386.59999999999997,390.79999999999995,395,3,318.0,338,369.2,373.09999999999997,377,3,94.66666666666667,127,128.6,128.8,129,3,284.0,381.0,385.8,386.4,387.0,3,9.333333333333334,9,9.799999999999999,9.9,10,3,135.92894933333324,0.0,326.22947839999983,367.00816319999973,407.78684799999974,3,5.333333333333333,0,12.8,14.399999999999999,16,3,6840.531926784285,6672.898546688921,7232.302463508317,7302.227953110741,7372.153442713165,3,1675.0,1765.0,1933.0,1954.0,1975.0,3,322.0,417.0,426.6,427.8,429.0,3,25.333333333333332,24.0,27.200000000000003,27.599999999999998,28.0,3,2.6962380333570763,2.7568325999891385,2.899340120027773,2.9171535600326024,2.9349670000374317
development,broad,broad_joint,assumption__radius_min__noise_extreme__scale_300,current,3,3,0,0,10977.198798,Synthetic design; no pooling across pools; time/tail quantiles conditional on completion.,3,10977.198798,10898.207573,11129.2977674,11158.184041699998,11187.070316,3,42477.660670322424,42030.35158924814,43486.900614138765,43668.96924225009,43851.03787036142,3,348.3333333333333,355,383.0,386.5,390,3,324.6666666666667,332,359.2,362.6,366,3,117.33333333333333,123,132.6,133.8,135,3,352.0,369.0,397.79999999999995,401.4,405.0,3,11.0,10,12.4,12.7,13,3,0.0,0.0,0.0,0.0,0.0,3,0.0,0,0.0,0.0,0,3,8495.532134064486,8406.070317849628,8697.380122827752,8733.793848450017,8770.207574072283,3,1741.6666666666667,1775.0,1915.0,1932.5,1950.0,3,390.0,405.0,433.8,437.40000000000003,441.0,3,25.333333333333332,24.0,27.200000000000003,27.599999999999998,28.0,3,2.712627666653134,2.7499869000166655,2.844481460005045,2.8562932800035927,2.86810510000214
development,broad,broad_joint,assumption__radius_min__noise_extreme__scale_300,local_cover,3,3,0,0,10930.134162,Synthetic design; no pooling across pools; time/tail quantiles conditional on completion.,3,10930.134162,10793.157096,11268.389318399999,11327.7933462,11387.197374,3,42217.33748819829,41420.78549785482,44504.94659060687,44890.46672720089,45275.98686379489,3,348.3333333333333,355,383.0,386.5,390,3,324.6666666666667,332,359.2,362.6,366,3,119.0,114,152.39999999999998,157.2,162,3,357.0,342.0,457.2,471.6,486.0,3,10.666666666666666,10,12.4,12.7,13,3,0.0,0.0,0.0,0.0,0.0,3,0.0,0,0.0,0.0,0,3,8443.467497639658,8284.157099570964,8900.989318121376,8978.093345440177,9055.197372758978,3,1741.6666666666667,1775.0,1915.0,1932.5,1950.0,3,395.0,378.0,498.0,513.0,528.0,3,25.333333333333332,24.0,27.200000000000003,27.599999999999998,28.0,3,3.63975013330734,3.8990898999618366,4.019341899943538,4.03437339994125,4.049404899938963
development,broad,broad_joint,assumption__radius_min__noise_extreme__scale_75,combined_cover,3,3,0,0,9331.626934,Synthetic design; no pooling across pools; time/tail quantiles conditional on completion.,3,9331.626934,9377.478375,9804.0226494,9857.3406837,9910.658718,3,36453.134669459425,37977.39186711679,38534.113249492715,38603.703422289705,38673.293595086696,3,302.0,290,334.8,340.4,346,3,284.6666666666667,271,316.6,322.3,328,3,59.333333333333336,34,106.8,115.89999999999999,125,3,178.0,102.0,320.4,347.69999999999993,375.0,3,9.666666666666666,11,11.0,11.0,11,3,0.0,0.0,0.0,0.0,0.0,3,0.0,0,0.0,0.0,0,3,7290.626933891884,7595.478373423359,7706.822649898543,7720.740684457942,7734.6587190173395,3,1510.0,1450.0,1674.0,1702.0,1730.0,3,219.0,147.0,367.8,395.4,423.0,3,27.333333333333332,30.0,31.6,31.8,32.0,3,3.3154697000281885,3.170416900073178,3.984852820006199,4.086657309997827,4.1884617999894544
development,broad,broad_joint,assumption__radius_min__noise_extreme__scale_75,coverage,3,3,0,0,9326.053157666667,Synthetic design; no pooling across pools; time/tail quantiles conditional on completion.,3,9326.053157666667,9592.504706,9650.116886,9657.3184085,9664.519931,3,36510.265784714946,38087.5996561322,38583.53874520025,38645.53113133375,38707.523517467256,3,302.0,290,334.8,340.4,346,3,284.6666666666667,271,316.6,322.3,328,3,53.666666666666664,57,77.0,79.5,82,3,161.0,171.0,231.0,238.5,246.0,3,9.666666666666666,11,11.0,11.0,11,3,0.0,0.0,0.0,0.0,0.0,3,0.0,0,0.0,0.0,0,3,7302.053156942988,7617.51993122644,7716.707749040049,7729.106226266751,7741.504703493451,3,1510.0,1450.0,1674.0,1702.0,1730.0,3,202.0,216.0,278.4,286.2,294.0,3,27.333333333333332,30.0,31.6,31.8,32.0,3,2.8550702333450317,2.9097281000576913,3.0865252199582756,3.1086248599458486,3.1307244999334216
development,broad,broad_joint,assumption__radius_min__noise_extreme__scale_75,current,3,3,0,0,10451.906672,Synthetic design; no pooling across pools; time/tail quantiles conditional on completion.,3,10451.906672,10590.489534,11127.306534,11194.408659,11261.510784,3,40789.53335417018,42467.44766880878,44547.53265640015,44807.54327984907,45067.553903297994,3,340.6666666666667,308,390.4,400.7,411,3,318.3333333333333,285,369.0,379.49999999999994,390,3,68.0,74,107.60000000000001,111.8,116,3,204.0,222.0,322.8,335.40000000000003,348.0,3,10.0,11,12.6,12.8,13,3,368.063743,0.0,883.3529832,993.7721061,1104.191229,3,13.333333333333334,0,32.0,36.0,40,3,8157.906670834036,8493.489533761756,8909.50653128003,8961.508655969814,9013.510780659599,3,1703.3333333333333,1540.0,1952.0,2003.5,2055.0,3,245.0,270.0,368.40000000000003,380.7,393.0,3,27.333333333333332,30.0,31.6,31.8,32.0,3,2.841895233335284,3.040412600035779,3.0412868399871513,3.041396119981073,3.0415053999749944
development,broad,broad_joint,assumption__radius_min__noise_extreme__scale_75,local_cover,3,3,0,0,10125.963793666668,Synthetic design; no pooling across pools; time/tail quantiles conditional on completion.,3,10125.963793666668,10242.608917,10559.4711066,10599.0788803,10638.686654,3,39709.81897752152,41313.0446013091,42665.35553558231,42834.39440236647,43003.43326915062,3,340.6666666666667,308,390.4,400.7,411,3,318.3333333333333,285,369.0,379.49999999999994,390,3,31.333333333333332,35,43.800000000000004,44.9,46,3,94.0,105.0,131.4,134.7,138.0,3,10.0,11,12.6,12.8,13,3,368.063743,0.0,883.3529832,993.7721061,1104.191229,3,13.333333333333334,0,32.0,36.0,40,3,7941.963795504304,8262.60892026182,8533.071107116462,8566.878880473294,8600.686653830124,3,1703.3333333333333,1540.0,1952.0,2003.5,2055.0,3,135.0,153.0,177.0,180.0,183.0,3,27.333333333333332,30.0,31.6,31.8,32.0,3,3.116887233336456,3.383989499998279,3.404181339987554,3.406705319986213,3.4092292999848723
development,broad,broad_joint,assumption__radius_mixed__noise_correlated__scale_150,combined_cover,3,3,0,0,9878.803596666667,Synthetic design; no pooling across pools; time/tail quantiles conditional on completion.,3,9878.803596666667,10154.520743,10950.1933758,11049.6524549,11149.111534,3,38630.68464252556,39277.60371016759,43819.966866913805,44387.76226150708,44955.55765610036,3,273.0,289,301.0,302.5,304,3,257.0,272,285.6,287.3,289,3,153.0,169,230.6,238.29999999999998,246,3,459.0,507.0,691.8,714.9,738.0,3,12.0,11,13.4,13.7,14,3,293.0254306666666,0.0,703.2610335999998,791.1686627999997,879.0762919999997,3,10.666666666666666,0,25.6,28.799999999999997,32,3,7726.136928505112,7855.520742033518,8763.993373382762,8877.552452301417,8991.111531220073,3,1365.0,1445.0,1505.0,1512.5,1520.0,3,502.0,552.0,739.2,762.6,786.0,3,28.666666666666668,30.0,31.6,31.8,32.0,3,3.9912647999978312,4.699068199959584,4.9051965200575065,4.930962560069748,4.956728600081988
development,broad,broad_joint,assumption__radius_mixed__noise_correlated__scale_150,coverage,3,3,0,0,9633.755057,Synthetic design; no pooling across pools; time/tail quantiles conditional on completion.,3,9633.755057,10230.493712,10304.523292,10313.7769895,10323.030687,3,38020.441941295816,40090.15342082189,41880.00552284764,42103.73703560086,42327.46854835408,3,273.0,289,301.0,302.5,304,3,257.0,272,285.6,287.3,289,3,112.0,115,159.8,165.39999999999998,171,3,336.0,345.0,479.40000000000003,496.19999999999993,513.0,3,12.0,11,13.4,13.7,14,3,292.8611046666665,0.0,702.8666511999996,790.7249825999995,878.5833139999995,3,10.666666666666666,0,25.6,28.799999999999997,32,3,7604.088388259163,8018.030684164378,8376.001104569528,8420.747407120172,8465.493709670816,3,1365.0,1445.0,1505.0,1512.5,1520.0,3,379.0,393.0,525.0,541.5,558.0,3,28.666666666666668,30.0,31.6,31.8,32.0,3,2.997733200007739,3.2446801000041887,3.62325761995744,3.670579809951596,3.7179019999457523
development,broad,broad_joint,assumption__radius_mixed__noise_correlated__scale_150,current,3,3,0,0,10893.022006666666,Synthetic design; no pooling across pools; time/tail quantiles conditional on completion.,3,10893.022006666666,10867.765232,11041.432603199999,11063.1410246,11084.849446,3,43501.776707256526,44303.826168717635,45564.16302382902,45721.70513071795,45879.24723760687,3,316.6666666666667,285,373.8,384.9,396,3,295.6666666666667,264,351.20000000000005,362.1,373,3,80.66666666666667,81,82.6,82.8,83,3,242.0,243.0,247.8,248.39999999999998,249.0,3,11.666666666666666,10,14.0,14.5,15,3,0.0,0.0,0.0,0.0,0.0,3,0.0,0,0.0,0.0,0,3,8700.355341451304,8860.765233743527,9112.832604765805,9144.34102614359,9175.849447521374,3,1583.3333333333333,1425.0,1869.0,1924.5,1980.0,3,285.0,285.0,287.4,287.7,288.0,3,28.666666666666668,30.0,31.6,31.8,32.0,3,2.836160699953325,2.927521099918522,3.0027158199111,3.0121151599101723,3.0215144999092445
development,broad,broad_joint,assumption__radius_mixed__noise_correlated__scale_150,local_cover,3,3,0,0,11123.60837,Synthetic design; no pooling across pools; time/tail quantiles conditional on completion.,3,11123.60837,11349.154404,11532.1820136,11555.0604648,11577.938916,3,44134.708525622125,45705.77202732338,47000.91007531599,47162.80233131506,47324.69458731414,3,316.6666666666667,285,373.8,384.9,396,3,295.6666666666667,264,351.20000000000005,362.1,373,3,115.33333333333333,146,147.6,147.8,148,3,346.0,438.0,442.8,443.4,444.0,3,11.666666666666666,10,14.0,14.5,15,3,0.0,0.0,0.0,0.0,0.0,3,0.0,0,0.0,0.0,0,3,8826.941705124425,9141.154405464677,9400.182015063197,9432.56046626301,9464.938917462827,3,1583.3333333333333,1425.0,1869.0,1924.5,1980.0,3,389.0,486.0,488.40000000000003,488.7,489.0,3,28.666666666666668,30.0,31.6,31.8,32.0,3,3.756808366665306,4.232116500032134,4.248823380027898,4.250911740027369,4.2530001000268385
development,broad,broad_joint,assumption__radius_mixed__noise_correlated__scale_300,combined_cover,3,3,0,0,9256.086986333334,Synthetic design; no pooling across pools; time/tail quantiles conditional on completion.,3,9256.086986333334,8642.958629,10384.4761186,10602.165804799999,10819.855491,3,36783.76826467212,34352.23420015305,41537.86879747172,42436.07312213656,43334.27744680139,3,232.0,205,277.8,286.9,296,3,216.0,190,261.2,270.09999999999997,279,3,150.0,97,248.20000000000002,267.09999999999997,286,3,450.0,291.0,744.6000000000001,801.3,858.0,3,12.666666666666666,14,14.0,14.0,14,3,302.61425000000025,0.0,726.2742000000006,817.0584750000005,907.8427500000007,3,10.666666666666666,0,25.6,28.799999999999997,32,3,7356.753652934424,6870.44684003061,8307.573759494344,8487.21462442731,8666.855489360278,3,1160.0,1025.0,1389.0,1434.4999999999998,1480.0,3,494.0,327.0,790.2,848.0999999999999,906.0,3,29.333333333333332,32.0,32.0,32.0,32.0,3,3.80266283332215,3.5204299999168143,4.817916639964096,4.980102469970006,5.142288299975917
development,broad,broad_joint,assumption__radius_mixed__noise_correlated__scale_300,coverage,3,3,0,0,9351.703194,Synthetic design; no pooling across pools; time/tail quantiles conditional on completion.,3,9351.703194,9196.781347,10211.5899358,10338.441009400001,10465.292083,3,37331.849302530296,34713.90672397269,41055.949670007205,41848.70503826151,42641.460406515835,3,232.0,205,277.8,286.9,296,3,216.0,190,261.2,270.09999999999997,279,3,145.33333333333334,145,200.20000000000002,207.1,214,3,436.0,435.0,600.6,621.3,642.0,3,12.666666666666666,14,14.0,14.0,14,3,301.37872933333347,0.0,723.3089504000004,813.7225692000003,904.1361880000004,3,10.666666666666666,0,25.6,28.799999999999997,32,3,7466.36986050606,6942.781344794537,8211.18993400144,8369.741007652305,8528.292081303167,3,1160.0,1025.0,1389.0,1434.4999999999998,1480.0,3,480.0,471.0,646.1999999999999,668.0999999999999,690.0,3,29.333333333333332,32.0,32.0,32.0,32.0,3,2.780626666654522,2.8667764000128955,3.143188479961827,3.1777399899554437,3.2122914999490604
development,broad,broad_joint,assumption__radius_mixed__noise_correlated__scale_300,current,3,3,0,0,9889.344971666667,Synthetic design; no pooling across pools; time/tail quantiles conditional on completion.,3,9889.344971666667,10809.091513,10867.969738599999,10875.329516799999,10882.689295,3,40240.058188697614,41780.457570207494,45974.848693996726,46499.14758447038,47023.44647494404,3,236.0,215,309.40000000000003,321.2,333,3,217.0,191,284.6,296.3,308,3,123.66666666666667,140,177.6,182.29999999999998,187,3,371.0,420.0,532.8,546.9,561.0,3,10.333333333333334,10,12.4,12.7,13,3,621.285923,0.0,1491.0862152000002,1677.4719921,1863.8577690000002,3,21.333333333333332,0,51.2,57.599999999999994,64,3,8048.011637739523,8356.091514041498,9194.969738799346,9299.829516894077,9404.689294988808,3,1180.0,1075.0,1547.0,1605.9999999999998,1665.0,3,415.0,456.0,578.4,593.6999999999999,609.0,3,29.333333333333332,32.0,32.0,32.0,32.0,3,2.7489937666493156,2.810742700006813,2.9331619000062346,2.9484643000061626,2.96376670000609
development,broad,broad_joint,assumption__radius_mixed__noise_correlated__scale_300,local_cover,3,3,0,0,9697.041830333334,Synthetic design; no pooling across pools; time/tail quantiles conditional on completion.,3,9697.041830333334,10535.576712,10711.152916800002,10733.0999424,10755.046968,3,39473.542484122816,40727.88356333335,45469.764589105376,46062.49971732688,46655.23484554838,3,236.0,215,309.40000000000003,321.2,333,3,217.0,191,284.6,296.3,308,3,110.66666666666667,119,173.39999999999998,180.2,187,3,332.0,357.0,520.2,540.6,561.0,3,10.333333333333334,10,12.4,12.7,13,3,620.9171766666665,0.0,1490.2012239999997,1676.4763769999995,1862.7515299999995,3,21.333333333333332,0,51.2,57.599999999999994,64,3,7894.708496824563,8145.576712666671,9093.952917821076,9212.499943465376,9331.046969109677,3,1180.0,1075.0,1547.0,1605.9999999999998,1665.0,3,376.0,393.0,565.8000000000001,587.4,609.0,3,29.333333333333332,32.0,32.0,32.0,32.0,3,3.5254054333393774,3.8841843999689445,3.954593040025793,3.963394120032899,3.972195200040005
development,broad,broad_joint,assumption__radius_mixed__noise_correlated__scale_75,combined_cover,3,3,0,0,9025.772310666667,Synthetic design; no pooling across pools; time/tail quantiles conditional on completion.,3,9025.772310666667,9156.320827,9418.1914414,9450.9252682,9483.659095,3,36260.52822718388,34556.604126867795,39073.957223640246,39638.6263607368,40203.29549783336,3,264.0,255,316.6,324.29999999999995,332,3,247.0,237,300.2,308.1,316,3,46.666666666666664,50,64.4,66.2,68,3,140.0,150.0,193.20000000000002,198.60000000000002,204.0,3,11.0,10,13.200000000000001,13.599999999999998,14,3,0.0,0.0,0.0,0.0,0.0,3,0.0,0,0.0,0.0,0,3,7252.105645436776,6911.320825373559,7814.79144472805,7927.725272147361,8040.659099566672,3,1320.0,1275.0,1583.0,1621.5,1660.0,3,180.0,198.0,234.0,238.5,243.0,3,26.666666666666668,26.0,30.8,31.4,32.0,3,2.772060099989176,2.7596969000296667,3.096247859974392,3.1383167299674826,3.180385599960573
development,broad,broad_joint,assumption__radius_mixed__noise_correlated__scale_75,coverage,3,3,0,0,9190.265812666667,Synthetic design; no pooling across pools; time/tail quantiles conditional on completion.,3,9190.265812666667,9460.043408,9559.7492584,9572.2124897,9584.675721,3,36766.32907008478,35580.21703496055,39450.74629856253,39934.56245651278,40418.37861446303,3,264.0,255,316.6,324.29999999999995,332,3,247.33333333333334,237,300.2,308.1,316,3,67.66666666666667,69,94.60000000000001,97.8,101,3,203.0,207.0,283.8,293.4,303.0,3,11.0,10,13.200000000000001,13.599999999999998,14,3,0.0,0.0,0.0,0.0,0.0,3,0.0,0,0.0,0.0,0,3,7353.265814016955,7116.04340699211,7890.149259712506,7986.912491302555,8083.675722892605,3,1320.0,1275.0,1583.0,1621.5,1660.0,3,243.0,255.0,324.6,333.29999999999995,342.0,3,26.666666666666668,26.0,30.8,31.4,32.0,3,2.5669275666587055,2.533292099949904,2.813784259953536,2.84884577995399,2.883907299954444
development,broad,broad_joint,assumption__radius_mixed__noise_correlated__scale_75,current,3,3,0,0,9557.817728333333,Synthetic design; no pooling across pools; time/tail quantiles conditional on completion.,3,9557.817728333333,9278.308548,10337.989927199998,10470.450099599999,10602.910272,3,37782.42198366818,36386.17182304007,39976.87546228934,40425.7134171955,40874.551372101654,3,303.6666666666667,322,362.0,367.0,372,3,282.3333333333333,297,339.4,344.7,350,3,44.666666666666664,50,50.800000000000004,50.900000000000006,51,3,134.0,150.0,152.4,152.7,153.0,3,11.333333333333334,10,14.0,14.5,15,3,1421.5958590000002,1121.6366479999997,2738.848072800001,2940.999500900001,3143.1509290000013,3,48.333333333333336,28,99.2,108.09999999999998,117,3,7556.484396733637,7277.234364608014,7995.375092457867,8085.1426834390995,8174.910274420331,3,1518.3333333333333,1610.0,1810.0,1835.0,1860.0,3,174.0,192.0,196.8,197.4,198.0,3,26.666666666666668,26.0,30.8,31.4,32.0,3,2.529509066681688,2.379876399994828,2.7479315200122074,2.79393841001438,2.839945300016552
development,broad,broad_joint,assumption__radius_mixed__noise_correlated__scale_75,local_cover,3,3,0,0,9429.077087333333,Synthetic design; no pooling across pools; time/tail quantiles conditional on completion.,3,9429.077087333333,9224.317871,10205.216346199999,10327.828655599998,10450.440965,3,37368.718774322566,35951.589352734845,39472.08173847888,39912.14328669688,40352.20483491489,3,303.6666666666667,322,362.0,367.0,372,3,282.3333333333333,297,339.4,344.7,350,3,29.333333333333332,29,33.8,34.4,35,3,88.0,87.0,101.39999999999999,103.19999999999999,105.0,3,11.333333333333334,10,14.0,14.5,15,3,1421.2994016666662,1121.6366479999997,2738.1365751999992,2940.1990660999986,3142.261556999999,3,48.333333333333336,28,99.2,108.09999999999998,117,3,7473.743754864513,7190.317870546969,7894.4163476957765,7982.428657339377,8070.440966982978,3,1518.3333333333333,1610.0,1810.0,1835.0,1860.0,3,128.0,135.0,142.2,143.1,144.0,3,26.666666666666668,26.0,30.8,31.4,32.0,3,2.7096941667065644,2.664531300077215,2.895138740027323,2.923964670021087,2.9527906000148505
development,broad,broad_joint,assumption__radius_mixed__noise_deterministic__scale_150,combined_cover,3,3,0,0,8958.364351666667,Synthetic design; no pooling across pools; time/tail quantiles conditional on completion.,3,8958.364351666667,8972.450687,9871.4660574,9983.842978699999,10096.2199,3,34546.82175459123,34427.253430350625,37918.33028371112,38354.71489038118,38791.09949705124,3,290.3333333333333,297,303.4,304.20000000000005,305,3,275.0,281,288.2,289.1,290,3,86.33333333333333,69,149.0,159.0,169,3,259.0,207.0,447.0,477.0,507.0,3,11.0,12,12.0,12.0,12,3,685.2317166666668,964.9214580000007,1065.6032452,1078.1884685999999,1090.7736919999998,3,22.666666666666668,28,37.6,38.800000000000004,40,3,6909.364350918244,6885.450686070125,7583.666056742224,7670.942978076237,7758.219899410248,3,1451.6666666666667,1485.0,1517.0,1521.0,1525.0,3,297.0,246.0,486.0,516.0,546.0,3,25.333333333333332,26.0,26.0,26.0,26.0,3,3.0953552999611325,3.24402859993279,3.3790546800009906,3.3959329400095157,3.412811200018041
development,broad,broad_joint,assumption__radius_mixed__noise_deterministic__scale_150,coverage,3,3,0,0,8950.107957666667,Synthetic design; no pooling across pools; time/tail quantiles conditional on completion.,3,8950.107957666667,9411.633887,9530.3518158,9545.1915569,9560.031298,3,34600.53978632369,36008.16943163486,36917.759071877364,37031.45777690768,37145.15648193799,3,290.3333333333333,297,303.4,304.20000000000005,305,3,275.0,281,288.2,289.1,290,3,80.0,100,108.0,109.0,110,3,240.0,300.0,324.0,327.0,330.0,3,11.0,12,12.0,12.0,12,3,686.4322706666668,966.9712650000001,1067.2546906000002,1079.7901188000003,1092.3255470000004,3,22.666666666666668,28,37.6,38.800000000000004,40,3,6920.107957264737,7201.633886326972,7383.551814375473,7406.291555381536,7429.031296387599,3,1451.6666666666667,1485.0,1517.0,1521.0,1525.0,3,278.0,339.0,363.0,366.0,369.0,3,25.333333333333332,26.0,26.0,26.0,26.0,3,2.5896283666758486,2.4205807999242097,2.9471494400408123,3.0129705200553873,3.0787916000699624
development,broad,broad_joint,assumption__radius_mixed__noise_deterministic__scale_150,current,3,3,0,0,10375.571644,Synthetic design; no pooling across pools; time/tail quantiles conditional on completion.,3,10375.571644,10511.953054,10805.7282036,10842.4500973,10879.171991,3,41141.19155639191,42504.76526360379,42689.64102419035,42712.75049426367,42735.859964336996,3,318.3333333333333,327,328.59999999999997,328.8,329,3,295.3333333333333,305,306.6,306.79999999999995,307,3,65.66666666666667,59,99.0,104.0,109,3,197.0,177.0,297.0,312.0,327.0,3,10.333333333333334,11,11.0,11.0,11,3,1098.2111846666667,975.3114540000006,2050.5199707999996,2184.9210353999997,2319.3220999999994,3,34.0,32,62.4,66.19999999999999,70,3,8228.238311278381,8500.953052720757,8537.92820483807,8542.550098852735,8547.1719928674,3,1591.6666666666667,1635.0,1643.0,1644.0,1645.0,3,235.0,216.0,336.0,351.0,366.0,3,25.333333333333332,26.0,26.0,26.0,26.0,3,2.7209364333345243,2.748016000026837,2.88671935996972,2.9040572799625806,2.921395199955441
development,broad,broad_joint,assumption__radius_mixed__noise_deterministic__scale_150,local_cover,3,3,0,0,10608.524733666667,Synthetic design; no pooling across pools; time/tail quantiles conditional on completion.,3,10608.524733666667,10573.308482,11382.267996399998,11483.387935699999,11584.507875,3,41967.62366805634,41716.54241415075,45321.339973436276,45771.93966834697,46222.53936325766,3,318.3333333333333,327,328.59999999999997,328.8,329,3,295.0,305,306.6,306.79999999999995,307,3,88.33333333333333,75,150.20000000000002,159.6,169,3,265.0,225.0,450.6,478.79999999999995,507.0,3,10.666666666666666,11,11.8,11.9,12,3,1097.1251636666668,975.3114540000006,2047.9135204000002,2181.9887787000002,2316.064037,3,34.0,32,62.4,66.19999999999999,70,3,8393.524733611266,8343.308482830149,9064.267994687254,9154.387933669394,9244.507872651531,3,1591.6666666666667,1635.0,1643.0,1644.0,1645.0,3,303.0,264.0,489.6,517.8,546.0,3,25.333333333333332,26.0,26.0,26.0,26.0,3,3.2328271667162576,3.230453100055456,3.6018393400125204,3.648262620007154,3.6946859000017866
development,broad,broad_joint,assumption__radius_mixed__noise_deterministic__scale_300,combined_cover,3,3,0,0,9070.706760666666,Synthetic design; no pooling across pools; time/tail quantiles conditional on completion.,3,9070.706760666666,9065.282949,9881.4981554,9983.5250562,10085.551957,3,35223.5338043173,34576.41475112971,37905.490779038664,38321.62528252728,38737.75978601591,3,273.6666666666667,283,287.8,288.4,289,3,256.3333333333333,267,270.2,270.6,271,3,112.66666666666667,128,179.20000000000002,185.6,192,3,338.0,384.0,537.6,556.8,576.0,3,10.666666666666666,11,11.0,11.0,11,3,0.0,0.0,0.0,0.0,0.0,3,0.0,0,0.0,0.0,0,3,7044.706760863461,6915.282950225943,7581.098155807734,7664.325056505458,7747.551957203182,3,1368.3333333333333,1415.0,1439.0,1442.0,1445.0,3,376.0,414.0,582.0,603.0,624.0,3,25.333333333333332,24.0,30.4,31.2,32.0,3,3.237582166601593,3.3586596999084577,3.7104259399464357,3.7543967199511825,3.79836749995593
development,broad,broad_joint,assumption__radius_mixed__noise_deterministic__scale_300,coverage,3,3,0,0,8863.459998333334,Synthetic design; no pooling across pools; time/tail quantiles conditional on completion.,3,8863.459998333334,9058.228513,9258.183497,9283.177870000001,9308.172243,3,34657.29998789449,34721.14256632909,36012.91747746063,36174.38934135207,36335.86120524351,3,273.6666666666667,283,287.8,288.4,289,3,256.3333333333333,267,270.2,270.6,271,3,81.33333333333333,93,111.4,113.7,116,3,244.0,279.0,334.20000000000005,341.1,348.0,3,10.666666666666666,11,11.0,11.0,11,3,0.0,0.0,0.0,0.0,0.0,3,0.0,0,0.0,0.0,0,3,6931.459997578899,6944.228513265817,7202.583495492126,7234.877868270414,7267.172241048703,3,1368.3333333333333,1415.0,1439.0,1442.0,1445.0,3,282.0,327.0,367.8,372.90000000000003,378.0,3,25.333333333333332,24.0,30.4,31.2,32.0,3,2.5868672333502523,2.6114533999934793,2.7737966800108556,2.7940895900130274,2.814382500015199
development,broad,broad_joint,assumption__radius_mixed__noise_deterministic__scale_300,current,3,3,0,0,11228.181865,Synthetic design; no pooling across pools; time/tail quantiles conditional on completion.,3,11228.181865,10909.04755,11899.4100724,12023.2053877,12147.000703,3,43547.57599675926,43535.23775892277,46571.050370107216,46950.52694650528,47330.00352290333,3,343.0,332,365.59999999999997,369.8,374,3,320.3333333333333,311,343.0,347.0,351,3,140.0,134,194.79999999999998,202.39999999999998,210,3,420.0,402.0,584.4,607.2,630.0,3,11.333333333333334,12,12.0,12.0,12,3,416.51108099999993,0.0,999.6265943999999,1124.5799186999998,1249.5332429999999,3,16.666666666666668,0,40.0,44.99999999999999,50,3,8709.515199351852,8707.047551784553,9314.210074021445,9390.105389301056,9466.000704580667,3,1715.0,1660.0,1828.0,1849.0,1870.0,3,458.0,432.0,628.8,653.4,678.0,3,25.333333333333332,24.0,30.4,31.2,32.0,3,2.699505433323793,2.701037799939513,2.722662520036101,2.7253656100481747,2.7280687000602484
development,broad,broad_joint,assumption__radius_mixed__noise_deterministic__scale_300,local_cover,3,3,0,0,10851.732403,Synthetic design; no pooling across pools; time/tail quantiles conditional on completion.,3,10851.732403,10702.529814,11513.5443796,11614.921200300001,11716.298021,3,42115.328689145776,42652.64907186686,45091.72190470351,45396.6060088081,45701.49011291268,3,343.0,332,365.59999999999997,369.8,374,3,320.3333333333333,311,343.0,347.0,351,3,110.0,89,157.8,166.39999999999998,175,3,330.0,267.0,473.4,499.2,525.0,3,11.333333333333334,12,12.0,12.0,12,3,416.7126173333333,0.0,1000.1102815999999,1125.1240667999998,1250.1378519999998,3,16.666666666666668,0,40.0,44.99999999999999,50,3,8423.065737829154,8530.52981437337,9018.344380940704,9079.32120176162,9140.298022582536,3,1715.0,1660.0,1828.0,1849.0,1870.0,3,368.0,297.0,517.8000000000001,545.4,573.0,3,25.333333333333332,24.0,30.4,31.2,32.0,3,3.364242033334449,3.3552041000220925,3.7160016200039534,3.7611013100016866,3.806200999999419
development,broad,broad_joint,assumption__radius_mixed__noise_deterministic__scale_75,combined_cover,3,3,0,0,9807.887782333333,Synthetic design; no pooling across pools; time/tail quantiles conditional on completion.,3,9807.887782333333,9828.122454,9974.0949028,9992.341458899999,10010.588015,3,38937.772240835264,38589.76438736145,40460.30493161205,40694.12249964338,40927.9400676747,3,257.6666666666667,245,282.6,287.29999999999995,292,3,240.0,228,263.2,267.6,272,3,140.66666666666666,115,178.20000000000002,186.1,194,3,422.0,345.0,534.6,558.3,582.0,3,12.0,13,13.8,13.899999999999999,14,3,379.98882133333365,0.0,911.9731712000008,1025.9698176000009,1139.966464000001,3,15.0,0,36.0,40.49999999999999,45,3,7787.554448167054,7717.95287747229,8092.060986322411,8138.824499928676,8185.588013534941,3,1288.3333333333333,1225.0,1413.0,1436.5,1460.0,3,464.0,393.0,570.6,592.8000000000001,615.0,3,28.0,30.0,31.6,31.8,32.0,3,3.6271223000173145,3.685930800042115,3.784875600016676,3.797243700013496,3.809611800010316
development,broad,broad_joint,assumption__radius_mixed__noise_deterministic__scale_75,coverage,3,3,0,0,10036.253912,Synthetic design; no pooling across pools; time/tail quantiles conditional on completion.,3,10036.253912,10186.838116,10513.655660800001,10554.5078539,10595.360047,3,40002.93621819583,40679.19055148391,42557.27829649561,42792.03926462208,43026.800232748545,3,257.6666666666667,245,282.6,287.29999999999995,292,3,240.33333333333334,229,263.40000000000003,267.7,272,3,145.66666666666666,170,173.20000000000002,173.60000000000002,174,3,437.0,510.0,519.6,520.8,522.0,3,12.0,13,13.8,13.899999999999999,14,3,0.0,0.0,0.0,0.0,0.0,3,0.0,0,0.0,0.0,0,3,8000.5872436391655,8135.838110296781,8511.455659299123,8558.407852924416,8605.36004654971,3,1288.3333333333333,1225.0,1413.0,1436.5,1460.0,3,479.0,558.0,565.2,566.1,567.0,3,28.0,30.0,31.6,31.8,32.0,3,2.781642866631349,2.693053999915719,3.077445999998599,3.125495000008959,3.1735440000193194
development,broad,broad_joint,assumption__radius_mixed__noise_deterministic__scale_75,current,3,3,0,0,10154.794372666665,Synthetic design; no pooling across pools; time/tail quantiles conditional on completion.,3,10154.794372666665,10587.243758,10808.495398,10836.151853,10863.808308,3,40335.63852495762,41609.04153786325,42326.783338448986,42416.501063522206,42506.21878859542,3,294.0,296,354.4,361.7,369,3,273.6666666666667,276,331.2,338.09999999999997,345,3,91.33333333333333,90,97.2,98.1,99,3,274.0,270.0,291.6,294.29999999999995,297.0,3,12.333333333333334,14,14.0,14.0,14,3,327.00992399999996,0.0,784.8238176,882.9267947999998,981.0297719999999,3,6.666666666666667,0,16.0,18.0,20,3,8067.127704991523,8321.80830757265,8465.356667689797,8483.30021270444,8501.243757719083,3,1470.0,1480.0,1772.0,1808.5,1845.0,3,316.0,318.0,327.59999999999997,328.79999999999995,330.0,3,28.0,30.0,31.6,31.8,32.0,3,2.709385999982866,2.6248342000180855,2.8925150799797845,2.9259751899749973,2.9594352999702096
development,broad,broad_joint,assumption__radius_mixed__noise_deterministic__scale_75,local_cover,3,3,0,0,10242.955056,Synthetic design; no pooling across pools; time/tail quantiles conditional on completion.,3,10242.955056,10257.676572,10997.765491200002,11090.2766061,11182.787721,3,40501.44194563214,41383.38287057451,42347.827456641884,42468.38302990031,42588.93860315873,3,294.0,296,354.4,361.7,369,3,273.6666666666667,276,331.2,338.09999999999997,345,3,109.66666666666667,139,139.79999999999998,139.9,140,3,329.0,417.0,419.4,419.7,420.0,3,12.333333333333334,14,14.0,14.0,14,3,327.00992399999996,0.0,784.8238176,882.9267947999998,981.0297719999999,3,6.666666666666667,0,16.0,18.0,20,3,8100.288389126428,8276.676574114903,8469.565491328378,8493.676605980063,8517.787720631746,3,1470.0,1480.0,1772.0,1808.5,1845.0,3,371.0,453.0,462.59999999999997,463.79999999999995,465.0,3,28.0,30.0,31.6,31.8,32.0,3,3.326784366664166,3.381248200079426,3.7186745999846607,3.7608528999728152,3.8030311999609694
development,broad,broad_joint,assumption__radius_mixed__noise_extreme__scale_150,combined_cover,3,3,0,0,8880.966342,Synthetic design; no pooling across pools; time/tail quantiles conditional on completion.,3,8880.966342,8547.710936,9581.3756712,9710.5837631,9839.791855,3,34464.83170858001,33478.554689248514,36526.87835023133,36907.91880785418,37288.95926547703,3,278.3333333333333,283,290.2,291.09999999999997,292,3,260.3333333333333,265,271.4,272.2,273,3,92.0,39,166.20000000000002,182.1,198,3,276.0,117.0,498.6,546.3,594.0,3,9.333333333333334,10,10.0,10.0,10,3,387.1771230000001,0.0,929.2250952000003,1045.3782321,1161.5313690000003,3,15.0,0,36.0,40.49999999999999,45,3,6892.966341716002,6695.7109378497025,7305.375670046265,7381.583761570836,7457.791853095407,3,1391.6666666666667,1415.0,1451.0,1455.5,1460.0,3,312.0,159.0,533.4,580.1999999999999,627.0,3,24.0,22.0,26.8,27.4,28.0,3,3.03622120001819,3.133894400089048,3.666262880037539,3.7328089400311,3.7993550000246614
development,broad,broad_joint,assumption__radius_mixed__noise_extreme__scale_150,coverage,3,3,0,0,8954.219934666668,Synthetic design; no pooling across pools; time/tail quantiles conditional on completion.,3,8954.219934666668,8946.030785,9434.644376200002,9495.7210751,9556.797774,3,34851.09966604743,35035.15392338046,36210.22187999683,36357.10537457388,36503.988869150926,3,278.3333333333333,283,290.2,291.09999999999997,292,3,260.3333333333333,265,271.4,272.2,273,3,90.66666666666667,68,138.4,147.2,156,3,272.0,204.0,415.20000000000005,441.59999999999997,468.0,3,9.333333333333334,10,10.0,10.0,10,3,387.27728366666696,0.0,929.4654808000007,1045.6486659000007,1161.8318510000008,3,15.0,0,36.0,40.49999999999999,45,3,6970.219933209486,7007.030784676092,7242.044375999367,7271.421074914776,7300.797773830185,3,1391.6666666666667,1415.0,1451.0,1455.5,1460.0,3,308.0,237.0,448.2,474.6,501.0,3,24.0,22.0,26.8,27.4,28.0,3,2.724280333301673,2.8183910999214277,3.1407712599961086,3.181068780005444,3.221366300014779
development,broad,broad_joint,assumption__radius_mixed__noise_extreme__scale_150,current,3,3,0,0,11035.220814666667,Synthetic design; no pooling across pools; time/tail quantiles conditional on completion.,3,11035.220814666667,10371.681929,12216.593461800001,12447.2074034,12677.821345,3,42591.10407844648,42313.40965801471,46569.96731305217,47102.03701993185,47634.10672681154,3,347.3333333333333,354,387.6,391.8,396,3,323.3333333333333,330,363.6,367.79999999999995,372,3,132.33333333333334,37,273.0,302.49999999999994,332,3,397.0,111.0,819.0000000000001,907.4999999999999,996.0,3,10.333333333333334,10,10.8,10.899999999999999,11,3,905.5014980000002,1332.770219,1373.5414638000007,1378.6378694000007,1383.7342750000007,3,30.0,45,45.0,45.0,45,3,8518.220815689294,8462.681931602941,9313.993462610433,9420.40740398637,9526.821345362307,3,1736.6666666666667,1770.0,1938.0,1959.0,1980.0,3,433.0,153.0,853.8000000000001,941.4,1029.0,3,24.0,22.0,26.8,27.4,28.0,3,2.935794600013954,3.1104021000210196,3.327164979977533,3.354260339972097,3.3813556999666616
development,broad,broad_joint,assumption__radius_mixed__noise_extreme__scale_150,local_cover,3,3,0,0,10456.409634000001,Synthetic design; no pooling across pools; time/tail quantiles conditional on completion.,3,10456.409634000001,10294.600511,10972.5642814,11057.309752699999,11142.055224,3,40527.04818176754,42078.002561245965,42083.82142313589,42084.54878087213,42085.276138608366,3,347.3333333333333,354,387.6,391.8,396,3,323.3333333333333,330,363.6,367.79999999999995,372,3,77.0,27,157.4,173.69999999999996,190,3,231.0,81.0,472.2,521.1,570.0,3,10.333333333333334,10,10.8,10.899999999999999,11,3,906.3708170000003,1333.3358900000003,1375.2884268000005,1380.5324939000004,1385.7765610000006,3,30.0,45,45.0,45.0,45,3,8105.409636353509,8415.600512249193,8416.764284627177,8416.909756174426,8417.055227721674,3,1736.6666666666667,1770.0,1938.0,1959.0,1980.0,3,267.0,123.0,507.0,555.0,603.0,3,24.0,22.0,26.8,27.4,28.0,3,3.1181750666582957,3.004094499978237,3.934762980020605,4.051096540025901,4.167430100031197
development,broad,broad_joint,assumption__radius_mixed__noise_extreme__scale_300,combined_cover,2,2,0,0,9076.827835,Synthetic design; no pooling across pools; time/tail quantiles conditional on completion.,2,9076.827835,9076.827835,9292.738767800001,9319.7276344,9346.716501,2,34996.63917413485,34996.63917413485,36490.193837965315,36676.888170944134,36863.58250392294,2,296.0,296.0,309.59999999999997,311.29999999999995,313,2,277.5,277.5,290.70000000000005,292.35,294,2,87.5,87.5,88.7,88.85,89,2,262.5,262.5,266.1,266.55,267.0,2,10.0,10.0,10.0,10.0,10,2,587.4901659999996,587.4901659999996,1057.4822987999994,1116.2313153999992,1174.9803319999992,2,22.5,22.5,40.5,42.75,45,2,6999.3278348269705,6999.3278348269705,7298.038767593064,7335.377634188826,7372.716500784588,2,1480.0,1480.0,1548.0,1556.5,1565.0,2,297.0,297.0,299.4,299.7,300.0,2,23.0,23.0,23.8,23.9,24.0,2,3.1327257999801077,3.1327257999801077,3.264630599983502,3.281118699983926,3.297606799984351
development,broad,broad_joint,assumption__radius_mixed__noise_extreme__scale_300,coverage,2,2,0,0,9532.2968625,Synthetic design; no pooling across pools; time/tail quantiles conditional on completion.,2,9532.2968625,9532.2968625,9941.6957845,9992.87064975,10044.045515,2,36591.48430710603,36591.48430710603,37150.47891966531,37220.353246235216,37290.227572805125,2,296.0,296.0,309.59999999999997,311.29999999999995,313,2,277.5,277.5,290.70000000000005,292.35,294,2,133.0,133.0,205.79999999999998,214.89999999999998,224,2,399.0,399.0,617.4000000000001,644.6999999999999,672.0,2,10.0,10.0,10.0,10.0,10,2,586.5360709999995,586.5360709999995,1055.7649277999992,1114.418534899999,1173.072141999999,2,22.5,22.5,40.5,42.75,45,2,7318.296861421206,7318.296861421206,7430.09578393306,7444.070649247043,7458.045514561025,2,1480.0,1480.0,1548.0,1556.5,1565.0,2,433.5,433.5,650.7,677.85,705.0,2,23.0,23.0,23.8,23.9,24.0,2,2.914554400020279,2.914554400020279,3.23247184001375,3.272211520012934,3.3119512000121176
development,broad,broad_joint,assumption__radius_mixed__noise_extreme__scale_300,current,2,2,0,0,11112.824334500001,Synthetic design; no pooling across pools; time/tail quantiles conditional on completion.,2,11112.824334500001,11112.824334500001,11248.1020277,11265.01173935,11281.921451,2,43074.121675821436,43074.121675821436,43578.5101543717,43641.55871419048,43704.60727400927,2,359.5,359.5,361.5,361.75,362,2,335.5,335.5,338.3,338.65000000000003,339,2,102.5,102.5,118.9,120.95,123,2,307.5,307.5,356.70000000000005,362.85,369.0,2,8.5,8.5,8.899999999999999,8.95,9,2,0.0,0.0,0.0,0.0,0.0,2,0.0,0.0,0.0,0.0,0,2,8614.824335164287,8614.824335164287,8715.70203087434,8728.311742838097,8740.921454801854,2,1797.5,1797.5,1807.5,1808.75,1810.0,2,342.0,342.0,390.0,396.0,402.0,2,23.0,23.0,23.8,23.9,24.0,2,2.865874300012365,2.865874300012365,2.938966060010716,2.94810253001051,2.957239000010304
development,broad,broad_joint,assumption__radius_mixed__noise_extreme__scale_300,local_cover,2,2,0,0,10826.8886055,Synthetic design; no pooling across pools; time/tail quantiles conditional on completion.,2,10826.8886055,10826.8886055,11003.5796891,11025.66607455,11047.75246,2,42049.44303581407,42049.44303581407,42676.89845864147,42755.3303864949,42833.76231434833,2,359.5,359.5,361.5,361.75,362,2,335.5,335.5,338.3,338.65000000000003,339,2,75.5,75.5,97.5,100.25,103,2,226.5,226.5,292.5,300.75,309.0,2,8.5,8.5,8.899999999999999,8.95,9,2,0.0,0.0,0.0,0.0,0.0,2,0.0,0.0,0.0,0.0,0,2,8409.888607162815,8409.888607162815,8535.379691728296,8551.066077298981,8566.752462869666,2,1797.5,1797.5,1807.5,1808.75,1810.0,2,261.0,261.0,325.8,333.9,342.0,2,23.0,23.0,23.8,23.9,24.0,2,3.0858246999559924,3.0858246999559924,3.1725951799890026,3.183441489993129,3.194287799997255
development,broad,broad_joint,assumption__radius_mixed__noise_extreme__scale_75,combined_cover,3,3,0,0,8845.714554666667,Synthetic design; no pooling across pools; time/tail quantiles conditional on completion.,3,8845.714554666667,9111.574961,9124.790600999999,9126.442556,9128.094511,3,34590.23944443832,34857.874802978746,35839.95300741195,35962.7127829661,36085.47255852025,3,291.3333333333333,291,309.4,311.7,314,3,273.0,276,289.6,291.3,293,3,44.333333333333336,35,66.2,70.1,74,3,133.0,105.0,198.60000000000002,210.29999999999998,222.0,3,9.333333333333334,10,11.600000000000001,11.8,12,3,0.0,0.0,0.0,0.0,0.0,3,0.0,0,0.0,0.0,0,3,6918.047888887664,6971.574960595749,7167.990601482389,7192.542556593219,7217.094511704049,3,1456.6666666666667,1455.0,1547.0,1558.5,1570.0,3,172.0,150.0,234.0,244.5,255.0,3,26.0,26.0,29.2,29.599999999999998,30.0,3,2.9117124666615077,2.9090945000061765,3.0143256199778987,3.027479509974364,3.0406333999708295
development,broad,broad_joint,assumption__radius_mixed__noise_extreme__scale_75,coverage,3,3,0,0,9012.85031,Synthetic design; no pooling across pools; time/tail quantiles conditional on completion.,3,9012.85031,9231.61429,9451.2463364,9478.700342200002,9506.154348,3,35037.58488648576,35890.77174571008,36280.61150709506,36329.341477268186,36378.07144744131,3,291.3333333333333,291,309.4,311.7,314,3,273.6666666666667,276,291.2,293.1,295,3,70.0,50,118.80000000000001,127.39999999999999,136,3,210.0,150.0,356.40000000000003,382.2,408.0,3,9.333333333333334,10,11.600000000000001,11.8,12,3,0.0,0.0,0.0,0.0,0.0,3,0.0,0,0.0,0.0,0,3,7007.516977297152,7178.154349142016,7256.122301419013,7265.868295453638,7275.614289488262,3,1456.6666666666667,1455.0,1547.0,1558.5,1570.0,3,249.0,195.0,391.8,416.4,441.0,3,26.0,26.0,29.2,29.599999999999998,30.0,3,2.634702366660349,2.524051500018686,2.790960699971765,2.8243243499659,2.857687999960035
development,broad,broad_joint,assumption__radius_mixed__noise_extreme__scale_75,current,3,3,0,0,11006.881521000001,Synthetic design; no pooling across pools; time/tail quantiles conditional on completion.,3,11006.881521000001,10794.101592,11629.8627064,11734.3328457,11838.802985,3,43871.074274927865,44450.50797159457,45401.313528204446,45520.16422278068,45639.014917356915,3,327.6666666666667,320,370.40000000000003,376.70000000000005,383,3,303.3333333333333,295,344.6,350.79999999999995,357,3,75.33333333333333,57,113.8,120.89999999999999,128,3,226.0,171.0,341.40000000000003,362.7,384.0,3,9.666666666666666,9,11.4,11.7,12,3,0.0,0.0,0.0,0.0,0.0,3,0.0,0,0.0,0.0,0,3,8774.214854985572,8890.101594318914,9080.26270564089,9104.032844556137,9127.802983471383,3,1638.3333333333333,1600.0,1852.0,1883.5,1915.0,3,265.0,216.0,376.8,396.9,417.0,3,26.0,26.0,29.2,29.599999999999998,30.0,3,2.636945933297587,2.619297600002028,2.819264239934273,2.8442600699258036,2.8692558999173343
development,broad,broad_joint,assumption__radius_mixed__noise_extreme__scale_75,local_cover,3,3,0,0,10851.167587,Synthetic design; no pooling across pools; time/tail quantiles conditional on completion.,3,10851.167587,11037.735315,11122.6613942,11133.2771541,11143.892914,3,43192.50460625556,42833.676573016484,44842.30697943154,45093.38578023341,45344.464581035296,3,327.6666666666667,320,370.40000000000003,376.70000000000005,383,3,303.3333333333333,295,344.6,350.79999999999995,357,3,68.66666666666667,48,100.8,107.4,114,3,206.0,144.0,302.40000000000003,322.2,342.0,3,9.666666666666666,9,11.4,11.7,12,3,0.0,0.0,0.0,0.0,0.0,3,0.0,0,0.0,0.0,0,3,8638.500921251112,8566.735314603297,8968.461395886306,9018.677156046684,9068.89291620706,3,1638.3333333333333,1600.0,1852.0,1883.5,1915.0,3,245.0,177.0,345.0,366.0,387.0,3,26.0,26.0,29.2,29.599999999999998,30.0,3,3.1820979333327464,2.8502874999539927,3.7392850999953224,3.850409800000489,3.961534500005655
development,calibrated,__pool_design__,__design_mixture__,combined_cover,80,80,0,0,9096.91741925,Synthetic design; no pooling across pools; time/tail quantiles conditional on completion.,80,9096.91741925,9043.4172135,10057.925447000001,10280.06680135,10750.605287,80,35670.274598739285,35340.81918116208,40357.96867238239,41113.02751194594,43708.02645108794,80,279.0625,288.5,323.40000000000003,341.04999999999995,377,80,262.6375,271.0,306.3,323.05,360,80,79.825,75.0,143.10000000000002,172.8499999999999,241,80,239.475,225.0,429.3,518.5499999999997,723.0,80,10.7375,11.0,13.0,13.049999999999997,15,80,452.88655827499997,0.0,1137.9692274000008,1247.9660505499992,1940.522673999999,80,15.9,0.0,40.0,48.099999999999994,80,80,7134.054919747857,7068.163836232416,8071.593734476478,8222.60550238919,8741.605290217589,80,1395.3125,1442.5,1617.0,1705.25,1885.0,80,278.7375,262.5,468.0,560.5499999999997,768.0,80,26.175,26.0,32.0,32.0,32.0,80,3.3716594549943695,3.3315258999937214,4.009309069951996,4.361572979961057,4.598382800002582
development,calibrated,__pool_design__,__design_mixture__,coverage,80,80,0,0,9280.860555225,Synthetic design; no pooling across pools; time/tail quantiles conditional on completion.,80,9280.860555225,9258.407193,10358.147092399999,10704.870979899997,11554.224691,80,36373.67777689366,35667.96893351605,41107.21841526632,42452.10491221498,45355.375361421626,80,279.0625,288.5,323.40000000000003,341.04999999999995,377,80,262.5875,271.0,306.3,323.05,360,80,94.2625,81.5,164.40000000000003,215.59999999999997,372,80,282.7875,244.5,493.2000000000001,646.7999999999998,1116.0,80,10.7,11.0,13.0,13.049999999999997,15,80,456.163336875,0.0,1139.5047514000007,1246.1767908499999,1940.5226739999998,80,16.0,0.0,40.0,50.0,80,80,7274.735555378732,7133.59378670321,8221.443683053263,8490.420982442996,9071.075072284326,80,1395.3125,1442.5,1617.0,1705.25,1885.0,80,322.05,285.0,532.2000000000002,680.5499999999998,1158.0,80,26.175,26.0,32.0,32.0,32.0,80,2.923972899993532,2.9114067499758676,3.3624505899148063,3.5148380699160042,3.9564053000649437
development,calibrated,__pool_design__,__design_mixture__,current,80,80,0,0,10713.008080374999,Synthetic design; no pooling across pools; time/tail quantiles conditional on completion.,80,10713.008080374999,10704.5449295,11785.596848000001,12099.48837785,13148.461846,80,42260.04040416889,42611.00195460471,46901.21406807812,47277.6411023466,52652.30923097378,80,322.525,331.5,382.1,397.09999999999997,433,80,299.8125,309.5,358.1,375.05,408,80,94.375,74.0,183.50000000000006,236.49999999999997,319,80,283.125,222.0,550.5000000000001,709.4999999999999,957.0,80,10.4875,10.0,13.100000000000009,14.0,15,80,762.5229306250001,0.0,3054.6749469000015,3471.032749949999,3782.355087,80,23.8875,0.0,78.20000000000002,126.0,150,80,8452.008080833777,8522.200390920942,9380.242813615627,9455.52822046932,10530.461846194756,80,1612.625,1657.5,1910.5,1985.5,2165.0,80,322.3875,264.0,587.7000000000003,745.3499999999999,999.0,80,26.175,26.0,32.0,32.0,32.0,80,2.9686012925041725,2.937378650007304,3.38643204002874,3.5680939150450284,3.963927299948409
development,calibrated,__pool_design__,__design_mixture__,local_cover,80,80,0,0,10494.12366465,Synthetic design; no pooling across pools; time/tail quantiles conditional on completion.,80,10494.12366465,10503.0500255,11442.9322282,11625.86510625,12871.580756,80,41452.11832775873,41343.7556634318,45398.013729944316,47057.37914586717,50988.50113900991,80,322.525,331.5,382.1,397.09999999999997,433,80,299.85,309.5,358.1,375.05,408,80,75.2625,54.5,143.0,164.34999999999997,278,80,225.7875,163.5,429.0,493.04999999999995,834.0,80,10.4875,10.0,13.100000000000009,14.0,15,80,762.5826881749999,0.0,3054.5951223000006,3469.9545587,3782.355087000001,80,23.8875,0.0,78.20000000000002,126.0,150,80,8290.423665551747,8268.75113268636,9079.602745988863,9411.475829173432,10197.700227801983,80,1612.625,1657.5,1910.5,1985.5,2165.0,80,265.05,208.5,471.6000000000001,538.1999999999999,879.0,80,26.175,26.0,32.0,32.0,32.0,80,3.396013551238866,3.312477100000251,4.176544349966571,4.3394655649201015,4.867250599898398
development,calibrated,broad_joint,__design_mixture__,combined_cover,40,40,0,0,8987.6577865,Synthetic design; no pooling across pools; time/tail quantiles conditional on completion.,40,8987.6577865,8827.5678895,10113.696728400002,10280.06680135,10750.605287,40,35526.78893410753,34695.746429880106,40432.904378047875,40720.59365466474,43708.02645108794,40,268.95,270.0,321.09999999999997,324.3499999999999,377,40,252.95,254.5,304.0,307.2499999999999,360,40,72.575,60.0,121.70000000000002,163.39999999999998,236,40,217.725,180.0,365.1,490.19999999999993,708.0,40,10.9,11.0,13.0,13.049999999999997,15,40,408.7487491,0.0,1065.5698003000005,1192.4204411500004,1940.522673999999,40,14.775,0.0,40.0,40.49999999999997,80,40,7105.357786821504,6939.14928597602,8086.580875609576,8144.118730932948,8741.605290217589,40,1344.75,1350.0,1605.5,1621.7499999999995,1885.0,40,257.85,219.0,412.8,535.05,756.0,40,26.75,28.0,32.0,32.0,32.0,40,3.3229411900014383,3.2187684000236914,4.020238039956894,4.361572979961057,4.51140109996777
development,calibrated,broad_joint,__design_mixture__,coverage,40,40,0,0,9141.908935525,Synthetic design; no pooling across pools; time/tail quantiles conditional on completion.,40,9141.908935525,8920.331688499999,10025.292705200001,10704.870979899997,11554.224691,40,36125.04467785413,35561.11542481273,41107.21841526632,42452.10491221498,43686.12345054763,40,268.95,270.0,321.09999999999997,324.3499999999999,377,40,252.9,254.0,304.0,307.2499999999999,360,40,84.125,72.0,141.90000000000003,165.59999999999985,281,40,252.375,216.0,425.70000000000005,496.79999999999956,843.0,40,10.85,11.0,13.0,13.049999999999997,15,40,408.38636322499997,0.0,1064.8218365000007,1191.4594445500002,1940.5226739999998,40,14.775,0.0,40.0,40.49999999999997,80,40,7225.008935570826,7112.223084962546,8221.443683053263,8490.420982442996,8737.224690109526,40,1344.75,1350.0,1605.5,1621.7499999999995,1885.0,40,292.5,258.0,465.3,538.3499999999996,888.0,40,26.75,28.0,32.0,32.0,32.0,40,2.8992278550023913,2.8934842000016943,3.212072149955202,3.3665579499909657,3.9055131999775767
development,calibrated,broad_joint,__design_mixture__,current,40,40,0,0,10559.0132445,Synthetic design; no pooling across pools; time/tail quantiles conditional on completion.,40,10559.0132445,10505.6938305,11789.5353489,11982.53327135,12389.760329,40,41893.191224577255,41622.51055869268,46697.39046375389,47770.2990505009,49198.356187767655,40,312.725,311.0,378.40000000000003,387.7499999999999,433,40,290.375,288.5,354.40000000000003,367.54999999999995,408,40,86.5,68.0,170.00000000000003,220.79999999999995,246,40,259.5,204.0,510.0000000000001,662.3999999999999,738.0,40,10.6,10.0,14.0,14.049999999999997,15,40,991.490363525,0.0,3392.9236776,3515.86132475,3782.355087,40,31.5,0.0,117.90000000000002,140.0,150,40,8378.638244915452,8324.502111738535,9339.478092750778,9554.05981010018,9839.671237553532,40,1563.625,1555.0,1892.0,1938.7499999999995,2165.0,40,299.625,243.0,544.5000000000001,706.9499999999999,771.0,40,26.75,28.0,32.0,32.0,32.0,40,2.945182097502402,2.9061248999787495,3.33094497990096,3.6090739150182336,3.963927299948409
development,calibrated,broad_joint,__design_mixture__,local_cover,40,40,0,0,10398.854851525,Synthetic design; no pooling across pools; time/tail quantiles conditional on completion.,40,10398.854851525,10419.260142,11456.615347100002,11625.86510625,12871.580756,40,41278.52426075085,40738.92307917929,46488.10637275743,47478.825534013464,49412.90377413281,40,312.725,311.0,378.40000000000003,387.7499999999999,433,40,290.425,288.5,354.40000000000003,367.54999999999995,408,40,74.075,54.5,143.0,151.99999999999994,236,40,222.225,163.5,429.0,455.99999999999983,708.0,40,10.575,10.0,14.0,14.049999999999997,15,40,991.69776235,0.0,3391.9942685999995,3518.3397868999996,3782.355087000001,40,31.5,0.0,117.90000000000002,140.0,150,40,8255.704852150171,8147.784615835857,9297.621274551486,9495.765106802693,9882.580754826562,40,1563.625,1555.0,1892.0,1938.7499999999995,2165.0,40,262.35,202.5,466.2,503.99999999999983,747.0,40,26.75,28.0,32.0,32.0,32.0,40,3.430950279987883,3.363597200019285,4.229224840039388,4.343363319919444,4.740081100026146
development,calibrated,broad_joint,mixed_correlated150_after_observable_screen,combined_cover,20,20,0,0,9140.76350275,Synthetic design; no pooling across pools; time/tail quantiles conditional on completion.,20,9140.76350275,9051.655031,10113.696728400002,10236.743882699999,10278.287073,20,36204.81751664796,35206.22393333591,40622.69855233271,40720.59365466474,41086.43536313142,20,270.1,277.5,303.2,317.15000000000003,377,20,253.9,261.0,288.90000000000003,300.1500000000001,360,20,76.3,86.5,121.70000000000002,130.15000000000003,171,20,228.9,259.5,365.1,390.4500000000001,513.0,20,10.6,10.5,13.0,13.05,14,20,327.1963033,0.0,1065.5698003000005,1137.8251438500004,1244.2781509999995,20,10.95,0.0,36.400000000000006,40.0,40,20,7240.9635033295945,7041.244786667182,8124.539710466543,8144.118730932949,8217.287072626284,20,1350.5,1387.5,1516.0000000000002,1585.7500000000002,1885.0,20,268.8,292.5,412.8,435.30000000000007,555.0,20,26.6,26.0,30.200000000000003,32.0,32.0,20,3.33730613499647,3.321539950033184,3.983051559946034,4.0120265699515585,4.168044500052929
development,calibrated,broad_joint,mixed_correlated150_after_observable_screen,coverage,20,20,0,0,9264.496007400001,Synthetic design; no pooling across pools; time/tail quantiles conditional on completion.,20,9264.496007400001,9267.4940055,10394.4540679,10704.8709799,11062.713976,20,36674.23003808096,35715.85963643479,41295.270342717,42452.10491221498,43058.569884828576,20,270.1,277.5,303.2,317.15000000000003,377,20,253.9,261.0,288.90000000000003,300.1500000000001,360,20,86.25,73.5,151.3,165.60000000000002,215,20,258.75,220.5,453.9000000000001,496.8000000000001,645.0,20,10.6,10.5,13.0,13.05,14,20,326.89901375,0.0,1064.8218365000007,1139.4602977500003,1242.613972,20,10.95,0.0,36.400000000000006,40.0,40,20,7334.846007616191,7143.171927286958,8259.054068543399,8490.420982442996,8611.713976965715,20,1350.5,1387.5,1516.0000000000002,1585.7500000000002,1885.0,20,298.65,262.5,498.6000000000001,538.3500000000001,678.0,20,26.6,26.0,30.200000000000003,32.0,32.0,20,2.8920237099868245,2.875783949973993,3.1935163100017236,3.294501494977158,3.3740790999727324
development,calibrated,broad_joint,mixed_correlated150_after_observable_screen,current,20,20,0,0,10829.3808652,Synthetic design; no pooling across pools; time/tail quantiles conditional on completion.,20,10829.3808652,10563.8509505,11998.8036907,12296.575693499999,12389.760329,20,42884.404328920245,42114.973717756846,45932.1842658974,47341.52936858916,49198.356187767655,20,321.15,319.0,378.8,388.35,433,20,298.25,296.5,355.20000000000005,368.1,408,20,94.0,70.5,192.80000000000007,236.5,246,20,282.0,211.5,578.4000000000002,709.5,738.0,20,10.25,10.0,12.200000000000003,14.0,14,20,845.64309105,0.0,3123.688071200001,3390.6244091,3508.5615530000005,20,23.8,0.0,81.40000000000005,112.70000000000002,126,20,8576.88086578405,8422.994743551368,9186.436853179479,9468.30587371783,9839.671237553532,20,1605.75,1595.0,1894.0,1941.7500000000002,2165.0,20,321.9,249.0,625.2000000000003,745.35,771.0,20,26.6,26.0,30.200000000000003,32.0,32.0,20,3.0128933100088036,2.925508050015196,3.3265914400108167,3.8884696550259834,3.963927299948409
development,calibrated,broad_joint,mixed_correlated150_after_observable_screen,local_cover,20,20,0,0,10590.93407985,Synthetic design; no pooling across pools; time/tail quantiles conditional on completion.,20,10590.93407985,10643.354786,11408.4968,11448.047466650001,11551.797017,20,42000.17040249579,41813.65533268944,45177.2101833079,45742.06702790344,46473.98507673286,20,321.15,319.0,378.8,388.35,433,20,298.3,296.5,355.20000000000005,368.1,408,20,73.45,69.0,128.0,128.75,143,20,220.35,207.0,384.0,386.25000000000006,429.0,20,10.2,10.0,12.200000000000003,14.0,14,20,845.6693213499999,0.0,3123.596851600001,3389.8839174999994,3511.083445,20,23.8,0.0,81.40000000000005,112.70000000000002,126,20,8400.034080499157,8362.731066537888,9035.442036661581,9148.413405580688,9294.797015346572,20,1605.75,1595.0,1894.0,1941.7500000000002,2165.0,20,260.25,247.5,420.3,424.95,462.0,20,26.6,26.0,30.200000000000003,32.0,32.0,20,3.462790154974209,3.4304117499268614,3.9833813900011594,4.121803614968667,4.338846599915996
development,calibrated,broad_joint,mixed_extreme150_after_observable_screen,combined_cover,20,20,0,0,8834.55207025,Synthetic design; no pooling across pools; time/tail quantiles conditional on completion.,20,8834.55207025,8734.773079499999,9628.435811600002,10335.71782235,10750.605287,20,34848.76035156708,34113.59877395302,39348.104956987365,40367.20834713241,43708.02645108794,20,267.8,266.0,322.1,324.35,350,20,252.0,251.0,304.2,307.25,331,20,68.85,48.0,119.80000000000007,166.65000000000003,236,20,206.55,144.0,359.4000000000002,499.95000000000016,708.0,20,11.2,11.0,13.0,13.100000000000001,15,20,490.3011949,174.92567899999995,995.6534991000015,1227.232667300001,1940.522673999999,20,18.6,5.0,41.000000000000014,51.50000000000002,80,20,6969.752070313416,6822.7197547906035,7869.620991397473,8073.441669426482,8741.605290217589,20,1339.0,1330.0,1610.5,1621.75,1750.0,20,246.9,184.5,407.1000000000002,545.1000000000001,756.0,20,26.9,28.0,32.0,32.0,32.0,20,3.3085762450064067,3.14697400003206,4.3636236599646505,4.406079160026275,4.51140109996777
development,calibrated,broad_joint,mixed_extreme150_after_observable_screen,coverage,20,20,0,0,9019.321863649999,Synthetic design; no pooling across pools; time/tail quantiles conditional on completion.,20,9019.321863649999,8809.04559,9978.934260400001,10066.192073200002,11554.224691,20,35575.8593176273,35082.88012879039,40329.27386724902,41229.50719311296,43686.12345054763,20,267.8,266.0,322.1,324.35,350,20,251.9,250.5,304.2,307.25,331,20,82.0,66.5,127.20000000000002,145.15000000000012,281,20,246.0,199.5,381.6000000000001,435.45000000000033,843.0,20,11.1,11.0,13.0,13.100000000000001,15,20,489.8737126999998,176.03449249999994,992.7019165000002,1226.3548796500008,1940.5226739999998,20,18.6,5.0,41.000000000000014,51.50000000000002,80,20,7115.17186352546,7016.576025758078,8065.854773449806,8245.901438622594,8737.224690109526,20,1339.0,1330.0,1610.5,1621.75,1750.0,20,286.35,244.5,428.70000000000005,474.75000000000034,888.0,20,26.9,28.0,32.0,32.0,32.0,20,2.9064320000179578,2.893990350072272,3.2196570399566555,3.393129654991208,3.9055131999775767
development,calibrated,broad_joint,mixed_extreme150_after_observable_screen,current,20,20,0,0,10288.6456238,Synthetic design; no pooling across pools; time/tail quantiles conditional on completion.,20,10288.6456238,10174.005711,11710.048911,11783.75966445,11893.497669,20,40901.978120234264,39584.13361783187,46749.50228996927,47770.29905050091,47872.502845079565,20,304.3,291.0,373.90000000000003,383.95000000000005,421,20,282.5,270.0,351.70000000000005,359.95000000000005,397,20,79.0,55.5,132.70000000000005,160.15000000000003,220,20,237.0,166.5,398.1000000000001,480.4500000000001,660.0,20,10.95,10.0,14.100000000000001,15.0,15,20,1137.337636,0.0,3487.989550099999,3660.9468929499994,3782.355087,20,39.2,0.0,140.0,140.5,150,20,8180.395624046852,7916.826723566373,9349.900457993854,9554.05981010018,9574.500569015912,20,1521.5,1455.0,1869.5,1919.7500000000002,2105.0,20,277.35,204.0,440.7000000000001,528.3000000000001,705.0,20,26.9,28.0,32.0,32.0,32.0,20,2.8774708849960007,2.7995099499821663,3.33094497990096,3.3606390699278563,3.5945779000176117
development,calibrated,broad_joint,mixed_extreme150_after_observable_screen,local_cover,20,20,0,0,10206.7756232,Synthetic design; no pooling across pools; time/tail quantiles conditional on completion.,20,10206.7756232,10150.6563045,11643.492440500002,12006.324271950001,12871.580756,20,40556.878119005916,39021.65801572924,47541.46220526254,48706.12136206502,49412.90377413281,20,304.3,291.0,373.90000000000003,383.95000000000005,421,20,282.55,270.0,351.70000000000005,359.95000000000005,397,20,74.7,47.0,153.00000000000003,174.25000000000006,236,20,224.1,141.0,459.0000000000001,522.7500000000001,708.0,20,10.95,10.0,14.100000000000001,15.0,15,20,1137.7262033499999,0.0,3487.1789862,3662.5175231999992,3782.355087000001,20,39.2,0.0,140.0,140.5,150,20,8111.375623801183,7804.331603145849,9508.292441052508,9741.224272413006,9882.580754826562,20,1521.5,1455.0,1869.5,1919.7500000000002,2105.0,20,264.45,186.0,507.0000000000001,570.3000000000002,747.0,20,26.9,28.0,32.0,32.0,32.0,20,3.3991104050015566,3.263062499987427,4.342808179964777,4.444726004987024,4.740081100026146
development,calibrated,smoothed_joint,__design_mixture__,combined_cover,40,40,0,0,9206.177052000001,Synthetic design; no pooling across pools; time/tail quantiles conditional on completion.,40,9206.177052000001,9196.532572,9877.2168584,10277.81594705,10735.408587,40,35813.76026337104,35544.23840720723,39760.77010057324,41624.96656899208,42354.305968543566,40,289.175,299.5,332.09999999999997,341.04999999999995,361,40,272.325,282.5,316.09999999999997,323.05,344,40,87.075,78.0,144.1,208.94999999999993,241,40,261.225,234.0,432.3,626.8499999999998,723.0,40,10.575,11.0,13.0,13.049999999999997,15,40,497.02436745000006,226.4112565000005,1208.0792920000006,1319.783143799999,1898.4922049999996,40,17.025,7.5,45.0,48.099999999999994,64,40,7162.752052674208,7108.847681441446,7952.154020114646,8324.993313798417,8470.861193708713,40,1445.875,1497.5,1660.5,1705.25,1805.0,40,299.625,271.5,468.90000000000003,668.8499999999998,768.0,40,25.6,26.0,30.0,32.0,32.0,40,3.4203777199873002,3.3757580999517813,3.9776077399612406,4.3387132500531145,4.598382800002582
development,calibrated,smoothed_joint,__design_mixture__,coverage,40,40,0,0,9419.812174925,Synthetic design; no pooling across pools; time/tail quantiles conditional on completion.,40,9419.812174925,9350.981629000002,10389.112497,10712.030657749998,11445.075069,40,36622.310875933195,36224.993732907664,40742.85284747007,42000.20875889456,45355.375361421626,40,289.175,299.5,332.09999999999997,341.04999999999995,361,40,272.275,282.5,316.09999999999997,323.05,344,40,104.4,88.0,178.60000000000002,228.74999999999991,372,40,313.2,264.0,535.8000000000001,686.2499999999998,1116.0,40,10.55,11.0,13.0,13.049999999999997,15,40,503.94031052500003,227.38246750000053,1205.9443563999996,1329.693376399998,1894.8781760000002,40,17.225,7.5,45.0,50.29999999999998,64,40,7324.462175186638,7244.998746581534,8148.570569494015,8400.04175177891,9071.075072284326,40,1445.875,1497.5,1660.5,1705.25,1805.0,40,351.6,301.5,580.8000000000001,733.6499999999997,1158.0,40,25.6,26.0,30.0,32.0,32.0,40,2.9487179449846734,2.9338372999918647,3.3913514999672776,3.5548423450090922,3.9564053000649437
development,calibrated,smoothed_joint,__design_mixture__,current,40,40,0,0,10867.00291625,Synthetic design; no pooling across pools; time/tail quantiles conditional on completion.,40,10867.00291625,10861.4789075,11744.5703408,12099.48837785,13148.461846,40,42626.88958376053,43087.929895409645,46901.21406807812,47170.50727752235,52652.30923097378,40,332.325,335.5,383.1,397.09999999999997,411,40,309.25,313.0,359.1,375.05,385,40,102.25,90.0,187.40000000000006,251.69999999999982,319,40,306.75,270.0,562.2000000000002,755.0999999999996,957.0,40,10.375,10.5,13.0,13.0,14,40,533.555497725,0.0,1746.7273237999993,1967.779696999998,3500.495916,40,16.275,0.0,50.60000000000001,72.29999999999998,126,40,8525.377916752106,8617.585979081929,9380.242813615627,9434.101455504471,10530.461846194756,40,1661.625,1677.5,1915.5,1985.5,2055.0,40,345.15,304.5,598.2000000000003,800.0999999999996,999.0,40,25.6,26.0,30.0,32.0,32.0,40,2.9920204875059424,2.9637613500235602,3.4493144200649115,3.479704044986283,3.5772465000627562
development,calibrated,smoothed_joint,__design_mixture__,local_cover,40,40,0,0,10589.392477775,Synthetic design; no pooling across pools; time/tail quantiles conditional on completion.,40,10589.392477775,10518.3180335,11227.351263199998,11539.424445449997,12740.700227,40,41625.71239476661,41684.60042146098,44958.89001189355,45447.787239018944,50988.50113900991,40,332.325,335.5,383.1,397.09999999999997,411,40,309.275,313.0,359.1,375.05,385,40,76.45,60.0,144.20000000000002,164.54999999999995,278,40,229.35,180.0,432.6000000000001,493.6499999999999,834.0,40,10.4,10.5,13.0,13.0,14,40,533.4676139999999,0.0,1749.2311777999992,1966.8309390499971,3499.5342850000006,40,16.275,0.0,50.60000000000001,72.29999999999998,126,40,8325.142478953323,8336.920084292196,8991.77800237871,9089.557447803789,10197.700227801983,40,1661.625,1677.5,1915.5,1985.5,2055.0,40,267.75,219.0,474.00000000000006,538.4999999999999,879.0,40,25.6,26.0,30.0,32.0,32.0,40,3.3610768224898493,3.2497330000041984,3.944691950036213,4.1964759349299126,4.867250599898398
development,calibrated,smoothed_joint,mixed_correlated150_after_observable_screen,combined_cover,20,20,0,0,9211.698846,Synthetic design; no pooling across pools; time/tail quantiles conditional on completion.,20,9211.698846,9192.511534500001,9909.3805961,10286.293316800002,10735.408587,20,35893.74423375078,35519.381345822636,39591.65339343852,41624.96656899207,41752.04293082546,20,282.45,287.0,328.40000000000003,342.0,361,20,265.85,270.5,310.5,325.0,344,20,96.45,87.0,153.20000000000013,227.70000000000002,241,20,289.35,261.0,459.60000000000036,683.1,723.0,20,10.75,11.0,13.100000000000001,14.05,15,20,454.25275055000003,226.4112565000005,1080.9013339999995,1100.4269673500003,1207.7465360000006,20,16.4,7.5,40.50000000000001,45.0,45,20,7178.748846750158,7103.876269164528,7918.330678687705,8324.993313798415,8350.408586165093,20,1412.25,1435.0,1642.0000000000002,1710.0000000000002,1805.0,20,328.65,306.0,501.60000000000036,725.25,768.0,20,26.2,27.0,30.200000000000003,32.0,32.0,20,3.4586624149873386,3.405619450029917,4.347887200047262,4.5172865249449385,4.598382800002582
development,calibrated,smoothed_joint,mixed_correlated150_after_observable_screen,coverage,20,20,0,0,9234.77612995,Synthetic design; no pooling across pools; time/tail quantiles conditional on completion.,20,9234.77612995,9147.502748,10250.430173,10289.8855984,10357.712775,20,36116.38065128504,36156.80630224724,40180.015905346634,40396.964623273794,41411.578744342456,20,282.45,287.0,328.40000000000003,342.0,361,20,265.85,270.5,310.5,325.0,344,20,89.3,82.0,146.10000000000002,159.55000000000004,227,20,267.9,246.0,438.30000000000007,478.65000000000015,681.0,20,10.7,11.0,13.100000000000001,14.05,15,20,454.7461325000002,227.38246750000053,1082.8229944999998,1101.42534985,1205.1515339999996,20,16.4,7.5,40.50000000000001,45.0,45,20,7223.276130257009,7231.361260449448,8036.003181069326,8079.392924654759,8282.315748868492,20,1412.25,1435.0,1642.0000000000002,1710.0000000000002,1805.0,20,307.2,285.0,477.9000000000001,523.8000000000002,729.0,20,26.2,27.0,30.200000000000003,32.0,32.0,20,2.9368988249858377,2.858091250003781,3.377115929906722,3.5349949899187783,3.9564053000649437
development,calibrated,smoothed_joint,mixed_correlated150_after_observable_screen,current,20,20,0,0,10770.9596274,Synthetic design; no pooling across pools; time/tail quantiles conditional on completion.,20,10770.9596274,10801.518597499999,11424.854945000001,11447.31070805,11854.11266,20,42509.798139815575,43239.10197852316,45148.41300955886,46888.38867703994,47132.071106765514,20,322.95,331.0,363.80000000000007,380.05,381,20,300.15,309.0,338.9,356.05,357,20,96.2,100.0,154.50000000000003,160.20000000000002,183,20,288.6,300.0,463.5,480.6,549.0,20,10.3,10.5,12.100000000000001,13.0,13,20,675.08532385,0.0,1835.0037458999996,1997.3009676000017,3500.495916,20,21.65,0.0,57.60000000000002,74.70000000000005,126,20,8501.959627963113,8647.820395704632,9029.68260191177,9377.677735407988,9426.414221353103,20,1614.75,1655.0,1819.0000000000002,1900.25,1905.0,20,327.9,336.0,505.5,522.3000000000001,585.0,20,26.2,27.0,30.200000000000003,32.0,32.0,20,2.9544215950067154,2.9699511000071652,3.3231271200580523,3.447975710069295,3.4734111999860033
development,calibrated,smoothed_joint,mixed_correlated150_after_observable_screen,local_cover,20,20,0,0,10550.68750435,Synthetic design; no pooling across pools; time/tail quantiles conditional on completion.,20,10550.68750435,10500.198797500001,11227.351263199998,11299.6574481,11961.698884,20,41690.43752683743,41769.80204119203,45186.72269795148,45447.78723901895,47038.49442392521,20,322.95,331.0,363.80000000000007,380.05,381,20,300.15,309.0,338.9,356.05,357,20,77.4,70.0,144.20000000000002,156.0,175,20,232.2,210.0,432.6000000000001,468.00000000000006,525.0,20,10.35,10.5,12.100000000000001,13.0,13,20,675.1247873999998,0.0,1834.9054581000012,1996.319151950001,3499.5342850000006,20,21.65,0.0,57.60000000000002,74.70000000000005,126,20,8338.087505367486,8353.960408238407,9037.344539590296,9089.557447803789,9407.69888478504,20,1614.75,1655.0,1819.0000000000002,1900.25,1905.0,20,271.5,243.0,474.00000000000006,504.30000000000007,567.0,20,26.2,27.0,30.200000000000003,32.0,32.0,20,3.395075929997256,3.3141307000187226,3.9266703499597497,3.9768009750696365,4.351225899998099
development,calibrated,smoothed_joint,mixed_extreme150_after_observable_screen,combined_cover,20,20,0,0,9200.655258,Synthetic design; no pooling across pools; time/tail quantiles conditional on completion.,20,9200.655258,9203.147243,9872.309480599999,9972.2604389,10565.861192,20,35733.77629299129,35552.988085596895,39760.77010057324,40451.99915773556,42354.305968543566,20,295.9,307.0,332.09999999999997,333.45,342,20,278.8,289.5,316.09999999999997,317.29999999999995,323,20,77.7,77.0,131.40000000000003,147.20000000000005,208,20,233.1,231.0,394.20000000000005,441.60000000000014,624.0,20,10.4,10.5,12.100000000000001,13.0,13,20,539.79598435,337.65669100000014,1321.5301455999993,1380.2519793500003,1898.4922049999996,20,17.65,9.0,48.2,50.70000000000001,64,20,7146.7552585982585,7110.59761711938,7952.154020114646,8090.399831547111,8470.861193708713,20,1479.5,1535.0,1660.5,1667.25,1710.0,20,270.6,265.5,424.80000000000007,477.90000000000015,666.0,20,25.0,24.0,30.0,30.1,32.0,20,3.382093024987262,3.3624205999658443,3.7387625300092626,3.9401093000255063,4.058754800003953
development,calibrated,smoothed_joint,mixed_extreme150_after_observable_screen,coverage,20,20,0,0,9604.848219900001,Synthetic design; no pooling across pools; time/tail quantiles conditional on completion.,20,9604.848219900001,9520.4987445,10750.352455500002,11440.3913277,11445.075069,20,37128.24110058134,36224.993732907664,42143.92009136822,44761.95664017035,45355.375361421626,20,295.9,307.0,332.09999999999997,333.45,342,20,278.7,289.5,316.09999999999997,317.29999999999995,323,20,119.5,98.0,208.0000000000001,267.50000000000006,372,20,358.5,294.0,624.0000000000003,802.5000000000002,1116.0,20,10.4,10.5,12.100000000000001,13.0,13,20,553.1344885499999,337.65669100000014,1345.5164037999994,1643.5582609499993,1894.8781760000002,20,18.05,9.0,50.60000000000001,56.400000000000006,64,20,7425.648220116268,7244.998746581534,8428.784018273644,8952.39132803407,9071.075072284326,20,1479.5,1535.0,1660.5,1667.25,1710.0,20,396.0,339.0,668.1000000000003,838.8000000000002,1158.0,20,25.0,24.0,30.0,30.1,32.0,20,2.9605370649835097,3.002977699972689,3.3953966399771165,3.5548423450090927,3.5847758000018075
development,calibrated,smoothed_joint,mixed_extreme150_after_observable_screen,current,20,20,0,0,10963.0462051,Synthetic design; no pooling across pools; time/tail quantiles conditional on completion.,20,10963.0462051,10864.816916,12105.7330667,12264.653685,13148.461846,20,42743.981027705486,42964.14658973948,47174.796097108476,47522.0105687244,52652.30923097378,20,341.7,355.0,397.2,399.6,411,20,318.35,330.5,375.1,376.45,385,20,108.3,77.0,254.4000000000001,303.8,319,20,324.9,231.0,763.2000000000003,911.4000000000001,957.0,20,10.45,10.5,13.0,13.05,14,20,392.02567160000007,0.0,1294.6573553000003,1380.8869594500022,2910.070504000001,20,10.9,0.0,40.0,41.90000000000003,78,20,8548.796205541097,8592.829317947895,9434.959219421697,9504.402113744882,10530.461846194756,20,1708.5,1775.0,1986.0,1998.0,2055.0,20,362.4,267.0,808.2000000000002,956.25,999.0,20,25.0,24.0,30.0,30.1,32.0,20,3.02961938000517,2.9637613500235602,3.4843307899893263,3.568093915045029,3.5772465000627562
development,calibrated,smoothed_joint,mixed_extreme150_after_observable_screen,local_cover,20,20,0,0,10628.0974512,Synthetic design; no pooling across pools; time/tail quantiles conditional on completion.,20,10628.0974512,10610.247470999999,11208.123094100001,11578.3745126,12740.700227,20,41560.98726269581,41684.60042146098,43948.50456493057,44692.372567760394,50988.50113900991,20,341.7,355.0,397.2,399.6,411,20,318.4,331.0,375.1,376.45,385,20,75.5,49.5,142.40000000000003,169.7000000000001,278,20,226.5,148.5,427.20000000000016,509.10000000000025,834.0,20,10.45,10.5,13.0,13.05,14,20,391.81044060000005,0.0,1293.6008633000001,1380.8719356000004,2909.7700270000005,20,10.9,0.0,40.0,41.90000000000003,78,20,8312.19745253916,8336.920084292196,8789.700912986113,8938.474513552079,10197.700227801983,20,1708.5,1775.0,1986.0,1998.0,2055.0,20,264.0,187.5,469.5000000000001,554.1000000000003,879.0,20,25.0,24.0,30.0,30.1,32.0,20,3.3270777149824426,3.2217111499630846,3.9678156300215055,4.222277169924928,4.867250599898398
development,stress,__pool_design__,__design_mixture__,combined_cover,40,40,0,0,8702.782174299999,Synthetic design; no pooling across pools; time/tail quantiles conditional on completion.,40,8702.782174299999,8810.7580285,9673.201422200002,10106.844624149999,10415.902688,40,33968.53587344696,34204.120249600586,39699.1743943928,41496.18456879412,41813.63606332087,40,281.525,295.5,364.4,385.34999999999997,398,40,264.475,276.5,349.3,371.2,378,40,56.575,53.5,99.4,118.49999999999991,190,40,169.725,160.5,298.2,355.4999999999998,570.0,40,9.45,10.0,13.100000000000001,14.0,16,40,341.22542185,0.0,1573.7293877000006,1864.1724150999996,3346.361757999999,40,10.925,0.0,48.80000000000001,56.19999999999999,98,40,6793.707174689393,6840.824049920117,7939.834878878559,8299.236913758823,8362.727212664173,40,1407.625,1477.5,1822.0,1926.75,1990.0,40,210.075,198.0,339.6,388.7999999999997,615.0,40,26.9,26.0,32.0,32.0,32.0,40,2.743882075010333,2.6800813500303775,3.4173584899166602,3.5500956749427126,3.9354416000423953
development,stress,__pool_design__,__design_mixture__,coverage,40,40,0,0,8770.6297265,Synthetic design; no pooling across pools; time/tail quantiles conditional on completion.,40,8770.6297265,8834.7464835,10116.2395275,10189.5324336,10646.543095,40,34215.52363550452,34206.90409369349,40094.86564393726,42212.820570500575,42399.31338608837,40,281.525,295.5,364.4,385.34999999999997,398,40,264.475,276.5,349.3,371.2,378,40,62.725,52.0,130.2,159.99999999999994,254,40,188.175,156.0,390.6,479.99999999999983,762.0,40,9.45,9.0,13.100000000000001,14.049999999999997,16,40,341.13561739999994,0.0,1573.8663612999999,1864.172415099999,3346.361758,40,10.925,0.0,48.80000000000001,56.19999999999999,98,40,6843.104727100906,6841.380818738697,8018.973128787452,8442.564114100114,8479.862677217674,40,1407.625,1477.5,1822.0,1926.75,1990.0,40,228.525,193.5,424.80000000000007,519.4499999999998,798.0,40,26.9,26.0,32.0,32.0,32.0,40,2.3380107850098284,2.316388899984304,2.6640339999692517,2.8408987300295845,3.291924800025299
development,stress,__pool_design__,__design_mixture__,current,40,40,0,0,10067.741967925,Synthetic design; no pooling across pools; time/tail quantiles conditional on completion.,40,10067.741967925,10528.4715285,11453.2395555,11557.49928795,11988.942026,40,39740.584843100674,41238.280011300085,45118.65265770176,45420.112319653665,49609.71012376686,40,320.45,350.0,417.90000000000003,443.9,479,40,298.175,324.0,396.90000000000003,422.9,454,40,50.65,41.0,97.4,118.34999999999992,174,40,151.95,123.0,292.2,355.0499999999998,522.0,40,9.2,10.0,12.100000000000001,13.049999999999997,14,40,432.426223025,0.0,1918.3698891000022,3526.6891614999986,3869.2973330000004,40,13.65,0.0,59.40000000000005,98.69999999999996,150,40,7948.1169686201365,8247.656002260017,9023.730531540352,9084.022463930733,9921.942024753373,40,1602.25,1750.0,2089.5,2219.5,2395.0,40,192.3,159.0,337.5,397.34999999999974,567.0,40,26.9,26.0,32.0,32.0,32.0,40,2.3223971024970522,2.2968807999859564,2.5298457400058396,2.6618227250291966,2.7732236000010744
development,stress,__pool_design__,__design_mixture__,local_cover,40,40,0,0,10029.327978675,Synthetic design; no pooling across pools; time/tail quantiles conditional on completion.,40,10029.327978675,10449.9486275,11251.7841107,11340.88873965,12119.820453,40,39581.51489818514,41079.599322740665,44668.30160684495,44879.16564483078,50039.102269776384,40,320.45,350.0,417.90000000000003,443.9,479,40,298.175,324.0,396.90000000000003,422.9,454,40,48.45,43.5,97.10000000000001,99.34999999999998,116,40,145.35,130.5,291.3,298.04999999999995,348.0,40,9.175,10.0,12.100000000000001,13.049999999999997,14,40,432.50891175,0.0,1919.2228698000038,3527.3254657999983,3870.265818,40,13.65,0.0,59.40000000000005,98.69999999999996,150,40,7916.302979637029,8215.919864548134,8933.66032136899,8975.833128966158,10007.820453955277,40,1602.25,1750.0,2089.5,2219.5,2395.0,40,185.7,171.0,336.6,342.75,396.0,40,26.9,26.0,32.0,32.0,32.0,40,2.6373378275136927,2.608202900039032,3.0042063899803906,3.136896274983883,3.40076400001999
development,stress,stress_design,__design_mixture__,combined_cover,40,40,0,0,8702.782174299999,Synthetic design; no pooling across pools; time/tail quantiles conditional on completion.,40,8702.782174299999,8810.7580285,9673.201422200002,10106.844624149999,10415.902688,40,33968.53587344696,34204.120249600586,39699.1743943928,41496.18456879412,41813.63606332087,40,281.525,295.5,364.4,385.34999999999997,398,40,264.475,276.5,349.3,371.2,378,40,56.575,53.5,99.4,118.49999999999991,190,40,169.725,160.5,298.2,355.4999999999998,570.0,40,9.45,10.0,13.100000000000001,14.0,16,40,341.22542185,0.0,1573.7293877000006,1864.1724150999996,3346.361757999999,40,10.925,0.0,48.80000000000001,56.19999999999999,98,40,6793.707174689393,6840.824049920117,7939.834878878559,8299.236913758823,8362.727212664173,40,1407.625,1477.5,1822.0,1926.75,1990.0,40,210.075,198.0,339.6,388.7999999999997,615.0,40,26.9,26.0,32.0,32.0,32.0,40,2.743882075010333,2.6800813500303775,3.4173584899166602,3.5500956749427126,3.9354416000423953
development,stress,stress_design,__design_mixture__,coverage,40,40,0,0,8770.6297265,Synthetic design; no pooling across pools; time/tail quantiles conditional on completion.,40,8770.6297265,8834.7464835,10116.2395275,10189.5324336,10646.543095,40,34215.52363550452,34206.90409369349,40094.86564393726,42212.820570500575,42399.31338608837,40,281.525,295.5,364.4,385.34999999999997,398,40,264.475,276.5,349.3,371.2,378,40,62.725,52.0,130.2,159.99999999999994,254,40,188.175,156.0,390.6,479.99999999999983,762.0,40,9.45,9.0,13.100000000000001,14.049999999999997,16,40,341.13561739999994,0.0,1573.8663612999999,1864.172415099999,3346.361758,40,10.925,0.0,48.80000000000001,56.19999999999999,98,40,6843.104727100906,6841.380818738697,8018.973128787452,8442.564114100114,8479.862677217674,40,1407.625,1477.5,1822.0,1926.75,1990.0,40,228.525,193.5,424.80000000000007,519.4499999999998,798.0,40,26.9,26.0,32.0,32.0,32.0,40,2.3380107850098284,2.316388899984304,2.6640339999692517,2.8408987300295845,3.291924800025299
development,stress,stress_design,__design_mixture__,current,40,40,0,0,10067.741967925,Synthetic design; no pooling across pools; time/tail quantiles conditional on completion.,40,10067.741967925,10528.4715285,11453.2395555,11557.49928795,11988.942026,40,39740.584843100674,41238.280011300085,45118.65265770176,45420.112319653665,49609.71012376686,40,320.45,350.0,417.90000000000003,443.9,479,40,298.175,324.0,396.90000000000003,422.9,454,40,50.65,41.0,97.4,118.34999999999992,174,40,151.95,123.0,292.2,355.0499999999998,522.0,40,9.2,10.0,12.100000000000001,13.049999999999997,14,40,432.426223025,0.0,1918.3698891000022,3526.6891614999986,3869.2973330000004,40,13.65,0.0,59.40000000000005,98.69999999999996,150,40,7948.1169686201365,8247.656002260017,9023.730531540352,9084.022463930733,9921.942024753373,40,1602.25,1750.0,2089.5,2219.5,2395.0,40,192.3,159.0,337.5,397.34999999999974,567.0,40,26.9,26.0,32.0,32.0,32.0,40,2.3223971024970522,2.2968807999859564,2.5298457400058396,2.6618227250291966,2.7732236000010744
development,stress,stress_design,__design_mixture__,local_cover,40,40,0,0,10029.327978675,Synthetic design; no pooling across pools; time/tail quantiles conditional on completion.,40,10029.327978675,10449.9486275,11251.7841107,11340.88873965,12119.820453,40,39581.51489818514,41079.599322740665,44668.30160684495,44879.16564483078,50039.102269776384,40,320.45,350.0,417.90000000000003,443.9,479,40,298.175,324.0,396.90000000000003,422.9,454,40,48.45,43.5,97.10000000000001,99.34999999999998,116,40,145.35,130.5,291.3,298.04999999999995,348.0,40,9.175,10.0,12.100000000000001,13.049999999999997,14,40,432.50891175,0.0,1919.2228698000038,3527.3254657999983,3870.265818,40,13.65,0.0,59.40000000000005,98.69999999999996,150,40,7916.302979637029,8215.919864548134,8933.66032136899,8975.833128966158,10007.820453955277,40,1602.25,1750.0,2089.5,2219.5,2395.0,40,185.7,171.0,336.6,342.75,396.0,40,26.9,26.0,32.0,32.0,32.0,40,2.6373378275136927,2.608202900039032,3.0042063899803906,3.136896274983883,3.40076400001999
development,stress,stress_design,assumption__radius_max__noise_correlated__scale_150,combined_cover,1,1,0,0,9132.695774,Synthetic design; no pooling across pools; time/tail quantiles conditional on completion.,1,9132.695774,9132.695774,9132.695774,9132.695774,9132.695774,1,32798.478872616855,32798.478872616855,32798.478872616855,32798.478872616855,32798.478872616855,1,364.0,364,364,364,364,1,347.0,347,347,347,347,1,117.0,117,117,117,117,1,351.0,351.0,351.0,351.0,351.0,1,11.0,11,11,11,11,1,0.0,0.0,0.0,0.0,0.0,1,0.0,0,0,0,0,1,6559.695774523371,6559.695774523371,6559.695774523371,6559.695774523371,6559.695774523371,1,1820.0,1820.0,1820.0,1820.0,1820.0,1,384.0,384.0,384.0,384.0,384.0,1,22.0,22.0,22.0,22.0,22.0,1,2.6349712000228465,2.6349712000228465,2.6349712000228465,2.6349712000228465,2.6349712000228465
development,stress,stress_design,assumption__radius_max__noise_correlated__scale_150,coverage,1,1,0,0,9263.721204,Synthetic design; no pooling across pools; time/tail quantiles conditional on completion.,1,9263.721204,9263.721204,9263.721204,9263.721204,9263.721204,1,33258.60603810945,33258.60603810945,33258.60603810945,33258.60603810945,33258.60603810945,1,364.0,364,364,364,364,1,347.0,347,347,347,347,1,130.0,130,130,130,130,1,390.0,390.0,390.0,390.0,390.0,1,11.0,11,11,11,11,1,0.0,0.0,0.0,0.0,0.0,1,0.0,0,0,0,0,1,6651.72120762189,6651.72120762189,6651.72120762189,6651.72120762189,6651.72120762189,1,1820.0,1820.0,1820.0,1820.0,1820.0,1,423.0,423.0,423.0,423.0,423.0,1,22.0,22.0,22.0,22.0,22.0,1,2.510655700112693,2.510655700112693,2.510655700112693,2.510655700112693,2.510655700112693
development,stress,stress_design,assumption__radius_max__noise_correlated__scale_150,current,1,1,0,0,11142.72193,Synthetic design; no pooling across pools; time/tail quantiles conditional on completion.,1,11142.72193,11142.72193,11142.72193,11142.72193,11142.72193,1,42923.60964923654,42923.60964923654,42923.60964923654,42923.60964923654,42923.60964923654,1,407.0,407,407,407,407,1,384.0,384,384,384,384,1,28.0,28,28,28,28,1,84.0,84.0,84.0,84.0,84.0,1,9.0,9,9,9,9,1,0.0,0.0,0.0,0.0,0.0,1,0.0,0,0,0,0,1,8584.721929847308,8584.721929847308,8584.721929847308,8584.721929847308,8584.721929847308,1,2035.0,2035.0,2035.0,2035.0,2035.0,1,117.0,117.0,117.0,117.0,117.0,1,22.0,22.0,22.0,22.0,22.0,1,2.036636400036514,2.036636400036514,2.036636400036514,2.036636400036514,2.036636400036514
development,stress,stress_design,assumption__radius_max__noise_correlated__scale_150,local_cover,1,1,0,0,11118.825341,Synthetic design; no pooling across pools; time/tail quantiles conditional on completion.,1,11118.825341,11118.825341,11118.825341,11118.825341,11118.825341,1,42879.12669887591,42879.12669887591,42879.12669887591,42879.12669887591,42879.12669887591,1,407.0,407,407,407,407,1,384.0,384,384,384,384,1,23.0,23,23,23,23,1,69.0,69.0,69.0,69.0,69.0,1,9.0,9,9,9,9,1,0.0,0.0,0.0,0.0,0.0,1,0.0,0,0,0,0,1,8575.825339775181,8575.825339775181,8575.825339775181,8575.825339775181,8575.825339775181,1,2035.0,2035.0,2035.0,2035.0,2035.0,1,102.0,102.0,102.0,102.0,102.0,1,22.0,22.0,22.0,22.0,22.0,1,2.1913739000447094,2.1913739000447094,2.1913739000447094,2.1913739000447094,2.1913739000447094
development,stress,stress_design,assumption__radius_max__noise_correlated__scale_300,combined_cover,1,1,0,0,8834.079959,Synthetic design; no pooling across pools; time/tail quantiles conditional on completion.,1,8834.079959,8834.079959,8834.079959,8834.079959,8834.079959,1,33695.399784029876,33695.399784029876,33695.399784029876,33695.399784029876,33695.399784029876,1,293.0,293,293,293,293,1,271.0,271,271,271,271,1,103.0,103,103,103,103,1,309.0,309.0,309.0,309.0,309.0,1,3.0,3,3,3,3,1,1557.6654020000005,1557.6654020000005,1557.6654020000005,1557.6654020000005,1557.6654020000005,1,60.0,60,60,60,60,1,6739.079956805976,6739.079956805976,6739.079956805976,6739.079956805976,6739.079956805976,1,1465.0,1465.0,1465.0,1465.0,1465.0,1,339.0,339.0,339.0,339.0,339.0,1,20.0,20.0,20.0,20.0,20.0,1,2.571098600048572,2.571098600048572,2.571098600048572,2.571098600048572,2.571098600048572
development,stress,stress_design,assumption__radius_max__noise_correlated__scale_300,coverage,1,1,0,0,8310.094296,Synthetic design; no pooling across pools; time/tail quantiles conditional on completion.,1,8310.094296,8310.094296,8310.094296,8310.094296,8310.094296,1,32230.47146523167,32230.47146523167,32230.47146523167,32230.47146523167,32230.47146523167,1,293.0,293,293,293,293,1,271.0,271,271,271,271,1,26.0,26,26,26,26,1,78.0,78.0,78.0,78.0,78.0,1,3.0,3,3,3,3,1,1557.6654019999996,1557.6654019999996,1557.6654019999996,1557.6654019999996,1557.6654019999996,1,60.0,60,60,60,60,1,6446.094293046333,6446.094293046333,6446.094293046333,6446.094293046333,6446.094293046333,1,1465.0,1465.0,1465.0,1465.0,1465.0,1,108.0,108.0,108.0,108.0,108.0,1,20.0,20.0,20.0,20.0,20.0,1,1.8968069000402465,1.8968069000402465,1.8968069000402465,1.8968069000402465,1.8968069000402465
development,stress,stress_design,assumption__radius_max__noise_correlated__scale_300,current,1,1,0,0,9628.388917,Synthetic design; no pooling across pools; time/tail quantiles conditional on completion.,1,9628.388917,9628.388917,9628.388917,9628.388917,9628.388917,1,36626.944578309165,36626.944578309165,36626.944578309165,36626.944578309165,36626.944578309165,1,359.0,359,359,359,359,1,332.0,332,332,332,332,1,42.0,42,42,42,42,1,126.0,126.0,126.0,126.0,126.0,1,5.0,5,5,5,5,1,3869.2973330000004,3869.2973330000004,3869.2973330000004,3869.2973330000004,3869.2973330000004,1,150.0,150,150,150,150,1,7325.388915661833,7325.388915661833,7325.388915661833,7325.388915661833,7325.388915661833,1,1795.0,1795.0,1795.0,1795.0,1795.0,1,156.0,156.0,156.0,156.0,156.0,1,20.0,20.0,20.0,20.0,20.0,1,2.2275548999896273,2.2275548999896273,2.2275548999896273,2.2275548999896273,2.2275548999896273
development,stress,stress_design,assumption__radius_max__noise_correlated__scale_300,local_cover,1,1,0,0,9619.555923,Synthetic design; no pooling across pools; time/tail quantiles conditional on completion.,1,9619.555923,9619.555923,9619.555923,9619.555923,9619.555923,1,36582.77960918249,36582.77960918249,36582.77960918249,36582.77960918249,36582.77960918249,1,359.0,359,359,359,359,1,332.0,332,332,332,332,1,42.0,42,42,42,42,1,126.0,126.0,126.0,126.0,126.0,1,5.0,5,5,5,5,1,3870.265818,3870.265818,3870.265818,3870.265818,3870.265818,1,150.0,150,150,150,150,1,7316.555921836499,7316.555921836499,7316.555921836499,7316.555921836499,7316.555921836499,1,1795.0,1795.0,1795.0,1795.0,1795.0,1,156.0,156.0,156.0,156.0,156.0,1,20.0,20.0,20.0,20.0,20.0,1,2.716785700060427,2.716785700060427,2.716785700060427,2.716785700060427,2.716785700060427
development,stress,stress_design,assumption__radius_max__noise_correlated__scale_75,combined_cover,2,2,0,0,8857.5768375,Synthetic design; no pooling across pools; time/tail quantiles conditional on completion.,2,8857.5768375,8857.5768375,9107.7637427,9139.03710585,9170.310469,2,34112.88418665309,34112.88418665309,36767.818712407294,37099.68552812657,37431.55234384584,2,299.0,299.0,351.0,357.5,364,2,279.5,279.5,335.1,342.05,349,2,66.0,66.0,75.6,76.8,78,2,198.0,198.0,226.79999999999998,230.39999999999998,234.0,2,10.0,10.0,10.0,10.0,10,2,410.5276254999999,410.5276254999999,738.9497258999999,780.0024884499998,821.0552509999998,2,18.0,18.0,32.4,34.199999999999996,36,2,6822.576837330619,6822.576837330619,7353.563742481459,7419.937105625314,7486.310468769168,2,1495.0,1495.0,1755.0,1787.5,1820.0,2,235.5,235.5,267.9,271.95,276.0,2,25.0,25.0,27.4,27.7,28.0,2,2.91819260007469,2.91819260007469,3.3495011601014997,3.4034147301048505,3.457328300108202
development,stress,stress_design,assumption__radius_max__noise_correlated__scale_75,coverage,2,2,0,0,8816.861263499999,Synthetic design; no pooling across pools; time/tail quantiles conditional on completion.,2,8816.861263499999,8816.861263499999,9052.8722831,9082.37366055,9111.875038,2,33946.80631914864,33946.80631914864,36548.86141919971,36874.1183067061,37199.37519421248,2,299.0,299.0,351.0,357.5,364,2,279.5,279.5,335.1,342.05,349,2,63.5,63.5,71.9,72.95,74,2,190.5,190.5,215.70000000000002,218.85,222.0,2,9.5,9.5,9.9,9.950000000000001,10,2,409.6029665000001,409.6029665000001,737.2853397000002,778.2456363500002,819.2059330000002,2,18.0,18.0,32.4,34.199999999999996,36,2,6789.361263829729,6789.361263829729,7309.772283839943,7374.823661341219,7439.875038842496,2,1495.0,1495.0,1755.0,1787.5,1820.0,2,228.0,228.0,256.8,260.4,264.0,2,25.0,25.0,27.4,27.7,28.0,2,2.3325877499883063,2.3325877499883063,2.417623229941819,2.428252664936008,2.438882099930197
development,stress,stress_design,assumption__radius_max__noise_correlated__scale_75,current,2,2,0,0,11220.016330999999,Synthetic design; no pooling across pools; time/tail quantiles conditional on completion.,2,11220.016330999999,11220.016330999999,11460.621719800001,11490.6973934,11520.773067,2,44335.08165835922,44335.08165835922,44370.10861304566,44374.486982381466,44378.86535171727,2,339.5,339.5,388.70000000000005,394.85,401,2,315.5,315.5,367.90000000000003,374.45,381,2,92.5,92.5,112.1,114.55,117,2,277.5,277.5,336.3,343.65,351.0,2,11.0,11.0,11.8,11.899999999999999,12,2,1755.6124569999997,1755.6124569999997,3160.1024225999995,3335.6636682999992,3511.2249139999994,2,45.0,45.0,81.0,85.5,90,2,8867.016331671843,8867.016331671843,8874.021722609132,8874.897396476294,8875.773070343454,2,1697.5,1697.5,1943.5,1974.25,2005.0,2,315.0,315.0,377.4,385.2,393.0,2,25.0,25.0,27.4,27.7,28.0,2,2.286586450005416,2.286586450005416,2.4718600900028833,2.495019295002567,2.51817850000225
development,stress,stress_design,assumption__radius_max__noise_correlated__scale_75,local_cover,2,2,0,0,10946.645323,Synthetic design; no pooling across pools; time/tail quantiles conditional on completion.,2,10946.645323,10946.645323,11466.864033400001,11531.891372200002,11596.918711,2,43448.22661730043,43448.22661730043,44401.32017074346,44520.45686492383,44639.59355910421,2,339.5,339.5,388.70000000000005,394.85,401,2,315.5,315.5,367.90000000000003,374.45,381,2,60.5,60.5,72.9,74.45,76,2,181.5,181.5,218.70000000000002,223.35,228.0,2,11.0,11.0,11.8,11.899999999999999,12,2,1755.9473539999995,1755.9473539999995,3160.705237199999,3336.299972599999,3511.894707999999,2,45.0,45.0,81.0,85.5,90,2,8689.645323460085,8689.645323460085,8880.26403414869,8904.091372984765,8927.918711820841,2,1697.5,1697.5,1943.5,1974.25,2005.0,2,219.0,219.0,252.6,256.8,261.0,2,25.0,25.0,27.4,27.7,28.0,2,2.6284729500184767,2.6284729500184767,2.9178769899881445,2.954052494984353,2.9902279999805614
development,stress,stress_design,assumption__radius_max__noise_deterministic__scale_150,combined_cover,2,2,0,0,9342.782578,Synthetic design; no pooling across pools; time/tail quantiles conditional on completion.,2,9342.782578,9342.782578,9945.026246,10020.306704499999,10095.587163,2,36818.91289134821,36818.91289134821,40586.13123923876,41057.03353272508,41527.935826211404,2,289.5,289.5,318.70000000000005,322.35,326,2,277.5,277.5,306.70000000000005,310.35,314,2,60.5,60.5,66.5,67.25,68,2,181.5,181.5,199.5,201.75,204.0,2,12.5,12.5,15.3,15.65,16,2,163.2546325000003,163.2546325000003,293.85833850000057,310.18380175000055,326.5092650000006,2,7.0,7.0,12.6,13.299999999999999,14,2,7363.782578269643,7363.782578269643,8117.226247847753,8211.406706545018,8305.587165242281,2,1447.5,1447.5,1593.5,1611.75,1630.0,2,225.0,225.0,246.60000000000002,249.29999999999998,252.0,2,29.0,29.0,31.4,31.7,32.0,2,2.6294900000211783,2.6294900000211783,2.7992326399893503,2.8204504699853716,2.841668299981393
development,stress,stress_design,assumption__radius_max__noise_deterministic__scale_150,coverage,2,2,0,0,9386.197037999998,Synthetic design; no pooling across pools; time/tail quantiles conditional on completion.,2,9386.197037999998,9386.197037999998,9972.0761412,10045.3110291,10118.545917,2,36953.48519353004,36953.48519353004,40656.88071604238,41119.80515635642,41582.72959667047,2,289.5,289.5,318.70000000000005,322.35,326,2,277.5,277.5,306.70000000000005,310.35,314,2,66.0,66.0,70.8,71.39999999999999,72,2,198.0,198.0,212.4,214.2,216.0,2,12.5,12.5,15.3,15.65,16,2,163.2502784999997,163.2502784999997,293.85050129999945,310.1755291499994,326.5005569999994,2,7.0,7.0,12.6,13.299999999999999,14,2,7390.697038706008,7390.697038706008,8131.376143208477,8223.961031271285,8316.545919334094,2,1447.5,1447.5,1593.5,1611.75,1630.0,2,241.5,241.5,259.5,261.75,264.0,2,29.0,29.0,31.4,31.7,32.0,2,2.5530351999914274,2.5530351999914274,2.759217279939912,2.784990039933473,2.8107627999270335
development,stress,stress_design,assumption__radius_max__noise_deterministic__scale_150,current,2,2,0,0,9383.970604,Synthetic design; no pooling across pools; time/tail quantiles conditional on completion.,2,9383.970604,9383.970604,9646.356380800002,9679.1546029,9711.952825,2,36409.85302171915,36409.85302171915,36477.924139024755,36486.433028687956,36494.941918351156,2,322.0,322.0,374.79999999999995,381.4,388,2,304.0,304.0,354.4,360.7,367,2,38.5,38.5,49.300000000000004,50.65,52,2,115.5,115.5,147.9,151.95,156.0,2,11.0,11.0,11.0,11.0,11,2,0.0,0.0,0.0,0.0,0.0,2,0.0,0.0,0.0,0.0,0,2,7281.97060434383,7281.97060434383,7295.584827804951,7297.28660573759,7298.988383670231,2,1610.0,1610.0,1874.0,1907.0,1940.0,2,159.0,159.0,195.0,199.5,204.0,2,29.0,29.0,31.4,31.7,32.0,2,2.398837350017857,2.398837350017857,2.6983463500044307,2.7357849750027525,2.7732236000010744
development,stress,stress_design,assumption__radius_max__noise_deterministic__scale_150,local_cover,2,2,0,0,9327.513063499999,Synthetic design; no pooling across pools; time/tail quantiles conditional on completion.,2,9327.513063499999,9327.513063499999,9588.1847119,9620.76866795,9653.352624,2,36232.5653157243,36232.5653157243,36309.20708302917,36318.787303942285,36328.36752485539,2,322.0,322.0,374.79999999999995,381.4,388,2,304.0,304.0,354.4,360.7,367,2,31.5,31.5,42.3,43.65,45,2,94.5,94.5,126.9,130.95,135.0,2,11.0,11.0,11.0,11.0,11,2,0.0,0.0,0.0,0.0,0.0,2,0.0,0.0,0.0,0.0,0,2,7246.51306314486,7246.51306314486,7261.841416605836,7263.757460788456,7265.673504971079,2,1610.0,1610.0,1874.0,1907.0,1940.0,2,138.0,138.0,174.0,178.5,183.0,2,29.0,29.0,31.4,31.7,32.0,2,2.5441690000589006,2.5441690000589006,2.879677240026649,2.9216157700226173,2.963554300018586
development,stress,stress_design,assumption__radius_max__noise_deterministic__scale_300,combined_cover,1,1,0,0,9610.323181,Synthetic design; no pooling across pools; time/tail quantiles conditional on completion.,1,9610.323181,9610.323181,9610.323181,9610.323181,9610.323181,1,39126.61591369956,39126.61591369956,39126.61591369956,39126.61591369956,39126.61591369956,1,266.0,266,266,266,266,1,252.0,252,252,252,252,1,41.0,41,41,41,41,1,123.0,123.0,123.0,123.0,123.0,1,12.0,12,12,12,12,1,0.0,0.0,0.0,0.0,0.0,1,0.0,0,0,0,0,1,7825.323182739912,7825.323182739912,7825.323182739912,7825.323182739912,7825.323182739912,1,1330.0,1330.0,1330.0,1330.0,1330.0,1,171.0,171.0,171.0,171.0,171.0,1,32.0,32.0,32.0,32.0,32.0,1,2.710785000002943,2.710785000002943,2.710785000002943,2.710785000002943,2.710785000002943
development,stress,stress_design,assumption__radius_max__noise_deterministic__scale_300,coverage,1,1,0,0,9644.361013,Synthetic design; no pooling across pools; time/tail quantiles conditional on completion.,1,9644.361013,9644.361013,9644.361013,9644.361013,9644.361013,1,39236.80507132437,39236.80507132437,39236.80507132437,39236.80507132437,39236.80507132437,1,266.0,266,266,266,266,1,252.0,252,252,252,252,1,45.0,45,45,45,45,1,135.0,135.0,135.0,135.0,135.0,1,12.0,12,12,12,12,1,0.0,0.0,0.0,0.0,0.0,1,0.0,0,0,0,0,1,7847.361014264874,7847.361014264874,7847.361014264874,7847.361014264874,7847.361014264874,1,1330.0,1330.0,1330.0,1330.0,1330.0,1,183.0,183.0,183.0,183.0,183.0,1,32.0,32.0,32.0,32.0,32.0,1,2.391117600025609,2.391117600025609,2.391117600025609,2.391117600025609,2.391117600025609
development,stress,stress_design,assumption__radius_max__noise_deterministic__scale_300,current,1,1,0,0,11988.942026,Synthetic design; no pooling across pools; time/tail quantiles conditional on completion.,1,11988.942026,11988.942026,11988.942026,11988.942026,11988.942026,1,49609.71012376686,49609.71012376686,49609.71012376686,49609.71012376686,49609.71012376686,1,284.0,284,284,284,284,1,264.0,264,264,264,264,1,101.0,101,101,101,101,1,303.0,303.0,303.0,303.0,303.0,1,12.0,12,12,12,12,1,0.0,0.0,0.0,0.0,0.0,1,0.0,0,0,0,0,1,9921.942024753373,9921.942024753373,9921.942024753373,9921.942024753373,9921.942024753373,1,1420.0,1420.0,1420.0,1420.0,1420.0,1,351.0,351.0,351.0,351.0,351.0,1,32.0,32.0,32.0,32.0,32.0,1,2.4878715000813827,2.4878715000813827,2.4878715000813827,2.4878715000813827,2.4878715000813827
development,stress,stress_design,assumption__radius_max__noise_deterministic__scale_300,local_cover,1,1,0,0,12119.820453,Synthetic design; no pooling across pools; time/tail quantiles conditional on completion.,1,12119.820453,12119.820453,12119.820453,12119.820453,12119.820453,1,50039.102269776384,50039.102269776384,50039.102269776384,50039.102269776384,50039.102269776384,1,284.0,284,284,284,284,1,264.0,264,264,264,264,1,116.0,116,116,116,116,1,348.0,348.0,348.0,348.0,348.0,1,12.0,12,12,12,12,1,0.0,0.0,0.0,0.0,0.0,1,0.0,0,0,0,0,1,10007.820453955277,10007.820453955277,10007.820453955277,10007.820453955277,10007.820453955277,1,1420.0,1420.0,1420.0,1420.0,1420.0,1,396.0,396.0,396.0,396.0,396.0,1,32.0,32.0,32.0,32.0,32.0,1,2.8751577999209985,2.8751577999209985,2.8751577999209985,2.8751577999209985,2.8751577999209985
development,stress,stress_design,assumption__radius_max__noise_deterministic__scale_75,combined_cover,2,2,0,0,9261.0030115,Synthetic design; no pooling across pools; time/tail quantiles conditional on completion.,2,9261.0030115,9261.0030115,10184.9227527,10300.41272035,10415.902688,2,35705.0150633514,35705.0150633514,40336.61377265642,40915.56361131955,41494.51344998268,2,318.0,318.0,334.0,336.0,338,2,305.0,305.0,321.0,323.0,325,2,52.5,52.5,81.7,85.35,89,2,157.5,157.5,245.10000000000002,256.04999999999995,267.0,2,10.5,10.5,11.700000000000001,11.85,12,2,85.2583494999999,85.2583494999999,153.4650290999998,161.9908640499998,170.5166989999998,2,4.0,4.0,7.2,7.6,8,2,7141.003012670279,7141.003012670279,8067.322754531285,8183.11272226391,8298.902689996536,2,1590.0,1590.0,1670.0,1680.0,1690.0,2,198.0,198.0,289.2,300.59999999999997,312.0,2,27.0,27.0,29.4,29.700000000000003,30.0,2,2.6095417499891482,2.6095417499891482,3.0032169899786822,3.052426394977374,3.1016357999760658
development,stress,stress_design,assumption__radius_max__noise_deterministic__scale_75,coverage,2,2,0,0,9408.480499000001,Synthetic design; no pooling across pools; time/tail quantiles conditional on completion.,2,9408.480499000001,9408.480499000001,10398.930575800001,10522.736835400001,10646.543095,2,36172.40250090956,36172.40250090956,41028.65288158998,41635.684179175034,42242.71547676008,2,318.0,318.0,334.0,336.0,338,2,305.0,305.0,321.0,323.0,325,2,70.5,70.5,106.9,111.44999999999999,116,2,211.5,211.5,320.7,334.34999999999997,348.0,2,10.5,10.5,11.700000000000001,11.85,12,2,85.2583494999999,85.2583494999999,153.4650290999998,161.9908640499998,170.5166989999998,2,4.0,4.0,7.2,7.6,8,2,7234.480500181911,7234.480500181911,8205.730576317994,8327.136835835005,8448.543095352015,2,1590.0,1590.0,1670.0,1680.0,1690.0,2,252.0,252.0,364.8,378.9,393.0,2,27.0,27.0,29.4,29.700000000000003,30.0,2,2.260901350004133,2.260901350004133,2.5260899499873632,2.559238524985267,2.5923870999831706
development,stress,stress_design,assumption__radius_max__noise_deterministic__scale_75,current,2,2,0,0,11185.2790975,Synthetic design; no pooling across pools; time/tail quantiles conditional on completion.,2,11185.2790975,11185.2790975,11480.1725595,11517.034242250002,11553.895925,2,43623.89549325556,43623.89549325556,45020.3627987025,45194.92121188337,45369.47962506423,2,346.5,346.5,370.1,373.05,376,2,326.0,326.0,348.40000000000003,351.20000000000005,354,2,111.5,111.5,161.5,167.74999999999997,174,2,334.5,334.5,484.5,503.25,522.0,2,11.0,11.0,12.600000000000001,12.8,13,2,879.2047935,879.2047935,1582.5686283000002,1670.48910765,1758.409587,2,28.0,28.0,50.4,53.199999999999996,56,2,8724.779098651112,8724.779098651112,9004.0725597405,9038.984242376673,9073.895925012846,2,1732.5,1732.5,1850.5,1865.25,1880.0,2,375.0,375.0,528.6,547.8,567.0,2,27.0,27.0,29.4,29.700000000000003,30.0,2,2.4265014000120573,2.4265014000120573,2.46483683999395,2.4696287699916866,2.474420699989423
development,stress,stress_design,assumption__radius_max__noise_deterministic__scale_75,local_cover,2,2,0,0,10811.990663,Synthetic design; no pooling across pools; time/tail quantiles conditional on completion.,2,10811.990663,10811.990663,10881.7638998,10890.4855544,10899.207209,2,42409.95332817085,42409.95332817085,43058.819510447494,43139.92778323207,43221.03605601666,2,346.5,346.5,370.1,373.05,376,2,326.0,326.0,348.40000000000003,351.20000000000005,354,2,68.0,68.0,92.80000000000001,95.9,99,2,204.0,204.0,278.40000000000003,287.7,297.0,2,11.0,11.0,12.600000000000001,12.8,13,2,879.7346700000007,879.7346700000007,1583.5224060000014,1671.4958730000012,1759.4693400000015,2,28.0,28.0,50.4,53.199999999999996,56,2,8481.99066563417,8481.99066563417,8611.763902089499,8627.985556646414,8644.207211203331,2,1732.5,1732.5,1850.5,1865.25,1880.0,2,244.5,244.5,322.5,332.25,342.0,2,27.0,27.0,29.4,29.700000000000003,30.0,2,2.595757649978623,2.595757649978623,2.8413134499918673,2.8720079249935226,2.902702399995178
development,stress,stress_design,assumption__radius_max__noise_extreme__scale_150,combined_cover,1,1,0,0,9012.685864,Synthetic design; no pooling across pools; time/tail quantiles conditional on completion.,1,9012.685864,9012.685864,9012.685864,9012.685864,9012.685864,1,35598.42930908178,35598.42930908178,35598.42930908178,35598.42930908178,35598.42930908178,1,282.0,282,282,282,282,1,262.0,262,262,262,262,1,52.0,52,52,52,52,1,156.0,156.0,156.0,156.0,156.0,1,9.0,9,9,9,9,1,1896.3537619999988,1896.3537619999988,1896.3537619999988,1896.3537619999988,1896.3537619999988,1,56.0,56,56,56,56,1,7119.685861816356,7119.685861816356,7119.685861816356,7119.685861816356,7119.685861816356,1,1410.0,1410.0,1410.0,1410.0,1410.0,1,195.0,195.0,195.0,195.0,195.0,1,26.0,26.0,26.0,26.0,26.0,1,2.566360800061375,2.566360800061375,2.566360800061375,2.566360800061375,2.566360800061375
development,stress,stress_design,assumption__radius_max__noise_extreme__scale_150,coverage,1,1,0,0,9285.254908,Synthetic design; no pooling across pools; time/tail quantiles conditional on completion.,1,9285.254908,9285.254908,9285.254908,9285.254908,9285.254908,1,36466.27453683729,36466.27453683729,36466.27453683729,36466.27453683729,36466.27453683729,1,282.0,282,282,282,282,1,262.0,262,262,262,262,1,85.0,85,85,85,85,1,255.0,255.0,255.0,255.0,255.0,1,9.0,9,9,9,9,1,1896.3537620000006,1896.3537620000006,1896.3537620000006,1896.3537620000006,1896.3537620000006,1,56.0,56,56,56,56,1,7293.254907367458,7293.254907367458,7293.254907367458,7293.254907367458,7293.254907367458,1,1410.0,1410.0,1410.0,1410.0,1410.0,1,294.0,294.0,294.0,294.0,294.0,1,26.0,26.0,26.0,26.0,26.0,1,2.299096600036137,2.299096600036137,2.299096600036137,2.299096600036137,2.299096600036137
development,stress,stress_design,assumption__radius_max__noise_extreme__scale_150,current,1,1,0,0,10224.567307,Synthetic design; no pooling across pools; time/tail quantiles conditional on completion.,1,10224.567307,10224.567307,10224.567307,10224.567307,10224.567307,1,40362.83654584845,40362.83654584845,40362.83654584845,40362.83654584845,40362.83654584845,1,348.0,348,348,348,348,1,320.0,320,320,320,320,1,9.0,9,9,9,9,1,27.0,27.0,27.0,27.0,27.0,1,8.0,8,8,8,8,1,0.0,0.0,0.0,0.0,0.0,1,0.0,0,0,0,0,1,8072.56730916969,8072.56730916969,8072.56730916969,8072.56730916969,8072.56730916969,1,1740.0,1740.0,1740.0,1740.0,1740.0,1,66.0,66.0,66.0,66.0,66.0,1,26.0,26.0,26.0,26.0,26.0,1,2.497666399925947,2.497666399925947,2.497666399925947,2.497666399925947,2.497666399925947
development,stress,stress_design,assumption__radius_max__noise_extreme__scale_150,local_cover,1,1,0,0,10186.227769,Synthetic design; no pooling across pools; time/tail quantiles conditional on completion.,1,10186.227769,10186.227769,10186.227769,10186.227769,10186.227769,1,40261.138861424195,40261.138861424195,40261.138861424195,40261.138861424195,40261.138861424195,1,348.0,348,348,348,348,1,320.0,320,320,320,320,1,3.0,3,3,3,3,1,9.0,9.0,9.0,9.0,9.0,1,8.0,8,8,8,8,1,0.0,0.0,0.0,0.0,0.0,1,0.0,0,0,0,0,1,8052.227772284839,8052.227772284839,8052.227772284839,8052.227772284839,8052.227772284839,1,1740.0,1740.0,1740.0,1740.0,1740.0,1,48.0,48.0,48.0,48.0,48.0,1,26.0,26.0,26.0,26.0,26.0,1,2.418672899948433,2.418672899948433,2.418672899948433,2.418672899948433,2.418672899948433
development,stress,stress_design,assumption__radius_max__noise_extreme__scale_300,combined_cover,1,1,0,0,9792.727211,Synthetic design; no pooling across pools; time/tail quantiles conditional on completion.,1,9792.727211,9792.727211,9792.727211,9792.727211,9792.727211,1,41813.63606332087,41813.63606332087,41813.63606332087,41813.63606332087,41813.63606332087,1,194.0,194,194,194,194,1,173.0,173,173,173,173,1,69.0,69,69,69,69,1,207.0,207.0,207.0,207.0,207.0,1,14.0,14,14,14,14,1,0.0,0.0,0.0,0.0,0.0,1,0.0,0,0,0,0,1,8362.727212664173,8362.727212664173,8362.727212664173,8362.727212664173,8362.727212664173,1,970.0,970.0,970.0,970.0,970.0,1,255.0,255.0,255.0,255.0,255.0,1,32.0,32.0,32.0,32.0,32.0,1,3.162967700045556,3.162967700045556,3.162967700045556,3.162967700045556,3.162967700045556
development,stress,stress_design,assumption__radius_max__noise_extreme__scale_300,coverage,1,1,0,0,9924.862676,Synthetic design; no pooling across pools; time/tail quantiles conditional on completion.,1,9924.862676,9924.862676,9924.862676,9924.862676,9924.862676,1,42399.31338608837,42399.31338608837,42399.31338608837,42399.31338608837,42399.31338608837,1,194.0,194,194,194,194,1,173.0,173,173,173,173,1,74.0,74,74,74,74,1,222.0,222.0,222.0,222.0,222.0,1,15.0,15,15,15,15,1,0.0,0.0,0.0,0.0,0.0,1,0.0,0,0,0,0,1,8479.862677217674,8479.862677217674,8479.862677217674,8479.862677217674,8479.862677217674,1,970.0,970.0,970.0,970.0,970.0,1,270.0,270.0,270.0,270.0,270.0,1,32.0,32.0,32.0,32.0,32.0,1,2.506054099998437,2.506054099998437,2.506054099998437,2.506054099998437,2.506054099998437
development,stress,stress_design,assumption__radius_max__noise_extreme__scale_300,current,1,1,0,0,9767.074003,Synthetic design; no pooling across pools; time/tail quantiles conditional on completion.,1,9767.074003,9767.074003,9767.074003,9767.074003,9767.074003,1,42235.37000875098,42235.37000875098,42235.37000875098,42235.37000875098,42235.37000875098,1,200.0,200,200,200,200,1,174.0,174,174,174,174,1,22.0,22,22,22,22,1,66.0,66.0,66.0,66.0,66.0,1,14.0,14,14,14,14,1,0.0,0.0,0.0,0.0,0.0,1,0.0,0,0,0,0,1,8447.074001750196,8447.074001750196,8447.074001750196,8447.074001750196,8447.074001750196,1,1000.0,1000.0,1000.0,1000.0,1000.0,1,114.0,114.0,114.0,114.0,114.0,1,32.0,32.0,32.0,32.0,32.0,1,2.3568026000866666,2.3568026000866666,2.3568026000866666,2.3568026000866666,2.3568026000866666
development,stress,stress_design,assumption__radius_max__noise_extreme__scale_300,local_cover,1,1,0,0,10403.924045,Synthetic design; no pooling across pools; time/tail quantiles conditional on completion.,1,10403.924045,10403.924045,10403.924045,10403.924045,10403.924045,1,44279.620241706725,44279.620241706725,44279.620241706725,44279.620241706725,44279.620241706725,1,200.0,200,200,200,200,1,174.0,174,174,174,174,1,98.0,98,98,98,98,1,294.0,294.0,294.0,294.0,294.0,1,14.0,14,14,14,14,1,0.0,0.0,0.0,0.0,0.0,1,0.0,0,0,0,0,1,8855.924048341345,8855.924048341345,8855.924048341345,8855.924048341345,8855.924048341345,1,1000.0,1000.0,1000.0,1000.0,1000.0,1,342.0,342.0,342.0,342.0,342.0,1,32.0,32.0,32.0,32.0,32.0,1,3.40076400001999,3.40076400001999,3.40076400001999,3.40076400001999,3.40076400001999
development,stress,stress_design,assumption__radius_max__noise_extreme__scale_75,combined_cover,2,2,0,0,7731.9635865,Synthetic design; no pooling across pools; time/tail quantiles conditional on completion.,2,7731.9635865,7731.9635865,8738.6161669,8864.447739449999,8990.279312,2,32094.8179333671,32094.8179333671,34656.080840285744,34976.238703650575,35296.39656701541,2,188.0,188.0,258.4,267.2,276,2,169.5,169.5,237.1,245.54999999999998,254,2,44.5,44.5,72.10000000000001,75.55,79,2,133.5,133.5,216.3,226.64999999999998,237.0,2,10.5,10.5,12.5,12.75,13,2,0.0,0.0,0.0,0.0,0.0,2,0.0,0.0,0.0,0.0,0,2,6418.963586673421,6418.963586673421,6931.21616805715,6995.247740730115,7059.279313403082,2,940.0,940.0,1292.0,1336.0,1380.0,2,175.5,175.5,253.50000000000003,263.24999999999994,273.0,2,28.0,28.0,31.2,31.6,32.0,2,2.626427499926649,2.626427499926649,2.8145518199307844,2.8380673599313013,2.8615828999318182
development,stress,stress_design,assumption__radius_max__noise_extreme__scale_75,coverage,2,2,0,0,8539.751681,Synthetic design; no pooling across pools; time/tail quantiles conditional on completion.,2,8539.751681,8539.751681,10061.4779226,10251.6937028,10441.909483,2,34723.758406404304,34723.758406404304,38888.38962285438,39408.96852491064,39929.5474269669,2,188.0,188.0,258.4,267.2,276,2,169.5,169.5,237.1,245.54999999999998,254,2,138.5,138.5,230.9,242.45,254,2,415.5,415.5,692.7,727.35,762.0,2,10.5,10.5,12.5,12.75,13,2,0.0,0.0,0.0,0.0,0.0,2,0.0,0.0,0.0,0.0,0,2,6944.751681280861,6944.751681280861,7777.677924570877,7881.7937049821285,7985.90948539338,2,940.0,940.0,1292.0,1336.0,1380.0,2,457.5,457.5,729.9000000000001,763.9499999999999,798.0,2,28.0,28.0,31.2,31.6,32.0,2,2.315069400006905,2.315069400006905,2.4000374000053855,2.4106584000051954,2.4212794000050053
development,stress,stress_design,assumption__radius_max__noise_extreme__scale_75,current,2,2,0,0,8109.11939,Synthetic design; no pooling across pools; time/tail quantiles conditional on completion.,2,8109.11939,8109.11939,9738.729840400001,9942.4311467,10146.132453,2,33275.59695280926,33275.59695280926,38419.64920334676,39062.655734663946,39705.66226598114,2,227.0,227.0,329.4,342.2,355,2,207.0,207.0,303.8,315.9,328,2,14.0,14.0,14.0,14.0,14,2,42.0,42.0,42.0,42.0,42.0,2,10.5,10.5,13.299999999999999,13.649999999999999,14,2,0.0,0.0,0.0,0.0,0.0,2,0.0,0.0,0.0,0.0,0,2,6655.119390561852,6655.119390561852,7683.929840669353,7812.53114693279,7941.132453196228,2,1135.0,1135.0,1647.0,1711.0,1775.0,2,84.0,84.0,88.8,89.4,90.0,2,28.0,28.0,31.2,31.6,32.0,2,2.240021249919664,2.240021249919664,2.2916841699159707,2.298142034915509,2.304599899915047
development,stress,stress_design,assumption__radius_max__noise_extreme__scale_75,local_cover,2,2,0,0,8050.6348205,Synthetic design; no pooling across pools; time/tail quantiles conditional on completion.,2,8050.6348205,8050.6348205,9662.2901577,9863.74707485,10065.203992,2,33058.17410399516,33058.17410399516,38100.45079371395,38730.7353799288,39361.01996614365,2,227.0,227.0,329.4,342.2,355,2,207.0,207.0,303.8,315.9,328,2,9.0,9.0,9.8,9.9,10,2,27.0,27.0,29.4,29.700000000000003,30.0,2,10.5,10.5,13.299999999999999,13.649999999999999,14,2,0.0,0.0,0.0,0.0,0.0,2,0.0,0.0,0.0,0.0,0,2,6611.634820799032,6611.634820799032,7620.09015874279,7746.14707598576,7872.20399322873,2,1135.0,1135.0,1647.0,1711.0,1775.0,2,69.0,69.0,71.39999999999999,71.69999999999999,72.0,2,28.0,28.0,31.2,31.6,32.0,2,2.656606800039299,2.656606800039299,2.8583237600745632,2.8835383800789716,2.9087530000833794
development,stress,stress_design,assumption__radius_min__noise_correlated__scale_150,combined_cover,2,2,0,0,8331.444105,Synthetic design; no pooling across pools; time/tail quantiles conditional on completion.,2,8331.444105,8331.444105,8529.060165,8553.7621725,8578.46418,2,32444.720535167486,32444.720535167486,36094.800829170854,36551.060865921274,37007.3209026717,2,271.0,271.0,367.8,379.9,392,2,251.5,251.5,350.3,362.65,375,2,57.0,57.0,69.8,71.39999999999999,73,2,171.0,171.0,209.39999999999998,214.2,219.0,2,6.5,6.5,6.8999999999999995,6.949999999999999,7,2,0.0,0.0,0.0,0.0,0.0,2,0.0,0.0,0.0,0.0,0,2,6488.944107033496,6488.944107033496,7218.960165834171,7310.212173184255,7401.46418053434,2,1355.0,1355.0,1839.0,1899.5,1960.0,2,210.0,210.0,255.60000000000002,261.3,267.0,2,26.0,26.0,30.8,31.4,32.0,2,2.7373362000798807,2.7373362000798807,2.780998520064168,2.7864563100622037,2.7919141000602394
development,stress,stress_design,assumption__radius_min__noise_correlated__scale_150,coverage,2,2,0,0,8158.09106,Synthetic design; no pooling across pools; time/tail quantiles conditional on completion.,2,8158.09106,8158.09106,8215.8272112,8223.044230099998,8230.261249,2,31915.455301190173,31915.455301190173,35172.13605361369,35579.221147666634,35986.306241719576,2,271.0,271.0,367.8,379.9,392,2,251.5,251.5,350.3,362.65,375,2,34.5,34.5,42.1,43.05,44,2,103.5,103.5,126.3,129.15,132.0,2,6.5,6.5,6.8999999999999995,6.949999999999999,7,2,0.0,0.0,0.0,0.0,0.0,2,0.0,0.0,0.0,0.0,0,2,6383.0910602380345,6383.0910602380345,7034.427210722739,7115.844229533327,7197.261248343915,2,1355.0,1355.0,1839.0,1899.5,1960.0,2,142.5,142.5,158.10000000000002,160.05,162.0,2,26.0,26.0,30.8,31.4,32.0,2,2.1355730000068434,2.1355730000068434,2.3070487599470653,2.328483229939593,2.3499176999321207
development,stress,stress_design,assumption__radius_min__noise_correlated__scale_150,current,2,2,0,0,7574.364336500001,Synthetic design; no pooling across pools; time/tail quantiles conditional on completion.,2,7574.364336500001,7574.364336500001,9399.6744457,9627.83820935,9856.001973,2,28709.321687080264,28709.321687080264,33493.872231602494,34091.941049667774,34690.00986773305,2,282.0,282.0,425.20000000000005,443.09999999999997,461,2,264.5,264.5,404.9,422.45,440,2,31.0,31.0,39.0,40.0,41,2,93.0,93.0,117.0,120.0,123.0,2,7.0,7.0,8.6,8.799999999999999,9,2,489.7973075,489.7973075,881.6351535,930.6148842499999,979.594615,2,20.0,20.0,36.0,38.0,40,2,5741.864337416053,5741.864337416053,6698.774446320499,6818.388209933554,6938.00197354661,2,1410.0,1410.0,2126.0,2215.5,2305.0,2,132.0,132.0,148.8,150.9,153.0,2,26.0,26.0,30.8,31.4,32.0,2,2.3518829999957234,2.3518829999957234,2.3983702799770983,2.40418118997477,2.409992099972442
development,stress,stress_design,assumption__radius_min__noise_correlated__scale_150,local_cover,2,2,0,0,7497.765682,Synthetic design; no pooling across pools; time/tail quantiles conditional on completion.,2,7497.765682,7497.765682,9308.1411268,9534.4380574,9760.734988,2,28453.828408294707,28453.828408294707,33217.70563157411,33813.19028448403,34408.67493739395,2,282.0,282.0,425.20000000000005,443.09999999999997,461,2,264.5,264.5,404.9,422.45,440,2,22.5,22.5,26.9,27.45,28,2,67.5,67.5,80.7,82.35,84.0,2,7.0,7.0,8.6,8.799999999999999,9,2,490.60605099999975,490.60605099999975,883.0908917999996,932.1514968999995,981.2121019999995,2,20.0,20.0,36.0,38.0,40,2,5690.7656816589415,5690.7656816589415,6643.541126314822,6762.638056896806,6881.734987478791,2,1410.0,1410.0,2126.0,2215.5,2305.0,2,106.5,106.5,112.5,113.25,114.0,2,26.0,26.0,30.8,31.4,32.0,2,2.4971643000026233,2.4971643000026233,2.513937499991153,2.5160341499897187,2.5181307999882847
development,stress,stress_design,assumption__radius_min__noise_correlated__scale_300,combined_cover,1,1,0,0,8787.436098,Synthetic design; no pooling across pools; time/tail quantiles conditional on completion.,1,8787.436098,8787.436098,8787.436098,8787.436098,8787.436098,1,31462.180499920898,31462.180499920898,31462.180499920898,31462.180499920898,31462.180499920898,1,385.0,385,385,385,385,1,371.0,371,371,371,371,1,48.0,48,48,48,48,1,144.0,144.0,144.0,144.0,144.0,1,9.0,9,9,9,9,1,0.0,0.0,0.0,0.0,0.0,1,0.0,0,0,0,0,1,6292.436099984179,6292.436099984179,6292.436099984179,6292.436099984179,6292.436099984179,1,1925.0,1925.0,1925.0,1925.0,1925.0,1,177.0,177.0,177.0,177.0,177.0,1,22.0,22.0,22.0,22.0,22.0,1,2.5636626000050455,2.5636626000050455,2.5636626000050455,2.5636626000050455,2.5636626000050455
development,stress,stress_design,assumption__radius_min__noise_correlated__scale_300,coverage,1,1,0,0,8806.28225,Synthetic design; no pooling across pools; time/tail quantiles conditional on completion.,1,8806.28225,8806.28225,8806.28225,8806.28225,8806.28225,1,31466.41126954599,31466.41126954599,31466.41126954599,31466.41126954599,31466.41126954599,1,385.0,385,385,385,385,1,371.0,371,371,371,371,1,54.0,54,54,54,54,1,162.0,162.0,162.0,162.0,162.0,1,9.0,9,9,9,9,1,0.0,0.0,0.0,0.0,0.0,1,0.0,0,0,0,0,1,6293.2822539091985,6293.2822539091985,6293.2822539091985,6293.2822539091985,6293.2822539091985,1,1925.0,1925.0,1925.0,1925.0,1925.0,1,195.0,195.0,195.0,195.0,195.0,1,22.0,22.0,22.0,22.0,22.0,1,2.143888899940066,2.143888899940066,2.143888899940066,2.143888899940066,2.143888899940066
development,stress,stress_design,assumption__radius_min__noise_correlated__scale_300,current,1,1,0,0,10392.298718,Synthetic design; no pooling across pools; time/tail quantiles conditional on completion.,1,10392.298718,10392.298718,10392.298718,10392.298718,10392.298718,1,38201.493601745016,38201.493601745016,38201.493601745016,38201.493601745016,38201.493601745016,1,443.0,443,443,443,443,1,422.0,422,422,422,422,1,20.0,20,20,20,20,1,60.0,60.0,60.0,60.0,60.0,1,8.0,8,8,8,8,1,0.0,0.0,0.0,0.0,0.0,1,0.0,0,0,0,0,1,7640.298720349003,7640.298720349003,7640.298720349003,7640.298720349003,7640.298720349003,1,2215.0,2215.0,2215.0,2215.0,2215.0,1,93.0,93.0,93.0,93.0,93.0,1,22.0,22.0,22.0,22.0,22.0,1,2.32115099998191,2.32115099998191,2.32115099998191,2.32115099998191,2.32115099998191
development,stress,stress_design,assumption__radius_min__noise_correlated__scale_300,local_cover,1,1,0,0,10398.529663,Synthetic design; no pooling across pools; time/tail quantiles conditional on completion.,1,10398.529663,10398.529663,10398.529663,10398.529663,10398.529663,1,38262.648325604474,38262.648325604474,38262.648325604474,38262.648325604474,38262.648325604474,1,443.0,443,443,443,443,1,422.0,422,422,422,422,1,18.0,18,18,18,18,1,54.0,54.0,54.0,54.0,54.0,1,8.0,8,8,8,8,1,0.0,0.0,0.0,0.0,0.0,1,0.0,0,0,0,0,1,7652.529665120895,7652.529665120895,7652.529665120895,7652.529665120895,7652.529665120895,1,2215.0,2215.0,2215.0,2215.0,2215.0,1,87.0,87.0,87.0,87.0,87.0,1,22.0,22.0,22.0,22.0,22.0,1,2.466332199983299,2.466332199983299,2.466332199983299,2.466332199983299,2.466332199983299
development,stress,stress_design,assumption__radius_min__noise_correlated__scale_75,combined_cover,2,2,0,0,6569.691401,Synthetic design; no pooling across pools; time/tail quantiles conditional on completion.,2,6569.691401,6569.691401,9023.533781,9330.2640785,9636.994376,2,24838.457005863744,24838.457005863744,32723.668903809885,33709.32039105315,34694.97187829642,2,220.0,220.0,338.4,353.2,368,2,207.5,207.5,323.1,337.54999999999995,352,2,74.0,74.0,132.4,139.70000000000002,147,2,222.0,222.0,397.20000000000005,419.09999999999997,441.0,2,6.0,6.0,9.2,9.6,10,2,0.0,0.0,0.0,0.0,0.0,2,0.0,0.0,0.0,0.0,0,2,4967.691401172749,4967.691401172749,6544.733780761977,6741.8640782106295,6938.994375659284,2,1100.0,1100.0,1692.0,1766.0,1840.0,2,265.5,265.5,437.1,458.55,480.0,2,29.0,29.0,31.4,31.7,32.0,2,2.4296253499924205,2.4296253499924205,2.761180989991408,2.8026254449912815,2.8440698999911547
development,stress,stress_design,assumption__radius_min__noise_correlated__scale_75,coverage,2,2,0,0,6124.7728394999995,Synthetic design; no pooling across pools; time/tail quantiles conditional on completion.,2,6124.7728394999995,6124.7728394999995,8223.4043511,8485.733290049999,8748.062229,2,23416.36418995387,23416.36418995387,30167.521742756584,31011.416436856925,31855.311130957263,2,220.0,220.0,338.4,353.2,368,2,207.5,207.5,323.1,337.54999999999995,352,2,20.5,20.5,36.1,38.05,40,2,61.5,61.5,108.3,114.15,120.0,2,6.0,6.0,9.2,9.6,10,2,0.0,0.0,0.0,0.0,0.0,2,0.0,0.0,0.0,0.0,0,2,4683.272837990775,4683.272837990775,6033.504348551317,6202.283287371384,6371.062226191452,2,1100.0,1100.0,1692.0,1766.0,1840.0,2,105.0,105.0,148.2,153.6,159.0,2,29.0,29.0,31.4,31.7,32.0,2,2.190592849976383,2.190592849976383,2.320434250007384,2.336664425011259,2.3528946000151336
development,stress,stress_design,assumption__radius_min__noise_correlated__scale_75,current,2,2,0,0,7381.543728999999,Synthetic design; no pooling across pools; time/tail quantiles conditional on completion.,2,7381.543728999999,7381.543728999999,10275.760201,10637.53726,10999.314319,2,28675.218644839744,28675.218644839744,38612.30100518042,39854.43630022301,41096.57159526559,2,244.0,244.0,381.6,398.8,416,2,229.5,229.5,361.9,378.45,395,2,41.5,41.5,72.3,76.15,80,2,124.5,124.5,216.9,228.45,240.0,2,6.0,6.0,9.2,9.6,10,2,0.0,0.0,0.0,0.0,0.0,2,0.0,0.0,0.0,0.0,0,2,5735.0437289679485,5735.0437289679485,7722.460201036083,7970.8872600446,8219.314319053117,2,1220.0,1220.0,1908.0,1994.0,2080.0,2,168.0,168.0,256.8,267.90000000000003,279.0,2,29.0,29.0,31.4,31.7,32.0,2,2.2174014499760233,2.2174014499760233,2.254893489915412,2.2595799949078352,2.264266499900259
development,stress,stress_design,assumption__radius_min__noise_correlated__scale_75,local_cover,2,2,0,0,7236.330313,Synthetic design; no pooling across pools; time/tail quantiles conditional on completion.,2,7236.330313,7236.330313,10039.8088802,10390.2437011,10740.678522,2,28181.651562481755,28181.651562481755,37815.04439506425,39019.21849913706,40223.392603209875,2,244.0,244.0,381.6,398.8,416,2,229.5,229.5,361.9,378.45,395,2,26.0,26.0,46.800000000000004,49.4,52,2,78.0,78.0,140.4,148.2,156.0,2,6.0,6.0,9.2,9.6,10,2,0.0,0.0,0.0,0.0,0.0,2,0.0,0.0,0.0,0.0,0,2,5636.330312496351,5636.330312496351,7563.00887901285,7803.843699827413,8044.678520641975,2,1220.0,1220.0,1908.0,1994.0,2080.0,2,121.5,121.5,180.3,187.65,195.0,2,29.0,29.0,31.4,31.7,32.0,2,2.4659796000341885,2.4659796000341885,2.5734718400402925,2.5869083700410553,2.6003449000418186
development,stress,stress_design,assumption__radius_min__noise_deterministic__scale_150,combined_cover,2,2,0,0,8790.5302835,Synthetic design; no pooling across pools; time/tail quantiles conditional on completion.,2,8790.5302835,8790.5302835,9001.9271063,9028.35170915,9054.776312,2,32877.65142469433,32877.65142469433,33814.63554376597,33931.758558649926,34048.88157353388,2,343.5,343.5,356.7,358.35,360,2,328.0,328.0,340.0,341.5,343,2,34.0,34.0,50.0,52.0,54,2,102.0,102.0,150.0,156.0,162.0,2,9.5,9.5,9.9,9.950000000000001,10,2,286.6594455000004,286.6594455000004,515.9870019000008,544.6529464500007,573.3188910000008,2,7.5,7.5,13.5,14.25,15,2,6575.530284938867,6575.530284938867,6762.927108753194,6786.351711729985,6809.776314706776,2,1717.5,1717.5,1783.5,1791.75,1800.0,2,142.5,142.5,194.10000000000002,200.54999999999998,207.0,2,27.0,27.0,29.4,29.700000000000003,30.0,2,2.6653600499848835,2.6653600499848835,2.933842249994632,2.9674025249958507,3.000962799997069
development,stress,stress_design,assumption__radius_min__noise_deterministic__scale_150,coverage,2,2,0,0,9065.452003499999,Synthetic design; no pooling across pools; time/tail quantiles conditional on completion.,2,9065.452003499999,9065.452003499999,9433.5177175,9479.52593175,9525.534146,2,33794.760023724746,33794.760023724746,35245.08860287499,35426.37967526876,35607.670747662545,2,343.5,343.5,356.7,358.35,360,2,328.0,328.0,340.0,341.5,343,2,64.5,64.5,66.5,66.75,67,2,193.5,193.5,199.5,200.25,201.0,2,9.5,9.5,9.9,9.950000000000001,10,2,287.3337504999995,287.3337504999995,517.2007508999991,545.934125949999,574.667500999999,2,7.5,7.5,13.5,14.25,15,2,6758.95200474495,6758.95200474495,7049.017720574997,7085.2759350537535,7121.534149532509,2,1717.5,1717.5,1783.5,1791.75,1800.0,2,234.0,234.0,236.4,236.7,237.0,2,27.0,27.0,29.4,29.700000000000003,30.0,2,2.567836600006558,2.567836600006558,2.7802774800220504,2.806832590023987,2.8333877000259236
development,stress,stress_design,assumption__radius_min__noise_deterministic__scale_150,current,2,2,0,0,10805.6859415,Synthetic design; no pooling across pools; time/tail quantiles conditional on completion.,2,10805.6859415,10805.6859415,11065.363017900001,11097.82265245,11130.282287,2,40463.42971608951,40463.42971608951,40877.81509367424,40929.61326587233,40981.41143807042,2,413.0,413.0,430.6,432.8,435,2,393.0,393.0,409.8,411.9,414,2,62.5,62.5,88.5,91.75,95,2,187.5,187.5,265.5,275.25,285.0,2,8.0,8.0,8.0,8.0,8,2,0.0,0.0,0.0,0.0,0.0,2,0.0,0.0,0.0,0.0,0,2,8092.685943217901,8092.685943217901,8175.563018734847,8185.922653174465,8196.282287614084,2,2065.0,2065.0,2153.0,2164.0,2175.0,2,228.0,228.0,302.40000000000003,311.7,321.0,2,27.0,27.0,29.4,29.700000000000003,30.0,2,2.110722449957393,2.110722449957393,2.2260131299262866,2.2404244649223983,2.25483579991851
development,stress,stress_design,assumption__radius_min__noise_deterministic__scale_150,local_cover,2,2,0,0,10955.474452999999,Synthetic design; no pooling across pools; time/tail quantiles conditional on completion.,2,10955.474452999999,10955.474452999999,10980.8776026,10984.052996299999,10987.22839,2,40837.37228092988,40837.37228092988,41114.35653073792,41148.97956196392,41183.60259318993,2,413.0,413.0,430.6,432.8,435,2,393.0,393.0,409.8,411.9,414,2,87.5,87.5,93.5,94.25,95,2,262.5,262.5,280.5,282.75,285.0,2,8.0,8.0,8.0,8.0,8,2,0.0,0.0,0.0,0.0,0.0,2,0.0,0.0,0.0,0.0,0,2,8167.474456185975,8167.474456185975,8222.871306147583,8229.795912392785,8236.720518637985,2,2065.0,2065.0,2153.0,2164.0,2175.0,2,303.0,303.0,324.6,327.3,330.0,2,27.0,27.0,29.4,29.700000000000003,30.0,2,2.8730364000075497,2.8730364000075497,3.078616799984593,3.104314349981723,3.1300118999788538
development,stress,stress_design,assumption__radius_min__noise_deterministic__scale_300,combined_cover,1,1,0,0,9388.768532,Synthetic design; no pooling across pools; time/tail quantiles conditional on completion.,1,9388.768532,9388.768532,9388.768532,9388.768532,9388.768532,1,35588.8426659477,35588.8426659477,35588.8426659477,35588.8426659477,35588.8426659477,1,337.0,337,337,337,337,1,323.0,323,323,323,323,1,61.0,61,61,61,61,1,183.0,183.0,183.0,183.0,183.0,1,11.0,11,11,11,11,1,0.0,0.0,0.0,0.0,0.0,1,0.0,0,0,0,0,1,7117.768533189539,7117.768533189539,7117.768533189539,7117.768533189539,7117.768533189539,1,1685.0,1685.0,1685.0,1685.0,1685.0,1,231.0,231.0,231.0,231.0,231.0,1,32.0,32.0,32.0,32.0,32.0,1,3.25651450001169,3.25651450001169,3.25651450001169,3.25651450001169,3.25651450001169
development,stress,stress_design,assumption__radius_min__noise_deterministic__scale_300,coverage,1,1,0,0,8920.285116,Synthetic design; no pooling across pools; time/tail quantiles conditional on completion.,1,8920.285116,8920.285116,8920.285116,8920.285116,8920.285116,1,34026.425581426694,34026.425581426694,34026.425581426694,34026.425581426694,34026.425581426694,1,337.0,337,337,337,337,1,323.0,323,323,323,323,1,9.0,9,9,9,9,1,27.0,27.0,27.0,27.0,27.0,1,11.0,11,11,11,11,1,0.0,0.0,0.0,0.0,0.0,1,0.0,0,0,0,0,1,6805.2851162853385,6805.2851162853385,6805.2851162853385,6805.2851162853385,6805.2851162853385,1,1685.0,1685.0,1685.0,1685.0,1685.0,1,75.0,75.0,75.0,75.0,75.0,1,32.0,32.0,32.0,32.0,32.0,1,2.1375056999968365,2.1375056999968365,2.1375056999968365,2.1375056999968365,2.1375056999968365
development,stress,stress_design,assumption__radius_min__noise_deterministic__scale_300,current,1,1,0,0,11625.963184,Synthetic design; no pooling across pools; time/tail quantiles conditional on completion.,1,11625.963184,11625.963184,11625.963184,11625.963184,11625.963184,1,44299.815923569055,44299.815923569055,44299.815923569055,44299.815923569055,44299.815923569055,1,379.0,379,379,379,379,1,359.0,359,359,359,359,1,144.0,144,144,144,144,1,432.0,432.0,432.0,432.0,432.0,1,10.0,10,10,10,10,1,0.0,0.0,0.0,0.0,0.0,1,0.0,0,0,0,0,1,8859.963184713812,8859.963184713812,8859.963184713812,8859.963184713812,8859.963184713812,1,1895.0,1895.0,1895.0,1895.0,1895.0,1,480.0,480.0,480.0,480.0,480.0,1,32.0,32.0,32.0,32.0,32.0,1,2.431350600090809,2.431350600090809,2.431350600090809,2.431350600090809,2.431350600090809
development,stress,stress_design,assumption__radius_min__noise_deterministic__scale_300,local_cover,1,1,0,0,10898.58235,Synthetic design; no pooling across pools; time/tail quantiles conditional on completion.,1,10898.58235,10898.58235,10898.58235,10898.58235,10898.58235,1,41772.91175697035,41772.91175697035,41772.91175697035,41772.91175697035,41772.91175697035,1,379.0,379,379,379,379,1,359.0,359,359,359,359,1,70.0,70,70,70,70,1,210.0,210.0,210.0,210.0,210.0,1,10.0,10,10,10,10,1,0.0,0.0,0.0,0.0,0.0,1,0.0,0,0,0,0,1,8354.58235139407,8354.58235139407,8354.58235139407,8354.58235139407,8354.58235139407,1,1895.0,1895.0,1895.0,1895.0,1895.0,1,258.0,258.0,258.0,258.0,258.0,1,32.0,32.0,32.0,32.0,32.0,1,2.8391366000287235,2.8391366000287235,2.8391366000287235,2.8391366000287235,2.8391366000287235
development,stress,stress_design,assumption__radius_min__noise_deterministic__scale_75,combined_cover,2,2,0,0,8731.3138385,Synthetic design; no pooling across pools; time/tail quantiles conditional on completion.,2,8731.3138385,8731.3138385,8941.2234709,8967.462174949998,8993.700879,2,32704.069181200266,32704.069181200266,33743.61734608187,33873.56086669207,34003.504387302266,2,341.0,341.0,350.59999999999997,351.79999999999995,353,2,328.5,328.5,337.7,338.85,340,2,29.0,29.0,47.400000000000006,49.699999999999996,52,2,87.0,87.0,142.20000000000002,149.1,156.0,2,9.5,9.5,10.7,10.85,11,2,300.88831500000015,300.88831500000015,541.5989670000002,571.6877985000002,601.7766300000003,2,9.0,9.0,16.2,17.099999999999998,18,2,6540.813836240053,6540.813836240053,6748.723469216373,6774.712173338413,6800.700877460453,2,1705.0,1705.0,1753.0,1759.0,1765.0,2,129.0,129.0,184.20000000000002,191.1,198.0,2,28.0,28.0,28.0,28.0,28.0,2,2.5791380000300705,2.5791380000300705,2.6839060800150034,2.69700209001312,2.710098100011237
development,stress,stress_design,assumption__radius_min__noise_deterministic__scale_75,coverage,2,2,0,0,8836.6209125,Synthetic design; no pooling across pools; time/tail quantiles conditional on completion.,2,8836.6209125,8836.6209125,9087.1582497,9118.47541685,9149.792584,2,33028.10455791617,33028.10455791617,34240.79124986748,34392.3770863614,34543.96292285531,2,341.0,341.0,350.59999999999997,351.79999999999995,353,2,328.5,328.5,337.7,338.85,340,2,42.5,42.5,58.900000000000006,60.949999999999996,63,2,127.5,127.5,176.7,182.85,189.0,2,10.0,10.0,10.8,10.9,11,2,298.6620660000003,298.6620660000003,537.5917188000006,567.4579254000006,597.3241320000006,2,9.0,9.0,16.2,17.099999999999998,18,2,6605.6209115832335,6605.6209115832335,6848.158249973496,6878.475417272279,6908.7925845710615,2,1705.0,1705.0,1753.0,1759.0,1765.0,2,169.5,169.5,218.7,224.85,231.0,2,28.0,28.0,28.0,28.0,28.0,2,2.321984800044447,2.321984800044447,2.3767452800646423,2.3835903400671667,2.3904354000696912
development,stress,stress_design,assumption__radius_min__noise_deterministic__scale_75,current,2,2,0,0,10990.1564985,Synthetic design; no pooling across pools; time/tail quantiles conditional on completion.,2,10990.1564985,10990.1564985,11281.8929173,11318.359969649999,11354.827022,2,43128.28249769352,43128.28249769352,44936.96459326019,45163.04985520602,45389.135117151855,2,370.0,370.0,384.4,386.2,388,2,348.5,348.5,363.3,365.15,367,2,32.0,32.0,37.6,38.3,39,2,96.0,96.0,112.8,114.89999999999999,117.0,2,10.0,10.0,10.0,10.0,10,2,0.0,0.0,0.0,0.0,0.0,2,0.0,0.0,0.0,0.0,0,2,8625.656499538705,8625.656499538705,8987.392918652038,9032.609971041205,9077.82702343037,2,1850.0,1850.0,1922.0,1931.0,1940.0,2,138.0,138.0,154.79999999999998,156.89999999999998,159.0,2,28.0,28.0,28.0,28.0,28.0,2,2.273711399990134,2.273711399990134,2.2947324399603533,2.2973600699566306,2.299987699952908
development,stress,stress_design,assumption__radius_min__noise_deterministic__scale_75,local_cover,2,2,0,0,10934.9866415,Synthetic design; no pooling across pools; time/tail quantiles conditional on completion.,2,10934.9866415,10934.9866415,11200.4119091,11233.59006755,11266.768226,2,42972.43320968434,42972.43320968434,44673.55954650167,44886.200338603834,45098.841130705994,2,370.0,370.0,384.4,386.2,388,2,348.5,348.5,363.3,365.15,367,2,24.0,24.0,28.0,28.499999999999996,29,2,72.0,72.0,84.0,85.5,87.0,2,10.0,10.0,10.0,10.0,10,2,0.0,0.0,0.0,0.0,0.0,2,0.0,0.0,0.0,0.0,0,2,8594.486641936868,8594.486641936868,8934.711909300333,8977.240067720766,9019.7682261412,2,1850.0,1850.0,1922.0,1931.0,1940.0,2,114.0,114.0,126.0,127.5,129.0,2,28.0,28.0,28.0,28.0,28.0,2,2.300395399972331,2.300395399972331,2.31037979995599,2.3116278499539478,2.312875899951905
development,stress,stress_design,assumption__radius_min__noise_extreme__scale_150,combined_cover,2,2,0,0,8828.849919,Synthetic design; no pooling across pools; time/tail quantiles conditional on completion.,2,8828.849919,8828.849919,9339.9470502,9403.834191599999,9467.721333,2,36246.74959997199,36246.74959997199,39048.235262929105,39398.42097079874,39748.60667866838,2,213.5,213.5,213.89999999999998,213.95,214,2,196.0,196.0,198.39999999999998,198.7,199,2,79.5,79.5,95.10000000000001,97.05,99,2,238.5,238.5,285.3,291.15,297.0,2,9.5,9.5,9.9,9.950000000000001,10,2,0.0,0.0,0.0,0.0,0.0,2,0.0,0.0,0.0,0.0,0,2,7249.349919994398,7249.349919994398,7809.64705258582,7879.684194159748,7949.721335733676,2,1067.5,1067.5,1069.5,1069.75,1070.0,2,285.0,285.0,333.0,339.0,345.0,2,31.0,31.0,31.8,31.9,32.0,2,3.3883544000564143,3.3883544000564143,3.826024160045199,3.8807328800437975,3.9354416000423953
development,stress,stress_design,assumption__radius_min__noise_extreme__scale_150,coverage,2,2,0,0,9571.712961000001,Synthetic design; no pooling across pools; time/tail quantiles conditional on completion.,2,9571.712961000001,9571.712961000001,10055.342137,10115.795784,10176.249431,2,38821.064807694886,38821.064807694886,41533.2106850443,41872.22891971297,42211.24715438165,2,213.5,213.5,213.89999999999998,213.95,214,2,196.0,196.0,198.39999999999998,198.7,199,2,155.5,155.5,174.29999999999998,176.64999999999998,179,2,466.5,466.5,522.9,529.95,537.0,2,9.0,9.0,9.8,9.9,10,2,0.0,0.0,0.0,0.0,0.0,2,0.0,0.0,0.0,0.0,0,2,7764.212961538979,7764.212961538979,8306.642137008861,8374.445783942596,8442.24943087633,2,1067.5,1067.5,1069.5,1069.75,1070.0,2,513.0,513.0,570.6,577.8000000000001,585.0,2,31.0,31.0,31.8,31.9,32.0,2,2.898464550031349,2.898464550031349,3.2132327500265094,3.252578775025904,3.291924800025299
development,stress,stress_design,assumption__radius_min__noise_extreme__scale_150,current,2,2,0,0,10674.23732,Synthetic design; no pooling across pools; time/tail quantiles conditional on completion.,2,10674.23732,10674.23732,10690.972744800001,10693.0646729,10695.156601,2,44913.686595142586,44913.686595142586,45055.36371475771,45073.073354709595,45090.78299466149,2,245.5,245.5,263.5,265.75,268,2,218.5,218.5,236.5,238.75,241,2,56.0,56.0,88.8,92.89999999999999,97,2,168.0,168.0,266.40000000000003,278.7,291.0,2,12.5,12.5,12.9,12.95,13,2,0.0,0.0,0.0,0.0,0.0,2,0.0,0.0,0.0,0.0,0,2,8982.737319028518,8982.737319028518,9011.072742951541,9014.614670941919,9018.156598932297,2,1227.5,1227.5,1317.5,1328.75,1340.0,2,214.5,214.5,311.70000000000005,323.84999999999997,336.0,2,31.0,31.0,31.8,31.9,32.0,2,2.597116549964994,2.597116549964994,2.655905789975077,2.6632544449763373,2.6706030999775976
development,stress,stress_design,assumption__radius_min__noise_extreme__scale_150,local_cover,2,2,0,0,10610.621843,Synthetic design; no pooling across pools; time/tail quantiles conditional on completion.,2,10610.621843,10610.621843,10614.183367000001,10614.628557500002,10615.073748,2,44678.10922571008,44678.10922571008,44687.916844575215,44689.14279693335,44690.36874929149,2,245.5,245.5,263.5,265.75,268,2,218.5,218.5,236.5,238.75,241,2,50.5,50.5,87.7,92.35,97,2,151.5,151.5,263.1,277.05,291.0,2,12.0,12.0,12.8,12.9,13,2,0.0,0.0,0.0,0.0,0.0,2,0.0,0.0,0.0,0.0,0,2,8935.621845142017,8935.621845142017,8937.583368915042,8937.828559386671,8938.073749858298,2,1227.5,1227.5,1317.5,1328.75,1340.0,2,198.0,198.0,308.40000000000003,322.2,336.0,2,31.0,31.0,31.8,31.9,32.0,2,2.9113627999904566,2.9113627999904566,3.0917127199820245,3.11425645998097,3.136800199979916
development,stress,stress_design,assumption__radius_min__noise_extreme__scale_300,combined_cover,1,1,0,0,6716.490935,Synthetic design; no pooling across pools; time/tail quantiles conditional on completion.,1,6716.490935,6716.490935,6716.490935,6716.490935,6716.490935,1,28367.454669732266,28367.454669732266,28367.454669732266,28367.454669732266,28367.454669732266,1,162.0,162,162,162,162,1,147.0,147,147,147,147,1,2.0,2,2,2,2,1,6.0,6.0,6.0,6.0,6.0,1,7.0,7,7,7,7,1,0.0,0.0,0.0,0.0,0.0,1,0.0,0,0,0,0,1,5673.490933946453,5673.490933946453,5673.490933946453,5673.490933946453,5673.490933946453,1,810.0,810.0,810.0,810.0,810.0,1,54.0,54.0,54.0,54.0,54.0,1,32.0,32.0,32.0,32.0,32.0,1,2.5011369000421837,2.5011369000421837,2.5011369000421837,2.5011369000421837,2.5011369000421837
development,stress,stress_design,assumption__radius_min__noise_extreme__scale_300,coverage,1,1,0,0,6784.920223,Synthetic design; no pooling across pools; time/tail quantiles conditional on completion.,1,6784.920223,6784.920223,6784.920223,6784.920223,6784.920223,1,28589.60111478309,28589.60111478309,28589.60111478309,28589.60111478309,28589.60111478309,1,162.0,162,162,162,162,1,147.0,147,147,147,147,1,10.0,10,10,10,10,1,30.0,30.0,30.0,30.0,30.0,1,7.0,7,7,7,7,1,0.0,0.0,0.0,0.0,0.0,1,0.0,0,0,0,0,1,5717.920222956618,5717.920222956618,5717.920222956618,5717.920222956618,5717.920222956618,1,810.0,810.0,810.0,810.0,810.0,1,78.0,78.0,78.0,78.0,78.0,1,32.0,32.0,32.0,32.0,32.0,1,2.2973008999833837,2.2973008999833837,2.2973008999833837,2.2973008999833837,2.2973008999833837
development,stress,stress_design,assumption__radius_min__noise_extreme__scale_300,current,1,1,0,0,10274.571313,Synthetic design; no pooling across pools; time/tail quantiles conditional on completion.,1,10274.571313,10274.571313,10274.571313,10274.571313,10274.571313,1,43772.85658397212,43772.85658397212,43772.85658397212,43772.85658397212,43772.85658397212,1,206.0,206,206,206,206,1,179.0,179,179,179,179,1,77.0,77,77,77,77,1,231.0,231.0,231.0,231.0,231.0,1,5.0,5,5,5,5,1,0.0,0.0,0.0,0.0,0.0,1,0.0,0,0,0,0,1,8754.571316794423,8754.571316794423,8754.571316794423,8754.571316794423,8754.571316794423,1,1030.0,1030.0,1030.0,1030.0,1030.0,1,279.0,279.0,279.0,279.0,279.0,1,32.0,32.0,32.0,32.0,32.0,1,2.6613606000319123,2.6613606000319123,2.6613606000319123,2.6613606000319123,2.6613606000319123
development,stress,stress_design,assumption__radius_min__noise_extreme__scale_300,local_cover,1,1,0,0,9959.580112,Synthetic design; no pooling across pools; time/tail quantiles conditional on completion.,1,9959.580112,9959.580112,9959.580112,9959.580112,9959.580112,1,42782.900587097414,42782.900587097414,42782.900587097414,42782.900587097414,42782.900587097414,1,206.0,206,206,206,206,1,179.0,179,179,179,179,1,38.0,38,38,38,38,1,114.0,114.0,114.0,114.0,114.0,1,5.0,5,5,5,5,1,0.0,0.0,0.0,0.0,0.0,1,0.0,0,0,0,0,1,8556.580117419482,8556.580117419482,8556.580117419482,8556.580117419482,8556.580117419482,1,1030.0,1030.0,1030.0,1030.0,1030.0,1,162.0,162.0,162.0,162.0,162.0,1,32.0,32.0,32.0,32.0,32.0,1,2.831430200021714,2.831430200021714,2.831430200021714,2.831430200021714,2.831430200021714
development,stress,stress_design,assumption__radius_min__noise_extreme__scale_75,combined_cover,2,2,0,0,8202.3630595,Synthetic design; no pooling across pools; time/tail quantiles conditional on completion.,2,8202.3630595,8202.3630595,8516.4420151,8555.701884549999,8594.961754,2,33736.81529530379,33736.81529530379,35995.21007094366,36277.50941789865,36559.80876485363,2,227.5,227.5,252.7,255.85,259,2,207.0,207.0,232.6,235.79999999999998,239,2,13.5,13.5,15.5,15.75,16,2,40.5,40.5,46.5,47.24999999999999,48.0,2,7.5,7.5,9.5,9.75,10,2,931.2393299999999,931.2393299999999,1676.2307939999998,1769.3547269999997,1862.4786599999998,2,28.0,28.0,50.4,53.199999999999996,56,2,6747.363059060758,6747.363059060758,7199.0420141887325,7255.50188357973,7311.961752970727,2,1137.5,1137.5,1263.5,1279.25,1295.0,2,82.5,82.5,93.30000000000001,94.64999999999999,96.0,2,28.0,28.0,31.2,31.6,32.0,2,2.35042929998599,2.35042929998599,2.38057002001442,2.384337610017974,2.3881052000215277
development,stress,stress_design,assumption__radius_min__noise_extreme__scale_75,coverage,2,2,0,0,8477.5845415,Synthetic design; no pooling across pools; time/tail quantiles conditional on completion.,2,8477.5845415,8477.5845415,8612.246102699999,8629.07879785,8645.911493,2,34617.92272015057,34617.92272015057,36255.23053468247,36459.89401149897,36664.557488315455,2,227.5,227.5,252.7,255.85,259,2,207.0,207.0,232.6,235.79999999999998,239,2,46.5,46.5,62.900000000000006,64.95,67,2,139.5,139.5,188.70000000000002,194.85,201.0,2,7.5,7.5,9.5,9.75,10,2,931.2393299999994,931.2393299999994,1676.230793999999,1769.3547269999988,1862.4786599999989,2,28.0,28.0,50.4,53.199999999999996,56,2,6923.584544030113,6923.584544030113,7251.046106936496,7291.978802299793,7332.911497663091,2,1137.5,1137.5,1263.5,1279.25,1295.0,2,181.5,181.5,225.9,231.45,237.0,2,28.0,28.0,31.2,31.6,32.0,2,2.2354502000380307,2.2354502000380307,2.3114838799927386,2.3209880899870767,2.3304922999814153
development,stress,stress_design,assumption__radius_min__noise_extreme__scale_75,current,2,2,0,0,7674.258506,Synthetic design; no pooling across pools; time/tail quantiles conditional on completion.,2,7674.258506,7674.258506,9140.7138388,9324.0207554,9507.327672,2,31103.79252645145,31103.79252645145,35926.069187258225,36528.85376985907,37131.63835245992,2,230.5,230.5,316.5,327.25,338,2,210.0,210.0,290.0,300.0,310,2,7.0,7.0,7.0,7.0,7,2,21.0,21.0,21.0,21.0,21.0,2,8.0,8.0,11.200000000000001,11.599999999999998,12,2,0.0,0.0,0.0,0.0,0.0,2,0.0,0.0,0.0,0.0,0,2,6220.75850529029,6220.75850529029,7185.213837451645,7305.770753971815,7426.3276704919845,2,1152.5,1152.5,1582.5,1636.25,1690.0,2,63.0,63.0,67.8,68.4,69.0,2,28.0,28.0,31.2,31.6,32.0,2,2.187647750019096,2.187647750019096,2.207072989991866,2.2095011449884625,2.2119292999850586
development,stress,stress_design,assumption__radius_min__noise_extreme__scale_75,local_cover,2,2,0,0,7936.3128165,Synthetic design; no pooling across pools; time/tail quantiles conditional on completion.,2,7936.3128165,7936.3128165,9177.275008100001,9332.39528205,9487.515556,2,31896.564079752898,31896.564079752898,36053.37503975905,36572.97640975982,37092.57777976059,2,230.5,230.5,316.5,327.25,338,2,210.0,210.0,290.0,300.0,310,2,41.5,41.5,72.3,76.15,80,2,124.5,124.5,216.9,228.45,240.0,2,8.0,8.0,11.200000000000001,11.599999999999998,12,2,0.0,0.0,0.0,0.0,0.0,2,0.0,0.0,0.0,0.0,0,2,6379.3128159505795,6379.3128159505795,7210.675007951811,7314.595281951964,7418.515555952118,2,1152.5,1152.5,1582.5,1636.25,1690.0,2,166.5,166.5,263.7,275.84999999999997,288.0,2,28.0,28.0,31.2,31.6,32.0,2,2.574870250071399,2.574870250071399,2.653642690065317,2.663489245064557,2.6733358000637963
development,stress,stress_design,assumption__radius_mixed__noise_correlated__scale_150,combined_cover,1,1,0,0,8445.622865,Synthetic design; no pooling across pools; time/tail quantiles conditional on completion.,1,8445.622865,8445.622865,8445.622865,8445.622865,8445.622865,1,34908.114331385375,34908.114331385375,34908.114331385375,34908.114331385375,34908.114331385375,1,225.0,225,225,225,225,1,202.0,202,202,202,202,1,24.0,24,24,24,24,1,72.0,72.0,72.0,72.0,72.0,1,10.0,10,10,10,10,1,0.0,0.0,0.0,0.0,0.0,1,0.0,0,0,0,0,1,6981.622866277075,6981.622866277075,6981.622866277075,6981.622866277075,6981.622866277075,1,1125.0,1125.0,1125.0,1125.0,1125.0,1,111.0,111.0,111.0,111.0,111.0,1,26.0,26.0,26.0,26.0,26.0,1,2.8782167999306694,2.8782167999306694,2.8782167999306694,2.8782167999306694,2.8782167999306694
development,stress,stress_design,assumption__radius_mixed__noise_correlated__scale_150,coverage,1,1,0,0,9309.620918,Synthetic design; no pooling across pools; time/tail quantiles conditional on completion.,1,9309.620918,9309.620918,9309.620918,9309.620918,9309.620918,1,37773.1045861687,37773.1045861687,37773.1045861687,37773.1045861687,37773.1045861687,1,225.0,225,225,225,225,1,202.0,202,202,202,202,1,121.0,121,121,121,121,1,363.0,363.0,363.0,363.0,363.0,1,9.0,9,9,9,9,1,0.0,0.0,0.0,0.0,0.0,1,0.0,0,0,0,0,1,7554.62091723374,7554.62091723374,7554.62091723374,7554.62091723374,7554.62091723374,1,1125.0,1125.0,1125.0,1125.0,1125.0,1,402.0,402.0,402.0,402.0,402.0,1,26.0,26.0,26.0,26.0,26.0,1,2.4182946999790147,2.4182946999790147,2.4182946999790147,2.4182946999790147,2.4182946999790147
development,stress,stress_design,assumption__radius_mixed__noise_correlated__scale_150,current,1,1,0,0,9817.553862,Synthetic design; no pooling across pools; time/tail quantiles conditional on completion.,1,9817.553862,9817.553862,9817.553862,9817.553862,9817.553862,1,40347.769319634295,40347.769319634295,40347.769319634295,40347.769319634295,40347.769319634295,1,274.0,274,274,274,274,1,247.0,247,247,247,247,1,22.0,22,22,22,22,1,66.0,66.0,66.0,66.0,66.0,1,5.0,5,5,5,5,1,3820.5098640000006,3820.5098640000006,3820.5098640000006,3820.5098640000006,3820.5098640000006,1,112.0,112,112,112,112,1,8069.553863926859,8069.553863926859,8069.553863926859,8069.553863926859,8069.553863926859,1,1370.0,1370.0,1370.0,1370.0,1370.0,1,105.0,105.0,105.0,105.0,105.0,1,26.0,26.0,26.0,26.0,26.0,1,2.168830499984324,2.168830499984324,2.168830499984324,2.168830499984324,2.168830499984324
development,stress,stress_design,assumption__radius_mixed__noise_correlated__scale_150,local_cover,1,1,0,0,10230.474346,Synthetic design; no pooling across pools; time/tail quantiles conditional on completion.,1,10230.474346,10230.474346,10230.474346,10230.474346,10230.474346,1,41557.37173555999,41557.37173555999,41557.37173555999,41557.37173555999,41557.37173555999,1,274.0,274,274,274,274,1,247.0,247,247,247,247,1,79.0,79,79,79,79,1,237.0,237.0,237.0,237.0,237.0,1,5.0,5,5,5,5,1,3820.5098640000006,3820.5098640000006,3820.5098640000006,3820.5098640000006,3820.5098640000006,1,112.0,112,112,112,112,1,8311.474347111998,8311.474347111998,8311.474347111998,8311.474347111998,8311.474347111998,1,1370.0,1370.0,1370.0,1370.0,1370.0,1,276.0,276.0,276.0,276.0,276.0,1,26.0,26.0,26.0,26.0,26.0,1,2.8475606000283733,2.8475606000283733,2.8475606000283733,2.8475606000283733,2.8475606000283733
development,stress,stress_design,assumption__radius_mixed__noise_correlated__scale_300,combined_cover,1,1,0,0,8024.140612,Synthetic design; no pooling across pools; time/tail quantiles conditional on completion.,1,8024.140612,8024.140612,8024.140612,8024.140612,8024.140612,1,29690.703060088377,29690.703060088377,29690.703060088377,29690.703060088377,29690.703060088377,1,326.0,326,326,326,326,1,313.0,313,313,313,313,1,26.0,26,26,26,26,1,78.0,78.0,78.0,78.0,78.0,1,9.0,9,9,9,9,1,774.6752969999998,774.6752969999998,774.6752969999998,774.6752969999998,774.6752969999998,1,28.0,28,28,28,28,1,5938.140612017675,5938.140612017675,5938.140612017675,5938.140612017675,5938.140612017675,1,1630.0,1630.0,1630.0,1630.0,1630.0,1,117.0,117.0,117.0,117.0,117.0,1,26.0,26.0,26.0,26.0,26.0,1,2.5150026000337675,2.5150026000337675,2.5150026000337675,2.5150026000337675,2.5150026000337675
development,stress,stress_design,assumption__radius_mixed__noise_correlated__scale_300,coverage,1,1,0,0,8091.065478,Synthetic design; no pooling across pools; time/tail quantiles conditional on completion.,1,8091.065478,8091.065478,8091.065478,8091.065478,8091.065478,1,29860.3273997324,29860.3273997324,29860.3273997324,29860.3273997324,29860.3273997324,1,326.0,326,326,326,326,1,313.0,313,313,313,313,1,37.0,37,37,37,37,1,111.0,111.0,111.0,111.0,111.0,1,9.0,9,9,9,9,1,774.6752970000007,774.6752970000007,774.6752970000007,774.6752970000007,774.6752970000007,1,28.0,28,28,28,28,1,5972.06547994648,5972.06547994648,5972.06547994648,5972.06547994648,5972.06547994648,1,1630.0,1630.0,1630.0,1630.0,1630.0,1,150.0,150.0,150.0,150.0,150.0,1,26.0,26.0,26.0,26.0,26.0,1,2.2878784999484196,2.2878784999484196,2.2878784999484196,2.2878784999484196,2.2878784999484196
development,stress,stress_design,assumption__radius_mixed__noise_correlated__scale_300,current,1,1,0,0,11184.077844,Synthetic design; no pooling across pools; time/tail quantiles conditional on completion.,1,11184.077844,11184.077844,11184.077844,11184.077844,11184.077844,1,43570.38922615082,43570.38922615082,43570.38922615082,43570.38922615082,43570.38922615082,1,369.0,369,369,369,369,1,350.0,350,350,350,350,1,70.0,70,70,70,70,1,210.0,210.0,210.0,210.0,210.0,1,12.0,12,12,12,12,1,0.0,0.0,0.0,0.0,0.0,1,0.0,0,0,0,0,1,8714.077845230164,8714.077845230164,8714.077845230164,8714.077845230164,8714.077845230164,1,1845.0,1845.0,1845.0,1845.0,1845.0,1,249.0,249.0,249.0,249.0,249.0,1,26.0,26.0,26.0,26.0,26.0,1,2.5288504000054672,2.5288504000054672,2.5288504000054672,2.5288504000054672,2.5288504000054672
development,stress,stress_design,assumption__radius_mixed__noise_correlated__scale_300,local_cover,1,1,0,0,11101.14529,Synthetic design; no pooling across pools; time/tail quantiles conditional on completion.,1,11101.14529,11101.14529,11101.14529,11101.14529,11101.14529,1,43290.726449587026,43290.726449587026,43290.726449587026,43290.726449587026,43290.726449587026,1,369.0,369,369,369,369,1,350.0,350,350,350,350,1,61.0,61,61,61,61,1,183.0,183.0,183.0,183.0,183.0,1,12.0,12,12,12,12,1,0.0,0.0,0.0,0.0,0.0,1,0.0,0,0,0,0,1,8658.145289917406,8658.145289917406,8658.145289917406,8658.145289917406,8658.145289917406,1,1845.0,1845.0,1845.0,1845.0,1845.0,1,222.0,222.0,222.0,222.0,222.0,1,26.0,26.0,26.0,26.0,26.0,1,2.527844100026414,2.527844100026414,2.527844100026414,2.527844100026414,2.527844100026414
development,stress,stress_design,assumption__radius_mixed__noise_correlated__scale_75,combined_cover,2,2,0,0,9169.512701,Synthetic design; no pooling across pools; time/tail quantiles conditional on completion.,2,9169.512701,9169.512701,9561.8391634,9610.8799712,9659.920779,2,35945.063506385166,35945.063506385166,37028.695820035035,37164.14985924126,37299.603898447494,2,278.0,278.0,306.8,310.40000000000003,314,2,259.5,259.5,291.9,295.95,300,2,87.0,87.0,88.60000000000001,88.8,89,2,261.0,261.0,265.8,266.4,267.0,2,10.5,10.5,13.299999999999999,13.649999999999999,14,2,1673.1808789999995,1673.1808789999995,3011.7255821999993,3179.043670099999,3346.361757999999,2,49.0,49.0,88.2,93.1,98,2,7189.012701277033,7189.012701277033,7405.7391640070055,7432.829971848252,7459.920779689499,2,1390.0,1390.0,1534.0,1552.0,1570.0,2,303.0,303.0,305.40000000000003,305.7,306.0,2,28.0,28.0,29.6,29.8,30.0,2,3.1666050999774598,3.1666050999774598,3.463585979945492,3.500708589941496,3.5378311999375
development,stress,stress_design,assumption__radius_mixed__noise_correlated__scale_75,coverage,2,2,0,0,8851.846869,Synthetic design; no pooling across pools; time/tail quantiles conditional on completion.,2,8851.846869,8851.846869,9261.8206754,9313.0674012,9364.314127,2,35001.73433830886,35001.73433830886,36065.60336873197,36198.58699753486,36331.57062633775,2,278.0,278.0,306.8,310.40000000000003,314,2,259.5,259.5,291.9,295.95,300,2,44.0,44.0,49.599999999999994,50.3,51,2,132.0,132.0,148.8,150.9,153.0,2,10.5,10.5,13.299999999999999,13.649999999999999,14,2,1673.180879,1673.180879,3011.7255822,3179.0436701,3346.361758,2,49.0,49.0,88.2,93.1,98,2,7000.346867661772,7000.346867661772,7213.120673746395,7239.7173995069725,7266.3141252675505,2,1390.0,1390.0,1534.0,1552.0,1570.0,2,174.0,174.0,193.20000000000002,195.6,198.0,2,28.0,28.0,29.6,29.8,30.0,2,2.490931849984918,2.490931849984918,2.534413409989793,2.5398486049904023,2.5452837999910116
development,stress,stress_design,assumption__radius_mixed__noise_correlated__scale_75,current,2,2,0,0,10458.2598415,Synthetic design; no pooling across pools; time/tail quantiles conditional on completion.,2,10458.2598415,10458.2598415,11248.2406339,11346.98823295,11445.735832,2,42113.799215375955,42113.799215375955,45229.70317682561,45619.19117200682,46008.67916718803,2,305.0,305.0,326.6,329.3,332,2,281.5,281.5,305.1,308.05,311,2,53.0,53.0,63.4,64.7,66,2,159.0,159.0,190.20000000000002,194.1,198.0,2,8.0,8.0,10.4,10.7,11,2,1679.006304,1679.006304,3022.2113472,3190.1119776,3358.012608,2,49.0,49.0,88.2,93.1,98,2,8422.759843075191,8422.759843075191,9045.940635365123,9123.838234401364,9201.735833437606,2,1525.0,1525.0,1633.0,1646.5,1660.0,2,201.0,201.0,234.60000000000002,238.8,243.0,2,28.0,28.0,29.6,29.8,30.0,2,2.3257720000110567,2.3257720000110567,2.4961974400095643,2.5175006200093777,2.538803800009191
development,stress,stress_design,assumption__radius_mixed__noise_correlated__scale_75,local_cover,2,2,0,0,10560.1868465,Synthetic design; no pooling across pools; time/tail quantiles conditional on completion.,2,10560.1868465,10560.1868465,11014.0539725,11070.78736325,11127.520754,2,42353.4342435032,42353.4342435032,44364.76987042315,44616.18682378815,44867.60377715314,2,305.0,305.0,326.6,329.3,332,2,281.5,281.5,305.1,308.05,311,2,71.0,71.0,99.0,102.49999999999999,106,2,213.0,213.0,297.0,307.49999999999994,318.0,2,8.0,8.0,10.4,10.7,11,2,1678.5023190000002,1678.5023190000002,3021.3041742000005,3189.1544061,3357.0046380000003,2,49.0,49.0,88.2,93.1,98,2,8470.68684870064,8470.68684870064,8872.95397408463,8923.23736475763,8973.520755430629,2,1525.0,1525.0,1633.0,1646.5,1660.0,2,255.0,255.0,336.6,346.8,357.0,2,28.0,28.0,29.6,29.8,30.0,2,2.902505850070156,2.902505850070156,3.0914785300614316,3.1151001150603403,3.13872170005925
development,stress,stress_design,assumption__radius_mixed__noise_deterministic__scale_150,combined_cover,1,1,0,0,8892.197133,Synthetic design; no pooling across pools; time/tail quantiles conditional on completion.,1,8892.197133,8892.197133,8892.197133,8892.197133,8892.197133,1,34360.98567237207,34360.98567237207,34360.98567237207,34360.98567237207,34360.98567237207,1,300.0,300,300,300,300,1,287.0,287,287,287,287,1,56.0,56,56,56,56,1,168.0,168.0,168.0,168.0,168.0,1,11.0,11,11,11,11,1,0.0,0.0,0.0,0.0,0.0,1,0.0,0,0,0,0,1,6872.197134474414,6872.197134474414,6872.197134474414,6872.197134474414,6872.197134474414,1,1500.0,1500.0,1500.0,1500.0,1500.0,1,207.0,207.0,207.0,207.0,207.0,1,26.0,26.0,26.0,26.0,26.0,1,2.5680806000018492,2.5680806000018492,2.5680806000018492,2.5680806000018492,2.5680806000018492
development,stress,stress_design,assumption__radius_mixed__noise_deterministic__scale_150,coverage,1,1,0,0,8985.059776,Synthetic design; no pooling across pools; time/tail quantiles conditional on completion.,1,8985.059776,8985.059776,8985.059776,8985.059776,8985.059776,1,34675.29889560816,34675.29889560816,34675.29889560816,34675.29889560816,34675.29889560816,1,300.0,300,300,300,300,1,287.0,287,287,287,287,1,66.0,66,66,66,66,1,198.0,198.0,198.0,198.0,198.0,1,11.0,11,11,11,11,1,0.0,0.0,0.0,0.0,0.0,1,0.0,0,0,0,0,1,6935.059779121632,6935.059779121632,6935.059779121632,6935.059779121632,6935.059779121632,1,1500.0,1500.0,1500.0,1500.0,1500.0,1,237.0,237.0,237.0,237.0,237.0,1,26.0,26.0,26.0,26.0,26.0,1,2.204039099975489,2.204039099975489,2.204039099975489,2.204039099975489,2.204039099975489
development,stress,stress_design,assumption__radius_mixed__noise_deterministic__scale_150,current,1,1,0,0,10805.386303,Synthetic design; no pooling across pools; time/tail quantiles conditional on completion.,1,10805.386303,10805.386303,10805.386303,10805.386303,10805.386303,1,42306.93152708564,42306.93152708564,42306.93152708564,42306.93152708564,42306.93152708564,1,353.0,353,353,353,353,1,331.0,331,331,331,331,1,61.0,61,61,61,61,1,183.0,183.0,183.0,183.0,183.0,1,11.0,11,11,11,11,1,0.0,0.0,0.0,0.0,0.0,1,0.0,0,0,0,0,1,8461.386305417127,8461.386305417127,8461.386305417127,8461.386305417127,8461.386305417127,1,1765.0,1765.0,1765.0,1765.0,1765.0,1,222.0,222.0,222.0,222.0,222.0,1,26.0,26.0,26.0,26.0,26.0,1,2.2740554000483826,2.2740554000483826,2.2740554000483826,2.2740554000483826,2.2740554000483826
development,stress,stress_design,assumption__radius_mixed__noise_deterministic__scale_150,local_cover,1,1,0,0,10732.186187,Synthetic design; no pooling across pools; time/tail quantiles conditional on completion.,1,10732.186187,10732.186187,10732.186187,10732.186187,10732.186187,1,42105.93092521343,42105.93092521343,42105.93092521343,42105.93092521343,42105.93092521343,1,353.0,353,353,353,353,1,331.0,331,331,331,331,1,50.0,50,50,50,50,1,150.0,150.0,150.0,150.0,150.0,1,11.0,11,11,11,11,1,0.0,0.0,0.0,0.0,0.0,1,0.0,0,0,0,0,1,8421.186185042687,8421.186185042687,8421.186185042687,8421.186185042687,8421.186185042687,1,1765.0,1765.0,1765.0,1765.0,1765.0,1,189.0,189.0,189.0,189.0,189.0,1,26.0,26.0,26.0,26.0,26.0,1,2.400045800022781,2.400045800022781,2.400045800022781,2.400045800022781,2.400045800022781
development,stress,stress_design,assumption__radius_mixed__noise_deterministic__scale_300,combined_cover,1,1,0,0,9295.871783,Synthetic design; no pooling across pools; time/tail quantiles conditional on completion.,1,9295.871783,9295.871783,9295.871783,9295.871783,9295.871783,1,34359.35892566729,34359.35892566729,34359.35892566729,34359.35892566729,34359.35892566729,1,398.0,398,398,398,398,1,378.0,378,378,378,378,1,2.0,2,2,2,2,1,6.0,6.0,6.0,6.0,6.0,1,7.0,7,7,7,7,1,0.0,0.0,0.0,0.0,0.0,1,0.0,0,0,0,0,1,6871.871785133459,6871.871785133459,6871.871785133459,6871.871785133459,6871.871785133459,1,1990.0,1990.0,1990.0,1990.0,1990.0,1,36.0,36.0,36.0,36.0,36.0,1,20.0,20.0,20.0,20.0,20.0,1,2.2269565999740735,2.2269565999740735,2.2269565999740735,2.2269565999740735,2.2269565999740735
development,stress,stress_design,assumption__radius_mixed__noise_deterministic__scale_300,coverage,1,1,0,0,9302.769184,Synthetic design; no pooling across pools; time/tail quantiles conditional on completion.,1,9302.769184,9302.769184,9302.769184,9302.769184,9302.769184,1,34378.84593271544,34378.84593271544,34378.84593271544,34378.84593271544,34378.84593271544,1,398.0,398,398,398,398,1,378.0,378,378,378,378,1,3.0,3,3,3,3,1,9.0,9.0,9.0,9.0,9.0,1,7.0,7,7,7,7,1,0.0,0.0,0.0,0.0,0.0,1,0.0,0,0,0,0,1,6875.769186543088,6875.769186543088,6875.769186543088,6875.769186543088,6875.769186543088,1,1990.0,1990.0,1990.0,1990.0,1990.0,1,39.0,39.0,39.0,39.0,39.0,1,20.0,20.0,20.0,20.0,20.0,1,1.8161566000198945,1.8161566000198945,1.8161566000198945,1.8161566000198945,1.8161566000198945
development,stress,stress_design,assumption__radius_mixed__noise_deterministic__scale_300,current,1,1,0,0,11363.997684,Synthetic design; no pooling across pools; time/tail quantiles conditional on completion.,1,11363.997684,11363.997684,11363.997684,11363.997684,11363.997684,1,41379.98842733458,41379.98842733458,41379.98842733458,41379.98842733458,41379.98842733458,1,479.0,479,479,479,479,1,454.0,454,454,454,454,1,63.0,63,63,63,63,1,189.0,189.0,189.0,189.0,189.0,1,7.0,7,7,7,7,1,0.0,0.0,0.0,0.0,0.0,1,0.0,0,0,0,0,1,8275.997685466917,8275.997685466917,8275.997685466917,8275.997685466917,8275.997685466917,1,2395.0,2395.0,2395.0,2395.0,2395.0,1,219.0,219.0,219.0,219.0,219.0,1,20.0,20.0,20.0,20.0,20.0,1,2.0285814999369904,2.0285814999369904,2.0285814999369904,2.0285814999369904,2.0285814999369904
development,stress,stress_design,assumption__radius_mixed__noise_deterministic__scale_300,local_cover,1,1,0,0,11250.119209,Synthetic design; no pooling across pools; time/tail quantiles conditional on completion.,1,11250.119209,11250.119209,11250.119209,11250.119209,11250.119209,1,40975.5960522914,40975.5960522914,40975.5960522914,40975.5960522914,40975.5960522914,1,479.0,479,479,479,479,1,454.0,454,454,454,454,1,52.0,52,52,52,52,1,156.0,156.0,156.0,156.0,156.0,1,7.0,7,7,7,7,1,0.0,0.0,0.0,0.0,0.0,1,0.0,0,0,0,0,1,8195.11921045828,8195.11921045828,8195.11921045828,8195.11921045828,8195.11921045828,1,2395.0,2395.0,2395.0,2395.0,2395.0,1,186.0,186.0,186.0,186.0,186.0,1,20.0,20.0,20.0,20.0,20.0,1,2.4771596000064164,2.4771596000064164,2.4771596000064164,2.4771596000064164,2.4771596000064164
development,stress,stress_design,assumption__radius_mixed__noise_deterministic__scale_75,combined_cover,2,2,0,0,9416.3162925,Synthetic design; no pooling across pools; time/tail quantiles conditional on completion.,2,9416.3162925,9416.3162925,10139.852367300002,10230.29437665,10320.736386,2,35549.081466481046,35549.081466481046,38864.761827985945,39279.22187317406,39693.68191836218,2,319.0,319.0,340.6,343.3,346,2,303.0,303.0,323.8,326.40000000000003,329,2,114.5,114.5,174.9,182.45,190,2,343.5,343.5,524.7,547.35,570.0,2,10.5,10.5,13.299999999999999,13.649999999999999,14,2,0.0,0.0,0.0,0.0,0.0,2,0.0,0.0,0.0,0.0,0,2,7109.81629329621,7109.81629329621,7772.952365597191,7855.844374634813,7938.736383672435,2,1595.0,1595.0,1703.0,1716.5,1730.0,2,382.5,382.5,568.5,591.75,615.0,2,26.0,26.0,29.2,29.6,30.0,2,3.001330049999524,3.001330049999524,3.6267625700333155,3.7049416350375393,3.7831207000417635
development,stress,stress_design,assumption__radius_mixed__noise_deterministic__scale_75,coverage,2,2,0,0,8899.951487499999,Synthetic design; no pooling across pools; time/tail quantiles conditional on completion.,2,8899.951487499999,8899.951487499999,9223.5491431,9263.99885005,9304.448557,2,33867.257438891334,33867.257438891334,35879.24570469472,36130.744237920146,36382.24277114557,2,319.0,319.0,340.6,343.3,346,2,303.0,303.0,323.8,326.40000000000003,329,2,54.5,54.5,68.5,70.25,72,2,163.5,163.5,205.5,210.75,216.0,2,10.5,10.5,13.299999999999999,13.649999999999999,14,2,0.0,0.0,0.0,0.0,0.0,2,0.0,0.0,0.0,0.0,0,2,6773.451487778267,6773.451487778267,7175.849140938944,7226.148847584029,7276.448554229113,2,1595.0,1595.0,1703.0,1716.5,1730.0,2,202.5,202.5,249.3,255.15,261.0,2,26.0,26.0,29.2,29.6,30.0,2,2.490331200067885,2.490331200067885,2.8849528800928965,2.934280590096023,2.9836083000991493
development,stress,stress_design,assumption__radius_mixed__noise_deterministic__scale_75,current,2,2,0,0,10958.263812000001,Synthetic design; no pooling across pools; time/tail quantiles conditional on completion.,2,10958.263812000001,10958.263812000001,11264.1920928,11302.4331279,11340.674163,2,42961.31906669992,42961.31906669992,43334.960466301,43381.66564125114,43428.37081620128,2,364.0,364.0,401.6,406.3,411,2,341.5,341.5,379.5,384.24999999999994,389,2,46.5,46.5,50.900000000000006,51.45,52,2,139.5,139.5,152.7,154.35,156.0,2,9.5,9.5,9.9,9.950000000000001,10,2,0.0,0.0,0.0,0.0,0.0,2,0.0,0.0,0.0,0.0,0,2,8592.263813339985,8592.263813339985,8666.992093260202,8676.33312825023,8685.674163240255,2,1820.0,1820.0,2008.0,2031.5,2055.0,2,178.5,178.5,186.89999999999998,187.95,189.0,2,26.0,26.0,29.2,29.6,30.0,2,2.25067024998134,2.25067024998134,2.2696702100220136,2.272045205027098,2.274420200032182
development,stress,stress_design,assumption__radius_mixed__noise_deterministic__scale_75,local_cover,2,2,0,0,10951.4666595,Synthetic design; no pooling across pools; time/tail quantiles conditional on completion.,2,10951.4666595,10951.4666595,11252.224114300001,11289.81879615,11327.413478,2,42957.33330428433,42957.33330428433,43317.12056680276,43362.093974617565,43407.06738243237,2,364.0,364.0,401.6,406.3,411,2,341.5,341.5,379.5,384.24999999999994,389,2,44.5,44.5,48.1,48.55,49,2,133.5,133.5,144.3,145.65,147.0,2,9.5,9.5,9.9,9.950000000000001,10,2,0.0,0.0,0.0,0.0,0.0,2,0.0,0.0,0.0,0.0,0,2,8591.466660856866,8591.466660856866,8663.424113360554,8672.418794923513,8681.413476486474,2,1820.0,1820.0,2008.0,2031.5,2055.0,2,172.5,172.5,178.5,179.25,180.0,2,26.0,26.0,29.2,29.6,30.0,2,2.3702403999632224,2.3702403999632224,2.440523279993795,2.4493086399976165,2.458094000001438
development,stress,stress_design,assumption__radius_mixed__noise_extreme__scale_150,combined_cover,1,1,0,0,9312.00065,Synthetic design; no pooling across pools; time/tail quantiles conditional on completion.,1,9312.00065,9312.00065,9312.00065,9312.00065,9312.00065,1,36730.003249752874,36730.003249752874,36730.003249752874,36730.003249752874,36730.003249752874,1,274.0,274,274,274,274,1,253.0,253,253,253,253,1,96.0,96,96,96,96,1,288.0,288.0,288.0,288.0,288.0,1,10.0,10,10,10,10,1,0.0,0.0,0.0,0.0,0.0,1,0.0,0,0,0,0,1,7346.000649950574,7346.000649950574,7346.000649950574,7346.000649950574,7346.000649950574,1,1370.0,1370.0,1370.0,1370.0,1370.0,1,321.0,321.0,321.0,321.0,321.0,1,22.0,22.0,22.0,22.0,22.0,1,2.677404399961233,2.677404399961233,2.677404399961233,2.677404399961233,2.677404399961233
development,stress,stress_design,assumption__radius_mixed__noise_extreme__scale_150,coverage,1,1,0,0,8863.210717,Synthetic design; no pooling across pools; time/tail quantiles conditional on completion.,1,8863.210717,8863.210717,8863.210717,8863.210717,8863.210717,1,35356.05358366296,35356.05358366296,35356.05358366296,35356.05358366296,35356.05358366296,1,274.0,274,274,274,274,1,253.0,253,253,253,253,1,38.0,38,38,38,38,1,114.0,114.0,114.0,114.0,114.0,1,10.0,10,10,10,10,1,0.0,0.0,0.0,0.0,0.0,1,0.0,0,0,0,0,1,7071.210716732591,7071.210716732591,7071.210716732591,7071.210716732591,7071.210716732591,1,1370.0,1370.0,1370.0,1370.0,1370.0,1,147.0,147.0,147.0,147.0,147.0,1,22.0,22.0,22.0,22.0,22.0,1,2.0217099000001326,2.0217099000001326,2.0217099000001326,2.0217099000001326,2.0217099000001326
development,stress,stress_design,assumption__radius_mixed__noise_extreme__scale_150,current,1,1,0,0,10163.998628,Synthetic design; no pooling across pools; time/tail quantiles conditional on completion.,1,10163.998628,10163.998628,10163.998628,10163.998628,10163.998628,1,40224.99313522636,40224.99313522636,40224.99313522636,40224.99313522636,40224.99313522636,1,325.0,325,325,325,325,1,298.0,298,298,298,298,1,47.0,47,47,47,47,1,141.0,141.0,141.0,141.0,141.0,1,10.0,10,10,10,10,1,0.0,0.0,0.0,0.0,0.0,1,0.0,0,0,0,0,1,8044.998627045272,8044.998627045272,8044.998627045272,8044.998627045272,8044.998627045272,1,1625.0,1625.0,1625.0,1625.0,1625.0,1,174.0,174.0,174.0,174.0,174.0,1,22.0,22.0,22.0,22.0,22.0,1,2.3695322000421584,2.3695322000421584,2.3695322000421584,2.3695322000421584,2.3695322000421584
development,stress,stress_design,assumption__radius_mixed__noise_extreme__scale_150,local_cover,1,1,0,0,10425.974136,Synthetic design; no pooling across pools; time/tail quantiles conditional on completion.,1,10425.974136,10425.974136,10425.974136,10425.974136,10425.974136,1,40799.87068210606,40799.87068210606,40799.87068210606,40799.87068210606,40799.87068210606,1,325.0,325,325,325,325,1,298.0,298,298,298,298,1,96.0,96,96,96,96,1,288.0,288.0,288.0,288.0,288.0,1,10.0,10,10,10,10,1,0.0,0.0,0.0,0.0,0.0,1,0.0,0,0,0,0,1,8159.974136421212,8159.974136421212,8159.974136421212,8159.974136421212,8159.974136421212,1,1625.0,1625.0,1625.0,1625.0,1625.0,1,321.0,321.0,321.0,321.0,321.0,1,22.0,22.0,22.0,22.0,22.0,1,2.81209060002584,2.81209060002584,2.81209060002584,2.81209060002584,2.81209060002584
development,stress,stress_design,assumption__radius_mixed__noise_extreme__scale_300,combined_cover,1,1,0,0,9587.376589,Synthetic design; no pooling across pools; time/tail quantiles conditional on completion.,1,9587.376589,9587.376589,9587.376589,9587.376589,9587.376589,1,37296.882943072706,37296.882943072706,37296.882943072706,37296.882943072706,37296.882943072706,1,298.0,298,298,298,298,1,276.0,276,276,276,276,1,99.0,99,99,99,99,1,297.0,297.0,297.0,297.0,297.0,1,11.0,11,11,11,11,1,0.0,0.0,0.0,0.0,0.0,1,0.0,0,0,0,0,1,7459.376588614541,7459.376588614541,7459.376588614541,7459.376588614541,7459.376588614541,1,1490.0,1490.0,1490.0,1490.0,1490.0,1,336.0,336.0,336.0,336.0,336.0,1,26.0,26.0,26.0,26.0,26.0,1,3.4129173998953775,3.4129173998953775,3.4129173998953775,3.4129173998953775,3.4129173998953775
development,stress,stress_design,assumption__radius_mixed__noise_extreme__scale_300,coverage,1,1,0,0,10115.983262,Synthetic design; no pooling across pools; time/tail quantiles conditional on completion.,1,10115.983262,10115.983262,10115.983262,10115.983262,10115.983262,1,39039.91630999682,39039.91630999682,39039.91630999682,39039.91630999682,39039.91630999682,1,298.0,298,298,298,298,1,276.0,276,276,276,276,1,159.0,159,159,159,159,1,477.0,477.0,477.0,477.0,477.0,1,11.0,11,11,11,11,1,0.0,0.0,0.0,0.0,0.0,1,0.0,0,0,0,0,1,7807.983261999364,7807.983261999364,7807.983261999364,7807.983261999364,7807.983261999364,1,1490.0,1490.0,1490.0,1490.0,1490.0,1,516.0,516.0,516.0,516.0,516.0,1,26.0,26.0,26.0,26.0,26.0,1,2.3821861000033095,2.3821861000033095,2.3821861000033095,2.3821861000033095,2.3821861000033095
development,stress,stress_design,assumption__radius_mixed__noise_extreme__scale_300,current,1,1,0,0,10463.139496,Synthetic design; no pooling across pools; time/tail quantiles conditional on completion.,1,10463.139496,10463.139496,10463.139496,10463.139496,10463.139496,1,40745.69748968028,40745.69748968028,40745.69748968028,40745.69748968028,40745.69748968028,1,370.0,370,370,370,370,1,342.0,342,342,342,342,1,19.0,19,19,19,19,1,57.0,57.0,57.0,57.0,57.0,1,10.0,10,10,10,10,1,0.0,0.0,0.0,0.0,0.0,1,0.0,0,0,0,0,1,8149.139497936056,8149.139497936056,8149.139497936056,8149.139497936056,8149.139497936056,1,1850.0,1850.0,1850.0,1850.0,1850.0,1,96.0,96.0,96.0,96.0,96.0,1,26.0,26.0,26.0,26.0,26.0,1,2.422331199981272,2.422331199981272,2.422331199981272,2.422331199981272,2.422331199981272
development,stress,stress_design,assumption__radius_mixed__noise_extreme__scale_300,local_cover,1,1,0,0,10473.923119,Synthetic design; no pooling across pools; time/tail quantiles conditional on completion.,1,10473.923119,10473.923119,10473.923119,10473.923119,10473.923119,1,40904.615603308244,40904.615603308244,40904.615603308244,40904.615603308244,40904.615603308244,1,370.0,370,370,370,370,1,342.0,342,342,342,342,1,12.0,12,12,12,12,1,36.0,36.0,36.0,36.0,36.0,1,10.0,10,10,10,10,1,0.0,0.0,0.0,0.0,0.0,1,0.0,0,0,0,0,1,8180.923120661649,8180.923120661649,8180.923120661649,8180.923120661649,8180.923120661649,1,1850.0,1850.0,1850.0,1850.0,1850.0,1,75.0,75.0,75.0,75.0,75.0,1,26.0,26.0,26.0,26.0,26.0,1,2.6626688999822363,2.6626688999822363,2.6626688999822363,2.6626688999822363,2.6626688999822363
development,stress,stress_design,assumption__radius_mixed__noise_extreme__scale_75,combined_cover,2,2,0,0,8406.0872795,Synthetic design; no pooling across pools; time/tail quantiles conditional on completion.,2,8406.0872795,8406.0872795,8699.7842327,8736.49635185,8773.208471,2,33397.936398807404,33397.936398807404,33459.451637397724,33467.14104222151,33474.8304470453,2,270.5,270.5,327.7,334.84999999999997,342,2,249.5,249.5,307.5,314.75,322,2,21.5,21.5,31.5,32.75,34,2,64.5,64.5,94.5,98.24999999999999,102.0,2,9.0,9.0,9.8,9.9,10,2,859.1526294999999,859.1526294999999,1546.4747330999999,1632.3899960499996,1718.3052589999998,2,24.0,24.0,43.2,45.599999999999994,48,2,6679.587279761481,6679.587279761481,6691.890327479544,6693.428208444302,6694.96608940906,2,1352.5,1352.5,1638.5,1674.25,1710.0,2,100.5,100.5,135.29999999999998,139.64999999999998,144.0,2,24.0,24.0,27.2,27.599999999999998,28.0,2,2.652773350069765,2.652773350069765,2.918085550062824,2.9512495750619565,2.984413600061089
development,stress,stress_design,assumption__radius_mixed__noise_extreme__scale_75,coverage,2,2,0,0,8471.525863500001,Synthetic design; no pooling across pools; time/tail quantiles conditional on completion.,2,8471.525863500001,8471.525863500001,8708.7525951,8738.405936550002,8768.059278,2,33672.629326651644,33672.629326651644,33962.49566906755,33998.72896186954,34034.96225467153,2,270.5,270.5,327.7,334.84999999999997,342,2,249.5,249.5,307.5,314.75,322,2,25.0,25.0,38.6,40.3,42,2,75.0,75.0,115.80000000000001,120.89999999999999,126.0,2,9.5,9.5,10.7,10.85,11,2,859.8374975000002,859.8374975000002,1547.7074955000003,1633.6912452500003,1719.6749950000003,2,24.0,24.0,43.2,45.599999999999994,48,2,6734.525865330328,6734.525865330328,6792.4991338135105,6799.745792373909,6806.992450934306,2,1352.5,1352.5,1638.5,1674.25,1710.0,2,111.0,111.0,156.60000000000002,162.29999999999998,168.0,2,24.0,24.0,27.2,27.599999999999998,28.0,2,2.3111113000195473,2.3111113000195473,2.5804068999830636,2.6140688499785028,2.6477307999739423
development,stress,stress_design,assumption__radius_mixed__noise_extreme__scale_75,current,2,2,0,0,10518.3433435,Synthetic design; no pooling across pools; time/tail quantiles conditional on completion.,2,10518.3433435,10518.3433435,10954.9519079,11009.52797845,11064.104049,2,41794.21671634236,41794.21671634236,42117.17389194769,42157.54353889836,42197.91318584903,2,322.0,322.0,394.79999999999995,403.9,413,2,296.0,296.0,368.0,377.0,386,2,64.5,64.5,88.9,91.95,95,2,193.5,193.5,266.7,275.85,285.0,2,8.5,8.5,9.7,9.85,10,2,0.0,0.0,0.0,0.0,0.0,2,0.0,0.0,0.0,0.0,0,2,8358.843343268472,8358.843343268472,8423.43477838954,8431.508707779672,8439.582637169806,2,1610.0,1610.0,1974.0,2019.5,2065.0,2,229.5,229.5,297.9,306.45,315.0,2,24.0,24.0,27.2,27.599999999999998,28.0,2,2.3747831499786116,2.3747831499786116,2.465877669968177,2.4772644849668723,2.488651299965568
development,stress,stress_design,assumption__radius_mixed__noise_extreme__scale_75,local_cover,2,2,0,0,10307.196477000001,Synthetic design; no pooling across pools; time/tail quantiles conditional on completion.,2,10307.196477000001,10307.196477000001,10324.0385258,10326.1437819,10328.249038,2,40903.48238451885,40903.48238451885,42569.27213864202,42777.495857907415,42985.719577172815,2,322.0,322.0,394.79999999999995,403.9,413,2,296.0,296.0,368.0,377.0,386,2,53.5,53.5,79.5,82.75,86,2,160.5,160.5,238.50000000000003,248.25,258.0,2,8.5,8.5,9.7,9.85,10,2,0.0,0.0,0.0,0.0,0.0,2,0.0,0.0,0.0,0.0,0,2,8180.696476903771,8180.696476903771,8513.854427728404,8555.499171581483,8597.143915434563,2,1610.0,1610.0,1974.0,2019.5,2065.0,2,196.5,196.5,279.3,289.65,300.0,2,24.0,24.0,27.2,27.599999999999998,28.0,2,2.692683700006455,2.692683700006455,2.767040180042386,2.7763347400468774,2.7856293000513688
