case_id,problem,pool,composition_model,partition,error_mode,variant,mechanism_id,mechanism_status,baseline_complete,candidate_complete,baseline_variant,both_complete,completion_delta,penalized_time_delta_s,completed_time_delta_s,completed_reduction_pct,baseline_total_virtual_time_s,candidate_total_virtual_time_s,walk_distance_m_delta,measures_delta,failed_clear_attempts_delta,failed_clear_cost_s_delta,fallback_targets_delta,movement_s_delta,measurement_s_delta,switch_s_delta,optical_s_delta,laser_s_delta,post_clear_stop_tail_s_delta
p4-refinement-development-round-broad-p4-0000-7834411e5026bf94,4,broad,broad_joint,development,deterministic,combined_cover,assumption__radius_min__noise_deterministic__scale_75,broad_or_stress_assumption,True,True,current,True,0,-2778.1764139999996,-2778.1764139999996,23.828291542670904,11659.150674,8880.97426,-11145.8820752252,-37,-110,-330.0,1,-2229.176415045039,-185.0,-34.0,-330.0,0.0,0.0
p4-refinement-development-round-broad-p4-0000-7834411e5026bf94,4,broad,broad_joint,development,deterministic,coverage,assumption__radius_min__noise_deterministic__scale_75,broad_or_stress_assumption,True,True,current,True,0,-2770.0233740000003,-2770.0233740000003,23.758363292938434,11659.150674,8889.1273,-11165.116867134464,-37,-106,-318.0,1,-2233.0233734268922,-185.0,-34.0,-318.0,0.0,0.0
p4-refinement-development-round-broad-p4-0000-7834411e5026bf94,4,broad,broad_joint,development,deterministic,local_cover,assumption__radius_min__noise_deterministic__scale_75,broad_or_stress_assumption,True,True,current,True,0,-585.9723780000004,-585.9723780000004,5.02585818113427,11659.150674,11073.178296,-1894.861902476754,0,-69,-207.0,0,-378.9723804953501,0.0,0.0,-207.0,0.0,0.0
p4-refinement-development-round-broad-p4-0001-40e0f293b32edad9,4,broad,broad_joint,development,correlated,combined_cover,assumption__radius_min__noise_correlated__scale_75,broad_or_stress_assumption,True,True,current,True,0,-1108.1259469999986,-1108.1259469999986,11.669460340895155,9495.948524,8387.822577,-3685.629757896546,-53,-20,-60.0,3,-737.125951579309,-265.0,-46.0,-60.0,0.0,-1198.611272
p4-refinement-development-round-broad-p4-0001-40e0f293b32edad9,4,broad,broad_joint,development,correlated,coverage,assumption__radius_min__noise_correlated__scale_75,broad_or_stress_assumption,True,True,current,True,0,-1035.6479549999985,-1035.6479549999985,10.906208604464405,9495.948524,8460.300569,-3518.239796972688,-53,-7,-21.0,3,-703.6479593945378,-265.0,-46.0,-21.0,0.0,-1198.611272
p4-refinement-development-round-broad-p4-0001-40e0f293b32edad9,4,broad,broad_joint,development,correlated,local_cover,assumption__radius_min__noise_correlated__scale_75,broad_or_stress_assumption,True,True,current,True,0,-231.04009099999894,-231.04009099999894,2.4330385786745756,9495.948524,9264.908433,-795.2004622504828,0,-24,-72.0,0,-159.04009245009638,0.0,0.0,-72.0,0.0,0.0
p4-refinement-development-round-broad-p4-0002-3406fce96badb117,4,broad,broad_joint,development,extreme,combined_cover,assumption__radius_min__noise_extreme__scale_75,broad_or_stress_assumption,True,True,current,True,0,-679.8308159999997,-679.8308159999997,6.419257710585069,10590.489534,9910.658718,-3794.1540737220857,-13,51,153.0,0,-758.8308147444168,-65.0,-9.0,153.0,0.0,0.0
p4-refinement-development-round-broad-p4-0002-3406fce96badb117,4,broad,broad_joint,development,extreme,coverage,assumption__radius_min__noise_extreme__scale_75,broad_or_stress_assumption,True,True,current,True,0,-925.9696029999996,-925.9696029999996,8.743406997639166,10590.489534,9664.519931,-4379.848012676579,-13,8,24.0,0,-875.969602535316,-65.0,-9.0,24.0,0.0,0.0
p4-refinement-development-round-broad-p4-0002-3406fce96badb117,4,broad,broad_joint,development,extreme,local_cover,assumption__radius_min__noise_extreme__scale_75,broad_or_stress_assumption,True,True,current,True,0,-347.8806170000007,-347.8806170000007,3.2848398167351487,10590.489534,10242.608917,-1154.403067499683,0,-39,-117.0,0,-230.88061349993586,0.0,0.0,-117.0,0.0,0.0
p4-refinement-development-round-broad-p4-0003-cff3d77b1e7cd8d9,4,broad,broad_joint,development,deterministic,combined_cover,assumption__radius_max__noise_deterministic__scale_75,broad_or_stress_assumption,True,True,current,True,0,-810.351752999999,-810.351752999999,7.366743256100785,11000.135675,10189.783922,-3601.758764329483,-51,70,210.0,0,-720.3517528658958,-255.0,-45.0,210.0,0.0,0.0
p4-refinement-development-round-broad-p4-0003-cff3d77b1e7cd8d9,4,broad,broad_joint,development,deterministic,coverage,assumption__radius_max__noise_deterministic__scale_75,broad_or_stress_assumption,True,True,current,True,0,-318.61349399999926,-318.61349399999926,2.896450584006086,11000.135675,10681.522181,-1773.0674868762508,-51,112,336.0,0,-354.6134973752487,-255.0,-45.0,336.0,0.0,0.0
p4-refinement-development-round-broad-p4-0003-cff3d77b1e7cd8d9,4,broad,broad_joint,development,deterministic,local_cover,assumption__radius_max__noise_deterministic__scale_75,broad_or_stress_assumption,True,True,current,True,0,-227.75505499999963,-227.75505499999963,2.0704749625735834,11000.135675,10772.38062,-778.7752707584295,0,-24,-72.0,0,-155.75505415168482,0.0,0.0,-72.0,0.0,0.0
p4-refinement-development-round-broad-p4-0004-1b1562ea178b7e1f,4,broad,broad_joint,development,correlated,combined_cover,assumption__radius_max__noise_correlated__scale_75,broad_or_stress_assumption,True,True,current,True,0,-1987.537821,-1987.537821,17.41296136778272,11414.1287,9426.590879,-6887.689117873684,-97,-11,-33.0,-2,-1377.5378235747376,-485.0,-92.0,-33.0,0.0,-745.8421019999987
p4-refinement-development-round-broad-p4-0004-1b1562ea178b7e1f,4,broad,broad_joint,development,correlated,coverage,assumption__radius_max__noise_correlated__scale_75,broad_or_stress_assumption,True,True,current,True,0,-1938.1567829999985,-1938.1567829999985,16.980330552957568,11414.1287,9475.971917,-6745.78392022301,-97,-4,-12.0,-2,-1349.1567840446023,-485.0,-92.0,-12.0,0.0,-750.3396519999969
p4-refinement-development-round-broad-p4-0004-1b1562ea178b7e1f,4,broad,broad_joint,development,correlated,local_cover,assumption__radius_max__noise_correlated__scale_75,broad_or_stress_assumption,True,True,current,True,0,-6.648596999999427,-6.648596999999427,0.05824883506000267,11414.1287,11407.480103,-33.24299089603301,0,0,0.0,0,-6.648598179206601,0.0,0.0,0.0,0.0,3.1668880000015633
p4-refinement-development-round-broad-p4-0005-ec38d18afc9331a0,4,broad,broad_joint,development,extreme,combined_cover,assumption__radius_max__noise_extreme__scale_75,broad_or_stress_assumption,True,True,current,True,0,-2788.8800979999996,-2788.8800979999996,23.561831400889854,11836.431772,9047.551674,-11244.400496234222,-56,-70,-210.0,4,-2248.880099246844,-280.0,-50.0,-210.0,0.0,0.0
p4-refinement-development-round-broad-p4-0005-ec38d18afc9331a0,4,broad,broad_joint,development,extreme,coverage,assumption__radius_max__noise_extreme__scale_75,broad_or_stress_assumption,True,True,current,True,0,-2013.2492860000002,-2013.2492860000002,17.00892063402501,11836.431772,9823.182486,-8506.246445759592,-56,6,18.0,4,-1701.2492891519178,-280.0,-50.0,18.0,0.0,0.0
p4-refinement-development-round-broad-p4-0005-ec38d18afc9331a0,4,broad,broad_joint,development,extreme,local_cover,assumption__radius_max__noise_extreme__scale_75,broad_or_stress_assumption,True,True,current,True,0,-430.8410019999992,-430.8410019999992,3.6399567901805265,11836.431772,11405.59077,-1374.2050084092261,0,-52,-156.0,0,-274.8410016818452,0.0,0.0,-156.0,0.0,0.0
p4-refinement-development-round-broad-p4-0006-f68630b2abc88469,4,broad,broad_joint,development,deterministic,combined_cover,assumption__radius_mixed__noise_deterministic__scale_75,broad_or_stress_assumption,True,True,current,True,0,-1035.6858539999994,-1035.6858539999994,9.533359063757878,10863.808308,9828.122454,-4313.429270393608,-77,95,285.0,0,-862.6858540787207,-385.0,-73.0,285.0,0.0,1139.966464000001
p4-refinement-development-round-broad-p4-0006-f68630b2abc88469,4,broad,broad_joint,development,deterministic,coverage,assumption__radius_mixed__noise_deterministic__scale_75,broad_or_stress_assumption,True,True,current,True,0,-1537.2447350000002,-1537.2447350000002,14.150145983963917,10863.808308,9326.563573,-5306.223667508231,-77,-6,-18.0,0,-1061.244733501646,-385.0,-73.0,-18.0,0.0,0.0
p4-refinement-development-round-broad-p4-0006-f68630b2abc88469,4,broad,broad_joint,development,deterministic,local_cover,assumption__radius_mixed__noise_deterministic__scale_75,broad_or_stress_assumption,True,True,current,True,0,318.97941300000093,318.97941300000093,-2.9361656976689074,10863.808308,11182.787721,979.897065295474,0,41,123.0,0,195.97941305909626,0.0,0.0,123.0,0.0,0.0
p4-refinement-development-round-broad-p4-0007-2ea6c4a3405d733c,4,broad,broad_joint,development,correlated,combined_cover,assumption__radius_mixed__noise_correlated__scale_75,broad_or_stress_assumption,True,True,current,True,0,-840.9715380000016,-840.9715380000016,9.063845351222755,9278.308548,8437.33701,-2064.85769901234,-67,-11,-33.0,-1,-412.9715398024673,-335.0,-60.0,-33.0,0.0,-3143.1509290000013
p4-refinement-development-round-broad-p4-0007-2ea6c4a3405d733c,4,broad,broad_joint,development,correlated,coverage,assumption__radius_mixed__noise_correlated__scale_75,broad_or_stress_assumption,True,True,current,True,0,-752.2302390000004,-752.2302390000004,8.107407024765829,9278.308548,8526.078309,-1786.1511950320782,-67,0,0.0,-1,-357.2302390064151,-335.0,-60.0,0.0,0.0,-3143.1509290000013
p4-refinement-development-round-broad-p4-0007-2ea6c4a3405d733c,4,broad,broad_joint,development,correlated,local_cover,assumption__radius_mixed__noise_correlated__scale_75,broad_or_stress_assumption,True,True,current,True,0,-53.9906770000016,-53.9906770000016,0.5819021508143274,9278.308548,9224.317871,-134.95340312797634,0,-9,-27.0,0,-26.990680625594905,0.0,0.0,-27.0,0.0,-0.8893720000023677
p4-refinement-development-round-broad-p4-0008-86528914da53a90f,4,broad,broad_joint,development,extreme,combined_cover,assumption__radius_mixed__noise_extreme__scale_75,broad_or_stress_assumption,True,True,current,True,0,-1666.0070810000016,-1666.0070810000016,15.434420982611051,10794.101592,9128.094511,-8365.035413074322,11,-22,-66.0,0,-1673.0070826148649,55.0,18.0,-66.0,0.0,0.0
p4-refinement-development-round-broad-p4-0008-86528914da53a90f,4,broad,broad_joint,development,extreme,coverage,assumption__radius_mixed__noise_extreme__scale_75,broad_or_stress_assumption,True,True,current,True,0,-1562.4873020000014,-1562.4873020000014,14.475380731621348,10794.101592,9231.61429,-8072.436524153258,11,-7,-21.0,0,-1614.4873048306517,55.0,18.0,-21.0,0.0,0.0
p4-refinement-development-round-broad-p4-0008-86528914da53a90f,4,broad,broad_joint,development,extreme,local_cover,assumption__radius_mixed__noise_extreme__scale_75,broad_or_stress_assumption,True,True,current,True,0,349.7913219999991,349.7913219999991,-3.240578375316065,10794.101592,11143.892914,893.9566094407273,0,57,171.0,0,178.79132188814583,0.0,0.0,171.0,0.0,0.0
p4-refinement-development-round-broad-p4-0009-3fa5613d730c3695,4,broad,broad_joint,development,deterministic,combined_cover,assumption__radius_min__noise_deterministic__scale_150,broad_or_stress_assumption,True,True,current,True,0,-2609.60757,-2609.60757,23.385990088879826,11158.850064,8549.242494,-10248.037858970001,-80,-29,-87.0,0,-2049.6075717940003,-400.0,-73.0,-87.0,0.0,0.0
p4-refinement-development-round-broad-p4-0009-3fa5613d730c3695,4,broad,broad_joint,development,deterministic,coverage,assumption__radius_min__noise_deterministic__scale_150,broad_or_stress_assumption,True,True,current,True,0,-2235.697379000001,-2235.697379000001,20.03519507993634,11158.850064,8923.152685,-8978.486897559684,-80,11,33.0,0,-1795.6973795119366,-400.0,-73.0,33.0,0.0,0.0
p4-refinement-development-round-broad-p4-0009-3fa5613d730c3695,4,broad,broad_joint,development,deterministic,local_cover,assumption__radius_min__noise_deterministic__scale_150,broad_or_stress_assumption,True,True,current,True,0,-417.44686399999955,-417.44686399999955,3.7409487680701177,11158.850064,10741.4032,-1442.2343041240674,0,-43,-129.0,0,-288.4468608248135,0.0,0.0,-129.0,0.0,0.0
p4-refinement-development-round-broad-p4-0010-94e0ff899339839c,4,broad,broad_joint,development,correlated,combined_cover,assumption__radius_min__noise_correlated__scale_150,broad_or_stress_assumption,True,True,current,True,0,-2982.0502960000003,-2982.0502960000003,27.326335602255934,10912.733926,7930.68363,-13025.251480913383,-35,-58,-174.0,0,-2605.050296182677,-175.0,-28.0,-174.0,0.0,1269.576234
p4-refinement-development-round-broad-p4-0010-94e0ff899339839c,4,broad,broad_joint,development,correlated,coverage,assumption__radius_min__noise_correlated__scale_150,broad_or_stress_assumption,True,True,current,True,0,-2909.135443000001,-2909.135443000001,26.658172578265436,10912.733926,8003.598483,-12795.677223868366,-35,-49,-147.0,0,-2559.135444773674,-175.0,-28.0,-147.0,0.0,1267.912832
p4-refinement-development-round-broad-p4-0010-94e0ff899339839c,4,broad,broad_joint,development,correlated,local_cover,assumption__radius_min__noise_correlated__scale_150,broad_or_stress_assumption,True,True,current,True,0,-12.049016000000847,-12.049016000000847,0.11041244184735056,10912.733926,10900.68491,-330.2450736871906,0,18,54.0,0,-66.04901473743848,0.0,0.0,54.0,0.0,0.0
p4-refinement-development-round-broad-p4-0011-bb2807b937126691,4,broad,broad_joint,development,extreme,combined_cover,assumption__radius_min__noise_extreme__scale_150,broad_or_stress_assumption,True,True,current,True,0,-2166.7621830000007,-2166.7621830000007,21.602950765643648,10029.936218,7863.174035,-8788.81091469866,-38,-62,-186.0,0,-1757.7621829397322,-190.0,-33.0,-186.0,0.0,-1702.6552420000007
p4-refinement-development-round-broad-p4-0011-bb2807b937126691,4,broad,broad_joint,development,extreme,coverage,assumption__radius_min__noise_extreme__scale_150,broad_or_stress_assumption,True,True,current,True,0,-2147.220222000001,-2147.220222000001,21.408114421969504,10029.936218,7882.715996,-8691.101109959149,-38,-62,-186.0,0,-1738.22022199183,-190.0,-33.0,-186.0,0.0,-1702.6552420000007
p4-refinement-development-round-broad-p4-0011-bb2807b937126691,4,broad,broad_joint,development,extreme,local_cover,assumption__radius_min__noise_extreme__scale_150,broad_or_stress_assumption,True,True,current,True,0,-250.67884700000104,-250.67884700000104,2.4993064916018692,10029.936218,9779.257371,-863.3942371041121,0,-26,-78.0,0,-172.67884742082242,0.0,0.0,-78.0,0.0,2.6688589999985197
p4-refinement-development-round-broad-p4-0012-bd823dac3d4f660e,4,broad,broad_joint,development,deterministic,combined_cover,assumption__radius_max__noise_deterministic__scale_150,broad_or_stress_assumption,True,True,current,True,0,-646.5806030000003,-646.5806030000003,5.993493652783844,10788.041841,10141.461238,-2572.9030246158654,-47,47,141.0,1,-514.5806049231724,-235.0,-38.0,141.0,0.0,-1397.3727319999998
p4-refinement-development-round-broad-p4-0012-bd823dac3d4f660e,4,broad,broad_joint,development,deterministic,coverage,assumption__radius_max__noise_deterministic__scale_150,broad_or_stress_assumption,True,True,current,True,0,-767.8451459999997,-767.8451459999997,7.117558101061499,10788.041841,10020.196695,-3044.225749864854,-47,38,114.0,1,-608.8451499729708,-235.0,-38.0,114.0,0.0,-1397.3727319999998
p4-refinement-development-round-broad-p4-0012-bd823dac3d4f660e,4,broad,broad_joint,development,deterministic,local_cover,assumption__radius_max__noise_deterministic__scale_150,broad_or_stress_assumption,True,True,current,True,0,460.10369700000047,460.10369700000047,-4.264941717702413,10788.041841,11248.145538,1445.518497715253,0,57,171.0,0,289.10369954305133,0.0,0.0,171.0,0.0,-0.8746449999998731
p4-refinement-development-round-broad-p4-0013-0589761a107607de,4,broad,broad_joint,development,correlated,combined_cover,assumption__radius_max__noise_correlated__scale_150,broad_or_stress_assumption,True,True,current,True,0,-1547.6567069999983,-1547.6567069999983,14.544912819676396,10640.536153,9092.879446,-5553.283537465955,-22,-103,-309.0,0,-1110.6567074931918,-110.0,-18.0,-309.0,0.0,-3733.8352349999996
p4-refinement-development-round-broad-p4-0013-0589761a107607de,4,broad,broad_joint,development,correlated,coverage,assumption__radius_max__noise_correlated__scale_150,broad_or_stress_assumption,True,True,current,True,0,-1400.0514249999997,-1400.0514249999997,13.157715033046227,10640.536153,9240.484728,-5055.257127567689,-22,-87,-261.0,0,-1011.0514255135386,-110.0,-18.0,-261.0,0.0,-3733.8352349999996
p4-refinement-development-round-broad-p4-0013-0589761a107607de,4,broad,broad_joint,development,correlated,local_cover,assumption__radius_max__noise_correlated__scale_150,broad_or_stress_assumption,True,True,current,True,0,232.89672500000052,232.89672500000052,-2.1887687016066146,10640.536153,10873.432878,774.4836302858603,0,26,78.0,0,154.8967260571717,0.0,0.0,78.0,0.0,0.527129000000059
p4-refinement-development-round-broad-p4-0014-05015274c22b60ec,4,broad,broad_joint,development,extreme,combined_cover,assumption__radius_max__noise_extreme__scale_150,broad_or_stress_assumption,True,True,current,True,0,-1365.1545999999998,-1365.1545999999998,12.17020414875574,11217.187348,9852.032748,-7400.772975340093,18,1,3.0,3,-1480.1545950680174,90.0,22.0,3.0,0.0,0.0
p4-refinement-development-round-broad-p4-0014-05015274c22b60ec,4,broad,broad_joint,development,extreme,coverage,assumption__radius_max__noise_extreme__scale_150,broad_or_stress_assumption,True,True,current,True,0,-1499.803464999999,-1499.803464999999,13.37058407308683,11217.187348,9717.383883,-7789.017316768841,18,-18,-54.0,3,-1557.8034633537673,90.0,22.0,-54.0,0.0,0.0
p4-refinement-development-round-broad-p4-0014-05015274c22b60ec,4,broad,broad_joint,development,extreme,local_cover,assumption__radius_max__noise_extreme__scale_150,broad_or_stress_assumption,True,True,current,True,0,73.17867800000022,73.17867800000022,-0.6523799213627989,11217.187348,11290.366026,185.89339141778328,0,12,36.0,0,37.17867828355702,0.0,0.0,36.0,0.0,0.0
p4-refinement-development-round-broad-p4-0015-6f3287cf8f197c49,4,broad,broad_joint,development,deterministic,combined_cover,assumption__radius_mixed__noise_deterministic__scale_150,broad_or_stress_assumption,True,True,current,True,0,-1929.1674190000003,-1929.1674190000003,19.815619201215846,9735.589887,7806.422468,-7760.837104863149,-60,-8,-24.0,0,-1552.1674209726298,-300.0,-53.0,-24.0,0.0,115.46223799999916
p4-refinement-development-round-broad-p4-0015-6f3287cf8f197c49,4,broad,broad_joint,development,deterministic,coverage,assumption__radius_mixed__noise_deterministic__scale_150,broad_or_stress_assumption,True,True,current,True,0,-1856.9311989999997,-1856.9311989999997,19.073638275165766,9735.589887,7878.658688,-7534.655995836747,-60,1,3.0,0,-1506.9311991673494,-300.0,-53.0,3.0,0.0,117.01409299999978
p4-refinement-development-round-broad-p4-0015-6f3287cf8f197c49,4,broad,broad_joint,development,deterministic,local_cover,assumption__radius_mixed__noise_deterministic__scale_150,broad_or_stress_assumption,True,True,current,True,0,-67.83204300000034,-67.83204300000034,0.6967430200667853,9735.589887,9667.757844,-219.16021447435196,0,-8,-24.0,0,-43.83204289487003,0.0,0.0,-24.0,0.0,0.0
p4-refinement-development-round-broad-p4-0016-898dac969689f0a4,4,broad,broad_joint,development,correlated,combined_cover,assumption__radius_mixed__noise_correlated__scale_150,broad_or_stress_assumption,True,True,current,True,0,64.2620879999995,64.2620879999995,-0.5797290104214149,11084.849446,11149.111534,-923.6895815065072,-43,168,504.0,-1,-184.73791630130108,-215.0,-40.0,504.0,0.0,0.0
p4-refinement-development-round-broad-p4-0016-898dac969689f0a4,4,broad,broad_joint,development,correlated,coverage,assumption__radius_mixed__noise_correlated__scale_150,broad_or_stress_assumption,True,True,current,True,0,-854.3557340000007,-854.3557340000007,7.707418473854847,11084.849446,10230.493712,-3551.7786892527874,-43,37,111.0,-1,-710.3557378505575,-215.0,-40.0,111.0,0.0,0.0
p4-refinement-development-round-broad-p4-0016-898dac969689f0a4,4,broad,broad_joint,development,correlated,local_cover,assumption__radius_mixed__noise_correlated__scale_150,broad_or_stress_assumption,True,True,current,True,0,493.089469999999,493.089469999999,-4.448319053877017,11084.849446,11577.938916,1445.4473497072686,0,68,204.0,0,289.089469941453,0.0,0.0,204.0,0.0,0.0
p4-refinement-development-round-broad-p4-0017-90e952bb17ff75b3,4,broad,broad_joint,development,extreme,combined_cover,assumption__radius_mixed__noise_extreme__scale_150,broad_or_stress_assumption,True,True,current,True,0,-2838.029490000001,-2838.029490000001,22.385782326229812,12677.821345,9839.791855,-10345.147461334505,-62,-134,-402.0,-1,-2069.0294922669,-310.0,-57.0,-402.0,0.0,-222.20290600000044
p4-refinement-development-round-broad-p4-0017-90e952bb17ff75b3,4,broad,broad_joint,development,extreme,coverage,assumption__radius_mixed__noise_extreme__scale_150,broad_or_stress_assumption,True,True,current,True,0,-3121.0235709999997,-3121.0235709999997,24.617980377447886,12677.821345,9556.797774,-11130.11785766061,-62,-176,-528.0,-1,-2226.0235715321214,-310.0,-57.0,-528.0,0.0,-221.90242399999988
p4-refinement-development-round-broad-p4-0017-90e952bb17ff75b3,4,broad,broad_joint,development,extreme,local_cover,assumption__radius_mixed__noise_extreme__scale_150,broad_or_stress_assumption,True,True,current,True,0,-1535.7661210000006,-1535.7661210000006,12.11380156895562,12677.821345,11142.055224,-5548.830588203171,0,-142,-426.0,0,-1109.7661176406327,0.0,0.0,-426.0,0.0,2.0422859999998764
p4-refinement-development-round-broad-p4-0018-67ad7d1b23db08e8,4,broad,broad_joint,development,deterministic,combined_cover,assumption__radius_min__noise_deterministic__scale_300,broad_or_stress_assumption,True,True,current,True,0,-1790.0278670000007,-1790.0278670000007,17.07251836159965,10484.849564,8694.821697,-8620.139326630597,-9,-6,-18.0,0,-1724.0278653261194,-45.0,-3.0,-18.0,0.0,0.0
p4-refinement-development-round-broad-p4-0018-67ad7d1b23db08e8,4,broad,broad_joint,development,deterministic,coverage,assumption__radius_min__noise_deterministic__scale_300,broad_or_stress_assumption,True,True,current,True,0,-1634.1911770000006,-1634.1911770000006,15.58621482382578,10484.849564,8850.658387,-8080.955884912648,-9,10,30.0,0,-1616.1911769825301,-45.0,-3.0,30.0,0.0,0.0
p4-refinement-development-round-broad-p4-0018-67ad7d1b23db08e8,4,broad,broad_joint,development,deterministic,local_cover,assumption__radius_min__noise_deterministic__scale_300,broad_or_stress_assumption,True,True,current,True,0,-109.55234100000052,-109.55234100000052,1.04486326037668,10484.849564,10375.297223,-352.7616839574839,0,-13,-39.0,0,-70.55233679149751,0.0,0.0,-39.0,0.0,0.0
p4-refinement-development-round-broad-p4-0019-79860aeb13388544,4,broad,broad_joint,development,correlated,combined_cover,assumption__radius_min__noise_correlated__scale_300,broad_or_stress_assumption,True,True,current,True,0,-2077.020928,-2077.020928,20.495398702257216,10134.084036,8057.063108,-9170.10463864501,-25,-33,-99.0,-1,-1834.0209277290023,-125.0,-19.0,-99.0,0.0,1001.406602
p4-refinement-development-round-broad-p4-0019-79860aeb13388544,4,broad,broad_joint,development,correlated,coverage,assumption__radius_min__noise_correlated__scale_300,broad_or_stress_assumption,True,True,current,True,0,-1845.0750549999993,-1845.0750549999993,18.206628723874925,10134.084036,8289.008981,-8430.375266492825,-25,-5,-15.0,-1,-1686.0750532985658,-125.0,-19.0,-15.0,0.0,1001.4066020000009
p4-refinement-development-round-broad-p4-0019-79860aeb13388544,4,broad,broad_joint,development,correlated,local_cover,assumption__radius_min__noise_correlated__scale_300,broad_or_stress_assumption,True,True,current,True,0,-211.53189100000054,-211.53189100000054,2.087331131738807,10134.084036,9922.552145,-682.6594419086323,0,-25,-75.0,0,-136.53188838172719,0.0,0.0,-75.0,0.0,0.0
p4-refinement-development-round-broad-p4-0020-dc3379467556eed5,4,broad,broad_joint,development,extreme,combined_cover,assumption__radius_min__noise_extreme__scale_300,broad_or_stress_assumption,True,True,current,True,0,-1929.5631219999996,-1929.5631219999996,17.705325477378846,10898.207573,8968.644451,-8432.81560725849,-43,3,9.0,-3,-1686.563121451697,-215.0,-37.0,9.0,0.0,0.0
p4-refinement-development-round-broad-p4-0020-dc3379467556eed5,4,broad,broad_joint,development,extreme,coverage,assumption__radius_min__noise_extreme__scale_300,broad_or_stress_assumption,True,True,current,True,0,-1545.054129,-1545.054129,14.17713985213337,10898.207573,9353.153444,-6990.2706567955975,-43,35,105.0,-3,-1398.0541313591184,-215.0,-37.0,105.0,0.0,0.0
p4-refinement-development-round-broad-p4-0020-dc3379467556eed5,4,broad,broad_joint,development,extreme,local_cover,assumption__radius_min__noise_extreme__scale_300,broad_or_stress_assumption,True,True,current,True,0,488.9898009999997,488.9898009999997,-4.486882799071088,10898.207573,11387.197374,1424.9489934334706,0,68,204.0,0,284.9897986866945,0.0,0.0,204.0,0.0,0.0
p4-refinement-development-round-broad-p4-0021-ca0d19d12f13e9c4,4,broad,broad_joint,development,deterministic,combined_cover,assumption__radius_max__noise_deterministic__scale_300,broad_or_stress_assumption,True,True,current,True,0,-3769.7455310000005,-3769.7455310000005,32.4153036811774,11629.52403,7859.778499,-17218.727655824903,-27,-58,-174.0,3,-3443.74553116498,-135.0,-17.0,-174.0,0.0,0.0
p4-refinement-development-round-broad-p4-0021-ca0d19d12f13e9c4,4,broad,broad_joint,development,deterministic,coverage,assumption__radius_max__noise_deterministic__scale_300,broad_or_stress_assumption,True,True,current,True,0,-3510.8783470000008,-3510.8783470000008,30.189355453784643,11629.52403,8118.645683,-16329.391743256376,-27,-31,-93.0,3,-3265.878348651275,-135.0,-17.0,-93.0,0.0,0.0
p4-refinement-development-round-broad-p4-0021-ca0d19d12f13e9c4,4,broad,broad_joint,development,deterministic,local_cover,assumption__radius_max__noise_deterministic__scale_300,broad_or_stress_assumption,True,True,current,True,0,-496.194109,-496.194109,4.266675985362747,11629.52403,11133.329921,-1550.9705288272671,0,-62,-186.0,0,-310.19410576545306,0.0,0.0,-186.0,0.0,0.0
p4-refinement-development-round-broad-p4-0022-dc5091e9a1f7dc97,4,broad,broad_joint,development,correlated,combined_cover,assumption__radius_max__noise_correlated__scale_300,broad_or_stress_assumption,True,True,current,True,0,-2326.606056999999,-2326.606056999999,20.167965532868458,11536.146535,9209.540478,-10148.030295135388,-71,41,123.0,1,-2029.6060590270772,-355.0,-65.0,123.0,0.0,1096.0818820000004
p4-refinement-development-round-broad-p4-0022-dc5091e9a1f7dc97,4,broad,broad_joint,development,correlated,coverage,assumption__radius_max__noise_correlated__scale_300,broad_or_stress_assumption,True,True,current,True,0,-1656.0157770000005,-1656.0157770000005,14.355016833183807,11536.146535,9880.130758,-7545.078887546137,-71,91,273.0,1,-1509.0157775092266,-355.0,-65.0,273.0,0.0,1093.5615079999989
p4-refinement-development-round-broad-p4-0022-dc5091e9a1f7dc97,4,broad,broad_joint,development,correlated,local_cover,assumption__radius_max__noise_correlated__scale_300,broad_or_stress_assumption,True,True,current,True,0,388.51844899999924,388.51844899999924,-3.3678355924247043,11536.146535,11924.664984,1102.5922468851568,0,56,168.0,1,220.51844937703208,0.0,0.0,168.0,0.0,0.0
p4-refinement-development-round-broad-p4-0023-20edba3f897de0cd,4,broad,broad_joint,development,extreme,combined_cover,assumption__radius_max__noise_extreme__scale_300,broad_or_stress_assumption,True,True,current,True,0,-1322.200359999999,-1322.200359999999,13.122081075760791,10076.148382,8753.948022,-3761.001810997215,-65,-61,-183.0,4,-752.2003621994427,-325.0,-62.0,-183.0,0.0,-211.3121119999987
p4-refinement-development-round-broad-p4-0023-20edba3f897de0cd,4,broad,broad_joint,development,extreme,coverage,assumption__radius_max__noise_extreme__scale_300,broad_or_stress_assumption,True,True,current,True,0,-1256.3542529999995,-1256.3542529999995,12.468596187451416,10076.148382,8819.794129,-3536.771280836969,-65,-54,-162.0,4,-707.354256167393,-325.0,-62.0,-162.0,0.0,-211.56802499999867
p4-refinement-development-round-broad-p4-0023-20edba3f897de0cd,4,broad,broad_joint,development,extreme,local_cover,assumption__radius_max__noise_extreme__scale_300,broad_or_stress_assumption,True,True,current,True,0,-381.10902799999894,-381.10902799999894,3.7822887630437334,10076.148382,9695.039354,-1230.5451475197115,0,-45,-135.0,0,-246.1090295039421,0.0,0.0,-135.0,0.0,1.8189894035458565e-12
p4-refinement-development-round-broad-p4-0024-d581d1b171fbf153,4,broad,broad_joint,development,deterministic,combined_cover,assumption__radius_mixed__noise_deterministic__scale_300,broad_or_stress_assumption,True,True,current,True,0,-1563.2143930000002,-1563.2143930000002,14.707764820364012,10628.497342,9065.282949,-5201.071957321976,-85,-6,-18.0,0,-1040.2143914643948,-425.0,-80.0,-18.0,0.0,-1249.5332429999999
p4-refinement-development-round-broad-p4-0024-d581d1b171fbf153,4,broad,broad_joint,development,deterministic,coverage,assumption__radius_mixed__noise_deterministic__scale_300,broad_or_stress_assumption,True,True,current,True,0,-1570.2688290000006,-1570.2688290000006,14.77413766473707,10628.497342,9058.228513,-5056.344142122602,-85,-18,-54.0,0,-1011.2688284245205,-425.0,-80.0,-54.0,0.0,-1249.5332429999999
p4-refinement-development-round-broad-p4-0024-d581d1b171fbf153,4,broad,broad_joint,development,deterministic,local_cover,assumption__radius_mixed__noise_deterministic__scale_300,broad_or_stress_assumption,True,True,current,True,0,-492.1279680000007,-492.1279680000007,4.630268533401122,10628.497342,10136.369374,-1785.6398257939072,0,-45,-135.0,0,-357.1279651587811,0.0,0.0,-135.0,0.0,0.6046089999999822
p4-refinement-development-round-broad-p4-0025-9dd3ace5833ace78,4,broad,broad_joint,development,correlated,combined_cover,assumption__radius_mixed__noise_correlated__scale_300,broad_or_stress_assumption,True,True,current,True,0,2843.6013840000005,2843.6013840000005,-35.65083742134597,7976.254107,10819.855491,11418.00692586007,45,99,297.0,1,2283.6013851720145,225.0,38.0,297.0,0.0,0.0
p4-refinement-development-round-broad-p4-0025-9dd3ace5833ace78,4,broad,broad_joint,development,correlated,coverage,assumption__radius_mixed__noise_correlated__scale_300,broad_or_stress_assumption,True,True,current,True,0,2489.0379760000005,2489.0379760000005,-31.205600305732595,7976.254107,10465.292083,10725.189885574517,45,27,81.0,1,2145.0379771149037,225.0,38.0,81.0,0.0,0.0
p4-refinement-development-round-broad-p4-0025-9dd3ace5833ace78,4,broad,broad_joint,development,correlated,local_cover,assumption__radius_mixed__noise_correlated__scale_300,broad_or_stress_assumption,True,True,current,True,0,-175.75229599999966,-175.75229599999966,2.2034440433104883,7976.254107,7800.501811,-878.7614774546164,0,0,0.0,0,-175.75229549092273,0.0,0.0,0.0,0.0,0.0
p4-refinement-development-round-broad-p4-0026-e1656480d6ddcdde,4,broad,broad_joint,development,extreme,combined_cover,assumption__radius_mixed__noise_extreme__scale_300,broad_or_stress_assumption,True,True,current,True,0,-1597.0107169999992,-1597.0107169999992,14.59293241861211,10943.727218,9346.716501,-5580.053573710662,-83,4,12.0,1,-1116.0107147421322,-415.0,-78.0,12.0,0.0,0.0
p4-refinement-development-round-broad-p4-0026-e1656480d6ddcdde,4,broad,broad_joint,development,extreme,coverage,assumption__radius_mixed__noise_extreme__scale_300,broad_or_stress_assumption,True,True,current,True,0,-1923.1790079999992,-1923.1790079999992,17.573345622474918,10943.727218,9020.54821,-6550.89503622667,-83,-40,-120.0,1,-1310.179007245334,-415.0,-78.0,-120.0,0.0,0.0
p4-refinement-development-round-broad-p4-0026-e1656480d6ddcdde,4,broad,broad_joint,development,extreme,local_cover,assumption__radius_mixed__noise_extreme__scale_300,broad_or_stress_assumption,True,True,current,True,0,-337.70246699999916,-337.70246699999916,3.0858085209265234,10943.727218,10606.024751,-1178.512320353795,0,-34,-102.0,0,-235.70246407075865,0.0,0.0,-102.0,0.0,0.0
p4-refinement-development-round-broad-p4-0027-f7f8a82bc1f37e40,4,broad,broad_joint,development,deterministic,combined_cover,assumption__radius_min__noise_deterministic__scale_75,broad_or_stress_assumption,True,True,current,True,0,-2331.9758299999994,-2331.9758299999994,18.82567462541571,12387.209895,10055.234065,-8749.87916077266,-49,-97,-291.0,0,-1749.9758321545323,-245.0,-46.0,-291.0,0.0,0.0
p4-refinement-development-round-broad-p4-0027-f7f8a82bc1f37e40,4,broad,broad_joint,development,deterministic,coverage,assumption__radius_min__noise_deterministic__scale_75,broad_or_stress_assumption,True,True,current,True,0,-2070.913256,-2070.913256,16.718157466887742,12387.209895,10316.296639,-7579.566296590965,-49,-88,-264.0,0,-1515.913259318193,-245.0,-46.0,-264.0,0.0,0.0
p4-refinement-development-round-broad-p4-0027-f7f8a82bc1f37e40,4,broad,broad_joint,development,deterministic,local_cover,assumption__radius_min__noise_deterministic__scale_75,broad_or_stress_assumption,True,True,current,True,0,-1785.9833780000008,-1785.9833780000008,14.417963311664712,12387.209895,10601.226517,-5794.916903062076,0,-209,-627.0,0,-1158.9833806124152,0.0,0.0,-627.0,0.0,0.0
p4-refinement-development-round-broad-p4-0028-a793224ab0962643,4,broad,broad_joint,development,correlated,combined_cover,assumption__radius_min__noise_correlated__scale_75,broad_or_stress_assumption,True,True,current,True,0,-1304.055785999999,-1304.055785999999,11.12579782142407,11721.009198,10416.953412,-6100.278941124372,-9,-12,-36.0,2,-1220.055788224875,-45.0,-3.0,-36.0,0.0,0.0
p4-refinement-development-round-broad-p4-0028-a793224ab0962643,4,broad,broad_joint,development,correlated,coverage,assumption__radius_min__noise_correlated__scale_75,broad_or_stress_assumption,True,True,current,True,0,-900.6415309999993,-900.6415309999993,7.683993040067567,11721.009198,10820.367667,-4563.207659460306,-9,20,60.0,2,-912.6415318920608,-45.0,-3.0,60.0,0.0,0.0
p4-refinement-development-round-broad-p4-0028-a793224ab0962643,4,broad,broad_joint,development,correlated,local_cover,assumption__radius_min__noise_correlated__scale_75,broad_or_stress_assumption,True,True,current,True,0,-814.5616730000002,-814.5616730000002,6.949586500955839,11721.009198,10906.447525,-2632.808357177615,0,-96,-288.0,0,-526.5616714355237,0.0,0.0,-288.0,0.0,0.0
p4-refinement-development-round-broad-p4-0029-1d3989d2496d6ea2,4,broad,broad_joint,development,extreme,combined_cover,assumption__radius_min__noise_extreme__scale_75,broad_or_stress_assumption,True,True,current,True,0,-1884.0324089999995,-1884.0324089999995,16.72983709856029,11261.510784,9377.478375,-7090.162036181202,-38,-82,-246.0,-2,-1418.03240723624,-190.0,-30.0,-246.0,0.0,0.0
p4-refinement-development-round-broad-p4-0029-1d3989d2496d6ea2,4,broad,broad_joint,development,extreme,coverage,assumption__radius_min__noise_extreme__scale_75,broad_or_stress_assumption,True,True,current,True,0,-1669.0060780000003,-1669.0060780000003,14.820445586850315,11261.510784,9592.504706,-6360.030385830738,-38,-59,-177.0,-2,-1272.0060771661474,-190.0,-30.0,-177.0,0.0,0.0
p4-refinement-development-round-broad-p4-0029-1d3989d2496d6ea2,4,broad,broad_joint,development,extreme,local_cover,assumption__radius_min__noise_extreme__scale_75,broad_or_stress_assumption,True,True,current,True,0,-622.8241300000009,-622.8241300000009,5.530555730452168,11261.510784,10638.686654,-2064.1206341473735,0,-70,-210.0,0,-412.82412682947506,0.0,0.0,-210.0,0.0,0.0
p4-refinement-development-round-broad-p4-0030-a1be557d2afef7fe,4,broad,broad_joint,development,deterministic,combined_cover,assumption__radius_max__noise_deterministic__scale_75,broad_or_stress_assumption,True,True,current,True,0,-1878.529987,-1878.529987,15.899161372108274,11815.27719,9936.747203,-8927.649959376475,-28,23,69.0,1,-1785.5299918752944,-140.0,-22.0,69.0,0.0,0.0
p4-refinement-development-round-broad-p4-0030-a1be557d2afef7fe,4,broad,broad_joint,development,deterministic,coverage,assumption__radius_max__noise_deterministic__scale_75,broad_or_stress_assumption,True,True,current,True,0,-2247.9399060000014,-2247.9399060000014,19.02570604016444,11815.27719,9567.337284,-10039.699554760176,-28,-26,-78.0,1,-2007.9399109520346,-140.0,-22.0,-78.0,0.0,0.0
p4-refinement-development-round-broad-p4-0030-a1be557d2afef7fe,4,broad,broad_joint,development,deterministic,local_cover,assumption__radius_max__noise_deterministic__scale_75,broad_or_stress_assumption,True,True,current,True,0,153.90998099999888,153.90998099999888,-1.3026353806600695,11815.27719,11969.187171,259.54990932598594,0,34,102.0,0,51.90998186519755,0.0,0.0,102.0,0.0,0.0
p4-refinement-development-round-broad-p4-0031-bd34cd207b9c3f03,4,broad,broad_joint,development,correlated,combined_cover,assumption__radius_max__noise_correlated__scale_75,broad_or_stress_assumption,True,True,current,True,0,-2758.3380100000013,-2758.3380100000013,23.81685433087372,11581.453922,8823.115912,-12876.69004012578,-35,6,18.0,-1,-2575.3380080251573,-175.0,-26.0,18.0,0.0,1203.9685359999994
p4-refinement-development-round-broad-p4-0031-bd34cd207b9c3f03,4,broad,broad_joint,development,correlated,coverage,assumption__radius_max__noise_correlated__scale_75,broad_or_stress_assumption,True,True,current,True,0,-2812.493249000001,-2812.493249000001,24.284457443269886,11581.453922,8768.960673,-13057.466247851218,-35,0,0.0,-1,-2611.493249570244,-175.0,-26.0,0.0,0.0,1203.4345399999993
p4-refinement-development-round-broad-p4-0031-bd34cd207b9c3f03,4,broad,broad_joint,development,correlated,local_cover,assumption__radius_max__noise_correlated__scale_75,broad_or_stress_assumption,True,True,current,True,0,356.7888320000002,356.7888320000002,-3.080691201665519,11581.453922,11938.242754,1123.9441681065218,0,44,132.0,0,224.78883362130364,0.0,0.0,132.0,0.0,0.0
p4-refinement-development-round-broad-p4-0032-ca24be6bf2b77d6c,4,broad,broad_joint,development,extreme,combined_cover,assumption__radius_max__noise_extreme__scale_75,broad_or_stress_assumption,True,True,current,True,0,-3241.4289880000015,-3241.4289880000015,24.47271153466199,13245.074962,10003.645974,-12702.144928293113,-65,-106,-318.0,0,-2540.428985658622,-325.0,-58.0,-318.0,0.0,0.0
p4-refinement-development-round-broad-p4-0032-ca24be6bf2b77d6c,4,broad,broad_joint,development,extreme,coverage,assumption__radius_max__noise_extreme__scale_75,broad_or_stress_assumption,True,True,current,True,0,-3181.5812750000005,-3181.5812750000005,24.020862729187478,13245.074962,10063.493687,-12477.906373385827,-65,-101,-303.0,0,-2495.581274677166,-325.0,-58.0,-303.0,0.0,0.0
p4-refinement-development-round-broad-p4-0032-ca24be6bf2b77d6c,4,broad,broad_joint,development,extreme,local_cover,assumption__radius_max__noise_extreme__scale_75,broad_or_stress_assumption,True,True,current,True,0,-695.4145950000002,-695.4145950000002,5.250363603038401,13245.074962,12549.660367,-2427.0729614898737,0,-70,-210.0,0,-485.4145922979751,0.0,0.0,-210.0,0.0,0.0
p4-refinement-development-round-broad-p4-0033-b45cd4141e7510be,4,broad,broad_joint,development,deterministic,combined_cover,assumption__radius_mixed__noise_deterministic__scale_75,broad_or_stress_assumption,True,True,current,True,0,997.2569629999998,997.2569629999998,-11.064244253834602,9013.331052,10010.588015,4036.284819260509,19,25,75.0,0,807.2569638521018,95.0,20.0,75.0,0.0,0.0
p4-refinement-development-round-broad-p4-0033-b45cd4141e7510be,4,broad,broad_joint,development,deterministic,coverage,assumption__radius_mixed__noise_deterministic__scale_75,broad_or_stress_assumption,True,True,current,True,0,1582.0289950000006,1582.0289950000006,-17.552101280568838,9013.331052,10595.360047,6135.144984334351,19,80,240.0,0,1227.0289968668703,95.0,20.0,240.0,0.0,0.0
p4-refinement-development-round-broad-p4-0033-b45cd4141e7510be,4,broad,broad_joint,development,deterministic,local_cover,assumption__radius_mixed__noise_deterministic__scale_75,broad_or_stress_assumption,True,True,current,True,0,275.0698229999998,275.0698229999998,-3.051810938853329,9013.331052,9288.400875,640.3491147489913,0,49,147.0,0,128.06982294979844,0.0,0.0,147.0,0.0,0.0
p4-refinement-development-round-broad-p4-0034-833f4933315206b9,4,broad,broad_joint,development,correlated,combined_cover,assumption__radius_mixed__noise_correlated__scale_75,broad_or_stress_assumption,True,True,current,True,0,691.4247300000006,691.4247300000006,-7.864038892689373,8792.234365,9483.659095,3817.1236747932853,-12,0,0.0,-1,763.4247349586576,-60.0,-12.0,0.0,0.0,0.0
p4-refinement-development-round-broad-p4-0034-833f4933315206b9,4,broad,broad_joint,development,correlated,coverage,assumption__radius_mixed__noise_correlated__scale_75,broad_or_stress_assumption,True,True,current,True,0,792.4413559999994,792.4413559999994,-9.012968980382716,8792.234365,9584.675721,4032.2067914229556,-12,19,57.0,-1,806.4413582845909,-60.0,-11.0,57.0,0.0,0.0
p4-refinement-development-round-broad-p4-0034-833f4933315206b9,4,broad,broad_joint,development,correlated,local_cover,assumption__radius_mixed__noise_correlated__scale_75,broad_or_stress_assumption,True,True,current,True,0,-179.76193899999998,-179.76193899999998,2.0445535405151816,8792.234365,8612.472426,-583.8096877221105,0,-21,-63.0,0,-116.76193754442193,0.0,0.0,-63.0,0.0,0.0
p4-refinement-development-round-broad-p4-0035-94077457284bff31,4,broad,broad_joint,development,extreme,combined_cover,assumption__radius_mixed__noise_extreme__scale_75,broad_or_stress_assumption,True,True,current,True,0,-2090.265794000001,-2090.265794000001,20.122430834976047,10387.739986,8297.474192,-8696.328964016117,-51,-17,-51.0,-2,-1739.265792803224,-255.0,-45.0,-51.0,0.0,0.0
p4-refinement-development-round-broad-p4-0035-94077457284bff31,4,broad,broad_joint,development,extreme,coverage,assumption__radius_mixed__noise_extreme__scale_75,broad_or_stress_assumption,True,True,current,True,0,-2086.9576940000006,-2086.9576940000006,20.09058463932176,10387.739986,8300.782292,-8679.788469526211,-51,-17,-51.0,-2,-1735.9576939052422,-255.0,-45.0,-51.0,0.0,0.0
p4-refinement-development-round-broad-p4-0035-94077457284bff31,4,broad,broad_joint,development,extreme,local_cover,assumption__radius_mixed__noise_extreme__scale_75,broad_or_stress_assumption,True,True,current,True,0,-15.865454000000682,-15.865454000000682,0.15273249062243788,10387.739986,10371.874532,-124.3272711171885,0,3,9.0,0,-24.865454223438064,0.0,0.0,9.0,0.0,0.0
p4-refinement-development-round-broad-p4-0036-6e67936bd846bbcb,4,broad,broad_joint,development,deterministic,combined_cover,assumption__radius_min__noise_deterministic__scale_150,broad_or_stress_assumption,True,True,current,True,0,-1598.1660260000008,-1598.1660260000008,15.541580519042721,10283.162797,8684.996771,-5065.830116987854,-85,-27,-81.0,-1,-1013.1660233975708,-425.0,-79.0,-81.0,0.0,0.0
p4-refinement-development-round-broad-p4-0036-6e67936bd846bbcb,4,broad,broad_joint,development,deterministic,coverage,assumption__radius_min__noise_deterministic__scale_150,broad_or_stress_assumption,True,True,current,True,0,-1026.0794590000005,-1026.0794590000005,9.978247736186262,10283.162797,9257.083338,-3240.3972844338496,-85,42,126.0,-1,-648.0794568867705,-425.0,-79.0,126.0,0.0,0.0
p4-refinement-development-round-broad-p4-0036-6e67936bd846bbcb,4,broad,broad_joint,development,deterministic,local_cover,assumption__radius_min__noise_deterministic__scale_150,broad_or_stress_assumption,True,True,current,True,0,-305.15366500000164,-305.15366500000164,2.967507867219868,10283.162797,9978.009132,-1030.7683069930426,0,-33,-99.0,0,-206.15366139860907,0.0,0.0,-99.0,0.0,0.0
p4-refinement-development-round-broad-p4-0037-ea21a8cc8023a79b,4,broad,broad_joint,development,correlated,combined_cover,assumption__radius_min__noise_correlated__scale_150,broad_or_stress_assumption,True,True,current,True,0,-1673.481260999999,-1673.481260999999,17.570354255338927,9524.45942,7850.978159,-6747.406313175077,-54,-2,-6.0,2,-1349.4812626350158,-270.0,-48.0,-6.0,0.0,0.0
p4-refinement-development-round-broad-p4-0037-ea21a8cc8023a79b,4,broad,broad_joint,development,correlated,coverage,assumption__radius_min__noise_correlated__scale_150,broad_or_stress_assumption,True,True,current,True,0,-1604.8407559999996,-1604.8407559999996,16.84967813112904,9524.45942,7919.618664,-6539.203795693702,-54,7,21.0,2,-1307.8407591387404,-270.0,-48.0,21.0,0.0,0.0
p4-refinement-development-round-broad-p4-0037-ea21a8cc8023a79b,4,broad,broad_joint,development,correlated,local_cover,assumption__radius_min__noise_correlated__scale_150,broad_or_stress_assumption,True,True,current,True,0,-136.15434299999833,-136.15434299999833,1.4295230521334759,9524.45942,9388.305077,-440.7717179750034,0,-16,-48.0,0,-88.15434359500068,0.0,0.0,-48.0,0.0,0.0
p4-refinement-development-round-broad-p4-0038-faeb4863f2c1edae,4,broad,broad_joint,development,extreme,combined_cover,assumption__radius_min__noise_extreme__scale_150,broad_or_stress_assumption,True,True,current,True,0,-594.8512820000014,-594.8512820000014,5.644801230097719,10538.037705,9943.186423,-6064.256420417318,17,169,507.0,1,-1212.8512840834646,85.0,26.0,507.0,0.0,0.0
p4-refinement-development-round-broad-p4-0038-faeb4863f2c1edae,4,broad,broad_joint,development,extreme,coverage,assumption__radius_min__noise_extreme__scale_150,broad_or_stress_assumption,True,True,current,True,0,104.19744799999899,104.19744799999899,-0.9887746743453029,10538.037705,10642.235153,-3739.012787337757,17,247,741.0,1,-747.8025574675521,85.0,26.0,741.0,0.0,0.0
p4-refinement-development-round-broad-p4-0038-faeb4863f2c1edae,4,broad,broad_joint,development,extreme,local_cover,assumption__radius_min__noise_extreme__scale_150,broad_or_stress_assumption,True,True,current,True,0,312.70559799999864,312.70559799999864,-2.967398739251319,10538.037705,10850.743303,1068.5280066134583,0,33,99.0,0,213.7056013226902,0.0,0.0,99.0,0.0,0.0
p4-refinement-development-round-broad-p4-0039-21295b1225d632e4,4,broad,broad_joint,development,deterministic,combined_cover,assumption__radius_max__noise_deterministic__scale_150,broad_or_stress_assumption,True,True,current,True,0,-670.8539019999989,-670.8539019999989,6.38015493927792,10514.696091,9843.842189,-2949.2695139824136,-36,43,129.0,0,-589.8539027964835,-180.0,-30.0,129.0,0.0,0.0
p4-refinement-development-round-broad-p4-0039-21295b1225d632e4,4,broad,broad_joint,development,deterministic,coverage,assumption__radius_max__noise_deterministic__scale_150,broad_or_stress_assumption,True,True,current,True,0,-842.4761610000005,-842.4761610000005,8.012368153190025,10514.696091,9672.21993,-3282.3808071001404,-36,8,24.0,0,-656.4761614200288,-180.0,-30.0,24.0,0.0,0.0
p4-refinement-development-round-broad-p4-0039-21295b1225d632e4,4,broad,broad_joint,development,deterministic,local_cover,assumption__radius_max__noise_deterministic__scale_150,broad_or_stress_assumption,True,True,current,True,0,182.67619399999967,182.67619399999967,-1.7373416446754026,10514.696091,10697.372285,613.3809671666022,0,20,60.0,0,122.67619343331899,0.0,0.0,60.0,0.0,0.0
p4-refinement-development-round-broad-p4-0040-96ac1717bb63618a,4,broad,broad_joint,development,correlated,combined_cover,assumption__radius_max__noise_correlated__scale_150,broad_or_stress_assumption,True,True,current,True,0,-1534.7824660000006,-1534.7824660000006,15.017003728995741,10220.297562,8685.515096,-5818.912335010005,-69,12,36.0,2,-1163.7824670020009,-345.0,-62.0,36.0,0.0,1942.351067999999
p4-refinement-development-round-broad-p4-0040-96ac1717bb63618a,4,broad,broad_joint,development,correlated,coverage,assumption__radius_max__noise_correlated__scale_150,broad_or_stress_assumption,True,True,current,True,0,-1491.2312060000004,-1491.2312060000004,14.590878562523796,10220.297562,8729.066356,-5691.156050638048,-69,18,54.0,2,-1138.2312101276102,-345.0,-62.0,54.0,0.0,1939.5298189999994
p4-refinement-development-round-broad-p4-0040-96ac1717bb63618a,4,broad,broad_joint,development,correlated,local_cover,assumption__radius_max__noise_correlated__scale_150,broad_or_stress_assumption,True,True,current,True,0,-35.78286999999909,-35.78286999999909,0.3501157357007204,10220.297562,10184.514692,-118.91434273123014,0,-4,-12.0,0,-23.78286854624639,0.0,0.0,-12.0,0.0,0.0
p4-refinement-development-round-broad-p4-0041-1f3e197dc879890d,4,broad,broad_joint,development,extreme,combined_cover,assumption__radius_max__noise_extreme__scale_150,broad_or_stress_assumption,True,True,current,True,0,-1163.2992409999988,-1163.2992409999988,11.304473327670447,10290.609808,9127.310567,-4456.496215934691,-42,-8,-24.0,0,-891.2992431869379,-210.0,-38.0,-24.0,0.0,629.181101000002
p4-refinement-development-round-broad-p4-0041-1f3e197dc879890d,4,broad,broad_joint,development,extreme,coverage,assumption__radius_max__noise_extreme__scale_150,broad_or_stress_assumption,True,True,current,True,0,-1161.844583,-1161.844583,11.290337547312046,10290.609808,9128.765225,-4389.222934969272,-42,-12,-36.0,0,-877.8445869938541,-210.0,-38.0,-36.0,0.0,629.6383930000011
p4-refinement-development-round-broad-p4-0041-1f3e197dc879890d,4,broad,broad_joint,development,extreme,local_cover,assumption__radius_max__noise_extreme__scale_150,broad_or_stress_assumption,True,True,current,True,0,-348.3467709999986,-348.3467709999986,3.385093570734663,10290.609808,9942.263037,-1156.733853427264,0,-39,-117.0,0,-231.3467706854526,0.0,0.0,-117.0,0.0,0.05699100000128965
p4-refinement-development-round-broad-p4-0042-b9fcf0e3a4dbe0de,4,broad,broad_joint,development,deterministic,combined_cover,assumption__radius_mixed__noise_deterministic__scale_150,broad_or_stress_assumption,True,True,current,True,0,-1906.7213039999988,-1906.7213039999988,17.526345806255936,10879.171991,8972.450687,-8308.60653398637,-22,-40,-120.0,1,-1661.7213067972743,-110.0,-15.0,-120.0,0.0,-1354.4006419999987
p4-refinement-development-round-broad-p4-0042-b9fcf0e3a4dbe0de,4,broad,broad_joint,development,deterministic,coverage,assumption__radius_mixed__noise_deterministic__scale_150,broad_or_stress_assumption,True,True,current,True,0,-1467.5381039999993,-1467.5381039999993,13.489428287502468,10879.171991,9411.633887,-6727.690532702138,-22,1,3.0,1,-1345.5381065404272,-110.0,-15.0,3.0,0.0,-1352.3508349999993
p4-refinement-development-round-broad-p4-0042-b9fcf0e3a4dbe0de,4,broad,broad_joint,development,deterministic,local_cover,assumption__radius_mixed__noise_deterministic__scale_150,broad_or_stress_assumption,True,True,current,True,0,-305.8635089999989,-305.8635089999989,2.8114594497911263,10879.171991,10573.308482,-1019.3175501862497,0,-34,-102.0,0,-203.8635100372503,0.0,0.0,-102.0,0.0,-3.2580629999993107
p4-refinement-development-round-broad-p4-0043-d8905b9741d01173,4,broad,broad_joint,development,correlated,combined_cover,assumption__radius_mixed__noise_correlated__scale_150,broad_or_stress_assumption,True,True,current,True,0,-713.2444890000006,-713.2444890000006,6.5629361121995995,10867.765232,10154.520743,-5026.222458550044,4,88,264.0,1,-1005.2444917100083,20.0,8.0,264.0,0.0,0.0
p4-refinement-development-round-broad-p4-0043-d8905b9741d01173,4,broad,broad_joint,development,correlated,coverage,assumption__radius_mixed__noise_correlated__scale_150,broad_or_stress_assumption,True,True,current,True,0,-544.7345449999993,-544.7345449999993,5.012387858692744,10867.765232,10323.030687,-4213.672747895747,4,90,270.0,1,-842.7345495791487,20.0,8.0,270.0,0.0,0.0
p4-refinement-development-round-broad-p4-0043-d8905b9741d01173,4,broad,broad_joint,development,correlated,local_cover,assumption__radius_mixed__noise_correlated__scale_150,broad_or_stress_assumption,True,True,current,True,0,481.38917200000105,481.38917200000105,-4.429513903949237,10867.765232,11349.154404,1401.9458586057444,0,67,201.0,0,280.38917172115,0.0,0.0,201.0,0.0,0.0
p4-refinement-development-round-broad-p4-0044-08e3b9d2fbb276c6,4,broad,broad_joint,development,extreme,combined_cover,assumption__radius_mixed__noise_extreme__scale_150,broad_or_stress_assumption,True,True,current,True,0,-2116.285694,-2116.285694,20.40446003345616,10371.681929,8255.396235,-9686.42848700023,-32,2,6.0,0,-1937.285697400046,-160.0,-25.0,6.0,0.0,0.0
p4-refinement-development-round-broad-p4-0044-08e3b9d2fbb276c6,4,broad,broad_joint,development,extreme,coverage,assumption__radius_mixed__noise_extreme__scale_150,broad_or_stress_assumption,True,True,current,True,0,-2011.850684000001,-2011.850684000001,19.397535498796156,10371.681929,8359.831245,-9299.253452403806,-32,11,33.0,0,-1859.850690480761,-160.0,-25.0,33.0,0.0,0.0
p4-refinement-development-round-broad-p4-0044-08e3b9d2fbb276c6,4,broad,broad_joint,development,extreme,local_cover,assumption__radius_mixed__noise_extreme__scale_150,broad_or_stress_assumption,True,True,current,True,0,-77.08141799999976,-77.08141799999976,0.743191109481234,10371.681929,10294.600511,-235.40709676874394,0,-10,-30.0,0,-47.08141935374806,0.0,0.0,-30.0,0.0,0.0
p4-refinement-development-round-broad-p4-0045-38ea313992f99530,4,broad,broad_joint,development,deterministic,combined_cover,assumption__radius_min__noise_deterministic__scale_300,broad_or_stress_assumption,True,True,current,True,0,-2473.968128999999,-2473.968128999999,20.21802662340659,12236.447083,9762.478954,-10154.840623445205,-34,-82,-246.0,-3,-2030.9681246890414,-170.0,-27.0,-246.0,0.0,0.0
p4-refinement-development-round-broad-p4-0045-38ea313992f99530,4,broad,broad_joint,development,deterministic,coverage,assumption__radius_min__noise_deterministic__scale_300,broad_or_stress_assumption,True,True,current,True,0,-2340.6717259999987,-2340.6717259999987,19.12868751953233,12236.447083,9895.775357,-9488.358629393253,-34,-82,-246.0,-3,-1897.6717258786512,-170.0,-27.0,-246.0,0.0,0.0
p4-refinement-development-round-broad-p4-0045-38ea313992f99530,4,broad,broad_joint,development,deterministic,local_cover,assumption__radius_min__noise_deterministic__scale_300,broad_or_stress_assumption,True,True,current,True,0,154.5884960000003,154.5884960000003,-1.26334462079903,12236.447083,12391.035579,352.9424876017729,0,28,84.0,0,70.58849752035349,0.0,0.0,84.0,0.0,0.0
p4-refinement-development-round-broad-p4-0046-363e05aba7b7864b,4,broad,broad_joint,development,correlated,combined_cover,assumption__radius_min__noise_correlated__scale_300,broad_or_stress_assumption,True,True,current,True,0,-1084.6516530000008,-1084.6516530000008,11.649949291306005,9310.355143,8225.70349,-2868.2582663831454,-78,-16,-48.0,0,-573.6516532766291,-390.0,-73.0,-48.0,0.0,-841.6672360000011
p4-refinement-development-round-broad-p4-0046-363e05aba7b7864b,4,broad,broad_joint,development,correlated,coverage,assumption__radius_min__noise_correlated__scale_300,broad_or_stress_assumption,True,True,current,True,0,-1024.61348,-1024.61348,11.005095555032147,9310.355143,8285.741663,-2688.0674035301745,-78,-8,-24.0,0,-537.6134807060353,-390.0,-73.0,-24.0,0.0,-841.6672360000011
p4-refinement-development-round-broad-p4-0046-363e05aba7b7864b,4,broad,broad_joint,development,correlated,local_cover,assumption__radius_min__noise_correlated__scale_300,broad_or_stress_assumption,True,True,current,True,0,-79.06313200000113,-79.06313200000113,0.8491956620950687,9310.355143,9231.292011,-200.3156518244723,0,-13,-39.0,0,-40.06313036489519,0.0,0.0,-39.0,0.0,-1.8189894035458565e-12
p4-refinement-development-round-broad-p4-0047-89ca08d08dc560fe,4,broad,broad_joint,development,extreme,combined_cover,assumption__radius_min__noise_extreme__scale_300,broad_or_stress_assumption,True,True,current,True,0,-2537.983478,-2537.983478,23.399492434506932,10846.318505,8308.335027,-11529.917402327868,-2,-76,-228.0,-1,-2305.983480465574,-10.0,6.0,-228.0,0.0,407.7868479999988
p4-refinement-development-round-broad-p4-0047-89ca08d08dc560fe,4,broad,broad_joint,development,extreme,coverage,assumption__radius_min__noise_extreme__scale_300,broad_or_stress_assumption,True,True,current,True,0,-1825.7747139999992,-1825.7747139999992,16.83312833896905,10846.318505,9020.543791,-9168.873596603873,-2,4,12.0,-1,-1833.7747193207751,-10.0,6.0,12.0,0.0,407.78684799999974
p4-refinement-development-round-broad-p4-0047-89ca08d08dc560fe,4,broad,broad_joint,development,extreme,local_cover,assumption__radius_min__noise_extreme__scale_300,broad_or_stress_assumption,True,True,current,True,0,-53.16140899999846,-53.16140899999846,0.4901332094893931,10846.318505,10793.157096,-130.80705350290373,0,-9,-27.0,-1,-26.161410700580745,0.0,0.0,-27.0,0.0,0.0
p4-refinement-development-round-broad-p4-0048-d07d0a3ae8cec724,4,broad,broad_joint,development,deterministic,combined_cover,assumption__radius_max__noise_deterministic__scale_300,broad_or_stress_assumption,True,True,current,True,0,-4169.401302,-4169.401302,30.18486456728565,13812.887226,9643.485924,-17837.006480739787,-6,-191,-573.0,-1,-3567.4012961479566,-30.0,1.0,-573.0,0.0,0.0
p4-refinement-development-round-broad-p4-0048-d07d0a3ae8cec724,4,broad,broad_joint,development,deterministic,coverage,assumption__radius_max__noise_deterministic__scale_300,broad_or_stress_assumption,True,True,current,True,0,-3925.6432940000013,-3925.6432940000013,28.420150181279713,13812.887226,9887.243932,-16933.216454111694,-6,-170,-510.0,-1,-3386.6432908223387,-30.0,1.0,-510.0,0.0,0.0
p4-refinement-development-round-broad-p4-0048-d07d0a3ae8cec724,4,broad,broad_joint,development,deterministic,local_cover,assumption__radius_max__noise_deterministic__scale_300,broad_or_stress_assumption,True,True,current,True,0,-606.7217430000001,-606.7217430000001,4.392432465950837,13812.887226,13206.165483,-2478.6087069966525,0,-37,-111.0,0,-495.7217413993294,0.0,0.0,-111.0,0.0,0.0
p4-refinement-development-round-broad-p4-0049-29de4fa664a315f2,4,broad,broad_joint,development,correlated,combined_cover,assumption__radius_max__noise_correlated__scale_300,broad_or_stress_assumption,True,True,current,True,0,-1786.3572480000003,-1786.3572480000003,17.87411717422141,9994.100579,8207.743331,-7651.786242901941,-44,0,0.0,2,-1530.3572485803888,-220.0,-36.0,0.0,0.0,-2214.6296030000003
p4-refinement-development-round-broad-p4-0049-29de4fa664a315f2,4,broad,broad_joint,development,correlated,coverage,assumption__radius_max__noise_correlated__scale_300,broad_or_stress_assumption,True,True,current,True,0,-1627.0061339999993,-1627.0061339999993,16.279665399993362,9994.100579,8367.094445,-7110.030680154618,-44,17,51.0,2,-1422.0061360309237,-220.0,-36.0,51.0,0.0,-2214.6296029999994
p4-refinement-development-round-broad-p4-0049-29de4fa664a315f2,4,broad,broad_joint,development,correlated,local_cover,assumption__radius_max__noise_correlated__scale_300,broad_or_stress_assumption,True,True,current,True,0,-66.03472099999999,-66.03472099999999,0.6607370065772078,9994.100579,9928.065858,-225.1736063659191,0,-7,-21.0,0,-45.034721273184005,0.0,0.0,-21.0,0.0,2.4213980000004085
p4-refinement-development-round-broad-p4-0050-3e50f2f8b1197212,4,broad,broad_joint,development,extreme,combined_cover,assumption__radius_max__noise_extreme__scale_300,broad_or_stress_assumption,True,True,current,True,0,-1936.3271810000006,-1936.3271810000006,18.8436664309011,10275.745371,8339.41819,-7441.635908216227,-65,-22,-66.0,1,-1488.3271816432452,-325.0,-57.0,-66.0,0.0,-2318.726995
p4-refinement-development-round-broad-p4-0050-3e50f2f8b1197212,4,broad,broad_joint,development,extreme,coverage,assumption__radius_max__noise_extreme__scale_300,broad_or_stress_assumption,True,True,current,True,0,-1905.5281670000004,-1905.5281670000004,18.543941078743963,10275.745371,8370.217204,-7332.640830494154,-65,-19,-57.0,1,-1466.5281660988312,-325.0,-57.0,-57.0,0.0,-2319.2892300000003
p4-refinement-development-round-broad-p4-0050-3e50f2f8b1197212,4,broad,broad_joint,development,extreme,local_cover,assumption__radius_max__noise_extreme__scale_300,broad_or_stress_assumption,True,True,current,True,0,58.14911799999936,58.14911799999936,-0.5658871050279878,10275.745371,10333.894489,230.74559412269446,0,4,12.0,1,46.14911882453907,0.0,0.0,12.0,0.0,-6.574314999999842
p4-refinement-development-round-broad-p4-0051-795e60ea3c0bb877,4,broad,broad_joint,development,deterministic,combined_cover,assumption__radius_mixed__noise_deterministic__scale_300,broad_or_stress_assumption,True,True,current,True,0,-2847.7621739999995,-2847.7621739999995,26.104590349869728,10909.04755,8061.285376,-11178.810883116475,-74,-58,-174.0,-1,-2235.762176623295,-370.0,-68.0,-174.0,0.0,0.0
p4-refinement-development-round-broad-p4-0051-795e60ea3c0bb877,4,broad,broad_joint,development,deterministic,coverage,assumption__radius_mixed__noise_deterministic__scale_300,broad_or_stress_assumption,True,True,current,True,0,-2685.068310999999,-2685.068310999999,24.613224011476593,10909.04755,8223.979239,-10620.341566811883,-74,-41,-123.0,-1,-2124.068313362376,-370.0,-68.0,-123.0,0.0,0.0
p4-refinement-development-round-broad-p4-0051-795e60ea3c0bb877,4,broad,broad_joint,development,deterministic,local_cover,assumption__radius_mixed__noise_deterministic__scale_300,broad_or_stress_assumption,True,True,current,True,0,-206.5177359999998,-206.5177359999998,1.893086770897793,10909.04755,10702.529814,-882.5886870559116,0,-10,-30.0,0,-176.51773741118268,0.0,0.0,-30.0,0.0,0.0
p4-refinement-development-round-broad-p4-0052-9a73c5a5e5b318f1,4,broad,broad_joint,development,correlated,combined_cover,assumption__radius_mixed__noise_correlated__scale_300,broad_or_stress_assumption,True,True,current,True,0,-2166.1328839999987,-2166.1328839999987,20.039916226028893,10809.091513,8642.958629,-9115.664423145568,-37,-43,-129.0,2,-1823.1328846291126,-185.0,-29.0,-129.0,0.0,-956.0150189999995
p4-refinement-development-round-broad-p4-0052-9a73c5a5e5b318f1,4,broad,broad_joint,development,correlated,coverage,assumption__radius_mixed__noise_correlated__scale_300,broad_or_stress_assumption,True,True,current,True,0,-1612.3101659999993,-1612.3101659999993,14.91624124063422,10809.091513,9196.781347,-7066.550846234808,-37,5,15.0,2,-1413.3101692469609,-185.0,-29.0,15.0,0.0,-959.7215809999998
p4-refinement-development-round-broad-p4-0052-9a73c5a5e5b318f1,4,broad,broad_joint,development,correlated,local_cover,assumption__radius_mixed__noise_correlated__scale_300,broad_or_stress_assumption,True,True,current,True,0,-273.51480099999935,-273.51480099999935,2.530414333813767,10809.091513,10535.576712,-1052.5740068741434,0,-21,-63.0,0,-210.51480137482758,0.0,0.0,-63.0,0.0,-1.1062390000006417
p4-refinement-development-round-broad-p4-0053-4714bf22dc1c1844,4,broad,broad_joint,development,extreme,combined_cover,assumption__radius_mixed__noise_extreme__scale_300,broad_or_stress_assumption,True,True,current,True,0,-2474.982282000001,-2474.982282000001,21.93759540650431,11281.921451,8806.939169,-10574.911429662512,-44,-34,-102.0,2,-2114.9822859325013,-220.0,-38.0,-102.0,0.0,1174.9803319999992
p4-refinement-development-round-broad-p4-0053-4714bf22dc1c1844,4,broad,broad_joint,development,extreme,coverage,assumption__radius_mixed__noise_extreme__scale_300,broad_or_stress_assumption,True,True,current,True,0,-1237.8759360000004,-1237.8759360000004,10.972208425456447,11281.921451,10044.045515,-6414.379701204147,-44,101,303.0,2,-1282.8759402408286,-220.0,-38.0,303.0,0.0,1173.072141999999
p4-refinement-development-round-broad-p4-0053-4714bf22dc1c1844,4,broad,broad_joint,development,extreme,local_cover,assumption__radius_mixed__noise_extreme__scale_300,broad_or_stress_assumption,True,True,current,True,0,-234.16899100000046,-234.16899100000046,2.075612669500055,11281.921451,11047.75246,-870.8449596609425,0,-20,-60.0,0,-174.16899193218705,0.0,0.0,-60.0,0.0,0.0
p4-refinement-development-round-broad-p4-0054-2e44eb50b9a66e40,4,broad,broad_joint,development,deterministic,combined_cover,assumption__radius_min__noise_deterministic__scale_75,broad_or_stress_assumption,True,True,current,True,0,-2663.661543,-2663.661543,24.027481229148012,11085.895844,8422.234301,-9983.307706218933,-110,-5,-15.0,5,-1996.6615412437868,-550.0,-102.0,-15.0,0.0,825.3909250000006
p4-refinement-development-round-broad-p4-0054-2e44eb50b9a66e40,4,broad,broad_joint,development,deterministic,coverage,assumption__radius_min__noise_deterministic__scale_75,broad_or_stress_assumption,True,True,current,True,0,-2512.4620520000008,-2512.4620520000008,22.663590632233987,11085.895844,8573.433792,-9512.310251019757,-110,14,42.0,5,-1902.4620502039515,-550.0,-102.0,42.0,0.0,826.3340029999999
p4-refinement-development-round-broad-p4-0054-2e44eb50b9a66e40,4,broad,broad_joint,development,deterministic,local_cover,assumption__radius_min__noise_deterministic__scale_75,broad_or_stress_assumption,True,True,current,True,0,53.42160899999908,53.42160899999908,-0.48188806526549105,11085.895844,11139.317453,-17.891945872062934,0,19,57.0,0,-3.578389174412223,0.0,0.0,57.0,0.0,0.0
p4-refinement-development-round-broad-p4-0055-47ebcb57fcb77877,4,broad,broad_joint,development,correlated,combined_cover,assumption__radius_min__noise_correlated__scale_75,broad_or_stress_assumption,True,True,current,True,0,-3248.621695,-3248.621695,28.543509563687092,11381.297341,8132.675646,-13068.10847539868,-54,-106,-318.0,-2,-2613.621695079736,-270.0,-47.0,-318.0,0.0,0.0
p4-refinement-development-round-broad-p4-0055-47ebcb57fcb77877,4,broad,broad_joint,development,correlated,coverage,assumption__radius_min__noise_correlated__scale_75,broad_or_stress_assumption,True,True,current,True,0,-3160.979168,-3160.979168,27.773452123185333,11381.297341,8220.318173,-12794.895847926804,-54,-95,-285.0,-2,-2558.979169585361,-270.0,-47.0,-285.0,0.0,0.0
p4-refinement-development-round-broad-p4-0055-47ebcb57fcb77877,4,broad,broad_joint,development,correlated,local_cover,assumption__radius_min__noise_correlated__scale_75,broad_or_stress_assumption,True,True,current,True,0,22.528441000000385,22.528441000000385,-0.19794264506950277,11381.297341,11403.825782,-82.35780439925293,0,13,39.0,0,-16.471560879850585,0.0,0.0,39.0,0.0,0.0
p4-refinement-development-round-broad-p4-0056-426fea7efd31bb23,4,broad,broad_joint,development,extreme,combined_cover,assumption__radius_min__noise_extreme__scale_75,broad_or_stress_assumption,True,True,current,True,0,-796.9759890000005,-796.9759890000005,8.385937446868505,9503.719698,8706.743709,-2124.879944228982,-65,5,15.0,1,-424.97598884579656,-325.0,-62.0,15.0,0.0,-1104.191229
p4-refinement-development-round-broad-p4-0056-426fea7efd31bb23,4,broad,broad_joint,development,extreme,coverage,assumption__radius_min__noise_extreme__scale_75,broad_or_stress_assumption,True,True,current,True,0,-782.5848620000015,-782.5848620000015,8.234511190020596,9503.719698,8721.134836,-2097.924309858394,-65,8,24.0,1,-419.58486197167895,-325.0,-62.0,24.0,0.0,-1104.191229
p4-refinement-development-round-broad-p4-0056-426fea7efd31bb23,4,broad,broad_joint,development,extreme,local_cover,assumption__radius_min__noise_extreme__scale_75,broad_or_stress_assumption,True,True,current,True,0,-7.123888000000079,-7.123888000000079,0.07495894477505746,9503.719698,9496.59581,-20.61942829893087,0,-1,-3.0,0,-4.123885659785628,0.0,0.0,-3.0,0.0,0.0
p4-refinement-development-round-broad-p4-0057-ecc3737d0a997710,4,broad,broad_joint,development,deterministic,combined_cover,assumption__radius_max__noise_deterministic__scale_75,broad_or_stress_assumption,True,True,current,True,0,-2141.1689339999994,-2141.1689339999994,17.82287707556884,12013.59873,9872.429796,-9185.844665951285,-36,-33,-99.0,-2,-1837.1689331902562,-180.0,-25.0,-99.0,0.0,0.0
p4-refinement-development-round-broad-p4-0057-ecc3737d0a997710,4,broad,broad_joint,development,deterministic,coverage,assumption__radius_max__noise_deterministic__scale_75,broad_or_stress_assumption,True,True,current,True,0,-1958.0821080000005,-1958.0821080000005,16.298880560329824,12013.59873,10055.516622,-8285.410534320035,-36,-32,-96.0,-2,-1657.082106864007,-180.0,-25.0,-96.0,0.0,0.0
p4-refinement-development-round-broad-p4-0057-ecc3737d0a997710,4,broad,broad_joint,development,deterministic,local_cover,assumption__radius_max__noise_deterministic__scale_75,broad_or_stress_assumption,True,True,current,True,0,-204.1885229999989,-204.1885229999989,1.6996449406130523,12013.59873,11809.410207,-855.9426136859329,0,-11,-33.0,0,-171.18852273718585,0.0,0.0,-33.0,0.0,0.0
p4-refinement-development-round-broad-p4-0058-2b449676c8a3265c,4,broad,broad_joint,development,correlated,combined_cover,assumption__radius_max__noise_correlated__scale_75,broad_or_stress_assumption,True,True,current,True,0,-1613.0227109999996,-1613.0227109999996,15.342668635532313,10513.312575,8900.289864,-7180.113547487359,-25,-12,-36.0,0,-1436.0227094974707,-125.0,-16.0,-36.0,0.0,-1138.6232330000003
p4-refinement-development-round-broad-p4-0058-2b449676c8a3265c,4,broad,broad_joint,development,correlated,coverage,assumption__radius_max__noise_correlated__scale_75,broad_or_stress_assumption,True,True,current,True,0,-1691.9304329999995,-1691.9304329999995,16.09321915362152,10513.312575,8821.382142,-7424.652180283658,-25,-22,-66.0,0,-1484.9304360567312,-125.0,-16.0,-66.0,0.0,-1139.425147
p4-refinement-development-round-broad-p4-0058-2b449676c8a3265c,4,broad,broad_joint,development,correlated,local_cover,assumption__radius_max__noise_correlated__scale_75,broad_or_stress_assumption,True,True,current,True,0,-193.90010400000028,-193.90010400000028,1.8443292978949624,10513.312575,10319.412471,-669.5005183003668,0,-20,-60.0,0,-133.900103660073,0.0,0.0,-60.0,0.0,-0.3909030000013445
p4-refinement-development-round-broad-p4-0059-c95ae37feb2bc3fa,4,broad,broad_joint,development,extreme,combined_cover,assumption__radius_max__noise_extreme__scale_75,broad_or_stress_assumption,True,True,current,True,0,-1576.7611410000009,-1576.7611410000009,15.565525231032936,10129.829335,8553.068194,-5848.805695774121,-63,-11,-33.0,-2,-1169.7611391548244,-315.0,-59.0,-33.0,0.0,-418.72467700000016
p4-refinement-development-round-broad-p4-0059-c95ae37feb2bc3fa,4,broad,broad_joint,development,extreme,coverage,assumption__radius_max__noise_extreme__scale_75,broad_or_stress_assumption,True,True,current,True,0,-1533.780377000001,-1533.780377000001,15.141226236660986,10129.829335,8596.048958,-5678.901890123801,-63,-8,-24.0,-2,-1135.7803780247605,-315.0,-59.0,-24.0,0.0,-418.72467700000016
p4-refinement-development-round-broad-p4-0059-c95ae37feb2bc3fa,4,broad,broad_joint,development,extreme,local_cover,assumption__radius_max__noise_extreme__scale_75,broad_or_stress_assumption,True,True,current,True,0,269.9584070000001,269.9584070000001,-2.6649847502095163,10129.829335,10399.787742,839.7920495036306,0,34,102.0,0,167.9584099007261,0.0,0.0,102.0,0.0,0.7592480000002979
p4-refinement-development-round-broad-p4-0060-f2af781792d84720,4,broad,broad_joint,development,deterministic,combined_cover,assumption__radius_mixed__noise_deterministic__scale_75,broad_or_stress_assumption,True,True,current,True,0,-1002.2908800000005,-1002.2908800000005,9.46696706820076,10587.243758,9584.952878,-3916.4544012339684,-51,28,84.0,-1,-783.2908802467928,-255.0,-48.0,84.0,0.0,-981.0297719999999
p4-refinement-development-round-broad-p4-0060-f2af781792d84720,4,broad,broad_joint,development,deterministic,coverage,assumption__radius_mixed__noise_deterministic__scale_75,broad_or_stress_assumption,True,True,current,True,0,-400.4056419999997,-400.4056419999997,3.781963003330708,10587.243758,10186.838116,-1827.02823711151,-51,89,267.0,-1,-365.4056474223016,-255.0,-47.0,267.0,0.0,-981.0297719999999
p4-refinement-development-round-broad-p4-0060-f2af781792d84720,4,broad,broad_joint,development,deterministic,local_cover,assumption__radius_mixed__noise_deterministic__scale_75,broad_or_stress_assumption,True,True,current,True,0,-329.5671860000002,-329.5671860000002,3.1128704838874666,10587.243758,10257.676572,-1122.8359180209081,0,-35,-105.0,0,-224.56718360418017,0.0,0.0,-105.0,0.0,0.0
p4-refinement-development-round-broad-p4-0061-f23c1e81de7f2ba4,4,broad,broad_joint,development,correlated,combined_cover,assumption__radius_mixed__noise_correlated__scale_75,broad_or_stress_assumption,True,True,current,True,0,-1446.5894449999996,-1446.5894449999996,13.643324407074635,10602.910272,9156.320827,-6317.94724523386,-40,17,51.0,1,-1263.5894490467717,-200.0,-34.0,51.0,0.0,-1121.6366479999997
p4-refinement-development-round-broad-p4-0061-f23c1e81de7f2ba4,4,broad,broad_joint,development,correlated,coverage,assumption__radius_mixed__noise_correlated__scale_75,broad_or_stress_assumption,True,True,current,True,0,-1142.8668639999996,-1142.8668639999996,10.77880350471384,10602.910272,9460.043408,-5294.334337141103,-40,50,150.0,1,-1058.8668674282208,-200.0,-34.0,150.0,0.0,-1121.6366479999997
p4-refinement-development-round-broad-p4-0061-f23c1e81de7f2ba4,4,broad,broad_joint,development,correlated,local_cover,assumption__radius_mixed__noise_correlated__scale_75,broad_or_stress_assumption,True,True,current,True,0,-152.4693069999994,-152.4693069999994,1.4379948814868118,10602.910272,10450.440965,-522.3465371867642,0,-16,-48.0,0,-104.46930743735265,0.0,0.0,-48.0,0.0,0.0
p4-refinement-development-round-broad-p4-0062-6d8d8d2b926ae804,4,broad,broad_joint,development,extreme,combined_cover,assumption__radius_mixed__noise_extreme__scale_75,broad_or_stress_assumption,True,True,current,True,0,-2727.228024,-2727.228024,23.036349430389645,11838.802985,9111.574961,-10781.14011437817,-69,-54,-162.0,1,-2156.2280228756345,-345.0,-64.0,-162.0,0.0,0.0
p4-refinement-development-round-broad-p4-0062-6d8d8d2b926ae804,4,broad,broad_joint,development,extreme,coverage,assumption__radius_mixed__noise_extreme__scale_75,broad_or_stress_assumption,True,True,current,True,0,-2332.6486370000002,-2332.6486370000002,19.703416299397098,11838.802985,9506.154348,-9748.243171646835,-69,8,24.0,1,-1949.6486343293673,-345.0,-62.0,24.0,0.0,0.0
p4-refinement-development-round-broad-p4-0062-6d8d8d2b926ae804,4,broad,broad_joint,development,extreme,local_cover,assumption__radius_mixed__noise_extreme__scale_75,broad_or_stress_assumption,True,True,current,True,0,-801.0676700000004,-801.0676700000004,6.766458323657967,11838.802985,11037.735315,-2805.338344340431,0,-80,-240.0,0,-561.0676688680869,0.0,0.0,-240.0,0.0,0.0
p4-refinement-development-round-broad-p4-0063-a472425272464108,4,broad,broad_joint,development,deterministic,combined_cover,assumption__radius_min__noise_deterministic__scale_150,broad_or_stress_assumption,True,True,current,True,0,-1912.3859059999995,-1912.3859059999995,20.087536874709212,9520.260836,7607.87493,-8241.929510619411,-46,1,3.0,1,-1648.3859021238823,-230.0,-37.0,3.0,0.0,203.86735900000076
p4-refinement-development-round-broad-p4-0063-a472425272464108,4,broad,broad_joint,development,deterministic,coverage,assumption__radius_min__noise_deterministic__scale_150,broad_or_stress_assumption,True,True,current,True,0,-1834.1047939999999,-1834.1047939999999,19.26527881530829,9520.260836,7686.156042,-8015.523964288735,-46,12,36.0,1,-1603.1047928577464,-230.0,-37.0,36.0,0.0,204.9795720000002
p4-refinement-development-round-broad-p4-0063-a472425272464108,4,broad,broad_joint,development,deterministic,local_cover,assumption__radius_min__noise_deterministic__scale_150,broad_or_stress_assumption,True,True,current,True,0,-60.327038999999786,-60.327038999999786,0.6336700226939012,9520.260836,9459.933797,-181.6351958929954,0,-8,-24.0,0,-36.32703917859908,0.0,0.0,-24.0,0.0,0.0
p4-refinement-development-round-broad-p4-0064-4e3828c4d14e15cc,4,broad,broad_joint,development,correlated,combined_cover,assumption__radius_min__noise_correlated__scale_150,broad_or_stress_assumption,True,True,current,True,0,-2138.190128,-2138.190128,21.452989588213892,9966.863216,7828.673088,-8120.950652710926,-78,-18,-54.0,1,-1624.1901305421852,-390.0,-70.0,-54.0,0.0,-185.0853419999994
p4-refinement-development-round-broad-p4-0064-4e3828c4d14e15cc,4,broad,broad_joint,development,correlated,coverage,assumption__radius_min__noise_correlated__scale_150,broad_or_stress_assumption,True,True,current,True,0,-1855.8830689999995,-1855.8830689999995,18.620533148490633,9966.863216,8110.980147,-7189.415336580179,-78,14,42.0,1,-1437.8830673160355,-390.0,-70.0,42.0,0.0,-186.56955499999913
p4-refinement-development-round-broad-p4-0064-4e3828c4d14e15cc,4,broad,broad_joint,development,correlated,local_cover,assumption__radius_min__noise_correlated__scale_150,broad_or_stress_assumption,True,True,current,True,0,-144.15404499999931,-144.15404499999931,1.446333132861561,9966.863216,9822.709171,-480.7702255297263,0,-16,-48.0,0,-96.15404510594544,0.0,0.0,-48.0,0.0,-1.9941749999979947
p4-refinement-development-round-broad-p4-0065-aa2b5b1c4b928f94,4,broad,broad_joint,development,extreme,combined_cover,assumption__radius_min__noise_extreme__scale_150,broad_or_stress_assumption,True,True,current,True,0,-3668.1865020000005,-3668.1865020000005,27.87549318328041,13159.180639,9490.994137,-14920.932494188492,-26,-179,-537.0,-2,-2984.1864988376983,-130.0,-17.0,-537.0,0.0,0.0
p4-refinement-development-round-broad-p4-0065-aa2b5b1c4b928f94,4,broad,broad_joint,development,extreme,coverage,assumption__radius_min__noise_extreme__scale_150,broad_or_stress_assumption,True,True,current,True,0,-2936.544696000001,-2936.544696000001,22.315558822081467,13159.180639,10222.635943,-12372.723481185145,-26,-105,-315.0,-2,-2474.544696237029,-130.0,-17.0,-315.0,0.0,0.0
p4-refinement-development-round-broad-p4-0065-aa2b5b1c4b928f94,4,broad,broad_joint,development,extreme,local_cover,assumption__radius_min__noise_extreme__scale_150,broad_or_stress_assumption,True,True,current,True,0,-1496.889717,-1496.889717,11.375250162336494,13159.180639,11662.290922,-5204.448577047886,0,-152,-456.0,0,-1040.8897154095775,0.0,0.0,-456.0,0.0,0.0
p4-refinement-development-round-broad-p4-0066-079e49d47ddc36ab,4,broad,broad_joint,development,deterministic,combined_cover,assumption__radius_max__noise_deterministic__scale_150,broad_or_stress_assumption,True,True,current,True,0,-443.6757870000001,-443.6757870000001,4.323186765813895,10262.702285,9819.026498,-1013.3789450026088,-69,56,168.0,2,-202.67578900052195,-345.0,-64.0,168.0,0.0,-1769.741371
p4-refinement-development-round-broad-p4-0066-079e49d47ddc36ab,4,broad,broad_joint,development,deterministic,coverage,assumption__radius_max__noise_deterministic__scale_150,broad_or_stress_assumption,True,True,current,True,0,-53.31628300000011,-53.31628300000011,0.5195150509035751,10262.702285,10209.386002,308.41857009920204,-69,98,294.0,2,61.68371401984041,-345.0,-64.0,294.0,0.0,-1769.741371
p4-refinement-development-round-broad-p4-0066-079e49d47ddc36ab,4,broad,broad_joint,development,deterministic,local_cover,assumption__radius_max__noise_deterministic__scale_150,broad_or_stress_assumption,True,True,current,True,0,-259.67823099999987,-259.67823099999987,2.5303104756292742,10262.702285,10003.024054,-968.3911399808494,0,-22,-66.0,0,-193.67822799616988,0.0,0.0,-66.0,0.0,-1.513585000000603
p4-refinement-development-round-broad-p4-0067-6b32ecf4cf4de965,4,broad,broad_joint,development,correlated,combined_cover,assumption__radius_max__noise_correlated__scale_150,broad_or_stress_assumption,True,True,current,True,0,208.2110990000001,208.2110990000001,-2.0832437650467615,9994.562446,10202.773545,996.0554706737457,-22,46,138.0,0,199.21109413475006,-110.0,-19.0,138.0,0.0,0.0
p4-refinement-development-round-broad-p4-0067-6b32ecf4cf4de965,4,broad,broad_joint,development,correlated,coverage,assumption__radius_max__noise_correlated__scale_150,broad_or_stress_assumption,True,True,current,True,0,796.1469789999992,796.1469789999992,-7.965801237438175,9994.562446,10790.709425,2960.734883475263,-22,111,333.0,0,592.1469766950531,-110.0,-19.0,333.0,0.0,0.0
p4-refinement-development-round-broad-p4-0067-6b32ecf4cf4de965,4,broad,broad_joint,development,correlated,local_cover,assumption__radius_max__noise_correlated__scale_150,broad_or_stress_assumption,True,True,current,True,0,12.105728000000454,12.105728000000454,-0.12112314136218519,9994.562446,10006.668174,-59.47134983884462,0,8,24.0,0,-11.894269967769105,0.0,0.0,24.0,0.0,0.0
p4-refinement-development-round-broad-p4-0068-2ca77052b9a4d0b3,4,broad,broad_joint,development,extreme,combined_cover,assumption__radius_max__noise_extreme__scale_150,broad_or_stress_assumption,True,True,current,True,0,-2307.9294929999996,-2307.9294929999996,21.491449391440877,10738.826642,8430.897149,-9014.647454100428,-54,-62,-186.0,3,-1802.9294908200854,-270.0,-49.0,-186.0,0.0,-283.1474410000001
p4-refinement-development-round-broad-p4-0068-2ca77052b9a4d0b3,4,broad,broad_joint,development,extreme,coverage,assumption__radius_max__noise_extreme__scale_150,broad_or_stress_assumption,True,True,current,True,0,-2263.6132749999997,-2263.6132749999997,21.07877657831735,10738.826642,8475.213367,-8823.066360968187,-54,-60,-180.0,2,-1764.6132721936374,-270.0,-49.0,-180.0,0.0,-283.1474410000001
p4-refinement-development-round-broad-p4-0068-2ca77052b9a4d0b3,4,broad,broad_joint,development,extreme,local_cover,assumption__radius_max__noise_extreme__scale_150,broad_or_stress_assumption,True,True,current,True,0,-73.68649000000005,-73.68649000000005,0.6861689126427379,10738.826642,10665.140152,-683.4324400948099,0,21,63.0,0,-136.68648801896234,0.0,0.0,63.0,0.0,-0.539667000000918
p4-refinement-development-round-broad-p4-0069-b41bd37f8338d59c,4,broad,broad_joint,development,deterministic,combined_cover,assumption__radius_mixed__noise_deterministic__scale_150,broad_or_stress_assumption,True,True,current,True,0,-415.73315399999956,-415.73315399999956,3.9548612124157567,10511.953054,10096.2199,-3713.665766552549,-2,110,330.0,1,-742.7331533105089,-10.0,7.0,330.0,0.0,0.0
p4-refinement-development-round-broad-p4-0069-b41bd37f8338d59c,4,broad,broad_joint,development,deterministic,coverage,assumption__radius_mixed__noise_deterministic__scale_150,broad_or_stress_assumption,True,True,current,True,0,-951.9217559999997,-951.9217559999997,9.055612702130317,10511.953054,9560.031298,-5359.608781665796,-2,41,123.0,1,-1071.9217563331586,-10.0,7.0,123.0,0.0,0.0
p4-refinement-development-round-broad-p4-0069-b41bd37f8338d59c,4,broad,broad_joint,development,deterministic,local_cover,assumption__radius_mixed__noise_deterministic__scale_150,broad_or_stress_assumption,True,True,current,True,0,1072.5548209999997,1072.5548209999997,-10.203192646411905,10511.953054,11584.507875,3717.7740996538705,0,110,330.0,1,743.5548199307741,0.0,-1.0,330.0,0.0,0.0
p4-refinement-development-round-broad-p4-0070-60e964dfb219a393,4,broad,broad_joint,development,correlated,combined_cover,assumption__radius_mixed__noise_correlated__scale_150,broad_or_stress_assumption,True,True,current,True,0,-2393.672829000001,-2393.672829000001,22.315607955330442,10726.451342,8332.778513,-8663.364154136329,-92,-39,-117.0,1,-1732.672830827266,-460.0,-84.0,-117.0,0.0,879.0762919999997
p4-refinement-development-round-broad-p4-0070-60e964dfb219a393,4,broad,broad_joint,development,correlated,coverage,assumption__radius_mixed__noise_correlated__scale_150,broad_or_stress_assumption,True,True,current,True,0,-2378.710570000001,-2378.710570000001,22.176118589062455,10726.451342,8347.740772,-8678.552860733565,-92,-33,-99.0,1,-1735.7105721467133,-460.0,-84.0,-99.0,0.0,878.5833139999995
p4-refinement-development-round-broad-p4-0070-60e964dfb219a393,4,broad,broad_joint,development,correlated,local_cover,assumption__radius_mixed__noise_correlated__scale_150,broad_or_stress_assumption,True,True,current,True,0,-282.7195520000005,-282.7195520000005,2.6357230642812577,10726.451342,10443.73179,-948.5977532161778,0,-31,-93.0,0,-189.71955064323538,0.0,0.0,-93.0,0.0,0.0
p4-refinement-development-round-broad-p4-0071-7787ca7335f340a2,4,broad,broad_joint,development,extreme,combined_cover,assumption__radius_mixed__noise_extreme__scale_150,broad_or_stress_assumption,True,True,current,True,0,-1508.4482340000013,-1508.4482340000013,15.000242224686279,10056.15917,8547.710936,-4347.241161264668,-113,11,33.0,-2,-869.4482322529338,-565.0,-107.0,33.0,0.0,-1332.770219
p4-refinement-development-round-broad-p4-0071-7787ca7335f340a2,4,broad,broad_joint,development,extreme,coverage,assumption__radius_mixed__noise_extreme__scale_150,broad_or_stress_assumption,True,True,current,True,0,-1110.128385,-1110.128385,11.039288124155656,10056.15917,8946.030785,-2790.641927132725,-113,40,120.0,-2,-558.1283854265448,-565.0,-107.0,120.0,0.0,-1332.770219
p4-refinement-development-round-broad-p4-0071-7787ca7335f340a2,4,broad,broad_joint,development,extreme,local_cover,assumption__radius_mixed__noise_extreme__scale_150,broad_or_stress_assumption,True,True,current,True,0,-123.58600300000035,-123.58600300000035,1.228958302178508,10056.15917,9932.573167,-407.93000506489625,0,-14,-42.0,0,-81.58600101297907,0.0,0.0,-42.0,0.0,0.5656710000002931
p4-refinement-development-round-broad-p4-0072-cb24dd8980d03969,4,broad,broad_joint,development,deterministic,combined_cover,assumption__radius_min__noise_deterministic__scale_300,broad_or_stress_assumption,True,True,current,True,0,-2408.8689090000007,-2408.8689090000007,19.585237300021145,12299.411399,9890.54249,-9319.344529802824,-45,-93,-279.0,0,-1863.868905960565,-225.0,-41.0,-279.0,0.0,0.0
p4-refinement-development-round-broad-p4-0072-cb24dd8980d03969,4,broad,broad_joint,development,deterministic,coverage,assumption__radius_min__noise_deterministic__scale_300,broad_or_stress_assumption,True,True,current,True,0,-2242.4721690000006,-2242.4721690000006,18.232353535083185,12299.411399,10056.93923,-8652.360852157726,-45,-82,-246.0,0,-1730.4721704315452,-225.0,-41.0,-246.0,0.0,0.0
p4-refinement-development-round-broad-p4-0072-cb24dd8980d03969,4,broad,broad_joint,development,deterministic,local_cover,assumption__radius_min__noise_deterministic__scale_300,broad_or_stress_assumption,True,True,current,True,0,-561.3015570000007,-561.3015570000007,4.563645680196022,12299.411399,11738.109842,-2026.5077728946708,0,-52,-156.0,0,-405.3015545789349,0.0,0.0,-156.0,0.0,0.0
p4-refinement-development-round-broad-p4-0073-29ac4a6d979c4bf4,4,broad,broad_joint,development,correlated,combined_cover,assumption__radius_min__noise_correlated__scale_300,broad_or_stress_assumption,True,True,current,True,0,-1015.1882229999992,-1015.1882229999992,10.075960730413755,10075.349142,9060.160919,-4880.94111868606,-39,63,189.0,-1,-976.188223737212,-195.0,-33.0,189.0,0.0,0.0
p4-refinement-development-round-broad-p4-0073-29ac4a6d979c4bf4,4,broad,broad_joint,development,correlated,coverage,assumption__radius_min__noise_correlated__scale_300,broad_or_stress_assumption,True,True,current,True,0,-1294.5348619999986,-1294.5348619999986,12.848536003617122,10075.349142,8780.81428,-5632.6743280411465,-39,20,60.0,-1,-1126.5348656082297,-195.0,-33.0,60.0,0.0,0.0
p4-refinement-development-round-broad-p4-0073-29ac4a6d979c4bf4,4,broad,broad_joint,development,correlated,local_cover,assumption__radius_min__noise_correlated__scale_300,broad_or_stress_assumption,True,True,current,True,0,-24.114668999998685,-24.114668999998685,0.23934325907848214,10075.349142,10051.234473,59.42665767512517,0,-12,-36.0,0,11.885331535025216,0.0,0.0,-36.0,0.0,0.0
p4-refinement-development-round-broad-p4-0074-5daefd84c7fe2607,4,broad,broad_joint,development,extreme,combined_cover,assumption__radius_min__noise_extreme__scale_300,broad_or_stress_assumption,True,True,current,True,0,-2127.967117,-2127.967117,19.021665698807077,11187.070316,9059.103199,-9004.83558985457,5,-121,-363.0,-1,-1800.9671179709148,25.0,11.0,-363.0,0.0,0.0
p4-refinement-development-round-broad-p4-0074-5daefd84c7fe2607,4,broad,broad_joint,development,extreme,coverage,assumption__radius_min__noise_extreme__scale_300,broad_or_stress_assumption,True,True,current,True,0,-2018.1717709999994,-2018.1717709999994,18.040217089844916,11187.070316,9168.898545,-8665.858855803534,5,-107,-321.0,-1,-1733.171771160707,25.0,11.0,-321.0,0.0,0.0
p4-refinement-development-round-broad-p4-0074-5daefd84c7fe2607,4,broad,broad_joint,development,extreme,local_cover,assumption__radius_min__noise_extreme__scale_300,broad_or_stress_assumption,True,True,current,True,0,-577.0222999999987,-577.0222999999987,5.15793933264841,11187.070316,10610.048016,-2075.1114863029798,0,-54,-162.0,0,-415.02229726059613,0.0,0.0,-162.0,0.0,0.0
p4-refinement-development-round-broad-p4-0075-1110c36bc6626ab0,4,broad,broad_joint,development,deterministic,combined_cover,assumption__radius_max__noise_deterministic__scale_300,broad_or_stress_assumption,True,True,current,True,0,-1264.5294780000004,-1264.5294780000004,12.351407521291335,10237.938274,8973.408796,-4932.647390498045,-57,20,60.0,3,-986.5294780996092,-285.0,-53.0,60.0,0.0,-1722.2742390000003
p4-refinement-development-round-broad-p4-0075-1110c36bc6626ab0,4,broad,broad_joint,development,deterministic,coverage,assumption__radius_max__noise_deterministic__scale_300,broad_or_stress_assumption,True,True,current,True,0,-1162.9270610000003,-1162.9270610000003,11.358996605335467,10237.938274,9075.011213,-4574.6353033126215,-57,30,90.0,3,-914.9270606625241,-285.0,-53.0,90.0,0.0,-1722.2742390000003
p4-refinement-development-round-broad-p4-0075-1110c36bc6626ab0,4,broad,broad_joint,development,deterministic,local_cover,assumption__radius_max__noise_deterministic__scale_300,broad_or_stress_assumption,True,True,current,True,0,-80.13860100000056,-80.13860100000056,0.7827611268522536,10237.938274,10157.799673,-235.6929962047725,0,-11,-33.0,0,-47.138599240954136,0.0,0.0,-33.0,0.0,0.0
p4-refinement-development-round-broad-p4-0076-f4b3401eb0571c4b,4,broad,broad_joint,development,correlated,combined_cover,assumption__radius_max__noise_correlated__scale_300,broad_or_stress_assumption,True,True,current,True,0,-761.4433550000012,-761.4433550000012,7.509544552680112,10139.674246,9378.230891,-2382.216789318991,-42,-12,-36.0,0,-476.44335786379816,-210.0,-39.0,-36.0,0.0,-3133.5869950000006
p4-refinement-development-round-broad-p4-0076-f4b3401eb0571c4b,4,broad,broad_joint,development,correlated,coverage,assumption__radius_max__noise_correlated__scale_300,broad_or_stress_assumption,True,True,current,True,0,-826.8786739999996,-826.8786739999996,8.15488401243457,10139.674246,9312.795572,-2709.393378440742,-42,-12,-36.0,0,-541.8786756881482,-210.0,-39.0,-36.0,0.0,-3133.5869950000006
p4-refinement-development-round-broad-p4-0076-f4b3401eb0571c4b,4,broad,broad_joint,development,correlated,local_cover,assumption__radius_max__noise_correlated__scale_300,broad_or_stress_assumption,True,True,current,True,0,-7.521736000000601,-7.521736000000601,0.07418123913564433,10139.674246,10132.15251,37.39132573585812,0,-5,-15.0,0,7.478265147172351,0.0,0.0,-15.0,0.0,3.7648419999995895
p4-refinement-development-round-broad-p4-0077-9ae11791c83dfb1d,4,broad,broad_joint,development,extreme,combined_cover,assumption__radius_max__noise_extreme__scale_300,broad_or_stress_assumption,True,True,current,True,0,-1264.6247060000005,-1264.6247060000005,11.814503510545741,10704.002118,9439.377412,-3558.1235492597843,-58,-70,-210.0,-1,-711.6247098519561,-290.0,-53.0,-210.0,0.0,-1913.228282
p4-refinement-development-round-broad-p4-0077-9ae11791c83dfb1d,4,broad,broad_joint,development,extreme,coverage,assumption__radius_max__noise_extreme__scale_300,broad_or_stress_assumption,True,True,current,True,0,-1214.0961850000003,-1214.0961850000003,11.342450904025506,10704.002118,9489.905933,-3350.480953599239,-58,-67,-201.0,-1,-670.0961907198471,-290.0,-53.0,-201.0,0.0,-1913.228282
p4-refinement-development-round-broad-p4-0077-9ae11791c83dfb1d,4,broad,broad_joint,development,extreme,local_cover,assumption__radius_max__noise_extreme__scale_300,broad_or_stress_assumption,True,True,current,True,0,100.33868199999961,100.33868199999961,-0.937394078344479,10704.002118,10804.3408,-143.30658980180306,0,43,129.0,0,-28.661317960359156,0.0,0.0,129.0,0.0,2.68664600000011
p4-refinement-development-round-broad-p4-0078-eae10135be839a49,4,broad,broad_joint,development,deterministic,combined_cover,assumption__radius_mixed__noise_deterministic__scale_300,broad_or_stress_assumption,True,True,current,True,0,-2061.448746,-2061.448746,16.970845696015108,12147.000703,10085.551957,-8592.243736887423,-49,-18,-54.0,-1,-1718.4487473774852,-245.0,-44.0,-54.0,0.0,0.0
p4-refinement-development-round-broad-p4-0078-eae10135be839a49,4,broad,broad_joint,development,deterministic,coverage,assumption__radius_mixed__noise_deterministic__scale_300,broad_or_stress_assumption,True,True,current,True,0,-2838.828459999999,-2838.828459999999,23.370612461550948,12147.000703,9308.172243,-10994.142317659818,-49,-117,-351.0,-1,-2198.828463531964,-245.0,-44.0,-351.0,0.0,0.0
p4-refinement-development-round-broad-p4-0078-eae10135be839a49,4,broad,broad_joint,development,deterministic,local_cover,assumption__radius_mixed__noise_deterministic__scale_300,broad_or_stress_assumption,True,True,current,True,0,-430.7026819999992,-430.7026819999992,3.545753330644219,12147.000703,11716.298021,-1628.51340999065,0,-35,-105.0,0,-325.7026819981311,0.0,0.0,-105.0,0.0,0.0
p4-refinement-development-round-broad-p4-0079-cd867d2b062dae79,4,broad,broad_joint,development,correlated,combined_cover,assumption__radius_mixed__noise_correlated__scale_300,broad_or_stress_assumption,True,True,current,True,0,-2577.242456,-2577.242456,23.682036545728653,10882.689295,8305.446839,-12671.212274790989,-20,23,69.0,4,-2534.2424549581983,-100.0,-12.0,69.0,0.0,0.0
p4-refinement-development-round-broad-p4-0079-cd867d2b062dae79,4,broad,broad_joint,development,correlated,coverage,assumption__radius_mixed__noise_correlated__scale_300,broad_or_stress_assumption,True,True,current,True,0,-2489.6531429999995,-2489.6531429999995,22.877186654073263,10882.689295,8393.036152,-12383.265697841656,-20,33,99.0,4,-2476.6531395683314,-100.0,-12.0,99.0,0.0,0.0
p4-refinement-development-round-broad-p4-0079-cd867d2b062dae79,4,broad,broad_joint,development,correlated,local_cover,assumption__radius_mixed__noise_correlated__scale_300,broad_or_stress_assumption,True,True,current,True,0,-127.64232699999957,-127.64232699999957,1.172893239345207,10882.689295,10755.046968,-368.2116293956569,0,-18,-54.0,0,-73.64232587913102,0.0,0.0,-54.0,0.0,0.0
p4-refinement-development-round-calibrated-p4-0000-eb020c3d71c4b04b,4,calibrated,smoothed_joint,development,correlated,combined_cover,mixed_correlated150_after_observable_screen,unresolved,True,True,current,True,0,-1225.0617249999996,-1225.0617249999996,11.281534990641125,10858.998585,9633.93686,-6355.3086215826115,9,-5,-15.0,2,-1271.0617243165225,45.0,16.0,-15.0,0.0,-1737.9457669999993
p4-refinement-development-round-calibrated-p4-0000-eb020c3d71c4b04b,4,calibrated,smoothed_joint,development,correlated,coverage,mixed_correlated150_after_observable_screen,unresolved,True,True,current,True,0,-1446.1156249999985,-1446.1156249999985,13.317209811571209,10858.998585,9412.88296,-6845.57812634077,9,-46,-138.0,2,-1369.115625268154,45.0,16.0,-138.0,0.0,-1737.9457669999993
p4-refinement-development-round-calibrated-p4-0000-eb020c3d71c4b04b,4,calibrated,smoothed_joint,development,correlated,local_cover,mixed_correlated150_after_observable_screen,unresolved,True,True,current,True,0,-22.887346999999863,-22.887346999999863,0.2107684868070168,10858.998585,10836.111238,-54.4367233710218,0,-4,-12.0,0,-10.887344674203632,0.0,0.0,-12.0,0.0,2.7820599999995466
p4-refinement-development-round-calibrated-p4-0001-5feae1b83e6ca9e4,4,calibrated,broad_joint,development,correlated,combined_cover,mixed_correlated150_after_observable_screen,unresolved,True,True,current,True,0,-1517.1763279999996,-1517.1763279999996,14.373971830839386,10555.025054,9037.848726,-5780.8816283107735,-44,-34,-102.0,0,-1156.1763256621543,-220.0,-39.0,-102.0,0.0,0.0
p4-refinement-development-round-calibrated-p4-0001-5feae1b83e6ca9e4,4,calibrated,broad_joint,development,correlated,coverage,mixed_correlated150_after_observable_screen,unresolved,True,True,current,True,0,-1552.624049,-1552.624049,14.709809224106083,10555.025054,9002.401005,-5958.120242852521,-44,-34,-102.0,0,-1191.6240485705039,-220.0,-39.0,-102.0,0.0,0.0
p4-refinement-development-round-calibrated-p4-0001-5feae1b83e6ca9e4,4,calibrated,broad_joint,development,correlated,local_cover,mixed_correlated150_after_observable_screen,unresolved,True,True,current,True,0,520.232465000001,520.232465000001,-4.928765799592776,10555.025054,11075.257519,1596.1623207629964,0,67,201.0,0,319.2324641525993,0.0,0.0,201.0,0.0,0.0
p4-refinement-development-round-calibrated-p4-0002-fca5d1393a18ae1a,4,calibrated,smoothed_joint,development,extreme,combined_cover,mixed_extreme150_after_observable_screen,unresolved,True,True,current,True,0,-2582.600654,-2582.600654,19.641846204129752,13148.461846,10565.861192,-10298.003262430211,9,-194,-582.0,-1,-2059.6006524860422,45.0,14.0,-582.0,0.0,0.0
p4-refinement-development-round-calibrated-p4-0002-fca5d1393a18ae1a,4,calibrated,smoothed_joint,development,extreme,coverage,mixed_extreme150_after_observable_screen,unresolved,True,True,current,True,0,-1703.3867769999997,-1703.3867769999997,12.955026960193072,13148.461846,11445.075069,-7296.933869552151,9,-101,-303.0,-1,-1459.3867739104298,45.0,14.0,-303.0,0.0,0.0
p4-refinement-development-round-calibrated-p4-0002-fca5d1393a18ae1a,4,calibrated,smoothed_joint,development,extreme,local_cover,mixed_extreme150_after_observable_screen,unresolved,True,True,current,True,0,-407.7616190000008,-407.7616190000008,3.1012115620508816,13148.461846,12740.700227,-1663.808091963867,0,-25,-75.0,0,-332.761618392773,0.0,0.0,-75.0,0.0,0.0
p4-refinement-development-round-calibrated-p4-0003-06254962c076f1de,4,calibrated,broad_joint,development,extreme,combined_cover,mixed_extreme150_after_observable_screen,unresolved,True,True,current,True,0,-2227.6556849999997,-2227.6556849999997,20.321476049133143,10962.076178,8734.420493,-9608.278419207229,-39,-26,-78.0,2,-1921.6556838414454,-195.0,-33.0,-78.0,0.0,906.7403599999998
p4-refinement-development-round-calibrated-p4-0003-06254962c076f1de,4,calibrated,broad_joint,development,extreme,coverage,mixed_extreme150_after_observable_screen,unresolved,True,True,current,True,0,-2247.6966780000002,-2247.6966780000002,20.50429719245106,10962.076178,8714.3795,-9813.483396543947,-39,-19,-57.0,2,-1962.6966793087895,-195.0,-33.0,-57.0,0.0,908.049324999999
p4-refinement-development-round-calibrated-p4-0003-06254962c076f1de,4,calibrated,broad_joint,development,extreme,local_cover,mixed_extreme150_after_observable_screen,unresolved,True,True,current,True,0,-87.96889799999917,-87.96889799999917,0.8024839142839167,10962.076178,10874.10728,-289.8444946169766,0,-10,-30.0,0,-57.96889892339459,0.0,0.0,-30.0,0.0,0.0
p4-refinement-development-round-calibrated-p4-0004-d0130335b0388135,4,calibrated,smoothed_joint,development,correlated,combined_cover,mixed_correlated150_after_observable_screen,unresolved,True,True,current,True,0,-1924.1344100000006,-1924.1344100000006,17.212946059535092,11178.41422,9254.27981,-8620.67205296785,-8,-53,-159.0,0,-1724.1344105935705,-40.0,-1.0,-159.0,0.0,0.0
p4-refinement-development-round-calibrated-p4-0004-d0130335b0388135,4,calibrated,smoothed_joint,development,correlated,coverage,mixed_correlated150_after_observable_screen,unresolved,True,True,current,True,0,-1889.3339219999998,-1889.3339219999998,16.90162741169203,11178.41422,9289.080298,-8431.669602996073,-8,-54,-162.0,0,-1686.3339205992152,-40.0,-1.0,-162.0,0.0,0.0
p4-refinement-development-round-calibrated-p4-0004-d0130335b0388135,4,calibrated,smoothed_joint,development,correlated,local_cover,mixed_correlated150_after_observable_screen,unresolved,True,True,current,True,0,-630.0106379999997,-630.0106379999997,5.635957172465557,11178.41422,10548.403582,-1965.0531988454677,0,-79,-237.0,0,-393.01063976909427,0.0,0.0,-237.0,0.0,0.0
p4-refinement-development-round-calibrated-p4-0005-0a58e0fa2d2f0c8c,4,calibrated,broad_joint,development,correlated,combined_cover,mixed_correlated150_after_observable_screen,unresolved,True,True,current,True,0,-725.0882440000005,-725.0882440000005,6.589689282703583,11003.375317,10278.287073,-3780.4412260318277,3,2,6.0,3,-756.0882452063652,15.0,10.0,6.0,0.0,0.0
p4-refinement-development-round-calibrated-p4-0005-0a58e0fa2d2f0c8c,4,calibrated,broad_joint,development,correlated,coverage,mixed_correlated150_after_observable_screen,unresolved,True,True,current,True,0,-317.3381790000003,-317.3381790000003,2.8840075872875026,11003.375317,10686.037138,-2446.690886033197,3,49,147.0,3,-489.33817720663865,15.0,10.0,147.0,0.0,0.0
p4-refinement-development-round-calibrated-p4-0005-0a58e0fa2d2f0c8c,4,calibrated,broad_joint,development,correlated,local_cover,mixed_correlated150_after_observable_screen,unresolved,True,True,current,True,0,-508.39466100000027,-508.39466100000027,4.620351904333758,11003.375317,10494.980656,-1686.973295402131,0,-57,-171.0,0,-337.3946590804262,0.0,0.0,-171.0,0.0,0.0
p4-refinement-development-round-calibrated-p4-0006-43675dbcad2f18a5,4,calibrated,smoothed_joint,development,extreme,combined_cover,mixed_extreme150_after_observable_screen,unresolved,True,True,current,True,0,-805.4702820000002,-805.4702820000002,7.495195070498164,10746.488576,9941.018294,-4227.3514148538015,-51,113,339.0,-1,-845.4702829707612,-255.0,-44.0,339.0,0.0,1318.036141999999
p4-refinement-development-round-calibrated-p4-0006-43675dbcad2f18a5,4,calibrated,smoothed_joint,development,extreme,coverage,mixed_extreme150_after_observable_screen,unresolved,True,True,current,True,0,693.6562389999999,693.6562389999999,-6.4547245743985044,10746.488576,11440.144815,808.2811878077264,-51,277,831.0,-1,161.6562375615449,-255.0,-44.0,831.0,0.0,1313.870348999999
p4-refinement-development-round-calibrated-p4-0006-43675dbcad2f18a5,4,calibrated,smoothed_joint,development,extreme,local_cover,mixed_extreme150_after_observable_screen,unresolved,True,True,current,True,0,-519.4552019999992,-519.4552019999992,4.8337203201433825,10746.488576,10227.033374,-1892.2760220669297,0,-47,-141.0,0,-378.45520441338704,0.0,0.0,-141.0,0.0,0.0
p4-refinement-development-round-calibrated-p4-0007-07085914650ee461,4,calibrated,broad_joint,development,extreme,combined_cover,mixed_extreme150_after_observable_screen,unresolved,True,True,current,True,0,-2133.886216000001,-2133.886216000001,19.632752628910968,10869.011882,8735.125666,-8259.431080993978,-57,-49,-147.0,3,-1651.8862161987945,-285.0,-50.0,-147.0,0.0,872.8696849999997
p4-refinement-development-round-calibrated-p4-0007-07085914650ee461,4,calibrated,broad_joint,development,extreme,coverage,mixed_extreme150_after_observable_screen,unresolved,True,True,current,True,0,-2030.7495100000015,-2030.7495100000015,18.683846627889825,10869.011882,8838.262372,-7833.747538295764,-57,-43,-129.0,3,-1566.7495076591522,-285.0,-50.0,-129.0,0.0,869.9812109999993
p4-refinement-development-round-calibrated-p4-0007-07085914650ee461,4,calibrated,broad_joint,development,extreme,local_cover,mixed_extreme150_after_observable_screen,unresolved,True,True,current,True,0,12.850829999999405,12.850829999999405,-0.11823365490363905,10869.011882,10881.862712,-100.74584575420886,0,11,33.0,0,-20.14916915084177,0.0,0.0,33.0,0.0,0.0
p4-refinement-development-round-calibrated-p4-0008-5020586f4006bb8d,4,calibrated,smoothed_joint,development,correlated,combined_cover,mixed_correlated150_after_observable_screen,unresolved,True,True,current,True,0,-2061.3530520000004,-2061.3530520000004,20.11446677964544,10248.111842,8186.75879,-9921.765263297602,-20,12,36.0,0,-1984.3530526595205,-100.0,-13.0,36.0,0.0,924.2155000000002
p4-refinement-development-round-calibrated-p4-0008-5020586f4006bb8d,4,calibrated,smoothed_joint,development,correlated,coverage,mixed_correlated150_after_observable_screen,unresolved,True,True,current,True,0,-1903.990253,-1903.990253,18.578937099386895,10248.111842,8344.121589,-9359.951282419199,-20,27,81.0,0,-1871.9902564838394,-100.0,-13.0,81.0,0.0,923.9285479999999
p4-refinement-development-round-calibrated-p4-0008-5020586f4006bb8d,4,calibrated,smoothed_joint,development,correlated,local_cover,mixed_correlated150_after_observable_screen,unresolved,True,True,current,True,0,63.78769900000043,63.78769900000043,-0.6224336734751301,10248.111842,10311.899541,393.93850147469493,0,-5,-15.0,0,78.78770029493899,0.0,0.0,-15.0,0.0,0.0
p4-refinement-development-round-calibrated-p4-0009-74d2c361ec8ca00f,4,calibrated,broad_joint,development,correlated,combined_cover,mixed_correlated150_after_observable_screen,unresolved,True,True,current,True,0,280.28939199999877,280.28939199999877,-2.879931287659839,9732.502758,10012.79215,601.4469398726069,7,38,114.0,2,120.28938797452156,35.0,11.0,114.0,0.0,-3094.7181690000007
p4-refinement-development-round-calibrated-p4-0009-74d2c361ec8ca00f,4,calibrated,broad_joint,development,correlated,coverage,mixed_correlated150_after_observable_screen,unresolved,True,True,current,True,0,85.33057199999894,85.33057199999894,-0.8767587754327449,9732.502758,9817.83333,91.65284410717868,7,7,21.0,2,18.330568821435918,35.0,11.0,21.0,0.0,-3094.7181690000007
p4-refinement-development-round-calibrated-p4-0009-74d2c361ec8ca00f,4,calibrated,broad_joint,development,correlated,local_cover,mixed_correlated150_after_observable_screen,unresolved,True,True,current,True,0,-194.37562400000024,-194.37562400000024,1.9971802611638185,9732.502758,9538.127134,-656.8781318565889,0,-21,-63.0,0,-131.3756263713176,0.0,0.0,-63.0,0.0,0.0
p4-refinement-development-round-calibrated-p4-0010-d96162511565f33d,4,calibrated,smoothed_joint,development,extreme,combined_cover,mixed_extreme150_after_observable_screen,unresolved,True,True,current,True,0,-940.0198,-940.0198,8.917791422273934,10540.948487,9600.928687,-5005.098980444243,-19,57,171.0,-1,-1001.019796088849,-95.0,-15.0,171.0,0.0,675.3133820000003
p4-refinement-development-round-calibrated-p4-0010-d96162511565f33d,4,calibrated,smoothed_joint,development,extreme,coverage,mixed_extreme150_after_observable_screen,unresolved,True,True,current,True,0,-985.454103,-985.454103,9.34881812785013,10540.948487,9555.494384,-5202.2704838067,-19,55,165.0,-1,-1040.4540967613402,-95.0,-15.0,165.0,0.0,675.3133820000003
p4-refinement-development-round-calibrated-p4-0010-d96162511565f33d,4,calibrated,smoothed_joint,development,extreme,local_cover,mixed_extreme150_after_observable_screen,unresolved,True,True,current,True,0,-196.88766399999986,-196.88766399999986,1.8678363170336956,10540.948487,10344.060823,-684.4383098146864,0,-20,-60.0,0,-136.88766196293727,0.0,0.0,-60.0,0.0,0.0
p4-refinement-development-round-calibrated-p4-0011-031fc28f85803820,4,calibrated,broad_joint,development,extreme,combined_cover,mixed_extreme150_after_observable_screen,unresolved,True,True,current,True,0,-1245.4590739999985,-1245.4590739999985,12.465116965360924,9991.555454,8746.09638,-4547.295365860802,-67,20,60.0,1,-909.4590731721601,-335.0,-61.0,60.0,0.0,-2495.388289999998
p4-refinement-development-round-calibrated-p4-0011-031fc28f85803820,4,calibrated,broad_joint,development,extreme,coverage,mixed_extreme150_after_observable_screen,unresolved,True,True,current,True,0,-1490.167802,-1490.167802,14.914272445972653,9991.555454,8501.387652,-5350.8390053685325,-67,-8,-24.0,1,-1070.1678010737069,-335.0,-61.0,-24.0,0.0,-2498.5651609999995
p4-refinement-development-round-calibrated-p4-0011-031fc28f85803820,4,calibrated,broad_joint,development,extreme,local_cover,mixed_extreme150_after_observable_screen,unresolved,True,True,current,True,0,7.219820000000254,7.219820000000254,-0.07225921963041186,9991.555454,9998.775274,21.09910239778401,0,1,3.0,0,4.219820479556802,0.0,0.0,3.0,0.0,-1.084325999999237
p4-refinement-development-round-calibrated-p4-0012-efa0b6970f8491dd,4,calibrated,smoothed_joint,development,correlated,combined_cover,mixed_correlated150_after_observable_screen,unresolved,True,True,current,True,0,-1427.548354999999,-1427.548354999999,12.974832443245191,11002.441544,9574.893189,-7357.741783652535,-21,54,162.0,2,-1471.5483567305073,-105.0,-13.0,162.0,0.0,225.9563730000009
p4-refinement-development-round-calibrated-p4-0012-efa0b6970f8491dd,4,calibrated,smoothed_joint,development,correlated,coverage,mixed_correlated150_after_observable_screen,unresolved,True,True,current,True,0,-2274.619295999999,-2274.619295999999,20.67376851677458,11002.441544,8727.822248,-9988.09650094013,-21,-53,-159.0,2,-1997.6193001880265,-105.0,-13.0,-159.0,0.0,228.0878900000007
p4-refinement-development-round-calibrated-p4-0012-efa0b6970f8491dd,4,calibrated,smoothed_joint,development,correlated,local_cover,mixed_correlated150_after_observable_screen,unresolved,True,True,current,True,0,-491.3221489999996,-491.3221489999996,4.465573818639682,11002.441544,10511.119395,-1586.6107425264272,0,-58,-174.0,0,-317.32214850528544,0.0,0.0,-174.0,0.0,0.0
p4-refinement-development-round-calibrated-p4-0013-3fcefede131e7249,4,calibrated,broad_joint,development,correlated,combined_cover,mixed_correlated150_after_observable_screen,unresolved,True,True,current,True,0,-1225.562763,-1225.562763,12.215499315302404,10032.850327,8807.287564,-5257.813800448501,-50,40,120.0,1,-1051.5627600897005,-250.0,-44.0,120.0,0.0,0.0
p4-refinement-development-round-calibrated-p4-0013-3fcefede131e7249,4,calibrated,broad_joint,development,correlated,coverage,mixed_correlated150_after_observable_screen,unresolved,True,True,current,True,0,-484.20567200000005,-484.20567200000005,4.82620248701334,10032.850327,9548.644655,-2841.0283537129435,-50,126,378.0,1,-568.2056707425891,-250.0,-44.0,378.0,0.0,0.0
p4-refinement-development-round-calibrated-p4-0013-3fcefede131e7249,4,calibrated,broad_joint,development,correlated,local_cover,mixed_correlated150_after_observable_screen,unresolved,True,True,current,True,0,-39.887313999999606,-39.887313999999606,0.3975671190135916,10032.850327,9992.963013,-124.43655806878087,0,-5,-15.0,0,-24.887311613756538,0.0,0.0,-15.0,0.0,0.0
p4-refinement-development-round-calibrated-p4-0014-00841baf40477aa8,4,calibrated,smoothed_joint,development,extreme,combined_cover,mixed_extreme150_after_observable_screen,unresolved,True,True,current,True,0,-2188.6296730000013,-2188.6296730000013,19.475926165472277,11237.615374,9048.985701,-8623.148359987594,-72,-13,-39.0,1,-1724.629671997519,-360.0,-65.0,-39.0,0.0,1898.4922049999996
p4-refinement-development-round-calibrated-p4-0014-00841baf40477aa8,4,calibrated,smoothed_joint,development,extreme,coverage,mixed_extreme150_after_observable_screen,unresolved,True,True,current,True,0,-1952.718592000001,-1952.718592000001,17.376627754300298,11237.615374,9284.896782,-7848.592971614191,-72,14,42.0,1,-1569.7185943228378,-360.0,-65.0,42.0,0.0,1894.8781760000002
p4-refinement-development-round-calibrated-p4-0014-00841baf40477aa8,4,calibrated,smoothed_joint,development,extreme,local_cover,mixed_extreme150_after_observable_screen,unresolved,True,True,current,True,0,-486.71932600000036,-486.71932600000036,4.331161993015907,11237.615374,10750.896048,-1713.5966320457956,0,-48,-144.0,0,-342.7193264091584,0.0,0.0,-144.0,0.0,0.0
p4-refinement-development-round-calibrated-p4-0015-1f64802c2d043cda,4,calibrated,broad_joint,development,extreme,combined_cover,mixed_extreme150_after_observable_screen,unresolved,True,True,current,True,0,-686.5261740000005,-686.5261740000005,7.171518064839998,9572.954677,8886.428503,-2477.6308718111322,-54,42,126.0,1,-495.5261743622268,-270.0,-47.0,126.0,0.0,-2736.394636
p4-refinement-development-round-calibrated-p4-0015-1f64802c2d043cda,4,calibrated,broad_joint,development,extreme,coverage,mixed_extreme150_after_observable_screen,unresolved,True,True,current,True,0,-267.174986,-267.174986,2.790935453208769,9572.954677,9305.779691,-980.8749264586877,-54,82,246.0,1,-196.17498529173736,-270.0,-47.0,246.0,0.0,-2733.899602999999
p4-refinement-development-round-calibrated-p4-0015-1f64802c2d043cda,4,calibrated,broad_joint,development,extreme,local_cover,mixed_extreme150_after_observable_screen,unresolved,True,True,current,True,0,-40.68707100000029,-40.68707100000029,0.4250210344958086,9572.954677,9532.267606,-128.4353453660733,0,-5,-15.0,0,-25.687069073214843,0.0,0.0,-15.0,0.0,1.653295000000071
p4-refinement-development-round-calibrated-p4-0016-b5045b0f3a6c4c43,4,calibrated,smoothed_joint,development,correlated,combined_cover,mixed_correlated150_after_observable_screen,unresolved,True,True,current,True,0,-1483.7896400000009,-1483.7896400000009,13.199702204383673,11241.084208,9757.294568,-4013.948199047387,-83,-63,-189.0,-2,-802.7896398094763,-415.0,-77.0,-189.0,0.0,-928.9909189999998
p4-refinement-development-round-calibrated-p4-0016-b5045b0f3a6c4c43,4,calibrated,smoothed_joint,development,correlated,coverage,mixed_correlated150_after_observable_screen,unresolved,True,True,current,True,0,-954.7684609999997,-954.7684609999997,8.493562038442116,11241.084208,10286.315747,-1968.8422985897414,-83,-23,-69.0,-2,-393.7684597179468,-415.0,-77.0,-69.0,0.0,-928.9909189999998
p4-refinement-development-round-calibrated-p4-0016-b5045b0f3a6c4c43,4,calibrated,smoothed_joint,development,correlated,local_cover,mixed_correlated150_after_observable_screen,unresolved,True,True,current,True,0,-1025.4945110000008,-1025.4945110000008,9.122736668676335,11241.084208,10215.589697,-3522.4725708197584,0,-107,-321.0,0,-704.494514163951,0.0,0.0,-321.0,0.0,-0.061709999999948195
p4-refinement-development-round-calibrated-p4-0017-30a09165629dba62,4,calibrated,broad_joint,development,correlated,combined_cover,mixed_correlated150_after_observable_screen,unresolved,True,True,current,True,0,-2059.7139119999993,-2059.7139119999993,19.643894664914225,10485.262455,8425.548543,-10108.569569162326,-45,74,222.0,0,-2021.7139138324646,-225.0,-35.0,222.0,0.0,0.0
p4-refinement-development-round-calibrated-p4-0017-30a09165629dba62,4,calibrated,broad_joint,development,correlated,coverage,mixed_correlated150_after_observable_screen,unresolved,True,True,current,True,0,-2342.7353089999997,-2342.7353089999997,22.343125115412285,10485.262455,8142.527146,-10833.676555770413,-45,28,84.0,0,-2166.7353111540815,-225.0,-35.0,84.0,0.0,0.0
p4-refinement-development-round-calibrated-p4-0017-30a09165629dba62,4,calibrated,broad_joint,development,correlated,local_cover,mixed_correlated150_after_observable_screen,unresolved,True,True,current,True,0,-141.7228269999996,-141.7228269999996,1.3516383362670876,10485.262455,10343.539628,-408.614136272663,0,-20,-60.0,0,-81.7228272545326,0.0,0.0,-60.0,0.0,0.0
p4-refinement-development-round-calibrated-p4-0018-bd860039282aef32,4,calibrated,smoothed_joint,development,extreme,combined_cover,mixed_extreme150_after_observable_screen,unresolved,True,True,current,True,0,-1714.3459459999995,-1714.3459459999995,15.288870499667057,11213.032029,9498.686083,-7986.729742482719,-48,55,165.0,1,-1597.3459484965442,-240.0,-42.0,165.0,0.0,894.2512660000011
p4-refinement-development-round-calibrated-p4-0018-bd860039282aef32,4,calibrated,smoothed_joint,development,extreme,coverage,mixed_extreme150_after_observable_screen,unresolved,True,True,current,True,0,-539.3231689999993,-539.3231689999993,4.809788892113753,11213.032029,10673.70886,-3881.6158493404946,-48,173,519.0,1,-776.3231698680993,-240.0,-42.0,519.0,0.0,892.0184070000014
p4-refinement-development-round-calibrated-p4-0018-bd860039282aef32,4,calibrated,smoothed_joint,development,extreme,local_cover,mixed_extreme150_after_observable_screen,unresolved,True,True,current,True,0,304.1674459999995,304.1674459999995,-2.712624428551871,11213.032029,11517.199475,890.8372295316512,0,42,126.0,0,178.1674459063306,0.0,0.0,126.0,0.0,0.0
p4-refinement-development-round-calibrated-p4-0019-d03a95b5e0ca9c25,4,calibrated,broad_joint,development,extreme,combined_cover,mixed_extreme150_after_observable_screen,unresolved,True,True,current,True,0,-1640.3424190000005,-1640.3424190000005,16.47310375675491,9957.701009,8317.35859,-7526.712094123992,-31,15,45.0,0,-1505.3424188247982,-155.0,-25.0,45.0,0.0,950.1845679999997
p4-refinement-development-round-calibrated-p4-0019-d03a95b5e0ca9c25,4,calibrated,broad_joint,development,extreme,coverage,mixed_extreme150_after_observable_screen,unresolved,True,True,current,True,0,-1431.8899340000007,-1431.8899340000007,14.37972412212242,9957.701009,8525.811075,-6799.449678588775,-31,36,108.0,0,-1359.8899357177552,-155.0,-25.0,108.0,0.0,949.1444279999996
p4-refinement-development-round-calibrated-p4-0019-d03a95b5e0ca9c25,4,calibrated,broad_joint,development,extreme,local_cover,mixed_extreme150_after_observable_screen,unresolved,True,True,current,True,0,-21.83408899999995,-21.83408899999995,0.2192683730940083,9957.701009,9935.86692,-79.17045122767013,0,-2,-6.0,0,-15.834090245533844,0.0,0.0,-6.0,0.0,0.0
p4-refinement-development-round-calibrated-p4-0020-68971de1399bc761,4,calibrated,smoothed_joint,development,correlated,combined_cover,mixed_correlated150_after_observable_screen,unresolved,True,True,current,True,0,-2533.307631999998,-2533.307631999998,22.171624243905647,11425.900079,8892.592447,-9921.538157031588,-19,-147,-441.0,-1,-1984.3076314063164,-95.0,-13.0,-441.0,0.0,-1825.7613349999992
p4-refinement-development-round-calibrated-p4-0020-68971de1399bc761,4,calibrated,smoothed_joint,development,correlated,coverage,mixed_correlated150_after_observable_screen,unresolved,True,True,current,True,0,-2614.627430999999,-2614.627430999999,22.88333884352359,11425.900079,8811.272648,-10193.137152288502,-19,-156,-468.0,-1,-2038.6274304577,-95.0,-13.0,-468.0,0.0,-1825.7613349999992
p4-refinement-development-round-calibrated-p4-0020-68971de1399bc761,4,calibrated,smoothed_joint,development,correlated,local_cover,mixed_correlated150_after_observable_screen,unresolved,True,True,current,True,0,-314.7567549999985,-314.7567549999985,2.7547655136464857,11425.900079,11111.143324,-1153.7837678486394,0,-28,-84.0,0,-230.75675356972715,0.0,0.0,-84.0,0.0,1.8189894035458565e-12
p4-refinement-development-round-calibrated-p4-0021-1f88e5fe67539f60,4,calibrated,broad_joint,development,correlated,combined_cover,mixed_correlated150_after_observable_screen,unresolved,True,True,current,True,0,-3679.3373490000013,-3679.3373490000013,29.696598249669027,12389.760329,8710.42298,-13886.686746493157,-72,-159,-477.0,-1,-2777.337349298632,-360.0,-65.0,-477.0,0.0,682.0902969999997
p4-refinement-development-round-calibrated-p4-0021-1f88e5fe67539f60,4,calibrated,broad_joint,development,correlated,coverage,mixed_correlated150_after_observable_screen,unresolved,True,True,current,True,0,-4032.2360750000007,-4032.2360750000007,32.54490779423696,12389.760329,8357.524254,-14841.180388592351,-72,-213,-639.0,-1,-2968.2360777184704,-360.0,-65.0,-639.0,0.0,677.2717139999995
p4-refinement-development-round-calibrated-p4-0021-1f88e5fe67539f60,4,calibrated,broad_joint,development,correlated,local_cover,mixed_correlated150_after_observable_screen,unresolved,True,True,current,True,0,-947.1733650000006,-947.1733650000006,7.644807807807277,12389.760329,11442.586964,-3190.8668253733704,0,-103,-309.0,0,-638.1733650746737,0.0,0.0,-309.0,0.0,0.0
p4-refinement-development-round-calibrated-p4-0022-a1e076e20abe901b,4,calibrated,smoothed_joint,development,extreme,combined_cover,mixed_extreme150_after_observable_screen,unresolved,True,True,current,True,0,-1586.3870310000002,-1586.3870310000002,15.571929420071061,10187.478945,8601.091914,-5706.9351542023,-57,-36,-108.0,2,-1141.3870308404603,-285.0,-52.0,-108.0,0.0,-1300.403615000001
p4-refinement-development-round-calibrated-p4-0022-a1e076e20abe901b,4,calibrated,smoothed_joint,development,extreme,coverage,mixed_extreme150_after_observable_screen,unresolved,True,True,current,True,0,-1474.722801,-1474.722801,14.475836553495814,10187.478945,8712.756144,-5268.614007378688,-57,-28,-84.0,2,-1053.7228014757384,-285.0,-52.0,-84.0,0.0,-1300.403615000001
p4-refinement-development-round-calibrated-p4-0022-a1e076e20abe901b,4,calibrated,smoothed_joint,development,extreme,local_cover,mixed_extreme150_after_observable_screen,unresolved,True,True,current,True,0,-70.00087500000154,-70.00087500000154,0.6871265734920401,10187.478945,10117.47807,-230.0043840048529,0,-8,-24.0,0,-46.00087680097113,0.0,0.0,-24.0,0.0,-1.8189894035458565e-12
p4-refinement-development-round-calibrated-p4-0023-1be6f24c9a7241fd,4,calibrated,broad_joint,development,extreme,combined_cover,mixed_extreme150_after_observable_screen,unresolved,True,True,current,True,0,-1994.9881779999996,-1994.9881779999996,19.810543742121904,10070.335292,8075.347114,-8114.9409013267505,-42,-42,-126.0,-1,-1622.98818026535,-210.0,-36.0,-126.0,0.0,0.0
p4-refinement-development-round-calibrated-p4-0023-1be6f24c9a7241fd,4,calibrated,broad_joint,development,extreme,coverage,mixed_extreme150_after_observable_screen,unresolved,True,True,current,True,0,-1811.3909540000004,-1811.3909540000004,17.987394674326207,10070.335292,8258.944338,-7226.954782311892,-42,-40,-120.0,-1,-1445.3909564623782,-210.0,-36.0,-120.0,0.0,0.0
p4-refinement-development-round-calibrated-p4-0023-1be6f24c9a7241fd,4,calibrated,broad_joint,development,extreme,local_cover,mixed_extreme150_after_observable_screen,unresolved,True,True,current,True,0,-980.8365869999998,-980.8365869999998,9.739860278328454,10070.335292,9089.498705,-3224.18293088238,0,-112,-336.0,0,-644.836586176476,0.0,0.0,-336.0,0.0,0.0
p4-refinement-development-round-calibrated-p4-0024-eedc4357e90bb5af,4,calibrated,smoothed_joint,development,correlated,combined_cover,mixed_correlated150_after_observable_screen,unresolved,True,True,current,True,0,-2264.5933179999993,-2264.5933179999993,20.550675529894924,11019.556582,8754.963264,-8747.966590860226,-46,-82,-246.0,-1,-1749.5933181720457,-230.0,-39.0,-246.0,0.0,0.0
p4-refinement-development-round-calibrated-p4-0024-eedc4357e90bb5af,4,calibrated,smoothed_joint,development,correlated,coverage,mixed_correlated150_after_observable_screen,unresolved,True,True,current,True,0,-2199.334368,-2199.334368,19.958465221663488,11019.556582,8820.222214,-8541.671857090012,-46,-74,-222.0,-1,-1708.3343714180028,-230.0,-39.0,-222.0,0.0,0.0
p4-refinement-development-round-calibrated-p4-0024-eedc4357e90bb5af,4,calibrated,smoothed_joint,development,correlated,local_cover,mixed_correlated150_after_observable_screen,unresolved,True,True,current,True,0,-50.4142729999985,-50.4142729999985,0.45749819990350776,11019.556582,10969.142309,-357.0713702704161,0,7,21.0,0,-71.41427405408467,0.0,0.0,21.0,0.0,0.0
p4-refinement-development-round-calibrated-p4-0025-1024dd51400cae8d,4,calibrated,broad_joint,development,correlated,combined_cover,mixed_correlated150_after_observable_screen,unresolved,True,True,current,True,0,-1492.60844,-1492.60844,13.109973185477457,11385.289801,9892.681361,-6798.042196331757,-16,-15,-45.0,-1,-1359.6084392663515,-80.0,-8.0,-45.0,0.0,0.0
p4-refinement-development-round-calibrated-p4-0025-1024dd51400cae8d,4,calibrated,broad_joint,development,correlated,coverage,mixed_correlated150_after_observable_screen,unresolved,True,True,current,True,0,-1425.8700520000002,-1425.8700520000002,12.523792340136675,11385.289801,9959.419749,-6554.350259256396,-16,-9,-27.0,-1,-1310.8700518512796,-80.0,-8.0,-27.0,0.0,0.0
p4-refinement-development-round-calibrated-p4-0025-1024dd51400cae8d,4,calibrated,broad_joint,development,correlated,local_cover,mixed_correlated150_after_observable_screen,unresolved,True,True,current,True,0,19.41920299999947,19.41920299999947,-0.17056397631875675,11385.289801,11404.709004,-82.90397663430485,0,12,36.0,0,-16.580795326861335,0.0,0.0,36.0,0.0,0.0
p4-refinement-development-round-calibrated-p4-0026-6326c7952fbb44c0,4,calibrated,smoothed_joint,development,extreme,combined_cover,mixed_extreme150_after_observable_screen,unresolved,True,True,current,True,0,-2575.5488110000006,-2575.5488110000006,23.707276108767214,10863.95923,8288.410419,-10227.744076047864,-71,-38,-114.0,1,-2045.5488152095722,-355.0,-61.0,-114.0,0.0,1352.976178
p4-refinement-development-round-calibrated-p4-0026-6326c7952fbb44c0,4,calibrated,smoothed_joint,development,extreme,coverage,mixed_extreme150_after_observable_screen,unresolved,True,True,current,True,0,-2497.464944000001,-2497.464944000001,22.988533840438585,10863.95923,8366.494286,-9952.324749328272,-71,-30,-90.0,1,-1990.4649498656536,-355.0,-62.0,-90.0,0.0,1630.330896999999
p4-refinement-development-round-calibrated-p4-0026-6326c7952fbb44c0,4,calibrated,smoothed_joint,development,extreme,local_cover,mixed_extreme150_after_observable_screen,unresolved,True,True,current,True,0,164.2014399999989,164.2014399999989,-1.5114327707210928,10863.95923,11028.16067,546.0071971998477,0,18,54.0,0,109.20143943997027,0.0,1.0,54.0,0.0,0.0
p4-refinement-development-round-calibrated-p4-0027-a8b7b69c584f5f75,4,calibrated,broad_joint,development,extreme,combined_cover,mixed_extreme150_after_observable_screen,unresolved,True,True,current,True,0,-2034.2145739999996,-2034.2145739999996,19.04298461744336,10682.22558,8648.011006,-10161.072858534979,4,-11,-33.0,0,-2032.2145717069952,20.0,11.0,-33.0,0.0,0.0
p4-refinement-development-round-calibrated-p4-0027-a8b7b69c584f5f75,4,calibrated,broad_joint,development,extreme,coverage,mixed_extreme150_after_observable_screen,unresolved,True,True,current,True,0,-1924.853223,-1924.853223,18.019215271055902,10682.22558,8757.372357,-9719.266094212682,4,-4,-12.0,0,-1943.853218842536,20.0,11.0,-12.0,0.0,0.0
p4-refinement-development-round-calibrated-p4-0027-a8b7b69c584f5f75,4,calibrated,broad_joint,development,extreme,local_cover,mixed_extreme150_after_observable_screen,unresolved,True,True,current,True,0,-52.44724900000074,-52.44724900000074,0.490976796990658,10682.22558,10629.778331,-202.23623028231668,0,-4,-12.0,0,-40.44724605646297,0.0,0.0,-12.0,0.0,0.0
p4-refinement-development-round-calibrated-p4-0028-a8ed23ef15dfa569,4,calibrated,smoothed_joint,development,correlated,combined_cover,mixed_correlated150_after_observable_screen,unresolved,True,True,current,True,0,-1118.7040730000008,-1118.7040730000008,9.437265403887267,11854.11266,10735.408587,-5123.52035517629,-55,77,231.0,0,-1024.7040710352576,-275.0,-50.0,231.0,0.0,0.0
p4-refinement-development-round-calibrated-p4-0028-a8ed23ef15dfa569,4,calibrated,smoothed_joint,development,correlated,coverage,mixed_correlated150_after_observable_screen,unresolved,True,True,current,True,0,-2223.019585,-2223.019585,18.753150478325217,11854.11266,9631.093075,-8575.09790678566,-55,-61,-183.0,0,-1715.0195813571327,-275.0,-50.0,-183.0,0.0,0.0
p4-refinement-development-round-calibrated-p4-0028-a8ed23ef15dfa569,4,calibrated,smoothed_joint,development,correlated,local_cover,mixed_correlated150_after_observable_screen,unresolved,True,True,current,True,0,107.58622399999877,107.58622399999877,-0.907585637877671,11854.11266,11961.698884,162.93113792345684,0,25,75.0,0,32.58622758469028,0.0,0.0,75.0,0.0,0.0
p4-refinement-development-round-calibrated-p4-0029-e49fb9e5ff88ea47,4,calibrated,broad_joint,development,correlated,combined_cover,mixed_correlated150_after_observable_screen,unresolved,True,True,current,True,0,-1507.2155110000003,-1507.2155110000003,14.255760701015591,10572.676847,9065.461336,-6106.077558016335,-56,14,42.0,-4,-1221.2155116032673,-280.0,-48.0,42.0,0.0,310.33258899999964
p4-refinement-development-round-calibrated-p4-0029-e49fb9e5ff88ea47,4,calibrated,broad_joint,development,correlated,coverage,mixed_correlated150_after_observable_screen,unresolved,True,True,current,True,0,-1884.362457000001,-1884.362457000001,17.822945733319084,10572.676847,8688.31439,-7331.81229869062,-56,-30,-90.0,-4,-1466.362459738124,-280.0,-48.0,-90.0,0.0,310.33258899999964
p4-refinement-development-round-calibrated-p4-0029-e49fb9e5ff88ea47,4,calibrated,broad_joint,development,correlated,local_cover,mixed_correlated150_after_observable_screen,unresolved,True,True,current,True,0,353.9413679999998,353.9413679999998,-3.3476987249490247,10572.676847,10926.618215,944.7068437352209,0,55,165.0,0,188.94136874704418,0.0,0.0,165.0,0.0,0.0
p4-refinement-development-round-calibrated-p4-0030-f26b1ee517e55d62,4,calibrated,smoothed_joint,development,extreme,combined_cover,mixed_extreme150_after_observable_screen,unresolved,True,True,current,True,0,-1306.479029,-1306.479029,11.695112304070188,11171.154197,9864.675168,-5182.39515342738,-66,40,120.0,1,-1036.4790306854757,-330.0,-60.0,120.0,0.0,0.0
p4-refinement-development-round-calibrated-p4-0030-f26b1ee517e55d62,4,calibrated,smoothed_joint,development,extreme,coverage,mixed_extreme150_after_observable_screen,unresolved,True,True,current,True,0,-499.4442020000006,-499.4442020000006,4.4708379563333365,11171.154197,10671.709995,-2467.221011305708,-66,128,384.0,1,-493.4442022611411,-330.0,-60.0,384.0,0.0,0.0
p4-refinement-development-round-calibrated-p4-0030-f26b1ee517e55d62,4,calibrated,smoothed_joint,development,extreme,local_cover,mixed_extreme150_after_observable_screen,unresolved,True,True,current,True,0,-78.15793800000029,-78.15793800000029,0.6996406693678037,11171.154197,11092.996259,-240.78968155584153,0,-10,-30.0,0,-48.15793631116867,0.0,0.0,-30.0,0.0,0.0
p4-refinement-development-round-calibrated-p4-0031-71e22ca8c55db6fd,4,calibrated,broad_joint,development,extreme,combined_cover,mixed_extreme150_after_observable_screen,unresolved,True,True,current,True,0,-495.639165999999,-495.639165999999,5.092892737052298,9731.977318,9236.338152,-2703.1958450249804,3,6,18.0,-1,-540.6391690049959,15.0,12.0,18.0,0.0,-1061.50994
p4-refinement-development-round-calibrated-p4-0031-71e22ca8c55db6fd,4,calibrated,broad_joint,development,extreme,coverage,mixed_extreme150_after_observable_screen,unresolved,True,True,current,True,0,-339.9679899999992,-339.9679899999992,3.4933084910833454,9731.977318,9392.009328,-1979.8399645475074,3,10,30.0,-1,-395.96799290950094,15.0,11.0,30.0,0.0,-1061.50994
p4-refinement-development-round-calibrated-p4-0031-71e22ca8c55db6fd,4,calibrated,broad_joint,development,extreme,local_cover,mixed_extreme150_after_observable_screen,unresolved,True,True,current,True,0,-146.8276539999988,-146.8276539999988,1.5087134834195552,9731.977318,9585.149664,-374.1382584188759,0,-24,-72.0,0,-74.827651683775,0.0,0.0,-72.0,0.0,4.667355999999927
p4-refinement-development-round-calibrated-p4-0032-86e9cab52e3b9e98,4,calibrated,smoothed_joint,development,correlated,combined_cover,mixed_correlated150_after_observable_screen,unresolved,True,True,current,True,0,-835.6689020000013,-835.6689020000013,8.711744430853747,9592.440511,8756.771609,-3128.3445087506043,-87,102,306.0,3,-625.6689017501212,-435.0,-81.0,306.0,0.0,-291.1157850000018
p4-refinement-development-round-calibrated-p4-0032-86e9cab52e3b9e98,4,calibrated,smoothed_joint,development,correlated,coverage,mixed_correlated150_after_observable_screen,unresolved,True,True,current,True,0,-586.5153129999999,-586.5153129999999,6.114349234977495,9592.440511,9005.925198,-2137.5765511159843,-87,119,357.0,3,-427.51531022319705,-435.0,-81.0,357.0,0.0,-288.6347600000008
p4-refinement-development-round-calibrated-p4-0032-86e9cab52e3b9e98,4,calibrated,smoothed_joint,development,correlated,local_cover,mixed_correlated150_after_observable_screen,unresolved,True,True,current,True,0,-107.39911200000097,-107.39911200000097,1.1196223930379605,9592.440511,9485.041399,-326.9955508240746,0,-14,-42.0,0,-65.39911016481528,0.0,0.0,-42.0,0.0,-1.8189894035458565e-12
p4-refinement-development-round-calibrated-p4-0033-7d963367675a1039,4,calibrated,broad_joint,development,correlated,combined_cover,mixed_correlated150_after_observable_screen,unresolved,True,True,current,True,0,-2085.628068,-2085.628068,19.953719671142817,10452.327197,8366.699129,-7898.140349854944,-64,-43,-129.0,2,-1579.6280699709896,-320.0,-57.0,-129.0,0.0,-2548.708049
p4-refinement-development-round-calibrated-p4-0033-7d963367675a1039,4,calibrated,broad_joint,development,correlated,coverage,mixed_correlated150_after_observable_screen,unresolved,True,True,current,True,0,-1734.311952,-1734.311952,16.59259148046741,10452.327197,8718.015245,-6681.559768065003,-64,-7,-21.0,2,-1336.3119536130007,-320.0,-57.0,-21.0,0.0,-2549.424389
p4-refinement-development-round-calibrated-p4-0033-7d963367675a1039,4,calibrated,broad_joint,development,correlated,local_cover,mixed_correlated150_after_observable_screen,unresolved,True,True,current,True,0,-200.60759300000063,-200.60759300000063,1.9192624687215925,10452.327197,10251.719604,-658.0379678862591,0,-23,-69.0,0,-131.60759357725237,0.0,0.0,-69.0,0.0,2.5218919999997524
p4-refinement-development-round-calibrated-p4-0034-4a04564d059b6337,4,calibrated,smoothed_joint,development,extreme,combined_cover,mixed_extreme150_after_observable_screen,unresolved,True,True,current,True,0,-1762.4015,-1762.4015,16.806509053875715,10486.422221,8724.020721,-5782.007487788724,-60,-84,-252.0,-3,-1156.4014975577447,-300.0,-54.0,-252.0,0.0,-1294.0188820000003
p4-refinement-development-round-calibrated-p4-0034-4a04564d059b6337,4,calibrated,smoothed_joint,development,extreme,coverage,mixed_extreme150_after_observable_screen,unresolved,True,True,current,True,0,-1703.2549120000003,-1703.2549120000003,16.242478856030417,10486.422221,8783.167309,-5621.27454543113,-60,-75,-225.0,-3,-1124.2549090862258,-300.0,-54.0,-225.0,0.0,-1294.0188820000003
p4-refinement-development-round-calibrated-p4-0034-4a04564d059b6337,4,calibrated,smoothed_joint,development,extreme,local_cover,mixed_extreme150_after_observable_screen,unresolved,True,True,current,True,0,-269.3880440000012,-269.3880440000012,2.5689223485635306,10486.422221,10217.034177,-956.9402099251456,0,-26,-78.0,0,-191.3880419850293,0.0,0.0,-78.0,0.0,-1.1738800000002811
p4-refinement-development-round-calibrated-p4-0035-e173fcd071680d3c,4,calibrated,broad_joint,development,extreme,combined_cover,mixed_extreme150_after_observable_screen,unresolved,True,True,current,True,0,-1839.7286329999988,-1839.7286329999988,19.03017932959597,9667.426676,7827.698043,-7788.643166136899,-44,-8,-24.0,1,-1557.7286332273798,-220.0,-38.0,-24.0,0.0,-842.7140849999987
p4-refinement-development-round-calibrated-p4-0035-e173fcd071680d3c,4,calibrated,broad_joint,development,extreme,coverage,mixed_extreme150_after_observable_screen,unresolved,True,True,current,True,0,-1616.7228569999988,-1616.7228569999988,16.723404388611666,9667.426676,8050.703819,-7003.614284372063,-44,14,42.0,1,-1400.722856874413,-220.0,-38.0,42.0,0.0,-844.8524629999993
p4-refinement-development-round-calibrated-p4-0035-e173fcd071680d3c,4,calibrated,broad_joint,development,extreme,local_cover,mixed_extreme150_after_observable_screen,unresolved,True,True,current,True,0,-120.32424899999933,-120.32424899999933,1.2446357550216742,9667.426676,9547.102427,-421.6212539017215,0,-12,-36.0,0,-84.3242507803443,0.0,0.0,-36.0,0.0,2.28301300000021
p4-refinement-development-round-calibrated-p4-0036-77eb96242199b8a7,4,calibrated,smoothed_joint,development,correlated,combined_cover,mixed_correlated150_after_observable_screen,unresolved,True,True,current,True,0,-1932.4106389999997,-1932.4106389999997,18.1996642437925,10617.836753,8685.426114,-7947.053195995672,-48,-20,-60.0,1,-1589.4106391991354,-240.0,-43.0,-60.0,0.0,1079.3594189999994
p4-refinement-development-round-calibrated-p4-0036-77eb96242199b8a7,4,calibrated,smoothed_joint,development,correlated,coverage,mixed_correlated150_after_observable_screen,unresolved,True,True,current,True,0,-1666.2684229999995,-1666.2684229999995,15.693106437421978,10617.836753,8951.56833,-6826.342109877252,-48,-6,-18.0,1,-1365.268421975451,-240.0,-43.0,-18.0,0.0,1081.3626519999998
p4-refinement-development-round-calibrated-p4-0036-77eb96242199b8a7,4,calibrated,smoothed_joint,development,correlated,local_cover,mixed_correlated150_after_observable_screen,unresolved,True,True,current,True,0,-128.55855299999894,-128.55855299999894,1.210779144477575,10617.836753,10489.2782,-417.7927679897839,0,-15,-45.0,0,-83.55855359795714,0.0,0.0,-45.0,0.0,0.0
p4-refinement-development-round-calibrated-p4-0037-adf63bec9665778b,4,calibrated,broad_joint,development,correlated,combined_cover,mixed_correlated150_after_observable_screen,unresolved,True,True,current,True,0,-2630.417111999999,-2630.417111999999,21.399995662542622,12291.671239,9661.254127,-9732.085552980556,-64,-102,-306.0,-5,-1946.4171105961123,-320.0,-58.0,-306.0,0.0,0.0
p4-refinement-development-round-calibrated-p4-0037-adf63bec9665778b,4,calibrated,broad_joint,development,correlated,coverage,mixed_correlated150_after_observable_screen,unresolved,True,True,current,True,0,-2689.7332049999986,-2689.7332049999986,21.88256708710039,12291.671239,9601.938034,-9953.66600914429,-64,-107,-321.0,-5,-1990.733201828859,-320.0,-58.0,-321.0,0.0,0.0
p4-refinement-development-round-calibrated-p4-0037-adf63bec9665778b,4,calibrated,broad_joint,development,correlated,local_cover,mixed_correlated150_after_observable_screen,unresolved,True,True,current,True,0,-739.8742219999986,-739.8742219999986,6.019313465303777,12291.671239,11551.797017,-2724.371111034794,0,-65,-195.0,0,-544.8742222069595,0.0,0.0,-195.0,0.0,0.0
p4-refinement-development-round-calibrated-p4-0038-267964939386e74c,4,calibrated,smoothed_joint,development,extreme,combined_cover,mixed_extreme150_after_observable_screen,unresolved,True,True,current,True,0,-1024.440754000001,-1024.440754000001,10.432061041779226,9820.118478,8795.677724,-4837.203762196055,-46,71,213.0,-1,-967.4407524392109,-230.0,-40.0,213.0,0.0,724.7011489999995
p4-refinement-development-round-calibrated-p4-0038-267964939386e74c,4,calibrated,smoothed_joint,development,extreme,coverage,mixed_extreme150_after_observable_screen,unresolved,True,True,current,True,0,-1142.8571270000011,-1142.8571270000011,11.637915871996276,9820.118478,8677.261351,-5249.2856217750195,-46,59,177.0,-1,-1049.8571243550032,-230.0,-40.0,177.0,0.0,722.629058999999
p4-refinement-development-round-calibrated-p4-0038-267964939386e74c,4,calibrated,smoothed_joint,development,extreme,local_cover,mixed_extreme150_after_observable_screen,unresolved,True,True,current,True,0,-62.80816899999991,-62.80816899999991,0.6395866724083724,9820.118478,9757.310309,-179.04084123358916,0,-9,-27.0,0,-35.80816824671729,0.0,0.0,-27.0,0.0,0.0
p4-refinement-development-round-calibrated-p4-0039-9f25a4f27efff5e6,4,calibrated,broad_joint,development,extreme,combined_cover,mixed_extreme150_after_observable_screen,unresolved,True,True,current,True,0,-500.3140089999997,-500.3140089999997,4.4468722584995755,11250.919296,10750.605287,-2476.570039792452,-67,130,390.0,1,-495.31400795849004,-335.0,-60.0,390.0,0.0,0.0
p4-refinement-development-round-calibrated-p4-0039-9f25a4f27efff5e6,4,calibrated,broad_joint,development,extreme,coverage,mixed_extreme150_after_observable_screen,unresolved,True,True,current,True,0,-1652.1964719999996,-1652.1964719999996,14.684990875255847,11250.919296,9598.722824,-5940.982371783299,-67,-23,-69.0,1,-1188.1964743566596,-335.0,-60.0,-69.0,0.0,0.0
p4-refinement-development-round-calibrated-p4-0039-9f25a4f27efff5e6,4,calibrated,broad_joint,development,extreme,local_cover,mixed_extreme150_after_observable_screen,unresolved,True,True,current,True,0,357.3184760000004,357.3184760000004,-3.1759047114224397,11250.919296,11608.237772,1231.5923718840131,0,37,111.0,0,246.31847437680335,0.0,0.0,111.0,0.0,0.0
p4-refinement-development-round-calibrated-p4-0040-2cb55c9f1e05e2e7,4,calibrated,smoothed_joint,development,correlated,combined_cover,mixed_correlated150_after_observable_screen,unresolved,True,True,current,True,0,-2476.375002999999,-2476.375002999999,23.04882821898198,10744.03861,8267.663607,-9106.875015601323,-61,-98,-294.0,0,-1821.3750031202644,-305.0,-56.0,-294.0,0.0,-322.512099999999
p4-refinement-development-round-calibrated-p4-0040-2cb55c9f1e05e2e7,4,calibrated,smoothed_joint,development,correlated,coverage,mixed_correlated150_after_observable_screen,unresolved,True,True,current,True,0,-2052.1508639999993,-2052.1508639999993,19.100367547915944,10744.03861,8691.887746,-7675.75433084416,-61,-52,-156.0,0,-1535.1508661688322,-305.0,-56.0,-156.0,0.0,-320.9577419999987
p4-refinement-development-round-calibrated-p4-0040-2cb55c9f1e05e2e7,4,calibrated,smoothed_joint,development,correlated,local_cover,mixed_correlated150_after_observable_screen,unresolved,True,True,current,True,0,-680.6751769999992,-680.6751769999992,6.3353753807852256,10744.03861,10063.363433,-2458.3758773266236,0,-63,-189.0,0,-491.6751754653251,0.0,0.0,-189.0,0.0,0.013430000000880682
p4-refinement-development-round-calibrated-p4-0041-3b874286aa38d768,4,calibrated,broad_joint,development,correlated,combined_cover,mixed_correlated150_after_observable_screen,unresolved,True,True,current,True,0,-1775.3623480000006,-1775.3623480000006,15.636676471359344,11353.834373,9578.472025,-7906.811736561394,-40,13,39.0,2,-1581.3623473122789,-200.0,-33.0,39.0,0.0,0.0
p4-refinement-development-round-calibrated-p4-0041-3b874286aa38d768,4,calibrated,broad_joint,development,correlated,coverage,mixed_correlated150_after_observable_screen,unresolved,True,True,current,True,0,-1367.2679659999994,-1367.2679659999994,12.042345529114224,11353.834373,9986.566407,-6541.339826186231,-40,58,174.0,2,-1308.2679652372462,-200.0,-33.0,174.0,0.0,0.0
p4-refinement-development-round-calibrated-p4-0041-3b874286aa38d768,4,calibrated,broad_joint,development,correlated,local_cover,mixed_correlated150_after_observable_screen,unresolved,True,True,current,True,0,-184.088667,-184.088667,1.6213788307302797,11353.834373,11169.745706,-620.4433329362655,0,-20,-60.0,0,-124.0886665872531,0.0,0.0,-60.0,0.0,0.0
p4-refinement-development-round-calibrated-p4-0042-d27803b57a40c47a,4,calibrated,smoothed_joint,development,extreme,combined_cover,mixed_extreme150_after_observable_screen,unresolved,True,True,current,True,0,-1998.7673080000004,-1998.7673080000004,17.94619852536182,11137.552642,9138.785334,-7748.836545390324,-49,-54,-162.0,-1,-1549.7673090780645,-245.0,-42.0,-162.0,0.0,883.3161
p4-refinement-development-round-calibrated-p4-0042-d27803b57a40c47a,4,calibrated,smoothed_joint,development,extreme,coverage,mixed_extreme150_after_observable_screen,unresolved,True,True,current,True,0,-1069.5044020000005,-1069.5044020000005,9.602687739197492,11137.552642,10068.04824,-4572.522011031033,-49,44,132.0,-1,-914.5044022062066,-245.0,-42.0,132.0,0.0,881.4331679999996
p4-refinement-development-round-calibrated-p4-0042-d27803b57a40c47a,4,calibrated,smoothed_joint,development,extreme,local_cover,mixed_extreme150_after_observable_screen,unresolved,True,True,current,True,0,-358.64554099999987,-358.64554099999987,3.2201467640883528,11137.552642,10778.907101,-1103.227680156604,0,-46,-138.0,1,-220.64553603132117,0.0,0.0,-138.0,0.0,0.0
p4-refinement-development-round-calibrated-p4-0043-3837441611811bcb,4,calibrated,broad_joint,development,extreme,combined_cover,mixed_extreme150_after_observable_screen,unresolved,True,True,current,True,0,-2150.2254059999996,-2150.2254059999996,18.37406794503578,11702.50057,9552.275164,-7681.127029734293,-69,-69,-207.0,0,-1536.2254059468578,-345.0,-62.0,-207.0,0.0,0.0
p4-refinement-development-round-calibrated-p4-0043-3837441611811bcb,4,calibrated,broad_joint,development,extreme,coverage,mixed_extreme150_after_observable_screen,unresolved,True,True,current,True,0,-1899.4582489999993,-1899.4582489999993,16.23121688940024,11702.50057,9803.042321,-6772.291244463166,-69,-46,-138.0,0,-1354.4582488926317,-345.0,-62.0,-138.0,0.0,0.0
p4-refinement-development-round-calibrated-p4-0043-3837441611811bcb,4,calibrated,broad_joint,development,extreme,local_cover,mixed_extreme150_after_observable_screen,unresolved,True,True,current,True,0,258.2838869999996,258.2838869999996,-2.207082883312345,11702.50057,11960.784457,796.4194426661052,0,33,99.0,0,159.28388853322213,0.0,0.0,99.0,0.0,0.0
p4-refinement-development-round-calibrated-p4-0044-b084b500186015e9,4,calibrated,smoothed_joint,development,correlated,combined_cover,mixed_correlated150_after_observable_screen,unresolved,True,True,current,True,0,-1760.8305750000009,-1760.8305750000009,17.89693425658986,9838.727403,8077.896828,-6694.152866630608,-59,-25,-75.0,-2,-1338.8305733261213,-295.0,-52.0,-75.0,0.0,-823.4068750000006
p4-refinement-development-round-calibrated-p4-0044-b084b500186015e9,4,calibrated,smoothed_joint,development,correlated,coverage,mixed_correlated150_after_observable_screen,unresolved,True,True,current,True,0,-1737.1565140000012,-1737.1565140000012,17.65631308649035,9838.727403,8101.570889,-6605.78258751168,-59,-23,-69.0,-3,-1321.156517502336,-295.0,-52.0,-69.0,0.0,-822.2193670000006
p4-refinement-development-round-calibrated-p4-0044-b084b500186015e9,4,calibrated,smoothed_joint,development,correlated,local_cover,mixed_correlated150_after_observable_screen,unresolved,True,True,current,True,0,88.38508199999887,88.38508199999887,-0.8983385592434313,9838.727403,9927.112485,96.9254029471631,0,23,69.0,0,19.38508058943262,0.0,0.0,69.0,0.0,-0.98287800000071
p4-refinement-development-round-calibrated-p4-0045-eb1b7ab2c57df688,4,calibrated,broad_joint,development,correlated,combined_cover,mixed_correlated150_after_observable_screen,unresolved,True,True,current,True,0,-291.56780700000127,-291.56780700000127,2.769944317532957,10526.125206,10234.557399,-1792.8390274038102,-57,134,402.0,0,-358.5678054807613,-285.0,-50.0,402.0,0.0,0.0
p4-refinement-development-round-calibrated-p4-0045-eb1b7ab2c57df688,4,calibrated,broad_joint,development,correlated,coverage,mixed_correlated150_after_observable_screen,unresolved,True,True,current,True,0,-164.06925700000102,-164.06925700000102,1.5586861621832109,10526.125206,10362.055949,-1035.3462843485686,-57,126,378.0,0,-207.06925686971408,-285.0,-50.0,378.0,0.0,0.0
p4-refinement-development-round-calibrated-p4-0045-eb1b7ab2c57df688,4,calibrated,broad_joint,development,correlated,local_cover,mixed_correlated150_after_observable_screen,unresolved,True,True,current,True,0,44.81192999999985,44.81192999999985,-0.4257210428625396,10526.125206,10570.937136,209.05965805653977,0,1,3.0,0,41.811931611307955,0.0,0.0,3.0,0.0,0.0
p4-refinement-development-round-calibrated-p4-0046-28011964da71657a,4,calibrated,smoothed_joint,development,extreme,combined_cover,mixed_extreme150_after_observable_screen,unresolved,True,True,current,True,0,-3389.0664180000003,-3389.0664180000003,28.024461469197803,12093.243689,8704.177271,-13275.332101047752,3,-253,-759.0,2,-2655.0664202095504,15.0,10.0,-759.0,0.0,-1873.4724840000008
p4-refinement-development-round-calibrated-p4-0046-28011964da71657a,4,calibrated,smoothed_joint,development,extreme,coverage,mixed_extreme150_after_observable_screen,unresolved,True,True,current,True,0,-2478.2804650000016,-2478.2804650000016,20.493099525102952,12093.243689,9614.963224,-10131.402340804794,3,-159,-477.0,2,-2026.2804681609596,15.0,10.0,-477.0,0.0,-1872.095078000002
p4-refinement-development-round-calibrated-p4-0046-28011964da71657a,4,calibrated,smoothed_joint,development,extreme,local_cover,mixed_extreme150_after_observable_screen,unresolved,True,True,current,True,0,-1801.9712340000005,-1801.9712340000005,14.900644362596209,12093.243689,10291.272455,-6324.856187420839,0,-179,-537.0,0,-1264.9712374841683,0.0,0.0,-537.0,0.0,-0.3004770000006829
p4-refinement-development-round-calibrated-p4-0047-9f744d1359ec9938,4,calibrated,broad_joint,development,extreme,combined_cover,mixed_extreme150_after_observable_screen,unresolved,True,True,current,True,0,-556.8515670000015,-556.8515670000015,6.078851362377537,9160.473481,8603.621914,-2504.2578286437274,-20,19,57.0,1,-500.8515657287453,-100.0,-13.0,57.0,0.0,-2700.374342000001
p4-refinement-development-round-calibrated-p4-0047-9f744d1359ec9938,4,calibrated,broad_joint,development,extreme,coverage,mixed_extreme150_after_observable_screen,unresolved,True,True,current,True,0,-45.32172000000173,-45.32172000000173,0.4947530288036399,9160.473481,9115.151761,-591.6085762856019,-20,62,186.0,1,-118.32171525711965,-100.0,-13.0,186.0,0.0,-2698.156715000001
p4-refinement-development-round-calibrated-p4-0047-9f744d1359ec9938,4,calibrated,broad_joint,development,extreme,local_cover,mixed_extreme150_after_observable_screen,unresolved,True,True,current,True,0,-117.18912000000091,-117.18912000000091,1.2792910786005354,9160.473481,9043.284361,-375.9455890905083,0,-14,-42.0,0,-75.1891178181013,0.0,0.0,-42.0,0.0,-0.08869400000094174
p4-refinement-development-round-calibrated-p4-0048-dbc5d8de15a8a7c5,4,calibrated,smoothed_joint,development,correlated,combined_cover,mixed_correlated150_after_observable_screen,unresolved,True,True,current,True,0,-1528.2376339999992,-1528.2376339999992,15.40946363072609,9917.526467,8389.288833,-6146.188190520024,-58,14,42.0,-1,-1229.2376381040049,-290.0,-51.0,42.0,0.0,-2292.7493799999993
p4-refinement-development-round-calibrated-p4-0048-dbc5d8de15a8a7c5,4,calibrated,smoothed_joint,development,correlated,coverage,mixed_correlated150_after_observable_screen,unresolved,True,True,current,True,0,-1040.0575150000004,-1040.0575150000004,10.48706568579103,9917.526467,8877.468952,-4455.287608175262,-58,64,192.0,-1,-891.0575216350526,-290.0,-51.0,192.0,0.0,-2295.344382
p4-refinement-development-round-calibrated-p4-0048-dbc5d8de15a8a7c5,4,calibrated,smoothed_joint,development,correlated,local_cover,mixed_correlated150_after_observable_screen,unresolved,True,True,current,True,0,0.48847200000091107,0.48847200000091107,-0.004925341027586603,9917.526467,9918.014939,2.4423647930962034,0,0,0.0,0,0.48847295861924067,0.0,0.0,0.0,0.0,-0.9616309999992154
p4-refinement-development-round-calibrated-p4-0049-af11dbe74256ff04,4,calibrated,broad_joint,development,correlated,combined_cover,mixed_correlated150_after_observable_screen,unresolved,True,True,current,True,0,-2122.6711130000003,-2122.6711130000003,21.610011143475504,9822.628498,7699.957385,-9058.355564426358,-34,-38,-114.0,0,-1811.6711128852712,-170.0,-27.0,-114.0,0.0,-1679.9331420000008
p4-refinement-development-round-calibrated-p4-0049-af11dbe74256ff04,4,calibrated,broad_joint,development,correlated,coverage,mixed_correlated150_after_observable_screen,unresolved,True,True,current,True,0,-1907.004532,-1907.004532,19.41440147500527,9822.628498,7915.623966,-8340.0226596902,-34,-14,-42.0,0,-1668.0045319380388,-170.0,-27.0,-42.0,0.0,-1681.5973210000002
p4-refinement-development-round-calibrated-p4-0049-af11dbe74256ff04,4,calibrated,broad_joint,development,correlated,local_cover,mixed_correlated150_after_observable_screen,unresolved,True,True,current,True,0,-285.21015500000067,-285.21015500000067,2.903603196008815,9822.628498,9537.418343,-916.0507607024774,0,-34,-102.0,0,-183.21015214049476,0.0,0.0,-102.0,0.0,0.16259099999933824
p4-refinement-development-round-calibrated-p4-0050-4417c1e8d721d60b,4,calibrated,smoothed_joint,development,extreme,combined_cover,mixed_extreme150_after_observable_screen,unresolved,True,True,current,True,0,-1567.5341079999998,-1567.5341079999998,14.467262108559407,10835.04326,9267.509152,-7227.670539365514,-38,33,99.0,0,-1445.5341078731017,-190.0,-31.0,99.0,0.0,1211.0740960000003
p4-refinement-development-round-calibrated-p4-0050-4417c1e8d721d60b,4,calibrated,smoothed_joint,development,extreme,coverage,mixed_extreme150_after_observable_screen,unresolved,True,True,current,True,0,-1573.171722000001,-1573.171722000001,14.519293409816997,10835.04326,9261.871538,-7380.858622135122,-38,41,123.0,0,-1476.171724427024,-190.0,-30.0,123.0,0.0,1213.0797579999999
p4-refinement-development-round-calibrated-p4-0050-4417c1e8d721d60b,4,calibrated,smoothed_joint,development,extreme,local_cover,mixed_extreme150_after_observable_screen,unresolved,True,True,current,True,0,338.7380140000005,338.7380140000005,-3.1263189806590628,10835.04326,11173.781274,973.6900690273687,0,48,144.0,0,194.7380138054741,0.0,0.0,144.0,0.0,0.0
p4-refinement-development-round-calibrated-p4-0051-df2e04c068d1f664,4,calibrated,broad_joint,development,extreme,combined_cover,mixed_extreme150_after_observable_screen,unresolved,True,True,current,True,0,-2571.922971000002,-2571.922971000002,21.83669951807832,11777.98398,9206.061009,-10474.614855004438,-66,-30,-90.0,2,-2094.9229710008867,-330.0,-57.0,-90.0,0.0,0.0
p4-refinement-development-round-calibrated-p4-0051-df2e04c068d1f664,4,calibrated,broad_joint,development,extreme,coverage,mixed_extreme150_after_observable_screen,unresolved,True,True,current,True,0,-2961.156130000001,-2961.156130000001,25.141451499919608,11777.98398,8816.82785,-11730.780660683587,-66,-76,-228.0,1,-2346.156132136717,-330.0,-57.0,-228.0,0.0,0.0
p4-refinement-development-round-calibrated-p4-0051-df2e04c068d1f664,4,calibrated,broad_joint,development,extreme,local_cover,mixed_extreme150_after_observable_screen,unresolved,True,True,current,True,0,-331.9443740000006,-331.9443740000006,2.818346285439595,11777.98398,11446.039606,-1149.7218664392785,0,-34,-102.0,0,-229.94437328785534,0.0,0.0,-102.0,0.0,0.0
p4-refinement-development-round-calibrated-p4-0052-83e37fda0245bf73,4,calibrated,smoothed_joint,development,correlated,combined_cover,mixed_correlated150_after_observable_screen,unresolved,True,True,current,True,0,-1208.7025140000005,-1208.7025140000005,11.320804468891339,10676.825285,9468.122771,-6893.512556620037,-7,68,204.0,4,-1378.702511324007,-35.0,1.0,204.0,0.0,0.0
p4-refinement-development-round-calibrated-p4-0052-83e37fda0245bf73,4,calibrated,smoothed_joint,development,correlated,coverage,mixed_correlated150_after_observable_screen,unresolved,True,True,current,True,0,-319.11251000000084,-319.11251000000084,2.988833304674619,10676.825285,10357.712775,-3705.5625496973953,-7,152,456.0,4,-741.1125099394794,-35.0,1.0,456.0,0.0,0.0
p4-refinement-development-round-calibrated-p4-0052-83e37fda0245bf73,4,calibrated,smoothed_joint,development,correlated,local_cover,mixed_correlated150_after_observable_screen,unresolved,True,True,current,True,0,-418.1483810000009,-418.1483810000009,3.9164111975070206,10676.825285,10258.676904,-1325.7419050924145,0,-51,-153.0,0,-265.14838101848363,0.0,0.0,-153.0,0.0,0.0
p4-refinement-development-round-calibrated-p4-0053-a31d934cbd4852e7,4,calibrated,broad_joint,development,correlated,combined_cover,mixed_correlated150_after_observable_screen,unresolved,True,True,current,True,0,-3118.414637,-3118.414637,26.060054635009113,11966.262852,8847.848215,-10342.073168289819,-84,-184,-552.0,1,-2068.4146336579633,-420.0,-78.0,-552.0,0.0,1058.1639610000002
p4-refinement-development-round-calibrated-p4-0053-a31d934cbd4852e7,4,calibrated,broad_joint,development,correlated,coverage,mixed_correlated150_after_observable_screen,unresolved,True,True,current,True,0,-2686.217688999999,-2686.217688999999,22.448259094952387,11966.262852,9280.045163,-8961.088432190292,-84,-132,-396.0,1,-1792.217686438058,-420.0,-78.0,-396.0,0.0,1057.1319120000007
p4-refinement-development-round-calibrated-p4-0053-a31d934cbd4852e7,4,calibrated,broad_joint,development,correlated,local_cover,mixed_correlated150_after_observable_screen,unresolved,True,True,current,True,0,-1250.4904160000006,-1250.4904160000006,10.450133274408207,11966.262852,10715.772436,-4422.452073846805,0,-122,-366.0,0,-884.4904147693615,0.0,0.0,-366.0,0.0,0.0
p4-refinement-development-round-calibrated-p4-0054-88a90ac6882cbf92,4,calibrated,smoothed_joint,development,extreme,combined_cover,mixed_extreme150_after_observable_screen,unresolved,True,True,current,True,0,-670.6301999999996,-670.6301999999996,6.388776153539431,10497.005747,9826.375547,-2963.1509868837893,-12,-4,-12.0,1,-592.6301973767577,-60.0,-6.0,-12.0,0.0,0.0
p4-refinement-development-round-calibrated-p4-0054-88a90ac6882cbf92,4,calibrated,smoothed_joint,development,extreme,coverage,mixed_extreme150_after_observable_screen,unresolved,True,True,current,True,0,-261.70626300000004,-261.70626300000004,2.493151564433454,10497.005747,10235.299484,-1458.5313071032797,-12,32,96.0,1,-291.7062614206552,-60.0,-6.0,96.0,0.0,0.0
p4-refinement-development-round-calibrated-p4-0054-88a90ac6882cbf92,4,calibrated,smoothed_joint,development,extreme,local_cover,mixed_extreme150_after_observable_screen,unresolved,True,True,current,True,0,-145.63039199999912,-145.63039199999912,1.3873517411536112,10497.005747,10351.375355,-518.1519397374432,0,-14,-42.0,0,-103.630387947489,0.0,0.0,-42.0,0.0,0.0
p4-refinement-development-round-calibrated-p4-0055-87708357bf29cf6f,4,calibrated,broad_joint,development,extreme,combined_cover,mixed_extreme150_after_observable_screen,unresolved,True,True,current,True,0,-1988.4592499999999,-1988.4592499999999,19.215834093078737,10348.024657,8359.565407,-7237.296250533898,-71,-40,-120.0,2,-1447.45925010678,-355.0,-66.0,-120.0,0.0,-836.6521270000003
p4-refinement-development-round-calibrated-p4-0055-87708357bf29cf6f,4,calibrated,broad_joint,development,extreme,coverage,mixed_extreme150_after_observable_screen,unresolved,True,True,current,True,0,-1856.8249759999999,-1856.8249759999999,17.943762578338433,10348.024657,8491.199681,-6789.124876666396,-71,-26,-78.0,2,-1357.8249753332793,-355.0,-66.0,-78.0,0.0,-837.5761140000004
p4-refinement-development-round-calibrated-p4-0055-87708357bf29cf6f,4,calibrated,broad_joint,development,extreme,local_cover,mixed_extreme150_after_observable_screen,unresolved,True,True,current,True,0,-134.81209900000067,-134.81209900000067,1.302780998968784,10348.024657,10213.212558,-449.0604846245551,0,-15,-45.0,0,-89.8120969249112,0.0,0.0,-45.0,0.0,-1.8189894035458565e-12
p4-refinement-development-round-calibrated-p4-0056-47396329a082c147,4,calibrated,smoothed_joint,development,correlated,combined_cover,mixed_correlated150_after_observable_screen,unresolved,True,True,current,True,0,-1344.2979329999998,-1344.2979329999998,12.993021621963512,10346.307211,9002.009278,-4796.489643198409,-81,32,96.0,0,-959.2979286396812,-405.0,-76.0,96.0,0.0,-231.26871800000026
p4-refinement-development-round-calibrated-p4-0056-47396329a082c147,4,calibrated,smoothed_joint,development,correlated,coverage,mixed_correlated150_after_observable_screen,unresolved,True,True,current,True,0,-1897.757056999999,-1897.757056999999,18.342361369110893,10346.307211,8448.550154,-6393.785263403945,-81,-46,-138.0,0,-1278.7570526807885,-405.0,-76.0,-138.0,0.0,-229.59914799999933
p4-refinement-development-round-calibrated-p4-0056-47396329a082c147,4,calibrated,smoothed_joint,development,correlated,local_cover,mixed_correlated150_after_observable_screen,unresolved,True,True,current,True,0,-468.5315730000002,-468.5315730000002,4.5284908271606925,10346.307211,9877.775638,-1787.657863713408,0,-37,-111.0,1,-357.5315727426814,0.0,0.0,-111.0,0.0,-1.8189894035458565e-12
p4-refinement-development-round-calibrated-p4-0057-6190add9bf7ff1e8,4,calibrated,broad_joint,development,correlated,combined_cover,mixed_correlated150_after_observable_screen,unresolved,True,True,current,True,0,-1248.2689419999988,-1248.2689419999988,10.999382336491383,11348.536707,10100.267765,-4016.3447180503936,-105,60,180.0,2,-803.2689436100791,-525.0,-100.0,180.0,0.0,0.0
p4-refinement-development-round-calibrated-p4-0057-6190add9bf7ff1e8,4,calibrated,broad_joint,development,correlated,coverage,mixed_correlated150_after_observable_screen,unresolved,True,True,current,True,0,-1769.7513549999985,-1769.7513549999985,15.594533468868999,11348.536707,9578.785352,-5618.756778637595,-105,-7,-21.0,2,-1123.7513557275188,-525.0,-100.0,-21.0,0.0,0.0
p4-refinement-development-round-calibrated-p4-0057-6190add9bf7ff1e8,4,calibrated,broad_joint,development,correlated,local_cover,mixed_correlated150_after_observable_screen,unresolved,True,True,current,True,0,-316.5657339999998,-316.5657339999998,2.7894850426375752,11348.536707,11031.970973,-1602.828688280577,0,1,3.0,-1,-320.56573765611574,0.0,1.0,3.0,0.0,0.0
p4-refinement-development-round-calibrated-p4-0058-7d82a07a1c5b6acf,4,calibrated,smoothed_joint,development,extreme,combined_cover,mixed_extreme150_after_observable_screen,unresolved,True,True,current,True,0,-3535.069324,-3535.069324,28.93296407768539,12218.137466,8683.068142,-12725.346629161577,-66,-200,-600.0,-2,-2545.0693258323154,-330.0,-60.0,-600.0,0.0,0.0
p4-refinement-development-round-calibrated-p4-0058-7d82a07a1c5b6acf,4,calibrated,smoothed_joint,development,extreme,coverage,mixed_extreme150_after_observable_screen,unresolved,True,True,current,True,0,-3203.4582919999993,-3203.4582919999993,26.218875838599924,12218.137466,9014.679174,-11577.291459403583,-66,-166,-498.0,-2,-2315.4582918807164,-330.0,-60.0,-498.0,0.0,0.0
p4-refinement-development-round-calibrated-p4-0058-7d82a07a1c5b6acf,4,calibrated,smoothed_joint,development,extreme,local_cover,mixed_extreme150_after_observable_screen,unresolved,True,True,current,True,0,-1523.1591960000005,-1523.1591960000005,12.466377958494649,12218.137466,10694.97827,-4975.795976174086,0,-176,-528.0,0,-995.1591952348172,0.0,0.0,-528.0,0.0,0.0
p4-refinement-development-round-calibrated-p4-0059-0e2206ee90332264,4,calibrated,broad_joint,development,extreme,combined_cover,mixed_extreme150_after_observable_screen,unresolved,True,True,current,True,0,-1365.453982000001,-1365.453982000001,11.691195682637442,11679.335622,10313.88164,-7382.269915749617,46,-57,-171.0,-3,-1476.4539831499233,230.0,52.0,-171.0,0.0,-858.641275
p4-refinement-development-round-calibrated-p4-0059-0e2206ee90332264,4,calibrated,broad_joint,development,extreme,coverage,mixed_extreme150_after_observable_screen,unresolved,True,True,current,True,0,-125.11093100000107,-125.11093100000107,1.071216163737375,11679.335622,11554.224691,-2950.5546601495807,46,61,183.0,-3,-590.1109320299165,230.0,52.0,183.0,0.0,-858.641275
p4-refinement-development-round-calibrated-p4-0059-0e2206ee90332264,4,calibrated,broad_joint,development,extreme,local_cover,mixed_extreme150_after_observable_screen,unresolved,True,True,current,True,0,-1037.646947000001,-1037.646947000001,8.884468950831568,11679.335622,10641.688675,-3858.2347319209803,0,-89,-267.0,0,-771.6469463841968,0.0,1.0,-267.0,0.0,2.051575999999841
p4-refinement-development-round-calibrated-p4-0060-23907facf65bbc8c,4,calibrated,smoothed_joint,development,correlated,combined_cover,mixed_correlated150_after_observable_screen,unresolved,True,True,current,True,0,-416.6458139999995,-416.6458139999995,3.901433203147364,10679.301485,10262.655671,-3338.2290838655244,-56,194,582.0,3,-667.6458167731034,-280.0,-51.0,582.0,0.0,862.4382100000003
p4-refinement-development-round-calibrated-p4-0060-23907facf65bbc8c,4,calibrated,smoothed_joint,development,correlated,coverage,mixed_correlated150_after_observable_screen,unresolved,True,True,current,True,0,-992.1997119999996,-992.1997119999996,9.290867135773157,10679.301485,9687.101773,-4940.998566673683,-56,109,327.0,3,-988.1997133347359,-280.0,-51.0,327.0,0.0,862.4382100000003
p4-refinement-development-round-calibrated-p4-0060-23907facf65bbc8c,4,calibrated,smoothed_joint,development,correlated,local_cover,mixed_correlated150_after_observable_screen,unresolved,True,True,current,True,0,-19.14854700000069,-19.14854700000069,0.1793052385204826,10679.301485,10660.152938,-20.74273317460029,0,-5,-15.0,0,-4.148546634918603,0.0,0.0,-15.0,0.0,0.0
p4-refinement-development-round-calibrated-p4-0061-1ea7dd7f5efae050,4,calibrated,broad_joint,development,correlated,combined_cover,mixed_correlated150_after_observable_screen,unresolved,True,True,current,True,0,-1856.5501089999998,-1856.5501089999998,18.132749101306192,10238.657683,8382.107574,-6487.750528592005,-75,-39,-117.0,3,-1297.550105718401,-375.0,-67.0,-117.0,0.0,-230.9347689999995
p4-refinement-development-round-calibrated-p4-0061-1ea7dd7f5efae050,4,calibrated,broad_joint,development,correlated,coverage,mixed_correlated150_after_observable_screen,unresolved,True,True,current,True,0,-1779.8670270000002,-1779.8670270000002,17.383792701217516,10238.657683,8458.790656,-6239.335128080522,-75,-30,-90.0,3,-1247.867025616104,-375.0,-67.0,-90.0,0.0,-230.9347689999995
p4-refinement-development-round-calibrated-p4-0061-1ea7dd7f5efae050,4,calibrated,broad_joint,development,correlated,local_cover,mixed_correlated150_after_observable_screen,unresolved,True,True,current,True,0,-234.82676399999946,-234.82676399999946,2.2935307661462274,10238.657683,10003.830919,-799.1338057707544,0,-25,-75.0,0,-159.82676115415052,0.0,0.0,-75.0,0.0,0.39753900000141584
p4-refinement-development-round-calibrated-p4-0062-03f21603ce2549e3,4,calibrated,smoothed_joint,development,extreme,combined_cover,mixed_extreme150_after_observable_screen,unresolved,True,True,current,True,0,-2776.503607999999,-2776.503607999999,25.552979540625483,10865.674602,8089.170994,-10727.518040874791,-58,-97,-291.0,0,-2145.5036081749586,-290.0,-50.0,-291.0,0.0,0.0
p4-refinement-development-round-calibrated-p4-0062-03f21603ce2549e3,4,calibrated,smoothed_joint,development,extreme,coverage,mixed_extreme150_after_observable_screen,unresolved,True,True,current,True,0,-2517.036505,-2517.036505,23.1650274575377,10865.674602,8348.638097,-9865.182527808953,-58,-68,-204.0,0,-1973.0365055617913,-290.0,-50.0,-204.0,0.0,0.0
p4-refinement-development-round-calibrated-p4-0062-03f21603ce2549e3,4,calibrated,smoothed_joint,development,extreme,local_cover,mixed_extreme150_after_observable_screen,unresolved,True,True,current,True,0,-340.1579299999994,-340.1579299999994,3.130573502885757,10865.674602,10525.516672,-1160.7896375892597,0,-36,-108.0,0,-232.15792751785193,0.0,0.0,-108.0,0.0,0.0
p4-refinement-development-round-calibrated-p4-0063-24834c7cee2822a9,4,calibrated,broad_joint,development,extreme,combined_cover,mixed_extreme150_after_observable_screen,unresolved,True,True,current,True,0,-2478.108397,-2478.108397,20.83582530527673,11893.497669,9415.389272,-10740.541980030757,-51,-10,-30.0,1,-2148.1083960061524,-255.0,-45.0,-30.0,0.0,0.0
p4-refinement-development-round-calibrated-p4-0063-24834c7cee2822a9,4,calibrated,broad_joint,development,extreme,coverage,mixed_extreme150_after_observable_screen,unresolved,True,True,current,True,0,-1915.5567759999994,-1915.5567759999994,16.105916268793102,11893.497669,9977.940893,-8662.783879761868,-51,39,117.0,1,-1732.5567759523747,-255.0,-45.0,117.0,0.0,0.0
p4-refinement-development-round-calibrated-p4-0063-24834c7cee2822a9,4,calibrated,broad_joint,development,extreme,local_cover,mixed_extreme150_after_observable_screen,unresolved,True,True,current,True,0,978.0830869999991,978.0830869999991,-8.223679141497119,11893.497669,12871.580756,2835.4154284907418,0,137,411.0,0,567.0830856981484,0.0,0.0,411.0,0.0,0.0
p4-refinement-development-round-calibrated-p4-0064-d44597e8d5c51b66,4,calibrated,smoothed_joint,development,correlated,combined_cover,mixed_correlated150_after_observable_screen,unresolved,True,True,current,True,0,-1554.6110090000002,-1554.6110090000002,13.607409618980457,11424.738819,9870.12781,-5983.055029384348,-20,-81,-243.0,0,-1196.61100587687,-100.0,-15.0,-243.0,0.0,0.0
p4-refinement-development-round-calibrated-p4-0064-d44597e8d5c51b66,4,calibrated,smoothed_joint,development,correlated,coverage,mixed_correlated150_after_observable_screen,unresolved,True,True,current,True,0,-1178.295932000001,-1178.295932000001,10.313548087772709,11424.738819,10246.442887,-4506.47964442696,-20,-54,-162.0,0,-901.2959288853926,-100.0,-15.0,-162.0,0.0,0.0
p4-refinement-development-round-calibrated-p4-0064-d44597e8d5c51b66,4,calibrated,smoothed_joint,development,correlated,local_cover,mixed_correlated150_after_observable_screen,unresolved,True,True,current,True,0,-456.09620600000017,-456.09620600000017,3.9921805935859633,11424.738819,10968.642613,-1755.4810045201375,0,-35,-105.0,0,-351.0962009040286,0.0,0.0,-105.0,0.0,0.0
p4-refinement-development-round-calibrated-p4-0065-e0c8382e1f13e389,4,calibrated,broad_joint,development,correlated,combined_cover,mixed_correlated150_after_observable_screen,unresolved,True,True,current,True,0,-1571.6622709999992,-1571.6622709999992,14.651646838460008,10726.864279,9155.202008,-6633.311371152369,-59,34,102.0,1,-1326.6622742304735,-295.0,-52.0,102.0,0.0,0.0
p4-refinement-development-round-calibrated-p4-0065-e0c8382e1f13e389,4,calibrated,broad_joint,development,correlated,coverage,mixed_correlated150_after_observable_screen,unresolved,True,True,current,True,0,-1471.9214309999988,-1471.9214309999988,13.721823943289577,10726.864279,9254.942848,-6164.607157132741,-59,36,108.0,1,-1232.9214314265473,-295.0,-52.0,108.0,0.0,0.0
p4-refinement-development-round-calibrated-p4-0065-e0c8382e1f13e389,4,calibrated,broad_joint,development,correlated,local_cover,mixed_correlated150_after_observable_screen,unresolved,True,True,current,True,0,12.258240000001024,12.258240000001024,-0.11427607995375687,10726.864279,10739.122519,-73.70881361121428,0,9,27.0,0,-14.741762722242129,0.0,0.0,27.0,0.0,0.0
p4-refinement-development-round-calibrated-p4-0066-bd87af87a1cdacfd,4,calibrated,smoothed_joint,development,extreme,combined_cover,mixed_extreme150_after_observable_screen,unresolved,True,True,current,True,0,-1253.657494000001,-1253.657494000001,11.324199590936647,11070.605776,9816.948282,-5703.287468869639,-69,98,294.0,0,-1140.657493773927,-345.0,-62.0,294.0,0.0,0.0
p4-refinement-development-round-calibrated-p4-0066-bd87af87a1cdacfd,4,calibrated,smoothed_joint,development,extreme,coverage,mixed_extreme150_after_observable_screen,unresolved,True,True,current,True,0,-1585.1026710000006,-1585.1026710000006,14.31812046307664,11070.605776,9485.503105,-6445.513351555666,-69,37,111.0,0,-1289.102670311133,-345.0,-62.0,111.0,0.0,0.0
p4-refinement-development-round-calibrated-p4-0066-bd87af87a1cdacfd,4,calibrated,smoothed_joint,development,extreme,local_cover,mixed_extreme150_after_observable_screen,unresolved,True,True,current,True,0,-101.66165900000124,-101.66165900000124,0.918302584853973,11070.605776,10968.944117,-418.30828255738015,0,-6,-18.0,-1,-83.66165651147458,0.0,0.0,-18.0,0.0,0.0
p4-refinement-development-round-calibrated-p4-0067-2e05621722b5dd24,4,calibrated,broad_joint,development,extreme,combined_cover,mixed_extreme150_after_observable_screen,unresolved,True,True,current,True,0,854.5532109999995,854.5532109999995,-12.833232882758631,6658.908311,7513.461522,4497.766044097862,1,-16,-48.0,-2,899.5532088195723,5.0,-2.0,-48.0,0.0,0.0
p4-refinement-development-round-calibrated-p4-0067-2e05621722b5dd24,4,calibrated,broad_joint,development,extreme,coverage,mixed_extreme150_after_observable_screen,unresolved,True,True,current,True,0,1063.5219239999997,1063.5219239999997,-15.97141564846514,6658.908311,7722.430235,5472.609614163146,1,-11,-33.0,-3,1094.5219228326287,5.0,-3.0,-33.0,0.0,0.0
p4-refinement-development-round-calibrated-p4-0067-2e05621722b5dd24,4,calibrated,broad_joint,development,extreme,local_cover,mixed_extreme150_after_observable_screen,unresolved,True,True,current,True,0,-153.2629539999998,-153.2629539999998,2.301622831280336,6658.908311,6505.645357,-496.3147884120008,0,-18,-54.0,0,-99.26295768240016,0.0,0.0,-54.0,0.0,0.0
p4-refinement-development-round-calibrated-p4-0068-c688a6557844e029,4,calibrated,smoothed_joint,development,correlated,combined_cover,mixed_correlated150_after_observable_screen,unresolved,True,True,current,True,0,-1372.9585419999985,-1372.9585419999985,13.071187358625192,10503.701801,9130.743259,-6149.792717727651,-11,-29,-87.0,-2,-1229.9585435455292,-55.0,-1.0,-87.0,0.0,718.2637709999999
p4-refinement-development-round-calibrated-p4-0068-c688a6557844e029,4,calibrated,smoothed_joint,development,correlated,coverage,mixed_correlated150_after_observable_screen,unresolved,True,True,current,True,0,-1030.9044779999986,-1030.9044779999986,9.814677696789257,10503.701801,9472.797323,-4889.522393156425,-11,1,3.0,-2,-977.9044786312843,-55.0,-1.0,3.0,0.0,720.1752480000014
p4-refinement-development-round-calibrated-p4-0068-c688a6557844e029,4,calibrated,smoothed_joint,development,correlated,local_cover,mixed_correlated150_after_observable_screen,unresolved,True,True,current,True,0,-91.12022499999875,-91.12022499999875,0.8675058253398217,10503.701801,10412.581576,-620.6011291492105,0,11,33.0,0,-124.12022582984173,0.0,0.0,33.0,0.0,0.0
p4-refinement-development-round-calibrated-p4-0069-f8983513b20243db,4,calibrated,broad_joint,development,correlated,combined_cover,mixed_correlated150_after_observable_screen,unresolved,True,True,current,True,0,-1764.8794609999986,-1764.8794609999986,17.291072735291078,10206.882407,8442.002946,-6869.397303148107,-44,-44,-132.0,-1,-1373.8794606296215,-220.0,-39.0,-132.0,0.0,-2252.194836999999
p4-refinement-development-round-calibrated-p4-0069-f8983513b20243db,4,calibrated,broad_joint,development,correlated,coverage,mixed_correlated150_after_observable_screen,unresolved,True,True,current,True,0,-1398.142969999999,-1398.142969999999,13.69804132397113,10206.882407,8808.739437,-5590.7148541084025,-44,-7,-21.0,-1,-1118.142970821681,-220.0,-39.0,-21.0,0.0,-2250.386033999999
p4-refinement-development-round-calibrated-p4-0069-f8983513b20243db,4,calibrated,broad_joint,development,correlated,local_cover,mixed_correlated150_after_observable_screen,unresolved,True,True,current,True,0,-89.24342799999977,-89.24342799999977,0.8743456076146775,10206.882407,10117.638979,-356.21714008582785,0,-6,-18.0,0,-71.24342801716557,0.0,0.0,-18.0,0.0,-0.9121960000002218
p4-refinement-development-round-calibrated-p4-0070-d46418a3c11eee4c,4,calibrated,smoothed_joint,development,extreme,combined_cover,mixed_extreme150_after_observable_screen,unresolved,True,True,current,True,0,-1126.6103939999994,-1126.6103939999994,11.302180155469978,9968.080304,8841.46991,-4543.051972871479,-23,-28,-84.0,0,-908.6103945742962,-115.0,-19.0,-84.0,0.0,-1151.756906999999
p4-refinement-development-round-calibrated-p4-0070-d46418a3c11eee4c,4,calibrated,smoothed_joint,development,extreme,coverage,mixed_extreme150_after_observable_screen,unresolved,True,True,current,True,0,-1069.2896659999988,-1069.2896659999988,10.727137356336439,9968.080304,8898.790638,-4301.448348364196,-23,-25,-75.0,0,-860.2896696728394,-115.0,-19.0,-75.0,0.0,-1151.756906999999
p4-refinement-development-round-calibrated-p4-0070-d46418a3c11eee4c,4,calibrated,smoothed_joint,development,extreme,local_cover,mixed_extreme150_after_observable_screen,unresolved,True,True,current,True,0,-121.37620099999913,-121.37620099999913,1.217648707658316,9968.080304,9846.704103,-351.8810056345101,0,-17,-51.0,0,-70.37620112690183,0.0,0.0,-51.0,0.0,1.8189894035458565e-12
p4-refinement-development-round-calibrated-p4-0071-cb957675fcf96a33,4,calibrated,broad_joint,development,extreme,combined_cover,mixed_extreme150_after_observable_screen,unresolved,True,True,current,True,0,-1320.3543160000008,-1320.3543160000008,13.894050147756134,9503.019652,8182.665336,-6016.771596819508,-18,-5,-15.0,1,-1203.3543193639016,-90.0,-12.0,-15.0,0.0,-2297.016327000001
p4-refinement-development-round-calibrated-p4-0071-cb957675fcf96a33,4,calibrated,broad_joint,development,extreme,coverage,mixed_extreme150_after_observable_screen,unresolved,True,True,current,True,0,-1329.910664000001,-1329.910664000001,13.994611320414439,9503.019652,8173.108988,-6064.553329952836,-18,-5,-15.0,1,-1212.9106659905674,-90.0,-12.0,-15.0,0.0,-2301.4197460000014
p4-refinement-development-round-calibrated-p4-0071-cb957675fcf96a33,4,calibrated,broad_joint,development,extreme,local_cover,mixed_extreme150_after_observable_screen,unresolved,True,True,current,True,0,-33.702258000001166,-33.702258000001166,0.35464788282225856,9503.019652,9469.317394,-78.51129399987985,0,-6,-18.0,0,-15.702258799976335,0.0,0.0,-18.0,0.0,-1.7108730000018113
p4-refinement-development-round-calibrated-p4-0072-4aa9d329f67e2e2b,4,calibrated,smoothed_joint,development,correlated,combined_cover,mixed_correlated150_after_observable_screen,unresolved,True,True,current,True,0,-1299.8755540000002,-1299.8755540000002,11.820044267422947,10997.213924,9697.33837,-5614.377768475228,-55,50,150.0,1,-1122.8755536950448,-275.0,-52.0,150.0,0.0,0.0
p4-refinement-development-round-calibrated-p4-0072-4aa9d329f67e2e2b,4,calibrated,smoothed_joint,development,correlated,coverage,mixed_correlated150_after_observable_screen,unresolved,True,True,current,True,0,-1030.8451430000005,-1030.8451430000005,9.373693647536617,10997.213924,9966.368781,-4494.225711124476,-55,65,195.0,1,-898.8451422248945,-275.0,-52.0,195.0,0.0,0.0
p4-refinement-development-round-calibrated-p4-0072-4aa9d329f67e2e2b,4,calibrated,smoothed_joint,development,correlated,local_cover,mixed_correlated150_after_observable_screen,unresolved,True,True,current,True,0,267.5992380000007,267.5992380000007,-2.4333366600789668,10997.213924,11264.813162,707.9961889536353,0,42,126.0,0,141.59923779072778,0.0,0.0,126.0,0.0,0.0
p4-refinement-development-round-calibrated-p4-0073-5a988009a6c04ac3,4,calibrated,broad_joint,development,correlated,combined_cover,mixed_correlated150_after_observable_screen,unresolved,True,True,current,True,0,-1397.8840629999995,-1397.8840629999995,12.207416545724096,11451.104808,10053.220745,-3734.4203019806228,-78,-63,-189.0,2,-746.8840603961244,-390.0,-72.0,-189.0,0.0,0.0
p4-refinement-development-round-calibrated-p4-0073-5a988009a6c04ac3,4,calibrated,broad_joint,development,correlated,coverage,mixed_correlated150_after_observable_screen,unresolved,True,True,current,True,0,-388.39083200000096,-388.39083200000096,3.3917324006034977,11451.104808,11062.713976,-336.95415701709135,-78,47,141.0,2,-67.3908314034179,-390.0,-72.0,141.0,0.0,0.0
p4-refinement-development-round-calibrated-p4-0073-5a988009a6c04ac3,4,calibrated,broad_joint,development,correlated,local_cover,mixed_correlated150_after_observable_screen,unresolved,True,True,current,True,0,-630.4985919999999,-630.4985919999999,5.506006648018097,11451.104808,10820.606216,-2072.4929596414295,0,-72,-216.0,0,-414.49859192828626,0.0,0.0,-216.0,0.0,0.0
p4-refinement-development-round-calibrated-p4-0074-d1d6bf72a9cc4b4d,4,calibrated,smoothed_joint,development,extreme,combined_cover,mixed_extreme150_after_observable_screen,unresolved,True,True,current,True,0,-70.57091500000024,-70.57091500000024,0.7485642861305939,9427.502261,9356.931346,1222.1454317200187,-79,52,156.0,2,244.42908634400374,-395.0,-76.0,156.0,0.0,0.0
p4-refinement-development-round-calibrated-p4-0074-d1d6bf72a9cc4b4d,4,calibrated,smoothed_joint,development,extreme,coverage,mixed_extreme150_after_observable_screen,unresolved,True,True,current,True,0,258.764419000001,258.764419000001,-2.744782359485249,9427.502261,9686.26668,2313.8220903531546,-79,89,267.0,2,462.7644180706311,-395.0,-76.0,267.0,0.0,0.0
p4-refinement-development-round-calibrated-p4-0074-d1d6bf72a9cc4b4d,4,calibrated,smoothed_joint,development,extreme,local_cover,mixed_extreme150_after_observable_screen,unresolved,True,True,current,True,0,-97.43642,-97.43642,1.0335337749329234,9427.502261,9330.065841,-307.1820943580751,0,-12,-36.0,0,-61.43641887161539,0.0,0.0,-36.0,0.0,0.0
p4-refinement-development-round-calibrated-p4-0075-c40348e8508ee409,4,calibrated,broad_joint,development,extreme,combined_cover,mixed_extreme150_after_observable_screen,unresolved,True,True,current,True,0,-1934.3781770000005,-1934.3781770000005,18.82116299961673,10277.67613,8343.297953,-8531.890876043071,-47,16,48.0,-1,-1706.3781752086143,-235.0,-41.0,48.0,0.0,-1841.832413000001
p4-refinement-development-round-calibrated-p4-0075-c40348e8508ee409,4,calibrated,broad_joint,development,extreme,coverage,mixed_extreme150_after_observable_screen,unresolved,True,True,current,True,0,-1476.4128,-1476.4128,14.365239586509524,10277.67613,8801.26333,-6857.0640072255155,-47,57,171.0,-1,-1371.4128014451035,-235.0,-41.0,171.0,0.0,-1841.832413
p4-refinement-development-round-calibrated-p4-0075-c40348e8508ee409,4,calibrated,broad_joint,development,extreme,local_cover,mixed_extreme150_after_observable_screen,unresolved,True,True,current,True,0,-136.15980499999932,-136.15980499999932,1.3248112051571266,10277.67613,10141.516325,-605.79902283298,0,-5,-15.0,0,-121.159804566596,0.0,0.0,-15.0,0.0,9.094947017729282e-13
p4-refinement-development-round-calibrated-p4-0076-23d83f141a607e72,4,calibrated,smoothed_joint,development,correlated,combined_cover,mixed_correlated150_after_observable_screen,unresolved,True,True,current,True,0,-1416.1093040000014,-1416.1093040000014,12.585496419960872,11251.914559,9835.805255,-6460.5465209102185,-24,5,15.0,2,-1292.1093041820432,-120.0,-19.0,15.0,0.0,226.8661400000001
p4-refinement-development-round-calibrated-p4-0076-23d83f141a607e72,4,calibrated,smoothed_joint,development,correlated,coverage,mixed_correlated150_after_observable_screen,unresolved,True,True,current,True,0,-1686.5975470000012,-1686.5975470000012,14.98942724952486,11251.914559,9565.317012,-7332.987727153282,-24,-27,-81.0,2,-1466.5975454306554,-120.0,-19.0,-81.0,0.0,226.67704500000036
p4-refinement-development-round-calibrated-p4-0076-23d83f141a607e72,4,calibrated,smoothed_joint,development,correlated,local_cover,mixed_correlated150_after_observable_screen,unresolved,True,True,current,True,0,-28.725729000001593,-28.725729000001593,0.25529636622618074,11251.914559,11223.18883,-398.62865018299635,0,17,51.0,0,-79.72573003659818,0.0,0.0,51.0,0.0,0.0
p4-refinement-development-round-calibrated-p4-0077-4b5345f241e6fbbf,4,calibrated,broad_joint,development,correlated,combined_cover,mixed_correlated150_after_observable_screen,unresolved,True,True,current,True,0,-1982.6281629999994,-1982.6281629999994,19.735539264432557,10045.979167,8063.351004,-8003.140838083069,-44,-42,-126.0,0,-1600.6281676166136,-220.0,-36.0,-126.0,0.0,-2613.033635999999
p4-refinement-development-round-calibrated-p4-0077-4b5345f241e6fbbf,4,calibrated,broad_joint,development,correlated,coverage,mixed_correlated150_after_observable_screen,unresolved,True,True,current,True,0,-1986.9777189999995,-1986.9777189999995,19.778835750794862,10045.979167,8059.001448,-8024.888621383536,-44,-42,-126.0,0,-1604.9777242767068,-220.0,-36.0,-126.0,0.0,-2612.557079
p4-refinement-development-round-calibrated-p4-0077-4b5345f241e6fbbf,4,calibrated,broad_joint,development,correlated,local_cover,mixed_correlated150_after_observable_screen,unresolved,True,True,current,True,0,43.36044899999979,43.36044899999979,-0.4316199374813992,10045.979167,10089.339616,-38.197773639556544,0,17,51.0,0,-7.639554727911673,0.0,0.0,51.0,0.0,-1.6452200000003359
p4-refinement-development-round-calibrated-p4-0078-9a77bb941186e3b7,4,calibrated,smoothed_joint,development,extreme,combined_cover,mixed_extreme150_after_observable_screen,unresolved,True,True,current,True,0,-2373.085693000001,-2373.085693000001,20.226772876233557,11732.398972,9359.313279,-8635.428447678067,-44,-130,-390.0,-2,-1727.0856895356137,-220.0,-36.0,-390.0,0.0,-383.1023750000004
p4-refinement-development-round-calibrated-p4-0078-9a77bb941186e3b7,4,calibrated,smoothed_joint,development,extreme,coverage,mixed_extreme150_after_observable_screen,unresolved,True,True,current,True,0,-1860.2037490000002,-1860.2037490000002,15.85527182837437,11732.398972,9872.195223,-6916.018742904809,-44,-73,-219.0,-2,-1383.2037485809624,-220.0,-38.0,-219.0,0.0,-383.1023749999986
p4-refinement-development-round-calibrated-p4-0078-9a77bb941186e3b7,4,calibrated,smoothed_joint,development,extreme,local_cover,mixed_extreme150_after_observable_screen,unresolved,True,True,current,True,0,-924.8645680000009,-924.8645680000009,7.8829962244485525,11732.398972,10807.534404,-3349.322819713554,0,-85,-255.0,0,-669.8645639427123,0.0,0.0,-255.0,0.0,-2.8302629999998317
p4-refinement-development-round-calibrated-p4-0079-082b3e4866d372d7,4,calibrated,broad_joint,development,extreme,combined_cover,mixed_extreme150_after_observable_screen,unresolved,True,True,current,True,0,-771.916088,-771.916088,7.707361647682641,10015.309042,9243.392954,-1329.5804420690692,-41,-88,-264.0,-3,-265.9160884138146,-205.0,-37.0,-264.0,0.0,0.0
p4-refinement-development-round-calibrated-p4-0079-082b3e4866d372d7,4,calibrated,broad_joint,development,extreme,coverage,mixed_extreme150_after_observable_screen,unresolved,True,True,current,True,0,-27.43447500000002,-27.43447500000002,0.2739253964600728,10015.309042,9987.874567,1072.8276113692555,-41,0,0.0,-3,214.56552227385055,-205.0,-37.0,0.0,0.0,0.0
p4-refinement-development-round-calibrated-p4-0079-082b3e4866d372d7,4,calibrated,broad_joint,development,extreme,local_cover,mixed_extreme150_after_observable_screen,unresolved,True,True,current,True,0,144.48724199999924,144.48724199999924,-1.4426638398683498,10015.309042,10159.796284,47.43621776471264,0,45,135.0,0,9.487243552942346,0.0,0.0,135.0,0.0,0.0
p4-refinement-development-round-stress-p4-0000-c299762dc2bce9ca,4,stress,stress_design,development,deterministic,combined_cover,assumption__radius_min__noise_deterministic__scale_75,broad_or_stress_assumption,True,True,current,True,0,-1631.7850959999996,-1631.7850959999996,15.357274950428794,10625.485975,8993.700879,-6863.925490932932,-35,-19,-57.0,-2,-1372.7850981865868,-175.0,-27.0,-57.0,0.0,0.0
p4-refinement-development-round-stress-p4-0000-c299762dc2bce9ca,4,stress,stress_design,development,deterministic,coverage,assumption__radius_min__noise_deterministic__scale_75,broad_or_stress_assumption,True,True,current,True,0,-1475.6933909999989,-1475.6933909999989,13.88824374218798,10625.485975,9149.792584,-6323.4669553798885,-35,-3,-9.0,-1,-1264.693391075978,-175.0,-27.0,-9.0,0.0,0.0
p4-refinement-development-round-stress-p4-0000-c299762dc2bce9ca,4,stress,stress_design,development,deterministic,local_cover,assumption__radius_min__noise_deterministic__scale_75,broad_or_stress_assumption,True,True,current,True,0,-22.280918000000383,-22.280918000000383,0.2096931665283233,10625.485975,10603.205057,-21.40458957251394,0,-6,-18.0,0,-4.2809179145024245,0.0,0.0,-18.0,0.0,0.0
p4-refinement-development-round-stress-p4-0001-7721a18e026379a1,4,stress,stress_design,development,correlated,combined_cover,assumption__radius_min__noise_correlated__scale_75,broad_or_stress_assumption,True,True,current,True,0,-1362.3199429999986,-1362.3199429999986,12.385498800109328,10999.314319,9636.994376,-6401.599716969169,-48,67,201.0,0,-1280.3199433938335,-240.0,-43.0,201.0,0.0,0.0
p4-refinement-development-round-stress-p4-0001-7721a18e026379a1,4,stress,stress_design,development,correlated,coverage,assumption__radius_min__noise_correlated__scale_75,broad_or_stress_assumption,True,True,current,True,0,-2251.25209,-2251.25209,20.467203906621993,10999.314319,8748.062229,-9241.260464308325,-48,-40,-120.0,0,-1848.252092861665,-240.0,-43.0,-120.0,0.0,0.0
p4-refinement-development-round-stress-p4-0001-7721a18e026379a1,4,stress,stress_design,development,correlated,local_cover,assumption__radius_min__noise_correlated__scale_75,broad_or_stress_assumption,True,True,current,True,0,-258.635796999999,-258.635796999999,2.3513810906670485,10999.314319,10740.678522,-873.178992055713,0,-28,-84.0,0,-174.63579841114188,0.0,0.0,-84.0,0.0,0.0
p4-refinement-development-round-stress-p4-0002-c7501dace02c5f7d,4,stress,stress_design,development,extreme,combined_cover,assumption__radius_min__noise_extreme__scale_75,broad_or_stress_assumption,True,True,current,True,0,-1697.5633069999994,-1697.5633069999994,17.855315032419547,9507.327672,7809.764365,-6217.816526705974,-79,4,12.0,1,-1243.5633053411948,-395.0,-71.0,12.0,0.0,1862.4786599999998
p4-refinement-development-round-stress-p4-0002-c7501dace02c5f7d,4,stress,stress_design,development,extreme,coverage,assumption__radius_min__noise_extreme__scale_75,broad_or_stress_assumption,True,True,current,True,0,-1198.0700820000002,-1198.0700820000002,12.601544023021658,9507.327672,8309.25759,-4560.350400474243,-79,60,180.0,1,-912.0700800948489,-395.0,-71.0,180.0,0.0,1862.4786599999989
p4-refinement-development-round-stress-p4-0002-c7501dace02c5f7d,4,stress,stress_design,development,extreme,local_cover,assumption__radius_min__noise_extreme__scale_75,broad_or_stress_assumption,True,True,current,True,0,-19.81211599999915,-19.81211599999915,0.2083878528595133,9507.327672,9487.515556,-39.060572699330805,0,-4,-12.0,0,-7.812114539866343,0.0,0.0,-12.0,0.0,0.0
p4-refinement-development-round-stress-p4-0003-4fc631f65d97bb16,4,stress,stress_design,development,deterministic,combined_cover,assumption__radius_max__noise_deterministic__scale_75,broad_or_stress_assumption,True,True,current,True,0,-1137.9932370000006,-1137.9932370000006,9.849432991149266,11553.895925,10415.902688,-3874.9661750815503,-19,-85,-255.0,-1,-774.9932350163108,-95.0,-13.0,-255.0,0.0,0.0
p4-refinement-development-round-stress-p4-0003-4fc631f65d97bb16,4,stress,stress_design,development,deterministic,coverage,assumption__radius_max__noise_deterministic__scale_75,broad_or_stress_assumption,True,True,current,True,0,-907.3528299999998,-907.3528299999998,7.853219692213903,11553.895925,10646.543095,-3126.7641483041516,-19,-58,-174.0,-1,-625.352829660831,-95.0,-13.0,-174.0,0.0,0.0
p4-refinement-development-round-stress-p4-0003-4fc631f65d97bb16,4,stress,stress_design,development,deterministic,local_cover,assumption__radius_max__noise_deterministic__scale_75,broad_or_stress_assumption,True,True,current,True,0,-654.6887160000006,-654.6887160000006,5.666389244370838,11553.895925,10899.207209,-2148.443569047573,0,-75,-225.0,0,-429.6887138095153,0.0,0.0,-225.0,0.0,0.0
p4-refinement-development-round-stress-p4-0004-27131fe602bd5674,4,stress,stress_design,development,correlated,combined_cover,assumption__radius_max__noise_correlated__scale_75,broad_or_stress_assumption,True,True,current,True,0,-1748.9491259999995,-1748.9491259999995,16.017103639525658,10919.259595,9170.310469,-6859.745621155322,-44,-39,-117.0,-2,-1371.9491242310633,-220.0,-40.0,-117.0,0.0,-3511.2249139999994
p4-refinement-development-round-stress-p4-0004-27131fe602bd5674,4,stress,stress_design,development,correlated,coverage,assumption__radius_max__noise_correlated__scale_75,broad_or_stress_assumption,True,True,current,True,0,-1807.3845569999994,-1807.3845569999994,16.552262919251525,10919.259595,9111.875038,-7091.922770788682,-44,-43,-129.0,-3,-1418.3845541577357,-220.0,-40.0,-129.0,0.0,-3511.2249139999994
p4-refinement-development-round-stress-p4-0004-27131fe602bd5674,4,stress,stress_design,development,correlated,local_cover,assumption__radius_max__noise_correlated__scale_75,broad_or_stress_assumption,True,True,current,True,0,-622.8876600000003,-622.8876600000003,5.7044862298651156,10919.259595,10296.371935,-2034.4382895045055,0,-72,-216.0,0,-406.8876579009011,0.0,0.0,-216.0,0.0,0.669793999999456
p4-refinement-development-round-stress-p4-0005-d1fee8be1ab11738,4,stress,stress_design,development,extreme,combined_cover,assumption__radius_max__noise_extreme__scale_75,broad_or_stress_assumption,True,True,current,True,0,401.54153399999996,401.54153399999996,-6.6128870671206865,6072.106327,6473.647861,2047.7076600814144,1,-4,-12.0,-1,409.5415320162829,5.0,-1.0,-12.0,0.0,0.0
p4-refinement-development-round-stress-p4-0005-d1fee8be1ab11738,4,stress,stress_design,development,extreme,coverage,assumption__radius_max__noise_extreme__scale_75,broad_or_stress_assumption,True,True,current,True,0,565.4875519999996,565.4875519999996,-9.312873022093237,6072.106327,6637.593879,2672.437746204334,1,9,27.0,-1,534.4875492408664,5.0,-1.0,27.0,0.0,0.0
p4-refinement-development-round-stress-p4-0005-d1fee8be1ab11738,4,stress,stress_design,development,extreme,local_cover,assumption__radius_max__noise_extreme__scale_75,broad_or_stress_assumption,True,True,current,True,0,-36.0406780000003,-36.0406780000003,0.5935449094450663,6072.106327,6036.065649,-90.20339779070127,0,-6,-18.0,0,-18.040679558140255,0.0,0.0,-18.0,0.0,0.0
p4-refinement-development-round-stress-p4-0006-18fb7d6af8e979e9,4,stress,stress_design,development,deterministic,combined_cover,assumption__radius_mixed__noise_deterministic__scale_75,broad_or_stress_assumption,True,True,current,True,0,-2828.777963999999,-2828.777963999999,24.943649057735463,11340.674163,8511.896199,-12023.889801601359,-65,-13,-39.0,-3,-2404.7779603202716,-325.0,-60.0,-39.0,0.0,0.0
p4-refinement-development-round-stress-p4-0006-18fb7d6af8e979e9,4,stress,stress_design,development,deterministic,coverage,assumption__radius_mixed__noise_deterministic__scale_75,broad_or_stress_assumption,True,True,current,True,0,-2845.2197450000003,-2845.2197450000003,25.088629689077862,11340.674163,8495.454418,-12076.098709564176,-65,-15,-45.0,-3,-2415.219741912835,-325.0,-60.0,-45.0,0.0,0.0
p4-refinement-development-round-stress-p4-0006-18fb7d6af8e979e9,4,stress,stress_design,development,deterministic,local_cover,assumption__radius_mixed__noise_deterministic__scale_75,broad_or_stress_assumption,True,True,current,True,0,-13.260684999999285,-13.260684999999285,0.11693030598889348,11340.674163,11327.413478,-21.3034337689096,0,-3,-9.0,0,-4.260686753781556,0.0,0.0,-9.0,0.0,0.0
p4-refinement-development-round-stress-p4-0007-9866eef419c56f5d,4,stress,stress_design,development,correlated,combined_cover,assumption__radius_mixed__noise_correlated__scale_75,broad_or_stress_assumption,True,True,current,True,0,-1785.8150530000003,-1785.8150530000003,15.602448625515335,11445.735832,9659.920779,-8709.075268740533,-18,19,57.0,3,-1741.815053748107,-90.0,-11.0,57.0,0.0,0.0
p4-refinement-development-round-stress-p4-0007-9866eef419c56f5d,4,stress,stress_design,development,correlated,coverage,assumption__radius_mixed__noise_correlated__scale_75,broad_or_stress_assumption,True,True,current,True,0,-2081.4217050000007,-2081.4217050000007,18.185127942414674,11445.735832,9364.314127,-9677.108540850277,-18,-15,-45.0,3,-1935.4217081700554,-90.0,-11.0,-45.0,0.0,0.0
p4-refinement-development-round-stress-p4-0007-9866eef419c56f5d,4,stress,stress_design,development,correlated,local_cover,assumption__radius_mixed__noise_correlated__scale_75,broad_or_stress_assumption,True,True,current,True,0,-318.2150780000011,-318.2150780000011,2.7802063814048115,11445.735832,11127.520754,-1141.0753900348864,0,-30,-90.0,0,-228.2150780069769,0.0,0.0,-90.0,0.0,0.0
p4-refinement-development-round-stress-p4-0008-972ac10b21fe9b3d,4,stress,stress_design,development,extreme,combined_cover,assumption__radius_mixed__noise_extreme__scale_75,broad_or_stress_assumption,True,True,current,True,0,-2290.8955779999997,-2290.8955779999997,20.705658296905263,11064.104049,8773.208471,-8069.47789626618,-71,-86,-258.0,1,-1613.895579253236,-355.0,-64.0,-258.0,0.0,0.0
p4-refinement-development-round-stress-p4-0008-972ac10b21fe9b3d,4,stress,stress_design,development,extreme,coverage,assumption__radius_mixed__noise_extreme__scale_75,broad_or_stress_assumption,True,True,current,True,0,-2296.044770999999,-2296.044770999999,20.752197926116946,11064.104049,8768.059278,-8080.223848203947,-71,-87,-261.0,1,-1616.0447696407891,-355.0,-64.0,-261.0,0.0,0.0
p4-refinement-development-round-stress-p4-0008-972ac10b21fe9b3d,4,stress,stress_design,development,extreme,local_cover,assumption__radius_mixed__noise_extreme__scale_75,broad_or_stress_assumption,True,True,current,True,0,-735.8550109999996,-735.8550109999996,6.650832347030468,11064.104049,10328.249038,-2569.2750549708,0,-74,-222.0,0,-513.8550109941598,0.0,0.0,-222.0,0.0,0.0
p4-refinement-development-round-stress-p4-0009-ca09b7f00463db09,4,stress,stress_design,development,deterministic,combined_cover,assumption__radius_min__noise_deterministic__scale_150,broad_or_stress_assumption,True,True,current,True,0,-2075.505975,-2075.505975,18.647379477734894,11130.282287,9054.776312,-6932.52986453654,-75,-81,-243.0,1,-1386.5059729073073,-375.0,-71.0,-243.0,0.0,0.0
p4-refinement-development-round-stress-p4-0009-ca09b7f00463db09,4,stress,stress_design,development,deterministic,coverage,assumption__radius_min__noise_deterministic__scale_150,broad_or_stress_assumption,True,True,current,True,0,-1604.748141,-1604.748141,14.417856615140135,11130.282287,9525.534146,-5373.740690407874,-75,-28,-84.0,1,-1074.7481380815743,-375.0,-71.0,-84.0,0.0,0.0
p4-refinement-development-round-stress-p4-0009-ca09b7f00463db09,4,stress,stress_design,development,deterministic,local_cover,assumption__radius_min__noise_deterministic__scale_150,broad_or_stress_assumption,True,True,current,True,0,-143.05389699999978,-143.05389699999978,1.2852674650227385,11130.282287,10987.22839,-490.2694694005986,0,-15,-45.0,0,-98.05389388011918,0.0,0.0,-45.0,0.0,0.0
p4-refinement-development-round-stress-p4-0010-27df45929bbe0bb2,4,stress,stress_design,development,correlated,combined_cover,assumption__radius_min__noise_correlated__scale_150,broad_or_stress_assumption,True,True,current,True,0,3285.7374800000007,3285.7374800000007,-62.080240795354136,5292.7267,8578.46418,14278.687396244226,47,52,156.0,1,2855.7374792488445,235.0,39.0,156.0,0.0,0.0
p4-refinement-development-round-stress-p4-0010-27df45929bbe0bb2,4,stress,stress_design,development,correlated,coverage,assumption__radius_min__noise_correlated__scale_150,broad_or_stress_assumption,True,True,current,True,0,2937.534548999999,2937.534548999999,-55.50134581859288,5292.7267,8230.261249,13257.6727352921,47,4,12.0,1,2651.53454705842,235.0,39.0,12.0,0.0,0.0
p4-refinement-development-round-stress-p4-0010-27df45929bbe0bb2,4,stress,stress_design,development,correlated,local_cover,assumption__radius_min__noise_correlated__scale_150,broad_or_stress_assumption,True,True,current,True,0,-57.93032399999993,-57.93032399999993,1.0945270232827236,5292.7267,5234.796376,-229.65162723201138,0,-4,-12.0,0,-45.930325446403,0.0,0.0,-12.0,0.0,0.0
p4-refinement-development-round-stress-p4-0011-b355fe2eadd07e03,4,stress,stress_design,development,extreme,combined_cover,assumption__radius_min__noise_extreme__scale_150,broad_or_stress_assumption,True,True,current,True,0,-1227.435268000001,-1227.435268000001,11.476552553566494,10695.156601,9467.721333,-5342.176315993107,-9,-37,-111.0,-3,-1068.4352631986212,-45.0,-3.0,-111.0,0.0,0.0
p4-refinement-development-round-stress-p4-0011-b355fe2eadd07e03,4,stress,stress_design,development,extreme,coverage,assumption__radius_min__noise_extreme__scale_150,broad_or_stress_assumption,True,True,current,True,0,-518.9071700000004,-518.9071700000004,4.851795904993877,10695.156601,10176.249431,-2879.5358402798374,-9,35,105.0,-3,-575.9071680559664,-45.0,-3.0,105.0,0.0,0.0
p4-refinement-development-round-stress-p4-0011-b355fe2eadd07e03,4,stress,stress_design,development,extreme,local_cover,assumption__radius_min__noise_extreme__scale_150,broad_or_stress_assumption,True,True,current,True,0,-80.08285299999989,-80.08285299999989,0.748776815409249,10695.156601,10615.073748,-400.41424536999693,0,0,0.0,0,-80.08284907399866,0.0,0.0,0.0,0.0,0.0
p4-refinement-development-round-stress-p4-0012-578903d1fc70ff7a,4,stress,stress_design,development,deterministic,combined_cover,assumption__radius_max__noise_deterministic__scale_150,broad_or_stress_assumption,True,True,current,True,0,-1121.9748319999999,-1121.9748319999999,11.552515258433619,9711.952825,8589.977993,-4214.874168602124,-62,28,84.0,-2,-842.9748337204246,-310.0,-53.0,84.0,0.0,326.5092650000006
p4-refinement-development-round-stress-p4-0012-578903d1fc70ff7a,4,stress,stress_design,development,deterministic,coverage,assumption__radius_max__noise_deterministic__scale_150,broad_or_stress_assumption,True,True,current,True,0,-1058.104666000001,-1058.104666000001,10.894870321819145,9711.952825,8653.848159,-4000.5233346975365,-62,35,105.0,-2,-800.1046669395073,-310.0,-53.0,105.0,0.0,326.5005569999994
p4-refinement-development-round-stress-p4-0012-578903d1fc70ff7a,4,stress,stress_design,development,deterministic,local_cover,assumption__radius_max__noise_deterministic__scale_150,broad_or_stress_assumption,True,True,current,True,0,-58.60020100000111,-58.60020100000111,0.603382265708247,9711.952825,9653.352624,-188.00101849393832,0,-7,-21.0,0,-37.60020369878748,0.0,0.0,-21.0,0.0,0.0
p4-refinement-development-round-stress-p4-0013-dd22f2cfa23fd3fd,4,stress,stress_design,development,correlated,combined_cover,assumption__radius_max__noise_correlated__scale_150,broad_or_stress_assumption,True,True,current,True,0,-2010.026156,-2010.026156,18.03891516477967,11142.72193,9132.695774,-10125.130776619684,-43,89,267.0,2,-2025.026155323937,-215.0,-37.0,267.0,0.0,0.0
p4-refinement-development-round-stress-p4-0013-dd22f2cfa23fd3fd,4,stress,stress_design,development,correlated,coverage,assumption__radius_max__noise_correlated__scale_150,broad_or_stress_assumption,True,True,current,True,0,-1879.0007260000002,-1879.0007260000002,16.863031652446523,11142.72193,9263.721204,-9665.00361112709,-43,102,306.0,2,-1933.000722225418,-215.0,-37.0,306.0,0.0,0.0
p4-refinement-development-round-stress-p4-0013-dd22f2cfa23fd3fd,4,stress,stress_design,development,correlated,local_cover,assumption__radius_max__noise_correlated__scale_150,broad_or_stress_assumption,True,True,current,True,0,-23.89658899999995,-23.89658899999995,0.21445917030077002,11142.72193,11118.825341,-44.48295036063064,0,-5,-15.0,0,-8.896590072126855,0.0,0.0,-15.0,0.0,0.0
p4-refinement-development-round-stress-p4-0014-b9eb254b23bf859b,4,stress,stress_design,development,extreme,combined_cover,assumption__radius_max__noise_extreme__scale_150,broad_or_stress_assumption,True,True,current,True,0,-1211.8814430000002,-1211.8814430000002,11.852642822061675,10224.567307,9012.685864,-4764.407236766667,-66,43,129.0,1,-952.8814473533339,-330.0,-58.0,129.0,0.0,1896.3537619999988
p4-refinement-development-round-stress-p4-0014-b9eb254b23bf859b,4,stress,stress_design,development,extreme,coverage,assumption__radius_max__noise_extreme__scale_150,broad_or_stress_assumption,True,True,current,True,0,-939.3123989999985,-939.3123989999985,9.186818090159388,10224.567307,9285.254908,-3896.562009011155,-66,76,228.0,1,-779.3124018022318,-330.0,-58.0,228.0,0.0,1896.3537620000006
p4-refinement-development-round-stress-p4-0014-b9eb254b23bf859b,4,stress,stress_design,development,extreme,local_cover,assumption__radius_max__noise_extreme__scale_150,broad_or_stress_assumption,True,True,current,True,0,-38.339538000000175,-38.339538000000175,0.3749746747107034,10224.567307,10186.227769,-101.69768442425266,0,-6,-18.0,0,-20.33953688485053,0.0,0.0,-18.0,0.0,0.0
p4-refinement-development-round-stress-p4-0015-3e016554c93eb4d5,4,stress,stress_design,development,deterministic,combined_cover,assumption__radius_mixed__noise_deterministic__scale_150,broad_or_stress_assumption,True,True,current,True,0,-1913.1891699999996,-1913.1891699999996,17.70588405033537,10805.386303,8892.197133,-7945.9458547135655,-53,-5,-15.0,0,-1589.1891709427127,-265.0,-44.0,-15.0,0.0,0.0
p4-refinement-development-round-stress-p4-0015-3e016554c93eb4d5,4,stress,stress_design,development,deterministic,coverage,assumption__radius_mixed__noise_deterministic__scale_150,broad_or_stress_assumption,True,True,current,True,0,-1820.3265269999993,-1820.3265269999993,16.846473378694522,10805.386303,8985.059776,-7631.632631477478,-53,5,15.0,0,-1526.3265262954947,-265.0,-44.0,15.0,0.0,0.0
p4-refinement-development-round-stress-p4-0015-3e016554c93eb4d5,4,stress,stress_design,development,deterministic,local_cover,assumption__radius_mixed__noise_deterministic__scale_150,broad_or_stress_assumption,True,True,current,True,0,-73.20011599999998,-73.20011599999998,0.6774409905148578,10805.386303,10732.186187,-201.00060187220515,0,-11,-33.0,0,-40.2001203744403,0.0,0.0,-33.0,0.0,0.0
p4-refinement-development-round-stress-p4-0016-3eb12bd514c56430,4,stress,stress_design,development,correlated,combined_cover,assumption__radius_mixed__noise_correlated__scale_150,broad_or_stress_assumption,True,True,current,True,0,-1371.9309970000013,-1371.9309970000013,13.974265038771236,9817.553862,8445.622865,-5439.65498824892,-49,2,6.0,5,-1087.9309976497834,-245.0,-45.0,6.0,0.0,-3820.5098640000006
p4-refinement-development-round-stress-p4-0016-3eb12bd514c56430,4,stress,stress_design,development,correlated,coverage,assumption__radius_mixed__noise_correlated__scale_150,broad_or_stress_assumption,True,True,current,True,0,-507.93294400000013,-507.93294400000013,5.173721999794822,9817.553862,9309.620918,-2574.6647334655936,-49,99,297.0,4,-514.9329466931185,-245.0,-45.0,297.0,0.0,-3820.5098640000006
p4-refinement-development-round-stress-p4-0016-3eb12bd514c56430,4,stress,stress_design,development,correlated,local_cover,assumption__radius_mixed__noise_correlated__scale_150,broad_or_stress_assumption,True,True,current,True,0,412.9204840000002,412.9204840000002,-4.205940601948288,9817.553862,10230.474346,1209.6024159256922,0,57,171.0,0,241.92048318513935,0.0,0.0,171.0,0.0,0.0
p4-refinement-development-round-stress-p4-0017-06046d779a5bdc08,4,stress,stress_design,development,extreme,combined_cover,assumption__radius_mixed__noise_extreme__scale_150,broad_or_stress_assumption,True,True,current,True,0,-851.9979779999994,-851.9979779999994,8.382507802125211,10163.998628,9312.00065,-3494.9898854734856,-51,49,147.0,0,-698.9979770946975,-255.0,-45.0,147.0,0.0,0.0
p4-refinement-development-round-stress-p4-0017-06046d779a5bdc08,4,stress,stress_design,development,extreme,coverage,assumption__radius_mixed__noise_extreme__scale_150,broad_or_stress_assumption,True,True,current,True,0,-1300.7879109999994,-1300.7879109999994,12.797993768088096,10163.998628,8863.210717,-4868.939551563402,-51,-9,-27.0,0,-973.7879103126807,-255.0,-45.0,-27.0,0.0,0.0
p4-refinement-development-round-stress-p4-0017-06046d779a5bdc08,4,stress,stress_design,development,extreme,local_cover,assumption__radius_mixed__noise_extreme__scale_150,broad_or_stress_assumption,True,True,current,True,0,261.97550800000135,261.97550800000135,-2.5774846848001896,10163.998628,10425.974136,574.877546879703,0,49,147.0,0,114.97550937594042,0.0,0.0,147.0,0.0,0.0
p4-refinement-development-round-stress-p4-0018-2a6137d6ccccf18e,4,stress,stress_design,development,deterministic,combined_cover,assumption__radius_min__noise_deterministic__scale_300,broad_or_stress_assumption,True,True,current,True,0,-2237.194652,-2237.194652,19.24309080110364,11625.963184,9388.768532,-8710.973257621357,-42,-83,-249.0,1,-1742.1946515242726,-210.0,-36.0,-249.0,0.0,0.0
p4-refinement-development-round-stress-p4-0018-2a6137d6ccccf18e,4,stress,stress_design,development,deterministic,coverage,assumption__radius_min__noise_deterministic__scale_300,broad_or_stress_assumption,True,True,current,True,0,-2705.678068000001,-2705.678068000001,23.272721796707877,11625.963184,8920.285116,-10273.39034214236,-42,-135,-405.0,1,-2054.678068428473,-210.0,-36.0,-405.0,0.0,0.0
p4-refinement-development-round-stress-p4-0018-2a6137d6ccccf18e,4,stress,stress_design,development,deterministic,local_cover,assumption__radius_min__noise_deterministic__scale_300,broad_or_stress_assumption,True,True,current,True,0,-727.3808339999996,-727.3808339999996,6.256521051099172,11625.963184,10898.58235,-2526.9041665987024,0,-74,-222.0,0,-505.3808333197412,0.0,0.0,-222.0,0.0,0.0
p4-refinement-development-round-stress-p4-0019-23fa195e3a70149c,4,stress,stress_design,development,correlated,combined_cover,assumption__radius_min__noise_correlated__scale_300,broad_or_stress_assumption,True,True,current,True,0,-1604.8626199999999,-1604.8626199999999,15.442806866399007,10392.298718,8787.436098,-6739.313101824118,-58,28,84.0,1,-1347.8626203648237,-290.0,-51.0,84.0,0.0,0.0
p4-refinement-development-round-stress-p4-0019-23fa195e3a70149c,4,stress,stress_design,development,correlated,coverage,assumption__radius_min__noise_correlated__scale_300,broad_or_stress_assumption,True,True,current,True,0,-1586.0164679999998,-1586.0164679999998,15.261459577301576,10392.298718,8806.28225,-6735.082332199025,-58,34,102.0,1,-1347.0164664398044,-290.0,-51.0,102.0,0.0,0.0
p4-refinement-development-round-stress-p4-0019-23fa195e3a70149c,4,stress,stress_design,development,correlated,local_cover,assumption__radius_min__noise_correlated__scale_300,broad_or_stress_assumption,True,True,current,True,0,6.230944999999338,6.230944999999338,-0.05995733156906872,10392.298718,10398.529663,61.15472385945759,0,-2,-6.0,0,12.2309447718917,0.0,0.0,-6.0,0.0,0.0
p4-refinement-development-round-stress-p4-0020-fc301ee8e17df7d6,4,stress,stress_design,development,extreme,combined_cover,assumption__radius_min__noise_extreme__scale_300,broad_or_stress_assumption,True,True,current,True,0,-3558.0803780000006,-3558.0803780000006,34.62996430321239,10274.571313,6716.490935,-15405.401914239854,-44,-75,-225.0,2,-3081.08038284797,-220.0,-32.0,-225.0,0.0,0.0
p4-refinement-development-round-stress-p4-0020-fc301ee8e17df7d6,4,stress,stress_design,development,extreme,coverage,assumption__radius_min__noise_extreme__scale_300,broad_or_stress_assumption,True,True,current,True,0,-3489.6510900000003,-3489.6510900000003,33.96395804450436,10274.571313,6784.920223,-15183.25546918903,-44,-67,-201.0,2,-3036.651093837805,-220.0,-32.0,-201.0,0.0,0.0
p4-refinement-development-round-stress-p4-0020-fc301ee8e17df7d6,4,stress,stress_design,development,extreme,local_cover,assumption__radius_min__noise_extreme__scale_300,broad_or_stress_assumption,True,True,current,True,0,-314.99120100000073,-314.99120100000073,3.0657357022911027,10274.571313,9959.580112,-989.9559968747053,0,-39,-117.0,0,-197.99119937494106,0.0,0.0,-117.0,0.0,0.0
p4-refinement-development-round-stress-p4-0021-e624dc50dfce1ba6,4,stress,stress_design,development,deterministic,combined_cover,assumption__radius_max__noise_deterministic__scale_300,broad_or_stress_assumption,True,True,current,True,0,-2378.618845000001,-2378.618845000001,19.840106323323386,11988.942026,9610.323181,-10483.094210067298,-18,-60,-180.0,0,-2096.6188420134604,-90.0,-12.0,-180.0,0.0,0.0
p4-refinement-development-round-stress-p4-0021-e624dc50dfce1ba6,4,stress,stress_design,development,deterministic,coverage,assumption__radius_max__noise_deterministic__scale_300,broad_or_stress_assumption,True,True,current,True,0,-2344.581013000001,-2344.581013000001,19.55619610066835,11988.942026,9644.361013,-10372.90505244249,-18,-56,-168.0,0,-2074.5810104884986,-90.0,-12.0,-168.0,0.0,0.0
p4-refinement-development-round-stress-p4-0021-e624dc50dfce1ba6,4,stress,stress_design,development,deterministic,local_cover,assumption__radius_max__noise_deterministic__scale_300,broad_or_stress_assumption,True,True,current,True,0,130.87842699999965,130.87842699999965,-1.0916595202159471,11988.942026,12119.820453,429.39214600952255,0,15,45.0,0,85.87842920190451,0.0,0.0,45.0,0.0,0.0
p4-refinement-development-round-stress-p4-0022-bdd9e247b9c329a4,4,stress,stress_design,development,correlated,combined_cover,assumption__radius_max__noise_correlated__scale_300,broad_or_stress_assumption,True,True,current,True,0,-794.3089579999996,-794.3089579999996,8.249655937740094,9628.388917,8834.079959,-2931.544794279289,-66,61,183.0,-2,-586.3089588558578,-330.0,-61.0,183.0,0.0,-2311.631931
p4-refinement-development-round-stress-p4-0022-bdd9e247b9c329a4,4,stress,stress_design,development,correlated,coverage,assumption__radius_max__noise_correlated__scale_300,broad_or_stress_assumption,True,True,current,True,0,-1318.294621000001,-1318.294621000001,13.6917466916236,9628.388917,8310.094296,-4396.473113077496,-66,-16,-48.0,-2,-879.2946226155,-330.0,-61.0,-48.0,0.0,-2311.631931000001
p4-refinement-development-round-stress-p4-0022-bdd9e247b9c329a4,4,stress,stress_design,development,correlated,local_cover,assumption__radius_max__noise_correlated__scale_300,broad_or_stress_assumption,True,True,current,True,0,-8.832994000000326,-8.832994000000326,0.09173906534253809,9628.388917,9619.555923,-44.16496912667208,0,0,0.0,0,-8.832993825334597,0.0,0.0,0.0,0.0,0.9684849999994185
p4-refinement-development-round-stress-p4-0023-e6f815986454c628,4,stress,stress_design,development,extreme,combined_cover,assumption__radius_max__noise_extreme__scale_300,broad_or_stress_assumption,True,True,current,True,0,25.653207999999722,25.653207999999722,-0.26264987848070187,9767.074003,9792.727211,-421.7339454301109,-6,47,141.0,0,-84.34678908602291,-30.0,-1.0,141.0,0.0,0.0
p4-refinement-development-round-stress-p4-0023-e6f815986454c628,4,stress,stress_design,development,extreme,coverage,assumption__radius_max__noise_extreme__scale_300,broad_or_stress_assumption,True,True,current,True,0,157.78867300000093,157.78867300000093,-1.6155163045916867,9767.074003,9924.862676,163.9433773373894,-6,52,156.0,1,32.78867546747824,-30.0,-1.0,156.0,0.0,0.0
p4-refinement-development-round-stress-p4-0023-e6f815986454c628,4,stress,stress_design,development,extreme,local_cover,assumption__radius_max__noise_extreme__scale_300,broad_or_stress_assumption,True,True,current,True,0,636.850042,636.850042,-6.520376950193976,9767.074003,10403.924045,2044.2502329557465,0,76,228.0,0,408.8500465911493,0.0,0.0,228.0,0.0,0.0
p4-refinement-development-round-stress-p4-0024-b43f473e8350110f,4,stress,stress_design,development,deterministic,combined_cover,assumption__radius_mixed__noise_deterministic__scale_300,broad_or_stress_assumption,True,True,current,True,0,-2068.1259009999994,-2068.1259009999994,18.198929272150664,11363.997684,9295.871783,-7020.629501667288,-81,-61,-183.0,0,-1404.125900333458,-405.0,-76.0,-183.0,0.0,0.0
p4-refinement-development-round-stress-p4-0024-b43f473e8350110f,4,stress,stress_design,development,deterministic,coverage,assumption__radius_mixed__noise_deterministic__scale_300,broad_or_stress_assumption,True,True,current,True,0,-2061.2284999999993,-2061.2284999999993,18.138234073226858,11363.997684,9302.769184,-7001.14249461914,-81,-60,-180.0,0,-1400.2284989238287,-405.0,-76.0,-180.0,0.0,0.0
p4-refinement-development-round-stress-p4-0024-b43f473e8350110f,4,stress,stress_design,development,deterministic,local_cover,assumption__radius_mixed__noise_deterministic__scale_300,broad_or_stress_assumption,True,True,current,True,0,-113.87847499999953,-113.87847499999953,1.0020987170767848,11363.997684,11250.119209,-404.3923750431786,0,-11,-33.0,0,-80.87847500863609,0.0,0.0,-33.0,0.0,0.0
p4-refinement-development-round-stress-p4-0025-dc2afcd8f560a6e1,4,stress,stress_design,development,correlated,combined_cover,assumption__radius_mixed__noise_correlated__scale_300,broad_or_stress_assumption,True,True,current,True,0,-3159.9372319999993,-3159.9372319999993,28.253891613381725,11184.077844,8024.140612,-13879.686166062445,-43,-44,-132.0,-3,-2775.9372332124885,-215.0,-37.0,-132.0,0.0,774.6752969999998
p4-refinement-development-round-stress-p4-0025-dc2afcd8f560a6e1,4,stress,stress_design,development,correlated,coverage,assumption__radius_mixed__noise_correlated__scale_300,broad_or_stress_assumption,True,True,current,True,0,-3093.012365999999,-3093.012365999999,27.65549747724019,11184.077844,8091.065478,-13710.061826418423,-43,-33,-99.0,-3,-2742.0123652836837,-215.0,-37.0,-99.0,0.0,774.6752970000007
p4-refinement-development-round-stress-p4-0025-dc2afcd8f560a6e1,4,stress,stress_design,development,correlated,local_cover,assumption__radius_mixed__noise_correlated__scale_300,broad_or_stress_assumption,True,True,current,True,0,-82.93255399999907,-82.93255399999907,0.7415233974295921,11184.077844,11101.14529,-279.6627765637968,0,-9,-27.0,0,-55.93255531275827,0.0,0.0,-27.0,0.0,0.0
p4-refinement-development-round-stress-p4-0026-99627e8225cde3a8,4,stress,stress_design,development,extreme,combined_cover,assumption__radius_mixed__noise_extreme__scale_300,broad_or_stress_assumption,True,True,current,True,0,-875.7629070000003,-875.7629070000003,8.369982139058736,10463.139496,9587.376589,-3448.814546607573,-72,80,240.0,1,-689.7629093215146,-360.0,-66.0,240.0,0.0,0.0
p4-refinement-development-round-stress-p4-0026-99627e8225cde3a8,4,stress,stress_design,development,extreme,coverage,assumption__radius_mixed__noise_extreme__scale_300,broad_or_stress_assumption,True,True,current,True,0,-347.15623400000004,-347.15623400000004,3.317897406726881,10463.139496,10115.983262,-1705.7811796834576,-72,140,420.0,1,-341.1562359366917,-360.0,-66.0,420.0,0.0,0.0
p4-refinement-development-round-stress-p4-0026-99627e8225cde3a8,4,stress,stress_design,development,extreme,local_cover,assumption__radius_mixed__noise_extreme__scale_300,broad_or_stress_assumption,True,True,current,True,0,10.783622999999352,10.783622999999352,-0.1030629765007135,10463.139496,10473.923119,158.9181136279658,0,-7,-21.0,0,31.783622725592977,0.0,0.0,-21.0,0.0,0.0
p4-refinement-development-round-stress-p4-0027-5d9e6302187c5e63,4,stress,stress_design,development,deterministic,combined_cover,assumption__radius_min__noise_deterministic__scale_75,broad_or_stress_assumption,True,True,current,True,0,-2885.900223999999,-2885.900223999999,25.41562472425658,11354.827022,8468.926798,-13984.501142053588,-23,13,39.0,1,-2796.9002284107173,-115.0,-13.0,39.0,0.0,601.7766300000003
p4-refinement-development-round-stress-p4-0027-5d9e6302187c5e63,4,stress,stress_design,development,deterministic,coverage,assumption__radius_min__noise_deterministic__scale_75,broad_or_stress_assumption,True,True,current,True,0,-2831.3777809999992,-2831.3777809999992,24.935454987682327,11354.827022,8523.449241,-13876.888924174826,-23,24,72.0,1,-2775.3777848349655,-115.0,-13.0,72.0,0.0,597.3241320000006
p4-refinement-development-round-stress-p4-0027-5d9e6302187c5e63,4,stress,stress_design,development,deterministic,local_cover,assumption__radius_min__noise_deterministic__scale_75,broad_or_stress_assumption,True,True,current,True,0,-88.05879599999935,-88.05879599999935,0.7755186039328055,11354.827022,11266.768226,-290.29398644586036,0,-10,-30.0,0,-58.05879728917171,0.0,0.0,-30.0,0.0,0.0
p4-refinement-development-round-stress-p4-0028-e5679efc05be1aa7,4,stress,stress_design,development,correlated,combined_cover,assumption__radius_min__noise_correlated__scale_75,broad_or_stress_assumption,True,True,current,True,0,-261.3847129999999,-261.3847129999999,6.944752070509952,3763.773139,3502.388426,-1271.9235609828302,0,-2,-6.0,0,-254.38471219656594,0.0,-1.0,-6.0,0.0,0.0
p4-refinement-development-round-stress-p4-0028-e5679efc05be1aa7,4,stress,stress_design,development,correlated,coverage,assumption__radius_min__noise_correlated__scale_75,broad_or_stress_assumption,True,True,current,True,0,-262.2896889999997,-262.2896889999997,6.968796452744962,3763.773139,3501.48345,-1276.4484454634166,0,-2,-6.0,0,-255.28968909268315,0.0,-1.0,-6.0,0.0,0.0
p4-refinement-development-round-stress-p4-0028-e5679efc05be1aa7,4,stress,stress_design,development,correlated,local_cover,assumption__radius_min__noise_correlated__scale_75,broad_or_stress_assumption,True,True,current,True,0,-31.791034999999738,-31.791034999999738,0.8446586397724897,3763.773139,3731.982104,-113.95517266026764,0,-3,-9.0,0,-22.791034532053345,0.0,0.0,-9.0,0.0,0.0
p4-refinement-development-round-stress-p4-0029-e879bb5717537874,4,stress,stress_design,development,extreme,combined_cover,assumption__radius_min__noise_extreme__scale_75,broad_or_stress_assumption,True,True,current,True,0,2753.772414,2753.772414,-47.14403614932297,5841.18934,8594.961754,11483.862064410656,73,9,27.0,-2,2296.772412882132,365.0,65.0,27.0,0.0,0.0
p4-refinement-development-round-stress-p4-0029-e879bb5717537874,4,stress,stress_design,development,extreme,coverage,assumption__radius_min__noise_extreme__scale_75,broad_or_stress_assumption,True,True,current,True,0,2804.7221529999997,2804.7221529999997,-48.01628554981921,5841.18934,8645.911493,11588.61078787248,73,19,57.0,-2,2317.722157574496,365.0,65.0,57.0,0.0,0.0
p4-refinement-development-round-stress-p4-0029-e879bb5717537874,4,stress,stress_design,development,extreme,local_cover,assumption__radius_min__noise_extreme__scale_75,broad_or_stress_assumption,True,True,current,True,0,543.9207370000004,543.9207370000004,-9.311814860635906,5841.18934,6385.110077,1624.6036793022322,0,73,219.0,0,324.92073586044717,0.0,0.0,219.0,0.0,0.0
p4-refinement-development-round-stress-p4-0030-8e5b4b3fa54f9a27,4,stress,stress_design,development,deterministic,combined_cover,assumption__radius_max__noise_deterministic__scale_75,broad_or_stress_assumption,True,True,current,True,0,-2710.558935000001,-2710.558935000001,25.059106657307154,10816.66227,8106.103335,-11962.79468472677,-38,-33,-99.0,0,-2392.5589369453546,-190.0,-29.0,-99.0,0.0,-1587.8928880000003
p4-refinement-development-round-stress-p4-0030-8e5b4b3fa54f9a27,4,stress,stress_design,development,deterministic,coverage,assumption__radius_max__noise_deterministic__scale_75,broad_or_stress_assumption,True,True,current,True,0,-2646.244367000001,-2646.244367000001,24.46451872995385,10816.66227,8170.417903,-11776.221836387846,-38,-24,-72.0,0,-2355.24436727757,-190.0,-29.0,-72.0,0.0,-1587.8928880000003
p4-refinement-development-round-stress-p4-0030-8e5b4b3fa54f9a27,4,stress,stress_design,development,deterministic,local_cover,assumption__radius_max__noise_deterministic__scale_75,broad_or_stress_assumption,True,True,current,True,0,-91.88815299999987,-91.88815299999987,0.8495056118637591,10816.66227,10724.774117,-279.4407611218412,0,-12,-36.0,0,-55.88815222436824,0.0,0.0,-36.0,0.0,1.0597530000013649
p4-refinement-development-round-stress-p4-0031-337ddb6b7767d4e6,4,stress,stress_design,development,correlated,combined_cover,assumption__radius_max__noise_correlated__scale_75,broad_or_stress_assumption,True,True,current,True,0,-2975.9298610000005,-2975.9298610000005,25.830991060176572,11520.773067,8544.843206,-13584.649322256922,-37,-14,-42.0,0,-2716.9298644513838,-185.0,-32.0,-42.0,0.0,821.0552509999998
p4-refinement-development-round-stress-p4-0031-337ddb6b7767d4e6,4,stress,stress_design,development,correlated,coverage,assumption__radius_max__noise_correlated__scale_75,broad_or_stress_assumption,True,True,current,True,0,-2998.9255780000003,-2998.9255780000003,26.030593264527496,11520.773067,8521.847489,-13684.627907632457,-37,-15,-45.0,0,-2736.9255815264905,-185.0,-32.0,-45.0,0.0,819.2059330000002
p4-refinement-development-round-stress-p4-0031-337ddb6b7767d4e6,4,stress,stress_design,development,correlated,local_cover,assumption__radius_max__noise_correlated__scale_75,broad_or_stress_assumption,True,True,current,True,0,76.14564400000017,76.14564400000017,-0.6609421395349856,11520.773067,11596.918711,260.72820738693554,0,8,24.0,0,52.14564147738747,0.0,0.0,24.0,0.0,0.0
p4-refinement-development-round-stress-p4-0032-f49aa4e096246f53,4,stress,stress_design,development,extreme,combined_cover,assumption__radius_max__noise_extreme__scale_75,broad_or_stress_assumption,True,True,current,True,0,-1155.8531409999996,-1155.8531409999996,11.392056493981979,10146.132453,8990.279312,-4409.2656989657335,-79,65,195.0,1,-881.8531397931465,-395.0,-74.0,195.0,0.0,0.0
p4-refinement-development-round-stress-p4-0032-f49aa4e096246f53,4,stress,stress_design,development,extreme,coverage,assumption__radius_max__noise_extreme__scale_75,broad_or_stress_assumption,True,True,current,True,0,295.7770299999993,295.7770299999993,-2.915170202736159,10146.132453,10441.909483,223.88516098575928,-79,240,720.0,1,44.77703219715204,-395.0,-74.0,720.0,0.0,0.0
p4-refinement-development-round-stress-p4-0032-f49aa4e096246f53,4,stress,stress_design,development,extreme,local_cover,assumption__radius_max__noise_extreme__scale_75,broad_or_stress_assumption,True,True,current,True,0,-80.92846099999952,-80.92846099999952,0.7976286666361294,10146.132453,10065.203992,-344.642299837491,0,-4,-12.0,0,-68.92845996749838,0.0,0.0,-12.0,0.0,0.0
p4-refinement-development-round-stress-p4-0033-7579dd77019d46ec,4,stress,stress_design,development,deterministic,combined_cover,assumption__radius_mixed__noise_deterministic__scale_75,broad_or_stress_assumption,True,True,current,True,0,-255.1170750000001,-255.1170750000001,2.4122599272085368,10575.853461,10320.736386,-2800.585398836389,-25,149,447.0,5,-560.1170797672776,-125.0,-17.0,447.0,0.0,0.0
p4-refinement-development-round-stress-p4-0033-7579dd77019d46ec,4,stress,stress_design,development,deterministic,coverage,assumption__radius_mixed__noise_deterministic__scale_75,broad_or_stress_assumption,True,True,current,True,0,-1271.404904000001,-1271.404904000001,12.021771185545372,10575.853461,9304.448557,-6112.024546052999,-25,31,93.0,5,-1222.4049092105997,-125.0,-17.0,93.0,0.0,0.0
p4-refinement-development-round-stress-p4-0033-7579dd77019d46ec,4,stress,stress_design,development,deterministic,local_cover,assumption__radius_mixed__noise_deterministic__scale_75,broad_or_stress_assumption,True,True,current,True,0,-0.3336200000012468,-0.3336200000012468,0.0031545444651962995,10575.853461,10575.519841,13.331908937732805,0,-1,-3.0,0,2.666381787546925,0.0,0.0,-3.0,0.0,0.0
p4-refinement-development-round-stress-p4-0034-681d7fd7c7283991,4,stress,stress_design,development,correlated,combined_cover,assumption__radius_mixed__noise_correlated__scale_75,broad_or_stress_assumption,True,True,current,True,0,-791.6792280000009,-791.6792280000009,8.35917322636826,9470.783851,8679.104623,-3628.3961492410526,-36,49,147.0,2,-725.6792298482105,-180.0,-33.0,147.0,0.0,-11.6508500000009
p4-refinement-development-round-stress-p4-0034-681d7fd7c7283991,4,stress,stress_design,development,correlated,coverage,assumption__radius_mixed__noise_correlated__scale_75,broad_or_stress_assumption,True,True,current,True,0,-1131.4042399999998,-1131.4042399999998,11.94625764667343,9470.783851,8339.379611,-4547.021213283915,-36,-3,-9.0,2,-909.404242656783,-180.0,-33.0,-9.0,0.0,-11.650849999999991
p4-refinement-development-round-stress-p4-0034-681d7fd7c7283991,4,stress,stress_design,development,correlated,local_cover,assumption__radius_mixed__noise_correlated__scale_75,broad_or_stress_assumption,True,True,current,True,0,522.0690880000002,522.0690880000002,-5.512416883475553,9470.783851,9992.852939,1620.3454462893715,0,66,198.0,0,324.0690892578741,0.0,0.0,198.0,0.0,-1.0079699999996592
p4-refinement-development-round-stress-p4-0035-30eff3ec9b146289,4,stress,stress_design,development,extreme,combined_cover,assumption__radius_mixed__noise_extreme__scale_75,broad_or_stress_assumption,True,True,current,True,0,-1933.6165499999997,-1933.6165499999997,19.389325916759574,9972.582638,8038.966088,-8723.082738803729,-32,0,0.0,0,-1744.6165477607456,-160.0,-29.0,0.0,0.0,1718.3052589999998
p4-refinement-development-round-stress-p4-0035-30eff3ec9b146289,4,stress,stress_design,development,extreme,coverage,assumption__radius_mixed__noise_extreme__scale_75,broad_or_stress_assumption,True,True,current,True,0,-1797.5901889999996,-1797.5901889999996,18.025322569405212,9972.582638,8174.992449,-8162.950931177496,-32,8,24.0,1,-1632.5901862354995,-160.0,-29.0,24.0,0.0,1719.6749950000003
p4-refinement-development-round-stress-p4-0035-30eff3ec9b146289,4,stress,stress_design,development,extreme,local_cover,assumption__radius_mixed__noise_extreme__scale_75,broad_or_stress_assumption,True,True,current,True,0,313.56127800000104,313.56127800000104,-3.14423343863998,9972.582638,10286.143916,787.8063913237856,0,52,156.0,0,157.56127826475677,0.0,0.0,156.0,0.0,0.0
p4-refinement-development-round-stress-p4-0036-e256ba5d01063c89,4,stress,stress_design,development,deterministic,combined_cover,assumption__radius_min__noise_deterministic__scale_150,broad_or_stress_assumption,True,True,current,True,0,-1954.8053409999993,-1954.8053409999993,18.65078361457792,10481.089596,8526.284255,-8239.026718253805,-64,24,72.0,2,-1647.8053436507607,-320.0,-59.0,72.0,0.0,573.3188910000008
p4-refinement-development-round-stress-p4-0036-e256ba5d01063c89,4,stress,stress_design,development,deterministic,coverage,assumption__radius_min__noise_deterministic__scale_150,broad_or_stress_assumption,True,True,current,True,0,-1875.7197350000006,-1875.7197350000006,17.896228419952156,10481.089596,8605.369861,-7963.5986943216485,-64,32,96.0,2,-1592.7197388643299,-320.0,-59.0,96.0,0.0,574.667500999999
p4-refinement-development-round-stress-p4-0036-e256ba5d01063c89,4,stress,stress_design,development,deterministic,local_cover,assumption__radius_min__noise_deterministic__scale_150,broad_or_stress_assumption,True,True,current,True,0,442.6309199999996,442.6309199999996,-4.2231384050845735,10481.089596,10923.720516,1238.154599081332,0,65,195.0,0,247.6309198162662,0.0,0.0,195.0,0.0,0.0
p4-refinement-development-round-stress-p4-0037-b9b0bca05c5028ac,4,stress,stress_design,development,correlated,combined_cover,assumption__radius_min__noise_correlated__scale_150,broad_or_stress_assumption,True,True,current,True,0,-1771.5779430000002,-1771.5779430000002,17.97461027151927,9856.001973,8084.42403,-6807.889700069787,-69,0,0.0,-2,-1361.5779400139572,-345.0,-65.0,0.0,0.0,-979.594615
p4-refinement-development-round-stress-p4-0037-b9b0bca05c5028ac,4,stress,stress_design,development,correlated,coverage,assumption__radius_min__noise_correlated__scale_150,broad_or_stress_assumption,True,True,current,True,0,-1770.081102,-1770.081102,17.959423170257516,9856.001973,8085.920871,-6845.405507072286,-69,3,9.0,-2,-1369.0811014144565,-345.0,-65.0,9.0,0.0,-979.594615
p4-refinement-development-round-stress-p4-0037-b9b0bca05c5028ac,4,stress,stress_design,development,correlated,local_cover,assumption__radius_min__noise_correlated__scale_150,broad_or_stress_assumption,True,True,current,True,0,-95.2669850000002,-95.2669850000002,0.9665885341843387,9856.001973,9760.734988,-281.33493033910054,0,-13,-39.0,0,-56.266986067819744,0.0,0.0,-39.0,0.0,1.617486999999528
p4-refinement-development-round-stress-p4-0038-bb2feaaa1792b0a8,4,stress,stress_design,development,extreme,combined_cover,assumption__radius_min__noise_extreme__scale_150,broad_or_stress_assumption,True,True,current,True,0,-2463.3395339999997,-2463.3395339999997,23.122744716548677,10653.318039,8189.978505,-11991.697674348092,-55,84,252.0,-3,-2398.3395348696185,-275.0,-42.0,252.0,0.0,0.0
p4-refinement-development-round-stress-p4-0038-bb2feaaa1792b0a8,4,stress,stress_design,development,extreme,coverage,assumption__radius_min__noise_extreme__scale_150,broad_or_stress_assumption,True,True,current,True,0,-1686.1415479999996,-1686.1415479999996,15.827383936416053,10653.318039,8967.176491,-9305.707734615564,-55,164,492.0,-4,-1861.1415469231133,-275.0,-42.0,492.0,0.0,0.0
p4-refinement-development-round-stress-p4-0038-bb2feaaa1792b0a8,4,stress,stress_design,development,extreme,local_cover,assumption__radius_min__noise_extreme__scale_150,broad_or_stress_assumption,True,True,current,True,0,-47.14810100000068,-47.14810100000068,0.4425672905605506,10653.318039,10606.169938,-70.74049349502457,0,-11,-33.0,-1,-14.14809869900455,0.0,0.0,-33.0,0.0,0.0
p4-refinement-development-round-stress-p4-0039-7d1a54e5a62d549e,4,stress,stress_design,development,deterministic,combined_cover,assumption__radius_max__noise_deterministic__scale_150,broad_or_stress_assumption,True,True,current,True,0,1039.5987800000003,1039.5987800000003,-11.479683233158143,9055.988383,10095.587163,5032.993907860247,-3,16,48.0,5,1006.59878157205,-15.0,0.0,48.0,0.0,0.0
p4-refinement-development-round-stress-p4-0039-7d1a54e5a62d549e,4,stress,stress_design,development,deterministic,coverage,assumption__radius_max__noise_deterministic__scale_150,broad_or_stress_assumption,True,True,current,True,0,1062.5575339999996,1062.5575339999996,-11.733203368443407,9055.988383,10118.545917,5087.787678319313,-3,20,60.0,5,1017.5575356638628,-15.0,0.0,60.0,0.0,0.0
p4-refinement-development-round-stress-p4-0039-7d1a54e5a62d549e,4,stress,stress_design,development,deterministic,local_cover,assumption__radius_max__noise_deterministic__scale_150,broad_or_stress_assumption,True,True,current,True,0,-54.3148799999999,-54.3148799999999,0.5997675538316766,9055.988383,9001.673503,-166.57439349576453,0,-7,-21.0,0,-33.31487869915236,0.0,0.0,-21.0,0.0,0.0
