pool,problem,composition_model,partition,mechanism_id,mechanism_status,noise_model,variant,baseline_variant,n_pairs,baseline_failures,candidate_failures,completion_delta_mean,penalized_time_delta_mean_s,penalized_delta_ci_low_s,penalized_delta_ci_high_s,both_complete_n,completed_time_delta_mean_s,completed_time_delta_median_s,completed_regression_rate,completed_worst_regression_s,mean_completed_reduction_pct,ci_scope,precision_warning,completed_delta_ci_low_s,completed_delta_ci_high_s
broad,4,broad_joint,all,__design_mixture__,design_mixture_only_not_official_population,all,combined_cover,current,80,0,0,0.0,-1697.1867885750003,-1930.3232582965625,-1453.2144736650002,80,-1697.1867885750003,-1834.2789270000003,0.0625,2843.6013840000005,15.188708265774,pointwise paired bootstrap; exploratory and not multiplicity-adjusted,,-1931.864721571875,-1470.2485538571875
broad,4,broad_joint,all,__design_mixture__,design_mixture_only_not_official_population,all,coverage,current,80,0,0,0.0,-1563.9374485875,-1782.9618131128125,-1319.1056526568752,80,-1563.9374485875,-1619.6581499999993,0.0625,2489.0379760000005,13.969007147191533,pointwise paired bootstrap; exploratory and not multiplicity-adjusted,,-1783.1480699490623,-1327.8241734096875
broad,4,broad_joint,all,__design_mixture__,design_mixture_only_not_official_population,all,local_cover,current,80,0,0,0.0,-160.4989607,-252.1692909996875,-70.02742524343756,80,-160.4989607,-125.61416499999996,0.275,1072.5548209999997,1.3587329669596617,pointwise paired bootstrap; exploratory and not multiplicity-adjusted,,-257.8276702281248,-69.97159746781243
broad,4,broad_joint,all,__design_mixture__,design_mixture_only_not_official_population,correlated,combined_cover,current,27,0,0,0.0,-1380.647578962963,-1800.0188646666663,-885.1887284842591,27,-1380.647578962963,-1547.6567069999983,0.14814814814814814,2843.6013840000005,12.619466723944607,pointwise paired bootstrap; exploratory and not multiplicity-adjusted,,-1803.8006072537034,-854.8469219462969
broad,4,broad_joint,all,__design_mixture__,design_mixture_only_not_official_population,correlated,coverage,current,27,0,0,0.0,-1287.8648129629628,-1694.9812293648147,-812.9127693092593,27,-1287.8648129629628,-1491.2312060000004,0.1111111111111111,2489.0379760000005,11.771839174866706,pointwise paired bootstrap; exploratory and not multiplicity-adjusted,,-1726.10935597037,-849.8624449712963
broad,4,broad_joint,all,__design_mixture__,design_mixture_only_not_official_population,correlated,local_cover,current,27,0,0,0.0,-45.22559148148135,-146.1514196092592,53.94244744351853,27,-45.22559148148135,-66.03472099999999,0.25925925925925924,493.089469999999,0.4927817365691095,pointwise paired bootstrap; exploratory and not multiplicity-adjusted,,-142.01885420092555,51.34931556666659
broad,4,broad_joint,all,__design_mixture__,design_mixture_only_not_official_population,deterministic,combined_cover,current,27,0,0,0.0,-1782.4608308148147,-2182.6192559462957,-1369.7520613944446,27,-1782.4608308148147,-1906.7213039999988,0.037037037037037035,997.2569629999998,15.64169033187267,pointwise paired bootstrap; exploratory and not multiplicity-adjusted,,-2190.6110122546293,-1381.8373197231483
broad,4,broad_joint,all,__design_mixture__,design_mixture_only_not_official_population,deterministic,coverage,current,27,0,0,0.0,-1673.352415814815,-2078.343968126852,-1213.8723845675936,27,-1673.352415814815,-1834.1047939999999,0.037037037037037035,1582.0289950000006,14.591175212639873,pointwise paired bootstrap; exploratory and not multiplicity-adjusted,,-2085.550142096296,-1247.9095467101852
broad,4,broad_joint,all,__design_mixture__,design_mixture_only_not_official_population,deterministic,local_cover,current,27,0,0,0.0,-180.06372496296305,-367.45674766481505,-4.587763574074448,27,-180.06372496296305,-206.5177359999998,0.2962962962962963,1072.5548209999997,1.4661339972218255,pointwise paired bootstrap; exploratory and not multiplicity-adjusted,,-374.59712041018514,1.097513139814754
broad,4,broad_joint,all,__design_mixture__,design_mixture_only_not_official_population,extreme,combined_cover,current,26,0,0,0.0,-1937.3467700769236,-2234.974376520193,-1647.5949843432697,26,-1937.3467700769236,-1932.9451515,0.0,-594.8512820000014,17.38636233672513,pointwise paired bootstrap; exploratory and not multiplicity-adjusted,,-2224.742988064423,-1646.9526695423085
broad,4,broad_joint,all,__design_mixture__,design_mixture_only_not_official_population,extreme,coverage,current,26,0,0,0.0,-1737.0050273076924,-2005.8818282000002,-1457.049425431731,26,-1737.0050273076924,-1747.3903959999998,0.038461538461538464,104.19744799999899,15.604583973563267,pointwise paired bootstrap; exploratory and not multiplicity-adjusted,,-2012.8481072038464,-1461.8735481403853
broad,4,broad_joint,all,__design_mixture__,design_mixture_only_not_official_population,extreme,local_cover,current,26,0,0,0.0,-259.8886658461539,-442.66812384134596,-79.4594867798078,26,-259.8886658461539,-178.8774970000004,0.2692307692307692,488.9898009999997,2.146458174785296,pointwise paired bootstrap; exploratory and not multiplicity-adjusted,,-454.4833039788463,-92.6530881798081
broad,4,broad_joint,development,__design_mixture__,design_mixture_only_not_official_population,all,combined_cover,current,80,0,0,0.0,-1697.1867885750003,-1922.6102183246878,-1448.4729729853125,80,-1697.1867885750003,-1834.2789270000003,0.0625,2843.6013840000005,15.188708265774,pointwise paired bootstrap; exploratory and not multiplicity-adjusted,,-1934.8130088268751,-1459.609383745625
broad,4,broad_joint,development,__design_mixture__,design_mixture_only_not_official_population,all,coverage,current,80,0,0,0.0,-1563.9374485875,-1779.462244718125,-1334.0832382028127,80,-1563.9374485875,-1619.6581499999993,0.0625,2489.0379760000005,13.969007147191533,pointwise paired bootstrap; exploratory and not multiplicity-adjusted,,-1785.3044487959376,-1338.7789885043749
broad,4,broad_joint,development,__design_mixture__,design_mixture_only_not_official_population,all,local_cover,current,80,0,0,0.0,-160.4989607,-256.14917054374996,-67.3497711556251,80,-160.4989607,-125.61416499999996,0.275,1072.5548209999997,1.3587329669596617,pointwise paired bootstrap; exploratory and not multiplicity-adjusted,,-256.29619403593745,-67.06772928312512
broad,4,broad_joint,development,__design_mixture__,design_mixture_only_not_official_population,correlated,combined_cover,current,27,0,0,0.0,-1380.647578962963,-1823.590413297222,-838.3144395685194,27,-1380.647578962963,-1547.6567069999983,0.14814814814814814,2843.6013840000005,12.619466723944607,pointwise paired bootstrap; exploratory and not multiplicity-adjusted,,-1822.6750870666667,-905.7734096898149
broad,4,broad_joint,development,__design_mixture__,design_mixture_only_not_official_population,correlated,coverage,current,27,0,0,0.0,-1287.8648129629628,-1696.100537310185,-825.3694238444454,27,-1287.8648129629628,-1491.2312060000004,0.1111111111111111,2489.0379760000005,11.771839174866706,pointwise paired bootstrap; exploratory and not multiplicity-adjusted,,-1685.3342122675926,-814.8975135953705
broad,4,broad_joint,development,__design_mixture__,design_mixture_only_not_official_population,correlated,local_cover,current,27,0,0,0.0,-45.22559148148135,-145.34006841851837,50.49914647685167,27,-45.22559148148135,-66.03472099999999,0.25925925925925924,493.089469999999,0.4927817365691095,pointwise paired bootstrap; exploratory and not multiplicity-adjusted,,-146.8687321972221,57.40130910462968
broad,4,broad_joint,development,__design_mixture__,design_mixture_only_not_official_population,deterministic,combined_cover,current,27,0,0,0.0,-1782.4608308148147,-2206.792238511111,-1384.7117969324077,27,-1782.4608308148147,-1906.7213039999988,0.037037037037037035,997.2569629999998,15.64169033187267,pointwise paired bootstrap; exploratory and not multiplicity-adjusted,,-2171.3856187675924,-1368.0171029972228
broad,4,broad_joint,development,__design_mixture__,design_mixture_only_not_official_population,deterministic,coverage,current,27,0,0,0.0,-1673.352415814815,-2070.899095738889,-1245.4073045796297,27,-1673.352415814815,-1834.1047939999999,0.037037037037037035,1582.0289950000006,14.591175212639873,pointwise paired bootstrap; exploratory and not multiplicity-adjusted,,-2073.2131189166666,-1241.217385838889
broad,4,broad_joint,development,__design_mixture__,design_mixture_only_not_official_population,deterministic,local_cover,current,27,0,0,0.0,-180.06372496296305,-360.5189597361111,-2.6546713351851583,27,-180.06372496296305,-206.5177359999998,0.2962962962962963,1072.5548209999997,1.4661339972218255,pointwise paired bootstrap; exploratory and not multiplicity-adjusted,,-366.5562921379631,-1.692448372222267
broad,4,broad_joint,development,__design_mixture__,design_mixture_only_not_official_population,extreme,combined_cover,current,26,0,0,0.0,-1937.3467700769236,-2224.205804865385,-1655.0804324336546,26,-1937.3467700769236,-1932.9451515,0.0,-594.8512820000014,17.38636233672513,pointwise paired bootstrap; exploratory and not multiplicity-adjusted,,-2244.982861658654,-1654.6202897259618
broad,4,broad_joint,development,__design_mixture__,design_mixture_only_not_official_population,extreme,coverage,current,26,0,0,0.0,-1737.0050273076924,-2004.8114347336539,-1451.7018828836544,26,-1737.0050273076924,-1747.3903959999998,0.038461538461538464,104.19744799999899,15.604583973563267,pointwise paired bootstrap; exploratory and not multiplicity-adjusted,,-2014.5756104394234,-1455.1294406673078
broad,4,broad_joint,development,__design_mixture__,design_mixture_only_not_official_population,extreme,local_cover,current,26,0,0,0.0,-259.8886658461539,-443.7887017538462,-84.32915463942317,26,-259.8886658461539,-178.8774970000004,0.2692307692307692,488.9898009999997,2.146458174785296,pointwise paired bootstrap; exploratory and not multiplicity-adjusted,,-453.3036643451922,-91.30025140384629
broad,4,broad_joint,all,assumption__radius_max__noise_correlated__scale_150,broad_or_stress_assumption,all,combined_cover,current,3,0,0,0.0,-958.0760246666663,-1547.6567069999983,208.2110990000001,3,-958.0760246666663,-1534.7824660000006,0.3333333333333333,208.2110990000001,9.159557594541793,pointwise paired bootstrap; exploratory and not multiplicity-adjusted,very small stratum,-1547.6567069999983,208.2110990000001
broad,4,broad_joint,all,assumption__radius_max__noise_correlated__scale_150,broad_or_stress_assumption,all,coverage,current,3,0,0,0.0,-698.3785506666669,-1491.2312060000004,796.1469789999992,3,-698.3785506666669,-1400.0514249999997,0.3333333333333333,796.1469789999992,6.594264119377283,pointwise paired bootstrap; exploratory and not multiplicity-adjusted,very small stratum,-1491.2312060000004,796.1469789999992
broad,4,broad_joint,all,assumption__radius_max__noise_correlated__scale_150,broad_or_stress_assumption,all,local_cover,current,3,0,0,0.0,69.73986100000063,-35.78286999999909,232.89672500000052,3,69.73986100000063,12.105728000000454,0.6666666666666666,232.89672500000052,-0.6532587024226931,pointwise paired bootstrap; exploratory and not multiplicity-adjusted,very small stratum,-35.78286999999909,232.89672500000052
broad,4,broad_joint,all,assumption__radius_max__noise_correlated__scale_150,broad_or_stress_assumption,correlated,combined_cover,current,3,0,0,0.0,-958.0760246666663,-1547.6567069999983,208.2110990000001,3,-958.0760246666663,-1534.7824660000006,0.3333333333333333,208.2110990000001,9.159557594541793,pointwise paired bootstrap; exploratory and not multiplicity-adjusted,very small stratum,-1547.6567069999983,208.2110990000001
broad,4,broad_joint,all,assumption__radius_max__noise_correlated__scale_150,broad_or_stress_assumption,correlated,coverage,current,3,0,0,0.0,-698.3785506666669,-1491.2312060000004,796.1469789999992,3,-698.3785506666669,-1400.0514249999997,0.3333333333333333,796.1469789999992,6.594264119377283,pointwise paired bootstrap; exploratory and not multiplicity-adjusted,very small stratum,-1491.2312060000004,796.1469789999992
broad,4,broad_joint,all,assumption__radius_max__noise_correlated__scale_150,broad_or_stress_assumption,correlated,local_cover,current,3,0,0,0.0,69.73986100000063,-35.78286999999909,232.89672500000052,3,69.73986100000063,12.105728000000454,0.6666666666666666,232.89672500000052,-0.6532587024226931,pointwise paired bootstrap; exploratory and not multiplicity-adjusted,very small stratum,-35.78286999999909,232.89672500000052
broad,4,broad_joint,development,assumption__radius_max__noise_correlated__scale_150,broad_or_stress_assumption,all,combined_cover,current,3,0,0,0.0,-958.0760246666663,-1547.6567069999983,208.2110990000001,3,-958.0760246666663,-1534.7824660000006,0.3333333333333333,208.2110990000001,9.159557594541793,pointwise paired bootstrap; exploratory and not multiplicity-adjusted,very small stratum,-1547.6567069999983,208.2110990000001
broad,4,broad_joint,development,assumption__radius_max__noise_correlated__scale_150,broad_or_stress_assumption,all,coverage,current,3,0,0,0.0,-698.3785506666669,-1491.2312060000004,796.1469789999992,3,-698.3785506666669,-1400.0514249999997,0.3333333333333333,796.1469789999992,6.594264119377283,pointwise paired bootstrap; exploratory and not multiplicity-adjusted,very small stratum,-1491.2312060000004,796.1469789999992
broad,4,broad_joint,development,assumption__radius_max__noise_correlated__scale_150,broad_or_stress_assumption,all,local_cover,current,3,0,0,0.0,69.73986100000063,-35.78286999999909,232.89672500000052,3,69.73986100000063,12.105728000000454,0.6666666666666666,232.89672500000052,-0.6532587024226931,pointwise paired bootstrap; exploratory and not multiplicity-adjusted,very small stratum,-35.78286999999909,232.89672500000052
broad,4,broad_joint,development,assumption__radius_max__noise_correlated__scale_150,broad_or_stress_assumption,correlated,combined_cover,current,3,0,0,0.0,-958.0760246666663,-1547.6567069999983,208.2110990000001,3,-958.0760246666663,-1534.7824660000006,0.3333333333333333,208.2110990000001,9.159557594541793,pointwise paired bootstrap; exploratory and not multiplicity-adjusted,very small stratum,-1547.6567069999983,208.2110990000001
broad,4,broad_joint,development,assumption__radius_max__noise_correlated__scale_150,broad_or_stress_assumption,correlated,coverage,current,3,0,0,0.0,-698.3785506666669,-1491.2312060000004,796.1469789999992,3,-698.3785506666669,-1400.0514249999997,0.3333333333333333,796.1469789999992,6.594264119377283,pointwise paired bootstrap; exploratory and not multiplicity-adjusted,very small stratum,-1491.2312060000004,796.1469789999992
broad,4,broad_joint,development,assumption__radius_max__noise_correlated__scale_150,broad_or_stress_assumption,correlated,local_cover,current,3,0,0,0.0,69.73986100000063,-35.78286999999909,232.89672500000052,3,69.73986100000063,12.105728000000454,0.6666666666666666,232.89672500000052,-0.6532587024226931,pointwise paired bootstrap; exploratory and not multiplicity-adjusted,very small stratum,-35.78286999999909,232.89672500000052
broad,4,broad_joint,all,assumption__radius_max__noise_correlated__scale_300,broad_or_stress_assumption,all,combined_cover,current,3,0,0,0.0,-1624.8022200000003,-2326.606056999999,-761.4433550000012,3,-1624.8022200000003,-1786.3572480000003,0.0,-761.4433550000012,15.18387575325666,pointwise paired bootstrap; exploratory and not multiplicity-adjusted,very small stratum,-2326.606056999999,-761.4433550000012
broad,4,broad_joint,all,assumption__radius_max__noise_correlated__scale_300,broad_or_stress_assumption,all,coverage,current,3,0,0,0.0,-1369.9668616666665,-1656.0157770000005,-826.8786739999996,3,-1369.9668616666665,-1627.0061339999993,0.0,-826.8786739999996,12.929855415203912,pointwise paired bootstrap; exploratory and not multiplicity-adjusted,very small stratum,-1656.0157770000005,-826.8786739999996
broad,4,broad_joint,all,assumption__radius_max__noise_correlated__scale_300,broad_or_stress_assumption,all,local_cover,current,3,0,0,0.0,104.98733066666621,-66.03472099999999,388.51844899999924,3,104.98733066666621,-7.521736000000601,0.3333333333333333,388.51844899999924,-0.8776391155706174,pointwise paired bootstrap; exploratory and not multiplicity-adjusted,very small stratum,-66.03472099999999,388.51844899999924
broad,4,broad_joint,all,assumption__radius_max__noise_correlated__scale_300,broad_or_stress_assumption,correlated,combined_cover,current,3,0,0,0.0,-1624.8022200000003,-2326.606056999999,-761.4433550000012,3,-1624.8022200000003,-1786.3572480000003,0.0,-761.4433550000012,15.18387575325666,pointwise paired bootstrap; exploratory and not multiplicity-adjusted,very small stratum,-2326.606056999999,-761.4433550000012
broad,4,broad_joint,all,assumption__radius_max__noise_correlated__scale_300,broad_or_stress_assumption,correlated,coverage,current,3,0,0,0.0,-1369.9668616666665,-1656.0157770000005,-826.8786739999996,3,-1369.9668616666665,-1627.0061339999993,0.0,-826.8786739999996,12.929855415203912,pointwise paired bootstrap; exploratory and not multiplicity-adjusted,very small stratum,-1656.0157770000005,-826.8786739999996
broad,4,broad_joint,all,assumption__radius_max__noise_correlated__scale_300,broad_or_stress_assumption,correlated,local_cover,current,3,0,0,0.0,104.98733066666621,-66.03472099999999,388.51844899999924,3,104.98733066666621,-7.521736000000601,0.3333333333333333,388.51844899999924,-0.8776391155706174,pointwise paired bootstrap; exploratory and not multiplicity-adjusted,very small stratum,-66.03472099999999,388.51844899999924
broad,4,broad_joint,development,assumption__radius_max__noise_correlated__scale_300,broad_or_stress_assumption,all,combined_cover,current,3,0,0,0.0,-1624.8022200000003,-2326.606056999999,-761.4433550000012,3,-1624.8022200000003,-1786.3572480000003,0.0,-761.4433550000012,15.18387575325666,pointwise paired bootstrap; exploratory and not multiplicity-adjusted,very small stratum,-2326.606056999999,-761.4433550000012
broad,4,broad_joint,development,assumption__radius_max__noise_correlated__scale_300,broad_or_stress_assumption,all,coverage,current,3,0,0,0.0,-1369.9668616666665,-1656.0157770000005,-826.8786739999996,3,-1369.9668616666665,-1627.0061339999993,0.0,-826.8786739999996,12.929855415203912,pointwise paired bootstrap; exploratory and not multiplicity-adjusted,very small stratum,-1656.0157770000005,-826.8786739999996
broad,4,broad_joint,development,assumption__radius_max__noise_correlated__scale_300,broad_or_stress_assumption,all,local_cover,current,3,0,0,0.0,104.98733066666621,-66.03472099999999,388.51844899999924,3,104.98733066666621,-7.521736000000601,0.3333333333333333,388.51844899999924,-0.8776391155706174,pointwise paired bootstrap; exploratory and not multiplicity-adjusted,very small stratum,-66.03472099999999,388.51844899999924
broad,4,broad_joint,development,assumption__radius_max__noise_correlated__scale_300,broad_or_stress_assumption,correlated,combined_cover,current,3,0,0,0.0,-1624.8022200000003,-2326.606056999999,-761.4433550000012,3,-1624.8022200000003,-1786.3572480000003,0.0,-761.4433550000012,15.18387575325666,pointwise paired bootstrap; exploratory and not multiplicity-adjusted,very small stratum,-2326.606056999999,-761.4433550000012
broad,4,broad_joint,development,assumption__radius_max__noise_correlated__scale_300,broad_or_stress_assumption,correlated,coverage,current,3,0,0,0.0,-1369.9668616666665,-1656.0157770000005,-826.8786739999996,3,-1369.9668616666665,-1627.0061339999993,0.0,-826.8786739999996,12.929855415203912,pointwise paired bootstrap; exploratory and not multiplicity-adjusted,very small stratum,-1656.0157770000005,-826.8786739999996
broad,4,broad_joint,development,assumption__radius_max__noise_correlated__scale_300,broad_or_stress_assumption,correlated,local_cover,current,3,0,0,0.0,104.98733066666621,-66.03472099999999,388.51844899999924,3,104.98733066666621,-7.521736000000601,0.3333333333333333,388.51844899999924,-0.8776391155706174,pointwise paired bootstrap; exploratory and not multiplicity-adjusted,very small stratum,-66.03472099999999,388.51844899999924
broad,4,broad_joint,all,assumption__radius_max__noise_correlated__scale_75,broad_or_stress_assumption,all,combined_cover,current,3,0,0,0.0,-2119.6328473333338,-2758.3380100000013,-1613.0227109999996,3,-2119.6328473333338,-1987.537821,0.0,-1613.0227109999996,18.857494778062918,pointwise paired bootstrap; exploratory and not multiplicity-adjusted,very small stratum,-2758.3380100000013,-1613.0227109999996
broad,4,broad_joint,all,assumption__radius_max__noise_correlated__scale_75,broad_or_stress_assumption,all,coverage,current,3,0,0,0.0,-2147.5268216666664,-2812.493249000001,-1691.9304329999995,3,-2147.5268216666664,-1938.1567829999985,0.0,-1691.9304329999995,19.119335716616323,pointwise paired bootstrap; exploratory and not multiplicity-adjusted,very small stratum,-2812.493249000001,-1691.9304329999995
broad,4,broad_joint,all,assumption__radius_max__noise_correlated__scale_75,broad_or_stress_assumption,all,local_cover,current,3,0,0,0.0,52.080043666666825,-193.90010400000028,356.7888320000002,3,52.080043666666825,-6.648596999999427,0.3333333333333333,356.7888320000002,-0.3927043562368513,pointwise paired bootstrap; exploratory and not multiplicity-adjusted,very small stratum,-193.90010400000028,356.7888320000002
broad,4,broad_joint,all,assumption__radius_max__noise_correlated__scale_75,broad_or_stress_assumption,correlated,combined_cover,current,3,0,0,0.0,-2119.6328473333338,-2758.3380100000013,-1613.0227109999996,3,-2119.6328473333338,-1987.537821,0.0,-1613.0227109999996,18.857494778062918,pointwise paired bootstrap; exploratory and not multiplicity-adjusted,very small stratum,-2758.3380100000013,-1613.0227109999996
broad,4,broad_joint,all,assumption__radius_max__noise_correlated__scale_75,broad_or_stress_assumption,correlated,coverage,current,3,0,0,0.0,-2147.5268216666664,-2812.493249000001,-1691.9304329999995,3,-2147.5268216666664,-1938.1567829999985,0.0,-1691.9304329999995,19.119335716616323,pointwise paired bootstrap; exploratory and not multiplicity-adjusted,very small stratum,-2812.493249000001,-1691.9304329999995
broad,4,broad_joint,all,assumption__radius_max__noise_correlated__scale_75,broad_or_stress_assumption,correlated,local_cover,current,3,0,0,0.0,52.080043666666825,-193.90010400000028,356.7888320000002,3,52.080043666666825,-6.648596999999427,0.3333333333333333,356.7888320000002,-0.3927043562368513,pointwise paired bootstrap; exploratory and not multiplicity-adjusted,very small stratum,-193.90010400000028,356.7888320000002
broad,4,broad_joint,development,assumption__radius_max__noise_correlated__scale_75,broad_or_stress_assumption,all,combined_cover,current,3,0,0,0.0,-2119.6328473333338,-2758.3380100000013,-1613.0227109999996,3,-2119.6328473333338,-1987.537821,0.0,-1613.0227109999996,18.857494778062918,pointwise paired bootstrap; exploratory and not multiplicity-adjusted,very small stratum,-2758.3380100000013,-1613.0227109999996
broad,4,broad_joint,development,assumption__radius_max__noise_correlated__scale_75,broad_or_stress_assumption,all,coverage,current,3,0,0,0.0,-2147.5268216666664,-2812.493249000001,-1691.9304329999995,3,-2147.5268216666664,-1938.1567829999985,0.0,-1691.9304329999995,19.119335716616323,pointwise paired bootstrap; exploratory and not multiplicity-adjusted,very small stratum,-2812.493249000001,-1691.9304329999995
broad,4,broad_joint,development,assumption__radius_max__noise_correlated__scale_75,broad_or_stress_assumption,all,local_cover,current,3,0,0,0.0,52.080043666666825,-193.90010400000028,356.7888320000002,3,52.080043666666825,-6.648596999999427,0.3333333333333333,356.7888320000002,-0.3927043562368513,pointwise paired bootstrap; exploratory and not multiplicity-adjusted,very small stratum,-193.90010400000028,356.7888320000002
broad,4,broad_joint,development,assumption__radius_max__noise_correlated__scale_75,broad_or_stress_assumption,correlated,combined_cover,current,3,0,0,0.0,-2119.6328473333338,-2758.3380100000013,-1613.0227109999996,3,-2119.6328473333338,-1987.537821,0.0,-1613.0227109999996,18.857494778062918,pointwise paired bootstrap; exploratory and not multiplicity-adjusted,very small stratum,-2758.3380100000013,-1613.0227109999996
broad,4,broad_joint,development,assumption__radius_max__noise_correlated__scale_75,broad_or_stress_assumption,correlated,coverage,current,3,0,0,0.0,-2147.5268216666664,-2812.493249000001,-1691.9304329999995,3,-2147.5268216666664,-1938.1567829999985,0.0,-1691.9304329999995,19.119335716616323,pointwise paired bootstrap; exploratory and not multiplicity-adjusted,very small stratum,-2812.493249000001,-1691.9304329999995
broad,4,broad_joint,development,assumption__radius_max__noise_correlated__scale_75,broad_or_stress_assumption,correlated,local_cover,current,3,0,0,0.0,52.080043666666825,-193.90010400000028,356.7888320000002,3,52.080043666666825,-6.648596999999427,0.3333333333333333,356.7888320000002,-0.3927043562368513,pointwise paired bootstrap; exploratory and not multiplicity-adjusted,very small stratum,-193.90010400000028,356.7888320000002
broad,4,broad_joint,all,assumption__radius_max__noise_deterministic__scale_150,broad_or_stress_assumption,all,combined_cover,current,3,0,0,0.0,-587.0367639999998,-670.8539019999989,-443.6757870000001,3,-587.0367639999998,-646.5806030000003,0.0,-443.6757870000001,5.565611785958553,pointwise paired bootstrap; exploratory and not multiplicity-adjusted,very small stratum,-670.8539019999989,-443.6757870000001
broad,4,broad_joint,all,assumption__radius_max__noise_deterministic__scale_150,broad_or_stress_assumption,all,coverage,current,3,0,0,0.0,-554.5458633333334,-842.4761610000005,-53.31628300000011,3,-554.5458633333334,-767.8451459999997,0.0,-53.31628300000011,5.216480435051699,pointwise paired bootstrap; exploratory and not multiplicity-adjusted,very small stratum,-842.4761610000005,-53.31628300000011
broad,4,broad_joint,all,assumption__radius_max__noise_deterministic__scale_150,broad_or_stress_assumption,all,local_cover,current,3,0,0,0.0,127.70055333333342,-259.67823099999987,460.10369700000047,3,127.70055333333342,182.67619399999967,0.6666666666666666,460.10369700000047,-1.1573242955828473,pointwise paired bootstrap; exploratory and not multiplicity-adjusted,very small stratum,-259.67823099999987,460.10369700000047
broad,4,broad_joint,all,assumption__radius_max__noise_deterministic__scale_150,broad_or_stress_assumption,deterministic,combined_cover,current,3,0,0,0.0,-587.0367639999998,-670.8539019999989,-443.6757870000001,3,-587.0367639999998,-646.5806030000003,0.0,-443.6757870000001,5.565611785958553,pointwise paired bootstrap; exploratory and not multiplicity-adjusted,very small stratum,-670.8539019999989,-443.6757870000001
broad,4,broad_joint,all,assumption__radius_max__noise_deterministic__scale_150,broad_or_stress_assumption,deterministic,coverage,current,3,0,0,0.0,-554.5458633333334,-842.4761610000005,-53.31628300000011,3,-554.5458633333334,-767.8451459999997,0.0,-53.31628300000011,5.216480435051699,pointwise paired bootstrap; exploratory and not multiplicity-adjusted,very small stratum,-842.4761610000005,-53.31628300000011
broad,4,broad_joint,all,assumption__radius_max__noise_deterministic__scale_150,broad_or_stress_assumption,deterministic,local_cover,current,3,0,0,0.0,127.70055333333342,-259.67823099999987,460.10369700000047,3,127.70055333333342,182.67619399999967,0.6666666666666666,460.10369700000047,-1.1573242955828473,pointwise paired bootstrap; exploratory and not multiplicity-adjusted,very small stratum,-259.67823099999987,460.10369700000047
broad,4,broad_joint,development,assumption__radius_max__noise_deterministic__scale_150,broad_or_stress_assumption,all,combined_cover,current,3,0,0,0.0,-587.0367639999998,-670.8539019999989,-443.6757870000001,3,-587.0367639999998,-646.5806030000003,0.0,-443.6757870000001,5.565611785958553,pointwise paired bootstrap; exploratory and not multiplicity-adjusted,very small stratum,-670.8539019999989,-443.6757870000001
broad,4,broad_joint,development,assumption__radius_max__noise_deterministic__scale_150,broad_or_stress_assumption,all,coverage,current,3,0,0,0.0,-554.5458633333334,-842.4761610000005,-53.31628300000011,3,-554.5458633333334,-767.8451459999997,0.0,-53.31628300000011,5.216480435051699,pointwise paired bootstrap; exploratory and not multiplicity-adjusted,very small stratum,-842.4761610000005,-53.31628300000011
broad,4,broad_joint,development,assumption__radius_max__noise_deterministic__scale_150,broad_or_stress_assumption,all,local_cover,current,3,0,0,0.0,127.70055333333342,-259.67823099999987,460.10369700000047,3,127.70055333333342,182.67619399999967,0.6666666666666666,460.10369700000047,-1.1573242955828473,pointwise paired bootstrap; exploratory and not multiplicity-adjusted,very small stratum,-259.67823099999987,460.10369700000047
broad,4,broad_joint,development,assumption__radius_max__noise_deterministic__scale_150,broad_or_stress_assumption,deterministic,combined_cover,current,3,0,0,0.0,-587.0367639999998,-670.8539019999989,-443.6757870000001,3,-587.0367639999998,-646.5806030000003,0.0,-443.6757870000001,5.565611785958553,pointwise paired bootstrap; exploratory and not multiplicity-adjusted,very small stratum,-670.8539019999989,-443.6757870000001
broad,4,broad_joint,development,assumption__radius_max__noise_deterministic__scale_150,broad_or_stress_assumption,deterministic,coverage,current,3,0,0,0.0,-554.5458633333334,-842.4761610000005,-53.31628300000011,3,-554.5458633333334,-767.8451459999997,0.0,-53.31628300000011,5.216480435051699,pointwise paired bootstrap; exploratory and not multiplicity-adjusted,very small stratum,-842.4761610000005,-53.31628300000011
broad,4,broad_joint,development,assumption__radius_max__noise_deterministic__scale_150,broad_or_stress_assumption,deterministic,local_cover,current,3,0,0,0.0,127.70055333333342,-259.67823099999987,460.10369700000047,3,127.70055333333342,182.67619399999967,0.6666666666666666,460.10369700000047,-1.1573242955828473,pointwise paired bootstrap; exploratory and not multiplicity-adjusted,very small stratum,-259.67823099999987,460.10369700000047
broad,4,broad_joint,all,assumption__radius_max__noise_deterministic__scale_300,broad_or_stress_assumption,all,combined_cover,current,3,0,0,0.0,-3067.892103666667,-4169.401302,-1264.5294780000004,3,-3067.892103666667,-3769.7455310000005,0.0,-1264.5294780000004,24.98385858991813,pointwise paired bootstrap; exploratory and not multiplicity-adjusted,very small stratum,-4169.401302,-1264.5294780000004
broad,4,broad_joint,all,assumption__radius_max__noise_deterministic__scale_300,broad_or_stress_assumption,all,coverage,current,3,0,0,0.0,-2866.4829006666673,-3925.6432940000013,-1162.9270610000003,3,-2866.4829006666673,-3510.8783470000008,0.0,-1162.9270610000003,23.322834080133276,pointwise paired bootstrap; exploratory and not multiplicity-adjusted,very small stratum,-3925.6432940000013,-1162.9270610000003
broad,4,broad_joint,all,assumption__radius_max__noise_deterministic__scale_300,broad_or_stress_assumption,all,local_cover,current,3,0,0,0.0,-394.35148433333353,-606.7217430000001,-80.13860100000056,3,-394.35148433333353,-496.194109,0.0,-80.13860100000056,3.1472898593886125,pointwise paired bootstrap; exploratory and not multiplicity-adjusted,very small stratum,-606.7217430000001,-80.13860100000056
broad,4,broad_joint,all,assumption__radius_max__noise_deterministic__scale_300,broad_or_stress_assumption,deterministic,combined_cover,current,3,0,0,0.0,-3067.892103666667,-4169.401302,-1264.5294780000004,3,-3067.892103666667,-3769.7455310000005,0.0,-1264.5294780000004,24.98385858991813,pointwise paired bootstrap; exploratory and not multiplicity-adjusted,very small stratum,-4169.401302,-1264.5294780000004
broad,4,broad_joint,all,assumption__radius_max__noise_deterministic__scale_300,broad_or_stress_assumption,deterministic,coverage,current,3,0,0,0.0,-2866.4829006666673,-3925.6432940000013,-1162.9270610000003,3,-2866.4829006666673,-3510.8783470000008,0.0,-1162.9270610000003,23.322834080133276,pointwise paired bootstrap; exploratory and not multiplicity-adjusted,very small stratum,-3925.6432940000013,-1162.9270610000003
broad,4,broad_joint,all,assumption__radius_max__noise_deterministic__scale_300,broad_or_stress_assumption,deterministic,local_cover,current,3,0,0,0.0,-394.35148433333353,-606.7217430000001,-80.13860100000056,3,-394.35148433333353,-496.194109,0.0,-80.13860100000056,3.1472898593886125,pointwise paired bootstrap; exploratory and not multiplicity-adjusted,very small stratum,-606.7217430000001,-80.13860100000056
broad,4,broad_joint,development,assumption__radius_max__noise_deterministic__scale_300,broad_or_stress_assumption,all,combined_cover,current,3,0,0,0.0,-3067.892103666667,-4169.401302,-1264.5294780000004,3,-3067.892103666667,-3769.7455310000005,0.0,-1264.5294780000004,24.98385858991813,pointwise paired bootstrap; exploratory and not multiplicity-adjusted,very small stratum,-4169.401302,-1264.5294780000004
broad,4,broad_joint,development,assumption__radius_max__noise_deterministic__scale_300,broad_or_stress_assumption,all,coverage,current,3,0,0,0.0,-2866.4829006666673,-3925.6432940000013,-1162.9270610000003,3,-2866.4829006666673,-3510.8783470000008,0.0,-1162.9270610000003,23.322834080133276,pointwise paired bootstrap; exploratory and not multiplicity-adjusted,very small stratum,-3925.6432940000013,-1162.9270610000003
broad,4,broad_joint,development,assumption__radius_max__noise_deterministic__scale_300,broad_or_stress_assumption,all,local_cover,current,3,0,0,0.0,-394.35148433333353,-606.7217430000001,-80.13860100000056,3,-394.35148433333353,-496.194109,0.0,-80.13860100000056,3.1472898593886125,pointwise paired bootstrap; exploratory and not multiplicity-adjusted,very small stratum,-606.7217430000001,-80.13860100000056
broad,4,broad_joint,development,assumption__radius_max__noise_deterministic__scale_300,broad_or_stress_assumption,deterministic,combined_cover,current,3,0,0,0.0,-3067.892103666667,-4169.401302,-1264.5294780000004,3,-3067.892103666667,-3769.7455310000005,0.0,-1264.5294780000004,24.98385858991813,pointwise paired bootstrap; exploratory and not multiplicity-adjusted,very small stratum,-4169.401302,-1264.5294780000004
broad,4,broad_joint,development,assumption__radius_max__noise_deterministic__scale_300,broad_or_stress_assumption,deterministic,coverage,current,3,0,0,0.0,-2866.4829006666673,-3925.6432940000013,-1162.9270610000003,3,-2866.4829006666673,-3510.8783470000008,0.0,-1162.9270610000003,23.322834080133276,pointwise paired bootstrap; exploratory and not multiplicity-adjusted,very small stratum,-3925.6432940000013,-1162.9270610000003
broad,4,broad_joint,development,assumption__radius_max__noise_deterministic__scale_300,broad_or_stress_assumption,deterministic,local_cover,current,3,0,0,0.0,-394.35148433333353,-606.7217430000001,-80.13860100000056,3,-394.35148433333353,-496.194109,0.0,-80.13860100000056,3.1472898593886125,pointwise paired bootstrap; exploratory and not multiplicity-adjusted,very small stratum,-606.7217430000001,-80.13860100000056
broad,4,broad_joint,all,assumption__radius_max__noise_deterministic__scale_75,broad_or_stress_assumption,all,combined_cover,current,3,0,0,0.0,-1610.0168913333328,-2141.1689339999994,-810.351752999999,3,-1610.0168913333328,-1878.529987,0.0,-810.351752999999,13.696260567925966,pointwise paired bootstrap; exploratory and not multiplicity-adjusted,very small stratum,-2141.1689339999994,-810.351752999999
broad,4,broad_joint,all,assumption__radius_max__noise_deterministic__scale_75,broad_or_stress_assumption,all,coverage,current,3,0,0,0.0,-1508.2118360000004,-2247.9399060000014,-318.61349399999926,3,-1508.2118360000004,-1958.0821080000005,0.0,-318.61349399999926,12.740345728166782,pointwise paired bootstrap; exploratory and not multiplicity-adjusted,very small stratum,-2247.9399060000014,-318.61349399999926
broad,4,broad_joint,all,assumption__radius_max__noise_deterministic__scale_75,broad_or_stress_assumption,all,local_cover,current,3,0,0,0.0,-92.67786566666655,-227.75505499999963,153.90998099999888,3,-92.67786566666655,-204.1885229999989,0.3333333333333333,153.90998099999888,0.8224948408421887,pointwise paired bootstrap; exploratory and not multiplicity-adjusted,very small stratum,-227.75505499999963,153.90998099999888
broad,4,broad_joint,all,assumption__radius_max__noise_deterministic__scale_75,broad_or_stress_assumption,deterministic,combined_cover,current,3,0,0,0.0,-1610.0168913333328,-2141.1689339999994,-810.351752999999,3,-1610.0168913333328,-1878.529987,0.0,-810.351752999999,13.696260567925966,pointwise paired bootstrap; exploratory and not multiplicity-adjusted,very small stratum,-2141.1689339999994,-810.351752999999
broad,4,broad_joint,all,assumption__radius_max__noise_deterministic__scale_75,broad_or_stress_assumption,deterministic,coverage,current,3,0,0,0.0,-1508.2118360000004,-2247.9399060000014,-318.61349399999926,3,-1508.2118360000004,-1958.0821080000005,0.0,-318.61349399999926,12.740345728166782,pointwise paired bootstrap; exploratory and not multiplicity-adjusted,very small stratum,-2247.9399060000014,-318.61349399999926
broad,4,broad_joint,all,assumption__radius_max__noise_deterministic__scale_75,broad_or_stress_assumption,deterministic,local_cover,current,3,0,0,0.0,-92.67786566666655,-227.75505499999963,153.90998099999888,3,-92.67786566666655,-204.1885229999989,0.3333333333333333,153.90998099999888,0.8224948408421887,pointwise paired bootstrap; exploratory and not multiplicity-adjusted,very small stratum,-227.75505499999963,153.90998099999888
broad,4,broad_joint,development,assumption__radius_max__noise_deterministic__scale_75,broad_or_stress_assumption,all,combined_cover,current,3,0,0,0.0,-1610.0168913333328,-2141.1689339999994,-810.351752999999,3,-1610.0168913333328,-1878.529987,0.0,-810.351752999999,13.696260567925966,pointwise paired bootstrap; exploratory and not multiplicity-adjusted,very small stratum,-2141.1689339999994,-810.351752999999
broad,4,broad_joint,development,assumption__radius_max__noise_deterministic__scale_75,broad_or_stress_assumption,all,coverage,current,3,0,0,0.0,-1508.2118360000004,-2247.9399060000014,-318.61349399999926,3,-1508.2118360000004,-1958.0821080000005,0.0,-318.61349399999926,12.740345728166782,pointwise paired bootstrap; exploratory and not multiplicity-adjusted,very small stratum,-2247.9399060000014,-318.61349399999926
broad,4,broad_joint,development,assumption__radius_max__noise_deterministic__scale_75,broad_or_stress_assumption,all,local_cover,current,3,0,0,0.0,-92.67786566666655,-227.75505499999963,153.90998099999888,3,-92.67786566666655,-204.1885229999989,0.3333333333333333,153.90998099999888,0.8224948408421887,pointwise paired bootstrap; exploratory and not multiplicity-adjusted,very small stratum,-227.75505499999963,153.90998099999888
broad,4,broad_joint,development,assumption__radius_max__noise_deterministic__scale_75,broad_or_stress_assumption,deterministic,combined_cover,current,3,0,0,0.0,-1610.0168913333328,-2141.1689339999994,-810.351752999999,3,-1610.0168913333328,-1878.529987,0.0,-810.351752999999,13.696260567925966,pointwise paired bootstrap; exploratory and not multiplicity-adjusted,very small stratum,-2141.1689339999994,-810.351752999999
broad,4,broad_joint,development,assumption__radius_max__noise_deterministic__scale_75,broad_or_stress_assumption,deterministic,coverage,current,3,0,0,0.0,-1508.2118360000004,-2247.9399060000014,-318.61349399999926,3,-1508.2118360000004,-1958.0821080000005,0.0,-318.61349399999926,12.740345728166782,pointwise paired bootstrap; exploratory and not multiplicity-adjusted,very small stratum,-2247.9399060000014,-318.61349399999926
broad,4,broad_joint,development,assumption__radius_max__noise_deterministic__scale_75,broad_or_stress_assumption,deterministic,local_cover,current,3,0,0,0.0,-92.67786566666655,-227.75505499999963,153.90998099999888,3,-92.67786566666655,-204.1885229999989,0.3333333333333333,153.90998099999888,0.8224948408421887,pointwise paired bootstrap; exploratory and not multiplicity-adjusted,very small stratum,-227.75505499999963,153.90998099999888
broad,4,broad_joint,all,assumption__radius_max__noise_extreme__scale_150,broad_or_stress_assumption,all,combined_cover,current,3,0,0,0.0,-1612.1277779999994,-2307.9294929999996,-1163.2992409999988,3,-1612.1277779999994,-1365.1545999999998,0.0,-1163.2992409999988,14.988708955955687,pointwise paired bootstrap; exploratory and not multiplicity-adjusted,very small stratum,-2307.9294929999996,-1163.2992409999988
broad,4,broad_joint,all,assumption__radius_max__noise_extreme__scale_150,broad_or_stress_assumption,all,coverage,current,3,0,0,0.0,-1641.753774333333,-2263.6132749999997,-1161.844583,3,-1641.753774333333,-1499.803464999999,0.0,-1161.844583,15.246566066238742,pointwise paired bootstrap; exploratory and not multiplicity-adjusted,very small stratum,-2263.6132749999997,-1161.844583
broad,4,broad_joint,all,assumption__radius_max__noise_extreme__scale_150,broad_or_stress_assumption,all,local_cover,current,3,0,0,0.0,-116.28486099999948,-348.3467709999986,73.17867800000022,3,-116.28486099999948,-73.68649000000005,0.3333333333333333,73.17867800000022,1.139627520671534,pointwise paired bootstrap; exploratory and not multiplicity-adjusted,very small stratum,-348.3467709999986,73.17867800000022
broad,4,broad_joint,all,assumption__radius_max__noise_extreme__scale_150,broad_or_stress_assumption,extreme,combined_cover,current,3,0,0,0.0,-1612.1277779999994,-2307.9294929999996,-1163.2992409999988,3,-1612.1277779999994,-1365.1545999999998,0.0,-1163.2992409999988,14.988708955955687,pointwise paired bootstrap; exploratory and not multiplicity-adjusted,very small stratum,-2307.9294929999996,-1163.2992409999988
broad,4,broad_joint,all,assumption__radius_max__noise_extreme__scale_150,broad_or_stress_assumption,extreme,coverage,current,3,0,0,0.0,-1641.753774333333,-2263.6132749999997,-1161.844583,3,-1641.753774333333,-1499.803464999999,0.0,-1161.844583,15.246566066238742,pointwise paired bootstrap; exploratory and not multiplicity-adjusted,very small stratum,-2263.6132749999997,-1161.844583
broad,4,broad_joint,all,assumption__radius_max__noise_extreme__scale_150,broad_or_stress_assumption,extreme,local_cover,current,3,0,0,0.0,-116.28486099999948,-348.3467709999986,73.17867800000022,3,-116.28486099999948,-73.68649000000005,0.3333333333333333,73.17867800000022,1.139627520671534,pointwise paired bootstrap; exploratory and not multiplicity-adjusted,very small stratum,-348.3467709999986,73.17867800000022
broad,4,broad_joint,development,assumption__radius_max__noise_extreme__scale_150,broad_or_stress_assumption,all,combined_cover,current,3,0,0,0.0,-1612.1277779999994,-2307.9294929999996,-1163.2992409999988,3,-1612.1277779999994,-1365.1545999999998,0.0,-1163.2992409999988,14.988708955955687,pointwise paired bootstrap; exploratory and not multiplicity-adjusted,very small stratum,-2307.9294929999996,-1163.2992409999988
broad,4,broad_joint,development,assumption__radius_max__noise_extreme__scale_150,broad_or_stress_assumption,all,coverage,current,3,0,0,0.0,-1641.753774333333,-2263.6132749999997,-1161.844583,3,-1641.753774333333,-1499.803464999999,0.0,-1161.844583,15.246566066238742,pointwise paired bootstrap; exploratory and not multiplicity-adjusted,very small stratum,-2263.6132749999997,-1161.844583
broad,4,broad_joint,development,assumption__radius_max__noise_extreme__scale_150,broad_or_stress_assumption,all,local_cover,current,3,0,0,0.0,-116.28486099999948,-348.3467709999986,73.17867800000022,3,-116.28486099999948,-73.68649000000005,0.3333333333333333,73.17867800000022,1.139627520671534,pointwise paired bootstrap; exploratory and not multiplicity-adjusted,very small stratum,-348.3467709999986,73.17867800000022
broad,4,broad_joint,development,assumption__radius_max__noise_extreme__scale_150,broad_or_stress_assumption,extreme,combined_cover,current,3,0,0,0.0,-1612.1277779999994,-2307.9294929999996,-1163.2992409999988,3,-1612.1277779999994,-1365.1545999999998,0.0,-1163.2992409999988,14.988708955955687,pointwise paired bootstrap; exploratory and not multiplicity-adjusted,very small stratum,-2307.9294929999996,-1163.2992409999988
broad,4,broad_joint,development,assumption__radius_max__noise_extreme__scale_150,broad_or_stress_assumption,extreme,coverage,current,3,0,0,0.0,-1641.753774333333,-2263.6132749999997,-1161.844583,3,-1641.753774333333,-1499.803464999999,0.0,-1161.844583,15.246566066238742,pointwise paired bootstrap; exploratory and not multiplicity-adjusted,very small stratum,-2263.6132749999997,-1161.844583
broad,4,broad_joint,development,assumption__radius_max__noise_extreme__scale_150,broad_or_stress_assumption,extreme,local_cover,current,3,0,0,0.0,-116.28486099999948,-348.3467709999986,73.17867800000022,3,-116.28486099999948,-73.68649000000005,0.3333333333333333,73.17867800000022,1.139627520671534,pointwise paired bootstrap; exploratory and not multiplicity-adjusted,very small stratum,-348.3467709999986,73.17867800000022
broad,4,broad_joint,all,assumption__radius_max__noise_extreme__scale_300,broad_or_stress_assumption,all,combined_cover,current,3,0,0,0.0,-1507.7174156666667,-1936.3271810000006,-1264.6247060000005,3,-1507.7174156666667,-1322.200359999999,0.0,-1264.6247060000005,14.593417005735878,pointwise paired bootstrap; exploratory and not multiplicity-adjusted,very small stratum,-1936.3271810000006,-1264.6247060000005
broad,4,broad_joint,all,assumption__radius_max__noise_extreme__scale_300,broad_or_stress_assumption,all,coverage,current,3,0,0,0.0,-1458.659535,-1905.5281670000004,-1214.0961850000003,3,-1458.659535,-1256.3542529999995,0.0,-1214.0961850000003,14.118329390073628,pointwise paired bootstrap; exploratory and not multiplicity-adjusted,very small stratum,-1905.5281670000004,-1214.0961850000003
broad,4,broad_joint,all,assumption__radius_max__noise_extreme__scale_300,broad_or_stress_assumption,all,local_cover,current,3,0,0,0.0,-74.20707599999999,-381.10902799999894,100.33868199999961,3,-74.20707599999999,58.14911799999936,0.6666666666666666,100.33868199999961,0.7596691932237555,pointwise paired bootstrap; exploratory and not multiplicity-adjusted,very small stratum,-381.10902799999894,100.33868199999961
broad,4,broad_joint,all,assumption__radius_max__noise_extreme__scale_300,broad_or_stress_assumption,extreme,combined_cover,current,3,0,0,0.0,-1507.7174156666667,-1936.3271810000006,-1264.6247060000005,3,-1507.7174156666667,-1322.200359999999,0.0,-1264.6247060000005,14.593417005735878,pointwise paired bootstrap; exploratory and not multiplicity-adjusted,very small stratum,-1936.3271810000006,-1264.6247060000005
broad,4,broad_joint,all,assumption__radius_max__noise_extreme__scale_300,broad_or_stress_assumption,extreme,coverage,current,3,0,0,0.0,-1458.659535,-1905.5281670000004,-1214.0961850000003,3,-1458.659535,-1256.3542529999995,0.0,-1214.0961850000003,14.118329390073628,pointwise paired bootstrap; exploratory and not multiplicity-adjusted,very small stratum,-1905.5281670000004,-1214.0961850000003
broad,4,broad_joint,all,assumption__radius_max__noise_extreme__scale_300,broad_or_stress_assumption,extreme,local_cover,current,3,0,0,0.0,-74.20707599999999,-381.10902799999894,100.33868199999961,3,-74.20707599999999,58.14911799999936,0.6666666666666666,100.33868199999961,0.7596691932237555,pointwise paired bootstrap; exploratory and not multiplicity-adjusted,very small stratum,-381.10902799999894,100.33868199999961
broad,4,broad_joint,development,assumption__radius_max__noise_extreme__scale_300,broad_or_stress_assumption,all,combined_cover,current,3,0,0,0.0,-1507.7174156666667,-1936.3271810000006,-1264.6247060000005,3,-1507.7174156666667,-1322.200359999999,0.0,-1264.6247060000005,14.593417005735878,pointwise paired bootstrap; exploratory and not multiplicity-adjusted,very small stratum,-1936.3271810000006,-1264.6247060000005
broad,4,broad_joint,development,assumption__radius_max__noise_extreme__scale_300,broad_or_stress_assumption,all,coverage,current,3,0,0,0.0,-1458.659535,-1905.5281670000004,-1214.0961850000003,3,-1458.659535,-1256.3542529999995,0.0,-1214.0961850000003,14.118329390073628,pointwise paired bootstrap; exploratory and not multiplicity-adjusted,very small stratum,-1905.5281670000004,-1214.0961850000003
broad,4,broad_joint,development,assumption__radius_max__noise_extreme__scale_300,broad_or_stress_assumption,all,local_cover,current,3,0,0,0.0,-74.20707599999999,-381.10902799999894,100.33868199999961,3,-74.20707599999999,58.14911799999936,0.6666666666666666,100.33868199999961,0.7596691932237555,pointwise paired bootstrap; exploratory and not multiplicity-adjusted,very small stratum,-381.10902799999894,100.33868199999961
broad,4,broad_joint,development,assumption__radius_max__noise_extreme__scale_300,broad_or_stress_assumption,extreme,combined_cover,current,3,0,0,0.0,-1507.7174156666667,-1936.3271810000006,-1264.6247060000005,3,-1507.7174156666667,-1322.200359999999,0.0,-1264.6247060000005,14.593417005735878,pointwise paired bootstrap; exploratory and not multiplicity-adjusted,very small stratum,-1936.3271810000006,-1264.6247060000005
broad,4,broad_joint,development,assumption__radius_max__noise_extreme__scale_300,broad_or_stress_assumption,extreme,coverage,current,3,0,0,0.0,-1458.659535,-1905.5281670000004,-1214.0961850000003,3,-1458.659535,-1256.3542529999995,0.0,-1214.0961850000003,14.118329390073628,pointwise paired bootstrap; exploratory and not multiplicity-adjusted,very small stratum,-1905.5281670000004,-1214.0961850000003
broad,4,broad_joint,development,assumption__radius_max__noise_extreme__scale_300,broad_or_stress_assumption,extreme,local_cover,current,3,0,0,0.0,-74.20707599999999,-381.10902799999894,100.33868199999961,3,-74.20707599999999,58.14911799999936,0.6666666666666666,100.33868199999961,0.7596691932237555,pointwise paired bootstrap; exploratory and not multiplicity-adjusted,very small stratum,-381.10902799999894,100.33868199999961
broad,4,broad_joint,all,assumption__radius_max__noise_extreme__scale_75,broad_or_stress_assumption,all,combined_cover,current,3,0,0,0.0,-2535.6900756666673,-3241.4289880000015,-1576.7611410000009,3,-2535.6900756666673,-2788.8800979999996,0.0,-1576.7611410000009,21.200022722194927,pointwise paired bootstrap; exploratory and not multiplicity-adjusted,very small stratum,-3241.4289880000015,-1576.7611410000009
broad,4,broad_joint,all,assumption__radius_max__noise_extreme__scale_75,broad_or_stress_assumption,all,coverage,current,3,0,0,0.0,-2242.8703126666674,-3181.5812750000005,-1533.780377000001,3,-2242.8703126666674,-2013.2492860000002,0.0,-1533.780377000001,18.72366986662449,pointwise paired bootstrap; exploratory and not multiplicity-adjusted,very small stratum,-3181.5812750000005,-1533.780377000001
broad,4,broad_joint,all,assumption__radius_max__noise_extreme__scale_75,broad_or_stress_assumption,all,local_cover,current,3,0,0,0.0,-285.4323966666664,-695.4145950000002,269.9584070000001,3,-285.4323966666664,-430.8410019999992,0.3333333333333333,269.9584070000001,2.075111881003137,pointwise paired bootstrap; exploratory and not multiplicity-adjusted,very small stratum,-695.4145950000002,269.9584070000001
broad,4,broad_joint,all,assumption__radius_max__noise_extreme__scale_75,broad_or_stress_assumption,extreme,combined_cover,current,3,0,0,0.0,-2535.6900756666673,-3241.4289880000015,-1576.7611410000009,3,-2535.6900756666673,-2788.8800979999996,0.0,-1576.7611410000009,21.200022722194927,pointwise paired bootstrap; exploratory and not multiplicity-adjusted,very small stratum,-3241.4289880000015,-1576.7611410000009
broad,4,broad_joint,all,assumption__radius_max__noise_extreme__scale_75,broad_or_stress_assumption,extreme,coverage,current,3,0,0,0.0,-2242.8703126666674,-3181.5812750000005,-1533.780377000001,3,-2242.8703126666674,-2013.2492860000002,0.0,-1533.780377000001,18.72366986662449,pointwise paired bootstrap; exploratory and not multiplicity-adjusted,very small stratum,-3181.5812750000005,-1533.780377000001
broad,4,broad_joint,all,assumption__radius_max__noise_extreme__scale_75,broad_or_stress_assumption,extreme,local_cover,current,3,0,0,0.0,-285.4323966666664,-695.4145950000002,269.9584070000001,3,-285.4323966666664,-430.8410019999992,0.3333333333333333,269.9584070000001,2.075111881003137,pointwise paired bootstrap; exploratory and not multiplicity-adjusted,very small stratum,-695.4145950000002,269.9584070000001
broad,4,broad_joint,development,assumption__radius_max__noise_extreme__scale_75,broad_or_stress_assumption,all,combined_cover,current,3,0,0,0.0,-2535.6900756666673,-3241.4289880000015,-1576.7611410000009,3,-2535.6900756666673,-2788.8800979999996,0.0,-1576.7611410000009,21.200022722194927,pointwise paired bootstrap; exploratory and not multiplicity-adjusted,very small stratum,-3241.4289880000015,-1576.7611410000009
broad,4,broad_joint,development,assumption__radius_max__noise_extreme__scale_75,broad_or_stress_assumption,all,coverage,current,3,0,0,0.0,-2242.8703126666674,-3181.5812750000005,-1533.780377000001,3,-2242.8703126666674,-2013.2492860000002,0.0,-1533.780377000001,18.72366986662449,pointwise paired bootstrap; exploratory and not multiplicity-adjusted,very small stratum,-3181.5812750000005,-1533.780377000001
broad,4,broad_joint,development,assumption__radius_max__noise_extreme__scale_75,broad_or_stress_assumption,all,local_cover,current,3,0,0,0.0,-285.4323966666664,-695.4145950000002,269.9584070000001,3,-285.4323966666664,-430.8410019999992,0.3333333333333333,269.9584070000001,2.075111881003137,pointwise paired bootstrap; exploratory and not multiplicity-adjusted,very small stratum,-695.4145950000002,269.9584070000001
broad,4,broad_joint,development,assumption__radius_max__noise_extreme__scale_75,broad_or_stress_assumption,extreme,combined_cover,current,3,0,0,0.0,-2535.6900756666673,-3241.4289880000015,-1576.7611410000009,3,-2535.6900756666673,-2788.8800979999996,0.0,-1576.7611410000009,21.200022722194927,pointwise paired bootstrap; exploratory and not multiplicity-adjusted,very small stratum,-3241.4289880000015,-1576.7611410000009
broad,4,broad_joint,development,assumption__radius_max__noise_extreme__scale_75,broad_or_stress_assumption,extreme,coverage,current,3,0,0,0.0,-2242.8703126666674,-3181.5812750000005,-1533.780377000001,3,-2242.8703126666674,-2013.2492860000002,0.0,-1533.780377000001,18.72366986662449,pointwise paired bootstrap; exploratory and not multiplicity-adjusted,very small stratum,-3181.5812750000005,-1533.780377000001
broad,4,broad_joint,development,assumption__radius_max__noise_extreme__scale_75,broad_or_stress_assumption,extreme,local_cover,current,3,0,0,0.0,-285.4323966666664,-695.4145950000002,269.9584070000001,3,-285.4323966666664,-430.8410019999992,0.3333333333333333,269.9584070000001,2.075111881003137,pointwise paired bootstrap; exploratory and not multiplicity-adjusted,very small stratum,-695.4145950000002,269.9584070000001
broad,4,broad_joint,all,assumption__radius_min__noise_correlated__scale_150,broad_or_stress_assumption,all,combined_cover,current,3,0,0,0.0,-2264.573895,-2982.050296,-1673.481260999999,3,-2264.573895,-2138.190128,0.0,-1673.481260999999,22.116559815269586,pointwise paired bootstrap; exploratory and not multiplicity-adjusted,very small stratum,-2982.050296,-1673.481260999999
broad,4,broad_joint,all,assumption__radius_min__noise_correlated__scale_150,broad_or_stress_assumption,all,coverage,current,3,0,0,0.0,-2123.2864226666666,-2909.135443000001,-1604.8407559999996,3,-2123.2864226666666,-1855.8830689999995,0.0,-1604.8407559999996,20.709461285961705,pointwise paired bootstrap; exploratory and not multiplicity-adjusted,very small stratum,-2909.135443000001,-1604.8407559999996
broad,4,broad_joint,all,assumption__radius_min__noise_correlated__scale_150,broad_or_stress_assumption,all,local_cover,current,3,0,0,0.0,-97.4524679999995,-144.15404499999931,-12.049016000000847,3,-97.4524679999995,-136.15434299999833,0.0,-12.049016000000847,0.9954228756141291,pointwise paired bootstrap; exploratory and not multiplicity-adjusted,very small stratum,-144.15404499999931,-12.049016000000847
broad,4,broad_joint,all,assumption__radius_min__noise_correlated__scale_150,broad_or_stress_assumption,correlated,combined_cover,current,3,0,0,0.0,-2264.573895,-2982.050296,-1673.481260999999,3,-2264.573895,-2138.190128,0.0,-1673.481260999999,22.116559815269586,pointwise paired bootstrap; exploratory and not multiplicity-adjusted,very small stratum,-2982.050296,-1673.481260999999
broad,4,broad_joint,all,assumption__radius_min__noise_correlated__scale_150,broad_or_stress_assumption,correlated,coverage,current,3,0,0,0.0,-2123.2864226666666,-2909.135443000001,-1604.8407559999996,3,-2123.2864226666666,-1855.8830689999995,0.0,-1604.8407559999996,20.709461285961705,pointwise paired bootstrap; exploratory and not multiplicity-adjusted,very small stratum,-2909.135443000001,-1604.8407559999996
broad,4,broad_joint,all,assumption__radius_min__noise_correlated__scale_150,broad_or_stress_assumption,correlated,local_cover,current,3,0,0,0.0,-97.4524679999995,-144.15404499999931,-12.049016000000847,3,-97.4524679999995,-136.15434299999833,0.0,-12.049016000000847,0.9954228756141291,pointwise paired bootstrap; exploratory and not multiplicity-adjusted,very small stratum,-144.15404499999931,-12.049016000000847
broad,4,broad_joint,development,assumption__radius_min__noise_correlated__scale_150,broad_or_stress_assumption,all,combined_cover,current,3,0,0,0.0,-2264.573895,-2982.050296,-1673.481260999999,3,-2264.573895,-2138.190128,0.0,-1673.481260999999,22.116559815269586,pointwise paired bootstrap; exploratory and not multiplicity-adjusted,very small stratum,-2982.050296,-1673.481260999999
broad,4,broad_joint,development,assumption__radius_min__noise_correlated__scale_150,broad_or_stress_assumption,all,coverage,current,3,0,0,0.0,-2123.2864226666666,-2909.135443000001,-1604.8407559999996,3,-2123.2864226666666,-1855.8830689999995,0.0,-1604.8407559999996,20.709461285961705,pointwise paired bootstrap; exploratory and not multiplicity-adjusted,very small stratum,-2909.135443000001,-1604.8407559999996
broad,4,broad_joint,development,assumption__radius_min__noise_correlated__scale_150,broad_or_stress_assumption,all,local_cover,current,3,0,0,0.0,-97.4524679999995,-144.15404499999931,-12.049016000000847,3,-97.4524679999995,-136.15434299999833,0.0,-12.049016000000847,0.9954228756141291,pointwise paired bootstrap; exploratory and not multiplicity-adjusted,very small stratum,-144.15404499999931,-12.049016000000847
broad,4,broad_joint,development,assumption__radius_min__noise_correlated__scale_150,broad_or_stress_assumption,correlated,combined_cover,current,3,0,0,0.0,-2264.573895,-2982.050296,-1673.481260999999,3,-2264.573895,-2138.190128,0.0,-1673.481260999999,22.116559815269586,pointwise paired bootstrap; exploratory and not multiplicity-adjusted,very small stratum,-2982.050296,-1673.481260999999
broad,4,broad_joint,development,assumption__radius_min__noise_correlated__scale_150,broad_or_stress_assumption,correlated,coverage,current,3,0,0,0.0,-2123.2864226666666,-2909.135443000001,-1604.8407559999996,3,-2123.2864226666666,-1855.8830689999995,0.0,-1604.8407559999996,20.709461285961705,pointwise paired bootstrap; exploratory and not multiplicity-adjusted,very small stratum,-2909.135443000001,-1604.8407559999996
broad,4,broad_joint,development,assumption__radius_min__noise_correlated__scale_150,broad_or_stress_assumption,correlated,local_cover,current,3,0,0,0.0,-97.4524679999995,-144.15404499999931,-12.049016000000847,3,-97.4524679999995,-136.15434299999833,0.0,-12.049016000000847,0.9954228756141291,pointwise paired bootstrap; exploratory and not multiplicity-adjusted,very small stratum,-144.15404499999931,-12.049016000000847
broad,4,broad_joint,all,assumption__radius_min__noise_correlated__scale_300,broad_or_stress_assumption,all,combined_cover,current,3,0,0,0.0,-1392.2869346666666,-2077.020928,-1015.1882229999992,3,-1392.2869346666666,-1084.6516530000008,0.0,-1015.1882229999992,14.073769574658991,pointwise paired bootstrap; exploratory and not multiplicity-adjusted,very small stratum,-2077.020928,-1015.1882229999992
broad,4,broad_joint,all,assumption__radius_min__noise_correlated__scale_300,broad_or_stress_assumption,all,coverage,current,3,0,0,0.0,-1388.074465666666,-1845.0750549999993,-1024.61348,3,-1388.074465666666,-1294.5348619999986,0.0,-1024.61348,14.0200867608414,pointwise paired bootstrap; exploratory and not multiplicity-adjusted,very small stratum,-1845.0750549999993,-1024.61348
broad,4,broad_joint,all,assumption__radius_min__noise_correlated__scale_300,broad_or_stress_assumption,all,local_cover,current,3,0,0,0.0,-104.90323066666679,-211.53189100000054,-24.114668999998685,3,-104.90323066666679,-79.06313200000113,0.0,-24.114668999998685,1.0586233509707859,pointwise paired bootstrap; exploratory and not multiplicity-adjusted,very small stratum,-211.53189100000054,-24.114668999998685
broad,4,broad_joint,all,assumption__radius_min__noise_correlated__scale_300,broad_or_stress_assumption,correlated,combined_cover,current,3,0,0,0.0,-1392.2869346666666,-2077.020928,-1015.1882229999992,3,-1392.2869346666666,-1084.6516530000008,0.0,-1015.1882229999992,14.073769574658991,pointwise paired bootstrap; exploratory and not multiplicity-adjusted,very small stratum,-2077.020928,-1015.1882229999992
broad,4,broad_joint,all,assumption__radius_min__noise_correlated__scale_300,broad_or_stress_assumption,correlated,coverage,current,3,0,0,0.0,-1388.074465666666,-1845.0750549999993,-1024.61348,3,-1388.074465666666,-1294.5348619999986,0.0,-1024.61348,14.0200867608414,pointwise paired bootstrap; exploratory and not multiplicity-adjusted,very small stratum,-1845.0750549999993,-1024.61348
broad,4,broad_joint,all,assumption__radius_min__noise_correlated__scale_300,broad_or_stress_assumption,correlated,local_cover,current,3,0,0,0.0,-104.90323066666679,-211.53189100000054,-24.114668999998685,3,-104.90323066666679,-79.06313200000113,0.0,-24.114668999998685,1.0586233509707859,pointwise paired bootstrap; exploratory and not multiplicity-adjusted,very small stratum,-211.53189100000054,-24.114668999998685
broad,4,broad_joint,development,assumption__radius_min__noise_correlated__scale_300,broad_or_stress_assumption,all,combined_cover,current,3,0,0,0.0,-1392.2869346666666,-2077.020928,-1015.1882229999992,3,-1392.2869346666666,-1084.6516530000008,0.0,-1015.1882229999992,14.073769574658991,pointwise paired bootstrap; exploratory and not multiplicity-adjusted,very small stratum,-2077.020928,-1015.1882229999992
broad,4,broad_joint,development,assumption__radius_min__noise_correlated__scale_300,broad_or_stress_assumption,all,coverage,current,3,0,0,0.0,-1388.074465666666,-1845.0750549999993,-1024.61348,3,-1388.074465666666,-1294.5348619999986,0.0,-1024.61348,14.0200867608414,pointwise paired bootstrap; exploratory and not multiplicity-adjusted,very small stratum,-1845.0750549999993,-1024.61348
broad,4,broad_joint,development,assumption__radius_min__noise_correlated__scale_300,broad_or_stress_assumption,all,local_cover,current,3,0,0,0.0,-104.90323066666679,-211.53189100000054,-24.114668999998685,3,-104.90323066666679,-79.06313200000113,0.0,-24.114668999998685,1.0586233509707859,pointwise paired bootstrap; exploratory and not multiplicity-adjusted,very small stratum,-211.53189100000054,-24.114668999998685
broad,4,broad_joint,development,assumption__radius_min__noise_correlated__scale_300,broad_or_stress_assumption,correlated,combined_cover,current,3,0,0,0.0,-1392.2869346666666,-2077.020928,-1015.1882229999992,3,-1392.2869346666666,-1084.6516530000008,0.0,-1015.1882229999992,14.073769574658991,pointwise paired bootstrap; exploratory and not multiplicity-adjusted,very small stratum,-2077.020928,-1015.1882229999992
broad,4,broad_joint,development,assumption__radius_min__noise_correlated__scale_300,broad_or_stress_assumption,correlated,coverage,current,3,0,0,0.0,-1388.074465666666,-1845.0750549999993,-1024.61348,3,-1388.074465666666,-1294.5348619999986,0.0,-1024.61348,14.0200867608414,pointwise paired bootstrap; exploratory and not multiplicity-adjusted,very small stratum,-1845.0750549999993,-1024.61348
broad,4,broad_joint,development,assumption__radius_min__noise_correlated__scale_300,broad_or_stress_assumption,correlated,local_cover,current,3,0,0,0.0,-104.90323066666679,-211.53189100000054,-24.114668999998685,3,-104.90323066666679,-79.06313200000113,0.0,-24.114668999998685,1.0586233509707859,pointwise paired bootstrap; exploratory and not multiplicity-adjusted,very small stratum,-211.53189100000054,-24.114668999998685
broad,4,broad_joint,all,assumption__radius_min__noise_correlated__scale_75,broad_or_stress_assumption,all,combined_cover,current,3,0,0,0.0,-1886.9344759999992,-3248.621695,-1108.1259469999986,3,-1886.9344759999992,-1304.055785999999,0.0,-1108.1259469999986,17.11292257533544,pointwise paired bootstrap; exploratory and not multiplicity-adjusted,very small stratum,-3248.621695,-1108.1259469999986
broad,4,broad_joint,all,assumption__radius_min__noise_correlated__scale_75,broad_or_stress_assumption,all,coverage,current,3,0,0,0.0,-1699.0895513333326,-3160.979168,-900.6415309999993,3,-1699.0895513333326,-1035.6479549999985,0.0,-900.6415309999993,15.454551255905768,pointwise paired bootstrap; exploratory and not multiplicity-adjusted,very small stratum,-3160.979168,-900.6415309999993
broad,4,broad_joint,all,assumption__radius_min__noise_correlated__scale_75,broad_or_stress_assumption,all,local_cover,current,3,0,0,0.0,-341.02444099999957,-814.5616730000002,22.528441000000385,3,-341.02444099999957,-231.04009099999894,0.3333333333333333,22.528441000000385,3.061560811520304,pointwise paired bootstrap; exploratory and not multiplicity-adjusted,very small stratum,-814.5616730000002,22.528441000000385
broad,4,broad_joint,all,assumption__radius_min__noise_correlated__scale_75,broad_or_stress_assumption,correlated,combined_cover,current,3,0,0,0.0,-1886.9344759999992,-3248.621695,-1108.1259469999986,3,-1886.9344759999992,-1304.055785999999,0.0,-1108.1259469999986,17.11292257533544,pointwise paired bootstrap; exploratory and not multiplicity-adjusted,very small stratum,-3248.621695,-1108.1259469999986
broad,4,broad_joint,all,assumption__radius_min__noise_correlated__scale_75,broad_or_stress_assumption,correlated,coverage,current,3,0,0,0.0,-1699.0895513333326,-3160.979168,-900.6415309999993,3,-1699.0895513333326,-1035.6479549999985,0.0,-900.6415309999993,15.454551255905768,pointwise paired bootstrap; exploratory and not multiplicity-adjusted,very small stratum,-3160.979168,-900.6415309999993
broad,4,broad_joint,all,assumption__radius_min__noise_correlated__scale_75,broad_or_stress_assumption,correlated,local_cover,current,3,0,0,0.0,-341.02444099999957,-814.5616730000002,22.528441000000385,3,-341.02444099999957,-231.04009099999894,0.3333333333333333,22.528441000000385,3.061560811520304,pointwise paired bootstrap; exploratory and not multiplicity-adjusted,very small stratum,-814.5616730000002,22.528441000000385
broad,4,broad_joint,development,assumption__radius_min__noise_correlated__scale_75,broad_or_stress_assumption,all,combined_cover,current,3,0,0,0.0,-1886.9344759999992,-3248.621695,-1108.1259469999986,3,-1886.9344759999992,-1304.055785999999,0.0,-1108.1259469999986,17.11292257533544,pointwise paired bootstrap; exploratory and not multiplicity-adjusted,very small stratum,-3248.621695,-1108.1259469999986
broad,4,broad_joint,development,assumption__radius_min__noise_correlated__scale_75,broad_or_stress_assumption,all,coverage,current,3,0,0,0.0,-1699.0895513333326,-3160.979168,-900.6415309999993,3,-1699.0895513333326,-1035.6479549999985,0.0,-900.6415309999993,15.454551255905768,pointwise paired bootstrap; exploratory and not multiplicity-adjusted,very small stratum,-3160.979168,-900.6415309999993
broad,4,broad_joint,development,assumption__radius_min__noise_correlated__scale_75,broad_or_stress_assumption,all,local_cover,current,3,0,0,0.0,-341.02444099999957,-814.5616730000002,22.528441000000385,3,-341.02444099999957,-231.04009099999894,0.3333333333333333,22.528441000000385,3.061560811520304,pointwise paired bootstrap; exploratory and not multiplicity-adjusted,very small stratum,-814.5616730000002,22.528441000000385
broad,4,broad_joint,development,assumption__radius_min__noise_correlated__scale_75,broad_or_stress_assumption,correlated,combined_cover,current,3,0,0,0.0,-1886.9344759999992,-3248.621695,-1108.1259469999986,3,-1886.9344759999992,-1304.055785999999,0.0,-1108.1259469999986,17.11292257533544,pointwise paired bootstrap; exploratory and not multiplicity-adjusted,very small stratum,-3248.621695,-1108.1259469999986
broad,4,broad_joint,development,assumption__radius_min__noise_correlated__scale_75,broad_or_stress_assumption,correlated,coverage,current,3,0,0,0.0,-1699.0895513333326,-3160.979168,-900.6415309999993,3,-1699.0895513333326,-1035.6479549999985,0.0,-900.6415309999993,15.454551255905768,pointwise paired bootstrap; exploratory and not multiplicity-adjusted,very small stratum,-3160.979168,-900.6415309999993
broad,4,broad_joint,development,assumption__radius_min__noise_correlated__scale_75,broad_or_stress_assumption,correlated,local_cover,current,3,0,0,0.0,-341.02444099999957,-814.5616730000002,22.528441000000385,3,-341.02444099999957,-231.04009099999894,0.3333333333333333,22.528441000000385,3.061560811520304,pointwise paired bootstrap; exploratory and not multiplicity-adjusted,very small stratum,-814.5616730000002,22.528441000000385
broad,4,broad_joint,all,assumption__radius_min__noise_deterministic__scale_150,broad_or_stress_assumption,all,combined_cover,current,3,0,0,0.0,-2040.0531673333335,-2609.60757,-1598.1660260000008,3,-2040.0531673333335,-1912.3859059999995,0.0,-1598.1660260000008,19.67170249421059,pointwise paired bootstrap; exploratory and not multiplicity-adjusted,very small stratum,-2609.60757,-1598.1660260000008
broad,4,broad_joint,all,assumption__radius_min__noise_deterministic__scale_150,broad_or_stress_assumption,all,coverage,current,3,0,0,0.0,-1698.6272106666672,-2235.697379000001,-1026.0794590000005,3,-1698.6272106666672,-1834.1047939999999,0.0,-1026.0794590000005,16.426240543810298,pointwise paired bootstrap; exploratory and not multiplicity-adjusted,very small stratum,-2235.697379000001,-1026.0794590000005
broad,4,broad_joint,all,assumption__radius_min__noise_deterministic__scale_150,broad_or_stress_assumption,all,local_cover,current,3,0,0,0.0,-260.9758560000003,-417.44686399999955,-60.327038999999786,3,-260.9758560000003,-305.15366500000164,0.0,-60.327038999999786,2.4473755526612955,pointwise paired bootstrap; exploratory and not multiplicity-adjusted,very small stratum,-417.44686399999955,-60.327038999999786
broad,4,broad_joint,all,assumption__radius_min__noise_deterministic__scale_150,broad_or_stress_assumption,deterministic,combined_cover,current,3,0,0,0.0,-2040.0531673333335,-2609.60757,-1598.1660260000008,3,-2040.0531673333335,-1912.3859059999995,0.0,-1598.1660260000008,19.67170249421059,pointwise paired bootstrap; exploratory and not multiplicity-adjusted,very small stratum,-2609.60757,-1598.1660260000008
broad,4,broad_joint,all,assumption__radius_min__noise_deterministic__scale_150,broad_or_stress_assumption,deterministic,coverage,current,3,0,0,0.0,-1698.6272106666672,-2235.697379000001,-1026.0794590000005,3,-1698.6272106666672,-1834.1047939999999,0.0,-1026.0794590000005,16.426240543810298,pointwise paired bootstrap; exploratory and not multiplicity-adjusted,very small stratum,-2235.697379000001,-1026.0794590000005
broad,4,broad_joint,all,assumption__radius_min__noise_deterministic__scale_150,broad_or_stress_assumption,deterministic,local_cover,current,3,0,0,0.0,-260.9758560000003,-417.44686399999955,-60.327038999999786,3,-260.9758560000003,-305.15366500000164,0.0,-60.327038999999786,2.4473755526612955,pointwise paired bootstrap; exploratory and not multiplicity-adjusted,very small stratum,-417.44686399999955,-60.327038999999786
broad,4,broad_joint,development,assumption__radius_min__noise_deterministic__scale_150,broad_or_stress_assumption,all,combined_cover,current,3,0,0,0.0,-2040.0531673333335,-2609.60757,-1598.1660260000008,3,-2040.0531673333335,-1912.3859059999995,0.0,-1598.1660260000008,19.67170249421059,pointwise paired bootstrap; exploratory and not multiplicity-adjusted,very small stratum,-2609.60757,-1598.1660260000008
broad,4,broad_joint,development,assumption__radius_min__noise_deterministic__scale_150,broad_or_stress_assumption,all,coverage,current,3,0,0,0.0,-1698.6272106666672,-2235.697379000001,-1026.0794590000005,3,-1698.6272106666672,-1834.1047939999999,0.0,-1026.0794590000005,16.426240543810298,pointwise paired bootstrap; exploratory and not multiplicity-adjusted,very small stratum,-2235.697379000001,-1026.0794590000005
broad,4,broad_joint,development,assumption__radius_min__noise_deterministic__scale_150,broad_or_stress_assumption,all,local_cover,current,3,0,0,0.0,-260.9758560000003,-417.44686399999955,-60.327038999999786,3,-260.9758560000003,-305.15366500000164,0.0,-60.327038999999786,2.4473755526612955,pointwise paired bootstrap; exploratory and not multiplicity-adjusted,very small stratum,-417.44686399999955,-60.327038999999786
broad,4,broad_joint,development,assumption__radius_min__noise_deterministic__scale_150,broad_or_stress_assumption,deterministic,combined_cover,current,3,0,0,0.0,-2040.0531673333335,-2609.60757,-1598.1660260000008,3,-2040.0531673333335,-1912.3859059999995,0.0,-1598.1660260000008,19.67170249421059,pointwise paired bootstrap; exploratory and not multiplicity-adjusted,very small stratum,-2609.60757,-1598.1660260000008
broad,4,broad_joint,development,assumption__radius_min__noise_deterministic__scale_150,broad_or_stress_assumption,deterministic,coverage,current,3,0,0,0.0,-1698.6272106666672,-2235.697379000001,-1026.0794590000005,3,-1698.6272106666672,-1834.1047939999999,0.0,-1026.0794590000005,16.426240543810298,pointwise paired bootstrap; exploratory and not multiplicity-adjusted,very small stratum,-2235.697379000001,-1026.0794590000005
broad,4,broad_joint,development,assumption__radius_min__noise_deterministic__scale_150,broad_or_stress_assumption,deterministic,local_cover,current,3,0,0,0.0,-260.9758560000003,-417.44686399999955,-60.327038999999786,3,-260.9758560000003,-305.15366500000164,0.0,-60.327038999999786,2.4473755526612955,pointwise paired bootstrap; exploratory and not multiplicity-adjusted,very small stratum,-417.44686399999955,-60.327038999999786
broad,4,broad_joint,all,assumption__radius_min__noise_deterministic__scale_300,broad_or_stress_assumption,all,combined_cover,current,3,0,0,0.0,-2224.288301666667,-2473.968128999999,-1790.0278670000007,3,-2224.288301666667,-2408.8689090000007,0.0,-1790.0278670000007,18.95859409500913,pointwise paired bootstrap; exploratory and not multiplicity-adjusted,very small stratum,-2473.968128999999,-1790.0278670000007
broad,4,broad_joint,all,assumption__radius_min__noise_deterministic__scale_300,broad_or_stress_assumption,all,coverage,current,3,0,0,0.0,-2072.445024,-2340.6717259999987,-1634.1911770000006,3,-2072.445024,-2242.4721690000006,0.0,-1634.1911770000006,17.649085292813766,pointwise paired bootstrap; exploratory and not multiplicity-adjusted,very small stratum,-2340.6717259999987,-1634.1911770000006
broad,4,broad_joint,all,assumption__radius_min__noise_deterministic__scale_300,broad_or_stress_assumption,all,local_cover,current,3,0,0,0.0,-172.08846733333363,-561.3015570000007,154.5884960000003,3,-172.08846733333363,-109.55234100000052,0.3333333333333333,154.5884960000003,1.4483881065912243,pointwise paired bootstrap; exploratory and not multiplicity-adjusted,very small stratum,-561.3015570000007,154.5884960000003
broad,4,broad_joint,all,assumption__radius_min__noise_deterministic__scale_300,broad_or_stress_assumption,deterministic,combined_cover,current,3,0,0,0.0,-2224.288301666667,-2473.968128999999,-1790.0278670000007,3,-2224.288301666667,-2408.8689090000007,0.0,-1790.0278670000007,18.95859409500913,pointwise paired bootstrap; exploratory and not multiplicity-adjusted,very small stratum,-2473.968128999999,-1790.0278670000007
broad,4,broad_joint,all,assumption__radius_min__noise_deterministic__scale_300,broad_or_stress_assumption,deterministic,coverage,current,3,0,0,0.0,-2072.445024,-2340.6717259999987,-1634.1911770000006,3,-2072.445024,-2242.4721690000006,0.0,-1634.1911770000006,17.649085292813766,pointwise paired bootstrap; exploratory and not multiplicity-adjusted,very small stratum,-2340.6717259999987,-1634.1911770000006
broad,4,broad_joint,all,assumption__radius_min__noise_deterministic__scale_300,broad_or_stress_assumption,deterministic,local_cover,current,3,0,0,0.0,-172.08846733333363,-561.3015570000007,154.5884960000003,3,-172.08846733333363,-109.55234100000052,0.3333333333333333,154.5884960000003,1.4483881065912243,pointwise paired bootstrap; exploratory and not multiplicity-adjusted,very small stratum,-561.3015570000007,154.5884960000003
broad,4,broad_joint,development,assumption__radius_min__noise_deterministic__scale_300,broad_or_stress_assumption,all,combined_cover,current,3,0,0,0.0,-2224.288301666667,-2473.968128999999,-1790.0278670000007,3,-2224.288301666667,-2408.8689090000007,0.0,-1790.0278670000007,18.95859409500913,pointwise paired bootstrap; exploratory and not multiplicity-adjusted,very small stratum,-2473.968128999999,-1790.0278670000007
broad,4,broad_joint,development,assumption__radius_min__noise_deterministic__scale_300,broad_or_stress_assumption,all,coverage,current,3,0,0,0.0,-2072.445024,-2340.6717259999987,-1634.1911770000006,3,-2072.445024,-2242.4721690000006,0.0,-1634.1911770000006,17.649085292813766,pointwise paired bootstrap; exploratory and not multiplicity-adjusted,very small stratum,-2340.6717259999987,-1634.1911770000006
broad,4,broad_joint,development,assumption__radius_min__noise_deterministic__scale_300,broad_or_stress_assumption,all,local_cover,current,3,0,0,0.0,-172.08846733333363,-561.3015570000007,154.5884960000003,3,-172.08846733333363,-109.55234100000052,0.3333333333333333,154.5884960000003,1.4483881065912243,pointwise paired bootstrap; exploratory and not multiplicity-adjusted,very small stratum,-561.3015570000007,154.5884960000003
broad,4,broad_joint,development,assumption__radius_min__noise_deterministic__scale_300,broad_or_stress_assumption,deterministic,combined_cover,current,3,0,0,0.0,-2224.288301666667,-2473.968128999999,-1790.0278670000007,3,-2224.288301666667,-2408.8689090000007,0.0,-1790.0278670000007,18.95859409500913,pointwise paired bootstrap; exploratory and not multiplicity-adjusted,very small stratum,-2473.968128999999,-1790.0278670000007
broad,4,broad_joint,development,assumption__radius_min__noise_deterministic__scale_300,broad_or_stress_assumption,deterministic,coverage,current,3,0,0,0.0,-2072.445024,-2340.6717259999987,-1634.1911770000006,3,-2072.445024,-2242.4721690000006,0.0,-1634.1911770000006,17.649085292813766,pointwise paired bootstrap; exploratory and not multiplicity-adjusted,very small stratum,-2340.6717259999987,-1634.1911770000006
broad,4,broad_joint,development,assumption__radius_min__noise_deterministic__scale_300,broad_or_stress_assumption,deterministic,local_cover,current,3,0,0,0.0,-172.08846733333363,-561.3015570000007,154.5884960000003,3,-172.08846733333363,-109.55234100000052,0.3333333333333333,154.5884960000003,1.4483881065912243,pointwise paired bootstrap; exploratory and not multiplicity-adjusted,very small stratum,-561.3015570000007,154.5884960000003
broad,4,broad_joint,all,assumption__radius_min__noise_deterministic__scale_75,broad_or_stress_assumption,all,combined_cover,current,3,0,0,0.0,-2591.271262333333,-2778.1764139999996,-2331.9758299999994,3,-2591.271262333333,-2663.661543,0.0,-2331.9758299999994,22.22714913241154,pointwise paired bootstrap; exploratory and not multiplicity-adjusted,very small stratum,-2778.1764139999996,-2331.9758299999994
broad,4,broad_joint,all,assumption__radius_min__noise_deterministic__scale_75,broad_or_stress_assumption,all,coverage,current,3,0,0,0.0,-2451.1328940000003,-2770.0233740000003,-2070.913256,3,-2451.1328940000003,-2512.4620520000008,0.0,-2070.913256,21.046703797353388,pointwise paired bootstrap; exploratory and not multiplicity-adjusted,very small stratum,-2770.0233740000003,-2070.913256
broad,4,broad_joint,all,assumption__radius_min__noise_deterministic__scale_75,broad_or_stress_assumption,all,local_cover,current,3,0,0,0.0,-772.8447156666674,-1785.9833780000008,53.42160899999908,3,-772.8447156666674,-585.9723780000004,0.3333333333333333,53.42160899999908,6.320644475844497,pointwise paired bootstrap; exploratory and not multiplicity-adjusted,very small stratum,-1785.9833780000008,53.42160899999908
broad,4,broad_joint,all,assumption__radius_min__noise_deterministic__scale_75,broad_or_stress_assumption,deterministic,combined_cover,current,3,0,0,0.0,-2591.271262333333,-2778.1764139999996,-2331.9758299999994,3,-2591.271262333333,-2663.661543,0.0,-2331.9758299999994,22.22714913241154,pointwise paired bootstrap; exploratory and not multiplicity-adjusted,very small stratum,-2778.1764139999996,-2331.9758299999994
broad,4,broad_joint,all,assumption__radius_min__noise_deterministic__scale_75,broad_or_stress_assumption,deterministic,coverage,current,3,0,0,0.0,-2451.1328940000003,-2770.0233740000003,-2070.913256,3,-2451.1328940000003,-2512.4620520000008,0.0,-2070.913256,21.046703797353388,pointwise paired bootstrap; exploratory and not multiplicity-adjusted,very small stratum,-2770.0233740000003,-2070.913256
broad,4,broad_joint,all,assumption__radius_min__noise_deterministic__scale_75,broad_or_stress_assumption,deterministic,local_cover,current,3,0,0,0.0,-772.8447156666674,-1785.9833780000008,53.42160899999908,3,-772.8447156666674,-585.9723780000004,0.3333333333333333,53.42160899999908,6.320644475844497,pointwise paired bootstrap; exploratory and not multiplicity-adjusted,very small stratum,-1785.9833780000008,53.42160899999908
broad,4,broad_joint,development,assumption__radius_min__noise_deterministic__scale_75,broad_or_stress_assumption,all,combined_cover,current,3,0,0,0.0,-2591.271262333333,-2778.1764139999996,-2331.9758299999994,3,-2591.271262333333,-2663.661543,0.0,-2331.9758299999994,22.22714913241154,pointwise paired bootstrap; exploratory and not multiplicity-adjusted,very small stratum,-2778.1764139999996,-2331.9758299999994
broad,4,broad_joint,development,assumption__radius_min__noise_deterministic__scale_75,broad_or_stress_assumption,all,coverage,current,3,0,0,0.0,-2451.1328940000003,-2770.0233740000003,-2070.913256,3,-2451.1328940000003,-2512.4620520000008,0.0,-2070.913256,21.046703797353388,pointwise paired bootstrap; exploratory and not multiplicity-adjusted,very small stratum,-2770.0233740000003,-2070.913256
broad,4,broad_joint,development,assumption__radius_min__noise_deterministic__scale_75,broad_or_stress_assumption,all,local_cover,current,3,0,0,0.0,-772.8447156666674,-1785.9833780000008,53.42160899999908,3,-772.8447156666674,-585.9723780000004,0.3333333333333333,53.42160899999908,6.320644475844497,pointwise paired bootstrap; exploratory and not multiplicity-adjusted,very small stratum,-1785.9833780000008,53.42160899999908
broad,4,broad_joint,development,assumption__radius_min__noise_deterministic__scale_75,broad_or_stress_assumption,deterministic,combined_cover,current,3,0,0,0.0,-2591.271262333333,-2778.1764139999996,-2331.9758299999994,3,-2591.271262333333,-2663.661543,0.0,-2331.9758299999994,22.22714913241154,pointwise paired bootstrap; exploratory and not multiplicity-adjusted,very small stratum,-2778.1764139999996,-2331.9758299999994
broad,4,broad_joint,development,assumption__radius_min__noise_deterministic__scale_75,broad_or_stress_assumption,deterministic,coverage,current,3,0,0,0.0,-2451.1328940000003,-2770.0233740000003,-2070.913256,3,-2451.1328940000003,-2512.4620520000008,0.0,-2070.913256,21.046703797353388,pointwise paired bootstrap; exploratory and not multiplicity-adjusted,very small stratum,-2770.0233740000003,-2070.913256
broad,4,broad_joint,development,assumption__radius_min__noise_deterministic__scale_75,broad_or_stress_assumption,deterministic,local_cover,current,3,0,0,0.0,-772.8447156666674,-1785.9833780000008,53.42160899999908,3,-772.8447156666674,-585.9723780000004,0.3333333333333333,53.42160899999908,6.320644475844497,pointwise paired bootstrap; exploratory and not multiplicity-adjusted,very small stratum,-1785.9833780000008,53.42160899999908
broad,4,broad_joint,all,assumption__radius_min__noise_extreme__scale_150,broad_or_stress_assumption,all,combined_cover,current,3,0,0,0.0,-2143.2666556666677,-3668.1865020000005,-594.8512820000014,3,-2143.2666556666677,-2166.7621830000007,0.0,-594.8512820000014,18.374415059673925,pointwise paired bootstrap; exploratory and not multiplicity-adjusted,very small stratum,-3668.1865020000005,-594.8512820000014
broad,4,broad_joint,all,assumption__radius_min__noise_extreme__scale_150,broad_or_stress_assumption,all,coverage,current,3,0,0,0.0,-1659.8558233333342,-2936.544696000001,104.19744799999899,3,-1659.8558233333342,-2147.220222000001,0.3333333333333333,104.19744799999899,14.24496618990189,pointwise paired bootstrap; exploratory and not multiplicity-adjusted,very small stratum,-2936.544696000001,104.19744799999899
broad,4,broad_joint,all,assumption__radius_min__noise_extreme__scale_150,broad_or_stress_assumption,all,local_cover,current,3,0,0,0.0,-478.28765533333416,-1496.889717,312.70559799999864,3,-478.28765533333416,-250.67884700000104,0.3333333333333333,312.70559799999864,3.6357193048956815,pointwise paired bootstrap; exploratory and not multiplicity-adjusted,very small stratum,-1496.889717,312.70559799999864
broad,4,broad_joint,all,assumption__radius_min__noise_extreme__scale_150,broad_or_stress_assumption,extreme,combined_cover,current,3,0,0,0.0,-2143.2666556666677,-3668.1865020000005,-594.8512820000014,3,-2143.2666556666677,-2166.7621830000007,0.0,-594.8512820000014,18.374415059673925,pointwise paired bootstrap; exploratory and not multiplicity-adjusted,very small stratum,-3668.1865020000005,-594.8512820000014
broad,4,broad_joint,all,assumption__radius_min__noise_extreme__scale_150,broad_or_stress_assumption,extreme,coverage,current,3,0,0,0.0,-1659.8558233333342,-2936.544696000001,104.19744799999899,3,-1659.8558233333342,-2147.220222000001,0.3333333333333333,104.19744799999899,14.24496618990189,pointwise paired bootstrap; exploratory and not multiplicity-adjusted,very small stratum,-2936.544696000001,104.19744799999899
broad,4,broad_joint,all,assumption__radius_min__noise_extreme__scale_150,broad_or_stress_assumption,extreme,local_cover,current,3,0,0,0.0,-478.28765533333416,-1496.889717,312.70559799999864,3,-478.28765533333416,-250.67884700000104,0.3333333333333333,312.70559799999864,3.6357193048956815,pointwise paired bootstrap; exploratory and not multiplicity-adjusted,very small stratum,-1496.889717,312.70559799999864
broad,4,broad_joint,development,assumption__radius_min__noise_extreme__scale_150,broad_or_stress_assumption,all,combined_cover,current,3,0,0,0.0,-2143.2666556666677,-3668.1865020000005,-594.8512820000014,3,-2143.2666556666677,-2166.7621830000007,0.0,-594.8512820000014,18.374415059673925,pointwise paired bootstrap; exploratory and not multiplicity-adjusted,very small stratum,-3668.1865020000005,-594.8512820000014
broad,4,broad_joint,development,assumption__radius_min__noise_extreme__scale_150,broad_or_stress_assumption,all,coverage,current,3,0,0,0.0,-1659.8558233333342,-2936.544696000001,104.19744799999899,3,-1659.8558233333342,-2147.220222000001,0.3333333333333333,104.19744799999899,14.24496618990189,pointwise paired bootstrap; exploratory and not multiplicity-adjusted,very small stratum,-2936.544696000001,104.19744799999899
broad,4,broad_joint,development,assumption__radius_min__noise_extreme__scale_150,broad_or_stress_assumption,all,local_cover,current,3,0,0,0.0,-478.28765533333416,-1496.889717,312.70559799999864,3,-478.28765533333416,-250.67884700000104,0.3333333333333333,312.70559799999864,3.6357193048956815,pointwise paired bootstrap; exploratory and not multiplicity-adjusted,very small stratum,-1496.889717,312.70559799999864
broad,4,broad_joint,development,assumption__radius_min__noise_extreme__scale_150,broad_or_stress_assumption,extreme,combined_cover,current,3,0,0,0.0,-2143.2666556666677,-3668.1865020000005,-594.8512820000014,3,-2143.2666556666677,-2166.7621830000007,0.0,-594.8512820000014,18.374415059673925,pointwise paired bootstrap; exploratory and not multiplicity-adjusted,very small stratum,-3668.1865020000005,-594.8512820000014
broad,4,broad_joint,development,assumption__radius_min__noise_extreme__scale_150,broad_or_stress_assumption,extreme,coverage,current,3,0,0,0.0,-1659.8558233333342,-2936.544696000001,104.19744799999899,3,-1659.8558233333342,-2147.220222000001,0.3333333333333333,104.19744799999899,14.24496618990189,pointwise paired bootstrap; exploratory and not multiplicity-adjusted,very small stratum,-2936.544696000001,104.19744799999899
broad,4,broad_joint,development,assumption__radius_min__noise_extreme__scale_150,broad_or_stress_assumption,extreme,local_cover,current,3,0,0,0.0,-478.28765533333416,-1496.889717,312.70559799999864,3,-478.28765533333416,-250.67884700000104,0.3333333333333333,312.70559799999864,3.6357193048956815,pointwise paired bootstrap; exploratory and not multiplicity-adjusted,very small stratum,-1496.889717,312.70559799999864
broad,4,broad_joint,all,assumption__radius_min__noise_extreme__scale_300,broad_or_stress_assumption,all,combined_cover,current,3,0,0,0.0,-2198.5045723333333,-2537.983478,-1929.5631219999996,3,-2198.5045723333333,-2127.967117,0.0,-1929.5631219999996,20.042161203564287,pointwise paired bootstrap; exploratory and not multiplicity-adjusted,very small stratum,-2537.983478,-1929.5631219999996
broad,4,broad_joint,all,assumption__radius_min__noise_extreme__scale_300,broad_or_stress_assumption,all,coverage,current,3,0,0,0.0,-1796.3335379999996,-2018.1717709999994,-1545.054129,3,-1796.3335379999996,-1825.7747139999992,0.0,-1545.054129,16.35016176031578,pointwise paired bootstrap; exploratory and not multiplicity-adjusted,very small stratum,-2018.1717709999994,-1545.054129
broad,4,broad_joint,all,assumption__radius_min__noise_extreme__scale_300,broad_or_stress_assumption,all,local_cover,current,3,0,0,0.0,-47.064635999999155,-577.0222999999987,488.9898009999997,3,-47.064635999999155,-53.16140899999846,0.3333333333333333,488.9898009999997,0.38706324768890504,pointwise paired bootstrap; exploratory and not multiplicity-adjusted,very small stratum,-577.0222999999987,488.9898009999997
broad,4,broad_joint,all,assumption__radius_min__noise_extreme__scale_300,broad_or_stress_assumption,extreme,combined_cover,current,3,0,0,0.0,-2198.5045723333333,-2537.983478,-1929.5631219999996,3,-2198.5045723333333,-2127.967117,0.0,-1929.5631219999996,20.042161203564287,pointwise paired bootstrap; exploratory and not multiplicity-adjusted,very small stratum,-2537.983478,-1929.5631219999996
broad,4,broad_joint,all,assumption__radius_min__noise_extreme__scale_300,broad_or_stress_assumption,extreme,coverage,current,3,0,0,0.0,-1796.3335379999996,-2018.1717709999994,-1545.054129,3,-1796.3335379999996,-1825.7747139999992,0.0,-1545.054129,16.35016176031578,pointwise paired bootstrap; exploratory and not multiplicity-adjusted,very small stratum,-2018.1717709999994,-1545.054129
broad,4,broad_joint,all,assumption__radius_min__noise_extreme__scale_300,broad_or_stress_assumption,extreme,local_cover,current,3,0,0,0.0,-47.064635999999155,-577.0222999999987,488.9898009999997,3,-47.064635999999155,-53.16140899999846,0.3333333333333333,488.9898009999997,0.38706324768890504,pointwise paired bootstrap; exploratory and not multiplicity-adjusted,very small stratum,-577.0222999999987,488.9898009999997
broad,4,broad_joint,development,assumption__radius_min__noise_extreme__scale_300,broad_or_stress_assumption,all,combined_cover,current,3,0,0,0.0,-2198.5045723333333,-2537.983478,-1929.5631219999996,3,-2198.5045723333333,-2127.967117,0.0,-1929.5631219999996,20.042161203564287,pointwise paired bootstrap; exploratory and not multiplicity-adjusted,very small stratum,-2537.983478,-1929.5631219999996
broad,4,broad_joint,development,assumption__radius_min__noise_extreme__scale_300,broad_or_stress_assumption,all,coverage,current,3,0,0,0.0,-1796.3335379999996,-2018.1717709999994,-1545.054129,3,-1796.3335379999996,-1825.7747139999992,0.0,-1545.054129,16.35016176031578,pointwise paired bootstrap; exploratory and not multiplicity-adjusted,very small stratum,-2018.1717709999994,-1545.054129
broad,4,broad_joint,development,assumption__radius_min__noise_extreme__scale_300,broad_or_stress_assumption,all,local_cover,current,3,0,0,0.0,-47.064635999999155,-577.0222999999987,488.9898009999997,3,-47.064635999999155,-53.16140899999846,0.3333333333333333,488.9898009999997,0.38706324768890504,pointwise paired bootstrap; exploratory and not multiplicity-adjusted,very small stratum,-577.0222999999987,488.9898009999997
broad,4,broad_joint,development,assumption__radius_min__noise_extreme__scale_300,broad_or_stress_assumption,extreme,combined_cover,current,3,0,0,0.0,-2198.5045723333333,-2537.983478,-1929.5631219999996,3,-2198.5045723333333,-2127.967117,0.0,-1929.5631219999996,20.042161203564287,pointwise paired bootstrap; exploratory and not multiplicity-adjusted,very small stratum,-2537.983478,-1929.5631219999996
broad,4,broad_joint,development,assumption__radius_min__noise_extreme__scale_300,broad_or_stress_assumption,extreme,coverage,current,3,0,0,0.0,-1796.3335379999996,-2018.1717709999994,-1545.054129,3,-1796.3335379999996,-1825.7747139999992,0.0,-1545.054129,16.35016176031578,pointwise paired bootstrap; exploratory and not multiplicity-adjusted,very small stratum,-2018.1717709999994,-1545.054129
broad,4,broad_joint,development,assumption__radius_min__noise_extreme__scale_300,broad_or_stress_assumption,extreme,local_cover,current,3,0,0,0.0,-47.064635999999155,-577.0222999999987,488.9898009999997,3,-47.064635999999155,-53.16140899999846,0.3333333333333333,488.9898009999997,0.38706324768890504,pointwise paired bootstrap; exploratory and not multiplicity-adjusted,very small stratum,-577.0222999999987,488.9898009999997
broad,4,broad_joint,all,assumption__radius_min__noise_extreme__scale_75,broad_or_stress_assumption,all,combined_cover,current,3,0,0,0.0,-1120.279738,-1884.0324089999995,-679.8308159999997,3,-1120.279738,-796.9759890000005,0.0,-679.8308159999997,10.511677418671288,pointwise paired bootstrap; exploratory and not multiplicity-adjusted,very small stratum,-1884.0324089999995,-679.8308159999997
broad,4,broad_joint,all,assumption__radius_min__noise_extreme__scale_75,broad_or_stress_assumption,all,coverage,current,3,0,0,0.0,-1125.8535143333338,-1669.0060780000003,-782.5848620000015,3,-1125.8535143333338,-925.9696029999996,0.0,-782.5848620000015,10.59945459150336,pointwise paired bootstrap; exploratory and not multiplicity-adjusted,very small stratum,-1669.0060780000003,-782.5848620000015
broad,4,broad_joint,all,assumption__radius_min__noise_extreme__scale_75,broad_or_stress_assumption,all,local_cover,current,3,0,0,0.0,-325.9428783333339,-622.8241300000009,-7.123888000000079,3,-325.9428783333339,-347.8806170000007,0.0,-7.123888000000079,2.9634514973207913,pointwise paired bootstrap; exploratory and not multiplicity-adjusted,very small stratum,-622.8241300000009,-7.123888000000079
broad,4,broad_joint,all,assumption__radius_min__noise_extreme__scale_75,broad_or_stress_assumption,extreme,combined_cover,current,3,0,0,0.0,-1120.279738,-1884.0324089999995,-679.8308159999997,3,-1120.279738,-796.9759890000005,0.0,-679.8308159999997,10.511677418671288,pointwise paired bootstrap; exploratory and not multiplicity-adjusted,very small stratum,-1884.0324089999995,-679.8308159999997
broad,4,broad_joint,all,assumption__radius_min__noise_extreme__scale_75,broad_or_stress_assumption,extreme,coverage,current,3,0,0,0.0,-1125.8535143333338,-1669.0060780000003,-782.5848620000015,3,-1125.8535143333338,-925.9696029999996,0.0,-782.5848620000015,10.59945459150336,pointwise paired bootstrap; exploratory and not multiplicity-adjusted,very small stratum,-1669.0060780000003,-782.5848620000015
broad,4,broad_joint,all,assumption__radius_min__noise_extreme__scale_75,broad_or_stress_assumption,extreme,local_cover,current,3,0,0,0.0,-325.9428783333339,-622.8241300000009,-7.123888000000079,3,-325.9428783333339,-347.8806170000007,0.0,-7.123888000000079,2.9634514973207913,pointwise paired bootstrap; exploratory and not multiplicity-adjusted,very small stratum,-622.8241300000009,-7.123888000000079
broad,4,broad_joint,development,assumption__radius_min__noise_extreme__scale_75,broad_or_stress_assumption,all,combined_cover,current,3,0,0,0.0,-1120.279738,-1884.0324089999995,-679.8308159999997,3,-1120.279738,-796.9759890000005,0.0,-679.8308159999997,10.511677418671288,pointwise paired bootstrap; exploratory and not multiplicity-adjusted,very small stratum,-1884.0324089999995,-679.8308159999997
broad,4,broad_joint,development,assumption__radius_min__noise_extreme__scale_75,broad_or_stress_assumption,all,coverage,current,3,0,0,0.0,-1125.8535143333338,-1669.0060780000003,-782.5848620000015,3,-1125.8535143333338,-925.9696029999996,0.0,-782.5848620000015,10.59945459150336,pointwise paired bootstrap; exploratory and not multiplicity-adjusted,very small stratum,-1669.0060780000003,-782.5848620000015
broad,4,broad_joint,development,assumption__radius_min__noise_extreme__scale_75,broad_or_stress_assumption,all,local_cover,current,3,0,0,0.0,-325.9428783333339,-622.8241300000009,-7.123888000000079,3,-325.9428783333339,-347.8806170000007,0.0,-7.123888000000079,2.9634514973207913,pointwise paired bootstrap; exploratory and not multiplicity-adjusted,very small stratum,-622.8241300000009,-7.123888000000079
broad,4,broad_joint,development,assumption__radius_min__noise_extreme__scale_75,broad_or_stress_assumption,extreme,combined_cover,current,3,0,0,0.0,-1120.279738,-1884.0324089999995,-679.8308159999997,3,-1120.279738,-796.9759890000005,0.0,-679.8308159999997,10.511677418671288,pointwise paired bootstrap; exploratory and not multiplicity-adjusted,very small stratum,-1884.0324089999995,-679.8308159999997
broad,4,broad_joint,development,assumption__radius_min__noise_extreme__scale_75,broad_or_stress_assumption,extreme,coverage,current,3,0,0,0.0,-1125.8535143333338,-1669.0060780000003,-782.5848620000015,3,-1125.8535143333338,-925.9696029999996,0.0,-782.5848620000015,10.59945459150336,pointwise paired bootstrap; exploratory and not multiplicity-adjusted,very small stratum,-1669.0060780000003,-782.5848620000015
broad,4,broad_joint,development,assumption__radius_min__noise_extreme__scale_75,broad_or_stress_assumption,extreme,local_cover,current,3,0,0,0.0,-325.9428783333339,-622.8241300000009,-7.123888000000079,3,-325.9428783333339,-347.8806170000007,0.0,-7.123888000000079,2.9634514973207913,pointwise paired bootstrap; exploratory and not multiplicity-adjusted,very small stratum,-622.8241300000009,-7.123888000000079
broad,4,broad_joint,all,assumption__radius_mixed__noise_correlated__scale_150,broad_or_stress_assumption,all,combined_cover,current,3,0,0,0.0,-1014.2184100000007,-2393.672829000001,64.2620879999995,3,-1014.2184100000007,-713.2444890000006,0.3333333333333333,64.2620879999995,9.432938352369542,pointwise paired bootstrap; exploratory and not multiplicity-adjusted,very small stratum,-2393.672829000001,64.2620879999995
broad,4,broad_joint,all,assumption__radius_mixed__noise_correlated__scale_150,broad_or_stress_assumption,all,coverage,current,3,0,0,0.0,-1259.266949666667,-2378.710570000001,-544.7345449999993,3,-1259.266949666667,-854.3557340000007,0.0,-544.7345449999993,11.631974973870015,pointwise paired bootstrap; exploratory and not multiplicity-adjusted,very small stratum,-2378.710570000001,-544.7345449999993
broad,4,broad_joint,all,assumption__radius_mixed__noise_correlated__scale_150,broad_or_stress_assumption,all,local_cover,current,3,0,0,0.0,230.5863633333332,-282.7195520000005,493.089469999999,3,230.5863633333332,481.38917200000105,0.6666666666666666,493.089469999999,-2.0807032978483324,pointwise paired bootstrap; exploratory and not multiplicity-adjusted,very small stratum,-282.7195520000005,493.089469999999
broad,4,broad_joint,all,assumption__radius_mixed__noise_correlated__scale_150,broad_or_stress_assumption,correlated,combined_cover,current,3,0,0,0.0,-1014.2184100000007,-2393.672829000001,64.2620879999995,3,-1014.2184100000007,-713.2444890000006,0.3333333333333333,64.2620879999995,9.432938352369542,pointwise paired bootstrap; exploratory and not multiplicity-adjusted,very small stratum,-2393.672829000001,64.2620879999995
broad,4,broad_joint,all,assumption__radius_mixed__noise_correlated__scale_150,broad_or_stress_assumption,correlated,coverage,current,3,0,0,0.0,-1259.266949666667,-2378.710570000001,-544.7345449999993,3,-1259.266949666667,-854.3557340000007,0.0,-544.7345449999993,11.631974973870015,pointwise paired bootstrap; exploratory and not multiplicity-adjusted,very small stratum,-2378.710570000001,-544.7345449999993
broad,4,broad_joint,all,assumption__radius_mixed__noise_correlated__scale_150,broad_or_stress_assumption,correlated,local_cover,current,3,0,0,0.0,230.5863633333332,-282.7195520000005,493.089469999999,3,230.5863633333332,481.38917200000105,0.6666666666666666,493.089469999999,-2.0807032978483324,pointwise paired bootstrap; exploratory and not multiplicity-adjusted,very small stratum,-282.7195520000005,493.089469999999
broad,4,broad_joint,development,assumption__radius_mixed__noise_correlated__scale_150,broad_or_stress_assumption,all,combined_cover,current,3,0,0,0.0,-1014.2184100000007,-2393.672829000001,64.2620879999995,3,-1014.2184100000007,-713.2444890000006,0.3333333333333333,64.2620879999995,9.432938352369542,pointwise paired bootstrap; exploratory and not multiplicity-adjusted,very small stratum,-2393.672829000001,64.2620879999995
broad,4,broad_joint,development,assumption__radius_mixed__noise_correlated__scale_150,broad_or_stress_assumption,all,coverage,current,3,0,0,0.0,-1259.266949666667,-2378.710570000001,-544.7345449999993,3,-1259.266949666667,-854.3557340000007,0.0,-544.7345449999993,11.631974973870015,pointwise paired bootstrap; exploratory and not multiplicity-adjusted,very small stratum,-2378.710570000001,-544.7345449999993
broad,4,broad_joint,development,assumption__radius_mixed__noise_correlated__scale_150,broad_or_stress_assumption,all,local_cover,current,3,0,0,0.0,230.5863633333332,-282.7195520000005,493.089469999999,3,230.5863633333332,481.38917200000105,0.6666666666666666,493.089469999999,-2.0807032978483324,pointwise paired bootstrap; exploratory and not multiplicity-adjusted,very small stratum,-282.7195520000005,493.089469999999
broad,4,broad_joint,development,assumption__radius_mixed__noise_correlated__scale_150,broad_or_stress_assumption,correlated,combined_cover,current,3,0,0,0.0,-1014.2184100000007,-2393.672829000001,64.2620879999995,3,-1014.2184100000007,-713.2444890000006,0.3333333333333333,64.2620879999995,9.432938352369542,pointwise paired bootstrap; exploratory and not multiplicity-adjusted,very small stratum,-2393.672829000001,64.2620879999995
broad,4,broad_joint,development,assumption__radius_mixed__noise_correlated__scale_150,broad_or_stress_assumption,correlated,coverage,current,3,0,0,0.0,-1259.266949666667,-2378.710570000001,-544.7345449999993,3,-1259.266949666667,-854.3557340000007,0.0,-544.7345449999993,11.631974973870015,pointwise paired bootstrap; exploratory and not multiplicity-adjusted,very small stratum,-2378.710570000001,-544.7345449999993
broad,4,broad_joint,development,assumption__radius_mixed__noise_correlated__scale_150,broad_or_stress_assumption,correlated,local_cover,current,3,0,0,0.0,230.5863633333332,-282.7195520000005,493.089469999999,3,230.5863633333332,481.38917200000105,0.6666666666666666,493.089469999999,-2.0807032978483324,pointwise paired bootstrap; exploratory and not multiplicity-adjusted,very small stratum,-282.7195520000005,493.089469999999
broad,4,broad_joint,all,assumption__radius_mixed__noise_correlated__scale_300,broad_or_stress_assumption,all,combined_cover,current,3,0,0,0.0,-633.2579853333327,-2577.242456,2843.601384,3,-633.2579853333327,-2166.1328839999987,0.3333333333333333,2843.6013840000005,2.690371783470526,pointwise paired bootstrap; exploratory and not multiplicity-adjusted,very small stratum,-2577.242456,2843.601384
broad,4,broad_joint,all,assumption__radius_mixed__noise_correlated__scale_300,broad_or_stress_assumption,all,coverage,current,3,0,0,0.0,-537.6417776666661,-2489.6531429999995,2489.0379760000005,3,-537.6417776666661,-1612.3101659999993,0.3333333333333333,2489.0379760000005,2.195942529658296,pointwise paired bootstrap; exploratory and not multiplicity-adjusted,very small stratum,-2489.6531429999995,2489.0379760000005
broad,4,broad_joint,all,assumption__radius_mixed__noise_correlated__scale_300,broad_or_stress_assumption,all,local_cover,current,3,0,0,0.0,-192.30314133333286,-273.51480099999935,-127.64232699999957,3,-192.30314133333286,-175.75229599999966,0.0,-127.64232699999957,1.9689172054898207,pointwise paired bootstrap; exploratory and not multiplicity-adjusted,very small stratum,-273.51480099999935,-127.64232699999957
broad,4,broad_joint,all,assumption__radius_mixed__noise_correlated__scale_300,broad_or_stress_assumption,correlated,combined_cover,current,3,0,0,0.0,-633.2579853333327,-2577.242456,2843.601384,3,-633.2579853333327,-2166.1328839999987,0.3333333333333333,2843.6013840000005,2.690371783470526,pointwise paired bootstrap; exploratory and not multiplicity-adjusted,very small stratum,-2577.242456,2843.601384
broad,4,broad_joint,all,assumption__radius_mixed__noise_correlated__scale_300,broad_or_stress_assumption,correlated,coverage,current,3,0,0,0.0,-537.6417776666661,-2489.6531429999995,2489.0379760000005,3,-537.6417776666661,-1612.3101659999993,0.3333333333333333,2489.0379760000005,2.195942529658296,pointwise paired bootstrap; exploratory and not multiplicity-adjusted,very small stratum,-2489.6531429999995,2489.0379760000005
broad,4,broad_joint,all,assumption__radius_mixed__noise_correlated__scale_300,broad_or_stress_assumption,correlated,local_cover,current,3,0,0,0.0,-192.30314133333286,-273.51480099999935,-127.64232699999957,3,-192.30314133333286,-175.75229599999966,0.0,-127.64232699999957,1.9689172054898207,pointwise paired bootstrap; exploratory and not multiplicity-adjusted,very small stratum,-273.51480099999935,-127.64232699999957
broad,4,broad_joint,development,assumption__radius_mixed__noise_correlated__scale_300,broad_or_stress_assumption,all,combined_cover,current,3,0,0,0.0,-633.2579853333327,-2577.242456,2843.601384,3,-633.2579853333327,-2166.1328839999987,0.3333333333333333,2843.6013840000005,2.690371783470526,pointwise paired bootstrap; exploratory and not multiplicity-adjusted,very small stratum,-2577.242456,2843.601384
broad,4,broad_joint,development,assumption__radius_mixed__noise_correlated__scale_300,broad_or_stress_assumption,all,coverage,current,3,0,0,0.0,-537.6417776666661,-2489.6531429999995,2489.0379760000005,3,-537.6417776666661,-1612.3101659999993,0.3333333333333333,2489.0379760000005,2.195942529658296,pointwise paired bootstrap; exploratory and not multiplicity-adjusted,very small stratum,-2489.6531429999995,2489.0379760000005
broad,4,broad_joint,development,assumption__radius_mixed__noise_correlated__scale_300,broad_or_stress_assumption,all,local_cover,current,3,0,0,0.0,-192.30314133333286,-273.51480099999935,-127.64232699999957,3,-192.30314133333286,-175.75229599999966,0.0,-127.64232699999957,1.9689172054898207,pointwise paired bootstrap; exploratory and not multiplicity-adjusted,very small stratum,-273.51480099999935,-127.64232699999957
broad,4,broad_joint,development,assumption__radius_mixed__noise_correlated__scale_300,broad_or_stress_assumption,correlated,combined_cover,current,3,0,0,0.0,-633.2579853333327,-2577.242456,2843.601384,3,-633.2579853333327,-2166.1328839999987,0.3333333333333333,2843.6013840000005,2.690371783470526,pointwise paired bootstrap; exploratory and not multiplicity-adjusted,very small stratum,-2577.242456,2843.601384
broad,4,broad_joint,development,assumption__radius_mixed__noise_correlated__scale_300,broad_or_stress_assumption,correlated,coverage,current,3,0,0,0.0,-537.6417776666661,-2489.6531429999995,2489.0379760000005,3,-537.6417776666661,-1612.3101659999993,0.3333333333333333,2489.0379760000005,2.195942529658296,pointwise paired bootstrap; exploratory and not multiplicity-adjusted,very small stratum,-2489.6531429999995,2489.0379760000005
broad,4,broad_joint,development,assumption__radius_mixed__noise_correlated__scale_300,broad_or_stress_assumption,correlated,local_cover,current,3,0,0,0.0,-192.30314133333286,-273.51480099999935,-127.64232699999957,3,-192.30314133333286,-175.75229599999966,0.0,-127.64232699999957,1.9689172054898207,pointwise paired bootstrap; exploratory and not multiplicity-adjusted,very small stratum,-273.51480099999935,-127.64232699999957
broad,4,broad_joint,all,assumption__radius_mixed__noise_correlated__scale_75,broad_or_stress_assumption,all,combined_cover,current,3,0,0,0.0,-532.0454176666668,-1446.5894449999996,691.4247300000006,3,-532.0454176666668,-840.9715380000016,0.3333333333333333,691.4247300000006,4.947710288536006,pointwise paired bootstrap; exploratory and not multiplicity-adjusted,very small stratum,-1446.5894449999996,691.4247300000006
broad,4,broad_joint,all,assumption__radius_mixed__noise_correlated__scale_75,broad_or_stress_assumption,all,coverage,current,3,0,0,0.0,-367.5519156666669,-1142.8668639999996,792.4413559999994,3,-367.5519156666669,-752.2302390000004,0.3333333333333333,792.4413559999994,3.291080516365651,pointwise paired bootstrap; exploratory and not multiplicity-adjusted,very small stratum,-1142.8668639999996,792.4413559999994
broad,4,broad_joint,all,assumption__radius_mixed__noise_correlated__scale_75,broad_or_stress_assumption,all,local_cover,current,3,0,0,0.0,-128.74064100000032,-179.76193899999998,-53.9906770000016,3,-128.74064100000032,-152.4693069999994,0.0,-53.9906770000016,1.3548168576054402,pointwise paired bootstrap; exploratory and not multiplicity-adjusted,very small stratum,-179.76193899999998,-53.9906770000016
broad,4,broad_joint,all,assumption__radius_mixed__noise_correlated__scale_75,broad_or_stress_assumption,correlated,combined_cover,current,3,0,0,0.0,-532.0454176666668,-1446.5894449999996,691.4247300000006,3,-532.0454176666668,-840.9715380000016,0.3333333333333333,691.4247300000006,4.947710288536006,pointwise paired bootstrap; exploratory and not multiplicity-adjusted,very small stratum,-1446.5894449999996,691.4247300000006
broad,4,broad_joint,all,assumption__radius_mixed__noise_correlated__scale_75,broad_or_stress_assumption,correlated,coverage,current,3,0,0,0.0,-367.5519156666669,-1142.8668639999996,792.4413559999994,3,-367.5519156666669,-752.2302390000004,0.3333333333333333,792.4413559999994,3.291080516365651,pointwise paired bootstrap; exploratory and not multiplicity-adjusted,very small stratum,-1142.8668639999996,792.4413559999994
broad,4,broad_joint,all,assumption__radius_mixed__noise_correlated__scale_75,broad_or_stress_assumption,correlated,local_cover,current,3,0,0,0.0,-128.74064100000032,-179.76193899999998,-53.9906770000016,3,-128.74064100000032,-152.4693069999994,0.0,-53.9906770000016,1.3548168576054402,pointwise paired bootstrap; exploratory and not multiplicity-adjusted,very small stratum,-179.76193899999998,-53.9906770000016
broad,4,broad_joint,development,assumption__radius_mixed__noise_correlated__scale_75,broad_or_stress_assumption,all,combined_cover,current,3,0,0,0.0,-532.0454176666668,-1446.5894449999996,691.4247300000006,3,-532.0454176666668,-840.9715380000016,0.3333333333333333,691.4247300000006,4.947710288536006,pointwise paired bootstrap; exploratory and not multiplicity-adjusted,very small stratum,-1446.5894449999996,691.4247300000006
broad,4,broad_joint,development,assumption__radius_mixed__noise_correlated__scale_75,broad_or_stress_assumption,all,coverage,current,3,0,0,0.0,-367.5519156666669,-1142.8668639999996,792.4413559999994,3,-367.5519156666669,-752.2302390000004,0.3333333333333333,792.4413559999994,3.291080516365651,pointwise paired bootstrap; exploratory and not multiplicity-adjusted,very small stratum,-1142.8668639999996,792.4413559999994
broad,4,broad_joint,development,assumption__radius_mixed__noise_correlated__scale_75,broad_or_stress_assumption,all,local_cover,current,3,0,0,0.0,-128.74064100000032,-179.76193899999998,-53.9906770000016,3,-128.74064100000032,-152.4693069999994,0.0,-53.9906770000016,1.3548168576054402,pointwise paired bootstrap; exploratory and not multiplicity-adjusted,very small stratum,-179.76193899999998,-53.9906770000016
broad,4,broad_joint,development,assumption__radius_mixed__noise_correlated__scale_75,broad_or_stress_assumption,correlated,combined_cover,current,3,0,0,0.0,-532.0454176666668,-1446.5894449999996,691.4247300000006,3,-532.0454176666668,-840.9715380000016,0.3333333333333333,691.4247300000006,4.947710288536006,pointwise paired bootstrap; exploratory and not multiplicity-adjusted,very small stratum,-1446.5894449999996,691.4247300000006
broad,4,broad_joint,development,assumption__radius_mixed__noise_correlated__scale_75,broad_or_stress_assumption,correlated,coverage,current,3,0,0,0.0,-367.5519156666669,-1142.8668639999996,792.4413559999994,3,-367.5519156666669,-752.2302390000004,0.3333333333333333,792.4413559999994,3.291080516365651,pointwise paired bootstrap; exploratory and not multiplicity-adjusted,very small stratum,-1142.8668639999996,792.4413559999994
broad,4,broad_joint,development,assumption__radius_mixed__noise_correlated__scale_75,broad_or_stress_assumption,correlated,local_cover,current,3,0,0,0.0,-128.74064100000032,-179.76193899999998,-53.9906770000016,3,-128.74064100000032,-152.4693069999994,0.0,-53.9906770000016,1.3548168576054402,pointwise paired bootstrap; exploratory and not multiplicity-adjusted,very small stratum,-179.76193899999998,-53.9906770000016
broad,4,broad_joint,all,assumption__radius_mixed__noise_deterministic__scale_150,broad_or_stress_assumption,all,combined_cover,current,3,0,0,0.0,-1417.2072923333328,-1929.1674190000003,-415.73315399999956,3,-1417.2072923333328,-1906.7213039999988,0.0,-415.73315399999956,13.765608739962511,pointwise paired bootstrap; exploratory and not multiplicity-adjusted,very small stratum,-1929.1674190000003,-415.73315399999956
broad,4,broad_joint,all,assumption__radius_mixed__noise_deterministic__scale_150,broad_or_stress_assumption,all,coverage,current,3,0,0,0.0,-1425.4636863333328,-1856.9311989999997,-951.9217559999997,3,-1425.4636863333328,-1467.5381039999993,0.0,-951.9217559999997,13.872893088266183,pointwise paired bootstrap; exploratory and not multiplicity-adjusted,very small stratum,-1856.9311989999997,-951.9217559999997
broad,4,broad_joint,all,assumption__radius_mixed__noise_deterministic__scale_150,broad_or_stress_assumption,all,local_cover,current,3,0,0,0.0,232.95308966666684,-305.8635089999989,1072.5548209999997,3,232.95308966666684,-67.83204300000034,0.3333333333333333,1072.5548209999997,-2.2316633921846645,pointwise paired bootstrap; exploratory and not multiplicity-adjusted,very small stratum,-305.8635089999989,1072.5548209999997
broad,4,broad_joint,all,assumption__radius_mixed__noise_deterministic__scale_150,broad_or_stress_assumption,deterministic,combined_cover,current,3,0,0,0.0,-1417.2072923333328,-1929.1674190000003,-415.73315399999956,3,-1417.2072923333328,-1906.7213039999988,0.0,-415.73315399999956,13.765608739962511,pointwise paired bootstrap; exploratory and not multiplicity-adjusted,very small stratum,-1929.1674190000003,-415.73315399999956
broad,4,broad_joint,all,assumption__radius_mixed__noise_deterministic__scale_150,broad_or_stress_assumption,deterministic,coverage,current,3,0,0,0.0,-1425.4636863333328,-1856.9311989999997,-951.9217559999997,3,-1425.4636863333328,-1467.5381039999993,0.0,-951.9217559999997,13.872893088266183,pointwise paired bootstrap; exploratory and not multiplicity-adjusted,very small stratum,-1856.9311989999997,-951.9217559999997
broad,4,broad_joint,all,assumption__radius_mixed__noise_deterministic__scale_150,broad_or_stress_assumption,deterministic,local_cover,current,3,0,0,0.0,232.95308966666684,-305.8635089999989,1072.5548209999997,3,232.95308966666684,-67.83204300000034,0.3333333333333333,1072.5548209999997,-2.2316633921846645,pointwise paired bootstrap; exploratory and not multiplicity-adjusted,very small stratum,-305.8635089999989,1072.5548209999997
broad,4,broad_joint,development,assumption__radius_mixed__noise_deterministic__scale_150,broad_or_stress_assumption,all,combined_cover,current,3,0,0,0.0,-1417.2072923333328,-1929.1674190000003,-415.73315399999956,3,-1417.2072923333328,-1906.7213039999988,0.0,-415.73315399999956,13.765608739962511,pointwise paired bootstrap; exploratory and not multiplicity-adjusted,very small stratum,-1929.1674190000003,-415.73315399999956
broad,4,broad_joint,development,assumption__radius_mixed__noise_deterministic__scale_150,broad_or_stress_assumption,all,coverage,current,3,0,0,0.0,-1425.4636863333328,-1856.9311989999997,-951.9217559999997,3,-1425.4636863333328,-1467.5381039999993,0.0,-951.9217559999997,13.872893088266183,pointwise paired bootstrap; exploratory and not multiplicity-adjusted,very small stratum,-1856.9311989999997,-951.9217559999997
broad,4,broad_joint,development,assumption__radius_mixed__noise_deterministic__scale_150,broad_or_stress_assumption,all,local_cover,current,3,0,0,0.0,232.95308966666684,-305.8635089999989,1072.5548209999997,3,232.95308966666684,-67.83204300000034,0.3333333333333333,1072.5548209999997,-2.2316633921846645,pointwise paired bootstrap; exploratory and not multiplicity-adjusted,very small stratum,-305.8635089999989,1072.5548209999997
broad,4,broad_joint,development,assumption__radius_mixed__noise_deterministic__scale_150,broad_or_stress_assumption,deterministic,combined_cover,current,3,0,0,0.0,-1417.2072923333328,-1929.1674190000003,-415.73315399999956,3,-1417.2072923333328,-1906.7213039999988,0.0,-415.73315399999956,13.765608739962511,pointwise paired bootstrap; exploratory and not multiplicity-adjusted,very small stratum,-1929.1674190000003,-415.73315399999956
broad,4,broad_joint,development,assumption__radius_mixed__noise_deterministic__scale_150,broad_or_stress_assumption,deterministic,coverage,current,3,0,0,0.0,-1425.4636863333328,-1856.9311989999997,-951.9217559999997,3,-1425.4636863333328,-1467.5381039999993,0.0,-951.9217559999997,13.872893088266183,pointwise paired bootstrap; exploratory and not multiplicity-adjusted,very small stratum,-1856.9311989999997,-951.9217559999997
broad,4,broad_joint,development,assumption__radius_mixed__noise_deterministic__scale_150,broad_or_stress_assumption,deterministic,local_cover,current,3,0,0,0.0,232.95308966666684,-305.8635089999989,1072.5548209999997,3,232.95308966666684,-67.83204300000034,0.3333333333333333,1072.5548209999997,-2.2316633921846645,pointwise paired bootstrap; exploratory and not multiplicity-adjusted,very small stratum,-305.8635089999989,1072.5548209999997
broad,4,broad_joint,all,assumption__radius_mixed__noise_deterministic__scale_300,broad_or_stress_assumption,all,combined_cover,current,3,0,0,0.0,-2157.475104333333,-2847.7621739999995,-1563.2143930000002,3,-2157.475104333333,-2061.448746,0.0,-1563.2143930000002,19.261066955416283,pointwise paired bootstrap; exploratory and not multiplicity-adjusted,very small stratum,-2847.7621739999995,-1563.2143930000002
broad,4,broad_joint,all,assumption__radius_mixed__noise_deterministic__scale_300,broad_or_stress_assumption,all,coverage,current,3,0,0,0.0,-2364.7218666666663,-2838.828459999999,-1570.2688290000006,3,-2364.7218666666663,-2685.068310999999,0.0,-1570.2688290000006,20.919324712588203,pointwise paired bootstrap; exploratory and not multiplicity-adjusted,very small stratum,-2838.828459999999,-1570.2688290000006
broad,4,broad_joint,all,assumption__radius_mixed__noise_deterministic__scale_300,broad_or_stress_assumption,all,local_cover,current,3,0,0,0.0,-376.44946199999987,-492.1279680000007,-206.5177359999998,3,-376.44946199999987,-430.7026819999992,0.0,-206.5177359999998,3.3563695449810447,pointwise paired bootstrap; exploratory and not multiplicity-adjusted,very small stratum,-492.1279680000007,-206.5177359999998
broad,4,broad_joint,all,assumption__radius_mixed__noise_deterministic__scale_300,broad_or_stress_assumption,deterministic,combined_cover,current,3,0,0,0.0,-2157.475104333333,-2847.7621739999995,-1563.2143930000002,3,-2157.475104333333,-2061.448746,0.0,-1563.2143930000002,19.261066955416283,pointwise paired bootstrap; exploratory and not multiplicity-adjusted,very small stratum,-2847.7621739999995,-1563.2143930000002
broad,4,broad_joint,all,assumption__radius_mixed__noise_deterministic__scale_300,broad_or_stress_assumption,deterministic,coverage,current,3,0,0,0.0,-2364.7218666666663,-2838.828459999999,-1570.2688290000006,3,-2364.7218666666663,-2685.068310999999,0.0,-1570.2688290000006,20.919324712588203,pointwise paired bootstrap; exploratory and not multiplicity-adjusted,very small stratum,-2838.828459999999,-1570.2688290000006
broad,4,broad_joint,all,assumption__radius_mixed__noise_deterministic__scale_300,broad_or_stress_assumption,deterministic,local_cover,current,3,0,0,0.0,-376.44946199999987,-492.1279680000007,-206.5177359999998,3,-376.44946199999987,-430.7026819999992,0.0,-206.5177359999998,3.3563695449810447,pointwise paired bootstrap; exploratory and not multiplicity-adjusted,very small stratum,-492.1279680000007,-206.5177359999998
broad,4,broad_joint,development,assumption__radius_mixed__noise_deterministic__scale_300,broad_or_stress_assumption,all,combined_cover,current,3,0,0,0.0,-2157.475104333333,-2847.7621739999995,-1563.2143930000002,3,-2157.475104333333,-2061.448746,0.0,-1563.2143930000002,19.261066955416283,pointwise paired bootstrap; exploratory and not multiplicity-adjusted,very small stratum,-2847.7621739999995,-1563.2143930000002
broad,4,broad_joint,development,assumption__radius_mixed__noise_deterministic__scale_300,broad_or_stress_assumption,all,coverage,current,3,0,0,0.0,-2364.7218666666663,-2838.828459999999,-1570.2688290000006,3,-2364.7218666666663,-2685.068310999999,0.0,-1570.2688290000006,20.919324712588203,pointwise paired bootstrap; exploratory and not multiplicity-adjusted,very small stratum,-2838.828459999999,-1570.2688290000006
broad,4,broad_joint,development,assumption__radius_mixed__noise_deterministic__scale_300,broad_or_stress_assumption,all,local_cover,current,3,0,0,0.0,-376.44946199999987,-492.1279680000007,-206.5177359999998,3,-376.44946199999987,-430.7026819999992,0.0,-206.5177359999998,3.3563695449810447,pointwise paired bootstrap; exploratory and not multiplicity-adjusted,very small stratum,-492.1279680000007,-206.5177359999998
broad,4,broad_joint,development,assumption__radius_mixed__noise_deterministic__scale_300,broad_or_stress_assumption,deterministic,combined_cover,current,3,0,0,0.0,-2157.475104333333,-2847.7621739999995,-1563.2143930000002,3,-2157.475104333333,-2061.448746,0.0,-1563.2143930000002,19.261066955416283,pointwise paired bootstrap; exploratory and not multiplicity-adjusted,very small stratum,-2847.7621739999995,-1563.2143930000002
broad,4,broad_joint,development,assumption__radius_mixed__noise_deterministic__scale_300,broad_or_stress_assumption,deterministic,coverage,current,3,0,0,0.0,-2364.7218666666663,-2838.828459999999,-1570.2688290000006,3,-2364.7218666666663,-2685.068310999999,0.0,-1570.2688290000006,20.919324712588203,pointwise paired bootstrap; exploratory and not multiplicity-adjusted,very small stratum,-2838.828459999999,-1570.2688290000006
broad,4,broad_joint,development,assumption__radius_mixed__noise_deterministic__scale_300,broad_or_stress_assumption,deterministic,local_cover,current,3,0,0,0.0,-376.44946199999987,-492.1279680000007,-206.5177359999998,3,-376.44946199999987,-430.7026819999992,0.0,-206.5177359999998,3.3563695449810447,pointwise paired bootstrap; exploratory and not multiplicity-adjusted,very small stratum,-492.1279680000007,-206.5177359999998
broad,4,broad_joint,all,assumption__radius_mixed__noise_deterministic__scale_75,broad_or_stress_assumption,all,combined_cover,current,3,0,0,0.0,-346.9065903333333,-1035.6858539999994,997.2569629999998,3,-346.9065903333333,-1002.2908800000005,0.3333333333333333,997.2569629999998,2.645360626041345,pointwise paired bootstrap; exploratory and not multiplicity-adjusted,very small stratum,-1035.6858539999994,997.2569629999998
broad,4,broad_joint,all,assumption__radius_mixed__noise_deterministic__scale_75,broad_or_stress_assumption,all,coverage,current,3,0,0,0.0,-118.54046066666645,-1537.2447350000002,1582.0289950000006,3,-118.54046066666645,-400.4056419999997,0.3333333333333333,1582.0289950000006,0.12666923557526225,pointwise paired bootstrap; exploratory and not multiplicity-adjusted,very small stratum,-1537.2447350000002,1582.0289950000006
broad,4,broad_joint,all,assumption__radius_mixed__noise_deterministic__scale_75,broad_or_stress_assumption,all,local_cover,current,3,0,0,0.0,88.16068333333351,-329.5671860000002,318.97941300000093,3,88.16068333333351,275.0698229999998,0.6666666666666666,318.97941300000093,-0.9583687175449233,pointwise paired bootstrap; exploratory and not multiplicity-adjusted,very small stratum,-329.5671860000002,318.97941300000093
broad,4,broad_joint,all,assumption__radius_mixed__noise_deterministic__scale_75,broad_or_stress_assumption,deterministic,combined_cover,current,3,0,0,0.0,-346.9065903333333,-1035.6858539999994,997.2569629999998,3,-346.9065903333333,-1002.2908800000005,0.3333333333333333,997.2569629999998,2.645360626041345,pointwise paired bootstrap; exploratory and not multiplicity-adjusted,very small stratum,-1035.6858539999994,997.2569629999998
broad,4,broad_joint,all,assumption__radius_mixed__noise_deterministic__scale_75,broad_or_stress_assumption,deterministic,coverage,current,3,0,0,0.0,-118.54046066666645,-1537.2447350000002,1582.0289950000006,3,-118.54046066666645,-400.4056419999997,0.3333333333333333,1582.0289950000006,0.12666923557526225,pointwise paired bootstrap; exploratory and not multiplicity-adjusted,very small stratum,-1537.2447350000002,1582.0289950000006
broad,4,broad_joint,all,assumption__radius_mixed__noise_deterministic__scale_75,broad_or_stress_assumption,deterministic,local_cover,current,3,0,0,0.0,88.16068333333351,-329.5671860000002,318.97941300000093,3,88.16068333333351,275.0698229999998,0.6666666666666666,318.97941300000093,-0.9583687175449233,pointwise paired bootstrap; exploratory and not multiplicity-adjusted,very small stratum,-329.5671860000002,318.97941300000093
broad,4,broad_joint,development,assumption__radius_mixed__noise_deterministic__scale_75,broad_or_stress_assumption,all,combined_cover,current,3,0,0,0.0,-346.9065903333333,-1035.6858539999994,997.2569629999998,3,-346.9065903333333,-1002.2908800000005,0.3333333333333333,997.2569629999998,2.645360626041345,pointwise paired bootstrap; exploratory and not multiplicity-adjusted,very small stratum,-1035.6858539999994,997.2569629999998
broad,4,broad_joint,development,assumption__radius_mixed__noise_deterministic__scale_75,broad_or_stress_assumption,all,coverage,current,3,0,0,0.0,-118.54046066666645,-1537.2447350000002,1582.0289950000006,3,-118.54046066666645,-400.4056419999997,0.3333333333333333,1582.0289950000006,0.12666923557526225,pointwise paired bootstrap; exploratory and not multiplicity-adjusted,very small stratum,-1537.2447350000002,1582.0289950000006
broad,4,broad_joint,development,assumption__radius_mixed__noise_deterministic__scale_75,broad_or_stress_assumption,all,local_cover,current,3,0,0,0.0,88.16068333333351,-329.5671860000002,318.97941300000093,3,88.16068333333351,275.0698229999998,0.6666666666666666,318.97941300000093,-0.9583687175449233,pointwise paired bootstrap; exploratory and not multiplicity-adjusted,very small stratum,-329.5671860000002,318.97941300000093
broad,4,broad_joint,development,assumption__radius_mixed__noise_deterministic__scale_75,broad_or_stress_assumption,deterministic,combined_cover,current,3,0,0,0.0,-346.9065903333333,-1035.6858539999994,997.2569629999998,3,-346.9065903333333,-1002.2908800000005,0.3333333333333333,997.2569629999998,2.645360626041345,pointwise paired bootstrap; exploratory and not multiplicity-adjusted,very small stratum,-1035.6858539999994,997.2569629999998
broad,4,broad_joint,development,assumption__radius_mixed__noise_deterministic__scale_75,broad_or_stress_assumption,deterministic,coverage,current,3,0,0,0.0,-118.54046066666645,-1537.2447350000002,1582.0289950000006,3,-118.54046066666645,-400.4056419999997,0.3333333333333333,1582.0289950000006,0.12666923557526225,pointwise paired bootstrap; exploratory and not multiplicity-adjusted,very small stratum,-1537.2447350000002,1582.0289950000006
broad,4,broad_joint,development,assumption__radius_mixed__noise_deterministic__scale_75,broad_or_stress_assumption,deterministic,local_cover,current,3,0,0,0.0,88.16068333333351,-329.5671860000002,318.97941300000093,3,88.16068333333351,275.0698229999998,0.6666666666666666,318.97941300000093,-0.9583687175449233,pointwise paired bootstrap; exploratory and not multiplicity-adjusted,very small stratum,-329.5671860000002,318.97941300000093
broad,4,broad_joint,all,assumption__radius_mixed__noise_extreme__scale_150,broad_or_stress_assumption,all,combined_cover,current,3,0,0,0.0,-2154.2544726666674,-2838.029490000001,-1508.4482340000013,3,-2154.2544726666674,-2116.285694,0.0,-1508.4482340000013,19.263494861457417,pointwise paired bootstrap; exploratory and not multiplicity-adjusted,very small stratum,-2838.029490000001,-1508.4482340000013
broad,4,broad_joint,all,assumption__radius_mixed__noise_extreme__scale_150,broad_or_stress_assumption,all,coverage,current,3,0,0,0.0,-2081.00088,-3121.0235709999997,-1110.128385,3,-2081.00088,-2011.850684000001,0.0,-1110.128385,18.351601333466565,pointwise paired bootstrap; exploratory and not multiplicity-adjusted,very small stratum,-3121.0235709999997,-1110.128385
broad,4,broad_joint,all,assumption__radius_mixed__noise_extreme__scale_150,broad_or_stress_assumption,all,local_cover,current,3,0,0,0.0,-578.8111806666669,-1535.7661210000006,-77.08141799999976,3,-578.8111806666669,-123.58600300000035,0.0,-77.08141799999976,4.695316993538454,pointwise paired bootstrap; exploratory and not multiplicity-adjusted,very small stratum,-1535.7661210000006,-77.08141799999976
broad,4,broad_joint,all,assumption__radius_mixed__noise_extreme__scale_150,broad_or_stress_assumption,extreme,combined_cover,current,3,0,0,0.0,-2154.2544726666674,-2838.029490000001,-1508.4482340000013,3,-2154.2544726666674,-2116.285694,0.0,-1508.4482340000013,19.263494861457417,pointwise paired bootstrap; exploratory and not multiplicity-adjusted,very small stratum,-2838.029490000001,-1508.4482340000013
broad,4,broad_joint,all,assumption__radius_mixed__noise_extreme__scale_150,broad_or_stress_assumption,extreme,coverage,current,3,0,0,0.0,-2081.00088,-3121.0235709999997,-1110.128385,3,-2081.00088,-2011.850684000001,0.0,-1110.128385,18.351601333466565,pointwise paired bootstrap; exploratory and not multiplicity-adjusted,very small stratum,-3121.0235709999997,-1110.128385
broad,4,broad_joint,all,assumption__radius_mixed__noise_extreme__scale_150,broad_or_stress_assumption,extreme,local_cover,current,3,0,0,0.0,-578.8111806666669,-1535.7661210000006,-77.08141799999976,3,-578.8111806666669,-123.58600300000035,0.0,-77.08141799999976,4.695316993538454,pointwise paired bootstrap; exploratory and not multiplicity-adjusted,very small stratum,-1535.7661210000006,-77.08141799999976
broad,4,broad_joint,development,assumption__radius_mixed__noise_extreme__scale_150,broad_or_stress_assumption,all,combined_cover,current,3,0,0,0.0,-2154.2544726666674,-2838.029490000001,-1508.4482340000013,3,-2154.2544726666674,-2116.285694,0.0,-1508.4482340000013,19.263494861457417,pointwise paired bootstrap; exploratory and not multiplicity-adjusted,very small stratum,-2838.029490000001,-1508.4482340000013
broad,4,broad_joint,development,assumption__radius_mixed__noise_extreme__scale_150,broad_or_stress_assumption,all,coverage,current,3,0,0,0.0,-2081.00088,-3121.0235709999997,-1110.128385,3,-2081.00088,-2011.850684000001,0.0,-1110.128385,18.351601333466565,pointwise paired bootstrap; exploratory and not multiplicity-adjusted,very small stratum,-3121.0235709999997,-1110.128385
broad,4,broad_joint,development,assumption__radius_mixed__noise_extreme__scale_150,broad_or_stress_assumption,all,local_cover,current,3,0,0,0.0,-578.8111806666669,-1535.7661210000006,-77.08141799999976,3,-578.8111806666669,-123.58600300000035,0.0,-77.08141799999976,4.695316993538454,pointwise paired bootstrap; exploratory and not multiplicity-adjusted,very small stratum,-1535.7661210000006,-77.08141799999976
broad,4,broad_joint,development,assumption__radius_mixed__noise_extreme__scale_150,broad_or_stress_assumption,extreme,combined_cover,current,3,0,0,0.0,-2154.2544726666674,-2838.029490000001,-1508.4482340000013,3,-2154.2544726666674,-2116.285694,0.0,-1508.4482340000013,19.263494861457417,pointwise paired bootstrap; exploratory and not multiplicity-adjusted,very small stratum,-2838.029490000001,-1508.4482340000013
broad,4,broad_joint,development,assumption__radius_mixed__noise_extreme__scale_150,broad_or_stress_assumption,extreme,coverage,current,3,0,0,0.0,-2081.00088,-3121.0235709999997,-1110.128385,3,-2081.00088,-2011.850684000001,0.0,-1110.128385,18.351601333466565,pointwise paired bootstrap; exploratory and not multiplicity-adjusted,very small stratum,-3121.0235709999997,-1110.128385
broad,4,broad_joint,development,assumption__radius_mixed__noise_extreme__scale_150,broad_or_stress_assumption,extreme,local_cover,current,3,0,0,0.0,-578.8111806666669,-1535.7661210000006,-77.08141799999976,3,-578.8111806666669,-123.58600300000035,0.0,-77.08141799999976,4.695316993538454,pointwise paired bootstrap; exploratory and not multiplicity-adjusted,very small stratum,-1535.7661210000006,-77.08141799999976
broad,4,broad_joint,all,assumption__radius_mixed__noise_extreme__scale_300,broad_or_stress_assumption,all,combined_cover,current,2,0,0,0.0,-2035.9964995,-2474.982282000001,-1597.0107169999992,2,-2035.9964995,-2035.9964995,0.0,-1597.0107169999992,18.26526391255821,pointwise paired bootstrap; exploratory and not multiplicity-adjusted,very small stratum,-2474.982282000001,-1597.0107169999992
broad,4,broad_joint,all,assumption__radius_mixed__noise_extreme__scale_300,broad_or_stress_assumption,all,coverage,current,2,0,0,0.0,-1580.5274719999998,-1923.1790079999992,-1237.8759360000004,2,-1580.5274719999998,-1580.5274719999998,0.0,-1237.8759360000004,14.272777023965682,pointwise paired bootstrap; exploratory and not multiplicity-adjusted,very small stratum,-1923.1790079999992,-1237.8759360000004
broad,4,broad_joint,all,assumption__radius_mixed__noise_extreme__scale_300,broad_or_stress_assumption,all,local_cover,current,2,0,0,0.0,-285.9357289999998,-337.70246699999916,-234.16899100000046,2,-285.9357289999998,-285.9357289999998,0.0,-234.16899100000046,2.580710595213289,pointwise paired bootstrap; exploratory and not multiplicity-adjusted,very small stratum,-337.70246699999916,-234.16899100000046
broad,4,broad_joint,all,assumption__radius_mixed__noise_extreme__scale_300,broad_or_stress_assumption,extreme,combined_cover,current,2,0,0,0.0,-2035.9964995,-2474.982282000001,-1597.0107169999992,2,-2035.9964995,-2035.9964995,0.0,-1597.0107169999992,18.26526391255821,pointwise paired bootstrap; exploratory and not multiplicity-adjusted,very small stratum,-2474.982282000001,-1597.0107169999992
broad,4,broad_joint,all,assumption__radius_mixed__noise_extreme__scale_300,broad_or_stress_assumption,extreme,coverage,current,2,0,0,0.0,-1580.5274719999998,-1923.1790079999992,-1237.8759360000004,2,-1580.5274719999998,-1580.5274719999998,0.0,-1237.8759360000004,14.272777023965682,pointwise paired bootstrap; exploratory and not multiplicity-adjusted,very small stratum,-1923.1790079999992,-1237.8759360000004
broad,4,broad_joint,all,assumption__radius_mixed__noise_extreme__scale_300,broad_or_stress_assumption,extreme,local_cover,current,2,0,0,0.0,-285.9357289999998,-337.70246699999916,-234.16899100000046,2,-285.9357289999998,-285.9357289999998,0.0,-234.16899100000046,2.580710595213289,pointwise paired bootstrap; exploratory and not multiplicity-adjusted,very small stratum,-337.70246699999916,-234.16899100000046
broad,4,broad_joint,development,assumption__radius_mixed__noise_extreme__scale_300,broad_or_stress_assumption,all,combined_cover,current,2,0,0,0.0,-2035.9964995,-2474.982282000001,-1597.0107169999992,2,-2035.9964995,-2035.9964995,0.0,-1597.0107169999992,18.26526391255821,pointwise paired bootstrap; exploratory and not multiplicity-adjusted,very small stratum,-2474.982282000001,-1597.0107169999992
broad,4,broad_joint,development,assumption__radius_mixed__noise_extreme__scale_300,broad_or_stress_assumption,all,coverage,current,2,0,0,0.0,-1580.5274719999998,-1923.1790079999992,-1237.8759360000004,2,-1580.5274719999998,-1580.5274719999998,0.0,-1237.8759360000004,14.272777023965682,pointwise paired bootstrap; exploratory and not multiplicity-adjusted,very small stratum,-1923.1790079999992,-1237.8759360000004
broad,4,broad_joint,development,assumption__radius_mixed__noise_extreme__scale_300,broad_or_stress_assumption,all,local_cover,current,2,0,0,0.0,-285.9357289999998,-337.70246699999916,-234.16899100000046,2,-285.9357289999998,-285.9357289999998,0.0,-234.16899100000046,2.580710595213289,pointwise paired bootstrap; exploratory and not multiplicity-adjusted,very small stratum,-337.70246699999916,-234.16899100000046
broad,4,broad_joint,development,assumption__radius_mixed__noise_extreme__scale_300,broad_or_stress_assumption,extreme,combined_cover,current,2,0,0,0.0,-2035.9964995,-2474.982282000001,-1597.0107169999992,2,-2035.9964995,-2035.9964995,0.0,-1597.0107169999992,18.26526391255821,pointwise paired bootstrap; exploratory and not multiplicity-adjusted,very small stratum,-2474.982282000001,-1597.0107169999992
broad,4,broad_joint,development,assumption__radius_mixed__noise_extreme__scale_300,broad_or_stress_assumption,extreme,coverage,current,2,0,0,0.0,-1580.5274719999998,-1923.1790079999992,-1237.8759360000004,2,-1580.5274719999998,-1580.5274719999998,0.0,-1237.8759360000004,14.272777023965682,pointwise paired bootstrap; exploratory and not multiplicity-adjusted,very small stratum,-1923.1790079999992,-1237.8759360000004
broad,4,broad_joint,development,assumption__radius_mixed__noise_extreme__scale_300,broad_or_stress_assumption,extreme,local_cover,current,2,0,0,0.0,-285.9357289999998,-337.70246699999916,-234.16899100000046,2,-285.9357289999998,-285.9357289999998,0.0,-234.16899100000046,2.580710595213289,pointwise paired bootstrap; exploratory and not multiplicity-adjusted,very small stratum,-337.70246699999916,-234.16899100000046
broad,4,broad_joint,all,assumption__radius_mixed__noise_extreme__scale_75,broad_or_stress_assumption,all,combined_cover,current,3,0,0,0.0,-2161.166966333334,-2727.228024,-1666.0070810000016,3,-2161.166966333334,-2090.265794000001,0.0,-1666.0070810000016,19.531067082658915,pointwise paired bootstrap; exploratory and not multiplicity-adjusted,very small stratum,-2727.228024,-1666.0070810000016
broad,4,broad_joint,all,assumption__radius_mixed__noise_extreme__scale_75,broad_or_stress_assumption,all,coverage,current,3,0,0,0.0,-1994.0312110000007,-2332.6486370000002,-1562.4873020000014,3,-1994.0312110000007,-2086.9576940000006,0.0,-1562.4873020000014,18.089793890113402,pointwise paired bootstrap; exploratory and not multiplicity-adjusted,very small stratum,-2332.6486370000002,-1562.4873020000014
broad,4,broad_joint,all,assumption__radius_mixed__noise_extreme__scale_75,broad_or_stress_assumption,all,local_cover,current,3,0,0,0.0,-155.71393400000065,-801.0676700000004,349.7913219999991,3,-155.71393400000065,-15.865454000000682,0.3333333333333333,349.7913219999991,1.2262041463214466,pointwise paired bootstrap; exploratory and not multiplicity-adjusted,very small stratum,-801.0676700000004,349.7913219999991
broad,4,broad_joint,all,assumption__radius_mixed__noise_extreme__scale_75,broad_or_stress_assumption,extreme,combined_cover,current,3,0,0,0.0,-2161.166966333334,-2727.228024,-1666.0070810000016,3,-2161.166966333334,-2090.265794000001,0.0,-1666.0070810000016,19.531067082658915,pointwise paired bootstrap; exploratory and not multiplicity-adjusted,very small stratum,-2727.228024,-1666.0070810000016
broad,4,broad_joint,all,assumption__radius_mixed__noise_extreme__scale_75,broad_or_stress_assumption,extreme,coverage,current,3,0,0,0.0,-1994.0312110000007,-2332.6486370000002,-1562.4873020000014,3,-1994.0312110000007,-2086.9576940000006,0.0,-1562.4873020000014,18.089793890113402,pointwise paired bootstrap; exploratory and not multiplicity-adjusted,very small stratum,-2332.6486370000002,-1562.4873020000014
broad,4,broad_joint,all,assumption__radius_mixed__noise_extreme__scale_75,broad_or_stress_assumption,extreme,local_cover,current,3,0,0,0.0,-155.71393400000065,-801.0676700000004,349.7913219999991,3,-155.71393400000065,-15.865454000000682,0.3333333333333333,349.7913219999991,1.2262041463214466,pointwise paired bootstrap; exploratory and not multiplicity-adjusted,very small stratum,-801.0676700000004,349.7913219999991
broad,4,broad_joint,development,assumption__radius_mixed__noise_extreme__scale_75,broad_or_stress_assumption,all,combined_cover,current,3,0,0,0.0,-2161.166966333334,-2727.228024,-1666.0070810000016,3,-2161.166966333334,-2090.265794000001,0.0,-1666.0070810000016,19.531067082658915,pointwise paired bootstrap; exploratory and not multiplicity-adjusted,very small stratum,-2727.228024,-1666.0070810000016
broad,4,broad_joint,development,assumption__radius_mixed__noise_extreme__scale_75,broad_or_stress_assumption,all,coverage,current,3,0,0,0.0,-1994.0312110000007,-2332.6486370000002,-1562.4873020000014,3,-1994.0312110000007,-2086.9576940000006,0.0,-1562.4873020000014,18.089793890113402,pointwise paired bootstrap; exploratory and not multiplicity-adjusted,very small stratum,-2332.6486370000002,-1562.4873020000014
broad,4,broad_joint,development,assumption__radius_mixed__noise_extreme__scale_75,broad_or_stress_assumption,all,local_cover,current,3,0,0,0.0,-155.71393400000065,-801.0676700000004,349.7913219999991,3,-155.71393400000065,-15.865454000000682,0.3333333333333333,349.7913219999991,1.2262041463214466,pointwise paired bootstrap; exploratory and not multiplicity-adjusted,very small stratum,-801.0676700000004,349.7913219999991
broad,4,broad_joint,development,assumption__radius_mixed__noise_extreme__scale_75,broad_or_stress_assumption,extreme,combined_cover,current,3,0,0,0.0,-2161.166966333334,-2727.228024,-1666.0070810000016,3,-2161.166966333334,-2090.265794000001,0.0,-1666.0070810000016,19.531067082658915,pointwise paired bootstrap; exploratory and not multiplicity-adjusted,very small stratum,-2727.228024,-1666.0070810000016
broad,4,broad_joint,development,assumption__radius_mixed__noise_extreme__scale_75,broad_or_stress_assumption,extreme,coverage,current,3,0,0,0.0,-1994.0312110000007,-2332.6486370000002,-1562.4873020000014,3,-1994.0312110000007,-2086.9576940000006,0.0,-1562.4873020000014,18.089793890113402,pointwise paired bootstrap; exploratory and not multiplicity-adjusted,very small stratum,-2332.6486370000002,-1562.4873020000014
broad,4,broad_joint,development,assumption__radius_mixed__noise_extreme__scale_75,broad_or_stress_assumption,extreme,local_cover,current,3,0,0,0.0,-155.71393400000065,-801.0676700000004,349.7913219999991,3,-155.71393400000065,-15.865454000000682,0.3333333333333333,349.7913219999991,1.2262041463214466,pointwise paired bootstrap; exploratory and not multiplicity-adjusted,very small stratum,-801.0676700000004,349.7913219999991
calibrated,4,broad_joint,all,__design_mixture__,design_mixture_only_not_official_population,all,combined_cover,current,40,0,0,0.0,-1571.355458,-1828.418029566875,-1318.904588443125,40,-1571.355458,-1702.6109399999996,0.05,854.5532109999995,14.414073015838099,pointwise paired bootstrap; exploratory and not multiplicity-adjusted,,-1835.4049881624999,-1306.8487949843752
calibrated,4,broad_joint,all,__design_mixture__,design_mixture_only_not_official_population,all,coverage,current,40,0,0,0.0,-1417.104308975,-1714.36145853125,-1114.2578227987503,40,-1417.104308975,-1584.6734529999994,0.05,1063.5219239999997,12.902942713738417,pointwise paired bootstrap; exploratory and not multiplicity-adjusted,,-1711.8975905918749,-1108.50020187625
calibrated,4,broad_joint,all,__design_mixture__,design_mixture_only_not_official_population,all,local_cover,current,40,0,0,0.0,-160.15839297500006,-289.2026469706251,-37.84971714062504,40,-160.15839297500006,-118.75668450000012,0.3,978.0830869999991,1.4606766146279127,pointwise paired bootstrap; exploratory and not multiplicity-adjusted,,-296.53629159562524,-40.268966421875234
calibrated,4,broad_joint,all,__design_mixture__,design_mixture_only_not_official_population,correlated,combined_cover,current,20,0,0,0.0,-1688.61736245,-2069.6875199212504,-1305.6768532462506,20,-1688.61736245,-1668.270865999999,0.05,280.28939199999877,15.372683233251475,pointwise paired bootstrap; exploratory and not multiplicity-adjusted,,-2072.12293913,-1318.713361372502
calibrated,4,broad_joint,all,__design_mixture__,design_mixture_only_not_official_population,correlated,coverage,current,20,0,0,0.0,-1564.8848578,-1967.993381083749,-1131.4417394162504,20,-1564.8848578,-1643.4680005,0.05,85.33057199999894,14.214282096182384,pointwise paired bootstrap; exploratory and not multiplicity-adjusted,,-1975.9414060325,-1157.4398323925004
calibrated,4,broad_joint,all,__design_mixture__,design_mixture_only_not_official_population,correlated,local_cover,current,20,0,0,0.0,-238.44678534999994,-406.06981314625,-71.25750240999974,20,-238.44678534999994,-189.23214550000012,0.3,520.232465000001,2.0484979583508265,pointwise paired bootstrap; exploratory and not multiplicity-adjusted,,-417.76207218125,-60.58983458375002
calibrated,4,broad_joint,all,__design_mixture__,design_mixture_only_not_official_population,extreme,combined_cover,current,20,0,0,0.0,-1454.09355355,-1797.4579205962502,-1069.4872558625011,20,-1454.09355355,-1740.0355259999997,0.05,854.5532109999995,13.455462798424724,pointwise paired bootstrap; exploratory and not multiplicity-adjusted,,-1819.5946772937498,-1068.6362227500001
calibrated,4,broad_joint,all,__design_mixture__,design_mixture_only_not_official_population,extreme,coverage,current,20,0,0,0.0,-1269.3237601500002,-1653.9560068450003,-856.8001229262505,20,-1269.3237601500002,-1553.4453294999994,0.05,1063.5219239999997,11.591603331294449,pointwise paired bootstrap; exploratory and not multiplicity-adjusted,,-1673.7209560462502,-857.6420749975005
calibrated,4,broad_joint,all,__design_mixture__,design_mixture_only_not_official_population,extreme,local_cover,current,20,0,0,0.0,-81.87000060000018,-260.3069280975002,99.12165342749961,20,-81.87000060000018,-70.20807349999995,0.3,978.0830869999991,0.8728552709049987,pointwise paired bootstrap; exploratory and not multiplicity-adjusted,,-265.45560635000004,105.23648979624969
calibrated,4,broad_joint,development,__design_mixture__,design_mixture_only_not_official_population,all,combined_cover,current,40,0,0,0.0,-1571.355458,-1836.9557784575002,-1296.3356266156252,40,-1571.355458,-1702.6109399999996,0.05,854.5532109999995,14.414073015838099,pointwise paired bootstrap; exploratory and not multiplicity-adjusted,,-1835.448296193125,-1288.918229594375
calibrated,4,broad_joint,development,__design_mixture__,design_mixture_only_not_official_population,all,coverage,current,40,0,0,0.0,-1417.104308975,-1712.4678943274998,-1122.1750960843754,40,-1417.104308975,-1584.6734529999994,0.05,1063.5219239999997,12.902942713738417,pointwise paired bootstrap; exploratory and not multiplicity-adjusted,,-1722.0210463031253,-1110.8291379731252
calibrated,4,broad_joint,development,__design_mixture__,design_mixture_only_not_official_population,all,local_cover,current,40,0,0,0.0,-160.15839297500006,-286.32448951124996,-33.383847449375295,40,-160.15839297500006,-118.75668450000012,0.3,978.0830869999991,1.4606766146279127,pointwise paired bootstrap; exploratory and not multiplicity-adjusted,,-294.31138968812496,-27.515446945625055
calibrated,4,broad_joint,development,__design_mixture__,design_mixture_only_not_official_population,correlated,combined_cover,current,20,0,0,0.0,-1688.61736245,-2066.8118258775,-1285.7041047212504,20,-1688.61736245,-1668.270865999999,0.05,280.28939199999877,15.372683233251475,pointwise paired bootstrap; exploratory and not multiplicity-adjusted,,-2068.6480454125003,-1304.5202469187504
calibrated,4,broad_joint,development,__design_mixture__,design_mixture_only_not_official_population,correlated,coverage,current,20,0,0,0.0,-1564.8848578,-2003.1400349374994,-1139.4133344825009,20,-1564.8848578,-1643.4680005,0.05,85.33057199999894,14.214282096182384,pointwise paired bootstrap; exploratory and not multiplicity-adjusted,,-2029.910694737499,-1148.426248715
calibrated,4,broad_joint,development,__design_mixture__,design_mixture_only_not_official_population,correlated,local_cover,current,20,0,0,0.0,-238.44678534999994,-419.0575290849999,-68.83040672249967,20,-238.44678534999994,-189.23214550000012,0.3,520.232465000001,2.0484979583508265,pointwise paired bootstrap; exploratory and not multiplicity-adjusted,,-422.0062647524998,-68.99390345750024
calibrated,4,broad_joint,development,__design_mixture__,design_mixture_only_not_official_population,extreme,combined_cover,current,20,0,0,0.0,-1454.09355355,-1802.85304436125,-1059.6436106375002,20,-1454.09355355,-1740.0355259999997,0.05,854.5532109999995,13.455462798424724,pointwise paired bootstrap; exploratory and not multiplicity-adjusted,,-1813.4317121425004,-1070.3378301187497
calibrated,4,broad_joint,development,__design_mixture__,design_mixture_only_not_official_population,extreme,coverage,current,20,0,0,0.0,-1269.3237601500002,-1685.1371707487506,-826.9848563587508,20,-1269.3237601500002,-1553.4453294999994,0.05,1063.5219239999997,11.591603331294449,pointwise paired bootstrap; exploratory and not multiplicity-adjusted,,-1683.8690107537498,-856.8540488150004
calibrated,4,broad_joint,development,__design_mixture__,design_mixture_only_not_official_population,extreme,local_cover,current,20,0,0,0.0,-81.87000060000018,-263.4705032912503,97.64143881624977,20,-81.87000060000018,-70.20807349999995,0.3,978.0830869999991,0.8728552709049987,pointwise paired bootstrap; exploratory and not multiplicity-adjusted,,-279.49536753875026,87.26670416124959
calibrated,4,broad_joint,all,mixed_correlated150_after_observable_screen,unresolved,all,combined_cover,current,20,0,0,0.0,-1688.61736245,-2075.821284185,-1316.47213296375,20,-1688.61736245,-1668.270865999999,0.05,280.28939199999877,15.372683233251475,pointwise paired bootstrap; exploratory and not multiplicity-adjusted,,-2064.1412969575,-1327.2114969825002
calibrated,4,broad_joint,all,mixed_correlated150_after_observable_screen,unresolved,all,coverage,current,20,0,0,0.0,-1564.8848578,-2011.6602256787498,-1173.7399467862504,20,-1564.8848578,-1643.4680005,0.05,85.33057199999894,14.214282096182384,pointwise paired bootstrap; exploratory and not multiplicity-adjusted,,-1990.3922524862496,-1141.653366965
calibrated,4,broad_joint,all,mixed_correlated150_after_observable_screen,unresolved,all,local_cover,current,20,0,0,0.0,-238.44678534999994,-422.7837911949999,-57.476654353750064,20,-238.44678534999994,-189.23214550000012,0.3,520.232465000001,2.0484979583508265,pointwise paired bootstrap; exploratory and not multiplicity-adjusted,,-411.7983593049999,-70.95168701750025
calibrated,4,broad_joint,all,mixed_correlated150_after_observable_screen,unresolved,correlated,combined_cover,current,20,0,0,0.0,-1688.61736245,-2082.79533905375,-1298.7175743750006,20,-1688.61736245,-1668.270865999999,0.05,280.28939199999877,15.372683233251475,pointwise paired bootstrap; exploratory and not multiplicity-adjusted,,-2062.3585901875003,-1313.0360260700006
calibrated,4,broad_joint,all,mixed_correlated150_after_observable_screen,unresolved,correlated,coverage,current,20,0,0,0.0,-1564.8848578,-2006.3755016612495,-1121.9547834087505,20,-1564.8848578,-1643.4680005,0.05,85.33057199999894,14.214282096182384,pointwise paired bootstrap; exploratory and not multiplicity-adjusted,,-2028.2279023087501,-1153.8361044500002
calibrated,4,broad_joint,all,mixed_correlated150_after_observable_screen,unresolved,correlated,local_cover,current,20,0,0,0.0,-238.44678534999994,-422.83796695750004,-65.53161876874987,20,-238.44678534999994,-189.23214550000012,0.3,520.232465000001,2.0484979583508265,pointwise paired bootstrap; exploratory and not multiplicity-adjusted,,-423.62963456499995,-62.705265681250125
calibrated,4,broad_joint,development,mixed_correlated150_after_observable_screen,unresolved,all,combined_cover,current,20,0,0,0.0,-1688.61736245,-2074.656489355,-1328.2593841337502,20,-1688.61736245,-1668.270865999999,0.05,280.28939199999877,15.372683233251475,pointwise paired bootstrap; exploratory and not multiplicity-adjusted,,-2085.8073919737503,-1326.3681433425002
calibrated,4,broad_joint,development,mixed_correlated150_after_observable_screen,unresolved,all,coverage,current,20,0,0,0.0,-1564.8848578,-2004.2713993349994,-1150.9345517250008,20,-1564.8848578,-1643.4680005,0.05,85.33057199999894,14.214282096182384,pointwise paired bootstrap; exploratory and not multiplicity-adjusted,,-1985.7219702037494,-1141.6003688275005
calibrated,4,broad_joint,development,mixed_correlated150_after_observable_screen,unresolved,all,local_cover,current,20,0,0,0.0,-238.44678534999994,-425.44919127125,-66.94230285875007,20,-238.44678534999994,-189.23214550000012,0.3,520.232465000001,2.0484979583508265,pointwise paired bootstrap; exploratory and not multiplicity-adjusted,,-415.99050280375013,-70.77415522625012
calibrated,4,broad_joint,development,mixed_correlated150_after_observable_screen,unresolved,correlated,combined_cover,current,20,0,0,0.0,-1688.61736245,-2062.71788799875,-1315.9195024837504,20,-1688.61736245,-1668.270865999999,0.05,280.28939199999877,15.372683233251475,pointwise paired bootstrap; exploratory and not multiplicity-adjusted,,-2060.1861599637496,-1314.0637151150002
calibrated,4,broad_joint,development,mixed_correlated150_after_observable_screen,unresolved,correlated,coverage,current,20,0,0,0.0,-1564.8848578,-1959.144625182499,-1141.0509826850005,20,-1564.8848578,-1643.4680005,0.05,85.33057199999894,14.214282096182384,pointwise paired bootstrap; exploratory and not multiplicity-adjusted,,-2000.6477228774997,-1174.3542728425002
calibrated,4,broad_joint,development,mixed_correlated150_after_observable_screen,unresolved,correlated,local_cover,current,20,0,0,0.0,-238.44678534999994,-419.7952538337499,-64.85593071000024,20,-238.44678534999994,-189.23214550000012,0.3,520.232465000001,2.0484979583508265,pointwise paired bootstrap; exploratory and not multiplicity-adjusted,,-415.8790489737502,-73.79808938875007
calibrated,4,broad_joint,all,mixed_extreme150_after_observable_screen,unresolved,all,combined_cover,current,20,0,0,0.0,-1454.09355355,-1799.6890546037498,-1063.1518892787508,20,-1454.09355355,-1740.0355259999997,0.05,854.5532109999995,13.455462798424724,pointwise paired bootstrap; exploratory and not multiplicity-adjusted,,-1785.6237952675,-1068.9268637237503
calibrated,4,broad_joint,all,mixed_extreme150_after_observable_screen,unresolved,all,coverage,current,20,0,0,0.0,-1269.3237601500002,-1668.9604912225004,-834.6429492150011,20,-1269.3237601500002,-1553.4453294999994,0.05,1063.5219239999997,11.591603331294449,pointwise paired bootstrap; exploratory and not multiplicity-adjusted,,-1683.0274253975003,-810.5846872087511
calibrated,4,broad_joint,all,mixed_extreme150_after_observable_screen,unresolved,all,local_cover,current,20,0,0,0.0,-81.87000060000018,-263.53736811000033,86.26885376249977,20,-81.87000060000018,-70.20807349999995,0.3,978.0830869999991,0.8728552709049987,pointwise paired bootstrap; exploratory and not multiplicity-adjusted,,-267.3423126112501,90.77935578874957
calibrated,4,broad_joint,all,mixed_extreme150_after_observable_screen,unresolved,extreme,combined_cover,current,20,0,0,0.0,-1454.09355355,-1811.1539782512502,-1085.8833381500006,20,-1454.09355355,-1740.0355259999997,0.05,854.5532109999995,13.455462798424724,pointwise paired bootstrap; exploratory and not multiplicity-adjusted,,-1799.84092786875,-1058.1057445250003
calibrated,4,broad_joint,all,mixed_extreme150_after_observable_screen,unresolved,extreme,coverage,current,20,0,0,0.0,-1269.3237601500002,-1666.0235627975003,-826.5244615012502,20,-1269.3237601500002,-1553.4453294999994,0.05,1063.5219239999997,11.591603331294449,pointwise paired bootstrap; exploratory and not multiplicity-adjusted,,-1653.9410981475003,-829.4472455675005
calibrated,4,broad_joint,all,mixed_extreme150_after_observable_screen,unresolved,extreme,local_cover,current,20,0,0,0.0,-81.87000060000018,-265.80340736000005,92.21308762249959,20,-81.87000060000018,-70.20807349999995,0.3,978.0830869999991,0.8728552709049987,pointwise paired bootstrap; exploratory and not multiplicity-adjusted,,-264.7332609775002,93.44381778374945
calibrated,4,broad_joint,development,mixed_extreme150_after_observable_screen,unresolved,all,combined_cover,current,20,0,0,0.0,-1454.09355355,-1801.9290453575,-1064.6547347587505,20,-1454.09355355,-1740.0355259999997,0.05,854.5532109999995,13.455462798424724,pointwise paired bootstrap; exploratory and not multiplicity-adjusted,,-1789.0594450562498,-1052.2842589000006
calibrated,4,broad_joint,development,mixed_extreme150_after_observable_screen,unresolved,all,coverage,current,20,0,0,0.0,-1269.3237601500002,-1672.2627468350001,-819.291270257501,20,-1269.3237601500002,-1553.4453294999994,0.05,1063.5219239999997,11.591603331294449,pointwise paired bootstrap; exploratory and not multiplicity-adjusted,,-1674.9329660162502,-847.7019928650005
calibrated,4,broad_joint,development,mixed_extreme150_after_observable_screen,unresolved,all,local_cover,current,20,0,0,0.0,-81.87000060000018,-265.7738822474997,104.35470492999978,20,-81.87000060000018,-70.20807349999995,0.3,978.0830869999991,0.8728552709049987,pointwise paired bootstrap; exploratory and not multiplicity-adjusted,,-263.18429945875,91.0674493462494
calibrated,4,broad_joint,development,mixed_extreme150_after_observable_screen,unresolved,extreme,combined_cover,current,20,0,0,0.0,-1454.09355355,-1792.75289080625,-1082.5182893487504,20,-1454.09355355,-1740.0355259999997,0.05,854.5532109999995,13.455462798424724,pointwise paired bootstrap; exploratory and not multiplicity-adjusted,,-1801.8692989774997,-1084.5652784150004
calibrated,4,broad_joint,development,mixed_extreme150_after_observable_screen,unresolved,extreme,coverage,current,20,0,0,0.0,-1269.3237601500002,-1681.5385709049997,-839.6783591262499,20,-1269.3237601500002,-1553.4453294999994,0.05,1063.5219239999997,11.591603331294449,pointwise paired bootstrap; exploratory and not multiplicity-adjusted,,-1682.2378493912502,-843.6722419550003
calibrated,4,broad_joint,development,mixed_extreme150_after_observable_screen,unresolved,extreme,local_cover,current,20,0,0,0.0,-81.87000060000018,-270.1742998912502,98.31991074874995,20,-81.87000060000018,-70.20807349999995,0.3,978.0830869999991,0.8728552709049987,pointwise paired bootstrap; exploratory and not multiplicity-adjusted,,-265.5646439949998,99.40919583999938
calibrated,4,smoothed_joint,all,__design_mixture__,design_mixture_only_not_official_population,all,combined_cover,current,40,0,0,0.0,-1660.82586425,-1883.56813040875,-1444.78895162875,40,-1660.82586425,-1541.4243214999997,0.0,-70.57091500000024,15.086398886735472,pointwise paired bootstrap; exploratory and not multiplicity-adjusted,,-1898.17933986625,-1440.8715073343749
calibrated,4,smoothed_joint,all,__design_mixture__,design_mixture_only_not_official_population,all,coverage,current,40,0,0,0.0,-1447.190741325,-1694.7819325787502,-1200.1485356681262,40,-1447.190741325,-1579.1371965000008,0.05,693.6562389999999,13.15559232416255,pointwise paired bootstrap; exploratory and not multiplicity-adjusted,,-1696.221418084375,-1191.9085436681255
calibrated,4,smoothed_joint,all,__design_mixture__,design_mixture_only_not_official_population,all,local_cover,current,40,0,0,0.0,-277.6104384750001,-417.92000033875007,-150.71436070562515,40,-277.6104384750001,-124.96737699999903,0.2,338.7380140000005,2.4430513213083165,pointwise paired bootstrap; exploratory and not multiplicity-adjusted,,-424.979976478125,-149.30083959562518
calibrated,4,smoothed_joint,all,__design_mixture__,design_mixture_only_not_official_population,correlated,combined_cover,current,20,0,0,0.0,-1559.2607813999998,-1796.5059706824995,-1336.9037478712498,20,-1559.2607813999998,-1455.6689975,0.0,-416.6458139999995,14.47545396975371,pointwise paired bootstrap; exploratory and not multiplicity-adjusted,,-1792.9416042374999,-1344.5740554487497
calibrated,4,smoothed_joint,all,__design_mixture__,design_mixture_only_not_official_population,correlated,coverage,current,20,0,0,0.0,-1536.1834974499998,-1784.5665478224998,-1275.5825691812504,20,-1536.1834974499998,-1676.4329850000004,0.0,-319.11251000000084,14.1862334952579,pointwise paired bootstrap; exploratory and not multiplicity-adjusted,,-1798.6178744500003,-1263.2670901412505
calibrated,4,smoothed_joint,all,__design_mixture__,design_mixture_only_not_official_population,correlated,local_cover,current,20,0,0,0.0,-220.27212304999995,-357.93173915374973,-88.19964456500033,20,-220.27212304999995,-99.25966849999986,0.25,267.5992380000007,2.009282347753836,pointwise paired bootstrap; exploratory and not multiplicity-adjusted,,-361.8121235449998,-89.64160196749998
calibrated,4,smoothed_joint,all,__design_mixture__,design_mixture_only_not_official_population,extreme,combined_cover,current,20,0,0,0.0,-1762.3909471000002,-2168.3812243375,-1370.4045601237506,20,-1762.3909471000002,-1650.3664884999998,0.0,-70.57091500000024,15.697343803717235,pointwise paired bootstrap; exploratory and not multiplicity-adjusted,,-2162.7450294562504,-1368.6045488075001
calibrated,4,smoothed_joint,all,__design_mixture__,design_mixture_only_not_official_population,extreme,coverage,current,20,0,0,0.0,-1358.1979852000002,-1781.8019082012502,-947.2024541975002,20,-1358.1979852000002,-1523.9472615000004,0.1,693.6562389999999,12.124951153067196,pointwise paired bootstrap; exploratory and not multiplicity-adjusted,,-1749.2439049825,-954.4674504312502
calibrated,4,smoothed_joint,all,__design_mixture__,design_mixture_only_not_official_population,extreme,local_cover,current,20,0,0,0.0,-334.94875390000027,-572.8411864850003,-122.49001239750065,20,-334.94875390000027,-171.2590279999995,0.15,338.7380140000005,2.876820294862797,pointwise paired bootstrap; exploratory and not multiplicity-adjusted,,-591.1032009187502,-126.12066523500052
calibrated,4,smoothed_joint,development,__design_mixture__,design_mixture_only_not_official_population,all,combined_cover,current,40,0,0,0.0,-1660.82586425,-1886.1669877081251,-1437.5629587906253,40,-1660.82586425,-1541.4243214999997,0.0,-70.57091500000024,15.086398886735472,pointwise paired bootstrap; exploratory and not multiplicity-adjusted,,-1887.1123997212496,-1443.731729455
calibrated,4,smoothed_joint,development,__design_mixture__,design_mixture_only_not_official_population,all,coverage,current,40,0,0,0.0,-1447.190741325,-1684.1804855374994,-1185.8252940950001,40,-1447.190741325,-1579.1371965000008,0.05,693.6562389999999,13.15559232416255,pointwise paired bootstrap; exploratory and not multiplicity-adjusted,,-1703.26332480875,-1182.4732543412501
calibrated,4,smoothed_joint,development,__design_mixture__,design_mixture_only_not_official_population,all,local_cover,current,40,0,0,0.0,-277.6104384750001,-430.86277297000004,-147.75461608687496,40,-277.6104384750001,-124.96737699999903,0.2,338.7380140000005,2.4430513213083165,pointwise paired bootstrap; exploratory and not multiplicity-adjusted,,-421.8175167575002,-154.50527303375017
calibrated,4,smoothed_joint,development,__design_mixture__,design_mixture_only_not_official_population,correlated,combined_cover,current,20,0,0,0.0,-1559.2607813999998,-1795.9653990274996,-1339.441521215,20,-1559.2607813999998,-1455.6689975,0.0,-416.6458139999995,14.47545396975371,pointwise paired bootstrap; exploratory and not multiplicity-adjusted,,-1785.3287385062497,-1331.4743000387505
calibrated,4,smoothed_joint,development,__design_mixture__,design_mixture_only_not_official_population,correlated,coverage,current,20,0,0,0.0,-1536.1834974499998,-1802.605195385,-1267.21299781375,20,-1536.1834974499998,-1676.4329850000004,0.0,-319.11251000000084,14.1862334952579,pointwise paired bootstrap; exploratory and not multiplicity-adjusted,,-1799.1408291887496,-1287.7843150224999
calibrated,4,smoothed_joint,development,__design_mixture__,design_mixture_only_not_official_population,correlated,local_cover,current,20,0,0,0.0,-220.27212304999995,-359.5374757237495,-85.75060294624991,20,-220.27212304999995,-99.25966849999986,0.25,267.5992380000007,2.009282347753836,pointwise paired bootstrap; exploratory and not multiplicity-adjusted,,-365.4937169462497,-90.49711077000032
calibrated,4,smoothed_joint,development,__design_mixture__,design_mixture_only_not_official_population,extreme,combined_cover,current,20,0,0,0.0,-1762.3909471000002,-2172.5280225500005,-1382.9798466650002,20,-1762.3909471000002,-1650.3664884999998,0.0,-70.57091500000024,15.697343803717235,pointwise paired bootstrap; exploratory and not multiplicity-adjusted,,-2157.4980226700004,-1399.1924870162507
calibrated,4,smoothed_joint,development,__design_mixture__,design_mixture_only_not_official_population,extreme,coverage,current,20,0,0,0.0,-1358.1979852000002,-1780.8182148512506,-905.8903348825007,20,-1358.1979852000002,-1523.9472615000004,0.1,693.6562389999999,12.124951153067196,pointwise paired bootstrap; exploratory and not multiplicity-adjusted,,-1776.1852777899999,-920.7094772175001
calibrated,4,smoothed_joint,development,__design_mixture__,design_mixture_only_not_official_population,extreme,local_cover,current,20,0,0,0.0,-334.94875390000027,-575.9366163525003,-135.9200448137506,20,-334.94875390000027,-171.2590279999995,0.15,338.7380140000005,2.876820294862797,pointwise paired bootstrap; exploratory and not multiplicity-adjusted,,-575.2194896425001,-128.43509034750028
calibrated,4,smoothed_joint,all,mixed_correlated150_after_observable_screen,unresolved,all,combined_cover,current,20,0,0,0.0,-1559.2607813999998,-1780.3645963624995,-1333.2618904362503,20,-1559.2607813999998,-1455.6689975,0.0,-416.6458139999995,14.47545396975371,pointwise paired bootstrap; exploratory and not multiplicity-adjusted,,-1784.8612652774996,-1342.5057681199999
calibrated,4,smoothed_joint,all,mixed_correlated150_after_observable_screen,unresolved,all,coverage,current,20,0,0,0.0,-1536.1834974499998,-1797.8107113849994,-1268.4063074074998,20,-1536.1834974499998,-1676.4329850000004,0.0,-319.11251000000084,14.1862334952579,pointwise paired bootstrap; exploratory and not multiplicity-adjusted,,-1801.9398416424992,-1269.0915632962508
calibrated,4,smoothed_joint,all,mixed_correlated150_after_observable_screen,unresolved,all,local_cover,current,20,0,0,0.0,-220.27212304999995,-366.1955240875005,-91.26374086875008,20,-220.27212304999995,-99.25966849999986,0.25,267.5992380000007,2.009282347753836,pointwise paired bootstrap; exploratory and not multiplicity-adjusted,,-359.51332099499996,-88.73534250000024
calibrated,4,smoothed_joint,all,mixed_correlated150_after_observable_screen,unresolved,correlated,combined_cover,current,20,0,0,0.0,-1559.2607813999998,-1778.6679120249994,-1333.5329652562498,20,-1559.2607813999998,-1455.6689975,0.0,-416.6458139999995,14.47545396975371,pointwise paired bootstrap; exploratory and not multiplicity-adjusted,,-1785.30364178375,-1332.5306086237501
calibrated,4,smoothed_joint,all,mixed_correlated150_after_observable_screen,unresolved,correlated,coverage,current,20,0,0,0.0,-1536.1834974499998,-1793.4692041199994,-1257.5157211024996,20,-1536.1834974499998,-1676.4329850000004,0.0,-319.11251000000084,14.1862334952579,pointwise paired bootstrap; exploratory and not multiplicity-adjusted,,-1795.2003005424992,-1275.7868449000002
calibrated,4,smoothed_joint,all,mixed_correlated150_after_observable_screen,unresolved,correlated,local_cover,current,20,0,0,0.0,-220.27212304999995,-361.02891861749964,-85.48930148124998,20,-220.27212304999995,-99.25966849999986,0.25,267.5992380000007,2.009282347753836,pointwise paired bootstrap; exploratory and not multiplicity-adjusted,,-360.65174554875,-86.9469498712502
calibrated,4,smoothed_joint,development,mixed_correlated150_after_observable_screen,unresolved,all,combined_cover,current,20,0,0,0.0,-1559.2607813999998,-1777.1686700899998,-1333.715964825,20,-1559.2607813999998,-1455.6689975,0.0,-416.6458139999995,14.47545396975371,pointwise paired bootstrap; exploratory and not multiplicity-adjusted,,-1786.7124654849993,-1324.7577934087503
calibrated,4,smoothed_joint,development,mixed_correlated150_after_observable_screen,unresolved,all,coverage,current,20,0,0,0.0,-1536.1834974499998,-1788.1696363425,-1274.9417957425,20,-1536.1834974499998,-1676.4329850000004,0.0,-319.11251000000084,14.1862334952579,pointwise paired bootstrap; exploratory and not multiplicity-adjusted,,-1802.5811524337496,-1271.637584870001
calibrated,4,smoothed_joint,development,mixed_correlated150_after_observable_screen,unresolved,all,local_cover,current,20,0,0,0.0,-220.27212304999995,-354.67898194749995,-88.56028587875018,20,-220.27212304999995,-99.25966849999986,0.25,267.5992380000007,2.009282347753836,pointwise paired bootstrap; exploratory and not multiplicity-adjusted,,-360.8108920199997,-94.79562986250012
calibrated,4,smoothed_joint,development,mixed_correlated150_after_observable_screen,unresolved,correlated,combined_cover,current,20,0,0,0.0,-1559.2607813999998,-1780.78708999,-1348.79695484125,20,-1559.2607813999998,-1455.6689975,0.0,-416.6458139999995,14.47545396975371,pointwise paired bootstrap; exploratory and not multiplicity-adjusted,,-1785.1719455099994,-1317.8553988087508
calibrated,4,smoothed_joint,development,mixed_correlated150_after_observable_screen,unresolved,correlated,coverage,current,20,0,0,0.0,-1536.1834974499998,-1795.6972620975,-1260.0488665250002,20,-1536.1834974499998,-1676.4329850000004,0.0,-319.11251000000084,14.1862334952579,pointwise paired bootstrap; exploratory and not multiplicity-adjusted,,-1790.9083383474997,-1284.4046151412504
calibrated,4,smoothed_joint,development,mixed_correlated150_after_observable_screen,unresolved,correlated,local_cover,current,20,0,0,0.0,-220.27212304999995,-358.3408016999998,-84.90239913249995,20,-220.27212304999995,-99.25966849999986,0.25,267.5992380000007,2.009282347753836,pointwise paired bootstrap; exploratory and not multiplicity-adjusted,,-365.77859814125,-91.53068218999981
calibrated,4,smoothed_joint,all,mixed_extreme150_after_observable_screen,unresolved,all,combined_cover,current,20,0,0,0.0,-1762.3909471000002,-2152.4254408725005,-1407.6132723225005,20,-1762.3909471000002,-1650.3664884999998,0.0,-70.57091500000024,15.697343803717235,pointwise paired bootstrap; exploratory and not multiplicity-adjusted,,-2164.15740382375,-1406.3213237662508
calibrated,4,smoothed_joint,all,mixed_extreme150_after_observable_screen,unresolved,all,coverage,current,20,0,0,0.0,-1358.1979852000002,-1780.7098501149999,-931.63206890625,20,-1358.1979852000002,-1523.9472615000004,0.1,693.6562389999999,12.124951153067196,pointwise paired bootstrap; exploratory and not multiplicity-adjusted,,-1773.7126023937496,-933.6156889825003
calibrated,4,smoothed_joint,all,mixed_extreme150_after_observable_screen,unresolved,all,local_cover,current,20,0,0,0.0,-334.94875390000027,-584.9046509762504,-126.02937548000033,20,-334.94875390000027,-171.2590279999995,0.15,338.7380140000005,2.876820294862797,pointwise paired bootstrap; exploratory and not multiplicity-adjusted,,-578.036077825,-120.97093999875024
calibrated,4,smoothed_joint,all,mixed_extreme150_after_observable_screen,unresolved,extreme,combined_cover,current,20,0,0,0.0,-1762.3909471000002,-2166.8060080550003,-1375.18296499875,20,-1762.3909471000002,-1650.3664884999998,0.0,-70.57091500000024,15.697343803717235,pointwise paired bootstrap; exploratory and not multiplicity-adjusted,,-2158.16421627125,-1371.5073979600002
calibrated,4,smoothed_joint,all,mixed_extreme150_after_observable_screen,unresolved,extreme,coverage,current,20,0,0,0.0,-1358.1979852000002,-1787.624603075,-950.0690289762503,20,-1358.1979852000002,-1523.9472615000004,0.1,693.6562389999999,12.124951153067196,pointwise paired bootstrap; exploratory and not multiplicity-adjusted,,-1754.9900065700003,-959.7435287675004
calibrated,4,smoothed_joint,all,mixed_extreme150_after_observable_screen,unresolved,extreme,local_cover,current,20,0,0,0.0,-334.94875390000027,-573.0617508275003,-118.98335214625041,20,-334.94875390000027,-171.2590279999995,0.15,338.7380140000005,2.876820294862797,pointwise paired bootstrap; exploratory and not multiplicity-adjusted,,-569.8988173650004,-118.58492095500026
calibrated,4,smoothed_joint,development,mixed_extreme150_after_observable_screen,unresolved,all,combined_cover,current,20,0,0,0.0,-1762.3909471000002,-2150.2762723075,-1375.0553860062505,20,-1762.3909471000002,-1650.3664884999998,0.0,-70.57091500000024,15.697343803717235,pointwise paired bootstrap; exploratory and not multiplicity-adjusted,,-2142.5598426350007,-1370.3037214825004
calibrated,4,smoothed_joint,development,mixed_extreme150_after_observable_screen,unresolved,all,coverage,current,20,0,0,0.0,-1358.1979852000002,-1771.6841316012503,-941.4809356300003,20,-1358.1979852000002,-1523.9472615000004,0.1,693.6562389999999,12.124951153067196,pointwise paired bootstrap; exploratory and not multiplicity-adjusted,,-1769.6509301900003,-937.8002072837504
calibrated,4,smoothed_joint,development,mixed_extreme150_after_observable_screen,unresolved,all,local_cover,current,20,0,0,0.0,-334.94875390000027,-584.2257871762504,-130.4123923600007,20,-334.94875390000027,-171.2590279999995,0.15,338.7380140000005,2.876820294862797,pointwise paired bootstrap; exploratory and not multiplicity-adjusted,,-605.6979366212502,-129.37086253500053
calibrated,4,smoothed_joint,development,mixed_extreme150_after_observable_screen,unresolved,extreme,combined_cover,current,20,0,0,0.0,-1762.3909471000002,-2167.7827942525,-1385.55513636,20,-1762.3909471000002,-1650.3664884999998,0.0,-70.57091500000024,15.697343803717235,pointwise paired bootstrap; exploratory and not multiplicity-adjusted,,-2169.70350115625,-1383.7363134125003
calibrated,4,smoothed_joint,development,mixed_extreme150_after_observable_screen,unresolved,extreme,coverage,current,20,0,0,0.0,-1358.1979852000002,-1779.2038948512504,-946.6411807925006,20,-1358.1979852000002,-1523.9472615000004,0.1,693.6562389999999,12.124951153067196,pointwise paired bootstrap; exploratory and not multiplicity-adjusted,,-1769.0646551800003,-926.8674915587502
calibrated,4,smoothed_joint,development,mixed_extreme150_after_observable_screen,unresolved,extreme,local_cover,current,20,0,0,0.0,-334.94875390000027,-586.52705593,-122.68581247000047,20,-334.94875390000027,-171.2590279999995,0.15,338.7380140000005,2.876820294862797,pointwise paired bootstrap; exploratory and not multiplicity-adjusted,,-571.8403019825004,-122.61584112750033
stress,4,stress_design,all,__design_mixture__,design_mixture_only_not_official_population,all,combined_cover,current,40,0,0,0.0,-1364.959793625,-1755.1874954893747,-892.7137765374998,40,-1364.959793625,-1664.6742014999995,0.125,3285.7374800000007,11.338685059343607,pointwise paired bootstrap; exploratory and not multiplicity-adjusted,,-1759.6739013675,-925.5703366800002
stress,4,stress_design,all,__design_mixture__,design_mixture_only_not_official_population,all,coverage,current,40,0,0,0.0,-1297.1122414249999,-1698.0360135112498,-820.9663273681252,40,-1297.1122414249999,-1595.3823045,0.15,2937.534548999999,10.706501470923113,pointwise paired bootstrap; exploratory and not multiplicity-adjusted,,-1710.070080221875,-836.3160944662502
stress,4,stress_design,all,__design_mixture__,design_mixture_only_not_official_population,all,local_cover,current,40,0,0,0.0,-38.41398924999997,-132.13381672187495,54.00614581625009,40,-38.41398924999997,-42.74381950000043,0.275,636.850042,0.20766648797490808,pointwise paired bootstrap; exploratory and not multiplicity-adjusted,,-129.21879077,57.08173541937506
stress,4,stress_design,all,__design_mixture__,design_mixture_only_not_official_population,correlated,combined_cover,current,13,0,0,0.0,-1257.921873076923,-1995.937839557692,-276.6203834076931,13,-1257.921873076923,-1604.8626199999999,0.07692307692307693,3285.7374800000007,9.614913193803229,pointwise paired bootstrap; exploratory and not multiplicity-adjusted,very small stratum,-1944.9553271250002,-350.4507644788471
stress,4,stress_design,all,__design_mixture__,design_mixture_only_not_official_population,correlated,coverage,current,13,0,0,0.0,-1365.3447336153845,-2054.1622014134614,-479.9215356057696,13,-1365.3447336153845,-1770.081102,0.07692307692307693,2937.534548999999,10.865675144792725,pointwise paired bootstrap; exploratory and not multiplicity-adjusted,very small stratum,-2068.2561841173074,-516.2937395692321
stress,4,stress_design,all,__design_mixture__,design_mixture_only_not_official_population,correlated,local_cover,current,13,0,0,0.0,-37.15560423076921,-181.41856887692268,105.87388664999986,13,-37.15560423076921,-31.791034999999738,0.3076923076923077,522.0690880000002,0.3346394289016563,pointwise paired bootstrap; exploratory and not multiplicity-adjusted,very small stratum,-185.26789080000006,111.01359222500002
stress,4,stress_design,all,__design_mixture__,design_mixture_only_not_official_population,deterministic,combined_cover,current,14,0,0,0.0,-1725.7106047857142,-2213.6591323339285,-1142.7594980839292,14,-1725.7106047857142,-2011.4656209999994,0.07142857142857142,1039.5987800000003,15.385453848041939,pointwise paired bootstrap; exploratory and not multiplicity-adjusted,very small stratum,-2195.174011273214,-1109.335980791072
stress,4,stress_design,all,__design_mixture__,design_mixture_only_not_official_population,deterministic,coverage,current,14,0,0,0.0,-1741.7944381428574,-2213.9132374625,-1151.3342901214287,14,-1741.7944381428574,-1848.023131,0.07142857142857142,1062.5575339999996,15.53865824031621,pointwise paired bootstrap; exploratory and not multiplicity-adjusted,very small stratum,-2224.9731201125005,-1181.9118001928587
stress,4,stress_design,all,__design_mixture__,design_mixture_only_not_official_population,deterministic,local_cover,current,14,0,0,0.0,-104.81642457142867,-258.2159031392861,32.66310734999996,14,-104.81642457142867,-65.90015850000054,0.14285714285714285,442.6309199999996,0.9093479710787694,pointwise paired bootstrap; exploratory and not multiplicity-adjusted,very small stratum,-245.25748960714293,39.45178439821432
stress,4,stress_design,all,__design_mixture__,design_mixture_only_not_official_population,extreme,combined_cover,current,13,0,0,0.0,-1083.4968406153846,-1814.8511085057687,-227.24411390576986,13,-1083.4968406153846,-1211.8814430000002,0.23076923076923078,2753.772414,8.704398229362706,pointwise paired bootstrap; exploratory and not multiplicity-adjusted,very small stratum,-1846.5926010480769,-195.29575544231065
stress,4,stress_design,all,__design_mixture__,design_mixture_only_not_official_population,extreme,coverage,current,13,0,0,0.0,-749.9912296923075,-1547.593906553846,45.74947309230783,13,-749.9912296923075,-939.3123989999985,0.3076923076923077,2804.7221529999997,5.3434666607840136,pointwise paired bootstrap; exploratory and not multiplicity-adjusted,very small stratum,-1536.265151017307,64.52744344999992
stress,4,stress_design,all,__design_mixture__,design_mixture_only_not_official_population,extreme,local_cover,current,13,0,0,0.0,31.83794069230785,-157.445895525,212.7025849480768,13,31.83794069230785,-36.0406780000003,0.38461538461538464,636.850042,-0.6749634347559985,pointwise paired bootstrap; exploratory and not multiplicity-adjusted,very small stratum,-163.61461943076927,220.6480454230768
stress,4,stress_design,development,__design_mixture__,design_mixture_only_not_official_population,all,combined_cover,current,40,0,0,0.0,-1364.959793625,-1763.4881904149997,-918.4226451543753,40,-1364.959793625,-1664.6742014999995,0.125,3285.7374800000007,11.338685059343607,pointwise paired bootstrap; exploratory and not multiplicity-adjusted,,-1773.0458148718747,-897.0452701212505
stress,4,stress_design,development,__design_mixture__,design_mixture_only_not_official_population,all,coverage,current,40,0,0,0.0,-1297.1122414249999,-1700.852000645,-854.7724870943752,40,-1297.1122414249999,-1595.3823045,0.15,2937.534548999999,10.706501470923113,pointwise paired bootstrap; exploratory and not multiplicity-adjusted,,-1725.411287935,-860.9515416393759
stress,4,stress_design,development,__design_mixture__,design_mixture_only_not_official_population,all,local_cover,current,40,0,0,0.0,-38.41398924999997,-134.7840358237502,59.05485385374992,40,-38.41398924999997,-42.74381950000043,0.275,636.850042,0.20766648797490808,pointwise paired bootstrap; exploratory and not multiplicity-adjusted,,-133.52796405062512,58.50785035125005
stress,4,stress_design,development,__design_mixture__,design_mixture_only_not_official_population,correlated,combined_cover,current,13,0,0,0.0,-1257.921873076923,-1984.4744452788464,-329.43923012500153,13,-1257.921873076923,-1604.8626199999999,0.07692307692307693,3285.7374800000007,9.614913193803229,pointwise paired bootstrap; exploratory and not multiplicity-adjusted,very small stratum,-1972.412597655769,-375.74813833076934
stress,4,stress_design,development,__design_mixture__,design_mixture_only_not_official_population,correlated,coverage,current,13,0,0,0.0,-1365.3447336153845,-2053.5886276980764,-447.1432556826924,13,-1365.3447336153845,-1770.081102,0.07692307692307693,2937.534548999999,10.865675144792725,pointwise paired bootstrap; exploratory and not multiplicity-adjusted,very small stratum,-2059.6131667576924,-515.1538388923083
stress,4,stress_design,development,__design_mixture__,design_mixture_only_not_official_population,correlated,local_cover,current,13,0,0,0.0,-37.15560423076921,-176.92520656346176,119.26207087307638,13,-37.15560423076921,-31.791034999999738,0.3076923076923077,522.0690880000002,0.3346394289016563,pointwise paired bootstrap; exploratory and not multiplicity-adjusted,very small stratum,-181.63267035384587,119.85366797115374
stress,4,stress_design,development,__design_mixture__,design_mixture_only_not_official_population,deterministic,combined_cover,current,14,0,0,0.0,-1725.7106047857142,-2221.436435682143,-1157.1494009392866,14,-1725.7106047857142,-2011.4656209999994,0.07142857142857142,1039.5987800000003,15.385453848041939,pointwise paired bootstrap; exploratory and not multiplicity-adjusted,very small stratum,-2230.3725060107145,-1159.7040988839303
stress,4,stress_design,development,__design_mixture__,design_mixture_only_not_official_population,deterministic,coverage,current,14,0,0,0.0,-1741.7944381428574,-2220.8145136553567,-1177.97492809643,14,-1741.7944381428574,-1848.023131,0.07142857142857142,1062.5575339999996,15.53865824031621,pointwise paired bootstrap; exploratory and not multiplicity-adjusted,very small stratum,-2226.494239094643,-1175.9930941964292
stress,4,stress_design,development,__design_mixture__,design_mixture_only_not_official_population,deterministic,local_cover,current,14,0,0,0.0,-104.81642457142867,-261.6777829125,34.65826711964267,14,-104.81642457142867,-65.90015850000054,0.14285714285714285,442.6309199999996,0.9093479710787694,pointwise paired bootstrap; exploratory and not multiplicity-adjusted,very small stratum,-251.91053972499992,33.289478541071276
stress,4,stress_design,development,__design_mixture__,design_mixture_only_not_official_population,extreme,combined_cover,current,13,0,0,0.0,-1083.4968406153846,-1862.4020884538459,-211.20208956346207,13,-1083.4968406153846,-1211.8814430000002,0.23076923076923078,2753.772414,8.704398229362706,pointwise paired bootstrap; exploratory and not multiplicity-adjusted,very small stratum,-1861.6860481423075,-215.5294777480787
stress,4,stress_design,development,__design_mixture__,design_mixture_only_not_official_population,extreme,coverage,current,13,0,0,0.0,-749.9912296923075,-1553.9088482307689,96.68135573076829,13,-749.9912296923075,-939.3123989999985,0.3076923076923077,2804.7221529999997,5.3434666607840136,pointwise paired bootstrap; exploratory and not multiplicity-adjusted,very small stratum,-1492.096735303846,124.46029889615352
stress,4,stress_design,development,__design_mixture__,design_mixture_only_not_official_population,extreme,local_cover,current,13,0,0,0.0,31.83794069230785,-168.9041294596152,220.24737805384623,13,31.83794069230785,-36.0406780000003,0.38461538461538464,636.850042,-0.6749634347559985,pointwise paired bootstrap; exploratory and not multiplicity-adjusted,very small stratum,-157.55713391153836,221.65901679423095
stress,4,stress_design,all,assumption__radius_max__noise_correlated__scale_150,broad_or_stress_assumption,all,combined_cover,current,1,0,0,0.0,-2010.026156,,,1,-2010.026156,-2010.026156,0.0,-2010.026156,18.03891516477967,pointwise paired bootstrap; exploratory and not multiplicity-adjusted,very small stratum,,
stress,4,stress_design,all,assumption__radius_max__noise_correlated__scale_150,broad_or_stress_assumption,all,coverage,current,1,0,0,0.0,-1879.0007260000002,,,1,-1879.0007260000002,-1879.0007260000002,0.0,-1879.0007260000002,16.863031652446523,pointwise paired bootstrap; exploratory and not multiplicity-adjusted,very small stratum,,
stress,4,stress_design,all,assumption__radius_max__noise_correlated__scale_150,broad_or_stress_assumption,all,local_cover,current,1,0,0,0.0,-23.89658899999995,,,1,-23.89658899999995,-23.89658899999995,0.0,-23.89658899999995,0.21445917030077002,pointwise paired bootstrap; exploratory and not multiplicity-adjusted,very small stratum,,
stress,4,stress_design,all,assumption__radius_max__noise_correlated__scale_150,broad_or_stress_assumption,correlated,combined_cover,current,1,0,0,0.0,-2010.026156,,,1,-2010.026156,-2010.026156,0.0,-2010.026156,18.03891516477967,pointwise paired bootstrap; exploratory and not multiplicity-adjusted,very small stratum,,
stress,4,stress_design,all,assumption__radius_max__noise_correlated__scale_150,broad_or_stress_assumption,correlated,coverage,current,1,0,0,0.0,-1879.0007260000002,,,1,-1879.0007260000002,-1879.0007260000002,0.0,-1879.0007260000002,16.863031652446523,pointwise paired bootstrap; exploratory and not multiplicity-adjusted,very small stratum,,
stress,4,stress_design,all,assumption__radius_max__noise_correlated__scale_150,broad_or_stress_assumption,correlated,local_cover,current,1,0,0,0.0,-23.89658899999995,,,1,-23.89658899999995,-23.89658899999995,0.0,-23.89658899999995,0.21445917030077002,pointwise paired bootstrap; exploratory and not multiplicity-adjusted,very small stratum,,
stress,4,stress_design,development,assumption__radius_max__noise_correlated__scale_150,broad_or_stress_assumption,all,combined_cover,current,1,0,0,0.0,-2010.026156,,,1,-2010.026156,-2010.026156,0.0,-2010.026156,18.03891516477967,pointwise paired bootstrap; exploratory and not multiplicity-adjusted,very small stratum,,
stress,4,stress_design,development,assumption__radius_max__noise_correlated__scale_150,broad_or_stress_assumption,all,coverage,current,1,0,0,0.0,-1879.0007260000002,,,1,-1879.0007260000002,-1879.0007260000002,0.0,-1879.0007260000002,16.863031652446523,pointwise paired bootstrap; exploratory and not multiplicity-adjusted,very small stratum,,
stress,4,stress_design,development,assumption__radius_max__noise_correlated__scale_150,broad_or_stress_assumption,all,local_cover,current,1,0,0,0.0,-23.89658899999995,,,1,-23.89658899999995,-23.89658899999995,0.0,-23.89658899999995,0.21445917030077002,pointwise paired bootstrap; exploratory and not multiplicity-adjusted,very small stratum,,
stress,4,stress_design,development,assumption__radius_max__noise_correlated__scale_150,broad_or_stress_assumption,correlated,combined_cover,current,1,0,0,0.0,-2010.026156,,,1,-2010.026156,-2010.026156,0.0,-2010.026156,18.03891516477967,pointwise paired bootstrap; exploratory and not multiplicity-adjusted,very small stratum,,
stress,4,stress_design,development,assumption__radius_max__noise_correlated__scale_150,broad_or_stress_assumption,correlated,coverage,current,1,0,0,0.0,-1879.0007260000002,,,1,-1879.0007260000002,-1879.0007260000002,0.0,-1879.0007260000002,16.863031652446523,pointwise paired bootstrap; exploratory and not multiplicity-adjusted,very small stratum,,
stress,4,stress_design,development,assumption__radius_max__noise_correlated__scale_150,broad_or_stress_assumption,correlated,local_cover,current,1,0,0,0.0,-23.89658899999995,,,1,-23.89658899999995,-23.89658899999995,0.0,-23.89658899999995,0.21445917030077002,pointwise paired bootstrap; exploratory and not multiplicity-adjusted,very small stratum,,
stress,4,stress_design,all,assumption__radius_max__noise_correlated__scale_300,broad_or_stress_assumption,all,combined_cover,current,1,0,0,0.0,-794.3089579999996,,,1,-794.3089579999996,-794.3089579999996,0.0,-794.3089579999996,8.249655937740094,pointwise paired bootstrap; exploratory and not multiplicity-adjusted,very small stratum,,
stress,4,stress_design,all,assumption__radius_max__noise_correlated__scale_300,broad_or_stress_assumption,all,coverage,current,1,0,0,0.0,-1318.294621000001,,,1,-1318.294621000001,-1318.294621000001,0.0,-1318.294621000001,13.6917466916236,pointwise paired bootstrap; exploratory and not multiplicity-adjusted,very small stratum,,
stress,4,stress_design,all,assumption__radius_max__noise_correlated__scale_300,broad_or_stress_assumption,all,local_cover,current,1,0,0,0.0,-8.832994000000326,,,1,-8.832994000000326,-8.832994000000326,0.0,-8.832994000000326,0.09173906534253809,pointwise paired bootstrap; exploratory and not multiplicity-adjusted,very small stratum,,
stress,4,stress_design,all,assumption__radius_max__noise_correlated__scale_300,broad_or_stress_assumption,correlated,combined_cover,current,1,0,0,0.0,-794.3089579999996,,,1,-794.3089579999996,-794.3089579999996,0.0,-794.3089579999996,8.249655937740094,pointwise paired bootstrap; exploratory and not multiplicity-adjusted,very small stratum,,
stress,4,stress_design,all,assumption__radius_max__noise_correlated__scale_300,broad_or_stress_assumption,correlated,coverage,current,1,0,0,0.0,-1318.294621000001,,,1,-1318.294621000001,-1318.294621000001,0.0,-1318.294621000001,13.6917466916236,pointwise paired bootstrap; exploratory and not multiplicity-adjusted,very small stratum,,
stress,4,stress_design,all,assumption__radius_max__noise_correlated__scale_300,broad_or_stress_assumption,correlated,local_cover,current,1,0,0,0.0,-8.832994000000326,,,1,-8.832994000000326,-8.832994000000326,0.0,-8.832994000000326,0.09173906534253809,pointwise paired bootstrap; exploratory and not multiplicity-adjusted,very small stratum,,
stress,4,stress_design,development,assumption__radius_max__noise_correlated__scale_300,broad_or_stress_assumption,all,combined_cover,current,1,0,0,0.0,-794.3089579999996,,,1,-794.3089579999996,-794.3089579999996,0.0,-794.3089579999996,8.249655937740094,pointwise paired bootstrap; exploratory and not multiplicity-adjusted,very small stratum,,
stress,4,stress_design,development,assumption__radius_max__noise_correlated__scale_300,broad_or_stress_assumption,all,coverage,current,1,0,0,0.0,-1318.294621000001,,,1,-1318.294621000001,-1318.294621000001,0.0,-1318.294621000001,13.6917466916236,pointwise paired bootstrap; exploratory and not multiplicity-adjusted,very small stratum,,
stress,4,stress_design,development,assumption__radius_max__noise_correlated__scale_300,broad_or_stress_assumption,all,local_cover,current,1,0,0,0.0,-8.832994000000326,,,1,-8.832994000000326,-8.832994000000326,0.0,-8.832994000000326,0.09173906534253809,pointwise paired bootstrap; exploratory and not multiplicity-adjusted,very small stratum,,
stress,4,stress_design,development,assumption__radius_max__noise_correlated__scale_300,broad_or_stress_assumption,correlated,combined_cover,current,1,0,0,0.0,-794.3089579999996,,,1,-794.3089579999996,-794.3089579999996,0.0,-794.3089579999996,8.249655937740094,pointwise paired bootstrap; exploratory and not multiplicity-adjusted,very small stratum,,
stress,4,stress_design,development,assumption__radius_max__noise_correlated__scale_300,broad_or_stress_assumption,correlated,coverage,current,1,0,0,0.0,-1318.294621000001,,,1,-1318.294621000001,-1318.294621000001,0.0,-1318.294621000001,13.6917466916236,pointwise paired bootstrap; exploratory and not multiplicity-adjusted,very small stratum,,
stress,4,stress_design,development,assumption__radius_max__noise_correlated__scale_300,broad_or_stress_assumption,correlated,local_cover,current,1,0,0,0.0,-8.832994000000326,,,1,-8.832994000000326,-8.832994000000326,0.0,-8.832994000000326,0.09173906534253809,pointwise paired bootstrap; exploratory and not multiplicity-adjusted,very small stratum,,
stress,4,stress_design,all,assumption__radius_max__noise_correlated__scale_75,broad_or_stress_assumption,all,combined_cover,current,2,0,0,0.0,-2362.4394935,-2975.9298610000005,-1748.9491259999995,2,-2362.4394935,-2362.4394935,0.0,-1748.9491259999995,20.924047349851115,pointwise paired bootstrap; exploratory and not multiplicity-adjusted,very small stratum,-2975.9298610000005,-1748.9491259999995
stress,4,stress_design,all,assumption__radius_max__noise_correlated__scale_75,broad_or_stress_assumption,all,coverage,current,2,0,0,0.0,-2403.1550675,-2998.9255780000003,-1807.3845569999994,2,-2403.1550675,-2403.1550675,0.0,-1807.3845569999994,21.29142809188951,pointwise paired bootstrap; exploratory and not multiplicity-adjusted,very small stratum,-2998.9255780000003,-1807.3845569999994
stress,4,stress_design,all,assumption__radius_max__noise_correlated__scale_75,broad_or_stress_assumption,all,local_cover,current,2,0,0,0.0,-273.3710080000001,-622.8876600000003,76.14564400000017,2,-273.3710080000001,-273.3710080000001,0.5,76.14564400000017,2.521772045165065,pointwise paired bootstrap; exploratory and not multiplicity-adjusted,very small stratum,-622.8876600000003,76.14564400000017
stress,4,stress_design,all,assumption__radius_max__noise_correlated__scale_75,broad_or_stress_assumption,correlated,combined_cover,current,2,0,0,0.0,-2362.4394935,-2975.9298610000005,-1748.9491259999995,2,-2362.4394935,-2362.4394935,0.0,-1748.9491259999995,20.924047349851115,pointwise paired bootstrap; exploratory and not multiplicity-adjusted,very small stratum,-2975.9298610000005,-1748.9491259999995
stress,4,stress_design,all,assumption__radius_max__noise_correlated__scale_75,broad_or_stress_assumption,correlated,coverage,current,2,0,0,0.0,-2403.1550675,-2998.9255780000003,-1807.3845569999994,2,-2403.1550675,-2403.1550675,0.0,-1807.3845569999994,21.29142809188951,pointwise paired bootstrap; exploratory and not multiplicity-adjusted,very small stratum,-2998.9255780000003,-1807.3845569999994
stress,4,stress_design,all,assumption__radius_max__noise_correlated__scale_75,broad_or_stress_assumption,correlated,local_cover,current,2,0,0,0.0,-273.3710080000001,-622.8876600000003,76.14564400000017,2,-273.3710080000001,-273.3710080000001,0.5,76.14564400000017,2.521772045165065,pointwise paired bootstrap; exploratory and not multiplicity-adjusted,very small stratum,-622.8876600000003,76.14564400000017
stress,4,stress_design,development,assumption__radius_max__noise_correlated__scale_75,broad_or_stress_assumption,all,combined_cover,current,2,0,0,0.0,-2362.4394935,-2975.9298610000005,-1748.9491259999995,2,-2362.4394935,-2362.4394935,0.0,-1748.9491259999995,20.924047349851115,pointwise paired bootstrap; exploratory and not multiplicity-adjusted,very small stratum,-2975.9298610000005,-1748.9491259999995
stress,4,stress_design,development,assumption__radius_max__noise_correlated__scale_75,broad_or_stress_assumption,all,coverage,current,2,0,0,0.0,-2403.1550675,-2998.9255780000003,-1807.3845569999994,2,-2403.1550675,-2403.1550675,0.0,-1807.3845569999994,21.29142809188951,pointwise paired bootstrap; exploratory and not multiplicity-adjusted,very small stratum,-2998.9255780000003,-1807.3845569999994
stress,4,stress_design,development,assumption__radius_max__noise_correlated__scale_75,broad_or_stress_assumption,all,local_cover,current,2,0,0,0.0,-273.3710080000001,-622.8876600000003,76.14564400000017,2,-273.3710080000001,-273.3710080000001,0.5,76.14564400000017,2.521772045165065,pointwise paired bootstrap; exploratory and not multiplicity-adjusted,very small stratum,-622.8876600000003,76.14564400000017
stress,4,stress_design,development,assumption__radius_max__noise_correlated__scale_75,broad_or_stress_assumption,correlated,combined_cover,current,2,0,0,0.0,-2362.4394935,-2975.9298610000005,-1748.9491259999995,2,-2362.4394935,-2362.4394935,0.0,-1748.9491259999995,20.924047349851115,pointwise paired bootstrap; exploratory and not multiplicity-adjusted,very small stratum,-2975.9298610000005,-1748.9491259999995
stress,4,stress_design,development,assumption__radius_max__noise_correlated__scale_75,broad_or_stress_assumption,correlated,coverage,current,2,0,0,0.0,-2403.1550675,-2998.9255780000003,-1807.3845569999994,2,-2403.1550675,-2403.1550675,0.0,-1807.3845569999994,21.29142809188951,pointwise paired bootstrap; exploratory and not multiplicity-adjusted,very small stratum,-2998.9255780000003,-1807.3845569999994
stress,4,stress_design,development,assumption__radius_max__noise_correlated__scale_75,broad_or_stress_assumption,correlated,local_cover,current,2,0,0,0.0,-273.3710080000001,-622.8876600000003,76.14564400000017,2,-273.3710080000001,-273.3710080000001,0.5,76.14564400000017,2.521772045165065,pointwise paired bootstrap; exploratory and not multiplicity-adjusted,very small stratum,-622.8876600000003,76.14564400000017
stress,4,stress_design,all,assumption__radius_max__noise_deterministic__scale_150,broad_or_stress_assumption,all,combined_cover,current,2,0,0,0.0,-41.18802599999981,-1121.9748319999999,1039.5987800000003,2,-41.18802599999981,-41.18802599999981,0.5,1039.5987800000003,0.03641601263773797,pointwise paired bootstrap; exploratory and not multiplicity-adjusted,very small stratum,-1121.9748319999999,1039.5987800000003
stress,4,stress_design,all,assumption__radius_max__noise_deterministic__scale_150,broad_or_stress_assumption,all,coverage,current,2,0,0,0.0,2.2264339999992444,-1058.104666000001,1062.5575339999996,2,2.2264339999992444,2.2264339999992444,0.5,1062.5575339999996,-0.4191665233121311,pointwise paired bootstrap; exploratory and not multiplicity-adjusted,very small stratum,-1058.104666000001,1062.5575339999996
stress,4,stress_design,all,assumption__radius_max__noise_deterministic__scale_150,broad_or_stress_assumption,all,local_cover,current,2,0,0,0.0,-56.457540500000505,-58.60020100000111,-54.3148799999999,2,-56.457540500000505,-56.457540500000505,0.0,-54.3148799999999,0.6015749097699619,pointwise paired bootstrap; exploratory and not multiplicity-adjusted,very small stratum,-58.60020100000111,-54.3148799999999
stress,4,stress_design,all,assumption__radius_max__noise_deterministic__scale_150,broad_or_stress_assumption,deterministic,combined_cover,current,2,0,0,0.0,-41.18802599999981,-1121.9748319999999,1039.5987800000003,2,-41.18802599999981,-41.18802599999981,0.5,1039.5987800000003,0.03641601263773797,pointwise paired bootstrap; exploratory and not multiplicity-adjusted,very small stratum,-1121.9748319999999,1039.5987800000003
stress,4,stress_design,all,assumption__radius_max__noise_deterministic__scale_150,broad_or_stress_assumption,deterministic,coverage,current,2,0,0,0.0,2.2264339999992444,-1058.104666000001,1062.5575339999996,2,2.2264339999992444,2.2264339999992444,0.5,1062.5575339999996,-0.4191665233121311,pointwise paired bootstrap; exploratory and not multiplicity-adjusted,very small stratum,-1058.104666000001,1062.5575339999996
stress,4,stress_design,all,assumption__radius_max__noise_deterministic__scale_150,broad_or_stress_assumption,deterministic,local_cover,current,2,0,0,0.0,-56.457540500000505,-58.60020100000111,-54.3148799999999,2,-56.457540500000505,-56.457540500000505,0.0,-54.3148799999999,0.6015749097699619,pointwise paired bootstrap; exploratory and not multiplicity-adjusted,very small stratum,-58.60020100000111,-54.3148799999999
stress,4,stress_design,development,assumption__radius_max__noise_deterministic__scale_150,broad_or_stress_assumption,all,combined_cover,current,2,0,0,0.0,-41.18802599999981,-1121.9748319999999,1039.5987800000003,2,-41.18802599999981,-41.18802599999981,0.5,1039.5987800000003,0.03641601263773797,pointwise paired bootstrap; exploratory and not multiplicity-adjusted,very small stratum,-1121.9748319999999,1039.5987800000003
stress,4,stress_design,development,assumption__radius_max__noise_deterministic__scale_150,broad_or_stress_assumption,all,coverage,current,2,0,0,0.0,2.2264339999992444,-1058.104666000001,1062.5575339999996,2,2.2264339999992444,2.2264339999992444,0.5,1062.5575339999996,-0.4191665233121311,pointwise paired bootstrap; exploratory and not multiplicity-adjusted,very small stratum,-1058.104666000001,1062.5575339999996
stress,4,stress_design,development,assumption__radius_max__noise_deterministic__scale_150,broad_or_stress_assumption,all,local_cover,current,2,0,0,0.0,-56.457540500000505,-58.60020100000111,-54.3148799999999,2,-56.457540500000505,-56.457540500000505,0.0,-54.3148799999999,0.6015749097699619,pointwise paired bootstrap; exploratory and not multiplicity-adjusted,very small stratum,-58.60020100000111,-54.3148799999999
stress,4,stress_design,development,assumption__radius_max__noise_deterministic__scale_150,broad_or_stress_assumption,deterministic,combined_cover,current,2,0,0,0.0,-41.18802599999981,-1121.9748319999999,1039.5987800000003,2,-41.18802599999981,-41.18802599999981,0.5,1039.5987800000003,0.03641601263773797,pointwise paired bootstrap; exploratory and not multiplicity-adjusted,very small stratum,-1121.9748319999999,1039.5987800000003
stress,4,stress_design,development,assumption__radius_max__noise_deterministic__scale_150,broad_or_stress_assumption,deterministic,coverage,current,2,0,0,0.0,2.2264339999992444,-1058.104666000001,1062.5575339999996,2,2.2264339999992444,2.2264339999992444,0.5,1062.5575339999996,-0.4191665233121311,pointwise paired bootstrap; exploratory and not multiplicity-adjusted,very small stratum,-1058.104666000001,1062.5575339999996
stress,4,stress_design,development,assumption__radius_max__noise_deterministic__scale_150,broad_or_stress_assumption,deterministic,local_cover,current,2,0,0,0.0,-56.457540500000505,-58.60020100000111,-54.3148799999999,2,-56.457540500000505,-56.457540500000505,0.0,-54.3148799999999,0.6015749097699619,pointwise paired bootstrap; exploratory and not multiplicity-adjusted,very small stratum,-58.60020100000111,-54.3148799999999
stress,4,stress_design,all,assumption__radius_max__noise_deterministic__scale_300,broad_or_stress_assumption,all,combined_cover,current,1,0,0,0.0,-2378.618845000001,,,1,-2378.618845000001,-2378.618845000001,0.0,-2378.618845000001,19.840106323323386,pointwise paired bootstrap; exploratory and not multiplicity-adjusted,very small stratum,,
stress,4,stress_design,all,assumption__radius_max__noise_deterministic__scale_300,broad_or_stress_assumption,all,coverage,current,1,0,0,0.0,-2344.581013000001,,,1,-2344.581013000001,-2344.581013000001,0.0,-2344.581013000001,19.55619610066835,pointwise paired bootstrap; exploratory and not multiplicity-adjusted,very small stratum,,
stress,4,stress_design,all,assumption__radius_max__noise_deterministic__scale_300,broad_or_stress_assumption,all,local_cover,current,1,0,0,0.0,130.87842699999965,,,1,130.87842699999965,130.87842699999965,1.0,130.87842699999965,-1.0916595202159471,pointwise paired bootstrap; exploratory and not multiplicity-adjusted,very small stratum,,
stress,4,stress_design,all,assumption__radius_max__noise_deterministic__scale_300,broad_or_stress_assumption,deterministic,combined_cover,current,1,0,0,0.0,-2378.618845000001,,,1,-2378.618845000001,-2378.618845000001,0.0,-2378.618845000001,19.840106323323386,pointwise paired bootstrap; exploratory and not multiplicity-adjusted,very small stratum,,
stress,4,stress_design,all,assumption__radius_max__noise_deterministic__scale_300,broad_or_stress_assumption,deterministic,coverage,current,1,0,0,0.0,-2344.581013000001,,,1,-2344.581013000001,-2344.581013000001,0.0,-2344.581013000001,19.55619610066835,pointwise paired bootstrap; exploratory and not multiplicity-adjusted,very small stratum,,
stress,4,stress_design,all,assumption__radius_max__noise_deterministic__scale_300,broad_or_stress_assumption,deterministic,local_cover,current,1,0,0,0.0,130.87842699999965,,,1,130.87842699999965,130.87842699999965,1.0,130.87842699999965,-1.0916595202159471,pointwise paired bootstrap; exploratory and not multiplicity-adjusted,very small stratum,,
stress,4,stress_design,development,assumption__radius_max__noise_deterministic__scale_300,broad_or_stress_assumption,all,combined_cover,current,1,0,0,0.0,-2378.618845000001,,,1,-2378.618845000001,-2378.618845000001,0.0,-2378.618845000001,19.840106323323386,pointwise paired bootstrap; exploratory and not multiplicity-adjusted,very small stratum,,
stress,4,stress_design,development,assumption__radius_max__noise_deterministic__scale_300,broad_or_stress_assumption,all,coverage,current,1,0,0,0.0,-2344.581013000001,,,1,-2344.581013000001,-2344.581013000001,0.0,-2344.581013000001,19.55619610066835,pointwise paired bootstrap; exploratory and not multiplicity-adjusted,very small stratum,,
stress,4,stress_design,development,assumption__radius_max__noise_deterministic__scale_300,broad_or_stress_assumption,all,local_cover,current,1,0,0,0.0,130.87842699999965,,,1,130.87842699999965,130.87842699999965,1.0,130.87842699999965,-1.0916595202159471,pointwise paired bootstrap; exploratory and not multiplicity-adjusted,very small stratum,,
stress,4,stress_design,development,assumption__radius_max__noise_deterministic__scale_300,broad_or_stress_assumption,deterministic,combined_cover,current,1,0,0,0.0,-2378.618845000001,,,1,-2378.618845000001,-2378.618845000001,0.0,-2378.618845000001,19.840106323323386,pointwise paired bootstrap; exploratory and not multiplicity-adjusted,very small stratum,,
stress,4,stress_design,development,assumption__radius_max__noise_deterministic__scale_300,broad_or_stress_assumption,deterministic,coverage,current,1,0,0,0.0,-2344.581013000001,,,1,-2344.581013000001,-2344.581013000001,0.0,-2344.581013000001,19.55619610066835,pointwise paired bootstrap; exploratory and not multiplicity-adjusted,very small stratum,,
stress,4,stress_design,development,assumption__radius_max__noise_deterministic__scale_300,broad_or_stress_assumption,deterministic,local_cover,current,1,0,0,0.0,130.87842699999965,,,1,130.87842699999965,130.87842699999965,1.0,130.87842699999965,-1.0916595202159471,pointwise paired bootstrap; exploratory and not multiplicity-adjusted,very small stratum,,
stress,4,stress_design,all,assumption__radius_max__noise_deterministic__scale_75,broad_or_stress_assumption,all,combined_cover,current,2,0,0,0.0,-1924.2760860000008,-2710.558935000001,-1137.9932370000006,2,-1924.2760860000008,-1924.2760860000008,0.0,-1137.9932370000006,17.45426982422821,pointwise paired bootstrap; exploratory and not multiplicity-adjusted,very small stratum,-2710.558935000001,-1137.9932370000006
stress,4,stress_design,all,assumption__radius_max__noise_deterministic__scale_75,broad_or_stress_assumption,all,coverage,current,2,0,0,0.0,-1776.7985985000005,-2646.244367000001,-907.3528299999998,2,-1776.7985985000005,-1776.7985985000005,0.0,-907.3528299999998,16.158869211083875,pointwise paired bootstrap; exploratory and not multiplicity-adjusted,very small stratum,-2646.244367000001,-907.3528299999998
stress,4,stress_design,all,assumption__radius_max__noise_deterministic__scale_75,broad_or_stress_assumption,all,local_cover,current,2,0,0,0.0,-373.2884345000002,-654.6887160000006,-91.88815299999987,2,-373.2884345000002,-373.2884345000002,0.0,-91.88815299999987,3.2579474281172986,pointwise paired bootstrap; exploratory and not multiplicity-adjusted,very small stratum,-654.6887160000006,-91.88815299999987
stress,4,stress_design,all,assumption__radius_max__noise_deterministic__scale_75,broad_or_stress_assumption,deterministic,combined_cover,current,2,0,0,0.0,-1924.2760860000008,-2710.558935000001,-1137.9932370000006,2,-1924.2760860000008,-1924.2760860000008,0.0,-1137.9932370000006,17.45426982422821,pointwise paired bootstrap; exploratory and not multiplicity-adjusted,very small stratum,-2710.558935000001,-1137.9932370000006
stress,4,stress_design,all,assumption__radius_max__noise_deterministic__scale_75,broad_or_stress_assumption,deterministic,coverage,current,2,0,0,0.0,-1776.7985985000005,-2646.244367000001,-907.3528299999998,2,-1776.7985985000005,-1776.7985985000005,0.0,-907.3528299999998,16.158869211083875,pointwise paired bootstrap; exploratory and not multiplicity-adjusted,very small stratum,-2646.244367000001,-907.3528299999998
stress,4,stress_design,all,assumption__radius_max__noise_deterministic__scale_75,broad_or_stress_assumption,deterministic,local_cover,current,2,0,0,0.0,-373.2884345000002,-654.6887160000006,-91.88815299999987,2,-373.2884345000002,-373.2884345000002,0.0,-91.88815299999987,3.2579474281172986,pointwise paired bootstrap; exploratory and not multiplicity-adjusted,very small stratum,-654.6887160000006,-91.88815299999987
stress,4,stress_design,development,assumption__radius_max__noise_deterministic__scale_75,broad_or_stress_assumption,all,combined_cover,current,2,0,0,0.0,-1924.2760860000008,-2710.558935000001,-1137.9932370000006,2,-1924.2760860000008,-1924.2760860000008,0.0,-1137.9932370000006,17.45426982422821,pointwise paired bootstrap; exploratory and not multiplicity-adjusted,very small stratum,-2710.558935000001,-1137.9932370000006
stress,4,stress_design,development,assumption__radius_max__noise_deterministic__scale_75,broad_or_stress_assumption,all,coverage,current,2,0,0,0.0,-1776.7985985000005,-2646.244367000001,-907.3528299999998,2,-1776.7985985000005,-1776.7985985000005,0.0,-907.3528299999998,16.158869211083875,pointwise paired bootstrap; exploratory and not multiplicity-adjusted,very small stratum,-2646.244367000001,-907.3528299999998
stress,4,stress_design,development,assumption__radius_max__noise_deterministic__scale_75,broad_or_stress_assumption,all,local_cover,current,2,0,0,0.0,-373.2884345000002,-654.6887160000006,-91.88815299999987,2,-373.2884345000002,-373.2884345000002,0.0,-91.88815299999987,3.2579474281172986,pointwise paired bootstrap; exploratory and not multiplicity-adjusted,very small stratum,-654.6887160000006,-91.88815299999987
stress,4,stress_design,development,assumption__radius_max__noise_deterministic__scale_75,broad_or_stress_assumption,deterministic,combined_cover,current,2,0,0,0.0,-1924.2760860000008,-2710.558935000001,-1137.9932370000006,2,-1924.2760860000008,-1924.2760860000008,0.0,-1137.9932370000006,17.45426982422821,pointwise paired bootstrap; exploratory and not multiplicity-adjusted,very small stratum,-2710.558935000001,-1137.9932370000006
stress,4,stress_design,development,assumption__radius_max__noise_deterministic__scale_75,broad_or_stress_assumption,deterministic,coverage,current,2,0,0,0.0,-1776.7985985000005,-2646.244367000001,-907.3528299999998,2,-1776.7985985000005,-1776.7985985000005,0.0,-907.3528299999998,16.158869211083875,pointwise paired bootstrap; exploratory and not multiplicity-adjusted,very small stratum,-2646.244367000001,-907.3528299999998
stress,4,stress_design,development,assumption__radius_max__noise_deterministic__scale_75,broad_or_stress_assumption,deterministic,local_cover,current,2,0,0,0.0,-373.2884345000002,-654.6887160000006,-91.88815299999987,2,-373.2884345000002,-373.2884345000002,0.0,-91.88815299999987,3.2579474281172986,pointwise paired bootstrap; exploratory and not multiplicity-adjusted,very small stratum,-654.6887160000006,-91.88815299999987
stress,4,stress_design,all,assumption__radius_max__noise_extreme__scale_150,broad_or_stress_assumption,all,combined_cover,current,1,0,0,0.0,-1211.8814430000002,,,1,-1211.8814430000002,-1211.8814430000002,0.0,-1211.8814430000002,11.852642822061675,pointwise paired bootstrap; exploratory and not multiplicity-adjusted,very small stratum,,
stress,4,stress_design,all,assumption__radius_max__noise_extreme__scale_150,broad_or_stress_assumption,all,coverage,current,1,0,0,0.0,-939.3123989999985,,,1,-939.3123989999985,-939.3123989999985,0.0,-939.3123989999985,9.186818090159388,pointwise paired bootstrap; exploratory and not multiplicity-adjusted,very small stratum,,
stress,4,stress_design,all,assumption__radius_max__noise_extreme__scale_150,broad_or_stress_assumption,all,local_cover,current,1,0,0,0.0,-38.339538000000175,,,1,-38.339538000000175,-38.339538000000175,0.0,-38.339538000000175,0.3749746747107034,pointwise paired bootstrap; exploratory and not multiplicity-adjusted,very small stratum,,
stress,4,stress_design,all,assumption__radius_max__noise_extreme__scale_150,broad_or_stress_assumption,extreme,combined_cover,current,1,0,0,0.0,-1211.8814430000002,,,1,-1211.8814430000002,-1211.8814430000002,0.0,-1211.8814430000002,11.852642822061675,pointwise paired bootstrap; exploratory and not multiplicity-adjusted,very small stratum,,
stress,4,stress_design,all,assumption__radius_max__noise_extreme__scale_150,broad_or_stress_assumption,extreme,coverage,current,1,0,0,0.0,-939.3123989999985,,,1,-939.3123989999985,-939.3123989999985,0.0,-939.3123989999985,9.186818090159388,pointwise paired bootstrap; exploratory and not multiplicity-adjusted,very small stratum,,
stress,4,stress_design,all,assumption__radius_max__noise_extreme__scale_150,broad_or_stress_assumption,extreme,local_cover,current,1,0,0,0.0,-38.339538000000175,,,1,-38.339538000000175,-38.339538000000175,0.0,-38.339538000000175,0.3749746747107034,pointwise paired bootstrap; exploratory and not multiplicity-adjusted,very small stratum,,
stress,4,stress_design,development,assumption__radius_max__noise_extreme__scale_150,broad_or_stress_assumption,all,combined_cover,current,1,0,0,0.0,-1211.8814430000002,,,1,-1211.8814430000002,-1211.8814430000002,0.0,-1211.8814430000002,11.852642822061675,pointwise paired bootstrap; exploratory and not multiplicity-adjusted,very small stratum,,
stress,4,stress_design,development,assumption__radius_max__noise_extreme__scale_150,broad_or_stress_assumption,all,coverage,current,1,0,0,0.0,-939.3123989999985,,,1,-939.3123989999985,-939.3123989999985,0.0,-939.3123989999985,9.186818090159388,pointwise paired bootstrap; exploratory and not multiplicity-adjusted,very small stratum,,
stress,4,stress_design,development,assumption__radius_max__noise_extreme__scale_150,broad_or_stress_assumption,all,local_cover,current,1,0,0,0.0,-38.339538000000175,,,1,-38.339538000000175,-38.339538000000175,0.0,-38.339538000000175,0.3749746747107034,pointwise paired bootstrap; exploratory and not multiplicity-adjusted,very small stratum,,
stress,4,stress_design,development,assumption__radius_max__noise_extreme__scale_150,broad_or_stress_assumption,extreme,combined_cover,current,1,0,0,0.0,-1211.8814430000002,,,1,-1211.8814430000002,-1211.8814430000002,0.0,-1211.8814430000002,11.852642822061675,pointwise paired bootstrap; exploratory and not multiplicity-adjusted,very small stratum,,
stress,4,stress_design,development,assumption__radius_max__noise_extreme__scale_150,broad_or_stress_assumption,extreme,coverage,current,1,0,0,0.0,-939.3123989999985,,,1,-939.3123989999985,-939.3123989999985,0.0,-939.3123989999985,9.186818090159388,pointwise paired bootstrap; exploratory and not multiplicity-adjusted,very small stratum,,
stress,4,stress_design,development,assumption__radius_max__noise_extreme__scale_150,broad_or_stress_assumption,extreme,local_cover,current,1,0,0,0.0,-38.339538000000175,,,1,-38.339538000000175,-38.339538000000175,0.0,-38.339538000000175,0.3749746747107034,pointwise paired bootstrap; exploratory and not multiplicity-adjusted,very small stratum,,
stress,4,stress_design,all,assumption__radius_max__noise_extreme__scale_300,broad_or_stress_assumption,all,combined_cover,current,1,0,0,0.0,25.653207999999722,,,1,25.653207999999722,25.653207999999722,1.0,25.653207999999722,-0.26264987848070187,pointwise paired bootstrap; exploratory and not multiplicity-adjusted,very small stratum,,
stress,4,stress_design,all,assumption__radius_max__noise_extreme__scale_300,broad_or_stress_assumption,all,coverage,current,1,0,0,0.0,157.78867300000093,,,1,157.78867300000093,157.78867300000093,1.0,157.78867300000093,-1.6155163045916867,pointwise paired bootstrap; exploratory and not multiplicity-adjusted,very small stratum,,
stress,4,stress_design,all,assumption__radius_max__noise_extreme__scale_300,broad_or_stress_assumption,all,local_cover,current,1,0,0,0.0,636.850042,,,1,636.850042,636.850042,1.0,636.850042,-6.520376950193976,pointwise paired bootstrap; exploratory and not multiplicity-adjusted,very small stratum,,
stress,4,stress_design,all,assumption__radius_max__noise_extreme__scale_300,broad_or_stress_assumption,extreme,combined_cover,current,1,0,0,0.0,25.653207999999722,,,1,25.653207999999722,25.653207999999722,1.0,25.653207999999722,-0.26264987848070187,pointwise paired bootstrap; exploratory and not multiplicity-adjusted,very small stratum,,
stress,4,stress_design,all,assumption__radius_max__noise_extreme__scale_300,broad_or_stress_assumption,extreme,coverage,current,1,0,0,0.0,157.78867300000093,,,1,157.78867300000093,157.78867300000093,1.0,157.78867300000093,-1.6155163045916867,pointwise paired bootstrap; exploratory and not multiplicity-adjusted,very small stratum,,
stress,4,stress_design,all,assumption__radius_max__noise_extreme__scale_300,broad_or_stress_assumption,extreme,local_cover,current,1,0,0,0.0,636.850042,,,1,636.850042,636.850042,1.0,636.850042,-6.520376950193976,pointwise paired bootstrap; exploratory and not multiplicity-adjusted,very small stratum,,
stress,4,stress_design,development,assumption__radius_max__noise_extreme__scale_300,broad_or_stress_assumption,all,combined_cover,current,1,0,0,0.0,25.653207999999722,,,1,25.653207999999722,25.653207999999722,1.0,25.653207999999722,-0.26264987848070187,pointwise paired bootstrap; exploratory and not multiplicity-adjusted,very small stratum,,
stress,4,stress_design,development,assumption__radius_max__noise_extreme__scale_300,broad_or_stress_assumption,all,coverage,current,1,0,0,0.0,157.78867300000093,,,1,157.78867300000093,157.78867300000093,1.0,157.78867300000093,-1.6155163045916867,pointwise paired bootstrap; exploratory and not multiplicity-adjusted,very small stratum,,
stress,4,stress_design,development,assumption__radius_max__noise_extreme__scale_300,broad_or_stress_assumption,all,local_cover,current,1,0,0,0.0,636.850042,,,1,636.850042,636.850042,1.0,636.850042,-6.520376950193976,pointwise paired bootstrap; exploratory and not multiplicity-adjusted,very small stratum,,
stress,4,stress_design,development,assumption__radius_max__noise_extreme__scale_300,broad_or_stress_assumption,extreme,combined_cover,current,1,0,0,0.0,25.653207999999722,,,1,25.653207999999722,25.653207999999722,1.0,25.653207999999722,-0.26264987848070187,pointwise paired bootstrap; exploratory and not multiplicity-adjusted,very small stratum,,
stress,4,stress_design,development,assumption__radius_max__noise_extreme__scale_300,broad_or_stress_assumption,extreme,coverage,current,1,0,0,0.0,157.78867300000093,,,1,157.78867300000093,157.78867300000093,1.0,157.78867300000093,-1.6155163045916867,pointwise paired bootstrap; exploratory and not multiplicity-adjusted,very small stratum,,
stress,4,stress_design,development,assumption__radius_max__noise_extreme__scale_300,broad_or_stress_assumption,extreme,local_cover,current,1,0,0,0.0,636.850042,,,1,636.850042,636.850042,1.0,636.850042,-6.520376950193976,pointwise paired bootstrap; exploratory and not multiplicity-adjusted,very small stratum,,
stress,4,stress_design,all,assumption__radius_max__noise_extreme__scale_75,broad_or_stress_assumption,all,combined_cover,current,2,0,0,0.0,-377.1558034999998,-1155.8531409999996,401.54153399999996,2,-377.1558034999998,-377.1558034999998,0.5,401.54153399999996,2.3895847134306463,pointwise paired bootstrap; exploratory and not multiplicity-adjusted,very small stratum,-1155.8531409999996,401.54153399999996
stress,4,stress_design,all,assumption__radius_max__noise_extreme__scale_75,broad_or_stress_assumption,all,coverage,current,2,0,0,0.0,430.63229099999944,295.7770299999993,565.4875519999996,2,430.63229099999944,430.63229099999944,1.0,565.4875519999996,-6.114021612414698,pointwise paired bootstrap; exploratory and not multiplicity-adjusted,very small stratum,295.7770299999993,565.4875519999996
stress,4,stress_design,all,assumption__radius_max__noise_extreme__scale_75,broad_or_stress_assumption,all,local_cover,current,2,0,0,0.0,-58.48456949999991,-80.92846099999952,-36.0406780000003,2,-58.48456949999991,-58.48456949999991,0.0,-36.0406780000003,0.6955867880405979,pointwise paired bootstrap; exploratory and not multiplicity-adjusted,very small stratum,-80.92846099999952,-36.0406780000003
stress,4,stress_design,all,assumption__radius_max__noise_extreme__scale_75,broad_or_stress_assumption,extreme,combined_cover,current,2,0,0,0.0,-377.1558034999998,-1155.8531409999996,401.54153399999996,2,-377.1558034999998,-377.1558034999998,0.5,401.54153399999996,2.3895847134306463,pointwise paired bootstrap; exploratory and not multiplicity-adjusted,very small stratum,-1155.8531409999996,401.54153399999996
stress,4,stress_design,all,assumption__radius_max__noise_extreme__scale_75,broad_or_stress_assumption,extreme,coverage,current,2,0,0,0.0,430.63229099999944,295.7770299999993,565.4875519999996,2,430.63229099999944,430.63229099999944,1.0,565.4875519999996,-6.114021612414698,pointwise paired bootstrap; exploratory and not multiplicity-adjusted,very small stratum,295.7770299999993,565.4875519999996
stress,4,stress_design,all,assumption__radius_max__noise_extreme__scale_75,broad_or_stress_assumption,extreme,local_cover,current,2,0,0,0.0,-58.48456949999991,-80.92846099999952,-36.0406780000003,2,-58.48456949999991,-58.48456949999991,0.0,-36.0406780000003,0.6955867880405979,pointwise paired bootstrap; exploratory and not multiplicity-adjusted,very small stratum,-80.92846099999952,-36.0406780000003
stress,4,stress_design,development,assumption__radius_max__noise_extreme__scale_75,broad_or_stress_assumption,all,combined_cover,current,2,0,0,0.0,-377.1558034999998,-1155.8531409999996,401.54153399999996,2,-377.1558034999998,-377.1558034999998,0.5,401.54153399999996,2.3895847134306463,pointwise paired bootstrap; exploratory and not multiplicity-adjusted,very small stratum,-1155.8531409999996,401.54153399999996
stress,4,stress_design,development,assumption__radius_max__noise_extreme__scale_75,broad_or_stress_assumption,all,coverage,current,2,0,0,0.0,430.63229099999944,295.7770299999993,565.4875519999996,2,430.63229099999944,430.63229099999944,1.0,565.4875519999996,-6.114021612414698,pointwise paired bootstrap; exploratory and not multiplicity-adjusted,very small stratum,295.7770299999993,565.4875519999996
stress,4,stress_design,development,assumption__radius_max__noise_extreme__scale_75,broad_or_stress_assumption,all,local_cover,current,2,0,0,0.0,-58.48456949999991,-80.92846099999952,-36.0406780000003,2,-58.48456949999991,-58.48456949999991,0.0,-36.0406780000003,0.6955867880405979,pointwise paired bootstrap; exploratory and not multiplicity-adjusted,very small stratum,-80.92846099999952,-36.0406780000003
stress,4,stress_design,development,assumption__radius_max__noise_extreme__scale_75,broad_or_stress_assumption,extreme,combined_cover,current,2,0,0,0.0,-377.1558034999998,-1155.8531409999996,401.54153399999996,2,-377.1558034999998,-377.1558034999998,0.5,401.54153399999996,2.3895847134306463,pointwise paired bootstrap; exploratory and not multiplicity-adjusted,very small stratum,-1155.8531409999996,401.54153399999996
stress,4,stress_design,development,assumption__radius_max__noise_extreme__scale_75,broad_or_stress_assumption,extreme,coverage,current,2,0,0,0.0,430.63229099999944,295.7770299999993,565.4875519999996,2,430.63229099999944,430.63229099999944,1.0,565.4875519999996,-6.114021612414698,pointwise paired bootstrap; exploratory and not multiplicity-adjusted,very small stratum,295.7770299999993,565.4875519999996
stress,4,stress_design,development,assumption__radius_max__noise_extreme__scale_75,broad_or_stress_assumption,extreme,local_cover,current,2,0,0,0.0,-58.48456949999991,-80.92846099999952,-36.0406780000003,2,-58.48456949999991,-58.48456949999991,0.0,-36.0406780000003,0.6955867880405979,pointwise paired bootstrap; exploratory and not multiplicity-adjusted,very small stratum,-80.92846099999952,-36.0406780000003
stress,4,stress_design,all,assumption__radius_min__noise_correlated__scale_150,broad_or_stress_assumption,all,combined_cover,current,2,0,0,0.0,757.0797685000002,-1771.5779430000002,3285.7374800000007,2,757.0797685000002,757.0797685000002,0.5,3285.7374800000007,-22.05281526191743,pointwise paired bootstrap; exploratory and not multiplicity-adjusted,very small stratum,-1771.5779430000002,3285.7374800000007
stress,4,stress_design,all,assumption__radius_min__noise_correlated__scale_150,broad_or_stress_assumption,all,coverage,current,2,0,0,0.0,583.7267234999995,-1770.081102,2937.534548999999,2,583.7267234999995,583.7267234999995,0.5,2937.534548999999,-18.770961324167683,pointwise paired bootstrap; exploratory and not multiplicity-adjusted,very small stratum,-1770.081102,2937.534548999999
stress,4,stress_design,all,assumption__radius_min__noise_correlated__scale_150,broad_or_stress_assumption,all,local_cover,current,2,0,0,0.0,-76.59865450000007,-95.2669850000002,-57.93032399999993,2,-76.59865450000007,-76.59865450000007,0.0,-57.93032399999993,1.0305577787335312,pointwise paired bootstrap; exploratory and not multiplicity-adjusted,very small stratum,-95.2669850000002,-57.93032399999993
stress,4,stress_design,all,assumption__radius_min__noise_correlated__scale_150,broad_or_stress_assumption,correlated,combined_cover,current,2,0,0,0.0,757.0797685000002,-1771.5779430000002,3285.7374800000007,2,757.0797685000002,757.0797685000002,0.5,3285.7374800000007,-22.05281526191743,pointwise paired bootstrap; exploratory and not multiplicity-adjusted,very small stratum,-1771.5779430000002,3285.7374800000007
stress,4,stress_design,all,assumption__radius_min__noise_correlated__scale_150,broad_or_stress_assumption,correlated,coverage,current,2,0,0,0.0,583.7267234999995,-1770.081102,2937.534548999999,2,583.7267234999995,583.7267234999995,0.5,2937.534548999999,-18.770961324167683,pointwise paired bootstrap; exploratory and not multiplicity-adjusted,very small stratum,-1770.081102,2937.534548999999
stress,4,stress_design,all,assumption__radius_min__noise_correlated__scale_150,broad_or_stress_assumption,correlated,local_cover,current,2,0,0,0.0,-76.59865450000007,-95.2669850000002,-57.93032399999993,2,-76.59865450000007,-76.59865450000007,0.0,-57.93032399999993,1.0305577787335312,pointwise paired bootstrap; exploratory and not multiplicity-adjusted,very small stratum,-95.2669850000002,-57.93032399999993
stress,4,stress_design,development,assumption__radius_min__noise_correlated__scale_150,broad_or_stress_assumption,all,combined_cover,current,2,0,0,0.0,757.0797685000002,-1771.5779430000002,3285.7374800000007,2,757.0797685000002,757.0797685000002,0.5,3285.7374800000007,-22.05281526191743,pointwise paired bootstrap; exploratory and not multiplicity-adjusted,very small stratum,-1771.5779430000002,3285.7374800000007
stress,4,stress_design,development,assumption__radius_min__noise_correlated__scale_150,broad_or_stress_assumption,all,coverage,current,2,0,0,0.0,583.7267234999995,-1770.081102,2937.534548999999,2,583.7267234999995,583.7267234999995,0.5,2937.534548999999,-18.770961324167683,pointwise paired bootstrap; exploratory and not multiplicity-adjusted,very small stratum,-1770.081102,2937.534548999999
stress,4,stress_design,development,assumption__radius_min__noise_correlated__scale_150,broad_or_stress_assumption,all,local_cover,current,2,0,0,0.0,-76.59865450000007,-95.2669850000002,-57.93032399999993,2,-76.59865450000007,-76.59865450000007,0.0,-57.93032399999993,1.0305577787335312,pointwise paired bootstrap; exploratory and not multiplicity-adjusted,very small stratum,-95.2669850000002,-57.93032399999993
stress,4,stress_design,development,assumption__radius_min__noise_correlated__scale_150,broad_or_stress_assumption,correlated,combined_cover,current,2,0,0,0.0,757.0797685000002,-1771.5779430000002,3285.7374800000007,2,757.0797685000002,757.0797685000002,0.5,3285.7374800000007,-22.05281526191743,pointwise paired bootstrap; exploratory and not multiplicity-adjusted,very small stratum,-1771.5779430000002,3285.7374800000007
stress,4,stress_design,development,assumption__radius_min__noise_correlated__scale_150,broad_or_stress_assumption,correlated,coverage,current,2,0,0,0.0,583.7267234999995,-1770.081102,2937.534548999999,2,583.7267234999995,583.7267234999995,0.5,2937.534548999999,-18.770961324167683,pointwise paired bootstrap; exploratory and not multiplicity-adjusted,very small stratum,-1770.081102,2937.534548999999
stress,4,stress_design,development,assumption__radius_min__noise_correlated__scale_150,broad_or_stress_assumption,correlated,local_cover,current,2,0,0,0.0,-76.59865450000007,-95.2669850000002,-57.93032399999993,2,-76.59865450000007,-76.59865450000007,0.0,-57.93032399999993,1.0305577787335312,pointwise paired bootstrap; exploratory and not multiplicity-adjusted,very small stratum,-95.2669850000002,-57.93032399999993
stress,4,stress_design,all,assumption__radius_min__noise_correlated__scale_300,broad_or_stress_assumption,all,combined_cover,current,1,0,0,0.0,-1604.8626199999999,,,1,-1604.8626199999999,-1604.8626199999999,0.0,-1604.8626199999999,15.442806866399007,pointwise paired bootstrap; exploratory and not multiplicity-adjusted,very small stratum,,
stress,4,stress_design,all,assumption__radius_min__noise_correlated__scale_300,broad_or_stress_assumption,all,coverage,current,1,0,0,0.0,-1586.0164679999998,,,1,-1586.0164679999998,-1586.0164679999998,0.0,-1586.0164679999998,15.261459577301576,pointwise paired bootstrap; exploratory and not multiplicity-adjusted,very small stratum,,
stress,4,stress_design,all,assumption__radius_min__noise_correlated__scale_300,broad_or_stress_assumption,all,local_cover,current,1,0,0,0.0,6.230944999999338,,,1,6.230944999999338,6.230944999999338,1.0,6.230944999999338,-0.05995733156906872,pointwise paired bootstrap; exploratory and not multiplicity-adjusted,very small stratum,,
stress,4,stress_design,all,assumption__radius_min__noise_correlated__scale_300,broad_or_stress_assumption,correlated,combined_cover,current,1,0,0,0.0,-1604.8626199999999,,,1,-1604.8626199999999,-1604.8626199999999,0.0,-1604.8626199999999,15.442806866399007,pointwise paired bootstrap; exploratory and not multiplicity-adjusted,very small stratum,,
stress,4,stress_design,all,assumption__radius_min__noise_correlated__scale_300,broad_or_stress_assumption,correlated,coverage,current,1,0,0,0.0,-1586.0164679999998,,,1,-1586.0164679999998,-1586.0164679999998,0.0,-1586.0164679999998,15.261459577301576,pointwise paired bootstrap; exploratory and not multiplicity-adjusted,very small stratum,,
stress,4,stress_design,all,assumption__radius_min__noise_correlated__scale_300,broad_or_stress_assumption,correlated,local_cover,current,1,0,0,0.0,6.230944999999338,,,1,6.230944999999338,6.230944999999338,1.0,6.230944999999338,-0.05995733156906872,pointwise paired bootstrap; exploratory and not multiplicity-adjusted,very small stratum,,
stress,4,stress_design,development,assumption__radius_min__noise_correlated__scale_300,broad_or_stress_assumption,all,combined_cover,current,1,0,0,0.0,-1604.8626199999999,,,1,-1604.8626199999999,-1604.8626199999999,0.0,-1604.8626199999999,15.442806866399007,pointwise paired bootstrap; exploratory and not multiplicity-adjusted,very small stratum,,
stress,4,stress_design,development,assumption__radius_min__noise_correlated__scale_300,broad_or_stress_assumption,all,coverage,current,1,0,0,0.0,-1586.0164679999998,,,1,-1586.0164679999998,-1586.0164679999998,0.0,-1586.0164679999998,15.261459577301576,pointwise paired bootstrap; exploratory and not multiplicity-adjusted,very small stratum,,
stress,4,stress_design,development,assumption__radius_min__noise_correlated__scale_300,broad_or_stress_assumption,all,local_cover,current,1,0,0,0.0,6.230944999999338,,,1,6.230944999999338,6.230944999999338,1.0,6.230944999999338,-0.05995733156906872,pointwise paired bootstrap; exploratory and not multiplicity-adjusted,very small stratum,,
stress,4,stress_design,development,assumption__radius_min__noise_correlated__scale_300,broad_or_stress_assumption,correlated,combined_cover,current,1,0,0,0.0,-1604.8626199999999,,,1,-1604.8626199999999,-1604.8626199999999,0.0,-1604.8626199999999,15.442806866399007,pointwise paired bootstrap; exploratory and not multiplicity-adjusted,very small stratum,,
stress,4,stress_design,development,assumption__radius_min__noise_correlated__scale_300,broad_or_stress_assumption,correlated,coverage,current,1,0,0,0.0,-1586.0164679999998,,,1,-1586.0164679999998,-1586.0164679999998,0.0,-1586.0164679999998,15.261459577301576,pointwise paired bootstrap; exploratory and not multiplicity-adjusted,very small stratum,,
stress,4,stress_design,development,assumption__radius_min__noise_correlated__scale_300,broad_or_stress_assumption,correlated,local_cover,current,1,0,0,0.0,6.230944999999338,,,1,6.230944999999338,6.230944999999338,1.0,6.230944999999338,-0.05995733156906872,pointwise paired bootstrap; exploratory and not multiplicity-adjusted,very small stratum,,
stress,4,stress_design,all,assumption__radius_min__noise_correlated__scale_75,broad_or_stress_assumption,all,combined_cover,current,2,0,0,0.0,-811.8523279999993,-1362.3199429999986,-261.3847129999999,2,-811.8523279999993,-811.8523279999993,0.0,-261.3847129999999,9.66512543530964,pointwise paired bootstrap; exploratory and not multiplicity-adjusted,very small stratum,-1362.3199429999986,-261.3847129999999
stress,4,stress_design,all,assumption__radius_min__noise_correlated__scale_75,broad_or_stress_assumption,all,coverage,current,2,0,0,0.0,-1256.7708894999998,-2251.25209,-262.2896889999997,2,-1256.7708894999998,-1256.7708894999998,0.0,-262.2896889999997,13.718000179683477,pointwise paired bootstrap; exploratory and not multiplicity-adjusted,very small stratum,-2251.25209,-262.2896889999997
stress,4,stress_design,all,assumption__radius_min__noise_correlated__scale_75,broad_or_stress_assumption,all,local_cover,current,2,0,0,0.0,-145.21341599999937,-258.635796999999,-31.791034999999738,2,-145.21341599999937,-145.21341599999937,0.0,-31.791034999999738,1.598019865219769,pointwise paired bootstrap; exploratory and not multiplicity-adjusted,very small stratum,-258.635796999999,-31.791034999999738
stress,4,stress_design,all,assumption__radius_min__noise_correlated__scale_75,broad_or_stress_assumption,correlated,combined_cover,current,2,0,0,0.0,-811.8523279999993,-1362.3199429999986,-261.3847129999999,2,-811.8523279999993,-811.8523279999993,0.0,-261.3847129999999,9.66512543530964,pointwise paired bootstrap; exploratory and not multiplicity-adjusted,very small stratum,-1362.3199429999986,-261.3847129999999
stress,4,stress_design,all,assumption__radius_min__noise_correlated__scale_75,broad_or_stress_assumption,correlated,coverage,current,2,0,0,0.0,-1256.7708894999998,-2251.25209,-262.2896889999997,2,-1256.7708894999998,-1256.7708894999998,0.0,-262.2896889999997,13.718000179683477,pointwise paired bootstrap; exploratory and not multiplicity-adjusted,very small stratum,-2251.25209,-262.2896889999997
stress,4,stress_design,all,assumption__radius_min__noise_correlated__scale_75,broad_or_stress_assumption,correlated,local_cover,current,2,0,0,0.0,-145.21341599999937,-258.635796999999,-31.791034999999738,2,-145.21341599999937,-145.21341599999937,0.0,-31.791034999999738,1.598019865219769,pointwise paired bootstrap; exploratory and not multiplicity-adjusted,very small stratum,-258.635796999999,-31.791034999999738
stress,4,stress_design,development,assumption__radius_min__noise_correlated__scale_75,broad_or_stress_assumption,all,combined_cover,current,2,0,0,0.0,-811.8523279999993,-1362.3199429999986,-261.3847129999999,2,-811.8523279999993,-811.8523279999993,0.0,-261.3847129999999,9.66512543530964,pointwise paired bootstrap; exploratory and not multiplicity-adjusted,very small stratum,-1362.3199429999986,-261.3847129999999
stress,4,stress_design,development,assumption__radius_min__noise_correlated__scale_75,broad_or_stress_assumption,all,coverage,current,2,0,0,0.0,-1256.7708894999998,-2251.25209,-262.2896889999997,2,-1256.7708894999998,-1256.7708894999998,0.0,-262.2896889999997,13.718000179683477,pointwise paired bootstrap; exploratory and not multiplicity-adjusted,very small stratum,-2251.25209,-262.2896889999997
stress,4,stress_design,development,assumption__radius_min__noise_correlated__scale_75,broad_or_stress_assumption,all,local_cover,current,2,0,0,0.0,-145.21341599999937,-258.635796999999,-31.791034999999738,2,-145.21341599999937,-145.21341599999937,0.0,-31.791034999999738,1.598019865219769,pointwise paired bootstrap; exploratory and not multiplicity-adjusted,very small stratum,-258.635796999999,-31.791034999999738
stress,4,stress_design,development,assumption__radius_min__noise_correlated__scale_75,broad_or_stress_assumption,correlated,combined_cover,current,2,0,0,0.0,-811.8523279999993,-1362.3199429999986,-261.3847129999999,2,-811.8523279999993,-811.8523279999993,0.0,-261.3847129999999,9.66512543530964,pointwise paired bootstrap; exploratory and not multiplicity-adjusted,very small stratum,-1362.3199429999986,-261.3847129999999
stress,4,stress_design,development,assumption__radius_min__noise_correlated__scale_75,broad_or_stress_assumption,correlated,coverage,current,2,0,0,0.0,-1256.7708894999998,-2251.25209,-262.2896889999997,2,-1256.7708894999998,-1256.7708894999998,0.0,-262.2896889999997,13.718000179683477,pointwise paired bootstrap; exploratory and not multiplicity-adjusted,very small stratum,-2251.25209,-262.2896889999997
stress,4,stress_design,development,assumption__radius_min__noise_correlated__scale_75,broad_or_stress_assumption,correlated,local_cover,current,2,0,0,0.0,-145.21341599999937,-258.635796999999,-31.791034999999738,2,-145.21341599999937,-145.21341599999937,0.0,-31.791034999999738,1.598019865219769,pointwise paired bootstrap; exploratory and not multiplicity-adjusted,very small stratum,-258.635796999999,-31.791034999999738
stress,4,stress_design,all,assumption__radius_min__noise_deterministic__scale_150,broad_or_stress_assumption,all,combined_cover,current,2,0,0,0.0,-2015.1556579999997,-2075.505975,-1954.8053409999993,2,-2015.1556579999997,-2015.1556579999997,0.0,-1954.8053409999993,18.64908154615641,pointwise paired bootstrap; exploratory and not multiplicity-adjusted,very small stratum,-2075.505975,-1954.8053409999993
stress,4,stress_design,all,assumption__radius_min__noise_deterministic__scale_150,broad_or_stress_assumption,all,coverage,current,2,0,0,0.0,-1740.2339380000003,-1875.7197350000006,-1604.748141,2,-1740.2339380000003,-1740.2339380000003,0.0,-1604.748141,16.157042517546145,pointwise paired bootstrap; exploratory and not multiplicity-adjusted,very small stratum,-1875.7197350000006,-1604.748141
stress,4,stress_design,all,assumption__radius_min__noise_deterministic__scale_150,broad_or_stress_assumption,all,local_cover,current,2,0,0,0.0,149.7885114999999,-143.05389699999978,442.6309199999996,2,149.7885114999999,149.7885114999999,0.5,442.6309199999996,-1.4689354700309174,pointwise paired bootstrap; exploratory and not multiplicity-adjusted,very small stratum,-143.05389699999978,442.6309199999996
stress,4,stress_design,all,assumption__radius_min__noise_deterministic__scale_150,broad_or_stress_assumption,deterministic,combined_cover,current,2,0,0,0.0,-2015.1556579999997,-2075.505975,-1954.8053409999993,2,-2015.1556579999997,-2015.1556579999997,0.0,-1954.8053409999993,18.64908154615641,pointwise paired bootstrap; exploratory and not multiplicity-adjusted,very small stratum,-2075.505975,-1954.8053409999993
stress,4,stress_design,all,assumption__radius_min__noise_deterministic__scale_150,broad_or_stress_assumption,deterministic,coverage,current,2,0,0,0.0,-1740.2339380000003,-1875.7197350000006,-1604.748141,2,-1740.2339380000003,-1740.2339380000003,0.0,-1604.748141,16.157042517546145,pointwise paired bootstrap; exploratory and not multiplicity-adjusted,very small stratum,-1875.7197350000006,-1604.748141
stress,4,stress_design,all,assumption__radius_min__noise_deterministic__scale_150,broad_or_stress_assumption,deterministic,local_cover,current,2,0,0,0.0,149.7885114999999,-143.05389699999978,442.6309199999996,2,149.7885114999999,149.7885114999999,0.5,442.6309199999996,-1.4689354700309174,pointwise paired bootstrap; exploratory and not multiplicity-adjusted,very small stratum,-143.05389699999978,442.6309199999996
stress,4,stress_design,development,assumption__radius_min__noise_deterministic__scale_150,broad_or_stress_assumption,all,combined_cover,current,2,0,0,0.0,-2015.1556579999997,-2075.505975,-1954.8053409999993,2,-2015.1556579999997,-2015.1556579999997,0.0,-1954.8053409999993,18.64908154615641,pointwise paired bootstrap; exploratory and not multiplicity-adjusted,very small stratum,-2075.505975,-1954.8053409999993
stress,4,stress_design,development,assumption__radius_min__noise_deterministic__scale_150,broad_or_stress_assumption,all,coverage,current,2,0,0,0.0,-1740.2339380000003,-1875.7197350000006,-1604.748141,2,-1740.2339380000003,-1740.2339380000003,0.0,-1604.748141,16.157042517546145,pointwise paired bootstrap; exploratory and not multiplicity-adjusted,very small stratum,-1875.7197350000006,-1604.748141
stress,4,stress_design,development,assumption__radius_min__noise_deterministic__scale_150,broad_or_stress_assumption,all,local_cover,current,2,0,0,0.0,149.7885114999999,-143.05389699999978,442.6309199999996,2,149.7885114999999,149.7885114999999,0.5,442.6309199999996,-1.4689354700309174,pointwise paired bootstrap; exploratory and not multiplicity-adjusted,very small stratum,-143.05389699999978,442.6309199999996
stress,4,stress_design,development,assumption__radius_min__noise_deterministic__scale_150,broad_or_stress_assumption,deterministic,combined_cover,current,2,0,0,0.0,-2015.1556579999997,-2075.505975,-1954.8053409999993,2,-2015.1556579999997,-2015.1556579999997,0.0,-1954.8053409999993,18.64908154615641,pointwise paired bootstrap; exploratory and not multiplicity-adjusted,very small stratum,-2075.505975,-1954.8053409999993
stress,4,stress_design,development,assumption__radius_min__noise_deterministic__scale_150,broad_or_stress_assumption,deterministic,coverage,current,2,0,0,0.0,-1740.2339380000003,-1875.7197350000006,-1604.748141,2,-1740.2339380000003,-1740.2339380000003,0.0,-1604.748141,16.157042517546145,pointwise paired bootstrap; exploratory and not multiplicity-adjusted,very small stratum,-1875.7197350000006,-1604.748141
stress,4,stress_design,development,assumption__radius_min__noise_deterministic__scale_150,broad_or_stress_assumption,deterministic,local_cover,current,2,0,0,0.0,149.7885114999999,-143.05389699999978,442.6309199999996,2,149.7885114999999,149.7885114999999,0.5,442.6309199999996,-1.4689354700309174,pointwise paired bootstrap; exploratory and not multiplicity-adjusted,very small stratum,-143.05389699999978,442.6309199999996
stress,4,stress_design,all,assumption__radius_min__noise_deterministic__scale_300,broad_or_stress_assumption,all,combined_cover,current,1,0,0,0.0,-2237.194652,,,1,-2237.194652,-2237.194652,0.0,-2237.194652,19.24309080110364,pointwise paired bootstrap; exploratory and not multiplicity-adjusted,very small stratum,,
stress,4,stress_design,all,assumption__radius_min__noise_deterministic__scale_300,broad_or_stress_assumption,all,coverage,current,1,0,0,0.0,-2705.678068000001,,,1,-2705.678068000001,-2705.678068000001,0.0,-2705.678068000001,23.272721796707877,pointwise paired bootstrap; exploratory and not multiplicity-adjusted,very small stratum,,
stress,4,stress_design,all,assumption__radius_min__noise_deterministic__scale_300,broad_or_stress_assumption,all,local_cover,current,1,0,0,0.0,-727.3808339999996,,,1,-727.3808339999996,-727.3808339999996,0.0,-727.3808339999996,6.256521051099172,pointwise paired bootstrap; exploratory and not multiplicity-adjusted,very small stratum,,
stress,4,stress_design,all,assumption__radius_min__noise_deterministic__scale_300,broad_or_stress_assumption,deterministic,combined_cover,current,1,0,0,0.0,-2237.194652,,,1,-2237.194652,-2237.194652,0.0,-2237.194652,19.24309080110364,pointwise paired bootstrap; exploratory and not multiplicity-adjusted,very small stratum,,
stress,4,stress_design,all,assumption__radius_min__noise_deterministic__scale_300,broad_or_stress_assumption,deterministic,coverage,current,1,0,0,0.0,-2705.678068000001,,,1,-2705.678068000001,-2705.678068000001,0.0,-2705.678068000001,23.272721796707877,pointwise paired bootstrap; exploratory and not multiplicity-adjusted,very small stratum,,
stress,4,stress_design,all,assumption__radius_min__noise_deterministic__scale_300,broad_or_stress_assumption,deterministic,local_cover,current,1,0,0,0.0,-727.3808339999996,,,1,-727.3808339999996,-727.3808339999996,0.0,-727.3808339999996,6.256521051099172,pointwise paired bootstrap; exploratory and not multiplicity-adjusted,very small stratum,,
stress,4,stress_design,development,assumption__radius_min__noise_deterministic__scale_300,broad_or_stress_assumption,all,combined_cover,current,1,0,0,0.0,-2237.194652,,,1,-2237.194652,-2237.194652,0.0,-2237.194652,19.24309080110364,pointwise paired bootstrap; exploratory and not multiplicity-adjusted,very small stratum,,
stress,4,stress_design,development,assumption__radius_min__noise_deterministic__scale_300,broad_or_stress_assumption,all,coverage,current,1,0,0,0.0,-2705.678068000001,,,1,-2705.678068000001,-2705.678068000001,0.0,-2705.678068000001,23.272721796707877,pointwise paired bootstrap; exploratory and not multiplicity-adjusted,very small stratum,,
stress,4,stress_design,development,assumption__radius_min__noise_deterministic__scale_300,broad_or_stress_assumption,all,local_cover,current,1,0,0,0.0,-727.3808339999996,,,1,-727.3808339999996,-727.3808339999996,0.0,-727.3808339999996,6.256521051099172,pointwise paired bootstrap; exploratory and not multiplicity-adjusted,very small stratum,,
stress,4,stress_design,development,assumption__radius_min__noise_deterministic__scale_300,broad_or_stress_assumption,deterministic,combined_cover,current,1,0,0,0.0,-2237.194652,,,1,-2237.194652,-2237.194652,0.0,-2237.194652,19.24309080110364,pointwise paired bootstrap; exploratory and not multiplicity-adjusted,very small stratum,,
stress,4,stress_design,development,assumption__radius_min__noise_deterministic__scale_300,broad_or_stress_assumption,deterministic,coverage,current,1,0,0,0.0,-2705.678068000001,,,1,-2705.678068000001,-2705.678068000001,0.0,-2705.678068000001,23.272721796707877,pointwise paired bootstrap; exploratory and not multiplicity-adjusted,very small stratum,,
stress,4,stress_design,development,assumption__radius_min__noise_deterministic__scale_300,broad_or_stress_assumption,deterministic,local_cover,current,1,0,0,0.0,-727.3808339999996,,,1,-727.3808339999996,-727.3808339999996,0.0,-727.3808339999996,6.256521051099172,pointwise paired bootstrap; exploratory and not multiplicity-adjusted,very small stratum,,
stress,4,stress_design,all,assumption__radius_min__noise_deterministic__scale_75,broad_or_stress_assumption,all,combined_cover,current,2,0,0,0.0,-2258.8426599999993,-2885.900223999999,-1631.7850959999996,2,-2258.8426599999993,-2258.8426599999993,0.0,-1631.7850959999996,20.38644983734269,pointwise paired bootstrap; exploratory and not multiplicity-adjusted,very small stratum,-2885.900223999999,-1631.7850959999996
stress,4,stress_design,all,assumption__radius_min__noise_deterministic__scale_75,broad_or_stress_assumption,all,coverage,current,2,0,0,0.0,-2153.535585999999,-2831.3777809999992,-1475.6933909999989,2,-2153.535585999999,-2153.535585999999,0.0,-1475.6933909999989,19.411849364935154,pointwise paired bootstrap; exploratory and not multiplicity-adjusted,very small stratum,-2831.3777809999992,-1475.6933909999989
stress,4,stress_design,all,assumption__radius_min__noise_deterministic__scale_75,broad_or_stress_assumption,all,local_cover,current,2,0,0,0.0,-55.169856999999865,-88.05879599999935,-22.280918000000383,2,-55.169856999999865,-55.169856999999865,0.0,-22.280918000000383,0.49260588523056437,pointwise paired bootstrap; exploratory and not multiplicity-adjusted,very small stratum,-88.05879599999935,-22.280918000000383
stress,4,stress_design,all,assumption__radius_min__noise_deterministic__scale_75,broad_or_stress_assumption,deterministic,combined_cover,current,2,0,0,0.0,-2258.8426599999993,-2885.900223999999,-1631.7850959999996,2,-2258.8426599999993,-2258.8426599999993,0.0,-1631.7850959999996,20.38644983734269,pointwise paired bootstrap; exploratory and not multiplicity-adjusted,very small stratum,-2885.900223999999,-1631.7850959999996
stress,4,stress_design,all,assumption__radius_min__noise_deterministic__scale_75,broad_or_stress_assumption,deterministic,coverage,current,2,0,0,0.0,-2153.535585999999,-2831.3777809999992,-1475.6933909999989,2,-2153.535585999999,-2153.535585999999,0.0,-1475.6933909999989,19.411849364935154,pointwise paired bootstrap; exploratory and not multiplicity-adjusted,very small stratum,-2831.3777809999992,-1475.6933909999989
stress,4,stress_design,all,assumption__radius_min__noise_deterministic__scale_75,broad_or_stress_assumption,deterministic,local_cover,current,2,0,0,0.0,-55.169856999999865,-88.05879599999935,-22.280918000000383,2,-55.169856999999865,-55.169856999999865,0.0,-22.280918000000383,0.49260588523056437,pointwise paired bootstrap; exploratory and not multiplicity-adjusted,very small stratum,-88.05879599999935,-22.280918000000383
stress,4,stress_design,development,assumption__radius_min__noise_deterministic__scale_75,broad_or_stress_assumption,all,combined_cover,current,2,0,0,0.0,-2258.8426599999993,-2885.900223999999,-1631.7850959999996,2,-2258.8426599999993,-2258.8426599999993,0.0,-1631.7850959999996,20.38644983734269,pointwise paired bootstrap; exploratory and not multiplicity-adjusted,very small stratum,-2885.900223999999,-1631.7850959999996
stress,4,stress_design,development,assumption__radius_min__noise_deterministic__scale_75,broad_or_stress_assumption,all,coverage,current,2,0,0,0.0,-2153.535585999999,-2831.3777809999992,-1475.6933909999989,2,-2153.535585999999,-2153.535585999999,0.0,-1475.6933909999989,19.411849364935154,pointwise paired bootstrap; exploratory and not multiplicity-adjusted,very small stratum,-2831.3777809999992,-1475.6933909999989
stress,4,stress_design,development,assumption__radius_min__noise_deterministic__scale_75,broad_or_stress_assumption,all,local_cover,current,2,0,0,0.0,-55.169856999999865,-88.05879599999935,-22.280918000000383,2,-55.169856999999865,-55.169856999999865,0.0,-22.280918000000383,0.49260588523056437,pointwise paired bootstrap; exploratory and not multiplicity-adjusted,very small stratum,-88.05879599999935,-22.280918000000383
stress,4,stress_design,development,assumption__radius_min__noise_deterministic__scale_75,broad_or_stress_assumption,deterministic,combined_cover,current,2,0,0,0.0,-2258.8426599999993,-2885.900223999999,-1631.7850959999996,2,-2258.8426599999993,-2258.8426599999993,0.0,-1631.7850959999996,20.38644983734269,pointwise paired bootstrap; exploratory and not multiplicity-adjusted,very small stratum,-2885.900223999999,-1631.7850959999996
stress,4,stress_design,development,assumption__radius_min__noise_deterministic__scale_75,broad_or_stress_assumption,deterministic,coverage,current,2,0,0,0.0,-2153.535585999999,-2831.3777809999992,-1475.6933909999989,2,-2153.535585999999,-2153.535585999999,0.0,-1475.6933909999989,19.411849364935154,pointwise paired bootstrap; exploratory and not multiplicity-adjusted,very small stratum,-2831.3777809999992,-1475.6933909999989
stress,4,stress_design,development,assumption__radius_min__noise_deterministic__scale_75,broad_or_stress_assumption,deterministic,local_cover,current,2,0,0,0.0,-55.169856999999865,-88.05879599999935,-22.280918000000383,2,-55.169856999999865,-55.169856999999865,0.0,-22.280918000000383,0.49260588523056437,pointwise paired bootstrap; exploratory and not multiplicity-adjusted,very small stratum,-88.05879599999935,-22.280918000000383
stress,4,stress_design,all,assumption__radius_min__noise_extreme__scale_150,broad_or_stress_assumption,all,combined_cover,current,2,0,0,0.0,-1845.3874010000004,-2463.3395339999997,-1227.435268000001,2,-1845.3874010000004,-1845.3874010000004,0.0,-1227.435268000001,17.299648635057586,pointwise paired bootstrap; exploratory and not multiplicity-adjusted,very small stratum,-2463.3395339999997,-1227.435268000001
stress,4,stress_design,all,assumption__radius_min__noise_extreme__scale_150,broad_or_stress_assumption,all,coverage,current,2,0,0,0.0,-1102.524359,-1686.1415479999996,-518.9071700000004,2,-1102.524359,-1102.524359,0.0,-518.9071700000004,10.339589920704965,pointwise paired bootstrap; exploratory and not multiplicity-adjusted,very small stratum,-1686.1415479999996,-518.9071700000004
stress,4,stress_design,all,assumption__radius_min__noise_extreme__scale_150,broad_or_stress_assumption,all,local_cover,current,2,0,0,0.0,-63.61547700000028,-80.08285299999989,-47.14810100000068,2,-63.61547700000028,-63.61547700000028,0.0,-47.14810100000068,0.5956720529848998,pointwise paired bootstrap; exploratory and not multiplicity-adjusted,very small stratum,-80.08285299999989,-47.14810100000068
stress,4,stress_design,all,assumption__radius_min__noise_extreme__scale_150,broad_or_stress_assumption,extreme,combined_cover,current,2,0,0,0.0,-1845.3874010000004,-2463.3395339999997,-1227.435268000001,2,-1845.3874010000004,-1845.3874010000004,0.0,-1227.435268000001,17.299648635057586,pointwise paired bootstrap; exploratory and not multiplicity-adjusted,very small stratum,-2463.3395339999997,-1227.435268000001
stress,4,stress_design,all,assumption__radius_min__noise_extreme__scale_150,broad_or_stress_assumption,extreme,coverage,current,2,0,0,0.0,-1102.524359,-1686.1415479999996,-518.9071700000004,2,-1102.524359,-1102.524359,0.0,-518.9071700000004,10.339589920704965,pointwise paired bootstrap; exploratory and not multiplicity-adjusted,very small stratum,-1686.1415479999996,-518.9071700000004
stress,4,stress_design,all,assumption__radius_min__noise_extreme__scale_150,broad_or_stress_assumption,extreme,local_cover,current,2,0,0,0.0,-63.61547700000028,-80.08285299999989,-47.14810100000068,2,-63.61547700000028,-63.61547700000028,0.0,-47.14810100000068,0.5956720529848998,pointwise paired bootstrap; exploratory and not multiplicity-adjusted,very small stratum,-80.08285299999989,-47.14810100000068
stress,4,stress_design,development,assumption__radius_min__noise_extreme__scale_150,broad_or_stress_assumption,all,combined_cover,current,2,0,0,0.0,-1845.3874010000004,-2463.3395339999997,-1227.435268000001,2,-1845.3874010000004,-1845.3874010000004,0.0,-1227.435268000001,17.299648635057586,pointwise paired bootstrap; exploratory and not multiplicity-adjusted,very small stratum,-2463.3395339999997,-1227.435268000001
stress,4,stress_design,development,assumption__radius_min__noise_extreme__scale_150,broad_or_stress_assumption,all,coverage,current,2,0,0,0.0,-1102.524359,-1686.1415479999996,-518.9071700000004,2,-1102.524359,-1102.524359,0.0,-518.9071700000004,10.339589920704965,pointwise paired bootstrap; exploratory and not multiplicity-adjusted,very small stratum,-1686.1415479999996,-518.9071700000004
stress,4,stress_design,development,assumption__radius_min__noise_extreme__scale_150,broad_or_stress_assumption,all,local_cover,current,2,0,0,0.0,-63.61547700000028,-80.08285299999989,-47.14810100000068,2,-63.61547700000028,-63.61547700000028,0.0,-47.14810100000068,0.5956720529848998,pointwise paired bootstrap; exploratory and not multiplicity-adjusted,very small stratum,-80.08285299999989,-47.14810100000068
stress,4,stress_design,development,assumption__radius_min__noise_extreme__scale_150,broad_or_stress_assumption,extreme,combined_cover,current,2,0,0,0.0,-1845.3874010000004,-2463.3395339999997,-1227.435268000001,2,-1845.3874010000004,-1845.3874010000004,0.0,-1227.435268000001,17.299648635057586,pointwise paired bootstrap; exploratory and not multiplicity-adjusted,very small stratum,-2463.3395339999997,-1227.435268000001
stress,4,stress_design,development,assumption__radius_min__noise_extreme__scale_150,broad_or_stress_assumption,extreme,coverage,current,2,0,0,0.0,-1102.524359,-1686.1415479999996,-518.9071700000004,2,-1102.524359,-1102.524359,0.0,-518.9071700000004,10.339589920704965,pointwise paired bootstrap; exploratory and not multiplicity-adjusted,very small stratum,-1686.1415479999996,-518.9071700000004
stress,4,stress_design,development,assumption__radius_min__noise_extreme__scale_150,broad_or_stress_assumption,extreme,local_cover,current,2,0,0,0.0,-63.61547700000028,-80.08285299999989,-47.14810100000068,2,-63.61547700000028,-63.61547700000028,0.0,-47.14810100000068,0.5956720529848998,pointwise paired bootstrap; exploratory and not multiplicity-adjusted,very small stratum,-80.08285299999989,-47.14810100000068
stress,4,stress_design,all,assumption__radius_min__noise_extreme__scale_300,broad_or_stress_assumption,all,combined_cover,current,1,0,0,0.0,-3558.0803780000006,,,1,-3558.0803780000006,-3558.0803780000006,0.0,-3558.0803780000006,34.62996430321239,pointwise paired bootstrap; exploratory and not multiplicity-adjusted,very small stratum,,
stress,4,stress_design,all,assumption__radius_min__noise_extreme__scale_300,broad_or_stress_assumption,all,coverage,current,1,0,0,0.0,-3489.6510900000003,,,1,-3489.6510900000003,-3489.6510900000003,0.0,-3489.6510900000003,33.96395804450436,pointwise paired bootstrap; exploratory and not multiplicity-adjusted,very small stratum,,
stress,4,stress_design,all,assumption__radius_min__noise_extreme__scale_300,broad_or_stress_assumption,all,local_cover,current,1,0,0,0.0,-314.99120100000073,,,1,-314.99120100000073,-314.99120100000073,0.0,-314.99120100000073,3.0657357022911027,pointwise paired bootstrap; exploratory and not multiplicity-adjusted,very small stratum,,
stress,4,stress_design,all,assumption__radius_min__noise_extreme__scale_300,broad_or_stress_assumption,extreme,combined_cover,current,1,0,0,0.0,-3558.0803780000006,,,1,-3558.0803780000006,-3558.0803780000006,0.0,-3558.0803780000006,34.62996430321239,pointwise paired bootstrap; exploratory and not multiplicity-adjusted,very small stratum,,
stress,4,stress_design,all,assumption__radius_min__noise_extreme__scale_300,broad_or_stress_assumption,extreme,coverage,current,1,0,0,0.0,-3489.6510900000003,,,1,-3489.6510900000003,-3489.6510900000003,0.0,-3489.6510900000003,33.96395804450436,pointwise paired bootstrap; exploratory and not multiplicity-adjusted,very small stratum,,
stress,4,stress_design,all,assumption__radius_min__noise_extreme__scale_300,broad_or_stress_assumption,extreme,local_cover,current,1,0,0,0.0,-314.99120100000073,,,1,-314.99120100000073,-314.99120100000073,0.0,-314.99120100000073,3.0657357022911027,pointwise paired bootstrap; exploratory and not multiplicity-adjusted,very small stratum,,
stress,4,stress_design,development,assumption__radius_min__noise_extreme__scale_300,broad_or_stress_assumption,all,combined_cover,current,1,0,0,0.0,-3558.0803780000006,,,1,-3558.0803780000006,-3558.0803780000006,0.0,-3558.0803780000006,34.62996430321239,pointwise paired bootstrap; exploratory and not multiplicity-adjusted,very small stratum,,
stress,4,stress_design,development,assumption__radius_min__noise_extreme__scale_300,broad_or_stress_assumption,all,coverage,current,1,0,0,0.0,-3489.6510900000003,,,1,-3489.6510900000003,-3489.6510900000003,0.0,-3489.6510900000003,33.96395804450436,pointwise paired bootstrap; exploratory and not multiplicity-adjusted,very small stratum,,
stress,4,stress_design,development,assumption__radius_min__noise_extreme__scale_300,broad_or_stress_assumption,all,local_cover,current,1,0,0,0.0,-314.99120100000073,,,1,-314.99120100000073,-314.99120100000073,0.0,-314.99120100000073,3.0657357022911027,pointwise paired bootstrap; exploratory and not multiplicity-adjusted,very small stratum,,
stress,4,stress_design,development,assumption__radius_min__noise_extreme__scale_300,broad_or_stress_assumption,extreme,combined_cover,current,1,0,0,0.0,-3558.0803780000006,,,1,-3558.0803780000006,-3558.0803780000006,0.0,-3558.0803780000006,34.62996430321239,pointwise paired bootstrap; exploratory and not multiplicity-adjusted,very small stratum,,
stress,4,stress_design,development,assumption__radius_min__noise_extreme__scale_300,broad_or_stress_assumption,extreme,coverage,current,1,0,0,0.0,-3489.6510900000003,,,1,-3489.6510900000003,-3489.6510900000003,0.0,-3489.6510900000003,33.96395804450436,pointwise paired bootstrap; exploratory and not multiplicity-adjusted,very small stratum,,
stress,4,stress_design,development,assumption__radius_min__noise_extreme__scale_300,broad_or_stress_assumption,extreme,local_cover,current,1,0,0,0.0,-314.99120100000073,,,1,-314.99120100000073,-314.99120100000073,0.0,-314.99120100000073,3.0657357022911027,pointwise paired bootstrap; exploratory and not multiplicity-adjusted,very small stratum,,
stress,4,stress_design,all,assumption__radius_min__noise_extreme__scale_75,broad_or_stress_assumption,all,combined_cover,current,2,0,0,0.0,528.1045535000003,-1697.5633069999994,2753.772414,2,528.1045535000003,528.1045535000003,0.5,2753.772414,-14.644360558451712,pointwise paired bootstrap; exploratory and not multiplicity-adjusted,very small stratum,-1697.5633069999994,2753.772414
stress,4,stress_design,all,assumption__radius_min__noise_extreme__scale_75,broad_or_stress_assumption,all,coverage,current,2,0,0,0.0,803.3260354999998,-1198.0700820000002,2804.7221529999997,2,803.3260354999998,803.3260354999998,0.5,2804.7221529999997,-17.707370763398774,pointwise paired bootstrap; exploratory and not multiplicity-adjusted,very small stratum,-1198.0700820000002,2804.7221529999997
stress,4,stress_design,all,assumption__radius_min__noise_extreme__scale_75,broad_or_stress_assumption,all,local_cover,current,2,0,0,0.0,262.0543105000006,-19.81211599999915,543.9207370000004,2,262.0543105000006,262.0543105000006,0.5,543.9207370000004,-4.551713503888196,pointwise paired bootstrap; exploratory and not multiplicity-adjusted,very small stratum,-19.81211599999915,543.9207370000004
stress,4,stress_design,all,assumption__radius_min__noise_extreme__scale_75,broad_or_stress_assumption,extreme,combined_cover,current,2,0,0,0.0,528.1045535000003,-1697.5633069999994,2753.772414,2,528.1045535000003,528.1045535000003,0.5,2753.772414,-14.644360558451712,pointwise paired bootstrap; exploratory and not multiplicity-adjusted,very small stratum,-1697.5633069999994,2753.772414
stress,4,stress_design,all,assumption__radius_min__noise_extreme__scale_75,broad_or_stress_assumption,extreme,coverage,current,2,0,0,0.0,803.3260354999998,-1198.0700820000002,2804.7221529999997,2,803.3260354999998,803.3260354999998,0.5,2804.7221529999997,-17.707370763398774,pointwise paired bootstrap; exploratory and not multiplicity-adjusted,very small stratum,-1198.0700820000002,2804.7221529999997
stress,4,stress_design,all,assumption__radius_min__noise_extreme__scale_75,broad_or_stress_assumption,extreme,local_cover,current,2,0,0,0.0,262.0543105000006,-19.81211599999915,543.9207370000004,2,262.0543105000006,262.0543105000006,0.5,543.9207370000004,-4.551713503888196,pointwise paired bootstrap; exploratory and not multiplicity-adjusted,very small stratum,-19.81211599999915,543.9207370000004
stress,4,stress_design,development,assumption__radius_min__noise_extreme__scale_75,broad_or_stress_assumption,all,combined_cover,current,2,0,0,0.0,528.1045535000003,-1697.5633069999994,2753.772414,2,528.1045535000003,528.1045535000003,0.5,2753.772414,-14.644360558451712,pointwise paired bootstrap; exploratory and not multiplicity-adjusted,very small stratum,-1697.5633069999994,2753.772414
stress,4,stress_design,development,assumption__radius_min__noise_extreme__scale_75,broad_or_stress_assumption,all,coverage,current,2,0,0,0.0,803.3260354999998,-1198.0700820000002,2804.7221529999997,2,803.3260354999998,803.3260354999998,0.5,2804.7221529999997,-17.707370763398774,pointwise paired bootstrap; exploratory and not multiplicity-adjusted,very small stratum,-1198.0700820000002,2804.7221529999997
stress,4,stress_design,development,assumption__radius_min__noise_extreme__scale_75,broad_or_stress_assumption,all,local_cover,current,2,0,0,0.0,262.0543105000006,-19.81211599999915,543.9207370000004,2,262.0543105000006,262.0543105000006,0.5,543.9207370000004,-4.551713503888196,pointwise paired bootstrap; exploratory and not multiplicity-adjusted,very small stratum,-19.81211599999915,543.9207370000004
stress,4,stress_design,development,assumption__radius_min__noise_extreme__scale_75,broad_or_stress_assumption,extreme,combined_cover,current,2,0,0,0.0,528.1045535000003,-1697.5633069999994,2753.772414,2,528.1045535000003,528.1045535000003,0.5,2753.772414,-14.644360558451712,pointwise paired bootstrap; exploratory and not multiplicity-adjusted,very small stratum,-1697.5633069999994,2753.772414
stress,4,stress_design,development,assumption__radius_min__noise_extreme__scale_75,broad_or_stress_assumption,extreme,coverage,current,2,0,0,0.0,803.3260354999998,-1198.0700820000002,2804.7221529999997,2,803.3260354999998,803.3260354999998,0.5,2804.7221529999997,-17.707370763398774,pointwise paired bootstrap; exploratory and not multiplicity-adjusted,very small stratum,-1198.0700820000002,2804.7221529999997
stress,4,stress_design,development,assumption__radius_min__noise_extreme__scale_75,broad_or_stress_assumption,extreme,local_cover,current,2,0,0,0.0,262.0543105000006,-19.81211599999915,543.9207370000004,2,262.0543105000006,262.0543105000006,0.5,543.9207370000004,-4.551713503888196,pointwise paired bootstrap; exploratory and not multiplicity-adjusted,very small stratum,-19.81211599999915,543.9207370000004
stress,4,stress_design,all,assumption__radius_mixed__noise_correlated__scale_150,broad_or_stress_assumption,all,combined_cover,current,1,0,0,0.0,-1371.9309970000013,,,1,-1371.9309970000013,-1371.9309970000013,0.0,-1371.9309970000013,13.974265038771236,pointwise paired bootstrap; exploratory and not multiplicity-adjusted,very small stratum,,
stress,4,stress_design,all,assumption__radius_mixed__noise_correlated__scale_150,broad_or_stress_assumption,all,coverage,current,1,0,0,0.0,-507.93294400000013,,,1,-507.93294400000013,-507.93294400000013,0.0,-507.93294400000013,5.173721999794822,pointwise paired bootstrap; exploratory and not multiplicity-adjusted,very small stratum,,
stress,4,stress_design,all,assumption__radius_mixed__noise_correlated__scale_150,broad_or_stress_assumption,all,local_cover,current,1,0,0,0.0,412.9204840000002,,,1,412.9204840000002,412.9204840000002,1.0,412.9204840000002,-4.205940601948288,pointwise paired bootstrap; exploratory and not multiplicity-adjusted,very small stratum,,
stress,4,stress_design,all,assumption__radius_mixed__noise_correlated__scale_150,broad_or_stress_assumption,correlated,combined_cover,current,1,0,0,0.0,-1371.9309970000013,,,1,-1371.9309970000013,-1371.9309970000013,0.0,-1371.9309970000013,13.974265038771236,pointwise paired bootstrap; exploratory and not multiplicity-adjusted,very small stratum,,
stress,4,stress_design,all,assumption__radius_mixed__noise_correlated__scale_150,broad_or_stress_assumption,correlated,coverage,current,1,0,0,0.0,-507.93294400000013,,,1,-507.93294400000013,-507.93294400000013,0.0,-507.93294400000013,5.173721999794822,pointwise paired bootstrap; exploratory and not multiplicity-adjusted,very small stratum,,
stress,4,stress_design,all,assumption__radius_mixed__noise_correlated__scale_150,broad_or_stress_assumption,correlated,local_cover,current,1,0,0,0.0,412.9204840000002,,,1,412.9204840000002,412.9204840000002,1.0,412.9204840000002,-4.205940601948288,pointwise paired bootstrap; exploratory and not multiplicity-adjusted,very small stratum,,
stress,4,stress_design,development,assumption__radius_mixed__noise_correlated__scale_150,broad_or_stress_assumption,all,combined_cover,current,1,0,0,0.0,-1371.9309970000013,,,1,-1371.9309970000013,-1371.9309970000013,0.0,-1371.9309970000013,13.974265038771236,pointwise paired bootstrap; exploratory and not multiplicity-adjusted,very small stratum,,
stress,4,stress_design,development,assumption__radius_mixed__noise_correlated__scale_150,broad_or_stress_assumption,all,coverage,current,1,0,0,0.0,-507.93294400000013,,,1,-507.93294400000013,-507.93294400000013,0.0,-507.93294400000013,5.173721999794822,pointwise paired bootstrap; exploratory and not multiplicity-adjusted,very small stratum,,
stress,4,stress_design,development,assumption__radius_mixed__noise_correlated__scale_150,broad_or_stress_assumption,all,local_cover,current,1,0,0,0.0,412.9204840000002,,,1,412.9204840000002,412.9204840000002,1.0,412.9204840000002,-4.205940601948288,pointwise paired bootstrap; exploratory and not multiplicity-adjusted,very small stratum,,
stress,4,stress_design,development,assumption__radius_mixed__noise_correlated__scale_150,broad_or_stress_assumption,correlated,combined_cover,current,1,0,0,0.0,-1371.9309970000013,,,1,-1371.9309970000013,-1371.9309970000013,0.0,-1371.9309970000013,13.974265038771236,pointwise paired bootstrap; exploratory and not multiplicity-adjusted,very small stratum,,
stress,4,stress_design,development,assumption__radius_mixed__noise_correlated__scale_150,broad_or_stress_assumption,correlated,coverage,current,1,0,0,0.0,-507.93294400000013,,,1,-507.93294400000013,-507.93294400000013,0.0,-507.93294400000013,5.173721999794822,pointwise paired bootstrap; exploratory and not multiplicity-adjusted,very small stratum,,
stress,4,stress_design,development,assumption__radius_mixed__noise_correlated__scale_150,broad_or_stress_assumption,correlated,local_cover,current,1,0,0,0.0,412.9204840000002,,,1,412.9204840000002,412.9204840000002,1.0,412.9204840000002,-4.205940601948288,pointwise paired bootstrap; exploratory and not multiplicity-adjusted,very small stratum,,
stress,4,stress_design,all,assumption__radius_mixed__noise_correlated__scale_300,broad_or_stress_assumption,all,combined_cover,current,1,0,0,0.0,-3159.9372319999993,,,1,-3159.9372319999993,-3159.9372319999993,0.0,-3159.9372319999993,28.253891613381725,pointwise paired bootstrap; exploratory and not multiplicity-adjusted,very small stratum,,
stress,4,stress_design,all,assumption__radius_mixed__noise_correlated__scale_300,broad_or_stress_assumption,all,coverage,current,1,0,0,0.0,-3093.012365999999,,,1,-3093.012365999999,-3093.012365999999,0.0,-3093.012365999999,27.65549747724019,pointwise paired bootstrap; exploratory and not multiplicity-adjusted,very small stratum,,
stress,4,stress_design,all,assumption__radius_mixed__noise_correlated__scale_300,broad_or_stress_assumption,all,local_cover,current,1,0,0,0.0,-82.93255399999907,,,1,-82.93255399999907,-82.93255399999907,0.0,-82.93255399999907,0.7415233974295921,pointwise paired bootstrap; exploratory and not multiplicity-adjusted,very small stratum,,
stress,4,stress_design,all,assumption__radius_mixed__noise_correlated__scale_300,broad_or_stress_assumption,correlated,combined_cover,current,1,0,0,0.0,-3159.9372319999993,,,1,-3159.9372319999993,-3159.9372319999993,0.0,-3159.9372319999993,28.253891613381725,pointwise paired bootstrap; exploratory and not multiplicity-adjusted,very small stratum,,
stress,4,stress_design,all,assumption__radius_mixed__noise_correlated__scale_300,broad_or_stress_assumption,correlated,coverage,current,1,0,0,0.0,-3093.012365999999,,,1,-3093.012365999999,-3093.012365999999,0.0,-3093.012365999999,27.65549747724019,pointwise paired bootstrap; exploratory and not multiplicity-adjusted,very small stratum,,
stress,4,stress_design,all,assumption__radius_mixed__noise_correlated__scale_300,broad_or_stress_assumption,correlated,local_cover,current,1,0,0,0.0,-82.93255399999907,,,1,-82.93255399999907,-82.93255399999907,0.0,-82.93255399999907,0.7415233974295921,pointwise paired bootstrap; exploratory and not multiplicity-adjusted,very small stratum,,
stress,4,stress_design,development,assumption__radius_mixed__noise_correlated__scale_300,broad_or_stress_assumption,all,combined_cover,current,1,0,0,0.0,-3159.9372319999993,,,1,-3159.9372319999993,-3159.9372319999993,0.0,-3159.9372319999993,28.253891613381725,pointwise paired bootstrap; exploratory and not multiplicity-adjusted,very small stratum,,
stress,4,stress_design,development,assumption__radius_mixed__noise_correlated__scale_300,broad_or_stress_assumption,all,coverage,current,1,0,0,0.0,-3093.012365999999,,,1,-3093.012365999999,-3093.012365999999,0.0,-3093.012365999999,27.65549747724019,pointwise paired bootstrap; exploratory and not multiplicity-adjusted,very small stratum,,
stress,4,stress_design,development,assumption__radius_mixed__noise_correlated__scale_300,broad_or_stress_assumption,all,local_cover,current,1,0,0,0.0,-82.93255399999907,,,1,-82.93255399999907,-82.93255399999907,0.0,-82.93255399999907,0.7415233974295921,pointwise paired bootstrap; exploratory and not multiplicity-adjusted,very small stratum,,
stress,4,stress_design,development,assumption__radius_mixed__noise_correlated__scale_300,broad_or_stress_assumption,correlated,combined_cover,current,1,0,0,0.0,-3159.9372319999993,,,1,-3159.9372319999993,-3159.9372319999993,0.0,-3159.9372319999993,28.253891613381725,pointwise paired bootstrap; exploratory and not multiplicity-adjusted,very small stratum,,
stress,4,stress_design,development,assumption__radius_mixed__noise_correlated__scale_300,broad_or_stress_assumption,correlated,coverage,current,1,0,0,0.0,-3093.012365999999,,,1,-3093.012365999999,-3093.012365999999,0.0,-3093.012365999999,27.65549747724019,pointwise paired bootstrap; exploratory and not multiplicity-adjusted,very small stratum,,
stress,4,stress_design,development,assumption__radius_mixed__noise_correlated__scale_300,broad_or_stress_assumption,correlated,local_cover,current,1,0,0,0.0,-82.93255399999907,,,1,-82.93255399999907,-82.93255399999907,0.0,-82.93255399999907,0.7415233974295921,pointwise paired bootstrap; exploratory and not multiplicity-adjusted,very small stratum,,
stress,4,stress_design,all,assumption__radius_mixed__noise_correlated__scale_75,broad_or_stress_assumption,all,combined_cover,current,2,0,0,0.0,-1288.7471405000006,-1785.8150530000003,-791.6792280000009,2,-1288.7471405000006,-1288.7471405000006,0.0,-791.6792280000009,11.980810925941796,pointwise paired bootstrap; exploratory and not multiplicity-adjusted,very small stratum,-1785.8150530000003,-791.6792280000009
stress,4,stress_design,all,assumption__radius_mixed__noise_correlated__scale_75,broad_or_stress_assumption,all,coverage,current,2,0,0,0.0,-1606.4129725000003,-2081.4217050000007,-1131.4042399999998,2,-1606.4129725000003,-1606.4129725000003,0.0,-1131.4042399999998,15.065692794544052,pointwise paired bootstrap; exploratory and not multiplicity-adjusted,very small stratum,-2081.4217050000007,-1131.4042399999998
stress,4,stress_design,all,assumption__radius_mixed__noise_correlated__scale_75,broad_or_stress_assumption,all,local_cover,current,2,0,0,0.0,101.92700499999955,-318.2150780000011,522.0690880000002,2,101.92700499999955,101.92700499999955,0.5,522.0690880000002,-1.3661052510353708,pointwise paired bootstrap; exploratory and not multiplicity-adjusted,very small stratum,-318.2150780000011,522.0690880000002
stress,4,stress_design,all,assumption__radius_mixed__noise_correlated__scale_75,broad_or_stress_assumption,correlated,combined_cover,current,2,0,0,0.0,-1288.7471405000006,-1785.8150530000003,-791.6792280000009,2,-1288.7471405000006,-1288.7471405000006,0.0,-791.6792280000009,11.980810925941796,pointwise paired bootstrap; exploratory and not multiplicity-adjusted,very small stratum,-1785.8150530000003,-791.6792280000009
stress,4,stress_design,all,assumption__radius_mixed__noise_correlated__scale_75,broad_or_stress_assumption,correlated,coverage,current,2,0,0,0.0,-1606.4129725000003,-2081.4217050000007,-1131.4042399999998,2,-1606.4129725000003,-1606.4129725000003,0.0,-1131.4042399999998,15.065692794544052,pointwise paired bootstrap; exploratory and not multiplicity-adjusted,very small stratum,-2081.4217050000007,-1131.4042399999998
stress,4,stress_design,all,assumption__radius_mixed__noise_correlated__scale_75,broad_or_stress_assumption,correlated,local_cover,current,2,0,0,0.0,101.92700499999955,-318.2150780000011,522.0690880000002,2,101.92700499999955,101.92700499999955,0.5,522.0690880000002,-1.3661052510353708,pointwise paired bootstrap; exploratory and not multiplicity-adjusted,very small stratum,-318.2150780000011,522.0690880000002
stress,4,stress_design,development,assumption__radius_mixed__noise_correlated__scale_75,broad_or_stress_assumption,all,combined_cover,current,2,0,0,0.0,-1288.7471405000006,-1785.8150530000003,-791.6792280000009,2,-1288.7471405000006,-1288.7471405000006,0.0,-791.6792280000009,11.980810925941796,pointwise paired bootstrap; exploratory and not multiplicity-adjusted,very small stratum,-1785.8150530000003,-791.6792280000009
stress,4,stress_design,development,assumption__radius_mixed__noise_correlated__scale_75,broad_or_stress_assumption,all,coverage,current,2,0,0,0.0,-1606.4129725000003,-2081.4217050000007,-1131.4042399999998,2,-1606.4129725000003,-1606.4129725000003,0.0,-1131.4042399999998,15.065692794544052,pointwise paired bootstrap; exploratory and not multiplicity-adjusted,very small stratum,-2081.4217050000007,-1131.4042399999998
stress,4,stress_design,development,assumption__radius_mixed__noise_correlated__scale_75,broad_or_stress_assumption,all,local_cover,current,2,0,0,0.0,101.92700499999955,-318.2150780000011,522.0690880000002,2,101.92700499999955,101.92700499999955,0.5,522.0690880000002,-1.3661052510353708,pointwise paired bootstrap; exploratory and not multiplicity-adjusted,very small stratum,-318.2150780000011,522.0690880000002
stress,4,stress_design,development,assumption__radius_mixed__noise_correlated__scale_75,broad_or_stress_assumption,correlated,combined_cover,current,2,0,0,0.0,-1288.7471405000006,-1785.8150530000003,-791.6792280000009,2,-1288.7471405000006,-1288.7471405000006,0.0,-791.6792280000009,11.980810925941796,pointwise paired bootstrap; exploratory and not multiplicity-adjusted,very small stratum,-1785.8150530000003,-791.6792280000009
stress,4,stress_design,development,assumption__radius_mixed__noise_correlated__scale_75,broad_or_stress_assumption,correlated,coverage,current,2,0,0,0.0,-1606.4129725000003,-2081.4217050000007,-1131.4042399999998,2,-1606.4129725000003,-1606.4129725000003,0.0,-1131.4042399999998,15.065692794544052,pointwise paired bootstrap; exploratory and not multiplicity-adjusted,very small stratum,-2081.4217050000007,-1131.4042399999998
stress,4,stress_design,development,assumption__radius_mixed__noise_correlated__scale_75,broad_or_stress_assumption,correlated,local_cover,current,2,0,0,0.0,101.92700499999955,-318.2150780000011,522.0690880000002,2,101.92700499999955,101.92700499999955,0.5,522.0690880000002,-1.3661052510353708,pointwise paired bootstrap; exploratory and not multiplicity-adjusted,very small stratum,-318.2150780000011,522.0690880000002
stress,4,stress_design,all,assumption__radius_mixed__noise_deterministic__scale_150,broad_or_stress_assumption,all,combined_cover,current,1,0,0,0.0,-1913.1891699999996,,,1,-1913.1891699999996,-1913.1891699999996,0.0,-1913.1891699999996,17.70588405033537,pointwise paired bootstrap; exploratory and not multiplicity-adjusted,very small stratum,,
stress,4,stress_design,all,assumption__radius_mixed__noise_deterministic__scale_150,broad_or_stress_assumption,all,coverage,current,1,0,0,0.0,-1820.3265269999993,,,1,-1820.3265269999993,-1820.3265269999993,0.0,-1820.3265269999993,16.846473378694522,pointwise paired bootstrap; exploratory and not multiplicity-adjusted,very small stratum,,
stress,4,stress_design,all,assumption__radius_mixed__noise_deterministic__scale_150,broad_or_stress_assumption,all,local_cover,current,1,0,0,0.0,-73.20011599999998,,,1,-73.20011599999998,-73.20011599999998,0.0,-73.20011599999998,0.6774409905148578,pointwise paired bootstrap; exploratory and not multiplicity-adjusted,very small stratum,,
stress,4,stress_design,all,assumption__radius_mixed__noise_deterministic__scale_150,broad_or_stress_assumption,deterministic,combined_cover,current,1,0,0,0.0,-1913.1891699999996,,,1,-1913.1891699999996,-1913.1891699999996,0.0,-1913.1891699999996,17.70588405033537,pointwise paired bootstrap; exploratory and not multiplicity-adjusted,very small stratum,,
stress,4,stress_design,all,assumption__radius_mixed__noise_deterministic__scale_150,broad_or_stress_assumption,deterministic,coverage,current,1,0,0,0.0,-1820.3265269999993,,,1,-1820.3265269999993,-1820.3265269999993,0.0,-1820.3265269999993,16.846473378694522,pointwise paired bootstrap; exploratory and not multiplicity-adjusted,very small stratum,,
stress,4,stress_design,all,assumption__radius_mixed__noise_deterministic__scale_150,broad_or_stress_assumption,deterministic,local_cover,current,1,0,0,0.0,-73.20011599999998,,,1,-73.20011599999998,-73.20011599999998,0.0,-73.20011599999998,0.6774409905148578,pointwise paired bootstrap; exploratory and not multiplicity-adjusted,very small stratum,,
stress,4,stress_design,development,assumption__radius_mixed__noise_deterministic__scale_150,broad_or_stress_assumption,all,combined_cover,current,1,0,0,0.0,-1913.1891699999996,,,1,-1913.1891699999996,-1913.1891699999996,0.0,-1913.1891699999996,17.70588405033537,pointwise paired bootstrap; exploratory and not multiplicity-adjusted,very small stratum,,
stress,4,stress_design,development,assumption__radius_mixed__noise_deterministic__scale_150,broad_or_stress_assumption,all,coverage,current,1,0,0,0.0,-1820.3265269999993,,,1,-1820.3265269999993,-1820.3265269999993,0.0,-1820.3265269999993,16.846473378694522,pointwise paired bootstrap; exploratory and not multiplicity-adjusted,very small stratum,,
stress,4,stress_design,development,assumption__radius_mixed__noise_deterministic__scale_150,broad_or_stress_assumption,all,local_cover,current,1,0,0,0.0,-73.20011599999998,,,1,-73.20011599999998,-73.20011599999998,0.0,-73.20011599999998,0.6774409905148578,pointwise paired bootstrap; exploratory and not multiplicity-adjusted,very small stratum,,
stress,4,stress_design,development,assumption__radius_mixed__noise_deterministic__scale_150,broad_or_stress_assumption,deterministic,combined_cover,current,1,0,0,0.0,-1913.1891699999996,,,1,-1913.1891699999996,-1913.1891699999996,0.0,-1913.1891699999996,17.70588405033537,pointwise paired bootstrap; exploratory and not multiplicity-adjusted,very small stratum,,
stress,4,stress_design,development,assumption__radius_mixed__noise_deterministic__scale_150,broad_or_stress_assumption,deterministic,coverage,current,1,0,0,0.0,-1820.3265269999993,,,1,-1820.3265269999993,-1820.3265269999993,0.0,-1820.3265269999993,16.846473378694522,pointwise paired bootstrap; exploratory and not multiplicity-adjusted,very small stratum,,
stress,4,stress_design,development,assumption__radius_mixed__noise_deterministic__scale_150,broad_or_stress_assumption,deterministic,local_cover,current,1,0,0,0.0,-73.20011599999998,,,1,-73.20011599999998,-73.20011599999998,0.0,-73.20011599999998,0.6774409905148578,pointwise paired bootstrap; exploratory and not multiplicity-adjusted,very small stratum,,
stress,4,stress_design,all,assumption__radius_mixed__noise_deterministic__scale_300,broad_or_stress_assumption,all,combined_cover,current,1,0,0,0.0,-2068.1259009999994,,,1,-2068.1259009999994,-2068.1259009999994,0.0,-2068.1259009999994,18.198929272150664,pointwise paired bootstrap; exploratory and not multiplicity-adjusted,very small stratum,,
stress,4,stress_design,all,assumption__radius_mixed__noise_deterministic__scale_300,broad_or_stress_assumption,all,coverage,current,1,0,0,0.0,-2061.2284999999993,,,1,-2061.2284999999993,-2061.2284999999993,0.0,-2061.2284999999993,18.138234073226858,pointwise paired bootstrap; exploratory and not multiplicity-adjusted,very small stratum,,
stress,4,stress_design,all,assumption__radius_mixed__noise_deterministic__scale_300,broad_or_stress_assumption,all,local_cover,current,1,0,0,0.0,-113.87847499999953,,,1,-113.87847499999953,-113.87847499999953,0.0,-113.87847499999953,1.0020987170767848,pointwise paired bootstrap; exploratory and not multiplicity-adjusted,very small stratum,,
stress,4,stress_design,all,assumption__radius_mixed__noise_deterministic__scale_300,broad_or_stress_assumption,deterministic,combined_cover,current,1,0,0,0.0,-2068.1259009999994,,,1,-2068.1259009999994,-2068.1259009999994,0.0,-2068.1259009999994,18.198929272150664,pointwise paired bootstrap; exploratory and not multiplicity-adjusted,very small stratum,,
stress,4,stress_design,all,assumption__radius_mixed__noise_deterministic__scale_300,broad_or_stress_assumption,deterministic,coverage,current,1,0,0,0.0,-2061.2284999999993,,,1,-2061.2284999999993,-2061.2284999999993,0.0,-2061.2284999999993,18.138234073226858,pointwise paired bootstrap; exploratory and not multiplicity-adjusted,very small stratum,,
stress,4,stress_design,all,assumption__radius_mixed__noise_deterministic__scale_300,broad_or_stress_assumption,deterministic,local_cover,current,1,0,0,0.0,-113.87847499999953,,,1,-113.87847499999953,-113.87847499999953,0.0,-113.87847499999953,1.0020987170767848,pointwise paired bootstrap; exploratory and not multiplicity-adjusted,very small stratum,,
stress,4,stress_design,development,assumption__radius_mixed__noise_deterministic__scale_300,broad_or_stress_assumption,all,combined_cover,current,1,0,0,0.0,-2068.1259009999994,,,1,-2068.1259009999994,-2068.1259009999994,0.0,-2068.1259009999994,18.198929272150664,pointwise paired bootstrap; exploratory and not multiplicity-adjusted,very small stratum,,
stress,4,stress_design,development,assumption__radius_mixed__noise_deterministic__scale_300,broad_or_stress_assumption,all,coverage,current,1,0,0,0.0,-2061.2284999999993,,,1,-2061.2284999999993,-2061.2284999999993,0.0,-2061.2284999999993,18.138234073226858,pointwise paired bootstrap; exploratory and not multiplicity-adjusted,very small stratum,,
stress,4,stress_design,development,assumption__radius_mixed__noise_deterministic__scale_300,broad_or_stress_assumption,all,local_cover,current,1,0,0,0.0,-113.87847499999953,,,1,-113.87847499999953,-113.87847499999953,0.0,-113.87847499999953,1.0020987170767848,pointwise paired bootstrap; exploratory and not multiplicity-adjusted,very small stratum,,
stress,4,stress_design,development,assumption__radius_mixed__noise_deterministic__scale_300,broad_or_stress_assumption,deterministic,combined_cover,current,1,0,0,0.0,-2068.1259009999994,,,1,-2068.1259009999994,-2068.1259009999994,0.0,-2068.1259009999994,18.198929272150664,pointwise paired bootstrap; exploratory and not multiplicity-adjusted,very small stratum,,
stress,4,stress_design,development,assumption__radius_mixed__noise_deterministic__scale_300,broad_or_stress_assumption,deterministic,coverage,current,1,0,0,0.0,-2061.2284999999993,,,1,-2061.2284999999993,-2061.2284999999993,0.0,-2061.2284999999993,18.138234073226858,pointwise paired bootstrap; exploratory and not multiplicity-adjusted,very small stratum,,
stress,4,stress_design,development,assumption__radius_mixed__noise_deterministic__scale_300,broad_or_stress_assumption,deterministic,local_cover,current,1,0,0,0.0,-113.87847499999953,,,1,-113.87847499999953,-113.87847499999953,0.0,-113.87847499999953,1.0020987170767848,pointwise paired bootstrap; exploratory and not multiplicity-adjusted,very small stratum,,
stress,4,stress_design,all,assumption__radius_mixed__noise_deterministic__scale_75,broad_or_stress_assumption,all,combined_cover,current,2,0,0,0.0,-1541.9475194999995,-2828.777963999999,-255.1170750000001,2,-1541.9475194999995,-1541.9475194999995,0.0,-255.1170750000001,13.677954492472,pointwise paired bootstrap; exploratory and not multiplicity-adjusted,very small stratum,-2828.777963999999,-255.1170750000001
stress,4,stress_design,all,assumption__radius_mixed__noise_deterministic__scale_75,broad_or_stress_assumption,all,coverage,current,2,0,0,0.0,-2058.3123245000006,-2845.2197450000003,-1271.404904000001,2,-2058.3123245000006,-2058.3123245000006,0.0,-1271.404904000001,18.55520043731162,pointwise paired bootstrap; exploratory and not multiplicity-adjusted,very small stratum,-2845.2197450000003,-1271.404904000001
stress,4,stress_design,all,assumption__radius_mixed__noise_deterministic__scale_75,broad_or_stress_assumption,all,local_cover,current,2,0,0,0.0,-6.797152500000266,-13.260684999999285,-0.3336200000012468,2,-6.797152500000266,-6.797152500000266,0.0,-0.3336200000012468,0.060042425227044886,pointwise paired bootstrap; exploratory and not multiplicity-adjusted,very small stratum,-13.260684999999285,-0.3336200000012468
stress,4,stress_design,all,assumption__radius_mixed__noise_deterministic__scale_75,broad_or_stress_assumption,deterministic,combined_cover,current,2,0,0,0.0,-1541.9475194999995,-2828.777963999999,-255.1170750000001,2,-1541.9475194999995,-1541.9475194999995,0.0,-255.1170750000001,13.677954492472,pointwise paired bootstrap; exploratory and not multiplicity-adjusted,very small stratum,-2828.777963999999,-255.1170750000001
stress,4,stress_design,all,assumption__radius_mixed__noise_deterministic__scale_75,broad_or_stress_assumption,deterministic,coverage,current,2,0,0,0.0,-2058.3123245000006,-2845.2197450000003,-1271.404904000001,2,-2058.3123245000006,-2058.3123245000006,0.0,-1271.404904000001,18.55520043731162,pointwise paired bootstrap; exploratory and not multiplicity-adjusted,very small stratum,-2845.2197450000003,-1271.404904000001
stress,4,stress_design,all,assumption__radius_mixed__noise_deterministic__scale_75,broad_or_stress_assumption,deterministic,local_cover,current,2,0,0,0.0,-6.797152500000266,-13.260684999999285,-0.3336200000012468,2,-6.797152500000266,-6.797152500000266,0.0,-0.3336200000012468,0.060042425227044886,pointwise paired bootstrap; exploratory and not multiplicity-adjusted,very small stratum,-13.260684999999285,-0.3336200000012468
stress,4,stress_design,development,assumption__radius_mixed__noise_deterministic__scale_75,broad_or_stress_assumption,all,combined_cover,current,2,0,0,0.0,-1541.9475194999995,-2828.777963999999,-255.1170750000001,2,-1541.9475194999995,-1541.9475194999995,0.0,-255.1170750000001,13.677954492472,pointwise paired bootstrap; exploratory and not multiplicity-adjusted,very small stratum,-2828.777963999999,-255.1170750000001
stress,4,stress_design,development,assumption__radius_mixed__noise_deterministic__scale_75,broad_or_stress_assumption,all,coverage,current,2,0,0,0.0,-2058.3123245000006,-2845.2197450000003,-1271.404904000001,2,-2058.3123245000006,-2058.3123245000006,0.0,-1271.404904000001,18.55520043731162,pointwise paired bootstrap; exploratory and not multiplicity-adjusted,very small stratum,-2845.2197450000003,-1271.404904000001
stress,4,stress_design,development,assumption__radius_mixed__noise_deterministic__scale_75,broad_or_stress_assumption,all,local_cover,current,2,0,0,0.0,-6.797152500000266,-13.260684999999285,-0.3336200000012468,2,-6.797152500000266,-6.797152500000266,0.0,-0.3336200000012468,0.060042425227044886,pointwise paired bootstrap; exploratory and not multiplicity-adjusted,very small stratum,-13.260684999999285,-0.3336200000012468
stress,4,stress_design,development,assumption__radius_mixed__noise_deterministic__scale_75,broad_or_stress_assumption,deterministic,combined_cover,current,2,0,0,0.0,-1541.9475194999995,-2828.777963999999,-255.1170750000001,2,-1541.9475194999995,-1541.9475194999995,0.0,-255.1170750000001,13.677954492472,pointwise paired bootstrap; exploratory and not multiplicity-adjusted,very small stratum,-2828.777963999999,-255.1170750000001
stress,4,stress_design,development,assumption__radius_mixed__noise_deterministic__scale_75,broad_or_stress_assumption,deterministic,coverage,current,2,0,0,0.0,-2058.3123245000006,-2845.2197450000003,-1271.404904000001,2,-2058.3123245000006,-2058.3123245000006,0.0,-1271.404904000001,18.55520043731162,pointwise paired bootstrap; exploratory and not multiplicity-adjusted,very small stratum,-2845.2197450000003,-1271.404904000001
stress,4,stress_design,development,assumption__radius_mixed__noise_deterministic__scale_75,broad_or_stress_assumption,deterministic,local_cover,current,2,0,0,0.0,-6.797152500000266,-13.260684999999285,-0.3336200000012468,2,-6.797152500000266,-6.797152500000266,0.0,-0.3336200000012468,0.060042425227044886,pointwise paired bootstrap; exploratory and not multiplicity-adjusted,very small stratum,-13.260684999999285,-0.3336200000012468
stress,4,stress_design,all,assumption__radius_mixed__noise_extreme__scale_150,broad_or_stress_assumption,all,combined_cover,current,1,0,0,0.0,-851.9979779999994,,,1,-851.9979779999994,-851.9979779999994,0.0,-851.9979779999994,8.382507802125211,pointwise paired bootstrap; exploratory and not multiplicity-adjusted,very small stratum,,
stress,4,stress_design,all,assumption__radius_mixed__noise_extreme__scale_150,broad_or_stress_assumption,all,coverage,current,1,0,0,0.0,-1300.7879109999994,,,1,-1300.7879109999994,-1300.7879109999994,0.0,-1300.7879109999994,12.797993768088096,pointwise paired bootstrap; exploratory and not multiplicity-adjusted,very small stratum,,
stress,4,stress_design,all,assumption__radius_mixed__noise_extreme__scale_150,broad_or_stress_assumption,all,local_cover,current,1,0,0,0.0,261.97550800000135,,,1,261.97550800000135,261.97550800000135,1.0,261.97550800000135,-2.5774846848001896,pointwise paired bootstrap; exploratory and not multiplicity-adjusted,very small stratum,,
stress,4,stress_design,all,assumption__radius_mixed__noise_extreme__scale_150,broad_or_stress_assumption,extreme,combined_cover,current,1,0,0,0.0,-851.9979779999994,,,1,-851.9979779999994,-851.9979779999994,0.0,-851.9979779999994,8.382507802125211,pointwise paired bootstrap; exploratory and not multiplicity-adjusted,very small stratum,,
stress,4,stress_design,all,assumption__radius_mixed__noise_extreme__scale_150,broad_or_stress_assumption,extreme,coverage,current,1,0,0,0.0,-1300.7879109999994,,,1,-1300.7879109999994,-1300.7879109999994,0.0,-1300.7879109999994,12.797993768088096,pointwise paired bootstrap; exploratory and not multiplicity-adjusted,very small stratum,,
stress,4,stress_design,all,assumption__radius_mixed__noise_extreme__scale_150,broad_or_stress_assumption,extreme,local_cover,current,1,0,0,0.0,261.97550800000135,,,1,261.97550800000135,261.97550800000135,1.0,261.97550800000135,-2.5774846848001896,pointwise paired bootstrap; exploratory and not multiplicity-adjusted,very small stratum,,
stress,4,stress_design,development,assumption__radius_mixed__noise_extreme__scale_150,broad_or_stress_assumption,all,combined_cover,current,1,0,0,0.0,-851.9979779999994,,,1,-851.9979779999994,-851.9979779999994,0.0,-851.9979779999994,8.382507802125211,pointwise paired bootstrap; exploratory and not multiplicity-adjusted,very small stratum,,
stress,4,stress_design,development,assumption__radius_mixed__noise_extreme__scale_150,broad_or_stress_assumption,all,coverage,current,1,0,0,0.0,-1300.7879109999994,,,1,-1300.7879109999994,-1300.7879109999994,0.0,-1300.7879109999994,12.797993768088096,pointwise paired bootstrap; exploratory and not multiplicity-adjusted,very small stratum,,
stress,4,stress_design,development,assumption__radius_mixed__noise_extreme__scale_150,broad_or_stress_assumption,all,local_cover,current,1,0,0,0.0,261.97550800000135,,,1,261.97550800000135,261.97550800000135,1.0,261.97550800000135,-2.5774846848001896,pointwise paired bootstrap; exploratory and not multiplicity-adjusted,very small stratum,,
stress,4,stress_design,development,assumption__radius_mixed__noise_extreme__scale_150,broad_or_stress_assumption,extreme,combined_cover,current,1,0,0,0.0,-851.9979779999994,,,1,-851.9979779999994,-851.9979779999994,0.0,-851.9979779999994,8.382507802125211,pointwise paired bootstrap; exploratory and not multiplicity-adjusted,very small stratum,,
stress,4,stress_design,development,assumption__radius_mixed__noise_extreme__scale_150,broad_or_stress_assumption,extreme,coverage,current,1,0,0,0.0,-1300.7879109999994,,,1,-1300.7879109999994,-1300.7879109999994,0.0,-1300.7879109999994,12.797993768088096,pointwise paired bootstrap; exploratory and not multiplicity-adjusted,very small stratum,,
stress,4,stress_design,development,assumption__radius_mixed__noise_extreme__scale_150,broad_or_stress_assumption,extreme,local_cover,current,1,0,0,0.0,261.97550800000135,,,1,261.97550800000135,261.97550800000135,1.0,261.97550800000135,-2.5774846848001896,pointwise paired bootstrap; exploratory and not multiplicity-adjusted,very small stratum,,
stress,4,stress_design,all,assumption__radius_mixed__noise_extreme__scale_300,broad_or_stress_assumption,all,combined_cover,current,1,0,0,0.0,-875.7629070000003,,,1,-875.7629070000003,-875.7629070000003,0.0,-875.7629070000003,8.369982139058736,pointwise paired bootstrap; exploratory and not multiplicity-adjusted,very small stratum,,
stress,4,stress_design,all,assumption__radius_mixed__noise_extreme__scale_300,broad_or_stress_assumption,all,coverage,current,1,0,0,0.0,-347.15623400000004,,,1,-347.15623400000004,-347.15623400000004,0.0,-347.15623400000004,3.317897406726881,pointwise paired bootstrap; exploratory and not multiplicity-adjusted,very small stratum,,
stress,4,stress_design,all,assumption__radius_mixed__noise_extreme__scale_300,broad_or_stress_assumption,all,local_cover,current,1,0,0,0.0,10.783622999999352,,,1,10.783622999999352,10.783622999999352,1.0,10.783622999999352,-0.1030629765007135,pointwise paired bootstrap; exploratory and not multiplicity-adjusted,very small stratum,,
stress,4,stress_design,all,assumption__radius_mixed__noise_extreme__scale_300,broad_or_stress_assumption,extreme,combined_cover,current,1,0,0,0.0,-875.7629070000003,,,1,-875.7629070000003,-875.7629070000003,0.0,-875.7629070000003,8.369982139058736,pointwise paired bootstrap; exploratory and not multiplicity-adjusted,very small stratum,,
stress,4,stress_design,all,assumption__radius_mixed__noise_extreme__scale_300,broad_or_stress_assumption,extreme,coverage,current,1,0,0,0.0,-347.15623400000004,,,1,-347.15623400000004,-347.15623400000004,0.0,-347.15623400000004,3.317897406726881,pointwise paired bootstrap; exploratory and not multiplicity-adjusted,very small stratum,,
stress,4,stress_design,all,assumption__radius_mixed__noise_extreme__scale_300,broad_or_stress_assumption,extreme,local_cover,current,1,0,0,0.0,10.783622999999352,,,1,10.783622999999352,10.783622999999352,1.0,10.783622999999352,-0.1030629765007135,pointwise paired bootstrap; exploratory and not multiplicity-adjusted,very small stratum,,
stress,4,stress_design,development,assumption__radius_mixed__noise_extreme__scale_300,broad_or_stress_assumption,all,combined_cover,current,1,0,0,0.0,-875.7629070000003,,,1,-875.7629070000003,-875.7629070000003,0.0,-875.7629070000003,8.369982139058736,pointwise paired bootstrap; exploratory and not multiplicity-adjusted,very small stratum,,
stress,4,stress_design,development,assumption__radius_mixed__noise_extreme__scale_300,broad_or_stress_assumption,all,coverage,current,1,0,0,0.0,-347.15623400000004,,,1,-347.15623400000004,-347.15623400000004,0.0,-347.15623400000004,3.317897406726881,pointwise paired bootstrap; exploratory and not multiplicity-adjusted,very small stratum,,
stress,4,stress_design,development,assumption__radius_mixed__noise_extreme__scale_300,broad_or_stress_assumption,all,local_cover,current,1,0,0,0.0,10.783622999999352,,,1,10.783622999999352,10.783622999999352,1.0,10.783622999999352,-0.1030629765007135,pointwise paired bootstrap; exploratory and not multiplicity-adjusted,very small stratum,,
stress,4,stress_design,development,assumption__radius_mixed__noise_extreme__scale_300,broad_or_stress_assumption,extreme,combined_cover,current,1,0,0,0.0,-875.7629070000003,,,1,-875.7629070000003,-875.7629070000003,0.0,-875.7629070000003,8.369982139058736,pointwise paired bootstrap; exploratory and not multiplicity-adjusted,very small stratum,,
stress,4,stress_design,development,assumption__radius_mixed__noise_extreme__scale_300,broad_or_stress_assumption,extreme,coverage,current,1,0,0,0.0,-347.15623400000004,,,1,-347.15623400000004,-347.15623400000004,0.0,-347.15623400000004,3.317897406726881,pointwise paired bootstrap; exploratory and not multiplicity-adjusted,very small stratum,,
stress,4,stress_design,development,assumption__radius_mixed__noise_extreme__scale_300,broad_or_stress_assumption,extreme,local_cover,current,1,0,0,0.0,10.783622999999352,,,1,10.783622999999352,10.783622999999352,1.0,10.783622999999352,-0.1030629765007135,pointwise paired bootstrap; exploratory and not multiplicity-adjusted,very small stratum,,
stress,4,stress_design,all,assumption__radius_mixed__noise_extreme__scale_75,broad_or_stress_assumption,all,combined_cover,current,2,0,0,0.0,-2112.2560639999997,-2290.8955779999997,-1933.6165499999997,2,-2112.2560639999997,-2112.2560639999997,0.0,-1933.6165499999997,20.04749210683242,pointwise paired bootstrap; exploratory and not multiplicity-adjusted,very small stratum,-2290.8955779999997,-1933.6165499999997
stress,4,stress_design,all,assumption__radius_mixed__noise_extreme__scale_75,broad_or_stress_assumption,all,coverage,current,2,0,0,0.0,-2046.8174799999993,-2296.044770999999,-1797.5901889999996,2,-2046.8174799999993,-2046.8174799999993,0.0,-1797.5901889999996,19.388760247761077,pointwise paired bootstrap; exploratory and not multiplicity-adjusted,very small stratum,-2296.044770999999,-1797.5901889999996
stress,4,stress_design,all,assumption__radius_mixed__noise_extreme__scale_75,broad_or_stress_assumption,all,local_cover,current,2,0,0,0.0,-211.1468664999993,-735.8550109999996,313.56127800000104,2,-211.1468664999993,-211.1468664999993,0.5,313.56127800000104,1.7532994541952438,pointwise paired bootstrap; exploratory and not multiplicity-adjusted,very small stratum,-735.8550109999996,313.56127800000104
stress,4,stress_design,all,assumption__radius_mixed__noise_extreme__scale_75,broad_or_stress_assumption,extreme,combined_cover,current,2,0,0,0.0,-2112.2560639999997,-2290.8955779999997,-1933.6165499999997,2,-2112.2560639999997,-2112.2560639999997,0.0,-1933.6165499999997,20.04749210683242,pointwise paired bootstrap; exploratory and not multiplicity-adjusted,very small stratum,-2290.8955779999997,-1933.6165499999997
stress,4,stress_design,all,assumption__radius_mixed__noise_extreme__scale_75,broad_or_stress_assumption,extreme,coverage,current,2,0,0,0.0,-2046.8174799999993,-2296.044770999999,-1797.5901889999996,2,-2046.8174799999993,-2046.8174799999993,0.0,-1797.5901889999996,19.388760247761077,pointwise paired bootstrap; exploratory and not multiplicity-adjusted,very small stratum,-2296.044770999999,-1797.5901889999996
stress,4,stress_design,all,assumption__radius_mixed__noise_extreme__scale_75,broad_or_stress_assumption,extreme,local_cover,current,2,0,0,0.0,-211.1468664999993,-735.8550109999996,313.56127800000104,2,-211.1468664999993,-211.1468664999993,0.5,313.56127800000104,1.7532994541952438,pointwise paired bootstrap; exploratory and not multiplicity-adjusted,very small stratum,-735.8550109999996,313.56127800000104
stress,4,stress_design,development,assumption__radius_mixed__noise_extreme__scale_75,broad_or_stress_assumption,all,combined_cover,current,2,0,0,0.0,-2112.2560639999997,-2290.8955779999997,-1933.6165499999997,2,-2112.2560639999997,-2112.2560639999997,0.0,-1933.6165499999997,20.04749210683242,pointwise paired bootstrap; exploratory and not multiplicity-adjusted,very small stratum,-2290.8955779999997,-1933.6165499999997
stress,4,stress_design,development,assumption__radius_mixed__noise_extreme__scale_75,broad_or_stress_assumption,all,coverage,current,2,0,0,0.0,-2046.8174799999993,-2296.044770999999,-1797.5901889999996,2,-2046.8174799999993,-2046.8174799999993,0.0,-1797.5901889999996,19.388760247761077,pointwise paired bootstrap; exploratory and not multiplicity-adjusted,very small stratum,-2296.044770999999,-1797.5901889999996
stress,4,stress_design,development,assumption__radius_mixed__noise_extreme__scale_75,broad_or_stress_assumption,all,local_cover,current,2,0,0,0.0,-211.1468664999993,-735.8550109999996,313.56127800000104,2,-211.1468664999993,-211.1468664999993,0.5,313.56127800000104,1.7532994541952438,pointwise paired bootstrap; exploratory and not multiplicity-adjusted,very small stratum,-735.8550109999996,313.56127800000104
stress,4,stress_design,development,assumption__radius_mixed__noise_extreme__scale_75,broad_or_stress_assumption,extreme,combined_cover,current,2,0,0,0.0,-2112.2560639999997,-2290.8955779999997,-1933.6165499999997,2,-2112.2560639999997,-2112.2560639999997,0.0,-1933.6165499999997,20.04749210683242,pointwise paired bootstrap; exploratory and not multiplicity-adjusted,very small stratum,-2290.8955779999997,-1933.6165499999997
stress,4,stress_design,development,assumption__radius_mixed__noise_extreme__scale_75,broad_or_stress_assumption,extreme,coverage,current,2,0,0,0.0,-2046.8174799999993,-2296.044770999999,-1797.5901889999996,2,-2046.8174799999993,-2046.8174799999993,0.0,-1797.5901889999996,19.388760247761077,pointwise paired bootstrap; exploratory and not multiplicity-adjusted,very small stratum,-2296.044770999999,-1797.5901889999996
stress,4,stress_design,development,assumption__radius_mixed__noise_extreme__scale_75,broad_or_stress_assumption,extreme,local_cover,current,2,0,0,0.0,-211.1468664999993,-735.8550109999996,313.56127800000104,2,-211.1468664999993,-211.1468664999993,0.5,313.56127800000104,1.7532994541952438,pointwise paired bootstrap; exploratory and not multiplicity-adjusted,very small stratum,-735.8550109999996,313.56127800000104
