case_id,problem,pool,composition_model,mechanism_id,partition,variant,baseline_variant,baseline_complete,candidate_complete,total_actual_time_delta_s,movement_s_delta,measurement_s_delta,switch_s_delta,optical_s_delta,laser_s_delta,walk_distance_m_delta,measures_delta,clear_attempts_delta,failed_clear_attempts_delta,component_residual_s
stage3-round-broad-p3-0000-11dcbaa9d490a655,3,broad,broad_joint,assumption__radius_min__noise_deterministic__scale_75,development,immediate,joint,True,True,664.0424940000003,666.0424967714303,0,-11,9,0,3330.212483857151,0,3,3,-2.7714299903891515e-06
stage3-round-broad-p3-0000-11dcbaa9d490a655,3,broad,broad_joint,assumption__radius_min__noise_deterministic__scale_75,development,scan_then_clear,joint,True,True,382.79682800000046,385.79682849661094,0,0,-3,0,1928.9841424830556,0,-1,-1,-4.966104825143702e-07
stage3-round-broad-p3-0001-d0275d1ecb2d2ce7,3,broad,broad_joint,assumption__radius_min__noise_correlated__scale_75,development,immediate,joint,True,True,630.1465549999994,635.1465639994458,0,-17,12,0,3175.732819997229,0,4,4,-8.999446436064318e-06
stage3-round-broad-p3-0001-d0275d1ecb2d2ce7,3,broad,broad_joint,assumption__radius_min__noise_correlated__scale_75,development,scan_then_clear,joint,True,True,496.7843249999996,479.784327419261,0,-4,21,0,2398.9216370963077,0,7,7,-2.4192613636841998e-06
stage3-round-broad-p3-0003-e836d912777fee7d,3,broad,broad_joint,assumption__radius_max__noise_deterministic__scale_75,development,immediate,joint,True,True,2390.5522209999995,2342.552227583038,0,-18,66,0,11712.76113791519,0,22,22,-6.583038612006931e-06
stage3-round-broad-p3-0003-e836d912777fee7d,3,broad,broad_joint,assumption__radius_max__noise_deterministic__scale_75,development,scan_then_clear,joint,True,True,653.2967100000001,647.2967133735033,0,-6,12,0,3236.483566867515,0,4,4,-3.373503204784356e-06
stage3-round-broad-p3-0004-105a97f10a0ca770,3,broad,broad_joint,assumption__radius_max__noise_correlated__scale_75,development,immediate,joint,True,True,2861.6576560000003,2819.6576555226993,0,-21,63,0,14098.288277613497,0,21,21,4.773010005010292e-07
stage3-round-broad-p3-0004-105a97f10a0ca770,3,broad,broad_joint,assumption__radius_max__noise_correlated__scale_75,development,scan_then_clear,joint,True,True,860.2715109999999,884.2715115387336,0,-6,-18,0,4421.357557693667,0,-6,-6,-5.387337296269834e-07
stage3-round-broad-p3-0005-54f380fda6621168,3,broad,broad_joint,assumption__radius_max__noise_extreme__scale_75,development,immediate,joint,True,True,783.1701720000001,768.1701787004117,0,-12,27,0,3840.850893502058,0,9,9,-6.700411631754832e-06
stage3-round-broad-p3-0005-54f380fda6621168,3,broad,broad_joint,assumption__radius_max__noise_extreme__scale_75,development,scan_then_clear,joint,True,True,186.33407499999976,227.33407332648267,0,-2,-39,0,1136.6703666324138,0,-13,-13,1.6735170902393293e-06
stage3-round-broad-p3-0006-b1cebb9515c3d05a,3,broad,broad_joint,assumption__radius_mixed__noise_deterministic__scale_75,development,immediate,joint,True,True,2198.1781710000005,2207.1781749989323,-10,-20,21,0,11035.89087499466,-2,7,7,-3.9989317883737385e-06
stage3-round-broad-p3-0006-b1cebb9515c3d05a,3,broad,broad_joint,assumption__radius_mixed__noise_deterministic__scale_75,development,scan_then_clear,joint,True,True,719.09022,724.0902189997314,0,-2,-3,0,3620.451094998658,0,-1,-1,1.0002686394727789e-06
stage3-round-broad-p3-0007-c3f6910dc5d88f83,3,broad,broad_joint,assumption__radius_mixed__noise_correlated__scale_75,development,immediate,joint,True,True,2524.305004,2438.3050069295377,0,-13,99,0,12191.52503464769,0,33,33,-2.92953791358741e-06
stage3-round-broad-p3-0007-c3f6910dc5d88f83,3,broad,broad_joint,assumption__radius_mixed__noise_correlated__scale_75,development,scan_then_clear,joint,True,True,334.0359470000003,309.0359454820941,0,-2,27,0,1545.179727410472,0,9,9,1.5179061847447883e-06
stage3-round-broad-p3-0009-9c91f9b13de2f920,3,broad,broad_joint,assumption__radius_min__noise_deterministic__scale_150,development,immediate,joint,True,True,1901.176818,1920.1768223686577,0,-19,0,0,9600.88411184329,0,0,0,-4.368657755549066e-06
stage3-round-broad-p3-0009-9c91f9b13de2f920,3,broad,broad_joint,assumption__radius_min__noise_deterministic__scale_150,development,scan_then_clear,joint,True,True,1217.7734950000004,1255.773496650536,0,-5,-33,0,6278.867483252678,0,-11,-11,-1.65053552336758e-06
stage3-round-broad-p3-0010-6ca0ee61d2ebc779,3,broad,broad_joint,assumption__radius_min__noise_correlated__scale_150,development,immediate,joint,True,True,1767.2963909999999,1764.2963941692478,0,-18,21,0,8821.481970846238,0,7,7,-3.16924797516549e-06
stage3-round-broad-p3-0010-6ca0ee61d2ebc779,3,broad,broad_joint,assumption__radius_min__noise_correlated__scale_150,development,scan_then_clear,joint,True,True,801.2834970000004,810.2834966658911,0,-6,-3,0,4051.4174833294564,0,-1,-1,3.341092451591976e-07
stage3-round-broad-p3-0011-b6338a8ab9b79b3d,3,broad,broad_joint,assumption__radius_min__noise_extreme__scale_150,development,immediate,joint,True,True,2004.119968,2006.1199752053662,0,-17,15,0,10030.599876026834,0,5,5,-7.205366273410618e-06
stage3-round-broad-p3-0011-b6338a8ab9b79b3d,3,broad,broad_joint,assumption__radius_min__noise_extreme__scale_150,development,scan_then_clear,joint,True,True,933.0519679999998,944.0519710193385,0,-2,-9,0,4720.259855096694,0,-3,-3,-3.0193386919563636e-06
stage3-round-broad-p3-0012-95f12fe15532c5d6,3,broad,broad_joint,assumption__radius_max__noise_deterministic__scale_150,development,immediate,joint,True,True,2017.027537,1942.0275386756475,0,-12,87,0,9710.137693378238,0,29,29,-1.6756475815782323e-06
stage3-round-broad-p3-0012-95f12fe15532c5d6,3,broad,broad_joint,assumption__radius_max__noise_deterministic__scale_150,development,scan_then_clear,joint,True,True,820.52142,843.5214220593098,0,-2,-21,0,4217.607110296547,0,-7,-7,-2.059309736068826e-06
stage3-round-broad-p3-0015-b78f659144bd0cc8,3,broad,broad_joint,assumption__radius_mixed__noise_deterministic__scale_150,development,immediate,joint,True,True,2305.1135480000003,2270.113550649695,0,-16,51,0,11350.567753248473,0,17,17,-2.649694579304196e-06
stage3-round-broad-p3-0015-b78f659144bd0cc8,3,broad,broad_joint,assumption__radius_mixed__noise_deterministic__scale_150,development,scan_then_clear,joint,True,True,721.4699369999998,721.4699340537691,0,-3,3,0,3607.3496702688462,0,1,1,2.9462307793437503e-06
stage3-round-broad-p3-0016-682edc99dac37223,3,broad,broad_joint,assumption__radius_mixed__noise_correlated__scale_150,development,immediate,joint,True,True,2822.9737999999998,2819.9738046620128,0,-18,21,0,14099.869023310064,0,7,7,-4.662012997869169e-06
stage3-round-broad-p3-0016-682edc99dac37223,3,broad,broad_joint,assumption__radius_mixed__noise_correlated__scale_150,development,scan_then_clear,joint,True,True,613.6658239999997,647.6658223283116,0,-4,-30,0,3238.3291116415567,0,-10,-10,1.671688096394064e-06
stage3-round-broad-p3-0017-0ac4c1486cd45cce,3,broad,broad_joint,assumption__radius_mixed__noise_extreme__scale_150,development,immediate,joint,True,True,1756.4866010000005,1708.4866030664466,0,-15,63,0,8542.433015332233,0,21,21,-2.0664460862462875e-06
stage3-round-broad-p3-0017-0ac4c1486cd45cce,3,broad,broad_joint,assumption__radius_mixed__noise_extreme__scale_150,development,scan_then_clear,joint,True,True,555.0821620000006,513.0821595737038,0,-3,45,0,2565.4107978685206,0,15,15,2.4262967599497642e-06
stage3-round-broad-p3-0018-1a45d0d11ecea45a,3,broad,broad_joint,assumption__radius_min__noise_deterministic__scale_300,development,immediate,joint,True,True,2252.163861,2256.1638677658493,0,-19,15,0,11280.819338829246,0,5,5,-6.765849320800044e-06
stage3-round-broad-p3-0018-1a45d0d11ecea45a,3,broad,broad_joint,assumption__radius_min__noise_deterministic__scale_300,development,scan_then_clear,joint,True,True,634.8821820000003,629.8821809769597,0,-4,9,0,3149.4109048847968,0,3,3,1.0230405678157695e-06
stage3-round-broad-p3-0019-a41e9fb762e3d43f,3,broad,broad_joint,assumption__radius_min__noise_correlated__scale_300,development,immediate,joint,True,True,508.8393699999997,524.8393731652095,0,-13,-3,0,2624.1968658260485,0,-1,-1,-3.1652098186896183e-06
stage3-round-broad-p3-0019-a41e9fb762e3d43f,3,broad,broad_joint,assumption__radius_min__noise_correlated__scale_300,development,scan_then_clear,joint,True,True,501.62033299999985,516.6203343311263,0,-3,-12,0,2583.1016716556296,0,-4,-4,-1.3311264410731383e-06
stage3-round-broad-p3-0020-3566a359d460da43,3,broad,broad_joint,assumption__radius_min__noise_extreme__scale_300,development,immediate,joint,True,True,1421.2836429999998,1384.2836465180535,-5,-21,63,0,6921.418232590266,-1,21,21,-3.5180537452106364e-06
stage3-round-broad-p3-0020-3566a359d460da43,3,broad,broad_joint,assumption__radius_min__noise_extreme__scale_300,development,scan_then_clear,joint,True,True,-138.84116900000026,-107.84116883162005,0,-4,-27,0,-539.2058441580994,0,-9,-9,-1.6838021110743284e-07
stage3-round-broad-p3-0022-8fdd88eb07094d6e,3,broad,broad_joint,assumption__radius_max__noise_correlated__scale_300,development,immediate,joint,True,True,2973.5094450000006,2887.5094468799216,0,-19,105,0,14437.547234399608,0,35,35,-1.8799210010911338e-06
stage3-round-broad-p3-0022-8fdd88eb07094d6e,3,broad,broad_joint,assumption__radius_max__noise_correlated__scale_300,development,scan_then_clear,joint,True,True,983.7016050000002,1064.7016096970083,0,-6,-75,0,5323.5080484850405,0,-25,-25,-4.697008080256637e-06
stage3-round-broad-p3-0023-f4c2093f593214d3,3,broad,broad_joint,assumption__radius_max__noise_extreme__scale_300,development,immediate,joint,True,True,4468.087615,4361.087621418243,0,-19,126,0,21805.43810709121,0,42,42,-6.418242264771834e-06
stage3-round-broad-p3-0023-f4c2093f593214d3,3,broad,broad_joint,assumption__radius_max__noise_extreme__scale_300,development,scan_then_clear,joint,True,True,670.4876789999998,714.4876778156049,0,-5,-39,0,3572.4383890780264,0,-13,-13,1.1843949323520064e-06
stage3-round-broad-p3-0024-903f451e44e14480,3,broad,broad_joint,assumption__radius_mixed__noise_deterministic__scale_300,development,immediate,joint,True,True,2183.8082939999995,2178.808298015267,0,-16,21,0,10894.041490076335,0,7,7,-4.015267677459633e-06
stage3-round-broad-p3-0024-903f451e44e14480,3,broad,broad_joint,assumption__radius_mixed__noise_deterministic__scale_300,development,scan_then_clear,joint,True,True,604.9706829999996,644.9706838442762,0,-4,-36,0,3224.853419221381,0,-12,-12,-8.442766556981951e-07
stage3-round-broad-p3-0025-b87abde9e0431417,3,broad,broad_joint,assumption__radius_mixed__noise_correlated__scale_300,development,immediate,joint,True,True,2564.649424,2517.6494335562193,0,-19,66,0,12588.247167781094,0,22,22,-9.556219083606265e-06
stage3-round-broad-p3-0025-b87abde9e0431417,3,broad,broad_joint,assumption__radius_mixed__noise_correlated__scale_300,development,scan_then_clear,joint,True,True,445.3985480000001,515.398553430312,0,-4,-66,0,2576.992767151558,0,-22,-22,-5.430311830423307e-06
stage3-round-broad-p3-0026-fd946d8b8a928675,3,broad,broad_joint,assumption__radius_mixed__noise_extreme__scale_300,development,immediate,joint,True,True,1179.3781649999996,1177.3781677319653,0,-13,15,0,5886.890838659827,0,5,5,-2.7319656510371715e-06
stage3-round-broad-p3-0026-fd946d8b8a928675,3,broad,broad_joint,assumption__radius_mixed__noise_extreme__scale_300,development,scan_then_clear,joint,True,True,635.780096,650.7800972939317,0,-3,-12,0,3253.900486469658,0,-4,-4,-1.2939317457494326e-06
stage3-round-broad-p3-0027-a8732b3d83539433,3,broad,broad_joint,assumption__radius_min__noise_deterministic__scale_75,development,immediate,joint,True,True,1786.6654159999998,1792.6654188770926,0,-18,12,0,8963.327094385466,0,4,4,-2.877092811104376e-06
stage3-round-broad-p3-0027-a8732b3d83539433,3,broad,broad_joint,assumption__radius_min__noise_deterministic__scale_75,development,scan_then_clear,joint,True,True,668.968382,704.9683783420805,0,-3,-33,0,3524.8418917104027,0,-11,-11,3.6579194784280844e-06
stage3-round-broad-p3-0028-40753bf7d3dab007,3,broad,broad_joint,assumption__radius_min__noise_correlated__scale_75,development,immediate,joint,True,True,873.6862520000004,878.6862578576374,0,-14,9,0,4393.431289288186,0,3,3,-5.857637006556615e-06
stage3-round-broad-p3-0028-40753bf7d3dab007,3,broad,broad_joint,assumption__radius_min__noise_correlated__scale_75,development,scan_then_clear,joint,True,True,670.0595560000002,667.0595603932934,0,-3,6,0,3335.2978019664697,0,2,2,-4.393293238535989e-06
stage3-round-broad-p3-0029-fe04e197ed4c7238,3,broad,broad_joint,assumption__radius_min__noise_extreme__scale_75,development,immediate,joint,True,True,1023.6518999999998,1037.651900485349,0,-17,3,0,5188.259502426747,0,1,1,-4.853491191170178e-07
stage3-round-broad-p3-0029-fe04e197ed4c7238,3,broad,broad_joint,assumption__radius_min__noise_extreme__scale_75,development,scan_then_clear,joint,True,True,-63.20111700000052,-29.201119723830743,0,-4,-30,0,-146.00559861915463,0,-10,-10,2.7238302209298126e-06
stage3-round-broad-p3-0031-0981374abfd5e624,3,broad,broad_joint,assumption__radius_max__noise_correlated__scale_75,development,immediate,joint,True,True,4070.400830999999,3996.4008393245126,0,-16,90,0,19982.00419662256,0,30,30,-8.324513601110084e-06
stage3-round-broad-p3-0031-0981374abfd5e624,3,broad,broad_joint,assumption__radius_max__noise_correlated__scale_75,development,scan_then_clear,joint,True,True,567.6127589999996,601.6127599224187,0,-4,-30,0,3008.063799612093,0,-10,-10,-9.224190762324724e-07
stage3-round-broad-p3-0032-f19126acac2b54c6,3,broad,broad_joint,assumption__radius_max__noise_extreme__scale_75,development,immediate,joint,True,True,3204.5590809999994,3209.559086931421,0,-20,15,0,16047.795434657106,0,5,5,-5.931421583227348e-06
stage3-round-broad-p3-0032-f19126acac2b54c6,3,broad,broad_joint,assumption__radius_max__noise_extreme__scale_75,development,scan_then_clear,joint,True,True,191.29811299999983,241.29811468740263,0,-5,-45,0,1206.490573437015,0,-15,-15,-1.6874028005986474e-06
stage3-round-broad-p3-0033-91cfb379cdf8e03d,3,broad,broad_joint,assumption__radius_mixed__noise_deterministic__scale_75,development,immediate,joint,True,True,1583.5158700000002,1568.515873627391,0,-15,30,0,7842.579368136954,0,10,10,-3.6273909245210234e-06
stage3-round-broad-p3-0033-91cfb379cdf8e03d,3,broad,broad_joint,assumption__radius_mixed__noise_deterministic__scale_75,development,scan_then_clear,joint,True,True,584.5318200000002,586.5318225160004,0,-5,3,0,2932.6591125800005,0,1,1,-2.516000222385628e-06
stage3-round-broad-p3-0034-dba605902c2c1a6b,3,broad,broad_joint,assumption__radius_mixed__noise_correlated__scale_75,development,immediate,joint,True,True,2043.9807359999995,2055.980742070763,-20,-25,33,0,10279.903710353818,-4,11,11,-6.070763447496574e-06
stage3-round-broad-p3-0034-dba605902c2c1a6b,3,broad,broad_joint,assumption__radius_mixed__noise_correlated__scale_75,development,scan_then_clear,joint,True,True,774.5685899999999,824.5685925541866,0,-5,-45,0,4122.842962770934,0,-15,-15,-2.554186721681617e-06
stage3-round-broad-p3-0035-929869c2e0d1de6c,3,broad,broad_joint,assumption__radius_mixed__noise_extreme__scale_75,development,immediate,joint,True,True,2210.2503260000003,2200.250332148479,0,-14,24,0,11001.251660742397,0,8,8,-6.148478860268369e-06
stage3-round-broad-p3-0035-929869c2e0d1de6c,3,broad,broad_joint,assumption__radius_mixed__noise_extreme__scale_75,development,scan_then_clear,joint,True,True,742.5472570000002,742.5472611551595,0,-3,3,0,3712.7363057757975,0,1,1,-4.1551593312760815e-06
stage3-round-broad-p3-0036-2e5ad1cb93f8be44,3,broad,broad_joint,assumption__radius_min__noise_deterministic__scale_150,development,immediate,joint,True,True,811.9973520000003,827.9973557825178,0,-16,0,0,4139.986778912593,0,0,0,-3.7825175240868703e-06
stage3-round-broad-p3-0036-2e5ad1cb93f8be44,3,broad,broad_joint,assumption__radius_min__noise_deterministic__scale_150,development,scan_then_clear,joint,True,True,-238.01788599999963,-223.01788632085982,0,-3,-12,0,-1115.0894316042977,0,-4,-4,3.2086018109112047e-07
stage3-round-broad-p3-0037-e573ff1d2b9af958,3,broad,broad_joint,assumption__radius_min__noise_correlated__scale_150,development,immediate,joint,True,True,1126.342716,1132.342718096712,0,-18,12,0,5661.7135904835595,0,4,4,-2.096711796184536e-06
stage3-round-broad-p3-0037-e573ff1d2b9af958,3,broad,broad_joint,assumption__radius_min__noise_correlated__scale_150,development,scan_then_clear,joint,True,True,603.8663749999996,637.8663741888213,0,-4,-30,0,3189.3318709441046,0,-10,-10,8.111783245112747e-07
stage3-round-broad-p3-0038-cdcff086c2827c54,3,broad,broad_joint,assumption__radius_min__noise_extreme__scale_150,development,immediate,joint,True,True,1456.9084149999999,1460.90841952335,0,-16,12,0,7304.542097616748,0,4,4,-4.523350071394816e-06
stage3-round-broad-p3-0038-cdcff086c2827c54,3,broad,broad_joint,assumption__radius_min__noise_extreme__scale_150,development,scan_then_clear,joint,True,True,586.7686160000003,605.7686186356582,0,-4,-15,0,3028.8430931782896,0,-5,-5,-2.6356578928243835e-06
stage3-round-broad-p3-0039-eeefe0b0bbbc06bc,3,broad,broad_joint,assumption__radius_max__noise_deterministic__scale_150,development,immediate,joint,True,True,3894.599830000001,3816.5998314071094,0,-18,96,0,19082.99915703555,0,32,32,-1.407108356943354e-06
stage3-round-broad-p3-0039-eeefe0b0bbbc06bc,3,broad,broad_joint,assumption__radius_max__noise_deterministic__scale_150,development,scan_then_clear,joint,True,True,723.8816900000002,747.8816928809383,0,-3,-21,0,3739.4084644046925,0,-7,-7,-2.880938154703472e-06
stage3-round-broad-p3-0040-9e113832b75d2bf3,3,broad,broad_joint,assumption__radius_max__noise_correlated__scale_150,development,immediate,joint,True,True,1261.425076,1248.425079145226,0,-11,24,0,6242.125395726129,0,8,8,-3.1452259463549126e-06
stage3-round-broad-p3-0040-9e113832b75d2bf3,3,broad,broad_joint,assumption__radius_max__noise_correlated__scale_150,development,scan_then_clear,joint,True,True,857.6254949999998,903.6254952552213,0,-1,-45,0,4518.127476276106,0,-15,-15,-2.5522149371681735e-07
stage3-round-broad-p3-0041-4b66f980fc1c7372,3,broad,broad_joint,assumption__radius_max__noise_extreme__scale_150,development,immediate,joint,True,True,2435.408281,2466.4082842107355,-25,-24,18,0,12332.041421053676,-5,6,6,-3.210735485481564e-06
stage3-round-broad-p3-0041-4b66f980fc1c7372,3,broad,broad_joint,assumption__radius_max__noise_extreme__scale_150,development,scan_then_clear,joint,True,True,499.702139,602.7021363476706,0,-4,-99,0,3013.510681738353,0,-33,-33,2.652329385455232e-06
stage3-round-broad-p3-0042-4d34ab5aaa135a01,3,broad,broad_joint,assumption__radius_mixed__noise_deterministic__scale_150,development,immediate,joint,True,True,2051.5196539999997,2069.519657865776,0,-15,-3,0,10347.598289328882,0,-1,-1,-3.865776307065971e-06
stage3-round-broad-p3-0042-4d34ab5aaa135a01,3,broad,broad_joint,assumption__radius_mixed__noise_deterministic__scale_150,development,scan_then_clear,joint,True,True,884.1435009999996,897.143502029201,0,-4,-9,0,4485.717510146005,0,-3,-3,-1.0292014849255793e-06
stage3-round-broad-p3-0043-fa18dd5fe55f2968,3,broad,broad_joint,assumption__radius_mixed__noise_correlated__scale_150,development,immediate,joint,True,True,2816.671311,2793.6713161021676,0,-19,42,0,13968.356580510837,0,14,14,-5.102167506265687e-06
stage3-round-broad-p3-0043-fa18dd5fe55f2968,3,broad,broad_joint,assumption__radius_mixed__noise_correlated__scale_150,development,scan_then_clear,joint,True,True,949.6105240000006,1000.6105270693065,0,-6,-45,0,5003.052635346532,0,-15,-15,-3.0693058761244174e-06
stage3-round-broad-p3-0044-162e7f6ea35dc171,3,broad,broad_joint,assumption__radius_mixed__noise_extreme__scale_150,development,immediate,joint,True,True,1970.1385889999992,1963.1385916484915,0,-17,24,0,9815.692958242456,0,8,8,-2.648492227308452e-06
stage3-round-broad-p3-0044-162e7f6ea35dc171,3,broad,broad_joint,assumption__radius_mixed__noise_extreme__scale_150,development,scan_then_clear,joint,True,True,460.3441809999995,493.3441775868678,0,-3,-30,0,2466.720887934338,0,-10,-10,3.413131707930006e-06
stage3-round-broad-p3-0045-bb6b9e40df613752,3,broad,broad_joint,assumption__radius_min__noise_deterministic__scale_300,development,immediate,joint,True,True,764.1290480000007,789.1290515036362,0,-16,-9,0,3945.6452575181793,0,-3,-3,-3.50363552570343e-06
stage3-round-broad-p3-0045-bb6b9e40df613752,3,broad,broad_joint,assumption__radius_min__noise_deterministic__scale_300,development,scan_then_clear,joint,True,True,586.6569230000005,584.6569237363065,0,-4,6,0,2923.2846186815295,0,2,2,-7.363059921772219e-07
stage3-round-broad-p3-0046-40a88dc85efcbb98,3,broad,broad_joint,assumption__radius_min__noise_correlated__scale_300,development,immediate,joint,True,True,2071.0140650000003,2031.0140703596953,0,-20,60,0,10155.070351798477,0,20,20,-5.3596950237988494e-06
stage3-round-broad-p3-0046-40a88dc85efcbb98,3,broad,broad_joint,assumption__radius_min__noise_correlated__scale_300,development,scan_then_clear,joint,True,True,854.9316900000003,838.9316915197032,0,-5,21,0,4194.658457598518,0,7,7,-1.5197028915281408e-06
stage3-round-broad-p3-0047-3a8967fc301b1ec3,3,broad,broad_joint,assumption__radius_min__noise_extreme__scale_300,development,immediate,joint,True,True,828.4416340000007,800.4416353669458,0,-14,42,0,4002.2081768347307,0,14,14,-1.3669450709130615e-06
stage3-round-broad-p3-0047-3a8967fc301b1ec3,3,broad,broad_joint,assumption__radius_min__noise_extreme__scale_300,development,scan_then_clear,joint,True,True,-6.8557819999996354,-17.855783310629704,0,-4,15,0,-89.2789165531467,0,5,5,1.3106300684739836e-06
stage3-round-broad-p3-0048-5bb00aa53c201958,3,broad,broad_joint,assumption__radius_max__noise_deterministic__scale_300,development,immediate,joint,True,True,4318.631835,4224.63184343136,-35,-27,156,0,21123.159217156797,-7,52,52,-8.431359674432315e-06
stage3-round-broad-p3-0048-5bb00aa53c201958,3,broad,broad_joint,assumption__radius_max__noise_deterministic__scale_300,development,scan_then_clear,joint,True,True,655.5622830000002,696.5622867133852,0,-5,-36,0,3482.811433566927,0,-12,-12,-3.7133850128157064e-06
stage3-round-broad-p3-0051-9b15d123e4f6af29,3,broad,broad_joint,assumption__radius_mixed__noise_deterministic__scale_300,development,immediate,joint,True,True,3115.093801,3058.093803833155,0,-18,75,0,15290.469019165776,0,25,25,-2.8331551220617257e-06
stage3-round-broad-p3-0051-9b15d123e4f6af29,3,broad,broad_joint,assumption__radius_mixed__noise_deterministic__scale_300,development,scan_then_clear,joint,True,True,1156.6696970000003,1160.6696980375555,0,-4,0,0,5803.348490187778,0,0,0,-1.0375551937613636e-06
stage3-round-broad-p3-0053-e5657ccaf4327b3f,3,broad,broad_joint,assumption__radius_mixed__noise_extreme__scale_300,development,immediate,joint,True,True,1743.0528519999998,1735.052855303241,0,-19,27,0,8675.264276516202,0,9,9,-3.3032411010935903e-06
stage3-round-broad-p3-0053-e5657ccaf4327b3f,3,broad,broad_joint,assumption__radius_mixed__noise_extreme__scale_300,development,scan_then_clear,joint,True,True,-197.4032160000006,-160.40321590902568,0,-4,-33,0,-802.0160795451302,0,-11,-11,-9.097493602894247e-08
stage3-round-broad-p3-0054-9b971ef00a800929,3,broad,broad_joint,assumption__radius_min__noise_deterministic__scale_75,development,immediate,joint,True,True,1036.3630010000002,1046.363002728201,0,-13,3,0,5231.815013641008,0,1,1,-1.7282009139307775e-06
stage3-round-broad-p3-0054-9b971ef00a800929,3,broad,broad_joint,assumption__radius_min__noise_deterministic__scale_75,development,scan_then_clear,joint,True,True,906.9663869999999,894.9663865527732,0,-3,15,0,4474.831932763867,0,5,5,4.472267391975038e-07
stage3-round-broad-p3-0055-a9ded714fb066b4a,3,broad,broad_joint,assumption__radius_min__noise_correlated__scale_75,development,immediate,joint,True,True,2145.0014899999996,2150.0014920727804,-10,-22,27,0,10750.0074603639,-2,9,9,-2.072780716844136e-06
stage3-round-broad-p3-0055-a9ded714fb066b4a,3,broad,broad_joint,assumption__radius_min__noise_correlated__scale_75,development,scan_then_clear,joint,True,True,833.2601960000002,870.2601982854762,0,-4,-33,0,4351.3009914273825,0,-11,-11,-2.2854760572954547e-06
stage3-round-broad-p3-0056-57d59ccd7fd00831,3,broad,broad_joint,assumption__radius_min__noise_extreme__scale_75,development,immediate,joint,True,True,1605.5221069999998,1615.5221112288482,0,-16,6,0,8077.610556144242,0,2,2,-4.228848411003128e-06
stage3-round-broad-p3-0056-57d59ccd7fd00831,3,broad,broad_joint,assumption__radius_min__noise_extreme__scale_75,development,scan_then_clear,joint,True,True,435.82622900000024,476.82623116667855,0,-5,-36,0,2384.131155833391,0,-12,-12,-2.1666783140972257e-06
stage3-round-broad-p3-0057-9aa8ca0dc7940d8f,3,broad,broad_joint,assumption__radius_max__noise_deterministic__scale_75,development,immediate,joint,True,True,3133.8261330000005,3074.826136282597,0,-16,75,0,15374.130681412986,0,25,25,-3.2825964808580466e-06
stage3-round-broad-p3-0057-9aa8ca0dc7940d8f,3,broad,broad_joint,assumption__radius_max__noise_deterministic__scale_75,development,scan_then_clear,joint,True,True,786.8052070000003,777.8052056112747,0,-3,12,0,3889.0260280563743,0,4,4,1.3887256500311196e-06
stage3-round-broad-p3-0058-a16e517efa39a61e,3,broad,broad_joint,assumption__radius_max__noise_correlated__scale_75,development,immediate,joint,True,True,3543.953289,3456.953295548585,0,-18,105,0,17284.766477742927,0,35,35,-6.5485851337143686e-06
stage3-round-broad-p3-0058-a16e517efa39a61e,3,broad,broad_joint,assumption__radius_max__noise_correlated__scale_75,development,scan_then_clear,joint,True,True,666.887643,700.8876462811054,0,-4,-30,0,3504.438231405529,0,-10,-10,-3.28110536429449e-06
stage3-round-broad-p3-0059-a2fe429dd68a6514,3,broad,broad_joint,assumption__radius_max__noise_extreme__scale_75,development,immediate,joint,True,True,2898.544113,2894.5441164523136,0,-17,21,0,14472.720582261569,0,7,7,-3.4523136491770856e-06
stage3-round-broad-p3-0059-a2fe429dd68a6514,3,broad,broad_joint,assumption__radius_max__noise_extreme__scale_75,development,scan_then_clear,joint,True,True,619.219803,621.2198065203756,0,-5,3,0,3106.09903260188,0,1,1,-3.5203756851842627e-06
stage3-round-broad-p3-0060-3b567031afa8c93e,3,broad,broad_joint,assumption__radius_mixed__noise_deterministic__scale_75,development,immediate,joint,True,True,1665.326556,1676.3265611506604,0,-20,9,0,8381.6328057533,0,3,3,-5.150660399522167e-06
stage3-round-broad-p3-0060-3b567031afa8c93e,3,broad,broad_joint,assumption__radius_mixed__noise_deterministic__scale_75,development,scan_then_clear,joint,True,True,153.557143,149.55714033646018,0,-5,9,0,747.7857016823,0,3,3,2.6635398171492852e-06
stage3-round-broad-p3-0061-19e5df363007197f,3,broad,broad_joint,assumption__radius_mixed__noise_correlated__scale_75,development,immediate,joint,True,True,2076.5079,2064.507903681307,0,-15,27,0,10322.539518406535,0,9,9,-3.6813071346841753e-06
stage3-round-broad-p3-0061-19e5df363007197f,3,broad,broad_joint,assumption__radius_mixed__noise_correlated__scale_75,development,scan_then_clear,joint,True,True,633.5232739999997,671.5232752459292,0,-5,-33,0,3357.6163762296455,0,-11,-11,-1.2459295248845592e-06
stage3-round-broad-p3-0064-747adaefd14a7d74,3,broad,broad_joint,assumption__radius_min__noise_correlated__scale_150,development,immediate,joint,True,True,1385.8903840000003,1369.890387239736,0,-17,33,0,6849.451936198679,0,11,11,-3.2397356335422955e-06
stage3-round-broad-p3-0064-747adaefd14a7d74,3,broad,broad_joint,assumption__radius_min__noise_correlated__scale_150,development,scan_then_clear,joint,True,True,382.9947739999998,386.9947733574345,0,-4,0,0,1934.9738667871752,0,0,0,6.42565282760188e-07
stage3-round-broad-p3-0065-d59539446ca07df8,3,broad,broad_joint,assumption__radius_min__noise_extreme__scale_150,development,immediate,joint,True,True,1274.3464809999996,1297.3464795263835,0,-17,-6,0,6486.732397631917,0,-2,-2,1.4736160665052012e-06
stage3-round-broad-p3-0065-d59539446ca07df8,3,broad,broad_joint,assumption__radius_min__noise_extreme__scale_150,development,scan_then_clear,joint,True,True,494.57172999999966,524.5717278421535,0,-3,-27,0,2622.858639210768,0,-9,-9,2.1578462110483088e-06
stage3-round-broad-p3-0066-171c71b85aaab21b,3,broad,broad_joint,assumption__radius_max__noise_deterministic__scale_150,development,immediate,joint,True,True,1767.4869500000004,1775.486952636908,0,-14,6,0,8877.434763184538,0,2,2,-2.6369075385446195e-06
stage3-round-broad-p3-0066-171c71b85aaab21b,3,broad,broad_joint,assumption__radius_max__noise_deterministic__scale_150,development,scan_then_clear,joint,True,True,308.2398740000008,322.23987516488205,0,-2,-12,0,1611.1993758244098,0,-4,-4,-1.1648812687781174e-06
stage3-round-broad-p3-0067-8d0fe9b02fbac663,3,broad,broad_joint,assumption__radius_max__noise_correlated__scale_150,development,immediate,joint,True,True,3791.9646299999995,3700.964637463888,0,-20,111,0,18504.823187319438,0,37,37,-7.46388832340017e-06
stage3-round-broad-p3-0067-8d0fe9b02fbac663,3,broad,broad_joint,assumption__radius_max__noise_correlated__scale_150,development,scan_then_clear,joint,True,True,661.6761409999999,708.6761400015012,0,-5,-42,0,3543.3807000075067,0,-14,-14,9.984987627831288e-07
stage3-round-broad-p3-0068-017bfff60f9f1b0f,3,broad,broad_joint,assumption__radius_max__noise_extreme__scale_150,development,immediate,joint,True,True,2317.8135979999997,2365.8136033040837,0,-12,-36,0,11829.068016520421,0,-12,-12,-5.304083970258944e-06
stage3-round-broad-p3-0068-017bfff60f9f1b0f,3,broad,broad_joint,assumption__radius_max__noise_extreme__scale_150,development,scan_then_clear,joint,True,True,648.5065770000001,698.5065790159688,0,-2,-48,0,3492.532895079843,0,-16,-16,-2.015968675550539e-06
stage3-round-broad-p3-0069-1d5f37fa35d53489,3,broad,broad_joint,assumption__radius_mixed__noise_deterministic__scale_150,development,immediate,joint,True,True,1212.1638329999996,1260.1638359314593,-40,-29,21,0,6300.819179657297,-8,7,7,-2.931459675892256e-06
stage3-round-broad-p3-0069-1d5f37fa35d53489,3,broad,broad_joint,assumption__radius_mixed__noise_deterministic__scale_150,development,scan_then_clear,joint,True,True,82.13807699999961,157.1380800889965,0,-6,-69,0,785.6904004449825,0,-23,-23,-3.088996891165152e-06
stage3-round-broad-p3-0070-d361b74886863210,3,broad,broad_joint,assumption__radius_mixed__noise_correlated__scale_150,development,immediate,joint,True,True,2128.046134,2119.04613640138,0,-15,24,0,10595.230682006899,0,8,8,-2.401379788352642e-06
stage3-round-broad-p3-0070-d361b74886863210,3,broad,broad_joint,assumption__radius_mixed__noise_correlated__scale_150,development,scan_then_clear,joint,True,True,433.5715460000001,467.5715470653695,0,-4,-30,0,2337.8577353268483,0,-10,-10,-1.0653693607309833e-06
stage3-round-broad-p3-0072-dd2f86a818295ed5,3,broad,broad_joint,assumption__radius_min__noise_deterministic__scale_300,development,immediate,joint,True,True,2081.855834,2049.855840186641,0,-19,51,0,10249.279200933208,0,17,17,-6.186641257954761e-06
stage3-round-broad-p3-0072-dd2f86a818295ed5,3,broad,broad_joint,assumption__radius_min__noise_deterministic__scale_300,development,scan_then_clear,joint,True,True,160.44060199999967,195.4406038592606,0,-5,-30,0,977.203019296303,0,-10,-10,-1.85926091944566e-06
stage3-round-broad-p3-0073-8c6e795acf9e493f,3,broad,broad_joint,assumption__radius_min__noise_correlated__scale_300,development,immediate,joint,True,True,613.4539169999998,625.453921483971,0,-15,3,0,3127.269607419854,0,1,1,-4.483971224544803e-06
stage3-round-broad-p3-0073-8c6e795acf9e493f,3,broad,broad_joint,assumption__radius_min__noise_correlated__scale_300,development,scan_then_clear,joint,True,True,328.30702699999983,349.3070243399593,0,-3,-18,0,1746.5351216997951,0,-6,-6,2.660040536284214e-06
stage3-round-broad-p3-0076-18d1c6629e4134a2,3,broad,broad_joint,assumption__radius_max__noise_correlated__scale_300,development,immediate,joint,True,True,3183.483644,3066.4836475792554,0,-18,135,0,15332.41823789628,0,45,45,-3.5792554626823403e-06
stage3-round-broad-p3-0076-18d1c6629e4134a2,3,broad,broad_joint,assumption__radius_max__noise_correlated__scale_300,development,scan_then_clear,joint,True,True,879.6771470000003,912.6771435054197,0,-3,-30,0,4563.3857175271005,0,-10,-10,3.494580596452579e-06
stage3-round-broad-p3-0079-2f4bf4a1f9458a0e,3,broad,broad_joint,assumption__radius_mixed__noise_correlated__scale_300,development,immediate,joint,True,True,1454.462974,1432.4629757311586,0,-17,39,0,7162.31487865579,0,13,13,-1.731158590700943e-06
stage3-round-broad-p3-0079-2f4bf4a1f9458a0e,3,broad,broad_joint,assumption__radius_mixed__noise_correlated__scale_300,development,scan_then_clear,joint,True,True,500.4906350000001,491.4906330266758,0,-3,12,0,2457.453165133378,0,4,4,1.97332428797381e-06
stage3-round-broad-p4-0000-6277e7fdcfe52f6a,4,broad,broad_joint,assumption__radius_min__noise_deterministic__scale_75,development,immediate,joint,True,True,2063.226607999999,2054.226602771105,0,-18,27,0,10271.133013855528,0,9,9,5.228894224273972e-06
stage3-round-broad-p4-0000-6277e7fdcfe52f6a,4,broad,broad_joint,assumption__radius_min__noise_deterministic__scale_75,development,scan_then_clear,joint,True,True,404.10932800000046,485.1093286445812,0,-6,-75,0,2425.5466432229077,0,-25,-25,-6.445807230193168e-07
stage3-round-broad-p4-0001-49c7fd958dc12c57,4,broad,broad_joint,assumption__radius_min__noise_correlated__scale_75,development,immediate,joint,True,True,2152.9298849999996,2334.929882370934,0,-23,-159,0,11674.649411854669,0,-53,-53,2.6290654204785824e-06
stage3-round-broad-p4-0001-49c7fd958dc12c57,4,broad,broad_joint,assumption__radius_min__noise_correlated__scale_75,development,scan_then_clear,joint,True,True,1138.9216509999987,1183.921652162675,0,-9,-36,0,5919.608260813373,0,-12,-12,-1.162676198873669e-06
stage3-round-broad-p4-0002-4b4bb1ca74d390d4,4,broad,broad_joint,assumption__radius_min__noise_extreme__scale_75,development,immediate,joint,True,True,1582.073703,1717.0737004825096,0,-18,-117,0,8585.368502412552,0,-39,-39,2.517490429454483e-06
stage3-round-broad-p4-0002-4b4bb1ca74d390d4,4,broad,broad_joint,assumption__radius_min__noise_extreme__scale_75,development,scan_then_clear,joint,True,True,1087.5083910000012,943.5083884373671,0,-3,147,0,4717.5419421868355,0,49,49,2.562634108471684e-06
stage3-round-broad-p4-0003-46978f2b132a2182,4,broad,broad_joint,assumption__radius_max__noise_deterministic__scale_75,development,immediate,joint,True,True,2044.8403260000014,1979.8403232304045,0,-16,81,0,9899.201616152022,0,27,27,2.769596903817728e-06
stage3-round-broad-p4-0003-46978f2b132a2182,4,broad,broad_joint,assumption__radius_max__noise_deterministic__scale_75,development,scan_then_clear,joint,True,True,219.956599000001,227.95659680355857,0,-5,-3,0,1139.7829840177874,0,-1,-1,2.1964424377074465e-06
stage3-round-broad-p4-0005-a77bcedf6d76c558,4,broad,broad_joint,assumption__radius_max__noise_extreme__scale_75,development,immediate,joint,True,True,4663.076358,4410.076354786304,0,-20,273,0,22050.38177393152,0,91,91,3.213695890735835e-06
stage3-round-broad-p4-0005-a77bcedf6d76c558,4,broad,broad_joint,assumption__radius_max__noise_extreme__scale_75,development,scan_then_clear,joint,True,True,524.0532309999999,553.0532323251336,0,-5,-24,0,2765.2661616256664,0,-8,-8,-1.3251337804831564e-06
stage3-round-broad-p4-0006-751a218a472ee265,4,broad,broad_joint,assumption__radius_mixed__noise_deterministic__scale_75,development,immediate,joint,True,True,1487.8360069999999,1695.836009957744,0,-19,-189,0,8479.180049788723,0,-63,-63,-2.957744072773494e-06
stage3-round-broad-p4-0006-751a218a472ee265,4,broad,broad_joint,assumption__radius_mixed__noise_deterministic__scale_75,development,scan_then_clear,joint,True,True,1093.8181350000013,1007.8181368776768,0,-4,90,0,5039.090684388386,0,30,30,-1.8776754586724564e-06
stage3-round-broad-p4-0007-cb90690edb405e06,4,broad,broad_joint,assumption__radius_mixed__noise_correlated__scale_75,development,immediate,joint,True,True,2888.125435,2667.1254304298964,0,-22,243,0,13335.627152149485,0,81,81,4.570103556034155e-06
stage3-round-broad-p4-0007-cb90690edb405e06,4,broad,broad_joint,assumption__radius_mixed__noise_correlated__scale_75,development,scan_then_clear,joint,True,True,874.1612530000002,874.161251215748,0,-9,9,0,4370.806256078744,0,3,3,1.7842521629063413e-06
stage3-round-broad-p4-0010-d57b28c3ab2628d7,4,broad,broad_joint,assumption__radius_min__noise_correlated__scale_150,development,immediate,joint,True,True,1207.1679670000012,1138.1679640346447,0,-21,90,0,5690.839820173227,0,30,30,2.9653565434273332e-06
stage3-round-broad-p4-0010-d57b28c3ab2628d7,4,broad,broad_joint,assumption__radius_min__noise_correlated__scale_150,development,scan_then_clear,joint,True,True,737.6642169999996,685.6642160382362,0,-8,60,0,3428.3210801911773,0,20,20,9.617633622838184e-07
stage3-round-broad-p4-0012-daa6fcd0d3c825f0,4,broad,broad_joint,assumption__radius_max__noise_deterministic__scale_150,development,immediate,joint,True,True,2427.6051190000017,2420.6051198790847,0,-17,24,0,12103.025599395427,0,8,8,-8.790830179350451e-07
stage3-round-broad-p4-0012-daa6fcd0d3c825f0,4,broad,broad_joint,assumption__radius_max__noise_deterministic__scale_150,development,scan_then_clear,joint,True,True,713.6257370000003,881.6257382142103,0,-6,-162,0,4408.128691071055,0,-54,-54,-1.2142099876655266e-06
stage3-round-broad-p4-0013-901ee13983af4f41,4,broad,broad_joint,assumption__radius_max__noise_correlated__scale_150,development,immediate,joint,True,True,2544.5263719999984,2450.5263734186265,0,-20,114,0,12252.631867093136,0,38,38,-1.41862801683601e-06
stage3-round-broad-p4-0013-901ee13983af4f41,4,broad,broad_joint,assumption__radius_max__noise_correlated__scale_150,development,scan_then_clear,joint,True,True,506.19803499999944,550.1980349772675,0,-5,-39,0,2750.9901748863413,0,-13,-13,2.273191057611257e-08
stage3-round-broad-p4-0014-a1693778dd37b72e,4,broad,broad_joint,assumption__radius_max__noise_extreme__scale_150,development,immediate,joint,True,True,2656.573403999999,2564.5734043081848,0,-19,111,0,12822.867021540922,0,37,37,-3.081859176745638e-07
stage3-round-broad-p4-0014-a1693778dd37b72e,4,broad,broad_joint,assumption__radius_max__noise_extreme__scale_150,development,scan_then_clear,joint,True,True,1468.1764159999984,1233.1764149311675,0,-5,240,0,6165.882074655841,0,80,80,1.068830897565931e-06
stage3-round-broad-p4-0015-af9688e025c6f3f7,4,broad,broad_joint,assumption__radius_mixed__noise_deterministic__scale_150,development,immediate,joint,True,True,2526.985186,2503.9851838906143,0,-22,45,0,12519.925919453068,0,15,15,2.109385604853742e-06
stage3-round-broad-p4-0015-af9688e025c6f3f7,4,broad,broad_joint,assumption__radius_mixed__noise_deterministic__scale_150,development,scan_then_clear,joint,True,True,1962.1528909999997,1640.1528910812194,0,-8,330,0,8200.764455406097,0,110,110,-8.121969585772604e-08
stage3-round-broad-p4-0016-267eeeb3ec58353a,4,broad,broad_joint,assumption__radius_mixed__noise_correlated__scale_150,development,immediate,joint,True,True,1352.6132610000004,1370.6132621920588,0,-18,0,0,6853.06631096029,0,0,0,-1.1920583347091451e-06
stage3-round-broad-p4-0016-267eeeb3ec58353a,4,broad,broad_joint,assumption__radius_mixed__noise_correlated__scale_150,development,scan_then_clear,joint,True,True,-112.06205399999999,-187.0620579942297,0,-6,81,0,-935.3102899711448,0,27,27,3.9942297007655725e-06
stage3-round-broad-p4-0017-c726165096c59535,4,broad,broad_joint,assumption__radius_mixed__noise_extreme__scale_150,development,immediate,joint,True,True,2515.768024000001,2665.7680251176816,0,-21,-129,0,13328.84012558841,0,-43,-43,-1.1176807674928568e-06
stage3-round-broad-p4-0017-c726165096c59535,4,broad,broad_joint,assumption__radius_mixed__noise_extreme__scale_150,development,scan_then_clear,joint,True,True,183.72636700000112,374.726368224,0,-8,-183,0,1873.6318411200045,0,-61,-61,-1.2239988791407086e-06
stage3-round-broad-p4-0018-19d37a2dd5a41e18,4,broad,broad_joint,assumption__radius_min__noise_deterministic__scale_300,development,immediate,joint,True,True,2288.9816730000002,2228.981671528808,0,-18,78,0,11144.908357644039,0,26,26,1.4711922631249763e-06
stage3-round-broad-p4-0018-19d37a2dd5a41e18,4,broad,broad_joint,assumption__radius_min__noise_deterministic__scale_300,development,scan_then_clear,joint,True,True,1053.0698549999997,1078.0698526626156,0,-7,-18,0,5390.349263313081,0,-6,-6,2.337384103157092e-06
stage3-round-broad-p4-0019-dc8d34d6c4ce0e1f,4,broad,broad_joint,assumption__radius_min__noise_correlated__scale_300,development,immediate,joint,True,True,-5.406379000000015,149.59362154693918,-65,-36,-54,0,747.9681077346977,-13,-18,-18,-5.469391908263788e-07
stage3-round-broad-p4-0019-dc8d34d6c4ce0e1f,4,broad,broad_joint,assumption__radius_min__noise_correlated__scale_300,development,scan_then_clear,joint,True,True,1060.7228309999991,983.7228345725689,0,-10,87,0,4918.61417286285,0,29,29,-3.5725697671296075e-06
stage3-round-broad-p4-0020-c9ea9bae53aacb74,4,broad,broad_joint,assumption__radius_min__noise_extreme__scale_300,development,immediate,joint,True,True,1646.5442349999994,1600.5442379915712,0,-17,63,0,8002.721189957854,0,21,21,-2.991571818711236e-06
stage3-round-broad-p4-0020-c9ea9bae53aacb74,4,broad,broad_joint,assumption__radius_min__noise_extreme__scale_300,development,scan_then_clear,joint,True,True,212.8197339999988,491.81973368949,0,-6,-273,0,2459.0986684474483,0,-91,-91,3.105087671428919e-07
stage3-round-broad-p4-0021-5079ff9367fca702,4,broad,broad_joint,assumption__radius_max__noise_deterministic__scale_300,development,immediate,joint,True,True,3240.798406,2998.798402677354,0,-19,261,0,14993.99201338677,0,87,87,3.3226460800506175e-06
stage3-round-broad-p4-0021-5079ff9367fca702,4,broad,broad_joint,assumption__radius_max__noise_deterministic__scale_300,development,scan_then_clear,joint,True,True,658.0920639999986,703.0920633455935,0,-6,-39,0,3515.460316727964,0,-13,-13,6.54405084787868e-07
stage3-round-broad-p4-0022-a1e42603b01b4504,4,broad,broad_joint,assumption__radius_max__noise_correlated__scale_300,development,immediate,joint,True,True,592.2307939999992,679.2307925243513,-320,-70,303,0,3396.1539626217564,-64,101,101,1.4756478776689619e-06
stage3-round-broad-p4-0022-a1e42603b01b4504,4,broad,broad_joint,assumption__radius_max__noise_correlated__scale_300,development,scan_then_clear,joint,True,True,757.776006,768.7760076895356,0,-5,-6,0,3843.880038447678,0,-2,-2,-1.689535565674305e-06
stage3-round-broad-p4-0023-f6e68ce9c5fc52e4,4,broad,broad_joint,assumption__radius_max__noise_extreme__scale_300,development,immediate,joint,True,True,2629.008506,2510.0085013440803,0,-16,135,0,12550.042506720398,0,45,45,4.655919838114642e-06
stage3-round-broad-p4-0023-f6e68ce9c5fc52e4,4,broad,broad_joint,assumption__radius_max__noise_extreme__scale_300,development,scan_then_clear,joint,True,True,655.0064239999992,694.0064229024665,0,-6,-33,0,3470.0321145123307,0,-11,-11,1.0975327313644812e-06
stage3-round-broad-p4-0024-b7f00df924983288,4,broad,broad_joint,assumption__radius_mixed__noise_deterministic__scale_300,development,immediate,joint,True,True,814.2960570000014,1119.2960576860642,0,-20,-285,0,5596.4802884303135,0,-95,-95,-6.8606277636718e-07
stage3-round-broad-p4-0024-b7f00df924983288,4,broad,broad_joint,assumption__radius_mixed__noise_deterministic__scale_300,development,scan_then_clear,joint,True,True,557.5081980000014,579.5081999056274,0,-7,-15,0,2897.540999528137,0,-5,-5,-1.905626049847342e-06
stage3-round-broad-p4-0025-383201e45b58a0a8,4,broad,broad_joint,assumption__radius_mixed__noise_correlated__scale_300,development,immediate,joint,True,True,1274.6825419999986,1474.6825444375681,0,-20,-180,0,7373.412722187837,0,-60,-60,-2.437569492030889e-06
stage3-round-broad-p4-0025-383201e45b58a0a8,4,broad,broad_joint,assumption__radius_mixed__noise_correlated__scale_300,development,scan_then_clear,joint,True,True,264.371165999999,413.37116469218927,0,-8,-141,0,2066.8558234609445,0,-47,-47,1.3078097254037857e-06
stage3-round-broad-p4-0026-5ad3326793cd2b17,4,broad,broad_joint,assumption__radius_mixed__noise_extreme__scale_300,development,immediate,joint,True,True,1355.605361,1459.605359323842,0,-17,-87,0,7298.026796619211,0,-29,-29,1.676157808105927e-06
stage3-round-broad-p4-0026-5ad3326793cd2b17,4,broad,broad_joint,assumption__radius_mixed__noise_extreme__scale_300,development,scan_then_clear,joint,True,True,423.41115100000025,635.4111499729179,0,-5,-207,0,3177.055749864594,0,-69,-69,1.0270823622704484e-06
stage3-round-broad-p4-0028-e435afa2ddb2013e,4,broad,broad_joint,assumption__radius_min__noise_correlated__scale_75,development,immediate,joint,True,True,1753.733900000001,1759.7339006288876,0,-21,15,0,8798.66950314444,0,5,5,-6.288864824455231e-07
stage3-round-broad-p4-0028-e435afa2ddb2013e,4,broad,broad_joint,assumption__radius_min__noise_correlated__scale_75,development,scan_then_clear,joint,True,True,627.8347920000015,688.8347926702208,0,-7,-54,0,3444.1739633511024,0,-18,-18,-6.702193786622956e-07
stage3-round-broad-p4-0029-dff4c8a01dd337af,4,broad,broad_joint,assumption__radius_min__noise_extreme__scale_75,development,immediate,joint,True,True,1417.149934000001,1412.1499305336547,-135,-46,186,0,7060.7496526682735,-27,62,62,3.46634624293074e-06
stage3-round-broad-p4-0029-dff4c8a01dd337af,4,broad,broad_joint,assumption__radius_min__noise_extreme__scale_75,development,scan_then_clear,joint,True,True,842.4793250000002,1001.4793249962768,0,-9,-150,0,5007.396624981382,0,-50,-50,3.723471309058368e-09
stage3-round-broad-p4-0030-ef578963614810f9,4,broad,broad_joint,assumption__radius_max__noise_deterministic__scale_75,development,immediate,joint,True,True,2460.8821260000004,2338.882125346214,0,-19,141,0,11694.41062673107,0,47,47,6.537866283906624e-07
stage3-round-broad-p4-0030-ef578963614810f9,4,broad,broad_joint,assumption__radius_max__noise_deterministic__scale_75,development,scan_then_clear,joint,True,True,263.23105600000054,275.2310540017388,0,-6,-6,0,1376.1552700086977,0,-2,-2,1.998261723201722e-06
stage3-round-broad-p4-0031-b3185cdaa3b6ef26,4,broad,broad_joint,assumption__radius_max__noise_correlated__scale_75,development,immediate,joint,True,True,2855.1576999999997,2748.1577022998463,0,-16,123,0,13740.788511499231,0,41,41,-2.299846528330818e-06
stage3-round-broad-p4-0031-b3185cdaa3b6ef26,4,broad,broad_joint,assumption__radius_max__noise_correlated__scale_75,development,scan_then_clear,joint,True,True,728.025877,770.0258759967764,0,-6,-36,0,3850.1293799838822,0,-12,-12,1.0032235877588391e-06
stage3-round-broad-p4-0033-edbc8c6f3f37972e,4,broad,broad_joint,assumption__radius_mixed__noise_deterministic__scale_75,development,immediate,joint,True,True,2548.2548349999997,2466.2548287901736,0,-20,102,0,12331.274143950868,0,34,34,6.209826096892357e-06
stage3-round-broad-p4-0033-edbc8c6f3f37972e,4,broad,broad_joint,assumption__radius_mixed__noise_deterministic__scale_75,development,scan_then_clear,joint,True,True,691.2183729999997,423.21837013841287,0,-5,273,0,2116.0918506920643,0,91,91,2.8615868359338492e-06
stage3-round-broad-p4-0035-2042c274acb30c4a,4,broad,broad_joint,assumption__radius_mixed__noise_extreme__scale_75,development,immediate,joint,True,True,2380.9646709999997,2365.9646680438727,0,-18,33,0,11829.823340219365,0,11,11,2.9561269911937416e-06
stage3-round-broad-p4-0035-2042c274acb30c4a,4,broad,broad_joint,assumption__radius_mixed__noise_extreme__scale_75,development,scan_then_clear,joint,True,True,731.7169679999988,785.7169651138665,0,-6,-48,0,3928.5848255693345,0,-16,-16,2.886132278945297e-06
stage3-round-broad-p4-0036-cdbf40565b196c60,4,broad,broad_joint,assumption__radius_min__noise_deterministic__scale_150,development,immediate,joint,True,True,464.9573099999998,787.957309240328,0,-17,-306,0,3939.7865462016416,0,-102,-102,7.596718205604702e-07
stage3-round-broad-p4-0036-cdbf40565b196c60,4,broad,broad_joint,assumption__radius_min__noise_deterministic__scale_150,development,scan_then_clear,joint,True,True,762.157792,778.1577914703903,0,-7,-9,0,3890.788957351957,0,-3,-3,5.296096787787974e-07
stage3-round-broad-p4-0037-55ee9894e26dac34,4,broad,broad_joint,assumption__radius_min__noise_correlated__scale_150,development,immediate,joint,True,True,1880.3226799999993,1874.322676073335,0,-21,27,0,9371.613380366674,0,9,9,3.926664248865563e-06
stage3-round-broad-p4-0037-55ee9894e26dac34,4,broad,broad_joint,assumption__radius_min__noise_correlated__scale_150,development,scan_then_clear,joint,True,True,872.1123829999997,902.1123815903911,0,-6,-24,0,4510.561907951953,0,-8,-8,1.4096085578785278e-06
stage3-round-broad-p4-0038-2f22ad3fc4a53def,4,broad,broad_joint,assumption__radius_min__noise_extreme__scale_150,development,immediate,joint,True,True,471.8957129999999,757.8957113724027,0,-19,-267,0,3789.4785568620136,0,-89,-89,1.627597157494165e-06
stage3-round-broad-p4-0038-2f22ad3fc4a53def,4,broad,broad_joint,assumption__radius_min__noise_extreme__scale_150,development,scan_then_clear,joint,True,True,452.34408600000097,663.3440862382831,0,-7,-204,0,3316.7204311914174,0,-68,-68,-2.3828215489629656e-07
stage3-round-broad-p4-0039-fca073bbe0554d17,4,broad,broad_joint,assumption__radius_max__noise_deterministic__scale_150,development,immediate,joint,True,True,3071.9310320000004,3083.9310350260585,0,-21,9,0,15419.65517513029,0,3,3,-3.026058038813062e-06
stage3-round-broad-p4-0039-fca073bbe0554d17,4,broad,broad_joint,assumption__radius_max__noise_deterministic__scale_150,development,scan_then_clear,joint,True,True,585.8757690000002,714.8757676917357,0,-6,-123,0,3574.3788384586805,0,-41,-41,1.3082644727546722e-06
stage3-round-broad-p4-0040-bcf15929834f2964,4,broad,broad_joint,assumption__radius_max__noise_correlated__scale_150,development,immediate,joint,True,True,3227.963266999999,3104.9632641719672,0,-21,144,0,15524.816320859834,0,48,48,2.828031938406639e-06
stage3-round-broad-p4-0040-bcf15929834f2964,4,broad,broad_joint,assumption__radius_max__noise_correlated__scale_150,development,scan_then_clear,joint,True,True,1150.1855699999996,1074.18556753152,0,-8,84,0,5370.927837657597,0,28,28,2.4684795789653435e-06
stage3-round-broad-p4-0041-3266262bb8a59692,4,broad,broad_joint,assumption__radius_max__noise_extreme__scale_150,development,immediate,joint,True,True,893.7564480000001,1119.7564489106862,0,-22,-204,0,5598.782244553433,0,-68,-68,-9.106861398322508e-07
stage3-round-broad-p4-0041-3266262bb8a59692,4,broad,broad_joint,assumption__radius_max__noise_extreme__scale_150,development,scan_then_clear,joint,True,True,790.2789720000001,688.2789709326062,0,-9,111,0,3441.394854663027,0,37,37,1.0673938959371299e-06
stage3-round-broad-p4-0042-7a8af35d68ee7a70,4,broad,broad_joint,assumption__radius_mixed__noise_deterministic__scale_150,development,immediate,joint,True,True,2846.0751789999995,2766.0751769848666,0,-25,105,0,13830.375884924331,0,35,35,2.0151328499196097e-06
stage3-round-broad-p4-0042-7a8af35d68ee7a70,4,broad,broad_joint,assumption__radius_mixed__noise_deterministic__scale_150,development,scan_then_clear,joint,True,True,807.1945209999994,847.1945224608262,0,-10,-30,0,4235.9726123041255,0,-10,-10,-1.4608267520088702e-06
stage3-round-broad-p4-0043-c88a3d095b9f8e09,4,broad,broad_joint,assumption__radius_mixed__noise_correlated__scale_150,development,immediate,joint,True,True,3215.1104730000006,3139.110471059681,0,-26,102,0,15695.552355298409,0,34,34,1.940319634741172e-06
stage3-round-broad-p4-0043-c88a3d095b9f8e09,4,broad,broad_joint,assumption__radius_mixed__noise_correlated__scale_150,development,scan_then_clear,joint,True,True,1258.569496,1332.5694915090771,0,-11,-63,0,6662.847457545387,0,-21,-21,4.490922947297804e-06
stage3-round-broad-p4-0044-cfd9c4b9844273eb,4,broad,broad_joint,assumption__radius_mixed__noise_extreme__scale_150,development,immediate,joint,True,True,1629.5815839999996,1850.5815810233316,0,-20,-201,0,9252.907905116655,0,-67,-67,2.976667929033283e-06
stage3-round-broad-p4-0044-cfd9c4b9844273eb,4,broad,broad_joint,assumption__radius_mixed__noise_extreme__scale_150,development,scan_then_clear,joint,True,True,1000.7430230000009,1072.7430250421903,0,-9,-63,0,5363.715125210954,0,-21,-21,-2.0421894078026526e-06
stage3-round-broad-p4-0045-d81c178a6c8d479b,4,broad,broad_joint,assumption__radius_min__noise_deterministic__scale_300,development,immediate,joint,True,True,-2541.877515,-2164.8775155162757,-280,-64,-33,0,-10824.38757758138,-56,-11,-11,5.162755769561045e-07
stage3-round-broad-p4-0045-d81c178a6c8d479b,4,broad,broad_joint,assumption__radius_min__noise_deterministic__scale_300,development,scan_then_clear,joint,True,True,356.75112099999933,412.751124387416,0,-5,-51,0,2063.7556219370745,0,-17,-17,-3.3874166547320783e-06
stage3-round-broad-p4-0046-bc3f41164ae50f0c,4,broad,broad_joint,assumption__radius_min__noise_correlated__scale_300,development,immediate,joint,True,True,1785.7720729999992,1781.77207603225,-20,-24,48,0,8908.860380161248,-4,16,16,-3.032250788237434e-06
stage3-round-broad-p4-0046-bc3f41164ae50f0c,4,broad,broad_joint,assumption__radius_min__noise_correlated__scale_300,development,scan_then_clear,joint,True,True,2268.676931000001,2136.6769325542064,100,11,21,0,10683.38466277103,20,7,7,-1.5542054825345986e-06
stage3-round-broad-p4-0047-c12570fbd75cf233,4,broad,broad_joint,assumption__radius_min__noise_extreme__scale_300,development,immediate,joint,True,True,965.902594000001,883.9025925862461,0,-20,102,0,4419.512962931229,0,34,34,1.4137549442239106e-06
stage3-round-broad-p4-0047-c12570fbd75cf233,4,broad,broad_joint,assumption__radius_min__noise_extreme__scale_300,development,scan_then_clear,joint,True,True,491.93572700000004,511.93572663662053,0,-8,-12,0,2559.6786331831026,0,-4,-4,3.6337951314635575e-07
stage3-round-broad-p4-0048-c0b1d4cbe59f4cf4,4,broad,broad_joint,assumption__radius_max__noise_deterministic__scale_300,development,immediate,joint,True,True,-1323.5312990000002,-956.5312980440522,-265,-63,-39,0,-4782.656490220259,-53,-13,-13,-9.559480531606823e-07
stage3-round-broad-p4-0048-c0b1d4cbe59f4cf4,4,broad,broad_joint,assumption__radius_max__noise_deterministic__scale_300,development,scan_then_clear,joint,True,True,-552.7369310000013,-281.73693047175766,0,-7,-264,0,-1408.684652358781,0,-88,-88,-5.282436177367344e-07
stage3-round-broad-p4-0049-19ea670d894a0a02,4,broad,broad_joint,assumption__radius_max__noise_correlated__scale_300,development,immediate,joint,True,True,3824.279971,3632.279967144117,-20,-28,240,0,18161.399835720586,-4,80,80,3.855882823700085e-06
stage3-round-broad-p4-0049-19ea670d894a0a02,4,broad,broad_joint,assumption__radius_max__noise_correlated__scale_300,development,scan_then_clear,joint,True,True,1448.481529999999,1487.4815292499588,80,4,-123,0,7437.407646249798,16,-41,-41,7.500402716686949e-07
stage3-round-broad-p4-0050-99a628d19d25e0d3,4,broad,broad_joint,assumption__radius_max__noise_extreme__scale_300,development,immediate,joint,True,True,2887.1639400000004,2769.163938920794,0,-20,138,0,13845.819694603968,0,46,46,1.0792064131237566e-06
stage3-round-broad-p4-0050-99a628d19d25e0d3,4,broad,broad_joint,assumption__radius_max__noise_extreme__scale_300,development,scan_then_clear,joint,True,True,290.495551,483.4955495318427,0,-7,-186,0,2417.477747659206,0,-62,-62,1.46815727930516e-06
stage3-round-broad-p4-0051-85034419fae3c976,4,broad,broad_joint,assumption__radius_mixed__noise_deterministic__scale_300,development,immediate,joint,True,True,1830.8716189999996,1721.8716170586358,0,-17,126,0,8609.358085293177,0,42,42,1.9413637346588075e-06
stage3-round-broad-p4-0051-85034419fae3c976,4,broad,broad_joint,assumption__radius_mixed__noise_deterministic__scale_300,development,scan_then_clear,joint,True,True,724.4552199999998,586.455220212476,0,-6,144,0,2932.27610106238,0,48,48,-2.124761522281915e-07
stage3-round-broad-p4-0052-a5d91fee727a0d6e,4,broad,broad_joint,assumption__radius_mixed__noise_correlated__scale_300,development,immediate,joint,True,True,-36.765267999999196,101.23472963376116,-185,-49,96,0,506.1736481688058,-37,32,32,2.3662396415602416e-06
stage3-round-broad-p4-0052-a5d91fee727a0d6e,4,broad,broad_joint,assumption__radius_mixed__noise_correlated__scale_300,development,scan_then_clear,joint,True,True,277.0244640000001,366.02446383611095,0,-5,-84,0,1830.1223191805548,0,-28,-28,1.6388912627007812e-07
stage3-round-broad-p4-0053-edcbcba5738ed48b,4,broad,broad_joint,assumption__radius_mixed__noise_extreme__scale_300,development,immediate,joint,True,True,2567.17274,2434.172737374167,0,-20,153,0,12170.863686870834,0,51,51,2.6258330763084814e-06
stage3-round-broad-p4-0053-edcbcba5738ed48b,4,broad,broad_joint,assumption__radius_mixed__noise_extreme__scale_300,development,scan_then_clear,joint,True,True,1271.982582999999,1053.9825854996252,0,-7,225,0,5269.912927498124,0,75,75,-2.4996261345222592e-06
stage3-round-broad-p4-0054-7753682e03fda7ce,4,broad,broad_joint,assumption__radius_min__noise_deterministic__scale_75,development,immediate,joint,True,True,1616.3320199999998,1690.3320199185473,0,-23,-51,0,8451.660099592737,0,-17,-17,8.145252650137991e-08
stage3-round-broad-p4-0054-7753682e03fda7ce,4,broad,broad_joint,assumption__radius_min__noise_deterministic__scale_75,development,scan_then_clear,joint,True,True,1491.2180759999992,1236.2180715105187,0,-9,264,0,6181.090357552588,0,88,88,4.489480488700792e-06
stage3-round-broad-p4-0056-aa736b772e87816b,4,broad,broad_joint,assumption__radius_min__noise_extreme__scale_75,development,immediate,joint,True,True,584.9692780000005,603.9692785546722,0,-16,-3,0,3019.8463927733537,0,-1,-1,-5.546717147808522e-07
stage3-round-broad-p4-0056-aa736b772e87816b,4,broad,broad_joint,assumption__radius_min__noise_extreme__scale_75,development,scan_then_clear,joint,True,True,431.1388189999998,462.13882228642615,0,-4,-27,0,2310.6941114321235,0,-9,-9,-3.2864263630472124e-06
stage3-round-broad-p4-0057-00241b115def3e99,4,broad,broad_joint,assumption__radius_max__noise_deterministic__scale_75,development,immediate,joint,True,True,1515.5694830000011,1342.5694826237504,0,-13,186,0,6712.847413118754,0,62,62,3.7625068216584623e-07
stage3-round-broad-p4-0057-00241b115def3e99,4,broad,broad_joint,assumption__radius_max__noise_deterministic__scale_75,development,scan_then_clear,joint,True,True,338.0721050000011,257.0721050647762,0,-3,84,0,1285.3605253238784,0,28,28,-6.477512215496972e-08
stage3-round-broad-p4-0061-67a6c2d00a73d60c,4,broad,broad_joint,assumption__radius_mixed__noise_correlated__scale_75,development,immediate,joint,True,True,-50.30559700000049,341.69440202706573,0,-20,-372,0,1708.4720101353305,0,-124,-124,9.729337762109935e-07
stage3-round-broad-p4-0061-67a6c2d00a73d60c,4,broad,broad_joint,assumption__radius_mixed__noise_correlated__scale_75,development,scan_then_clear,joint,True,True,-618.619009,-388.61901157747343,0,-5,-225,0,-1943.0950578873671,0,-75,-75,2.5774734240258113e-06
stage3-round-broad-p4-0062-f33cdfffab706bb9,4,broad,broad_joint,assumption__radius_mixed__noise_extreme__scale_75,development,immediate,joint,True,True,2170.2963,2311.296298888121,0,-18,-123,0,11556.481494440603,0,-41,-41,1.1118791007902473e-06
stage3-round-broad-p4-0062-f33cdfffab706bb9,4,broad,broad_joint,assumption__radius_mixed__noise_extreme__scale_75,development,scan_then_clear,joint,True,True,778.884818999999,986.8848186098458,0,-7,-201,0,4934.424093049231,0,-67,-67,3.901532181771472e-07
stage3-round-broad-p4-0066-b46b29572de9f62f,4,broad,broad_joint,assumption__radius_max__noise_deterministic__scale_150,development,immediate,joint,True,True,3095.9893190000003,2960.9893187778916,0,-15,150,0,14804.946593889457,0,50,50,2.2210861061466858e-07
stage3-round-broad-p4-0066-b46b29572de9f62f,4,broad,broad_joint,assumption__radius_max__noise_deterministic__scale_150,development,scan_then_clear,joint,True,True,772.6148119999998,742.61481446179,0,-3,33,0,3713.0740723089475,0,11,11,-2.4617902454338036e-06
stage3-round-broad-p4-0067-fa1c4861b29d5de6,4,broad,broad_joint,assumption__radius_max__noise_correlated__scale_150,development,immediate,joint,True,True,4181.752044999999,3875.7520462788543,0,-18,324,0,19378.76023139427,0,108,108,-1.2788550520781428e-06
stage3-round-broad-p4-0067-fa1c4861b29d5de6,4,broad,broad_joint,assumption__radius_max__noise_correlated__scale_150,development,scan_then_clear,joint,True,True,2059.296515,1786.2965149683241,0,-6,279,0,8931.482574841619,0,93,93,3.1675881473347545e-08
stage3-round-broad-p4-0068-72113dabf30cd78e,4,broad,broad_joint,assumption__radius_max__noise_extreme__scale_150,development,immediate,joint,True,True,3611.0610429999997,3460.0610425685863,0,-20,171,0,17300.305212842934,0,57,57,4.3141335481777787e-07
stage3-round-broad-p4-0068-72113dabf30cd78e,4,broad,broad_joint,assumption__radius_max__noise_extreme__scale_150,development,scan_then_clear,joint,True,True,144.69496400000025,202.6949672527644,0,-7,-51,0,1013.4748362638202,0,-17,-17,-3.2527641451451927e-06
stage3-round-broad-p4-0069-e1480820ddc29f05,4,broad,broad_joint,assumption__radius_mixed__noise_deterministic__scale_150,development,immediate,joint,True,True,1945.889851,1829.8898501728909,0,-16,132,0,9149.449250864454,0,44,44,8.271090337075293e-07
stage3-round-broad-p4-0069-e1480820ddc29f05,4,broad,broad_joint,assumption__radius_mixed__noise_deterministic__scale_150,development,scan_then_clear,joint,True,True,1761.7671969999992,1601.7671961478336,0,-5,165,0,8008.835980739168,0,55,55,8.521656127413735e-07
stage3-round-broad-p4-0071-94f7d382909f983c,4,broad,broad_joint,assumption__radius_mixed__noise_extreme__scale_150,development,immediate,joint,True,True,1530.4450519999991,1529.4450546475,0,-20,21,0,7647.225273237498,0,7,7,-2.6475008780835196e-06
stage3-round-broad-p4-0071-94f7d382909f983c,4,broad,broad_joint,assumption__radius_mixed__noise_extreme__scale_150,development,scan_then_clear,joint,True,True,573.9749009999996,571.9749017937702,0,-7,9,0,2859.8745089688528,0,3,3,-7.937705959193408e-07
stage3-round-broad-p4-0072-36ab40f9f6273d9e,4,broad,broad_joint,assumption__radius_min__noise_deterministic__scale_300,development,immediate,joint,True,True,681.395926000001,793.3959253498087,-120,-46,54,0,3966.9796267490383,-24,18,18,6.501923053292558e-07
stage3-round-broad-p4-0072-36ab40f9f6273d9e,4,broad,broad_joint,assumption__radius_min__noise_deterministic__scale_300,development,scan_then_clear,joint,True,True,1766.5284420000007,1429.528440569171,0,-11,348,0,7147.642202845847,0,116,116,1.4308297977549955e-06
stage3-round-broad-p4-0073-b38821205d677d56,4,broad,broad_joint,assumption__radius_min__noise_correlated__scale_300,development,immediate,joint,True,True,2629.376478,2573.3764760482954,0,-25,81,0,12866.882380241477,0,27,27,1.9517046894179657e-06
stage3-round-broad-p4-0073-b38821205d677d56,4,broad,broad_joint,assumption__radius_min__noise_correlated__scale_300,development,scan_then_clear,joint,True,True,1151.1137559999988,1186.1137550786552,0,-11,-24,0,5930.56877539328,0,-8,-8,9.213435987476259e-07
stage3-round-broad-p4-0074-3a39aa46c34c5edc,4,broad,broad_joint,assumption__radius_min__noise_extreme__scale_300,development,immediate,joint,True,True,357.19633000000067,604.1963300470488,0,-16,-231,0,3020.9816502352405,0,-77,-77,-4.704816092271358e-08
stage3-round-broad-p4-0074-3a39aa46c34c5edc,4,broad,broad_joint,assumption__radius_min__noise_extreme__scale_300,development,scan_then_clear,joint,True,True,806.1715860000004,800.1715829984441,0,-6,12,0,4000.8579149922225,0,4,4,3.0015562515472993e-06
stage3-round-broad-p4-0075-c428a923b96820dc,4,broad,broad_joint,assumption__radius_max__noise_deterministic__scale_300,development,immediate,joint,True,True,3952.406735999999,3776.4067339112826,0,-22,198,0,18882.03366955641,0,66,66,2.0887164282612503e-06
stage3-round-broad-p4-0075-c428a923b96820dc,4,broad,broad_joint,assumption__radius_max__noise_deterministic__scale_300,development,scan_then_clear,joint,True,True,225.8418389999988,418.84183818413476,0,-7,-186,0,2094.209190920672,0,-62,-62,8.158640412148088e-07
stage3-round-broad-p4-0076-b47d15d22619b299,4,broad,broad_joint,assumption__radius_max__noise_correlated__scale_300,development,immediate,joint,True,True,2364.2433220000003,2359.2433206455253,0,-19,24,0,11796.21660322763,0,8,8,1.3544749890570529e-06
stage3-round-broad-p4-0076-b47d15d22619b299,4,broad,broad_joint,assumption__radius_max__noise_correlated__scale_300,development,scan_then_clear,joint,True,True,1424.708385,1526.7083850658737,0,-9,-93,0,7633.541925329373,0,-31,-31,-6.587379175471142e-08
stage3-round-broad-p4-0077-2c78d887b3fc2a40,4,broad,broad_joint,assumption__radius_max__noise_extreme__scale_300,development,immediate,joint,True,True,2334.853557999999,2202.853558593486,0,-15,147,0,11014.267792967432,0,49,49,-5.934871296631172e-07
stage3-round-broad-p4-0077-2c78d887b3fc2a40,4,broad,broad_joint,assumption__radius_max__noise_extreme__scale_300,development,scan_then_clear,joint,True,True,-40.79373500000111,0.20626989108495764,0,-5,-36,0,1.0313494554211502,0,-12,-12,-4.891086064162664e-06
stage3-round-broad-p4-0078-7f433840860850a5,4,broad,broad_joint,assumption__radius_mixed__noise_deterministic__scale_300,development,immediate,joint,True,True,3761.472299,3554.4722980894985,-30,-27,264,0,17772.361490447493,-6,88,88,9.105015124077909e-07
stage3-round-broad-p4-0078-7f433840860850a5,4,broad,broad_joint,assumption__radius_mixed__noise_deterministic__scale_300,development,scan_then_clear,joint,True,True,4276.075701999999,3906.075701548263,280,36,54,0,19530.378507741316,56,18,18,4.5173601392889395e-07
stage3-round-calibrated-p3-0000-616aab6f8ae8312e,3,calibrated,smoothed_joint,mixed_correlated150_after_observable_screen,development,immediate,joint,True,True,2192.2700630000004,2170.270066281363,0,-14,36,0,10851.350331406815,0,12,12,-3.2813627512950916e-06
stage3-round-calibrated-p3-0000-616aab6f8ae8312e,3,calibrated,smoothed_joint,mixed_correlated150_after_observable_screen,development,scan_then_clear,joint,True,True,828.8740380000004,832.8740388078731,0,-4,0,0,4164.370194039366,0,0,0,-8.07872766017681e-07
stage3-round-calibrated-p3-0001-be8b6848a5648dfa,3,calibrated,broad_joint,mixed_correlated150_after_observable_screen,development,immediate,joint,True,True,1387.0600769999996,1401.0600812938874,0,-17,3,0,7005.300406469436,0,1,1,-4.2938877413689625e-06
stage3-round-calibrated-p3-0001-be8b6848a5648dfa,3,calibrated,broad_joint,mixed_correlated150_after_observable_screen,development,scan_then_clear,joint,True,True,1151.5667079999998,1161.5667101157314,0,-4,-6,0,5807.833550578656,0,-2,-2,-2.1157316041353624e-06
stage3-round-calibrated-p3-0002-1adeff79dd4c27b1,3,calibrated,smoothed_joint,mixed_extreme150_after_observable_screen,development,immediate,joint,True,True,2863.9009210000004,2842.9009218886226,0,-18,39,0,14214.504609443113,0,13,13,-8.886222531145904e-07
stage3-round-calibrated-p3-0002-1adeff79dd4c27b1,3,calibrated,smoothed_joint,mixed_extreme150_after_observable_screen,development,scan_then_clear,joint,True,True,918.0001339999999,974.0001322678459,0,-5,-51,0,4870.000661339229,0,-17,-17,1.7321540326520335e-06
stage3-round-calibrated-p3-0004-5995d8fefefd6eaf,3,calibrated,smoothed_joint,mixed_correlated150_after_observable_screen,development,immediate,joint,True,True,1905.7480059999998,1930.7480078904837,0,-19,-6,0,9653.74003945242,0,-2,-2,-1.8904838725575246e-06
stage3-round-calibrated-p3-0004-5995d8fefefd6eaf,3,calibrated,smoothed_joint,mixed_correlated150_after_observable_screen,development,scan_then_clear,joint,True,True,693.798871,701.7988717814651,0,-5,-3,0,3508.9943589073227,0,-1,-1,-7.814651326043531e-07
stage3-round-calibrated-p3-0005-c27851c2b6b7705a,3,calibrated,broad_joint,mixed_correlated150_after_observable_screen,development,immediate,joint,True,True,1244.4730140000001,1236.4730152971274,0,-13,21,0,6182.365076485639,0,7,7,-1.2971272553841118e-06
stage3-round-calibrated-p3-0005-c27851c2b6b7705a,3,calibrated,broad_joint,mixed_correlated150_after_observable_screen,development,scan_then_clear,joint,True,True,518.7685000000001,518.7684993282369,0,-3,3,0,2593.842496641184,0,1,1,6.717632459185552e-07
stage3-round-calibrated-p3-0006-f82e30c8e3f7ecf9,3,calibrated,smoothed_joint,mixed_extreme150_after_observable_screen,development,immediate,joint,True,True,2275.860251,2252.860254419257,0,-19,42,0,11264.301272096287,0,14,14,-3.4192571547464468e-06
stage3-round-calibrated-p3-0006-f82e30c8e3f7ecf9,3,calibrated,smoothed_joint,mixed_extreme150_after_observable_screen,development,scan_then_clear,joint,True,True,667.1374679999999,669.1374710867085,0,-5,3,0,3345.68735543354,0,1,1,-3.0867086024954915e-06
stage3-round-calibrated-p3-0007-b6338bcd86c5db70,3,calibrated,broad_joint,mixed_extreme150_after_observable_screen,development,immediate,joint,True,True,2616.7765529999997,2588.7765546492983,0,-20,48,0,12943.882773246492,0,16,16,-1.6492986105731688e-06
stage3-round-calibrated-p3-0007-b6338bcd86c5db70,3,calibrated,broad_joint,mixed_extreme150_after_observable_screen,development,scan_then_clear,joint,True,True,57.78031800000008,68.78031605753131,0,-5,-6,0,343.90158028765654,0,-2,-2,1.9424687707214616e-06
stage3-round-calibrated-p3-0008-cdbbf57c3a4d4a53,3,calibrated,smoothed_joint,mixed_correlated150_after_observable_screen,development,immediate,joint,True,True,2094.8047160000006,2061.8047206147426,0,-15,48,0,10309.023603073714,0,16,16,-4.614742010744521e-06
stage3-round-calibrated-p3-0008-cdbbf57c3a4d4a53,3,calibrated,smoothed_joint,mixed_correlated150_after_observable_screen,development,scan_then_clear,joint,True,True,698.4688740000001,718.468875412058,0,-5,-15,0,3592.34437706029,0,-5,-5,-1.4120578271104023e-06
stage3-round-calibrated-p3-0009-a2fa12a454ea1d26,3,calibrated,broad_joint,mixed_correlated150_after_observable_screen,development,immediate,joint,True,True,3188.3183770000005,3107.3183856220976,0,-18,99,0,15536.591928110487,0,33,33,-8.62209708429873e-06
stage3-round-calibrated-p3-0009-a2fa12a454ea1d26,3,calibrated,broad_joint,mixed_correlated150_after_observable_screen,development,scan_then_clear,joint,True,True,1027.4636799999998,1048.4636837971939,0,-3,-18,0,5242.318418985971,0,-6,-6,-3.79719404008938e-06
stage3-round-calibrated-p3-0010-72451c9b949a24d2,3,calibrated,smoothed_joint,mixed_extreme150_after_observable_screen,development,immediate,joint,True,True,1800.559741,1798.5597476842067,0,-16,18,0,8992.798738421036,0,6,6,-6.684206709905993e-06
stage3-round-calibrated-p3-0010-72451c9b949a24d2,3,calibrated,smoothed_joint,mixed_extreme150_after_observable_screen,development,scan_then_clear,joint,True,True,468.15283100000033,473.15283190232503,0,-5,0,0,2365.7641595116256,0,0,0,-9.023247002915014e-07
stage3-round-calibrated-p3-0011-add3c3cccd875779,3,calibrated,broad_joint,mixed_extreme150_after_observable_screen,development,immediate,joint,True,True,1970.4000500000002,1947.4000537084194,0,-16,39,0,9737.000268542099,0,13,13,-3.7084191717440262e-06
stage3-round-calibrated-p3-0011-add3c3cccd875779,3,calibrated,broad_joint,mixed_extreme150_after_observable_screen,development,scan_then_clear,joint,True,True,153.61579699999947,140.61579846633595,0,-2,15,0,703.0789923316806,0,5,5,-1.4663364709122106e-06
stage3-round-calibrated-p3-0012-820fe45f62c481e3,3,calibrated,smoothed_joint,mixed_correlated150_after_observable_screen,development,immediate,joint,True,True,2112.2161600000004,2101.216162141105,0,-16,27,0,10506.080810705525,0,9,9,-2.1411046873254236e-06
stage3-round-calibrated-p3-0012-820fe45f62c481e3,3,calibrated,smoothed_joint,mixed_correlated150_after_observable_screen,development,scan_then_clear,joint,True,True,502.18611999999985,526.186119326856,0,-6,-18,0,2630.930596634278,0,-6,-6,6.731438588758465e-07
stage3-round-calibrated-p3-0013-10e5fcb23c097ed9,3,calibrated,broad_joint,mixed_correlated150_after_observable_screen,development,immediate,joint,True,True,2670.041958,2704.0419592794797,-40,-27,33,0,13520.209796397397,-8,11,11,-1.2794798749382608e-06
stage3-round-calibrated-p3-0013-10e5fcb23c097ed9,3,calibrated,broad_joint,mixed_correlated150_after_observable_screen,development,scan_then_clear,joint,True,True,804.6258330000001,853.6258313365925,0,-4,-45,0,4268.129156682964,0,-15,-15,1.6634076018817723e-06
stage3-round-calibrated-p3-0015-fd72c21ef4cdb2a8,3,calibrated,broad_joint,mixed_extreme150_after_observable_screen,development,immediate,joint,True,True,1196.7492069999998,1176.749211249341,0,-13,33,0,5883.746056246706,0,11,11,-4.249341145623475e-06
stage3-round-calibrated-p3-0015-fd72c21ef4cdb2a8,3,calibrated,broad_joint,mixed_extreme150_after_observable_screen,development,scan_then_clear,joint,True,True,288.0394889999998,298.03948811214195,0,-1,-9,0,1490.1974405607107,0,-3,-3,8.878578228177503e-07
stage3-round-calibrated-p3-0016-c8453db280a827fa,3,calibrated,smoothed_joint,mixed_correlated150_after_observable_screen,development,immediate,joint,True,True,2147.175553,2117.1755572905604,-20,-22,72,0,10585.877786452802,-4,24,24,-4.290560355002526e-06
stage3-round-calibrated-p3-0016-c8453db280a827fa,3,calibrated,smoothed_joint,mixed_correlated150_after_observable_screen,development,scan_then_clear,joint,True,True,700.0608869999996,720.0608887625758,0,-2,-18,0,3600.304443812878,0,-6,-6,-1.762576175678987e-06
stage3-round-calibrated-p3-0017-b16af29fa22a4222,3,calibrated,broad_joint,mixed_correlated150_after_observable_screen,development,immediate,joint,True,True,2505.654195,2497.6542001518765,0,-19,27,0,12488.271000759381,0,9,9,-5.151876393938437e-06
stage3-round-calibrated-p3-0017-b16af29fa22a4222,3,calibrated,broad_joint,mixed_correlated150_after_observable_screen,development,scan_then_clear,joint,True,True,661.0568430000003,678.0568430429721,0,-5,-12,0,3390.2842152148587,0,-4,-4,-4.2971805669367313e-08
stage3-round-calibrated-p3-0018-d9702c7593761278,3,calibrated,smoothed_joint,mixed_extreme150_after_observable_screen,development,immediate,joint,True,True,3141.7034700000004,3052.7034731522795,0,-16,105,0,15263.517365761396,0,35,35,-3.1522790777671617e-06
stage3-round-calibrated-p3-0018-d9702c7593761278,3,calibrated,smoothed_joint,mixed_extreme150_after_observable_screen,development,scan_then_clear,joint,True,True,1314.2564430000002,1364.2564423122817,0,-2,-48,0,6821.282211561411,0,-16,-16,6.877185114717577e-07
stage3-round-calibrated-p3-0019-5c1e8501720bb90d,3,calibrated,broad_joint,mixed_extreme150_after_observable_screen,development,immediate,joint,True,True,2772.428454,2717.428455680928,0,-17,72,0,13587.14227840464,0,24,24,-1.680928107816726e-06
stage3-round-calibrated-p3-0019-5c1e8501720bb90d,3,calibrated,broad_joint,mixed_extreme150_after_observable_screen,development,scan_then_clear,joint,True,True,933.6874630000002,898.6874615304232,0,-4,39,0,4493.437307652115,0,13,13,1.4695770005346276e-06
stage3-round-calibrated-p3-0021-8797256668e696dd,3,calibrated,broad_joint,mixed_correlated150_after_observable_screen,development,immediate,joint,True,True,2329.687669000001,2316.687675152682,0,-20,33,0,11583.43837576341,0,11,11,-6.152681180537911e-06
stage3-round-calibrated-p3-0021-8797256668e696dd,3,calibrated,broad_joint,mixed_correlated150_after_observable_screen,development,scan_then_clear,joint,True,True,579.272508,594.272510486649,0,-6,-9,0,2971.3625524332456,0,-3,-3,-2.486649009370012e-06
stage3-round-calibrated-p3-0022-096afcc1eb0f4b0e,3,calibrated,smoothed_joint,mixed_extreme150_after_observable_screen,development,immediate,joint,True,True,2371.6687629999997,2353.668767313772,0,-18,36,0,11768.34383656886,0,12,12,-4.313772478781175e-06
stage3-round-calibrated-p3-0022-096afcc1eb0f4b0e,3,calibrated,smoothed_joint,mixed_extreme150_after_observable_screen,development,scan_then_clear,joint,True,True,569.8354570000001,560.8354539100683,0,-3,12,0,2804.1772695503387,0,4,4,3.0899318517185748e-06
stage3-round-calibrated-p3-0023-bf959baa593315bb,3,calibrated,broad_joint,mixed_extreme150_after_observable_screen,development,immediate,joint,True,True,2741.895769999999,2719.8957743138712,0,-17,39,0,13599.478871569354,0,13,13,-4.313872068451019e-06
stage3-round-calibrated-p3-0023-bf959baa593315bb,3,calibrated,broad_joint,mixed_extreme150_after_observable_screen,development,scan_then_clear,joint,True,True,1224.3495809999995,1274.349584827873,0,-5,-45,0,6371.747924139367,0,-15,-15,-3.827873570116935e-06
stage3-round-calibrated-p3-0024-22419a73d38d63f5,3,calibrated,smoothed_joint,mixed_correlated150_after_observable_screen,development,immediate,joint,True,True,1719.8215810000002,1700.8215840765229,0,-14,33,0,8504.107920382616,0,11,11,-3.0765227165829856e-06
stage3-round-calibrated-p3-0024-22419a73d38d63f5,3,calibrated,smoothed_joint,mixed_correlated150_after_observable_screen,development,scan_then_clear,joint,True,True,315.4869870000002,367.4869878439263,0,-4,-48,0,1837.434939219631,0,-16,-16,-8.439260454906616e-07
stage3-round-calibrated-p3-0026-3107c8fcb07e9dc3,3,calibrated,smoothed_joint,mixed_extreme150_after_observable_screen,development,immediate,joint,True,True,2215.316218,2180.316217945819,0,-19,54,0,10901.581089729098,0,18,18,5.418087312136777e-08
stage3-round-calibrated-p3-0026-3107c8fcb07e9dc3,3,calibrated,smoothed_joint,mixed_extreme150_after_observable_screen,development,scan_then_clear,joint,True,True,997.6334149999993,1007.6334167050613,0,-4,-6,0,5038.167083525306,0,-2,-2,-1.7050620044756215e-06
stage3-round-calibrated-p3-0027-d17020043de298d6,3,calibrated,broad_joint,mixed_extreme150_after_observable_screen,development,immediate,joint,True,True,2297.38289,2269.3828947996262,0,-20,48,0,11346.914473998135,0,16,16,-4.799626367457677e-06
stage3-round-calibrated-p3-0027-d17020043de298d6,3,calibrated,broad_joint,mixed_extreme150_after_observable_screen,development,scan_then_clear,joint,True,True,493.9582650000002,546.9582671397029,0,-5,-48,0,2734.7913356985155,0,-16,-16,-2.1397027012426406e-06
stage3-round-calibrated-p3-0029-8d7ebbd30597d2b0,3,calibrated,broad_joint,mixed_correlated150_after_observable_screen,development,immediate,joint,True,True,1861.1998699999995,1826.1998699701326,0,-16,51,0,9130.999349850663,0,17,17,2.986689651152119e-08
stage3-round-calibrated-p3-0029-8d7ebbd30597d2b0,3,calibrated,broad_joint,mixed_correlated150_after_observable_screen,development,scan_then_clear,joint,True,True,715.5022229999995,746.5022188889889,0,-1,-30,0,3732.5110944449443,0,-10,-10,4.11101063946262e-06
stage3-round-calibrated-p3-0030-c77a6567e38139a0,3,calibrated,smoothed_joint,mixed_extreme150_after_observable_screen,development,immediate,joint,True,True,1089.835956,1104.835959655728,0,-15,0,0,5524.1797982786375,0,0,0,-3.6557280509441625e-06
stage3-round-calibrated-p3-0030-c77a6567e38139a0,3,calibrated,smoothed_joint,mixed_extreme150_after_observable_screen,development,scan_then_clear,joint,True,True,-248.94382600000063,-200.9438264701298,0,-3,-45,0,-1004.7191323506486,0,-15,-15,4.7012918003019877e-07
stage3-round-calibrated-p3-0031-4fec995b37d8057c,3,calibrated,broad_joint,mixed_extreme150_after_observable_screen,development,immediate,joint,True,True,1797.4143139999996,1810.4143196981058,0,-19,6,0,9052.071598490526,0,2,2,-5.698106178897433e-06
stage3-round-calibrated-p3-0031-4fec995b37d8057c,3,calibrated,broad_joint,mixed_extreme150_after_observable_screen,development,scan_then_clear,joint,True,True,510.5108680000003,515.5108702503685,0,-5,0,0,2577.5543512518416,0,0,0,-2.250368197564967e-06
stage3-round-calibrated-p3-0032-c6fc168899a6c72f,3,calibrated,smoothed_joint,mixed_correlated150_after_observable_screen,development,immediate,joint,True,True,1827.2068269999995,1832.2068311010448,0,-17,12,0,9161.034155505225,0,4,4,-4.101045306015294e-06
stage3-round-calibrated-p3-0032-c6fc168899a6c72f,3,calibrated,smoothed_joint,mixed_correlated150_after_observable_screen,development,scan_then_clear,joint,True,True,634.1661939999999,642.1661957810898,0,-5,-3,0,3210.8309789054474,0,-1,-1,-1.7810898498282768e-06
stage3-round-calibrated-p3-0033-13ea86c5726dc628,3,calibrated,broad_joint,mixed_correlated150_after_observable_screen,development,immediate,joint,True,True,2292.626483,2265.6264849431877,-20,-22,69,0,11328.13242471594,-4,23,23,-1.943187726283213e-06
stage3-round-calibrated-p3-0033-13ea86c5726dc628,3,calibrated,broad_joint,mixed_correlated150_after_observable_screen,development,scan_then_clear,joint,True,True,1038.1841620000005,1052.184157837472,0,-2,-12,0,5260.920789187359,0,-4,-4,4.162528512097197e-06
stage3-round-calibrated-p3-0034-f26e20935c0e30eb,3,calibrated,smoothed_joint,mixed_extreme150_after_observable_screen,development,immediate,joint,True,True,3288.848175,3308.8481792113107,-30,-26,36,0,16544.24089605655,-6,12,12,-4.21131062466884e-06
stage3-round-calibrated-p3-0034-f26e20935c0e30eb,3,calibrated,smoothed_joint,mixed_extreme150_after_observable_screen,development,scan_then_clear,joint,True,True,1397.0607449999998,1393.060743950291,0,-5,9,0,6965.303719751457,0,3,3,1.0497087714611553e-06
stage3-round-calibrated-p3-0035-629238ec7a348460,3,calibrated,broad_joint,mixed_extreme150_after_observable_screen,development,immediate,joint,True,True,1851.311106,1839.311111736518,0,-15,27,0,9196.55555868259,0,9,9,-5.736517778132111e-06
stage3-round-calibrated-p3-0035-629238ec7a348460,3,calibrated,broad_joint,mixed_extreme150_after_observable_screen,development,scan_then_clear,joint,True,True,441.94838700000037,457.94839120414326,0,-4,-12,0,2289.7419560207163,0,-4,-4,-4.204142896924168e-06
stage3-round-calibrated-p3-0036-c7aca80e3db78349,3,calibrated,smoothed_joint,mixed_correlated150_after_observable_screen,development,immediate,joint,True,True,1999.3450679999996,1991.3450707087732,0,-13,21,0,9956.725353543867,0,7,7,-2.708773536141962e-06
stage3-round-calibrated-p3-0036-c7aca80e3db78349,3,calibrated,smoothed_joint,mixed_correlated150_after_observable_screen,development,scan_then_clear,joint,True,True,591.9550580000005,639.9550575548292,0,-3,-45,0,3199.775287774146,0,-15,-15,4.4517128117149696e-07
stage3-round-calibrated-p3-0037-b34aa0941b07e4c0,3,calibrated,broad_joint,mixed_correlated150_after_observable_screen,development,immediate,joint,True,True,1418.2286730000005,1392.2286758044665,0,-13,39,0,6961.143379022335,0,13,13,-2.8044660211890005e-06
stage3-round-calibrated-p3-0037-b34aa0941b07e4c0,3,calibrated,broad_joint,mixed_correlated150_after_observable_screen,development,scan_then_clear,joint,True,True,2.924502000000757,56.92450189664714,0,-3,-51,0,284.6225094832371,0,-17,-17,1.033536136674229e-07
stage3-round-calibrated-p3-0038-ac4d4d7b24e59f33,3,calibrated,smoothed_joint,mixed_extreme150_after_observable_screen,development,immediate,joint,True,True,2894.455744,2894.4557485775567,-50,-28,78,0,14472.278742887782,-10,26,26,-4.577556865115184e-06
stage3-round-calibrated-p3-0038-ac4d4d7b24e59f33,3,calibrated,smoothed_joint,mixed_extreme150_after_observable_screen,development,scan_then_clear,joint,True,True,725.1518510000005,738.1518532666742,0,-4,-9,0,3690.759266333367,0,-3,-3,-2.266673618578352e-06
stage3-round-calibrated-p3-0039-87520cfa546207e4,3,calibrated,broad_joint,mixed_extreme150_after_observable_screen,development,immediate,joint,True,True,2412.802044,2406.8020480452087,0,-18,24,0,12034.010240226045,0,8,8,-4.045208697789349e-06
stage3-round-calibrated-p3-0039-87520cfa546207e4,3,calibrated,broad_joint,mixed_extreme150_after_observable_screen,development,scan_then_clear,joint,True,True,1560.7629719999995,1585.7629711233712,0,-4,-21,0,7928.814855616856,0,-7,-7,8.766282917349599e-07
stage3-round-calibrated-p3-0040-df5fb08bf51b0ee0,3,calibrated,smoothed_joint,mixed_correlated150_after_observable_screen,development,immediate,joint,True,True,2215.5566500000004,2175.556654530431,0,-14,54,0,10877.783272652156,0,18,18,-4.530430487648118e-06
stage3-round-calibrated-p3-0040-df5fb08bf51b0ee0,3,calibrated,smoothed_joint,mixed_correlated150_after_observable_screen,development,scan_then_clear,joint,True,True,68.42060899999979,96.4206103259512,0,-4,-24,0,482.10305162975783,0,-8,-8,-1.3259514162200503e-06
stage3-round-calibrated-p3-0041-ca94fbe83bf3440f,3,calibrated,broad_joint,mixed_correlated150_after_observable_screen,development,immediate,joint,True,True,2547.9744020000003,2537.974405234939,0,-14,24,0,12689.872026174695,0,8,8,-3.2349385037377942e-06
stage3-round-calibrated-p3-0041-ca94fbe83bf3440f,3,calibrated,broad_joint,mixed_correlated150_after_observable_screen,development,scan_then_clear,joint,True,True,626.4040690000006,651.4040708680677,0,-4,-21,0,3257.0203543403386,0,-7,-7,-1.8680671018955763e-06
stage3-round-calibrated-p3-0042-753518708985429e,3,calibrated,smoothed_joint,mixed_extreme150_after_observable_screen,development,immediate,joint,True,True,2022.570991,1991.5709957902995,0,-14,45,0,9957.854978951498,0,15,15,-4.790299499290995e-06
stage3-round-calibrated-p3-0042-753518708985429e,3,calibrated,smoothed_joint,mixed_extreme150_after_observable_screen,development,scan_then_clear,joint,True,True,538.3971239999996,551.3971236657767,0,-4,-9,0,2756.985618328883,0,-3,-3,3.342229319969192e-07
stage3-round-calibrated-p3-0043-08e501c26fd919f6,3,calibrated,broad_joint,mixed_extreme150_after_observable_screen,development,immediate,joint,True,True,2841.798127,2850.798130482687,-70,-32,93,0,14253.990652413435,-14,31,31,-3.4826871342374943e-06
stage3-round-calibrated-p3-0043-08e501c26fd919f6,3,calibrated,broad_joint,mixed_extreme150_after_observable_screen,development,scan_then_clear,joint,True,True,384.1426879999999,359.1426892025638,0,-5,30,0,1795.7134460128218,0,10,10,-1.2025639080093242e-06
stage3-round-calibrated-p3-0044-596e50ae268a0059,3,calibrated,smoothed_joint,mixed_correlated150_after_observable_screen,development,immediate,joint,True,True,2186.852315,2102.8523203714713,0,-21,105,0,10514.261601857357,0,35,35,-5.371471161197405e-06
stage3-round-calibrated-p3-0044-596e50ae268a0059,3,calibrated,smoothed_joint,mixed_correlated150_after_observable_screen,development,scan_then_clear,joint,True,True,688.9255970000004,633.9255988993909,0,-5,60,0,3169.6279944969574,0,20,20,-1.8993905541719869e-06
stage3-round-calibrated-p3-0045-7d753ad5f2825ebc,3,calibrated,broad_joint,mixed_correlated150_after_observable_screen,development,immediate,joint,True,True,1851.0614690000002,1814.0614713878604,0,-14,51,0,9070.307356939302,0,17,17,-2.3878601496107876e-06
stage3-round-calibrated-p3-0045-7d753ad5f2825ebc,3,calibrated,broad_joint,mixed_correlated150_after_observable_screen,development,scan_then_clear,joint,True,True,563.7702410000002,566.7702403108892,0,-3,0,0,2833.8512015544475,0,0,0,6.89110947860172e-07
stage3-round-calibrated-p3-0046-4e99b4afc559bd79,3,calibrated,smoothed_joint,mixed_extreme150_after_observable_screen,development,immediate,joint,True,True,2637.9939749999994,2642.993979695673,0,-17,12,0,13214.969898478364,0,4,4,-4.695673396781785e-06
stage3-round-calibrated-p3-0046-4e99b4afc559bd79,3,calibrated,smoothed_joint,mixed_extreme150_after_observable_screen,development,scan_then_clear,joint,True,True,744.9711359999992,766.971139143719,0,-4,-18,0,3834.855695718594,0,-6,-6,-3.1437198231287766e-06
stage3-round-calibrated-p3-0047-787f203877673440,3,calibrated,broad_joint,mixed_extreme150_after_observable_screen,development,immediate,joint,True,True,1460.6573600000002,1442.6573631912638,0,-15,33,0,7213.286815956319,0,11,11,-3.1912636586639564e-06
stage3-round-calibrated-p3-0047-787f203877673440,3,calibrated,broad_joint,mixed_extreme150_after_observable_screen,development,scan_then_clear,joint,True,True,10.174238999999943,38.17424156082188,0,-4,-24,0,190.87120780410987,0,-8,-8,-2.5608219402784016e-06
stage3-round-calibrated-p3-0048-e9cee4eedf48f3ee,3,calibrated,smoothed_joint,mixed_correlated150_after_observable_screen,development,immediate,joint,True,True,-180.4100469999994,-145.41004412245547,0,-14,-21,0,-727.0502206122765,0,-7,-7,-2.8775439204764552e-06
stage3-round-calibrated-p3-0048-e9cee4eedf48f3ee,3,calibrated,smoothed_joint,mixed_correlated150_after_observable_screen,development,scan_then_clear,joint,True,True,-185.41023499999937,-189.4102362243184,0,-2,6,0,-947.0511811215911,0,2,2,1.2243190212757327e-06
stage3-round-calibrated-p3-0051-d8748a369d0e465d,3,calibrated,broad_joint,mixed_extreme150_after_observable_screen,development,immediate,joint,True,True,1707.8737970000002,1661.873804735701,0,-17,63,0,8309.369023678504,0,21,21,-7.735700819466729e-06
stage3-round-calibrated-p3-0051-d8748a369d0e465d,3,calibrated,broad_joint,mixed_extreme150_after_observable_screen,development,scan_then_clear,joint,True,True,257.6457989999999,276.6458042310769,0,-4,-15,0,1383.2290211553845,0,-5,-5,-5.231077011558227e-06
stage3-round-calibrated-p3-0052-eac7f07b9d697b1b,3,calibrated,smoothed_joint,mixed_correlated150_after_observable_screen,development,immediate,joint,True,True,1493.9342959999994,1482.934299192801,0,-16,27,0,7414.671495964005,0,9,9,-3.1928016142046545e-06
stage3-round-calibrated-p3-0052-eac7f07b9d697b1b,3,calibrated,smoothed_joint,mixed_correlated150_after_observable_screen,development,scan_then_clear,joint,True,True,867.9416169999995,896.9416194437395,0,-5,-24,0,4484.708097218696,0,-8,-8,-2.4437399588350672e-06
stage3-round-calibrated-p3-0053-605ac4f5fafee21e,3,calibrated,broad_joint,mixed_correlated150_after_observable_screen,development,immediate,joint,True,True,2204.0069519999997,2178.006957256872,0,-19,45,0,10890.034786284356,0,15,15,-5.256872100289911e-06
stage3-round-calibrated-p3-0053-605ac4f5fafee21e,3,calibrated,broad_joint,mixed_correlated150_after_observable_screen,development,scan_then_clear,joint,True,True,615.4336839999996,631.4336828926143,0,-4,-12,0,3157.168414463071,0,-4,-4,1.1073852874687873e-06
stage3-round-calibrated-p3-0054-71e14413e147d28c,3,calibrated,smoothed_joint,mixed_extreme150_after_observable_screen,development,immediate,joint,True,True,1594.3523260000002,1617.3523282597166,0,-14,-9,0,8086.761641298584,0,-3,-3,-2.25971643885714e-06
stage3-round-calibrated-p3-0054-71e14413e147d28c,3,calibrated,smoothed_joint,mixed_extreme150_after_observable_screen,development,scan_then_clear,joint,True,True,292.7136099999998,316.71361221139614,0,-3,-21,0,1583.5680610569798,0,-7,-7,-2.211396349593997e-06
stage3-round-calibrated-p3-0055-04952b1788eb6f29,3,calibrated,broad_joint,mixed_extreme150_after_observable_screen,development,immediate,joint,True,True,2263.688182,2269.6881877232113,0,-15,9,0,11348.440938616055,0,3,3,-5.723211415897822e-06
stage3-round-calibrated-p3-0055-04952b1788eb6f29,3,calibrated,broad_joint,mixed_extreme150_after_observable_screen,development,scan_then_clear,joint,True,True,799.7545030000001,813.7545014645134,0,-5,-9,0,4068.7725073225665,0,-3,-3,1.535486717330059e-06
stage3-round-calibrated-p3-0056-86b44b645abdf90d,3,calibrated,smoothed_joint,mixed_correlated150_after_observable_screen,development,immediate,joint,True,True,1300.055209,1308.0552112607202,0,-14,6,0,6540.276056303599,0,2,2,-2.2607200662605464e-06
stage3-round-calibrated-p3-0056-86b44b645abdf90d,3,calibrated,smoothed_joint,mixed_correlated150_after_observable_screen,development,scan_then_clear,joint,True,True,-30.577550999999403,-5.577551068657158,0,-4,-21,0,-27.8877553432867,0,-7,-7,6.865775503683835e-08
stage3-round-calibrated-p3-0057-38453a2f5a4f7511,3,calibrated,broad_joint,mixed_correlated150_after_observable_screen,development,immediate,joint,True,True,2130.4643180000003,2072.464320453115,0,-17,75,0,10362.321602265576,0,25,25,-2.4531145754735917e-06
stage3-round-calibrated-p3-0057-38453a2f5a4f7511,3,calibrated,broad_joint,mixed_correlated150_after_observable_screen,development,scan_then_clear,joint,True,True,210.14532099999997,233.1453209626843,0,-2,-21,0,1165.7266048134225,0,-7,-7,3.731565811904147e-08
stage3-round-calibrated-p3-0058-5fcb14410712aa5e,3,calibrated,smoothed_joint,mixed_extreme150_after_observable_screen,development,immediate,joint,True,True,1976.7975139999999,1967.797518824702,0,-15,24,0,9838.987594123508,0,8,8,-4.824702045880258e-06
stage3-round-calibrated-p3-0058-5fcb14410712aa5e,3,calibrated,smoothed_joint,mixed_extreme150_after_observable_screen,development,scan_then_clear,joint,True,True,1094.328907,1099.328909361654,0,-5,0,0,5496.644546808271,0,0,0,-2.3616539692739025e-06
stage3-round-calibrated-p3-0059-7c64df4875a3b53d,3,calibrated,broad_joint,mixed_extreme150_after_observable_screen,development,immediate,joint,True,True,1608.0492629999999,1584.0492642549325,0,-15,39,0,7920.2463212746625,0,13,13,-1.2549326129374094e-06
stage3-round-calibrated-p3-0059-7c64df4875a3b53d,3,calibrated,broad_joint,mixed_extreme150_after_observable_screen,development,scan_then_clear,joint,True,True,828.6030700000001,846.6030677730159,0,-3,-15,0,4233.01533886508,0,-5,-5,2.2269841792876832e-06
stage3-round-calibrated-p3-0060-775080333ab60374,3,calibrated,smoothed_joint,mixed_correlated150_after_observable_screen,development,immediate,joint,True,True,1702.000199,1680.0002016799672,0,-14,36,0,8400.001008399835,0,12,12,-2.679967110452708e-06
stage3-round-calibrated-p3-0060-775080333ab60374,3,calibrated,smoothed_joint,mixed_correlated150_after_observable_screen,development,scan_then_clear,joint,True,True,744.2684440000003,777.2684440875018,0,-3,-30,0,3886.3422204375092,0,-10,-10,-8.750157576287165e-08
stage3-round-calibrated-p3-0064-15a54c74a75bd629,3,calibrated,smoothed_joint,mixed_correlated150_after_observable_screen,development,immediate,joint,True,True,2718.603051,2734.603054885838,-30,-25,39,0,13673.015274429192,-6,13,13,-3.8858379411976784e-06
stage3-round-calibrated-p3-0064-15a54c74a75bd629,3,calibrated,smoothed_joint,mixed_correlated150_after_observable_screen,development,scan_then_clear,joint,True,True,346.055018,371.05501603790435,0,-4,-21,0,1855.2750801895236,0,-7,-7,1.9620956663857214e-06
stage3-round-calibrated-p3-0066-e1de637408e14015,3,calibrated,smoothed_joint,mixed_extreme150_after_observable_screen,development,immediate,joint,True,True,2994.1040409999996,2963.1040437555957,0,-20,51,0,14815.52021877798,0,17,17,-2.7555961423786357e-06
stage3-round-calibrated-p3-0066-e1de637408e14015,3,calibrated,smoothed_joint,mixed_extreme150_after_observable_screen,development,scan_then_clear,joint,True,True,1296.5070750000004,1311.5070747794725,0,-6,-9,0,6557.535373897361,0,-3,-3,2.2052790882298723e-07
stage3-round-calibrated-p3-0067-6cd543d89ac8177d,3,calibrated,broad_joint,mixed_extreme150_after_observable_screen,development,immediate,joint,True,True,1417.8036519999996,1348.8036577886833,0,-15,84,0,6744.0182889434145,0,28,28,-5.788683665741701e-06
stage3-round-calibrated-p3-0067-6cd543d89ac8177d,3,calibrated,broad_joint,mixed_extreme150_after_observable_screen,development,scan_then_clear,joint,True,True,-252.65576800000053,-242.65576642858423,0,-4,-6,0,-1213.2788321429216,0,-2,-2,-1.5714163055235986e-06
stage3-round-calibrated-p3-0068-84c5dafb3bcc3d61,3,calibrated,smoothed_joint,mixed_correlated150_after_observable_screen,development,immediate,joint,True,True,2511.042128,2495.0421297857497,0,-17,33,0,12475.210648928747,0,11,11,-1.7857496459328104e-06
stage3-round-calibrated-p3-0068-84c5dafb3bcc3d61,3,calibrated,smoothed_joint,mixed_correlated150_after_observable_screen,development,scan_then_clear,joint,True,True,173.69881600000008,188.69881552319976,0,-3,-12,0,943.4940776160001,0,-4,-4,4.768003236677032e-07
stage3-round-calibrated-p3-0069-4b0e8743790df192,3,calibrated,broad_joint,mixed_correlated150_after_observable_screen,development,immediate,joint,True,True,3416.7379200000005,3357.7379248392335,0,-19,78,0,16788.689624196166,0,26,26,-4.839233042730484e-06
stage3-round-calibrated-p3-0069-4b0e8743790df192,3,calibrated,broad_joint,mixed_correlated150_after_observable_screen,development,scan_then_clear,joint,True,True,721.5207030000001,765.5207041674539,0,-5,-39,0,3827.603520837267,0,-13,-13,-1.167453774542082e-06
stage3-round-calibrated-p3-0071-b966368fd9d82c14,3,calibrated,broad_joint,mixed_extreme150_after_observable_screen,development,immediate,joint,True,True,3243.3693989999997,3218.369402097282,0,-17,42,0,16091.847010486408,0,14,14,-3.0972823878983036e-06
stage3-round-calibrated-p3-0071-b966368fd9d82c14,3,calibrated,broad_joint,mixed_extreme150_after_observable_screen,development,scan_then_clear,joint,True,True,1060.4576220000004,1107.4576239528947,0,-5,-42,0,5537.288119764473,0,-14,-14,-1.9528943084878847e-06
stage3-round-calibrated-p3-0072-f3c7df429acce61e,3,calibrated,smoothed_joint,mixed_correlated150_after_observable_screen,development,immediate,joint,True,True,899.482892,914.4828934058141,0,-15,0,0,4572.41446702907,0,0,0,-1.4058141459827311e-06
stage3-round-calibrated-p3-0072-f3c7df429acce61e,3,calibrated,smoothed_joint,mixed_correlated150_after_observable_screen,development,scan_then_clear,joint,True,True,653.4050379999999,660.4050368908556,0,-4,-3,0,3302.0251844542763,0,-1,-1,1.1091442502220161e-06
stage3-round-calibrated-p3-0074-b42c1966dd829f69,3,calibrated,smoothed_joint,mixed_extreme150_after_observable_screen,development,immediate,joint,True,True,783.6301940000003,795.6301961498239,0,-15,3,0,3978.1509807491166,0,1,1,-2.1498235582839698e-06
stage3-round-calibrated-p3-0074-b42c1966dd829f69,3,calibrated,smoothed_joint,mixed_extreme150_after_observable_screen,development,scan_then_clear,joint,True,True,770.2418960000005,796.2418952247208,0,-5,-21,0,3981.209476123604,0,-7,-7,7.752796591375954e-07
stage3-round-calibrated-p3-0077-5121cabafbfb988c,3,calibrated,broad_joint,mixed_correlated150_after_observable_screen,development,immediate,joint,True,True,1934.9363330000006,1945.9363372050075,0,-17,6,0,9729.68168602504,0,2,2,-4.205006916890852e-06
stage3-round-calibrated-p3-0077-5121cabafbfb988c,3,calibrated,broad_joint,mixed_correlated150_after_observable_screen,development,scan_then_clear,joint,True,True,571.6388670000006,561.6388641392659,0,-2,12,0,2808.1943206963297,0,4,4,2.860734639398288e-06
stage3-round-calibrated-p3-0079-2603d9f8f4b14cb0,3,calibrated,broad_joint,mixed_extreme150_after_observable_screen,development,immediate,joint,True,True,2483.0467590000007,2495.046761765392,0,-18,6,0,12475.23380882696,0,2,2,-2.76539140031673e-06
stage3-round-calibrated-p3-0079-2603d9f8f4b14cb0,3,calibrated,broad_joint,mixed_extreme150_after_observable_screen,development,scan_then_clear,joint,True,True,166.16383700000006,215.16383837536978,0,-4,-45,0,1075.8191918768498,0,-15,-15,-1.3753697203355841e-06
stage3-round-calibrated-p4-0000-81e09e9a347ba46e,4,calibrated,smoothed_joint,mixed_correlated150_after_observable_screen,development,immediate,joint,True,True,-455.1042550000002,-139.10425937008222,-240,-61,-15,0,-695.5212968504129,-48,-5,-5,4.370082024252042e-06
stage3-round-calibrated-p4-0000-81e09e9a347ba46e,4,calibrated,smoothed_joint,mixed_correlated150_after_observable_screen,development,scan_then_clear,joint,True,True,108.47086599999966,89.47086633073741,0,-8,27,0,447.35433165368886,0,9,9,-3.3073774829972535e-07
stage3-round-calibrated-p4-0001-f619a86d736aef29,4,calibrated,broad_joint,mixed_correlated150_after_observable_screen,development,immediate,joint,True,True,821.7101320000002,909.7101299166316,0,-16,-72,0,4548.550649583165,0,-24,-24,2.0833685994148254e-06
stage3-round-calibrated-p4-0001-f619a86d736aef29,4,calibrated,broad_joint,mixed_correlated150_after_observable_screen,development,scan_then_clear,joint,True,True,354.84511399999974,372.8451120876707,0,-6,-12,0,1864.2255604383608,0,-4,-4,1.9123290257994086e-06
stage3-round-calibrated-p4-0002-9827e0e5fb9042f8,4,calibrated,smoothed_joint,mixed_extreme150_after_observable_screen,development,immediate,joint,True,True,1936.6201729999993,2160.620169913609,0,-26,-198,0,10803.100849568043,0,-66,-66,3.086390279349871e-06
stage3-round-calibrated-p4-0002-9827e0e5fb9042f8,4,calibrated,smoothed_joint,mixed_extreme150_after_observable_screen,development,scan_then_clear,joint,True,True,788.0440799999997,790.0440770638652,0,-11,9,0,3950.2203853193278,0,3,3,2.936134478659369e-06
stage3-round-calibrated-p4-0003-d1e156aad77f3705,4,calibrated,broad_joint,mixed_extreme150_after_observable_screen,development,immediate,joint,True,True,2691.800303,2666.8003007593397,0,-17,42,0,13334.001503796695,0,14,14,2.2406602511182427e-06
stage3-round-calibrated-p4-0003-d1e156aad77f3705,4,calibrated,broad_joint,mixed_extreme150_after_observable_screen,development,scan_then_clear,joint,True,True,701.3731480000006,836.3731494462027,0,-6,-129,0,4181.865747231015,0,-43,-43,-1.4462020772043616e-06
stage3-round-calibrated-p4-0005-dc19e1b93ead6ac2,4,calibrated,broad_joint,mixed_correlated150_after_observable_screen,development,immediate,joint,True,True,1234.3937499999993,1329.3937491109536,0,-23,-72,0,6646.968745554768,0,-24,-24,8.890456228982657e-07
stage3-round-calibrated-p4-0005-dc19e1b93ead6ac2,4,calibrated,broad_joint,mixed_correlated150_after_observable_screen,development,scan_then_clear,joint,True,True,-28.065726000000723,254.9342739685835,0,-10,-273,0,1274.6713698429157,0,-91,-91,3.141576598864049e-08
stage3-round-calibrated-p4-0006-cd7a25d78b221379,4,calibrated,smoothed_joint,mixed_extreme150_after_observable_screen,development,immediate,joint,True,True,2449.6771180000014,2405.6771183159362,0,-19,63,0,12028.385591579681,0,21,21,-3.159348125336692e-07
stage3-round-calibrated-p4-0006-cd7a25d78b221379,4,calibrated,smoothed_joint,mixed_extreme150_after_observable_screen,development,scan_then_clear,joint,True,True,1969.2450930000014,1758.245094338019,0,-8,219,0,8791.225471690093,0,73,73,-1.3380176824284717e-06
stage3-round-calibrated-p4-0007-11e13d30509eb669,4,calibrated,broad_joint,mixed_extreme150_after_observable_screen,development,immediate,joint,True,True,1987.9177619999991,1885.9177628418583,0,-15,117,0,9429.588814209288,0,39,39,-8.418592187808827e-07
stage3-round-calibrated-p4-0007-11e13d30509eb669,4,calibrated,broad_joint,mixed_extreme150_after_observable_screen,development,scan_then_clear,joint,True,True,562.1597779999993,531.1597760098193,0,-5,36,0,2655.7988800491003,0,12,12,1.9901799532817677e-06
stage3-round-calibrated-p4-0008-d39582c629caa348,4,calibrated,smoothed_joint,mixed_correlated150_after_observable_screen,development,immediate,joint,True,True,890.9332959999992,933.9332927474206,-240,-61,258,0,4669.6664637371,-48,86,86,3.252578608226031e-06
stage3-round-calibrated-p4-0008-d39582c629caa348,4,calibrated,smoothed_joint,mixed_correlated150_after_observable_screen,development,scan_then_clear,joint,True,True,851.3171189999994,826.3171180283352,0,-8,33,0,4131.585590141673,0,11,11,9.716641216073185e-07
stage3-round-calibrated-p4-0009-e98cd10a2e791bad,4,calibrated,broad_joint,mixed_correlated150_after_observable_screen,development,immediate,joint,True,True,2542.2067929999994,2344.2067918873818,0,-18,216,0,11721.033959436907,0,72,72,1.112617610488087e-06
stage3-round-calibrated-p4-0009-e98cd10a2e791bad,4,calibrated,broad_joint,mixed_correlated150_after_observable_screen,development,scan_then_clear,joint,True,True,1193.1430929999988,1029.1430909018873,0,-7,171,0,5145.715454509438,0,57,57,2.0981115085305646e-06
stage3-round-calibrated-p4-0010-c871357802efa9b3,4,calibrated,smoothed_joint,mixed_extreme150_after_observable_screen,development,immediate,joint,True,True,2277.7278349999997,2173.727836510303,0,-22,126,0,10868.63918255151,0,42,42,-1.5103032637853175e-06
stage3-round-calibrated-p4-0010-c871357802efa9b3,4,calibrated,smoothed_joint,mixed_extreme150_after_observable_screen,development,scan_then_clear,joint,True,True,629.4192160000002,687.4192170784663,0,-7,-51,0,3437.0960853923316,0,-17,-17,-1.0784660844365135e-06
stage3-round-calibrated-p4-0011-0e71437b6480ac46,4,calibrated,broad_joint,mixed_extreme150_after_observable_screen,development,immediate,joint,True,True,1790.0427289999989,1646.0427273387631,0,-21,165,0,8230.213636693821,0,55,55,1.6612357285339385e-06
stage3-round-calibrated-p4-0011-0e71437b6480ac46,4,calibrated,broad_joint,mixed_extreme150_after_observable_screen,development,scan_then_clear,joint,True,True,-660.4368880000002,-500.4368871283132,0,-7,-153,0,-2502.1844356415604,0,-51,-51,-8.716870070202276e-07
stage3-round-calibrated-p4-0012-789b95926e7a900c,4,calibrated,smoothed_joint,mixed_correlated150_after_observable_screen,development,immediate,joint,True,True,2991.102164,2758.1021617119104,0,-16,249,0,13790.510808559557,0,83,83,2.288089490320999e-06
stage3-round-calibrated-p4-0012-789b95926e7a900c,4,calibrated,smoothed_joint,mixed_correlated150_after_observable_screen,development,scan_then_clear,joint,True,True,1153.7432040000003,1202.74320366164,0,-4,-45,0,6013.7160183082015,0,-15,-15,3.3836022339528427e-07
stage3-round-calibrated-p4-0013-ad6cbf68d693a677,4,calibrated,broad_joint,mixed_correlated150_after_observable_screen,development,immediate,joint,True,True,129.84928899999977,451.84928627939917,0,-22,-300,0,2259.2464313969977,0,-100,-100,2.720600605243817e-06
stage3-round-calibrated-p4-0013-ad6cbf68d693a677,4,calibrated,broad_joint,mixed_correlated150_after_observable_screen,development,scan_then_clear,joint,True,True,-1022.1820929999994,-635.182094161084,0,-9,-378,0,-3175.9104708054147,0,-126,-126,1.1610845831455663e-06
stage3-round-calibrated-p4-0014-5f53bf0e3822f778,4,calibrated,smoothed_joint,mixed_extreme150_after_observable_screen,development,immediate,joint,True,True,1279.7832629999994,1780.783263430185,0,-24,-477,0,8903.916317150928,0,-159,-159,-4.301855369703844e-07
stage3-round-calibrated-p4-0014-5f53bf0e3822f778,4,calibrated,smoothed_joint,mixed_extreme150_after_observable_screen,development,scan_then_clear,joint,True,True,1064.4947730000004,1068.4947724868725,0,-10,6,0,5342.473862434359,0,2,2,5.131278157932684e-07
stage3-round-calibrated-p4-0015-9d5c91fff62d1ca7,4,calibrated,broad_joint,mixed_extreme150_after_observable_screen,development,immediate,joint,True,True,1598.5005140000012,1709.500514519339,0,-21,-90,0,8547.502572596692,0,-30,-30,-5.193378456169739e-07
stage3-round-calibrated-p4-0015-9d5c91fff62d1ca7,4,calibrated,broad_joint,mixed_extreme150_after_observable_screen,development,scan_then_clear,joint,True,True,372.4098720000002,486.4098730015303,0,-6,-108,0,2432.0493650076533,0,-36,-36,-1.001530108624138e-06
stage3-round-calibrated-p4-0017-ddf253acc4cbd499,4,calibrated,broad_joint,mixed_correlated150_after_observable_screen,development,immediate,joint,True,True,1812.5724320000008,1816.572429964087,0,-19,15,0,9082.86214982043,0,5,5,2.0359138943604194e-06
stage3-round-calibrated-p4-0017-ddf253acc4cbd499,4,calibrated,broad_joint,mixed_correlated150_after_observable_screen,development,scan_then_clear,joint,True,True,1360.7533870000007,1378.7533879185276,0,-9,-9,0,6893.766939592635,0,-3,-3,-9.185268936562352e-07
stage3-round-calibrated-p4-0018-16691437227b1c3e,4,calibrated,smoothed_joint,mixed_extreme150_after_observable_screen,development,immediate,joint,True,True,2798.939091,2978.939090232003,0,-24,-156,0,14894.69545116002,0,-52,-52,7.679973350604996e-07
stage3-round-calibrated-p4-0018-16691437227b1c3e,4,calibrated,smoothed_joint,mixed_extreme150_after_observable_screen,development,scan_then_clear,joint,True,True,844.9396899999992,959.9396933961361,0,-10,-105,0,4799.698466980684,0,-35,-35,-3.396136889932677e-06
stage3-round-calibrated-p4-0019-2cfe5084266d79b6,4,calibrated,broad_joint,mixed_extreme150_after_observable_screen,development,immediate,joint,True,True,3027.0141280000007,3052.0141281749147,0,-19,-6,0,15260.070640874568,0,-2,-2,-1.7491402104496956e-07
stage3-round-calibrated-p4-0019-2cfe5084266d79b6,4,calibrated,broad_joint,mixed_extreme150_after_observable_screen,development,scan_then_clear,joint,True,True,905.3418750000001,997.3418758435437,0,-5,-87,0,4986.709379217718,0,-29,-29,-8.435436029685661e-07
stage3-round-calibrated-p4-0020-869990e971cdc956,4,calibrated,smoothed_joint,mixed_correlated150_after_observable_screen,development,immediate,joint,True,True,1859.407165999999,1813.4071672101636,0,-17,63,0,9067.035836050825,0,21,21,-1.2101645552320406e-06
stage3-round-calibrated-p4-0020-869990e971cdc956,4,calibrated,smoothed_joint,mixed_correlated150_after_observable_screen,development,scan_then_clear,joint,True,True,995.5174029999998,1069.5174044073574,0,-5,-69,0,5347.587022036794,0,-23,-23,-1.4073575584916398e-06
stage3-round-calibrated-p4-0021-82d77ce370fc184b,4,calibrated,broad_joint,mixed_correlated150_after_observable_screen,development,immediate,joint,True,True,938.2935949999992,952.2935973601016,-155,-48,189,0,4761.467986800511,-31,63,63,-2.360102371312678e-06
stage3-round-calibrated-p4-0021-82d77ce370fc184b,4,calibrated,broad_joint,mixed_correlated150_after_observable_screen,development,scan_then_clear,joint,True,True,621.4206570000006,671.420658945879,0,-8,-42,0,3357.1032947294007,0,-14,-14,-1.9458784663584083e-06
stage3-round-calibrated-p4-0022-4f173ffcfa7924c8,4,calibrated,smoothed_joint,mixed_extreme150_after_observable_screen,development,immediate,joint,True,True,1906.414972999999,1811.414970429798,0,-22,117,0,9057.074852148995,0,39,39,2.570201104390435e-06
stage3-round-calibrated-p4-0022-4f173ffcfa7924c8,4,calibrated,smoothed_joint,mixed_extreme150_after_observable_screen,development,scan_then_clear,joint,True,True,-28.96897600000011,113.03102006230802,0,-7,-135,0,565.1551003115455,0,-45,-45,3.93769187212456e-06
stage3-round-calibrated-p4-0023-6be56a701fc6e00f,4,calibrated,broad_joint,mixed_extreme150_after_observable_screen,development,immediate,joint,True,True,2241.574405000001,2115.574405865089,0,-24,150,0,10577.872029325445,0,50,50,-8.650877134641632e-07
stage3-round-calibrated-p4-0023-6be56a701fc6e00f,4,calibrated,broad_joint,mixed_extreme150_after_observable_screen,development,scan_then_clear,joint,True,True,997.3590110000005,1055.3590125582687,0,-10,-48,0,5276.795062791338,0,-16,-16,-1.5582681953674182e-06
stage3-round-calibrated-p4-0024-0b91eabfecdeb0dd,4,calibrated,smoothed_joint,mixed_correlated150_after_observable_screen,development,immediate,joint,True,True,1774.405655999999,1733.405656495781,0,-16,57,0,8667.028282478903,0,19,19,-4.957819328410551e-07
stage3-round-calibrated-p4-0024-0b91eabfecdeb0dd,4,calibrated,smoothed_joint,mixed_correlated150_after_observable_screen,development,scan_then_clear,joint,True,True,281.0408469999984,356.0408453812506,0,-6,-69,0,1780.2042269062513,0,-23,-23,1.6187477740459144e-06
stage3-round-calibrated-p4-0025-e786dbc7306786c0,4,calibrated,broad_joint,mixed_correlated150_after_observable_screen,development,immediate,joint,True,True,1989.731077999999,2095.7310776178892,0,-22,-84,0,10478.655388089443,0,-28,-28,3.8210964703466743e-07
stage3-round-calibrated-p4-0025-e786dbc7306786c0,4,calibrated,broad_joint,mixed_correlated150_after_observable_screen,development,scan_then_clear,joint,True,True,624.1867219999986,820.1867203294441,0,-10,-186,0,4100.933601647215,0,-62,-62,1.670554411248304e-06
stage3-round-calibrated-p4-0027-1ddc8be342d66a0f,4,calibrated,broad_joint,mixed_extreme150_after_observable_screen,development,immediate,joint,True,True,64.60052199999882,306.60052129679025,-235,-58,51,0,1533.0026064839549,-47,17,17,7.032085704850033e-07
stage3-round-calibrated-p4-0027-1ddc8be342d66a0f,4,calibrated,broad_joint,mixed_extreme150_after_observable_screen,development,scan_then_clear,joint,True,True,1671.105212999999,1630.1052132070145,80,6,-45,0,8150.526066035069,16,-15,-15,-2.0701554603874683e-07
stage3-round-calibrated-p4-0028-c5324a0516179430,4,calibrated,smoothed_joint,mixed_correlated150_after_observable_screen,development,immediate,joint,True,True,2068.689617,1886.6896171042763,0,-16,198,0,9433.448085521377,0,66,66,-1.0427629604237154e-07
stage3-round-calibrated-p4-0028-c5324a0516179430,4,calibrated,smoothed_joint,mixed_correlated150_after_observable_screen,development,scan_then_clear,joint,True,True,215.3034179999995,311.30342087826375,0,-6,-90,0,1556.5171043913142,0,-30,-30,-2.8782642402802594e-06
stage3-round-calibrated-p4-0031-1efea84902da3a1c,4,calibrated,broad_joint,mixed_extreme150_after_observable_screen,development,immediate,joint,True,True,2572.4786939999995,2527.478692805543,0,-18,63,0,12637.393464027715,0,21,21,1.1944566722377203e-06
stage3-round-calibrated-p4-0031-1efea84902da3a1c,4,calibrated,broad_joint,mixed_extreme150_after_observable_screen,development,scan_then_clear,joint,True,True,728.070169999999,832.0701718078644,0,-5,-99,0,4160.350859039325,0,-33,-33,-1.8078653738484718e-06
stage3-round-calibrated-p4-0032-8d8b8103d309cf50,4,calibrated,smoothed_joint,mixed_correlated150_after_observable_screen,development,immediate,joint,True,True,1437.8627719999986,1428.8627692657483,-125,-40,174,0,7144.31384632874,-25,58,58,2.734250301728025e-06
stage3-round-calibrated-p4-0032-8d8b8103d309cf50,4,calibrated,smoothed_joint,mixed_correlated150_after_observable_screen,development,scan_then_clear,joint,True,True,568.3715589999993,570.3715553710481,0,-5,3,0,2851.857776855235,0,1,1,3.628951162681915e-06
stage3-round-calibrated-p4-0034-5a91233dcd07b1f8,4,calibrated,smoothed_joint,mixed_extreme150_after_observable_screen,development,immediate,joint,True,True,1273.4405339999994,1260.4405316869852,0,-14,27,0,6302.202658434922,0,9,9,2.3130141926230863e-06
stage3-round-calibrated-p4-0034-5a91233dcd07b1f8,4,calibrated,smoothed_joint,mixed_extreme150_after_observable_screen,development,scan_then_clear,joint,True,True,811.5339160000003,782.5339194658009,0,-4,33,0,3912.6695973290043,0,11,11,-3.4658005461096764e-06
stage3-round-calibrated-p4-0035-d5f6d1e9b46ce7e2,4,calibrated,broad_joint,mixed_extreme150_after_observable_screen,development,immediate,joint,True,True,621.338244999999,1001.3382448624179,0,-20,-360,0,5006.69122431209,0,-120,-120,1.375810825265944e-07
stage3-round-calibrated-p4-0035-d5f6d1e9b46ce7e2,4,calibrated,broad_joint,mixed_extreme150_after_observable_screen,development,scan_then_clear,joint,True,True,1300.9291699999994,901.9291694018593,0,-6,405,0,4509.645847009298,0,135,135,5.981401045573875e-07
stage3-round-calibrated-p4-0036-f538a71f9ec4e05e,4,calibrated,smoothed_joint,mixed_correlated150_after_observable_screen,development,immediate,joint,True,True,1709.1939310000016,1660.193928296996,0,-20,69,0,8300.969641484982,0,23,23,2.703005520743318e-06
stage3-round-calibrated-p4-0036-f538a71f9ec4e05e,4,calibrated,smoothed_joint,mixed_correlated150_after_observable_screen,development,scan_then_clear,joint,True,True,1979.8496220000015,1577.849620866038,0,-6,408,0,7889.248104330189,0,136,136,1.1339634511386976e-06
stage3-round-calibrated-p4-0037-476adecb78151877,4,calibrated,broad_joint,mixed_correlated150_after_observable_screen,development,immediate,joint,True,True,992.4280399999989,987.428044280492,-200,-53,258,0,4937.140221402464,-40,86,86,-4.280493158148602e-06
stage3-round-calibrated-p4-0037-476adecb78151877,4,calibrated,broad_joint,mixed_correlated150_after_observable_screen,development,scan_then_clear,joint,True,True,549.5918490000004,576.5918470523211,0,-6,-21,0,2882.959235261609,0,-7,-7,1.9476792658679187e-06
stage3-round-calibrated-p4-0038-64544d277b1b4722,4,calibrated,smoothed_joint,mixed_extreme150_after_observable_screen,development,immediate,joint,True,True,1504.185966000001,1561.185965490694,0,-15,-42,0,7805.929827453467,0,-14,-14,5.093070285511203e-07
stage3-round-calibrated-p4-0038-64544d277b1b4722,4,calibrated,smoothed_joint,mixed_extreme150_after_observable_screen,development,scan_then_clear,joint,True,True,1590.5228160000006,1405.5228188085248,0,-4,189,0,7027.614094042627,0,63,63,-2.8085241865483113e-06
stage3-round-calibrated-p4-0039-d96bfdcbe70f4168,4,calibrated,broad_joint,mixed_extreme150_after_observable_screen,development,immediate,joint,True,True,1387.920137000001,1391.9201327525861,0,-13,9,0,6959.6006637629325,0,3,3,4.24741483584512e-06
stage3-round-calibrated-p4-0039-d96bfdcbe70f4168,4,calibrated,broad_joint,mixed_extreme150_after_observable_screen,development,scan_then_clear,joint,True,True,974.6950699999998,970.6950688525576,0,-2,6,0,4853.475344262792,0,2,2,1.1474421626189724e-06
stage3-round-calibrated-p4-0042-03808217a7ac2fe7,4,calibrated,smoothed_joint,mixed_extreme150_after_observable_screen,development,immediate,joint,True,True,1192.369748000001,1141.369749774467,0,-15,66,0,5706.848748872333,0,22,22,-1.7744659999152645e-06
stage3-round-calibrated-p4-0042-03808217a7ac2fe7,4,calibrated,smoothed_joint,mixed_extreme150_after_observable_screen,development,scan_then_clear,joint,True,True,1434.779359,1013.7793624415572,0,-5,426,0,5068.896812207786,0,142,142,-3.441557055339217e-06
stage3-round-calibrated-p4-0043-d978297a2bed0d8f,4,calibrated,broad_joint,mixed_extreme150_after_observable_screen,development,immediate,joint,True,True,1816.358592999999,1985.358594003057,0,-22,-147,0,9926.792970015282,0,-49,-49,-1.0030580597231165e-06
stage3-round-calibrated-p4-0043-d978297a2bed0d8f,4,calibrated,broad_joint,mixed_extreme150_after_observable_screen,development,scan_then_clear,joint,True,True,2045.4922449999995,2006.4922435421267,80,7,-48,0,10032.461217710632,16,-16,-16,1.4578727132175118e-06
stage3-round-calibrated-p4-0044-c91742c70a7b2ebb,4,calibrated,smoothed_joint,mixed_correlated150_after_observable_screen,development,immediate,joint,True,True,1631.6118869999991,1885.6118867734913,0,-23,-231,0,9428.059433867464,0,-77,-77,2.2650783648714423e-07
stage3-round-calibrated-p4-0044-c91742c70a7b2ebb,4,calibrated,smoothed_joint,mixed_correlated150_after_observable_screen,development,scan_then_clear,joint,True,True,-68.08296300000075,135.91703804340068,0,-9,-195,0,679.5851902170034,0,-65,-65,-1.04340142570436e-06
stage3-round-calibrated-p4-0046-b8795460d642bb5f,4,calibrated,smoothed_joint,mixed_extreme150_after_observable_screen,development,immediate,joint,True,True,2532.977537999999,2430.9775376763246,0,-24,126,0,12154.88768838162,0,42,42,3.236746124457568e-07
stage3-round-calibrated-p4-0046-b8795460d642bb5f,4,calibrated,smoothed_joint,mixed_extreme150_after_observable_screen,development,scan_then_clear,joint,True,True,734.872793999999,665.8727947026273,0,-9,78,0,3329.3639735131364,0,26,26,-7.026283128652722e-07
stage3-round-calibrated-p4-0047-f40a712062c15aba,4,calibrated,broad_joint,mixed_extreme150_after_observable_screen,development,immediate,joint,True,True,1486.043009000001,1629.0430108695036,0,-17,-126,0,8145.215054347522,0,-42,-42,-1.869502739282325e-06
stage3-round-calibrated-p4-0047-f40a712062c15aba,4,calibrated,broad_joint,mixed_extreme150_after_observable_screen,development,scan_then_clear,joint,True,True,2300.9797070000004,2005.9797077942003,0,-2,297,0,10029.898538971007,0,99,99,-7.941998774185777e-07
stage3-round-calibrated-p4-0048-2d96380dd0e72aa7,4,calibrated,smoothed_joint,mixed_correlated150_after_observable_screen,development,immediate,joint,True,True,496.2374770000006,1078.2374694404552,0,-24,-558,0,5391.187347202278,0,-186,-186,7.559545338153839e-06
stage3-round-calibrated-p4-0048-2d96380dd0e72aa7,4,calibrated,smoothed_joint,mixed_correlated150_after_observable_screen,development,scan_then_clear,joint,True,True,-1283.9399030000004,-743.9399100041173,0,-9,-531,0,-3719.6995500205885,0,-177,-177,7.004116923781112e-06
stage3-round-calibrated-p4-0049-6c03284cd754072e,4,calibrated,broad_joint,mixed_correlated150_after_observable_screen,development,immediate,joint,True,True,1703.8530929999997,1812.8530924644456,0,-22,-87,0,9064.265462322233,0,-29,-29,5.355541361495852e-07
stage3-round-calibrated-p4-0049-6c03284cd754072e,4,calibrated,broad_joint,mixed_correlated150_after_observable_screen,development,scan_then_clear,joint,True,True,1236.171945,1174.1719450819564,0,-7,69,0,5870.859725409784,0,23,23,-8.195638656616211e-08
stage3-round-calibrated-p4-0051-f089b7522106fe35,4,calibrated,broad_joint,mixed_extreme150_after_observable_screen,development,immediate,joint,True,True,1548.9545799999996,2074.954578055058,0,-22,-504,0,10374.772890275293,0,-168,-168,1.9449416868155822e-06
stage3-round-calibrated-p4-0051-f089b7522106fe35,4,calibrated,broad_joint,mixed_extreme150_after_observable_screen,development,scan_then_clear,joint,True,True,-183.96904499999982,294.03095460307486,0,-10,-468,0,1470.1547730153761,0,-156,-156,3.9692531572654843e-07
stage3-round-calibrated-p4-0052-73779999ac7324a8,4,calibrated,smoothed_joint,mixed_correlated150_after_observable_screen,development,immediate,joint,True,True,1584.69326,1688.693260043854,0,-20,-84,0,8443.466300219268,0,-28,-28,-4.3854015530087054e-08
stage3-round-calibrated-p4-0052-73779999ac7324a8,4,calibrated,smoothed_joint,mixed_correlated150_after_observable_screen,development,scan_then_clear,joint,True,True,2352.6506370000006,2001.650636827073,0,-6,357,0,10008.253184135363,0,119,119,1.7292768461629748e-07
stage3-round-calibrated-p4-0053-0a5be7f4519d468c,4,calibrated,broad_joint,mixed_correlated150_after_observable_screen,development,immediate,joint,True,True,2434.6098939999993,2324.6098935981972,0,-19,129,0,11623.049467990983,0,43,43,4.018020263174549e-07
stage3-round-calibrated-p4-0053-0a5be7f4519d468c,4,calibrated,broad_joint,mixed_correlated150_after_observable_screen,development,scan_then_clear,joint,True,True,826.1713849999996,864.171391258511,0,-5,-33,0,4320.856956292555,0,-11,-11,-6.258511348278262e-06
stage3-round-calibrated-p4-0055-b5daa4e04df44e1c,4,calibrated,broad_joint,mixed_extreme150_after_observable_screen,development,immediate,joint,True,True,2263.307616,2199.3076097775884,0,-23,87,0,10996.538048887938,0,29,29,6.222411684575491e-06
stage3-round-calibrated-p4-0055-b5daa4e04df44e1c,4,calibrated,broad_joint,mixed_extreme150_after_observable_screen,development,scan_then_clear,joint,True,True,1218.8373080000001,815.8373042832518,0,-8,411,0,4079.186521416261,0,137,137,3.7167483242228627e-06
stage3-round-calibrated-p4-0056-b0e70e83c14655ef,4,calibrated,smoothed_joint,mixed_correlated150_after_observable_screen,development,immediate,joint,True,True,1950.7727599999998,1905.7727598859656,-100,-38,183,0,9528.863799429826,-20,61,61,1.1403426469769329e-07
stage3-round-calibrated-p4-0056-b0e70e83c14655ef,4,calibrated,smoothed_joint,mixed_correlated150_after_observable_screen,development,scan_then_clear,joint,True,True,769.8141539999997,760.814153720039,0,-6,15,0,3804.0707686001915,0,5,5,2.7996065909974277e-07
stage3-round-calibrated-p4-0057-b49a95b683a206e8,4,calibrated,broad_joint,mixed_correlated150_after_observable_screen,development,immediate,joint,True,True,2719.6575289999982,2599.6575262065635,0,-21,141,0,12998.287631032821,0,47,47,2.7934347599511966e-06
stage3-round-calibrated-p4-0057-b49a95b683a206e8,4,calibrated,broad_joint,mixed_correlated150_after_observable_screen,development,scan_then_clear,joint,True,True,544.4553459999988,623.4553472614771,0,-7,-72,0,3117.276736307387,0,-24,-24,-1.2614782463060692e-06
stage3-round-calibrated-p4-0058-21214e6527864dd3,4,calibrated,smoothed_joint,mixed_extreme150_after_observable_screen,development,immediate,joint,True,True,2278.433194000001,2165.433193919591,0,-19,132,0,10827.165969597947,0,44,44,8.041024557314813e-08
stage3-round-calibrated-p4-0058-21214e6527864dd3,4,calibrated,smoothed_joint,mixed_extreme150_after_observable_screen,development,scan_then_clear,joint,True,True,1359.0323910000006,1008.0323916320322,0,-6,357,0,5040.161958160155,0,119,119,-6.320315151242539e-07
stage3-round-calibrated-p4-0059-6e93b8e58e3c0828,4,calibrated,broad_joint,mixed_extreme150_after_observable_screen,development,immediate,joint,True,True,3206.476832999999,2970.476829358433,0,-25,261,0,14852.38414679216,0,87,87,3.6415658541955054e-06
stage3-round-calibrated-p4-0059-6e93b8e58e3c0828,4,calibrated,broad_joint,mixed_extreme150_after_observable_screen,development,scan_then_clear,joint,True,True,909.8483039999992,709.8483022438977,0,-10,210,0,3549.2415112194867,0,70,70,1.7561014828970656e-06
stage3-round-calibrated-p4-0060-13bcc86f7b9cfc45,4,calibrated,smoothed_joint,mixed_correlated150_after_observable_screen,development,immediate,joint,True,True,2544.9297370000004,2412.9297356053767,0,-21,153,0,12064.648678026882,0,51,51,1.394623723172117e-06
stage3-round-calibrated-p4-0060-13bcc86f7b9cfc45,4,calibrated,smoothed_joint,mixed_correlated150_after_observable_screen,development,scan_then_clear,joint,True,True,1851.1781870000013,1587.1781896683106,0,-9,273,0,7935.890948341548,0,91,91,-2.6683092073653825e-06
stage3-round-calibrated-p4-0061-4d9524c88740654c,4,calibrated,broad_joint,mixed_correlated150_after_observable_screen,development,immediate,joint,True,True,3979.1172619999998,3808.1172644447806,-15,-27,213,0,19040.586322223906,-3,71,71,-2.4447808755212463e-06
stage3-round-calibrated-p4-0061-4d9524c88740654c,4,calibrated,broad_joint,mixed_correlated150_after_observable_screen,development,scan_then_clear,joint,True,True,2161.4380839999994,2086.438084563709,80,4,-9,0,10432.190422818545,16,-3,-3,-5.637093636323698e-07
stage3-round-calibrated-p4-0062-b84565d0467af997,4,calibrated,smoothed_joint,mixed_extreme150_after_observable_screen,development,immediate,joint,True,True,3966.518526,3833.518520673466,0,-26,159,0,19167.59260336733,0,53,53,5.326533937477507e-06
stage3-round-calibrated-p4-0062-b84565d0467af997,4,calibrated,smoothed_joint,mixed_extreme150_after_observable_screen,development,scan_then_clear,joint,True,True,716.3851369999993,1003.385136505578,0,-11,-276,0,5016.925682527886,0,-92,-92,4.944213287672028e-07
stage3-round-calibrated-p4-0063-6b0c0e4a49aebb0c,4,calibrated,broad_joint,mixed_extreme150_after_observable_screen,development,immediate,joint,True,True,2759.737531999999,2635.737529451272,0,-17,141,0,13178.68764725636,0,47,47,2.5487270249868743e-06
stage3-round-calibrated-p4-0063-6b0c0e4a49aebb0c,4,calibrated,broad_joint,mixed_extreme150_after_observable_screen,development,scan_then_clear,joint,True,True,1680.506981999999,1720.5069818151633,0,-4,-36,0,8602.534909075817,0,-12,-12,1.8483569874661043e-07
stage3-round-calibrated-p4-0064-b373cf753365ddbe,4,calibrated,smoothed_joint,mixed_correlated150_after_observable_screen,development,immediate,joint,True,True,1576.1525779999993,1741.1525768781066,0,-15,-150,0,8705.76288439054,0,-50,-50,1.1218926374567673e-06
stage3-round-calibrated-p4-0064-b373cf753365ddbe,4,calibrated,smoothed_joint,mixed_correlated150_after_observable_screen,development,scan_then_clear,joint,True,True,443.8610979999994,451.8610985089181,0,-5,-3,0,2259.3054925445904,0,-1,-1,-5.089186743134633e-07
stage3-round-calibrated-p4-0066-b6be899cdf4474a1,4,calibrated,smoothed_joint,mixed_extreme150_after_observable_screen,development,immediate,joint,True,True,1427.2016469999999,1790.2016428773568,0,-21,-342,0,8951.008214386777,0,-114,-114,4.122643076698296e-06
stage3-round-calibrated-p4-0066-b6be899cdf4474a1,4,calibrated,smoothed_joint,mixed_extreme150_after_observable_screen,development,scan_then_clear,joint,True,True,591.9020270000001,797.9020284153667,0,-8,-198,0,3989.510142076826,0,-66,-66,-1.4153665688354522e-06
stage3-round-calibrated-p4-0069-f2d232d9b1138018,4,calibrated,broad_joint,mixed_correlated150_after_observable_screen,development,immediate,joint,True,True,2366.539903000001,2191.539902108185,0,-14,189,0,10957.69951054093,0,63,63,8.918159437598661e-07
stage3-round-calibrated-p4-0069-f2d232d9b1138018,4,calibrated,broad_joint,mixed_correlated150_after_observable_screen,development,scan_then_clear,joint,True,True,302.5990890000012,350.59908984917365,0,-3,-45,0,1752.995449245871,0,-15,-15,-8.491724656778388e-07
stage3-round-calibrated-p4-0070-9f19acb0e55aca80,4,calibrated,smoothed_joint,mixed_extreme150_after_observable_screen,development,immediate,joint,True,True,2190.389148,2081.3891427438302,0,-17,126,0,10406.945713719157,0,42,42,5.256169970380142e-06
stage3-round-calibrated-p4-0070-9f19acb0e55aca80,4,calibrated,smoothed_joint,mixed_extreme150_after_observable_screen,development,scan_then_clear,joint,True,True,881.8469120000009,870.8469079103688,0,-4,15,0,4354.23453955185,0,5,5,4.0896320570027456e-06
stage3-round-calibrated-p4-0072-8eae4fe0fb61db6b,4,calibrated,smoothed_joint,mixed_correlated150_after_observable_screen,development,immediate,joint,True,True,1695.9656599999998,1931.9656588023754,0,-23,-213,0,9659.82829401188,0,-71,-71,1.1976244422839954e-06
stage3-round-calibrated-p4-0072-8eae4fe0fb61db6b,4,calibrated,smoothed_joint,mixed_correlated150_after_observable_screen,development,scan_then_clear,joint,True,True,875.2947069999991,940.2947062821877,0,-8,-57,0,4701.473531410942,0,-19,-19,7.178114174166694e-07
stage3-round-calibrated-p4-0073-73fb549911a3af85,4,calibrated,broad_joint,mixed_correlated150_after_observable_screen,development,immediate,joint,True,True,2715.415053999999,2703.4150511011394,0,-24,36,0,13517.075255505697,0,12,12,2.8988597478019074e-06
stage3-round-calibrated-p4-0073-73fb549911a3af85,4,calibrated,broad_joint,mixed_correlated150_after_observable_screen,development,scan_then_clear,joint,True,True,1119.6683299999986,1130.6683303090758,0,-11,0,0,5653.341651545372,0,0,0,-3.090772224823013e-07
stage3-round-calibrated-p4-0074-911cc8d7a34d7f43,4,calibrated,smoothed_joint,mixed_extreme150_after_observable_screen,development,immediate,joint,True,True,2765.2560700000013,2763.256064923129,0,-22,24,0,13816.280324615647,0,8,8,5.076872184872627e-06
stage3-round-calibrated-p4-0074-911cc8d7a34d7f43,4,calibrated,smoothed_joint,mixed_extreme150_after_observable_screen,development,scan_then_clear,joint,True,True,466.44234400000096,568.4423435741883,0,-9,-93,0,2842.2117178709377,0,-31,-31,4.258126864442602e-07
stage3-round-calibrated-p4-0076-5e632d2793b047a6,4,calibrated,smoothed_joint,mixed_correlated150_after_observable_screen,development,immediate,joint,True,True,2617.8616079999993,2563.8616069802592,0,-21,75,0,12819.308034901296,0,25,25,1.0197400115430355e-06
stage3-round-calibrated-p4-0076-5e632d2793b047a6,4,calibrated,smoothed_joint,mixed_correlated150_after_observable_screen,development,scan_then_clear,joint,True,True,379.8592499999995,547.8592516121371,0,-9,-159,0,2739.2962580606836,0,-53,-53,-1.6121375665534288e-06
stage3-round-calibrated-p4-0077-acc06fb71a44b6fd,4,calibrated,broad_joint,mixed_correlated150_after_observable_screen,development,immediate,joint,True,True,3375.9012810000004,3299.9012810730164,0,-23,99,0,16499.506405365086,0,33,33,-7.301605364773422e-08
stage3-round-calibrated-p4-0077-acc06fb71a44b6fd,4,calibrated,broad_joint,mixed_correlated150_after_observable_screen,development,scan_then_clear,joint,True,True,910.3278339999997,981.3278356762694,0,-8,-63,0,4906.639178381352,0,-21,-21,-1.676269675954245e-06
stage3-round-calibrated-p4-0078-6979f047d6c31b14,4,calibrated,smoothed_joint,mixed_extreme150_after_observable_screen,development,immediate,joint,True,True,1455.8326359999992,1502.83263346684,0,-17,-30,0,7514.163167334198,0,-10,-10,2.533159204176627e-06
stage3-round-calibrated-p4-0078-6979f047d6c31b14,4,calibrated,smoothed_joint,mixed_extreme150_after_observable_screen,development,scan_then_clear,joint,True,True,1759.6006739999993,1495.6006730875142,0,-6,270,0,7478.003365437566,0,90,90,9.124851203523576e-07
stage3-round-calibrated-p4-0079-342ed3916bdef7a2,4,calibrated,broad_joint,mixed_extreme150_after_observable_screen,development,immediate,joint,True,True,2193.255105,1929.2551044442998,0,-18,282,0,9646.275522221498,0,94,94,5.557003532885574e-07
stage3-round-calibrated-p4-0079-342ed3916bdef7a2,4,calibrated,broad_joint,mixed_extreme150_after_observable_screen,development,scan_then_clear,joint,True,True,1064.6139280000007,944.6139303358732,0,-6,126,0,4723.069651679361,0,42,42,-2.3358725229627453e-06
stage3-round-stress-p3-0000-eb25c8476c67ffaf,3,stress,stress_design,assumption__radius_min__noise_deterministic__scale_75,development,immediate,joint,True,True,650.5419200000006,651.5419198740328,0,-16,15,0,3257.7095993701623,0,5,5,1.2596774467965588e-07
stage3-round-stress-p3-0000-eb25c8476c67ffaf,3,stress,stress_design,assumption__radius_min__noise_deterministic__scale_75,development,scan_then_clear,joint,True,True,-126.34252500000002,-104.34252462751556,0,-4,-18,0,-521.7126231375769,0,-6,-6,-3.7248446460580453e-07
stage3-round-stress-p3-0001-1188bf8ecbfc196d,3,stress,stress_design,assumption__radius_min__noise_correlated__scale_75,development,immediate,joint,True,True,267.18309600000066,253.18309835899618,0,-16,30,0,1265.9154917949818,0,10,10,-2.35899551626062e-06
stage3-round-stress-p3-0001-1188bf8ecbfc196d,3,stress,stress_design,assumption__radius_min__noise_correlated__scale_75,development,scan_then_clear,joint,True,True,30.748481999999967,56.748484223781816,0,-5,-21,0,283.74242111891,0,-7,-7,-2.2237818484427407e-06
stage3-round-stress-p3-0002-9ff4e5b66f12f18e,3,stress,stress_design,assumption__radius_min__noise_extreme__scale_75,development,immediate,joint,True,True,450.79238199999963,488.79238379889557,0,-17,-21,0,2443.9619189944788,0,-7,-7,-1.7988959370995872e-06
stage3-round-stress-p3-0002-9ff4e5b66f12f18e,3,stress,stress_design,assumption__radius_min__noise_extreme__scale_75,development,scan_then_clear,joint,True,True,82.80306699999983,98.80306584666505,0,-4,-12,0,494.01532923332707,0,-4,-4,1.1533347787917592e-06
stage3-round-stress-p3-0005-ada1a92a350d18f4,3,stress,stress_design,assumption__radius_max__noise_extreme__scale_75,development,immediate,joint,True,True,3582.3646380000005,3440.3646475230844,0,-17,159,0,17201.823237615423,0,53,53,-9.523083917883923e-06
stage3-round-stress-p3-0005-ada1a92a350d18f4,3,stress,stress_design,assumption__radius_max__noise_extreme__scale_75,development,scan_then_clear,joint,True,True,325.89661300000034,340.89661237302744,0,-3,-12,0,1704.4830618651358,0,-4,-4,6.269729055929929e-07
stage3-round-stress-p3-0006-cd93e1ef9c389764,3,stress,stress_design,assumption__radius_mixed__noise_deterministic__scale_75,development,immediate,joint,True,True,222.55796499999997,238.5579662353066,0,-13,-3,0,1192.7898311765312,0,-1,-1,-1.2353066267678514e-06
stage3-round-stress-p3-0006-cd93e1ef9c389764,3,stress,stress_design,assumption__radius_mixed__noise_deterministic__scale_75,development,scan_then_clear,joint,True,True,140.0087709999998,188.00877094760017,0,-3,-45,0,940.0438547379999,0,-15,-15,5.239962774794549e-08
stage3-round-stress-p3-0007-8cb689a604d542d4,3,stress,stress_design,assumption__radius_mixed__noise_correlated__scale_75,development,immediate,joint,True,True,431.3022379999993,412.3022439450815,0,-17,36,0,2061.5112197254093,0,12,12,-5.945082193647977e-06
stage3-round-stress-p3-0007-8cb689a604d542d4,3,stress,stress_design,assumption__radius_mixed__noise_correlated__scale_75,development,scan_then_clear,joint,True,True,-234.5154790000006,-208.5154744239244,0,-5,-21,0,-1042.5773721196201,0,-7,-7,-4.576076207740698e-06
stage3-round-stress-p3-0009-44ad5722837e1d92,3,stress,stress_design,assumption__radius_min__noise_deterministic__scale_150,development,immediate,joint,True,True,35.37173299999995,54.37173529738084,0,-16,-3,0,271.8586764869069,0,-1,-1,-2.2973808881943114e-06
stage3-round-stress-p3-0009-44ad5722837e1d92,3,stress,stress_design,assumption__radius_min__noise_deterministic__scale_150,development,scan_then_clear,joint,True,True,-185.23401999999987,-142.2340153090572,0,-4,-39,0,-711.1700765452842,0,-13,-13,-4.6909426600905135e-06
stage3-round-stress-p3-0010-466f6bdfebfb31b2,3,stress,stress_design,assumption__radius_min__noise_correlated__scale_150,development,immediate,joint,True,True,-746.8120789999998,-630.8120753116891,-80,-30,-6,0,-3154.0603765584474,-16,-2,-2,-3.6883106986351777e-06
stage3-round-stress-p3-0010-466f6bdfebfb31b2,3,stress,stress_design,assumption__radius_min__noise_correlated__scale_150,development,scan_then_clear,joint,True,True,509.40611599999966,449.4061154822798,40,5,15,0,2247.0305774113986,8,5,5,5.177198545425199e-07
stage3-round-stress-p3-0011-b680d76011d596f0,3,stress,stress_design,assumption__radius_min__noise_extreme__scale_150,development,immediate,joint,True,True,2565.662991,2466.6629986290363,0,-15,114,0,12333.31499314518,0,38,38,-7.6290361903375015e-06
stage3-round-stress-p3-0011-b680d76011d596f0,3,stress,stress_design,assumption__radius_min__noise_extreme__scale_150,development,scan_then_clear,joint,True,True,-86.69696899999963,-63.69696748220076,0,-2,-21,0,-318.48483741100426,0,-7,-7,-1.5177988643699791e-06
stage3-round-stress-p3-0012-0adb29311dec7242,3,stress,stress_design,assumption__radius_max__noise_deterministic__scale_150,development,immediate,joint,True,True,2394.469392,2378.4693943565444,0,-20,36,0,11892.346971782721,0,12,12,-2.356544428039342e-06
stage3-round-stress-p3-0012-0adb29311dec7242,3,stress,stress_design,assumption__radius_max__noise_deterministic__scale_150,development,scan_then_clear,joint,True,True,-218.32358999999997,-168.32358829101122,0,-5,-45,0,-841.617941455057,0,-15,-15,-1.7089887478505261e-06
stage3-round-stress-p3-0013-c2aca088b62bac57,3,stress,stress_design,assumption__radius_max__noise_correlated__scale_150,development,immediate,joint,True,True,936.0829120000008,930.0829159031273,0,-15,21,0,4650.414579515633,0,7,7,-3.90312652598368e-06
stage3-round-stress-p3-0013-c2aca088b62bac57,3,stress,stress_design,assumption__radius_max__noise_correlated__scale_150,development,scan_then_clear,joint,True,True,129.90905199999997,137.90905273117642,0,-5,-3,0,689.5452636558803,0,-1,-1,-7.311764420592226e-07
stage3-round-stress-p3-0014-87b73d9f25cfae7e,3,stress,stress_design,assumption__radius_max__noise_extreme__scale_150,development,immediate,joint,True,True,121.74492800000007,141.74493380050035,0,-14,-6,0,708.7246690025022,0,-2,-2,-5.8005002756544854e-06
stage3-round-stress-p3-0014-87b73d9f25cfae7e,3,stress,stress_design,assumption__radius_max__noise_extreme__scale_150,development,scan_then_clear,joint,True,True,68.42107600000054,76.42107524030689,0,-2,-6,0,382.1053762015363,0,-2,-2,7.596936484333128e-07
stage3-round-stress-p3-0015-40012244ba3d6bb0,3,stress,stress_design,assumption__radius_mixed__noise_deterministic__scale_150,development,immediate,joint,True,True,206.83670600000005,216.8367089059384,0,-13,3,0,1084.1835445296892,0,1,1,-2.905938345065806e-06
stage3-round-stress-p3-0015-40012244ba3d6bb0,3,stress,stress_design,assumption__radius_mixed__noise_deterministic__scale_150,development,scan_then_clear,joint,True,True,-97.61432200000036,-25.61432070631554,0,-3,-69,0,-128.07160353157815,0,-23,-23,-1.2936848179379012e-06
stage3-round-stress-p3-0016-5c187dcdf9efce39,3,stress,stress_design,assumption__radius_mixed__noise_correlated__scale_150,development,immediate,joint,True,True,569.4648299999999,590.4648379010073,0,-15,-6,0,2952.324189505038,0,-2,-2,-7.90100739322952e-06
stage3-round-stress-p3-0016-5c187dcdf9efce39,3,stress,stress_design,assumption__radius_mixed__noise_correlated__scale_150,development,scan_then_clear,joint,True,True,-125.09429300000056,-120.09429065540371,0,-2,-3,0,-600.4714532770195,0,-1,-1,-2.344596850889502e-06
stage3-round-stress-p3-0017-9e2ff01b26f69590,3,stress,stress_design,assumption__radius_mixed__noise_extreme__scale_150,development,immediate,joint,True,True,2021.794406,1938.7944135694443,-80,-29,192,0,9693.972067847219,-16,64,64,-7.569444278487936e-06
stage3-round-stress-p3-0017-9e2ff01b26f69590,3,stress,stress_design,assumption__radius_mixed__noise_extreme__scale_150,development,scan_then_clear,joint,True,True,549.2751360000002,513.2751382243987,40,5,-9,0,2566.3756911219934,8,-3,-3,-2.2243984858505428e-06
stage3-round-stress-p3-0018-0998279f654d6540,3,stress,stress_design,assumption__radius_min__noise_deterministic__scale_300,development,immediate,joint,True,True,637.7268320000003,621.7268327797146,0,-17,33,0,3108.6341638985723,0,11,11,-7.797143553034402e-07
stage3-round-stress-p3-0018-0998279f654d6540,3,stress,stress_design,assumption__radius_min__noise_deterministic__scale_300,development,scan_then_clear,joint,True,True,-297.29112199999963,-267.29112111091854,0,-3,-27,0,-1336.4556055545909,0,-9,-9,-8.890810931916349e-07
stage3-round-stress-p3-0020-f055735d3c9f1a41,3,stress,stress_design,assumption__radius_min__noise_extreme__scale_300,development,immediate,joint,True,True,64.19518400000015,76.19518910242186,0,-12,0,0,380.9759455121093,0,0,0,-5.102421710034832e-06
stage3-round-stress-p3-0020-f055735d3c9f1a41,3,stress,stress_design,assumption__radius_min__noise_extreme__scale_300,development,scan_then_clear,joint,True,True,56.62633300000016,56.62633375247469,0,-3,3,0,283.131668762373,0,1,1,-7.524745342379902e-07
stage3-round-stress-p3-0021-29a11de908d9c30d,3,stress,stress_design,assumption__radius_max__noise_deterministic__scale_300,development,immediate,joint,True,True,743.5704570000007,738.5704575734917,0,-16,21,0,3692.8522878674557,0,7,7,-5.734909791499376e-07
stage3-round-stress-p3-0021-29a11de908d9c30d,3,stress,stress_design,assumption__radius_max__noise_deterministic__scale_300,development,scan_then_clear,joint,True,True,-87.37764699999934,-64.37764529714423,0,-5,-18,0,-321.8882264857202,0,-6,-6,-1.7028551155817695e-06
stage3-round-stress-p3-0022-d084df49d65d3358,3,stress,stress_design,assumption__radius_max__noise_correlated__scale_300,development,immediate,joint,True,True,26.783141000000796,41.78314693045422,0,-12,-3,0,208.91573465226975,0,-1,-1,-5.93045342611731e-06
stage3-round-stress-p3-0022-d084df49d65d3358,3,stress,stress_design,assumption__radius_max__noise_correlated__scale_300,development,scan_then_clear,joint,True,True,-310.40650999999934,-309.40650570368825,0,-1,0,0,-1547.0325285184408,0,0,0,-4.296311090001836e-06
stage3-round-stress-p3-0023-f4465425ed9bb474,3,stress,stress_design,assumption__radius_max__noise_extreme__scale_300,development,immediate,joint,True,True,2532.0890259999996,2411.089032977121,0,-14,135,0,12055.445164885605,0,45,45,-6.977121302043088e-06
stage3-round-stress-p3-0023-f4465425ed9bb474,3,stress,stress_design,assumption__radius_max__noise_extreme__scale_300,development,scan_then_clear,joint,True,True,390.5246189999998,377.5246214161789,0,-2,15,0,1887.6231070808935,0,5,5,-2.4161790861398913e-06
stage3-round-stress-p3-0024-97eda124048bd7db,3,stress,stress_design,assumption__radius_mixed__noise_deterministic__scale_300,development,immediate,joint,True,True,1962.4665730000006,1964.466575018797,0,-20,18,0,9822.332875093987,0,6,6,-2.018796294578351e-06
stage3-round-stress-p3-0024-97eda124048bd7db,3,stress,stress_design,assumption__radius_mixed__noise_deterministic__scale_300,development,scan_then_clear,joint,True,True,-198.1804319999992,-145.18043128064528,0,-5,-48,0,-725.9021564032228,0,-16,-16,-7.193539204308763e-07
stage3-round-stress-p3-0025-6e1c9a7fd215cc5e,3,stress,stress_design,assumption__radius_mixed__noise_correlated__scale_300,development,immediate,joint,True,True,1285.7337120000002,1273.7337116345352,0,-18,30,0,6368.668558172678,0,10,10,3.6546498449752107e-07
stage3-round-stress-p3-0025-6e1c9a7fd215cc5e,3,stress,stress_design,assumption__radius_mixed__noise_correlated__scale_300,development,scan_then_clear,joint,True,True,-158.39876600000025,-133.39876624526187,0,-4,-21,0,-666.9938312263075,0,-7,-7,2.45261617237702e-07
stage3-round-stress-p3-0028-2335f25ff369fcd7,3,stress,stress_design,assumption__radius_min__noise_correlated__scale_75,development,immediate,joint,True,True,248.88711500000045,273.88712223937455,0,-16,-9,0,1369.4356111968737,0,-3,-3,-7.239374099299312e-06
stage3-round-stress-p3-0028-2335f25ff369fcd7,3,stress,stress_design,assumption__radius_min__noise_correlated__scale_75,development,scan_then_clear,joint,True,True,-420.58275899999944,-419.5827583660698,0,-4,3,0,-2097.9137918303495,0,1,1,-6.33929630566854e-07
stage3-round-stress-p3-0029-dfed1cf7d50a8b3b,3,stress,stress_design,assumption__radius_min__noise_extreme__scale_75,development,immediate,joint,True,True,2348.349909,2232.3499130968894,0,-13,129,0,11161.74956548445,0,43,43,-4.096889369975543e-06
stage3-round-stress-p3-0029-dfed1cf7d50a8b3b,3,stress,stress_design,assumption__radius_min__noise_extreme__scale_75,development,scan_then_clear,joint,True,True,127.89850299999989,127.89850335857818,0,-3,3,0,639.4925167928923,0,1,1,-3.5857829061569646e-07
stage3-round-stress-p3-0030-9ad2a65941a4e182,3,stress,stress_design,assumption__radius_max__noise_deterministic__scale_75,development,immediate,joint,True,True,1717.129935,1705.1299323975527,0,-18,30,0,8525.649661987765,0,10,10,2.602447239041794e-06
stage3-round-stress-p3-0030-9ad2a65941a4e182,3,stress,stress_design,assumption__radius_max__noise_deterministic__scale_75,development,scan_then_clear,joint,True,True,-305.4206549999999,-195.42065421048574,0,-5,-105,0,-977.1032710524269,0,-35,-35,-7.895141607150435e-07
stage3-round-stress-p3-0031-c68a18d43e43f2f8,3,stress,stress_design,assumption__radius_max__noise_correlated__scale_75,development,immediate,joint,True,True,1511.0909270000002,1509.090924881767,-10,-21,33,0,7545.454624408838,-2,11,11,2.118233169312589e-06
stage3-round-stress-p3-0031-c68a18d43e43f2f8,3,stress,stress_design,assumption__radius_max__noise_correlated__scale_75,development,scan_then_clear,joint,True,True,-187.05379699999958,-148.05379540704507,0,-3,-36,0,-740.2689770352226,0,-12,-12,-1.5929545043036342e-06
stage3-round-stress-p3-0032-7971fb4d528b84ae,3,stress,stress_design,assumption__radius_max__noise_extreme__scale_75,development,immediate,joint,True,True,477.36766200000056,501.3676662806638,0,-15,-9,0,2506.83833140332,0,-3,-3,-4.280663233657833e-06
stage3-round-stress-p3-0032-7971fb4d528b84ae,3,stress,stress_design,assumption__radius_max__noise_extreme__scale_75,development,scan_then_clear,joint,True,True,121.89997800000037,131.89997800453057,0,-1,-9,0,659.4998900226528,0,-3,-3,-4.5301931095309556e-09
stage3-round-stress-p3-0033-3724780d62bb6232,3,stress,stress_design,assumption__radius_mixed__noise_deterministic__scale_75,development,immediate,joint,True,True,1174.781739,1159.7817354164545,0,-18,33,0,5798.908677082269,0,11,11,3.583545549190603e-06
stage3-round-stress-p3-0033-3724780d62bb6232,3,stress,stress_design,assumption__radius_mixed__noise_deterministic__scale_75,development,scan_then_clear,joint,True,True,92.95226000000002,153.95226028691468,0,-4,-57,0,769.7613014345734,0,-19,-19,-2.869146555894986e-07
stage3-round-stress-p3-0034-c8aed7b63eb7af95,3,stress,stress_design,assumption__radius_mixed__noise_correlated__scale_75,development,immediate,joint,True,True,389.10455299999967,404.10455431359196,0,-12,-3,0,2020.5227715679612,0,-1,-1,-1.313592292717658e-06
stage3-round-stress-p3-0034-c8aed7b63eb7af95,3,stress,stress_design,assumption__radius_mixed__noise_correlated__scale_75,development,scan_then_clear,joint,True,True,36.83852999999999,29.838526920670574,0,-2,9,0,149.19263460335424,0,3,3,3.079329417232657e-06
stage3-round-stress-p3-0036-f946c44bc138600d,3,stress,stress_design,assumption__radius_min__noise_deterministic__scale_150,development,immediate,joint,True,True,317.4551099999999,302.4551092656161,0,-15,30,0,1512.275546328081,0,10,10,7.343837751250248e-07
stage3-round-stress-p3-0036-f946c44bc138600d,3,stress,stress_design,assumption__radius_min__noise_deterministic__scale_150,development,scan_then_clear,joint,True,True,9.714058000000477,22.714057254057934,0,-4,-9,0,113.57028627028922,0,-3,-3,7.45942543289857e-07
stage3-round-stress-p3-0037-7ee37f869906b766,3,stress,stress_design,assumption__radius_min__noise_correlated__scale_150,development,immediate,joint,True,True,311.308438,315.30843627663944,0,-16,12,0,1576.5421813832,0,4,4,1.723360583127942e-06
stage3-round-stress-p3-0037-7ee37f869906b766,3,stress,stress_design,assumption__radius_min__noise_correlated__scale_150,development,scan_then_clear,joint,True,True,-214.396925,-171.39692647475295,0,-4,-39,0,-856.984632373762,0,-13,-13,1.4747529348824173e-06
stage3-round-stress-p3-0038-4017f61399b51741,3,stress,stress_design,assumption__radius_min__noise_extreme__scale_150,development,immediate,joint,True,True,437.472354,471.47236091222976,-10,-18,-6,0,2357.3618045611493,-2,-2,-2,-6.912229764566291e-06
stage3-round-stress-p3-0038-4017f61399b51741,3,stress,stress_design,assumption__radius_min__noise_extreme__scale_150,development,scan_then_clear,joint,True,True,1043.2955650000004,968.2955680739315,60,9,6,0,4841.477840369656,12,2,2,-3.0739311114302836e-06
stage3-round-stress-p4-0000-32050ea48d26e86f,4,stress,stress_design,assumption__radius_min__noise_deterministic__scale_75,development,immediate,joint,True,True,-282.9347609999986,-37.93475901889178,-40,-31,-174,0,-189.6737950944589,-8,-58,-58,-1.981106834136881e-06
stage3-round-stress-p4-0000-32050ea48d26e86f,4,stress,stress_design,assumption__radius_min__noise_deterministic__scale_75,development,scan_then_clear,joint,True,True,1240.5003730000008,1131.500370531474,0,-8,117,0,5657.501852657369,0,39,39,2.4685268726898357e-06
stage3-round-stress-p4-0001-59b52bbd0e0fc581,4,stress,stress_design,assumption__radius_min__noise_correlated__scale_75,development,immediate,joint,True,True,1354.2347930000014,1497.2347942755987,0,-20,-123,0,7486.17397137799,0,-41,-41,-1.2755972420563921e-06
stage3-round-stress-p4-0001-59b52bbd0e0fc581,4,stress,stress_design,assumption__radius_min__noise_correlated__scale_75,development,scan_then_clear,joint,True,True,746.5821649999998,774.5821663491897,0,-7,-21,0,3872.910831745947,0,-7,-7,-1.3491899153450504e-06
stage3-round-stress-p4-0003-cd02e11530bf5889,4,stress,stress_design,assumption__radius_max__noise_deterministic__scale_75,development,immediate,joint,True,True,2928.2006579999997,2910.2006550623264,0,-24,42,0,14551.003275311632,0,14,14,2.937673343694769e-06
stage3-round-stress-p4-0003-cd02e11530bf5889,4,stress,stress_design,assumption__radius_max__noise_deterministic__scale_75,development,scan_then_clear,joint,True,True,108.24576499999966,74.24576689708192,0,-11,45,0,371.2288344854096,0,15,15,-1.8970822566188872e-06
stage3-round-stress-p4-0004-c354b4cecaed4eea,4,stress,stress_design,assumption__radius_max__noise_correlated__scale_75,development,immediate,joint,True,True,257.91672599999947,276.91672539295087,0,-16,-3,0,1384.5836269647552,0,-1,-1,6.070486051612534e-07
stage3-round-stress-p4-0004-c354b4cecaed4eea,4,stress,stress_design,assumption__radius_max__noise_correlated__scale_75,development,scan_then_clear,joint,True,True,-73.19474900000023,-84.19474748124503,0,-4,15,0,-420.97373740622425,0,5,5,-1.5187551980488934e-06
stage3-round-stress-p4-0005-fb3ad8995c6b6324,4,stress,stress_design,assumption__radius_max__noise_extreme__scale_75,development,immediate,joint,True,True,2175.4732999999997,2019.473298427889,0,-18,174,0,10097.366492139452,0,58,58,1.5721107047284022e-06
stage3-round-stress-p4-0005-fb3ad8995c6b6324,4,stress,stress_design,assumption__radius_max__noise_extreme__scale_75,development,scan_then_clear,joint,True,True,-318.15016599999944,-242.15016638011912,0,-4,-72,0,-1210.7508319005938,0,-24,-24,3.8011967262718827e-07
stage3-round-stress-p4-0006-20b0f53808df3a62,4,stress,stress_design,assumption__radius_mixed__noise_deterministic__scale_75,development,immediate,joint,True,True,2387.558191,2380.558188272281,0,-20,27,0,11902.790941361403,0,9,9,2.7277192202745937e-06
stage3-round-stress-p4-0006-20b0f53808df3a62,4,stress,stress_design,assumption__radius_mixed__noise_deterministic__scale_75,development,scan_then_clear,joint,True,True,333.6047180000005,467.6047161022134,0,-8,-126,0,2338.023580511064,0,-42,-42,1.8977871150127612e-06
stage3-round-stress-p4-0007-5262d8eda0bd300a,4,stress,stress_design,assumption__radius_mixed__noise_correlated__scale_75,development,immediate,joint,True,True,2855.872848000001,2836.8728449560604,0,-26,45,0,14184.3642247803,0,15,15,3.0439405236393213e-06
stage3-round-stress-p4-0007-5262d8eda0bd300a,4,stress,stress_design,assumption__radius_mixed__noise_correlated__scale_75,development,scan_then_clear,joint,True,True,-217.08066599999984,-182.08066729594793,0,-11,-24,0,-910.403336479736,0,-8,-8,1.2959480955032632e-06
stage3-round-stress-p4-0008-62e97b018e2dc3c8,4,stress,stress_design,assumption__radius_mixed__noise_extreme__scale_75,development,immediate,joint,True,True,307.2723679999999,324.27236739630644,0,-14,-3,0,1621.3618369815304,0,-1,-1,6.03693479206413e-07
stage3-round-stress-p4-0008-62e97b018e2dc3c8,4,stress,stress_design,assumption__radius_mixed__noise_extreme__scale_75,development,scan_then_clear,joint,True,True,27.270212999999785,85.27021051689826,0,-4,-54,0,426.3510525844904,0,-18,-18,2.483101525285747e-06
stage3-round-stress-p4-0009-59ba09158629a85f,4,stress,stress_design,assumption__radius_min__noise_deterministic__scale_150,development,immediate,joint,True,True,-799.9485919999988,-602.948591897044,-180,-53,36,0,-3014.742959485222,-36,12,12,-1.0295480024069548e-07
stage3-round-stress-p4-0009-59ba09158629a85f,4,stress,stress_design,assumption__radius_min__noise_deterministic__scale_150,development,scan_then_clear,joint,True,True,-264.6394999999993,-203.6394977233831,0,-10,-51,0,-1018.1974886169191,0,-17,-17,-2.2766162146581337e-06
stage3-round-stress-p4-0012-df2cd637f0d62dbe,4,stress,stress_design,assumption__radius_max__noise_deterministic__scale_150,development,immediate,joint,True,True,2199.0799640000005,2149.0799628404966,0,-19,69,0,10745.399814202487,0,23,23,1.159503881353885e-06
stage3-round-stress-p4-0012-df2cd637f0d62dbe,4,stress,stress_design,assumption__radius_max__noise_deterministic__scale_150,development,scan_then_clear,joint,True,True,461.155804,533.1558034316295,0,-9,-63,0,2665.779017158151,0,-21,-21,5.68370523978956e-07
stage3-round-stress-p4-0013-32a565f5bd6da37b,4,stress,stress_design,assumption__radius_max__noise_correlated__scale_150,development,immediate,joint,True,True,-33.43872300000112,159.56127732951245,-280,-66,153,0,797.8063866475568,-56,51,51,-3.29513568431139e-07
stage3-round-stress-p4-0013-32a565f5bd6da37b,4,stress,stress_design,assumption__radius_max__noise_correlated__scale_150,development,scan_then_clear,joint,True,True,-281.0570680000001,-187.05706706315323,0,-7,-87,0,-935.2853353157698,0,-29,-29,-9.368468454340473e-07
stage3-round-stress-p4-0015-a4eac84ea3c82f83,4,stress,stress_design,assumption__radius_mixed__noise_deterministic__scale_150,development,immediate,joint,True,True,2365.8015720000003,2299.801566195645,0,-21,87,0,11499.007830978226,0,29,29,5.80435516894795e-06
stage3-round-stress-p4-0015-a4eac84ea3c82f83,4,stress,stress_design,assumption__radius_mixed__noise_deterministic__scale_150,development,scan_then_clear,joint,True,True,188.317939999999,273.3179359989499,0,-7,-78,0,1366.5896799947514,0,-26,-26,4.001049092039466e-06
stage3-round-stress-p4-0017-eccd45bbbedbe211,4,stress,stress_design,assumption__radius_mixed__noise_extreme__scale_150,development,immediate,joint,True,True,2024.0029090000007,1960.0029062358772,0,-14,78,0,9800.01453117939,0,26,26,2.7641235647024587e-06
stage3-round-stress-p4-0017-eccd45bbbedbe211,4,stress,stress_design,assumption__radius_mixed__noise_extreme__scale_150,development,scan_then_clear,joint,True,True,656.7386220000008,632.7386207278942,0,-3,27,0,3163.6931036394744,0,9,9,1.2721066013909876e-06
stage3-round-stress-p4-0018-596cf7bb755cef4c,4,stress,stress_design,assumption__radius_min__noise_deterministic__scale_300,development,immediate,joint,True,True,1870.0725669999993,1892.07256359633,0,-25,3,0,9460.362817981644,0,1,1,3.4036693250527605e-06
stage3-round-stress-p4-0018-596cf7bb755cef4c,4,stress,stress_design,assumption__radius_min__noise_deterministic__scale_300,development,scan_then_clear,joint,True,True,622.334832999999,548.3348340888897,0,-10,84,0,2741.6741704444503,0,28,28,-1.0888907127082348e-06
stage3-round-stress-p4-0019-886dc43dccbb69a5,4,stress,stress_design,assumption__radius_min__noise_correlated__scale_300,development,immediate,joint,True,True,2219.200465,2050.2004647774593,0,-20,189,0,10251.002323887296,0,63,63,2.2254062059801072e-07
stage3-round-stress-p4-0019-886dc43dccbb69a5,4,stress,stress_design,assumption__radius_min__noise_correlated__scale_300,development,scan_then_clear,joint,True,True,104.59784299999956,234.5978379078024,0,-7,-123,0,1172.98918953901,0,-41,-41,5.092197170597501e-06
stage3-round-stress-p4-0020-6bb81fe6048b3a1b,4,stress,stress_design,assumption__radius_min__noise_extreme__scale_300,development,immediate,joint,True,True,341.9951869999986,269.9951830546652,0,-15,87,0,1349.975915273324,0,29,29,3.945333446608856e-06
stage3-round-stress-p4-0020-6bb81fe6048b3a1b,4,stress,stress_design,assumption__radius_min__noise_extreme__scale_300,development,scan_then_clear,joint,True,True,630.1006339999985,399.1006337778963,0,-3,234,0,1995.5031688894815,0,78,78,2.2210224415175617e-07
stage3-round-stress-p4-0021-49abcc7a8bf7c0ac,4,stress,stress_design,assumption__radius_max__noise_deterministic__scale_300,development,immediate,joint,True,True,3251.651946,3091.6519435931914,0,-26,186,0,15458.259717965957,0,62,62,2.406808562227525e-06
stage3-round-stress-p4-0021-49abcc7a8bf7c0ac,4,stress,stress_design,assumption__radius_max__noise_deterministic__scale_300,development,scan_then_clear,joint,True,True,-522.6980429999985,-420.6980401275123,0,-12,-90,0,-2103.4902006375632,0,-30,-30,-2.872486220439896e-06
stage3-round-stress-p4-0022-33085648a9413ea9,4,stress,stress_design,assumption__radius_max__noise_correlated__scale_300,development,immediate,joint,True,True,924.0861110000005,891.0861096900971,0,-15,48,0,4455.430548450488,0,16,16,1.309903382207267e-06
stage3-round-stress-p4-0022-33085648a9413ea9,4,stress,stress_design,assumption__radius_max__noise_correlated__scale_300,development,scan_then_clear,joint,True,True,299.7610850000001,277.76108556702275,0,-2,24,0,1388.805427835112,0,8,8,-5.670226528309286e-07
stage3-round-stress-p4-0023-8d1bb79650e3bc6d,4,stress,stress_design,assumption__radius_max__noise_extreme__scale_300,development,immediate,joint,True,True,-613.1923929999994,-364.19239259631377,-300,-63,114,0,-1820.961962981568,-60,38,38,-4.036855898448266e-07
stage3-round-stress-p4-0023-8d1bb79650e3bc6d,4,stress,stress_design,assumption__radius_max__noise_extreme__scale_300,development,scan_then_clear,joint,True,True,3756.830363,3368.8303626601,300,43,45,0,16844.1518133005,60,15,15,3.3989999792538583e-07
stage3-round-stress-p4-0024-6e5860338a33a512,4,stress,stress_design,assumption__radius_mixed__noise_deterministic__scale_300,development,immediate,joint,True,True,2378.641082,2311.641085078678,0,-23,90,0,11558.20542539339,0,30,30,-3.0786777642788365e-06
stage3-round-stress-p4-0024-6e5860338a33a512,4,stress,stress_design,assumption__radius_mixed__noise_deterministic__scale_300,development,scan_then_clear,joint,True,True,917.8842100000002,982.8842139450808,0,-8,-57,0,4914.421069725402,0,-19,-19,-3.9450806070817634e-06
stage3-round-stress-p4-0025-7d2126b3b18ce725,4,stress,stress_design,assumption__radius_mixed__noise_correlated__scale_300,development,immediate,joint,True,True,1830.9360780000006,1876.9360766012187,0,-16,-30,0,9384.680383006096,0,-10,-10,1.3987819329486229e-06
stage3-round-stress-p4-0025-7d2126b3b18ce725,4,stress,stress_design,assumption__radius_mixed__noise_correlated__scale_300,development,scan_then_clear,joint,True,True,1837.610385,1678.6103851313064,0,-6,165,0,8393.051925656531,0,55,55,-1.3130647857906297e-07
stage3-round-stress-p4-0026-4063735142f95e47,4,stress,stress_design,assumption__radius_mixed__noise_extreme__scale_300,development,immediate,joint,True,True,246.52796200000012,288.5279636192927,0,-15,-27,0,1442.6398180964607,0,-9,-9,-1.6192925613722764e-06
stage3-round-stress-p4-0026-4063735142f95e47,4,stress,stress_design,assumption__radius_mixed__noise_extreme__scale_300,development,scan_then_clear,joint,True,True,229.50732099999914,230.50732250277088,0,-4,3,0,1152.5366125138535,0,1,1,-1.502771738159936e-06
stage3-round-stress-p4-0027-351dfd1ca7bede45,4,stress,stress_design,assumption__radius_min__noise_deterministic__scale_75,development,immediate,joint,True,True,1557.746083,1579.746081832067,0,-22,0,0,7898.730409160336,0,0,0,1.1679330782499164e-06
stage3-round-stress-p4-0027-351dfd1ca7bede45,4,stress,stress_design,assumption__radius_min__noise_deterministic__scale_75,development,scan_then_clear,joint,True,True,496.2378580000004,632.2378585912029,0,-10,-126,0,3161.1892929560127,0,-42,-42,-5.912024789722636e-07
stage3-round-stress-p4-0029-de66f5133f0521c9,4,stress,stress_design,assumption__radius_min__noise_extreme__scale_75,development,immediate,joint,True,True,708.6718219999984,498.67182341381886,0,-15,225,0,2493.3591170690925,0,75,75,-1.4138204278424382e-06
stage3-round-stress-p4-0029-de66f5133f0521c9,4,stress,stress_design,assumption__radius_min__noise_extreme__scale_75,development,scan_then_clear,joint,True,True,487.3981699999986,291.39816893864736,0,-5,201,0,1456.9908446932386,0,67,67,1.0613512131385505e-06
stage3-round-stress-p4-0030-2bdec612319db1c9,4,stress,stress_design,assumption__radius_max__noise_deterministic__scale_75,development,immediate,joint,True,True,2451.444765,2384.4447627884274,-130,-46,243,0,11922.223813942139,-26,81,81,2.211572791566141e-06
stage3-round-stress-p4-0030-2bdec612319db1c9,4,stress,stress_design,assumption__radius_max__noise_deterministic__scale_75,development,scan_then_clear,joint,True,True,-311.44284700000026,-187.4428452695829,0,-10,-114,0,-937.2142263479109,0,-38,-38,-1.730417352518998e-06
stage3-round-stress-p4-0032-de680eea9d20be37,4,stress,stress_design,assumption__radius_max__noise_extreme__scale_75,development,immediate,joint,True,True,1016.0879970000005,824.0879923014672,0,-15,207,0,4120.439961507342,0,69,69,4.69853330287151e-06
stage3-round-stress-p4-0032-de680eea9d20be37,4,stress,stress_design,assumption__radius_max__noise_extreme__scale_75,development,scan_then_clear,joint,True,True,-44.03376799999933,-38.0337687994579,0,-3,-3,0,-190.16884399728588,0,-1,-1,7.994585757842287e-07
stage3-round-stress-p4-0033-2a985bf59d65336e,4,stress,stress_design,assumption__radius_mixed__noise_deterministic__scale_75,development,immediate,joint,True,True,2730.524707999999,2687.524705445727,0,-20,63,0,13437.623527228636,0,21,21,2.554272214183584e-06
stage3-round-stress-p4-0033-2a985bf59d65336e,4,stress,stress_design,assumption__radius_mixed__noise_deterministic__scale_75,development,scan_then_clear,joint,True,True,909.5046659999989,981.5046633917773,0,-9,-63,0,4907.523316958883,0,-21,-21,2.6082216209033504e-06
stage3-round-stress-p4-0034-3d9be34ebb01a5c8,4,stress,stress_design,assumption__radius_mixed__noise_correlated__scale_75,development,immediate,joint,True,True,240.29125700000077,225.29125598120027,0,-15,30,0,1126.4562799060004,0,10,10,1.018800503516104e-06
stage3-round-stress-p4-0034-3d9be34ebb01a5c8,4,stress,stress_design,assumption__radius_mixed__noise_correlated__scale_75,development,scan_then_clear,joint,True,True,16.298539999999775,-3.7014595155833376,0,-4,24,0,-18.507297577918507,0,8,8,-4.844168870477006e-07
stage3-round-stress-p4-0035-a8e5cb4b7e0c3acf,4,stress,stress_design,assumption__radius_mixed__noise_extreme__scale_75,development,immediate,joint,True,True,2159.517484,2137.517483252179,0,-17,39,0,10687.587416260896,0,13,13,7.47821104596369e-07
stage3-round-stress-p4-0035-a8e5cb4b7e0c3acf,4,stress,stress_design,assumption__radius_mixed__noise_extreme__scale_75,development,scan_then_clear,joint,True,True,767.8131159999994,753.8131159377062,0,-4,18,0,3769.065579688533,0,6,6,6.22931111138314e-08
stage3-round-stress-p4-0036-c66db38a967a63cf,4,stress,stress_design,assumption__radius_min__noise_deterministic__scale_150,development,immediate,joint,True,True,2787.522576000001,2776.522568762093,0,-25,36,0,13882.612843810464,0,12,12,7.237907993840054e-06
stage3-round-stress-p4-0036-c66db38a967a63cf,4,stress,stress_design,assumption__radius_min__noise_deterministic__scale_150,development,scan_then_clear,joint,True,True,987.6412820000005,984.6412778142258,0,-12,15,0,4923.206389071129,0,5,5,4.185774741927162e-06
stage3-round-stress-p4-0037-7d5c7a1db5c596ce,4,stress,stress_design,assumption__radius_min__noise_correlated__scale_150,development,immediate,joint,True,True,1429.3885769999997,1432.3885765850573,0,-18,15,0,7161.9428829252865,0,5,5,4.1494240576867014e-07
stage3-round-stress-p4-0037-7d5c7a1db5c596ce,4,stress,stress_design,assumption__radius_min__noise_correlated__scale_150,development,scan_then_clear,joint,True,True,415.7862269999987,482.7862271027825,0,-7,-60,0,2413.9311355139143,0,-20,-20,-1.0278381523676217e-07
stage3-round-stress-p4-0038-4589d5d9139f62a6,4,stress,stress_design,assumption__radius_min__noise_extreme__scale_150,development,immediate,joint,True,True,1401.498520000001,1228.4985148218366,0,-19,192,0,6142.4925741091865,0,64,64,5.178164428798482e-06
stage3-round-stress-p4-0038-4589d5d9139f62a6,4,stress,stress_design,assumption__radius_min__noise_extreme__scale_150,development,scan_then_clear,joint,True,True,-71.77438799999982,-27.7743889074045,0,-5,-39,0,-138.87194453701522,0,-13,-13,9.07404682948254e-07
